schema_version,sample_id,source_relpath,camera_angle,captured_at_local,capture_date,session_id,sequence_no,split,label,defect_type,width,height,channels,source_sha256,quality_flags,notes
1.0,G04-260201-115803-681,G04-260201-115803-681.bmp,G04,2026-02-01T11:58:03,2026-02-01,G04_2026-02-01,681,train,normal,,1025,1281,1,62b2486a967b003148f931776b2b61a25fe8df1c325e370f74807fb035cc1379,,
1.0,G04-260201-115814-682,G04-260201-115814-682.bmp,G04,2026-02-01T11:58:14,2026-02-01,G04_2026-02-01,682,train,normal,,1025,1281,1,221371fdb40ba17f23b074a7992926192d84c3bba1ffd2a549cc1e2e7e8baf72,,
1.0,G04-260201-115821-683,G04-260201-115821-683.bmp,G04,2026-02-01T11:58:21,2026-02-01,G04_2026-02-01,683,train,normal,,1025,1281,1,f889ea4530598a3f76a2c2211cbd0db5be8aa585c8be1d7cbcc4276d47ece7e2,,
1.0,G04-260201-115827-684,G04-260201-115827-684.bmp,G04,2026-02-01T11:58:27,2026-02-01,G04_2026-02-01,684,train,normal,,1025,1281,1,16011403a9ff07a078df49092879adb00fdd5e24b733ad7cdaabfcd7d0775c26,,
1.0,G04-260201-115848-685,G04-260201-115848-685.bmp,G04,2026-02-01T11:58:48,2026-02-01,G04_2026-02-01,685,train,normal,,1025,1281,1,471866400767142ae0f37b9d1b1b03b50a99305dd3a27f4a61b87a89a5f07dca,,
1.0,G04-260201-115919-686,G04-260201-115919-686.bmp,G04,2026-02-01T11:59:19,2026-02-01,G04_2026-02-01,686,train,normal,,1025,1281,1,a633a1cf62438eb8d0bedf761e4c028644799547342c28a3288fd5f431bf453d,,
1.0,G04-260201-115925-687,G04-260201-115925-687.bmp,G04,2026-02-01T11:59:25,2026-02-01,G04_2026-02-01,687,train,normal,,1025,1281,1,07cb3f7329f5f5dfc5d90739a8f3adc6269f338731dcec6a2137e7400edadcb0,,
1.0,G04-260201-115949-688,G04-260201-115949-688.bmp,G04,2026-02-01T11:59:49,2026-02-01,G04_2026-02-01,688,train,normal,,1025,1281,1,aa924f4b3331d348d1eef71d1fd36f6c5169a165944998f4345d134f5e4cf616,,
1.0,G04-260201-115955-689,G04-260201-115955-689.bmp,G04,2026-02-01T11:59:55,2026-02-01,G04_2026-02-01,689,train,normal,,1025,1281,1,128260ec200cbb9502f4f4969b8c2ac03292c6596a0ff7a6fe510e886d5351d6,,
1.0,G04-260201-120020-690,G04-260201-120020-690.bmp,G04,2026-02-01T12:00:20,2026-02-01,G04_2026-02-01,690,train,normal,,1025,1281,1,8e4e5b7ee733a526388c48a217d48f68dc17bd69ca5b015380505ab40537b5f7,,
1.0,G04-260201-120027-691,G04-260201-120027-691.bmp,G04,2026-02-01T12:00:27,2026-02-01,G04_2026-02-01,691,train,normal,,1025,1281,1,9cebab48bf1582d65e3c2c905902b6c2259d51bec8705388eec606ca814c2e40,,
1.0,G04-260201-120053-692,G04-260201-120053-692.bmp,G04,2026-02-01T12:00:53,2026-02-01,G04_2026-02-01,692,train,normal,,1025,1281,1,2135c62984f796a0726186eb536dfad1dbaf363976690bf0277bb64e548b48aa,,
1.0,G04-260201-120059-693,G04-260201-120059-693.bmp,G04,2026-02-01T12:00:59,2026-02-01,G04_2026-02-01,693,train,normal,,1025,1281,1,66bed5a81ad9b0eb774f0108b4c5a15dc3788f9378ae6711a2ab70c038136081,,
1.0,G04-260201-120121-694,G04-260201-120121-694.bmp,G04,2026-02-01T12:01:21,2026-02-01,G04_2026-02-01,694,train,normal,,1025,1281,1,1c09634fbd7c80e8d0348d00265282c4ad9648f8191c9b25d3a3fba5d96edf6a,,
1.0,G04-260201-120127-695,G04-260201-120127-695.bmp,G04,2026-02-01T12:01:27,2026-02-01,G04_2026-02-01,695,train,normal,,1025,1281,1,62ca400db9a5b8f58745196c88f57ba23af7e579355e737f559f6583beb7b342,,
1.0,G04-260201-120152-696,G04-260201-120152-696.bmp,G04,2026-02-01T12:01:52,2026-02-01,G04_2026-02-01,696,train,normal,,1025,1281,1,7c4e70eb0181899be4d12b07b0b7018834bbd950e7936c932d8bb5c21c50de03,,
1.0,G04-260201-120158-697,G04-260201-120158-697.bmp,G04,2026-02-01T12:01:58,2026-02-01,G04_2026-02-01,697,train,normal,,1025,1281,1,7c05c6de96f56f88369d347a5176bc546a2f5c67f099a052a5dc0b416fe79684,,
1.0,G04-260201-120220-698,G04-260201-120220-698.bmp,G04,2026-02-01T12:02:20,2026-02-01,G04_2026-02-01,698,train,normal,,1025,1281,1,40b86c8fdd1df4e8289ce7772b5375371dd8b6bc85594a6874220c372b430c8e,,
1.0,G04-260201-120226-699,G04-260201-120226-699.bmp,G04,2026-02-01T12:02:26,2026-02-01,G04_2026-02-01,699,train,normal,,1025,1281,1,53f2b892b0c92f1dd2856a3b836921b1920fd19d9e6c37ae165735ebe09ad2ca,,
1.0,G04-260201-120252-700,G04-260201-120252-700.bmp,G04,2026-02-01T12:02:52,2026-02-01,G04_2026-02-01,700,train,normal,,1025,1281,1,8b483c5594badd7f7a7f0c863b1d887849da91c0f5934148a5be5e40b25e506e,,
1.0,G04-260201-120258-701,G04-260201-120258-701.bmp,G04,2026-02-01T12:02:58,2026-02-01,G04_2026-02-01,701,train,normal,,1025,1281,1,1286609808555a80891e3a33da328d6332724825f0ee51738f414af9a89e8e2f,,
1.0,G04-260201-120321-702,G04-260201-120321-702.bmp,G04,2026-02-01T12:03:21,2026-02-01,G04_2026-02-01,702,train,normal,,1025,1281,1,9375a0426ea03486526d42d7f33b23642d6c9eee5b50b4629cf666a57374f087,,
1.0,G04-260201-120327-703,G04-260201-120327-703.bmp,G04,2026-02-01T12:03:27,2026-02-01,G04_2026-02-01,703,train,normal,,1025,1281,1,a76987bf580dbce73fc06d6ccaa19738c7eb92ea913269b80ed18c0c77cccc48,,
1.0,G04-260201-120351-704,G04-260201-120351-704.bmp,G04,2026-02-01T12:03:51,2026-02-01,G04_2026-02-01,704,train,normal,,1025,1281,1,f1f3b41d1a55c014210de341972e8379c67e7294f56f04e4a99c909d9ae8ad46,,
1.0,G04-260201-120357-705,G04-260201-120357-705.bmp,G04,2026-02-01T12:03:57,2026-02-01,G04_2026-02-01,705,train,normal,,1025,1281,1,2bca80d72f0bc79e8b734dffb7be1f703906986f5de9a656df3e42906b33d945,,
1.0,G04-260201-120422-706,G04-260201-120422-706.bmp,G04,2026-02-01T12:04:22,2026-02-01,G04_2026-02-01,706,train,normal,,1025,1281,1,f5d6719679b70f220425f4d0e8ce69a737251a6202ba40cbb5dfb9dd868d5a4f,,
1.0,G04-260201-120428-707,G04-260201-120428-707.bmp,G04,2026-02-01T12:04:28,2026-02-01,G04_2026-02-01,707,train,normal,,1025,1281,1,009ea718eeffa20482f4cb9a14552a919ed355cbb6fc9ac901d231ebbab39239,,
1.0,G04-260201-120452-708,G04-260201-120452-708.bmp,G04,2026-02-01T12:04:52,2026-02-01,G04_2026-02-01,708,train,normal,,1025,1281,1,6768a89fe51882532e8235f323ce0869823046ea0b249354e4d528c443072874,,
1.0,G04-260201-120458-709,G04-260201-120458-709.bmp,G04,2026-02-01T12:04:58,2026-02-01,G04_2026-02-01,709,train,normal,,1025,1281,1,63cf25541c8aa2f3e4c43f3261ff3c8b840ffc8b3ec298ccb9028220f2777f61,,
1.0,G04-260201-120522-710,G04-260201-120522-710.bmp,G04,2026-02-01T12:05:22,2026-02-01,G04_2026-02-01,710,train,normal,,1025,1281,1,0159b74d485b2b04abc2b0225dd13b197845e088c176ead0374e78bf4a88b2a8,,
1.0,G04-260201-120528-711,G04-260201-120528-711.bmp,G04,2026-02-01T12:05:28,2026-02-01,G04_2026-02-01,711,train,normal,,1025,1281,1,32edeb649664dfbe009574c1bef516ddbec490fa232e7a4de5a57652363a4dc0,,
1.0,G04-260201-120551-712,G04-260201-120551-712.bmp,G04,2026-02-01T12:05:51,2026-02-01,G04_2026-02-01,712,train,normal,,1025,1281,1,fc0864579d10c2632cc5008f68ea1d61b95b7fb9bf920676e6429d8428de17a2,,
1.0,G04-260201-120558-713,G04-260201-120558-713.bmp,G04,2026-02-01T12:05:58,2026-02-01,G04_2026-02-01,713,train,normal,,1025,1281,1,6368061ca41ef8db7762938424da6b7c522a17b4d0f537d5cc659413643f7a7b,,
1.0,G04-260201-120623-714,G04-260201-120623-714.bmp,G04,2026-02-01T12:06:23,2026-02-01,G04_2026-02-01,714,train,normal,,1025,1281,1,d6f8bdd97a793077e7113e5281ea58e7fab1a991bbd4a65a587d7ac218df94aa,,
1.0,G04-260201-120629-715,G04-260201-120629-715.bmp,G04,2026-02-01T12:06:29,2026-02-01,G04_2026-02-01,715,train,normal,,1025,1281,1,418cf5e2fef9c06c49c08e82c5538b514270435a4f61f7020539ada1571d1325,,
1.0,G04-260201-120652-716,G04-260201-120652-716.bmp,G04,2026-02-01T12:06:52,2026-02-01,G04_2026-02-01,716,train,normal,,1025,1281,1,0842986c26507206de56c30573648316cb480451a4ed8e6596d9dc3d8341f15f,,
1.0,G04-260201-120659-717,G04-260201-120659-717.bmp,G04,2026-02-01T12:06:59,2026-02-01,G04_2026-02-01,717,train,normal,,1025,1281,1,7f3cd4334c5f6325277415151ef4b7de7d240dcfedb8593eabe449fb3d7ac0d9,,
1.0,G04-260201-120723-718,G04-260201-120723-718.bmp,G04,2026-02-01T12:07:23,2026-02-01,G04_2026-02-01,718,train,normal,,1025,1281,1,8273309badd6814f7c98a6fb60c723ead7816ab370d01dc3d19707a4e3990a19,,
1.0,G04-260201-120729-719,G04-260201-120729-719.bmp,G04,2026-02-01T12:07:29,2026-02-01,G04_2026-02-01,719,train,normal,,1025,1281,1,05041809286fff213c076b31378fc5a5ba3a4cd603cc3884be5526d903baa481,,
1.0,G04-260201-120752-720,G04-260201-120752-720.bmp,G04,2026-02-01T12:07:52,2026-02-01,G04_2026-02-01,720,train,normal,,1025,1281,1,f5205696aaba70c54ce401de97c1be314ecaa9bd5db1a1e403f6b5cd9d31aef2,,
1.0,G04-260201-120759-721,G04-260201-120759-721.bmp,G04,2026-02-01T12:07:59,2026-02-01,G04_2026-02-01,721,train,normal,,1025,1281,1,15395da9564f63bc0bd76325238f440a94833d6bea49b71199c17286aa33b9ff,,
1.0,G04-260201-120823-722,G04-260201-120823-722.bmp,G04,2026-02-01T12:08:23,2026-02-01,G04_2026-02-01,722,train,normal,,1025,1281,1,2b158e09419730ce4de902ae85b0588eadbd76a039d6808359540bfdc67d05fa,,
1.0,G04-260201-120829-723,G04-260201-120829-723.bmp,G04,2026-02-01T12:08:29,2026-02-01,G04_2026-02-01,723,train,normal,,1025,1281,1,24c16435fc7e15ed6f5d616611504f2153726688a29092e112ca3b8f73d533ad,,
1.0,G04-260201-120852-724,G04-260201-120852-724.bmp,G04,2026-02-01T12:08:52,2026-02-01,G04_2026-02-01,724,train,normal,,1025,1281,1,6fcd11832796a9cd4c6564504fcf6cac87ada4731cf305460f12820b6cdae6db,,
1.0,G04-260201-120859-725,G04-260201-120859-725.bmp,G04,2026-02-01T12:08:59,2026-02-01,G04_2026-02-01,725,train,normal,,1025,1281,1,29fd7079b260be3cf935ffe8c50e8e089cfc2696bef698bcde8b1f7cb48aaef5,,
1.0,G04-260201-120922-726,G04-260201-120922-726.bmp,G04,2026-02-01T12:09:22,2026-02-01,G04_2026-02-01,726,train,normal,,1025,1281,1,3bb426375b613c97ae9dc36ec39d6d664f693e16e5f275023cdf102664ef5c04,,
1.0,G04-260201-120930-727,G04-260201-120930-727.bmp,G04,2026-02-01T12:09:30,2026-02-01,G04_2026-02-01,727,train,normal,,1025,1281,1,07e2ea7f6e3bfc284905175701d6eed9cb6ddf5d2bbc7edf33b8c84b2afcc357,,
1.0,G04-260201-120954-728,G04-260201-120954-728.bmp,G04,2026-02-01T12:09:54,2026-02-01,G04_2026-02-01,728,train,normal,,1025,1281,1,28f6ea65bf51775d7bdbb2783bdbb29a4c51fde96faf8e6438dc61563a3f6794,,
1.0,G04-260201-121000-729,G04-260201-121000-729.bmp,G04,2026-02-01T12:10:00,2026-02-01,G04_2026-02-01,729,train,normal,,1025,1281,1,681efa5858be11849906c8e57fb21de0930efbc2d9bd6a758c15e159b155e9f4,,
1.0,G04-260201-121023-730,G04-260201-121023-730.bmp,G04,2026-02-01T12:10:23,2026-02-01,G04_2026-02-01,730,train,normal,,1025,1281,1,152a0148be4280e67c26e85f053597d0a43b6ff080e657bb9e7835ca5b6e71e8,,
1.0,G04-260201-121029-731,G04-260201-121029-731.bmp,G04,2026-02-01T12:10:29,2026-02-01,G04_2026-02-01,731,train,normal,,1025,1281,1,283cce98d56b7c23f594417b2d494d92f7db852d3ed0dfbb9bebf9c66fa211b7,,
1.0,G04-260201-121053-732,G04-260201-121053-732.bmp,G04,2026-02-01T12:10:53,2026-02-01,G04_2026-02-01,732,train,normal,,1025,1281,1,d73cf3d5c2a1932e1cb1673e274b8f08771ceda21c5ef284d91556b4b37db947,,
1.0,G04-260201-121059-733,G04-260201-121059-733.bmp,G04,2026-02-01T12:10:59,2026-02-01,G04_2026-02-01,733,train,normal,,1025,1281,1,3a2bfab51fab375b4fbc2e8440d9dbb9b8132a95a023bc7a1aab751b4b3fd6b0,,
1.0,G04-260201-121122-734,G04-260201-121122-734.bmp,G04,2026-02-01T12:11:22,2026-02-01,G04_2026-02-01,734,train,normal,,1025,1281,1,f3cd8f491704bd38b36e5ece55dad7ea51bf2370aa9d4ccc1ee8ca09ac63749b,,
1.0,G04-260201-121129-735,G04-260201-121129-735.bmp,G04,2026-02-01T12:11:29,2026-02-01,G04_2026-02-01,735,train,normal,,1025,1281,1,a4263f78d663ae426c425a0dd39a31e02160773fa6415c7e8765521b706d5629,,
1.0,G04-260201-121153-736,G04-260201-121153-736.bmp,G04,2026-02-01T12:11:53,2026-02-01,G04_2026-02-01,736,train,normal,,1025,1281,1,c517182340e730cf81f1b725525a1e906424c533b23269c23da1a60d1eb2d3d5,,
1.0,G04-260201-121200-737,G04-260201-121200-737.bmp,G04,2026-02-01T12:12:00,2026-02-01,G04_2026-02-01,737,train,normal,,1025,1281,1,44a089c0f624d3fcd5cd8195a6983fba5287a094ade7ca3b582c0d670c36ffe7,,
1.0,G04-260201-121225-738,G04-260201-121225-738.bmp,G04,2026-02-01T12:12:25,2026-02-01,G04_2026-02-01,738,train,normal,,1025,1281,1,7cf4981de5eff795a654c308bebbb8d1ba76d0e00bbe40c7c37742d76035f29a,,
1.0,G04-260201-121231-739,G04-260201-121231-739.bmp,G04,2026-02-01T12:12:31,2026-02-01,G04_2026-02-01,739,train,normal,,1025,1281,1,8603e99ba4017bd5f53594661f2265eb2061bc3c3762af948d5c6b52a4c149ed,,
1.0,G04-260201-121255-740,G04-260201-121255-740.bmp,G04,2026-02-01T12:12:55,2026-02-01,G04_2026-02-01,740,train,normal,,1025,1281,1,92883e7a8fbb89875bbb8d1ae8ebaf8e87c7fe321d4cd0a45da75e8c6ff1ba5d,,
1.0,G04-260201-121301-741,G04-260201-121301-741.bmp,G04,2026-02-01T12:13:01,2026-02-01,G04_2026-02-01,741,train,normal,,1025,1281,1,76a01f1ad7ce73be1ee7342863f41255e3d19cdeb2bf1e0b2df327efe7fb0f2d,,
1.0,G04-260201-121324-742,G04-260201-121324-742.bmp,G04,2026-02-01T12:13:24,2026-02-01,G04_2026-02-01,742,train,normal,,1025,1281,1,18e4bbf03dbcd0dfafcff47c91410d173a9d27eee05cd1afbc733a16c34436ea,,
1.0,G04-260201-121330-743,G04-260201-121330-743.bmp,G04,2026-02-01T12:13:30,2026-02-01,G04_2026-02-01,743,train,normal,,1025,1281,1,c71ea4acd05927c78e0778c3a6c2c77f1abca510a8d9f94dbf1022a9185ddfd4,,
1.0,G04-260201-121354-744,G04-260201-121354-744.bmp,G04,2026-02-01T12:13:54,2026-02-01,G04_2026-02-01,744,train,normal,,1025,1281,1,9f2d26c8c99077f8f9bf60f7c4d2489e039b43c6cb0e7bc391d71daf024e06f8,,
1.0,G04-260201-121400-745,G04-260201-121400-745.bmp,G04,2026-02-01T12:14:00,2026-02-01,G04_2026-02-01,745,train,normal,,1025,1281,1,c5662d5e2e3dde9d8891c0459305b9e399c29cddc5240f857c37f6f1fa100ba1,,
1.0,G04-260201-121425-746,G04-260201-121425-746.bmp,G04,2026-02-01T12:14:25,2026-02-01,G04_2026-02-01,746,train,normal,,1025,1281,1,3303a628755426c2c10e676e0e157569010c5d2a90f0d6d7af5823cedb25b020,,
1.0,G04-260201-121431-747,G04-260201-121431-747.bmp,G04,2026-02-01T12:14:31,2026-02-01,G04_2026-02-01,747,train,normal,,1025,1281,1,d02bfabd48931ea348005673ca4028be514376a00b5e4d31ca900f8dc9b5646d,,
1.0,G04-260201-121454-748,G04-260201-121454-748.bmp,G04,2026-02-01T12:14:54,2026-02-01,G04_2026-02-01,748,train,normal,,1025,1281,1,e1637007e62da66385afbbb63c8578e3a1b59ec169737629bf74abd3b6496ee5,,
1.0,G04-260201-121501-749,G04-260201-121501-749.bmp,G04,2026-02-01T12:15:01,2026-02-01,G04_2026-02-01,749,train,normal,,1025,1281,1,68810e8673549696652250d1b10893af581e0bfb1e92930bc0a6c4a8db5ffc0a,,
1.0,G04-260201-121524-750,G04-260201-121524-750.bmp,G04,2026-02-01T12:15:24,2026-02-01,G04_2026-02-01,750,train,normal,,1025,1281,1,3d6aff63512b5234becdf74db1f6f9e80c8714ba50b9159842cf824c50e478d5,,
1.0,G04-260201-121531-751,G04-260201-121531-751.bmp,G04,2026-02-01T12:15:31,2026-02-01,G04_2026-02-01,751,train,normal,,1025,1281,1,78cf41a0334ae58f364a0612b2cb965a973e8ece182007aa860885fbc03a06f6,,
1.0,G04-260201-121556-752,G04-260201-121556-752.bmp,G04,2026-02-01T12:15:56,2026-02-01,G04_2026-02-01,752,train,normal,,1025,1281,1,55478f60d0c2654f5504013e2c1e7e1bd960944a863e12ba2e03c74a91e5398c,,
1.0,G04-260201-121602-753,G04-260201-121602-753.bmp,G04,2026-02-01T12:16:02,2026-02-01,G04_2026-02-01,753,train,normal,,1025,1281,1,7f76f561059e1b169fb1e7adc23cb30b0bffa3e235efb40a90fd8696b9f80ca6,,
1.0,G04-260201-121627-754,G04-260201-121627-754.bmp,G04,2026-02-01T12:16:27,2026-02-01,G04_2026-02-01,754,train,normal,,1025,1281,1,d793bce24186653c6eb637d64bef9176645bca01512ca43d7c8225f5a73c2a37,,
1.0,G04-260201-121633-755,G04-260201-121633-755.bmp,G04,2026-02-01T12:16:33,2026-02-01,G04_2026-02-01,755,train,normal,,1025,1281,1,0701ea9cf357ad11d4c3498abdf9fe0a90e5a3fcb0e7ab6524e6c955e3ddb78a,,
1.0,G04-260201-121655-756,G04-260201-121655-756.bmp,G04,2026-02-01T12:16:55,2026-02-01,G04_2026-02-01,756,train,normal,,1025,1281,1,4cd5e3994c27535c4bc4223992d3960e0993f744eba4399d88b6eaa2efba27c0,,
1.0,G04-260201-121701-757,G04-260201-121701-757.bmp,G04,2026-02-01T12:17:01,2026-02-01,G04_2026-02-01,757,train,normal,,1025,1281,1,11b734240b0eaf4f87c97f339e3d8bf6fbf7a435ccbe19a212c79164ecf4757b,,
1.0,G04-260201-121726-758,G04-260201-121726-758.bmp,G04,2026-02-01T12:17:26,2026-02-01,G04_2026-02-01,758,train,normal,,1025,1281,1,eab7d83c8679afc3dbaec4640c564d9260390b4a850cbe0d82b4b0659e5ef065,,
1.0,G04-260201-121732-759,G04-260201-121732-759.bmp,G04,2026-02-01T12:17:32,2026-02-01,G04_2026-02-01,759,train,normal,,1025,1281,1,580c6bfe6b1274ee36e88f10d0890e1bb4b3d2c850c4b02511f40c469fcc1964,,
1.0,G04-260201-121755-760,G04-260201-121755-760.bmp,G04,2026-02-01T12:17:55,2026-02-01,G04_2026-02-01,760,train,normal,,1025,1281,1,bbfc42dc7e7754bbd7c67362252a8f233396cd989bb1982e1915c5fed7494660,,
1.0,G04-260201-121802-761,G04-260201-121802-761.bmp,G04,2026-02-01T12:18:02,2026-02-01,G04_2026-02-01,761,train,normal,,1025,1281,1,087bb9e868f8fb66cfbc1b86eafd1d4c5f3d1307fd1e818b473a7d071fb9897b,,
1.0,G04-260201-121823-762,G04-260201-121823-762.bmp,G04,2026-02-01T12:18:23,2026-02-01,G04_2026-02-01,762,train,normal,,1025,1281,1,fae430754487d0162bf7ce7dc903cd0b9f4650814ddcad279a03b31367387149,,
1.0,G04-260201-121830-763,G04-260201-121830-763.bmp,G04,2026-02-01T12:18:30,2026-02-01,G04_2026-02-01,763,train,normal,,1025,1281,1,7d726bec264d5255fcaf938ad91d70fd1855540afbee3fe1f06106ad286656df,,
1.0,G04-260201-121857-764,G04-260201-121857-764.bmp,G04,2026-02-01T12:18:57,2026-02-01,G04_2026-02-01,764,train,normal,,1025,1281,1,10ae965d19b52fb6bfbff5f80e64ac3883e42ec29073ecae98f11b8fd6ab91b6,,
1.0,G04-260201-121903-765,G04-260201-121903-765.bmp,G04,2026-02-01T12:19:03,2026-02-01,G04_2026-02-01,765,train,normal,,1025,1281,1,cb1b22e35c03f2ace23956fe1965e9bc369923ec5a4087d14d3de0d0dea0d64b,,
1.0,G04-260201-121926-766,G04-260201-121926-766.bmp,G04,2026-02-01T12:19:26,2026-02-01,G04_2026-02-01,766,train,normal,,1025,1281,1,e864cda2d3114a5a6ada98a9eea353a1e173a73db77473f5cfe691b373200f43,,
1.0,G04-260201-121932-767,G04-260201-121932-767.bmp,G04,2026-02-01T12:19:32,2026-02-01,G04_2026-02-01,767,train,normal,,1025,1281,1,5d517da2ba6f4baae6c66cea8ddbff73e16e3682f96619d660feb72ef438722c,,
1.0,G04-260201-121956-768,G04-260201-121956-768.bmp,G04,2026-02-01T12:19:56,2026-02-01,G04_2026-02-01,768,train,normal,,1025,1281,1,daeca0481a95ba14d4be833781cdef93d02401a7cc77b986465dfe1cc734ec4f,,
1.0,G04-260201-122002-769,G04-260201-122002-769.bmp,G04,2026-02-01T12:20:02,2026-02-01,G04_2026-02-01,769,train,normal,,1025,1281,1,3b19edc998953a20e4bc257a5a3db1d0b3f5df934d00a067d171141df195ed8e,,
1.0,G04-260201-122026-770,G04-260201-122026-770.bmp,G04,2026-02-01T12:20:26,2026-02-01,G04_2026-02-01,770,train,normal,,1025,1281,1,d83c12968d752d007c53b0ab316a9044a50be8d50bec2f80a49ad22f3a225a5d,,
1.0,G04-260201-122033-771,G04-260201-122033-771.bmp,G04,2026-02-01T12:20:33,2026-02-01,G04_2026-02-01,771,train,normal,,1025,1281,1,f018f922091da3f9ebf68acf9a8570f3d909bda525cb1b3b3ac90b40e640bbef,,
1.0,G04-260201-122051-772,G04-260201-122051-772.bmp,G04,2026-02-01T12:20:51,2026-02-01,G04_2026-02-01,772,train,normal,,1025,1281,1,c52046475b58a04a47a05e331af0779a1a2f0cf4877c98a3a13499b160082f83,,
1.0,G04-260201-122131-773,G04-260201-122131-773.bmp,G04,2026-02-01T12:21:31,2026-02-01,G04_2026-02-01,773,train,normal,,1025,1281,1,2502d2756691b7b3c101980db6bf50c8b70f84009f8d06195be84c3b6a811cd4,,
1.0,G04-260201-122137-774,G04-260201-122137-774.bmp,G04,2026-02-01T12:21:37,2026-02-01,G04_2026-02-01,774,train,normal,,1025,1281,1,6d0c8c23cb39175d4ae6a31e4242bbd5691b7b11abfcf2f2ca345a1888eea827,,
1.0,G04-260201-122144-775,G04-260201-122144-775.bmp,G04,2026-02-01T12:21:44,2026-02-01,G04_2026-02-01,775,train,normal,,1025,1281,1,042bd623b0063ecfc8e4fb5a5c13a7fd034fbe7c15d8415380672c099a69a927,,
1.0,G04-260201-122158-776,G04-260201-122158-776.bmp,G04,2026-02-01T12:21:58,2026-02-01,G04_2026-02-01,776,train,normal,,1025,1281,1,b36abcabb870b2f838eed98199e262cd7bc34e3a24f30361ecf57b3224dbe5f5,,
1.0,G04-260201-122204-777,G04-260201-122204-777.bmp,G04,2026-02-01T12:22:04,2026-02-01,G04_2026-02-01,777,train,normal,,1025,1281,1,0260be5c8caff4bb96b219cf5094a1546738c831e36d05ab8976a86248cd77a9,,
1.0,G04-260201-122226-778,G04-260201-122226-778.bmp,G04,2026-02-01T12:22:26,2026-02-01,G04_2026-02-01,778,train,normal,,1025,1281,1,c3c02f10f9667ea8b018ebe059cd2c0a1966b474864044c66e363ae9a7d68645,,
1.0,G04-260201-122233-779,G04-260201-122233-779.bmp,G04,2026-02-01T12:22:33,2026-02-01,G04_2026-02-01,779,train,normal,,1025,1281,1,ffda7732136295f0941fab1bcf022c1faf7066cc90422f274715a95d5c7d6009,,
1.0,G04-260201-122257-780,G04-260201-122257-780.bmp,G04,2026-02-01T12:22:57,2026-02-01,G04_2026-02-01,780,train,normal,,1025,1281,1,d57f30de19df3d7c77f68e2227b27f627ee5c13e374f1c249024b445569e2614,,
1.0,G04-260201-122303-781,G04-260201-122303-781.bmp,G04,2026-02-01T12:23:03,2026-02-01,G04_2026-02-01,781,train,normal,,1025,1281,1,dfc8eb3d372d211a46a171aa93ef260047ae311c607e8c2f795fe559d7e63830,,
1.0,G04-260201-122329-782,G04-260201-122329-782.bmp,G04,2026-02-01T12:23:29,2026-02-01,G04_2026-02-01,782,train,normal,,1025,1281,1,90389c3abb1feb038b9672a333e2626baedc12943f392276ab85d8fefa5b4ead,,
1.0,G04-260201-122336-783,G04-260201-122336-783.bmp,G04,2026-02-01T12:23:36,2026-02-01,G04_2026-02-01,783,train,normal,,1025,1281,1,46dfb0ff5ff0cc0953be8aa260921b86b1d65f4e99f9892902b3c4c0cc82d011,,
1.0,G04-260201-122358-784,G04-260201-122358-784.bmp,G04,2026-02-01T12:23:58,2026-02-01,G04_2026-02-01,784,train,normal,,1025,1281,1,e70e2a9f1d4e607fc6cb4312383381d12e18a5bab3ee73ff2b8d411edab07143,,
1.0,G04-260201-122405-785,G04-260201-122405-785.bmp,G04,2026-02-01T12:24:05,2026-02-01,G04_2026-02-01,785,train,normal,,1025,1281,1,bb3513872b95e91b94704d6faa59c1c946ede05a2fde7811f209ad9501c522a1,,
1.0,G04-260201-122428-786,G04-260201-122428-786.bmp,G04,2026-02-01T12:24:28,2026-02-01,G04_2026-02-01,786,train,normal,,1025,1281,1,92464629ea1015b978e28facd54366dfdc66686a3f34a1e09ec4ca26ae3b70c8,,
1.0,G04-260201-122434-787,G04-260201-122434-787.bmp,G04,2026-02-01T12:24:34,2026-02-01,G04_2026-02-01,787,train,normal,,1025,1281,1,9e2dba2f97a6efede556f40182b4bd2811f46c5d7f7dbcea3375f66fda0ebf00,,
1.0,G04-260201-122459-788,G04-260201-122459-788.bmp,G04,2026-02-01T12:24:59,2026-02-01,G04_2026-02-01,788,train,normal,,1025,1281,1,a5713e53768ceaccd62b4d9a40694d9bff693141c2b4723a851852d49175c49c,,
1.0,G04-260201-122505-789,G04-260201-122505-789.bmp,G04,2026-02-01T12:25:05,2026-02-01,G04_2026-02-01,789,train,normal,,1025,1281,1,dd97a93deeb21da1037630d24b0b67161dd62e0452e6a5255b073b24149b35c4,,
1.0,G04-260201-122535-790,G04-260201-122535-790.bmp,G04,2026-02-01T12:25:35,2026-02-01,G04_2026-02-01,790,train,normal,,1025,1281,1,3dde70a07fccb3866a01f4b1276319ebe0267c877b70f281ba396e19536a6029,,
1.0,G04-260201-122541-791,G04-260201-122541-791.bmp,G04,2026-02-01T12:25:41,2026-02-01,G04_2026-02-01,791,train,normal,,1025,1281,1,e0dece6acb7ca40b15a0536e34cb85c6086af98e3070c483ae29c2ea1b62fa8c,,
1.0,G04-260201-122547-792,G04-260201-122547-792.bmp,G04,2026-02-01T12:25:47,2026-02-01,G04_2026-02-01,792,train,normal,,1025,1281,1,1307fb9745d38bdd639d620ff0473a0b4b19d879df4718ce9a8bc93e21fb3a79,,
1.0,G04-260201-122558-793,G04-260201-122558-793.bmp,G04,2026-02-01T12:25:58,2026-02-01,G04_2026-02-01,793,train,normal,,1025,1281,1,c5279660a8b7338a0c9683e6c771cafbc47a7d04478a20d533bad3b6679b3b0c,,
1.0,G04-260201-122628-794,G04-260201-122628-794.bmp,G04,2026-02-01T12:26:28,2026-02-01,G04_2026-02-01,794,train,normal,,1025,1281,1,9945d1f6be1317e64f4c96dacd2c423f23b6f02f344a191b2d66fd649ef2ec24,,
1.0,G04-260201-122634-795,G04-260201-122634-795.bmp,G04,2026-02-01T12:26:34,2026-02-01,G04_2026-02-01,795,train,normal,,1025,1281,1,1eced6f585f9a4a3344686f3fdd1b9ed617bca806ffb7830ce83384cced587ea,,
1.0,G04-260201-122658-796,G04-260201-122658-796.bmp,G04,2026-02-01T12:26:58,2026-02-01,G04_2026-02-01,796,train,normal,,1025,1281,1,cb5f40d8303a45fee610bfc58d98fde027efd67394c8e816980b277b6c718cff,,
1.0,G04-260201-122705-797,G04-260201-122705-797.bmp,G04,2026-02-01T12:27:05,2026-02-01,G04_2026-02-01,797,train,normal,,1025,1281,1,f3583b9e9dd4db204c2df0fa49a5a4edee6ef60621b4f5cc98a68d20b251e068,,
1.0,G04-260201-122728-798,G04-260201-122728-798.bmp,G04,2026-02-01T12:27:28,2026-02-01,G04_2026-02-01,798,train,normal,,1025,1281,1,c37dbab41cde480174b6d0768495cd85442891e9ba72b462a3364ec4161e8dda,,
1.0,G04-260201-122735-799,G04-260201-122735-799.bmp,G04,2026-02-01T12:27:35,2026-02-01,G04_2026-02-01,799,train,normal,,1025,1281,1,5ba1b067c7f6e11078203e51339f5b02515a2628d438e00ab1e14b0317dba151,,
1.0,G04-260201-122759-800,G04-260201-122759-800.bmp,G04,2026-02-01T12:27:59,2026-02-01,G04_2026-02-01,800,train,normal,,1025,1281,1,7c8c7e02553e9f234966102e5e18c97d321e724c6b25a3f954f8cd427b1376f1,,
1.0,G04-260201-122805-801,G04-260201-122805-801.bmp,G04,2026-02-01T12:28:05,2026-02-01,G04_2026-02-01,801,train,normal,,1025,1281,1,4ef177ac13e3dfd348025a187d746b4b3b2cc4d7294d705dba4259454eb85c94,,
1.0,G04-260201-122831-802,G04-260201-122831-802.bmp,G04,2026-02-01T12:28:31,2026-02-01,G04_2026-02-01,802,train,normal,,1025,1281,1,7d917828f651cd4b2416fa1f554626b92cb32bfcc14e00b074a9c7a75b61ca0b,,
1.0,G04-260201-122837-803,G04-260201-122837-803.bmp,G04,2026-02-01T12:28:37,2026-02-01,G04_2026-02-01,803,train,normal,,1025,1281,1,c2f09221d7318cfad804464461ac5ce28a2b6cb8d84adaca389c67dfc51f1841,,
1.0,G04-260201-122900-804,G04-260201-122900-804.bmp,G04,2026-02-01T12:29:00,2026-02-01,G04_2026-02-01,804,train,normal,,1025,1281,1,ae20803aa66dfbac4009b7dbbcb8873dadb013dc5342c41e47a768aa16fb9ed6,,
1.0,G04-260201-122906-805,G04-260201-122906-805.bmp,G04,2026-02-01T12:29:06,2026-02-01,G04_2026-02-01,805,train,normal,,1025,1281,1,52ecb5ec401ec71d01fe68423c7c7b6000da8080ed0bbd7a8495d7e965352738,,
1.0,G04-260201-122929-806,G04-260201-122929-806.bmp,G04,2026-02-01T12:29:29,2026-02-01,G04_2026-02-01,806,train,normal,,1025,1281,1,df6ea88d2107922909377c0d12d8a0652fbb2ace976f52c7de415aae96be22ae,,
1.0,G04-260201-122936-807,G04-260201-122936-807.bmp,G04,2026-02-01T12:29:36,2026-02-01,G04_2026-02-01,807,train,normal,,1025,1281,1,705d66b23fa138db9296e4a50b6b82aa2933f8021236419e13959cd6fecfb479,,
1.0,G04-260201-123000-808,G04-260201-123000-808.bmp,G04,2026-02-01T12:30:00,2026-02-01,G04_2026-02-01,808,train,normal,,1025,1281,1,475daf0446005ecd28fce756e723310a7f10b0493e62d452250170814bdf51a8,,
1.0,G04-260201-123007-809,G04-260201-123007-809.bmp,G04,2026-02-01T12:30:07,2026-02-01,G04_2026-02-01,809,train,normal,,1025,1281,1,018eb1d6fba01c4cec3db49f9d6a27617f10b64c611e6d4ee881858f430ddfb1,,
1.0,G04-260201-123026-810,G04-260201-123026-810.bmp,G04,2026-02-01T12:30:26,2026-02-01,G04_2026-02-01,810,train,normal,,1025,1281,1,02d23f120c241eee2e14cf4d036e41861b1c0be4db569716c7e6aff04f0272a7,,
1.0,G04-260201-123057-811,G04-260201-123057-811.bmp,G04,2026-02-01T12:30:57,2026-02-01,G04_2026-02-01,811,train,normal,,1025,1281,1,6f94171c61d56dd0fbdce3edaa796f3aa9494810a39777c43ff4b614a80f73f7,,
1.0,G04-260201-123104-812,G04-260201-123104-812.bmp,G04,2026-02-01T12:31:04,2026-02-01,G04_2026-02-01,812,train,normal,,1025,1281,1,adf5f73a31a1e5ef1d6c25b9cba84c36f2e9b33510eec6f329c80b3c1cd6e496,,
1.0,G04-260201-123110-813,G04-260201-123110-813.bmp,G04,2026-02-01T12:31:10,2026-02-01,G04_2026-02-01,813,train,normal,,1025,1281,1,9829fb3f90cf94ba8bbe9fcd7d1d340b183e19d77004d5da60891a24eaada476,,
1.0,G04-260201-123129-814,G04-260201-123129-814.bmp,G04,2026-02-01T12:31:29,2026-02-01,G04_2026-02-01,814,train,normal,,1025,1281,1,e0efc28ca6d21e3d136d00ac7324bd2cbf1f23ec07bb9ce3e7f8e1c87c40dcef,,
1.0,G04-260201-123136-815,G04-260201-123136-815.bmp,G04,2026-02-01T12:31:36,2026-02-01,G04_2026-02-01,815,train,normal,,1025,1281,1,97237b74b84d5311d3093196a27005ee052483157a700bb24e08e8f65ec39ae4,,
1.0,G04-260201-123200-816,G04-260201-123200-816.bmp,G04,2026-02-01T12:32:00,2026-02-01,G04_2026-02-01,816,train,normal,,1025,1281,1,9138f9bc66ec3f64eb4b5421e7da8e91ffc81ef144aad8a00ed4fef280a53962,,
1.0,G04-260201-123206-817,G04-260201-123206-817.bmp,G04,2026-02-01T12:32:06,2026-02-01,G04_2026-02-01,817,train,normal,,1025,1281,1,5b073e6815be097a427658f7a6b60dbc71a8ab10b5a65f1a3da22db76490ec09,,
1.0,G04-260201-123229-818,G04-260201-123229-818.bmp,G04,2026-02-01T12:32:29,2026-02-01,G04_2026-02-01,818,train,normal,,1025,1281,1,88519d8b718cbc993628ba111bdfebf4adf412aab0087e9264bdf15def7f137d,,
1.0,G04-260201-123235-819,G04-260201-123235-819.bmp,G04,2026-02-01T12:32:35,2026-02-01,G04_2026-02-01,819,train,normal,,1025,1281,1,e79ecf71f51f67c871e5d159c6499ae5ea6b70a0c9a9c4d6451c91f1b572ae3a,,
1.0,G04-260201-123258-820,G04-260201-123258-820.bmp,G04,2026-02-01T12:32:58,2026-02-01,G04_2026-02-01,820,train,normal,,1025,1281,1,4b7d6d5403eea62ae12443ba6a0224517b983d8f4ae15c2d1b646e4631e17f26,,
1.0,G04-260201-123305-821,G04-260201-123305-821.bmp,G04,2026-02-01T12:33:05,2026-02-01,G04_2026-02-01,821,train,normal,,1025,1281,1,094a28e2d92239f69cfb5938d207ac70f9ce552d6fe99003a78cc7ea439878e6,,
1.0,G04-260201-123330-822,G04-260201-123330-822.bmp,G04,2026-02-01T12:33:30,2026-02-01,G04_2026-02-01,822,train,normal,,1025,1281,1,efef9619c7043d0b258cffd6c0f887706c985b247a4014e697e46f6484ab79a5,,
1.0,G04-260201-123338-823,G04-260201-123338-823.bmp,G04,2026-02-01T12:33:38,2026-02-01,G04_2026-02-01,823,train,normal,,1025,1281,1,376ace177265a5248edf9f77eb78f6ffa6b5e798ae0af37c198235da01eb571a,,
1.0,G04-260201-123358-824,G04-260201-123358-824.bmp,G04,2026-02-01T12:33:58,2026-02-01,G04_2026-02-01,824,train,normal,,1025,1281,1,bed54aca95f08a8ff9dc7662aee70eb8177d5ec3f8d1e2839119ed9d1dc2f110,,
1.0,G04-260201-123412-825,G04-260201-123412-825.bmp,G04,2026-02-01T12:34:12,2026-02-01,G04_2026-02-01,825,train,normal,,1025,1281,1,9f59b458ba4cc9042500fd3dc791ed9fd5649d0d84d3e272d813864d29193677,,
1.0,G04-260201-123434-826,G04-260201-123434-826.bmp,G04,2026-02-01T12:34:34,2026-02-01,G04_2026-02-01,826,train,normal,,1025,1281,1,7b13f37d1af94c8b14983a08f37052d5f7c61ebedf65d14828c48790b7788929,,
1.0,G04-260201-123441-827,G04-260201-123441-827.bmp,G04,2026-02-01T12:34:41,2026-02-01,G04_2026-02-01,827,train,normal,,1025,1281,1,6b1c11a1e54a06c4e8fa6afdfc38c7de8b217440bf81cd939cf942614729ba60,,
1.0,G04-260201-123503-828,G04-260201-123503-828.bmp,G04,2026-02-01T12:35:03,2026-02-01,G04_2026-02-01,828,train,normal,,1025,1281,1,cd2cc9d93dbff9ab689bfd334587c47760cfd4dabf52fd34a911010c9c980bc6,,
1.0,G04-260201-123509-829,G04-260201-123509-829.bmp,G04,2026-02-01T12:35:09,2026-02-01,G04_2026-02-01,829,train,normal,,1025,1281,1,09dc00548e077140306d6fff4a68ba7fbe7f488eb81d0312d2232be19a07b3a8,,
1.0,G04-260201-123532-830,G04-260201-123532-830.bmp,G04,2026-02-01T12:35:32,2026-02-01,G04_2026-02-01,830,train,normal,,1025,1281,1,23cc6791dfd006c0d6182eb494fcb4b56d361609e6524c66212359148f257a08,,
1.0,G04-260201-123538-831,G04-260201-123538-831.bmp,G04,2026-02-01T12:35:38,2026-02-01,G04_2026-02-01,831,train,normal,,1025,1281,1,61f88892ccf997b7378aa68350a52362a34ec950eb65f0dc1dbf249221673fc1,,
1.0,G04-260201-123601-832,G04-260201-123601-832.bmp,G04,2026-02-01T12:36:01,2026-02-01,G04_2026-02-01,832,train,normal,,1025,1281,1,c0829b855fb2702646e0fc7d6cd3d701fe370ba18735cd259350facb3b5d392b,,
1.0,G04-260201-123607-833,G04-260201-123607-833.bmp,G04,2026-02-01T12:36:07,2026-02-01,G04_2026-02-01,833,train,normal,,1025,1281,1,6b149037eee1255f1838dc9d2d30811f8619d1103c044f44574b2f72c3292497,,
1.0,G04-260201-123633-834,G04-260201-123633-834.bmp,G04,2026-02-01T12:36:33,2026-02-01,G04_2026-02-01,834,train,normal,,1025,1281,1,1beb0b70a683d9e1839590a099e767d5e599612e55d48cf97e36d298f6e299a7,,
1.0,G04-260201-123639-835,G04-260201-123639-835.bmp,G04,2026-02-01T12:36:39,2026-02-01,G04_2026-02-01,835,train,normal,,1025,1281,1,8fa5bfef6cc19b7a70343667f72477819f8be374294fa1613e48d5dc95e587ff,,
1.0,G04-260201-123703-836,G04-260201-123703-836.bmp,G04,2026-02-01T12:37:03,2026-02-01,G04_2026-02-01,836,train,normal,,1025,1281,1,c5b724841cefb3f720e88c62d2ec2d9be86dcdbdf5c4cc40641315dc9d67fc95,,
1.0,G04-260201-123709-837,G04-260201-123709-837.bmp,G04,2026-02-01T12:37:09,2026-02-01,G04_2026-02-01,837,train,normal,,1025,1281,1,b186172d28642c10e412e7f0bbb2842e66fb28a6cba44e1fe00105c4b02bbe05,,
1.0,G04-260201-123731-838,G04-260201-123731-838.bmp,G04,2026-02-01T12:37:31,2026-02-01,G04_2026-02-01,838,train,normal,,1025,1281,1,3fe2fc5d3a7caef94c526862bc54066066e4aef2d26ed7da89fc8492591885f7,,
1.0,G04-260201-123740-839,G04-260201-123740-839.bmp,G04,2026-02-01T12:37:40,2026-02-01,G04_2026-02-01,839,train,normal,,1025,1281,1,80b0f79386ced0d2ee31a3e2cfbd2947e987b1c2c0185c7f845b5f8bd4da0fad,,
1.0,G04-260201-123757-840,G04-260201-123757-840.bmp,G04,2026-02-01T12:37:57,2026-02-01,G04_2026-02-01,840,train,normal,,1025,1281,1,aa196d07d07d90d4453d1d76af2a9db4575576439f4f35c5d53a40f23291b968,,
1.0,G04-260201-123835-841,G04-260201-123835-841.bmp,G04,2026-02-01T12:38:35,2026-02-01,G04_2026-02-01,841,train,normal,,1025,1281,1,f09c37add690576be23278b24655b12c18652b1ad6d07e67cac5b35a0a3341eb,,
1.0,G04-260201-123842-842,G04-260201-123842-842.bmp,G04,2026-02-01T12:38:42,2026-02-01,G04_2026-02-01,842,train,normal,,1025,1281,1,50c8d1cf9bada5e8ac839ec91200b9cec9e10c5109a3c0d67539fdc6a110cdfd,,
1.0,G04-260201-123849-843,G04-260201-123849-843.bmp,G04,2026-02-01T12:38:49,2026-02-01,G04_2026-02-01,843,train,normal,,1025,1281,1,373b5c90c764b439c59d3f35c1fd59f7ac2fdb15115f389709248235d8340209,,
1.0,G04-260201-123905-844,G04-260201-123905-844.bmp,G04,2026-02-01T12:39:05,2026-02-01,G04_2026-02-01,844,train,normal,,1025,1281,1,058a690b1c69d6b3d7260a1f46e8d94bb675de5d70f8ef75e740fee1dd535b9e,,
1.0,G04-260201-123911-845,G04-260201-123911-845.bmp,G04,2026-02-01T12:39:11,2026-02-01,G04_2026-02-01,845,train,normal,,1025,1281,1,1ce3fa7b6f323b1981eaec13f266120ae07b499cc2a6e6beeaf5b33b63ee29bc,,
1.0,G04-260201-123933-846,G04-260201-123933-846.bmp,G04,2026-02-01T12:39:33,2026-02-01,G04_2026-02-01,846,train,normal,,1025,1281,1,754b866fc0db375682d12dc827351be439b718d25ec0b766020398577600f05f,,
1.0,G04-260201-123939-847,G04-260201-123939-847.bmp,G04,2026-02-01T12:39:39,2026-02-01,G04_2026-02-01,847,train,normal,,1025,1281,1,dc50f4a7f92ac11adb3e5649d4d31293198f74e06e789ab58e63cff1e179f63a,,
1.0,G04-260201-124007-848,G04-260201-124007-848.bmp,G04,2026-02-01T12:40:07,2026-02-01,G04_2026-02-01,848,train,normal,,1025,1281,1,997d6387f57e4f7a68cffaa8e06936f2a90f6fa2ca43a44621f524e6256a829a,,
1.0,G04-260201-124013-849,G04-260201-124013-849.bmp,G04,2026-02-01T12:40:13,2026-02-01,G04_2026-02-01,849,train,normal,,1025,1281,1,80fc085fd4a4cbf3d3caae8cc07043b9ad70676f86a2578afebe76d68183e193,,
1.0,G04-260201-124033-850,G04-260201-124033-850.bmp,G04,2026-02-01T12:40:33,2026-02-01,G04_2026-02-01,850,train,normal,,1025,1281,1,9bf472f573ce4dcced11e73cb63091d92d9017a5b7f9475c43056607ba4f6154,,
1.0,G04-260201-124039-851,G04-260201-124039-851.bmp,G04,2026-02-01T12:40:39,2026-02-01,G04_2026-02-01,851,train,normal,,1025,1281,1,fc1ee679890178fb3b63aee670ca235a54c38098a24d2f1f2bcfcee87e15c645,,
1.0,G04-260201-124105-852,G04-260201-124105-852.bmp,G04,2026-02-01T12:41:05,2026-02-01,G04_2026-02-01,852,train,normal,,1025,1281,1,56fb7734d25f8da18c9d12f5e1845c3fe7d5454b782c66b15c12e3245dcc4d93,,
1.0,G04-260201-124111-853,G04-260201-124111-853.bmp,G04,2026-02-01T12:41:11,2026-02-01,G04_2026-02-01,853,train,normal,,1025,1281,1,e03b42126c60d81204fae02112685cbd00cb3607a33c010c7de5052c99cfea0b,,
1.0,G04-260201-124133-854,G04-260201-124133-854.bmp,G04,2026-02-01T12:41:33,2026-02-01,G04_2026-02-01,854,train,normal,,1025,1281,1,aff183506540394b433380fad23bd341fa945e07ddc22cd6beb4fd12ef218cdb,,
1.0,G04-260201-124143-855,G04-260201-124143-855.bmp,G04,2026-02-01T12:41:43,2026-02-01,G04_2026-02-01,855,train,normal,,1025,1281,1,674ea4256f62cfadac506cddfecdc3a7d0183be3e4ef9c755f72c3d859b9b577,,
1.0,G04-260201-124206-856,G04-260201-124206-856.bmp,G04,2026-02-01T12:42:06,2026-02-01,G04_2026-02-01,856,train,normal,,1025,1281,1,9be418bfbd859f9c43e14205671c94d87bee94df520d32fb8abdf82862d2bc83,,
1.0,G04-260201-124213-857,G04-260201-124213-857.bmp,G04,2026-02-01T12:42:13,2026-02-01,G04_2026-02-01,857,train,normal,,1025,1281,1,4f7e8c04083418094a0b0e5d168041564c8d2b03dadad1c599bd52b60a2579e3,,
1.0,G04-260201-124234-858,G04-260201-124234-858.bmp,G04,2026-02-01T12:42:34,2026-02-01,G04_2026-02-01,858,train,normal,,1025,1281,1,ee1919563a13c27057868aece37b8193f41a71ccbf4d35b7b69a01f059810765,,
1.0,G04-260201-124240-859,G04-260201-124240-859.bmp,G04,2026-02-01T12:42:40,2026-02-01,G04_2026-02-01,859,train,normal,,1025,1281,1,fabda8f23ff9833ff6428e39a27bc2b3a05ceff59089480d996e62dd8e8fdf6b,,
1.0,G04-260201-124303-860,G04-260201-124303-860.bmp,G04,2026-02-01T12:43:03,2026-02-01,G04_2026-02-01,860,train,normal,,1025,1281,1,2d7aab0951cbcd657866462fe211d16827d86f571e984d446f417bb0c6fdede4,,
1.0,G04-260201-124310-861,G04-260201-124310-861.bmp,G04,2026-02-01T12:43:10,2026-02-01,G04_2026-02-01,861,train,normal,,1025,1281,1,a485c997d374a475a99aa75826767c053304a46aab4cb780c32e485e1684a82f,,
1.0,G04-260201-124334-862,G04-260201-124334-862.bmp,G04,2026-02-01T12:43:34,2026-02-01,G04_2026-02-01,862,train,normal,,1025,1281,1,2fecf06de15ff625410ddef1a432ee92cdd4ab10a82b34efea4c1fd6746ed544,,
1.0,G04-260201-124340-863,G04-260201-124340-863.bmp,G04,2026-02-01T12:43:40,2026-02-01,G04_2026-02-01,863,train,normal,,1025,1281,1,2490b9ca14c8449481a3a2f558218ea99fbcc2e09ce2b6b67fbbfbcbbd7ad47f,,
1.0,G04-260201-124405-864,G04-260201-124405-864.bmp,G04,2026-02-01T12:44:05,2026-02-01,G04_2026-02-01,864,train,normal,,1025,1281,1,669111d75444e512bd1d875ae89a36ccc118bc396808cc398934272a329f42bc,,
1.0,G04-260201-124412-865,G04-260201-124412-865.bmp,G04,2026-02-01T12:44:12,2026-02-01,G04_2026-02-01,865,train,normal,,1025,1281,1,9f15410637dc82b525a819fdb201bf52d044ae6091227a1ee5a2c13d6fc3f530,,
1.0,G04-260201-124434-866,G04-260201-124434-866.bmp,G04,2026-02-01T12:44:34,2026-02-01,G04_2026-02-01,866,train,normal,,1025,1281,1,74190683ee9ce34700e76c32c6042fa95ac4c5c822f9b66d899a3206d75ba482,,
1.0,G04-260201-124441-867,G04-260201-124441-867.bmp,G04,2026-02-01T12:44:41,2026-02-01,G04_2026-02-01,867,train,normal,,1025,1281,1,214a8236f6255ed5775bd69148705a48c42e37d7ee0b18ff7e082ad99a0ec206,,
1.0,G04-260201-124506-868,G04-260201-124506-868.bmp,G04,2026-02-01T12:45:06,2026-02-01,G04_2026-02-01,868,train,normal,,1025,1281,1,3ecd07dd2773b5f2cd341da512a160228aa8bbdd5ea70d75a324cc656d43a926,,
1.0,G04-260201-124512-869,G04-260201-124512-869.bmp,G04,2026-02-01T12:45:12,2026-02-01,G04_2026-02-01,869,train,normal,,1025,1281,1,4ef1957922a4b90a684793e15d75611aaab88a3bb0ab4ecc7ad42f1e0197eac6,,
1.0,G04-260201-124533-870,G04-260201-124533-870.bmp,G04,2026-02-01T12:45:33,2026-02-01,G04_2026-02-01,870,train,normal,,1025,1281,1,80d8fd130038c52e88063d7e344784ce3eba9caf8b71b7a8df0823f350aa4525,,
1.0,G04-260201-124540-871,G04-260201-124540-871.bmp,G04,2026-02-01T12:45:40,2026-02-01,G04_2026-02-01,871,train,normal,,1025,1281,1,9bfa87df68b97b91da1b9525b21a47c4803010a7148c8721e52e922c856fa269,,
1.0,G04-260201-124605-872,G04-260201-124605-872.bmp,G04,2026-02-01T12:46:05,2026-02-01,G04_2026-02-01,872,train,normal,,1025,1281,1,02a8e21b8b6ea56e469ae4619786dfca965de97e57aaa3604a0c3a6a0e729e07,,
1.0,G04-260201-124611-873,G04-260201-124611-873.bmp,G04,2026-02-01T12:46:11,2026-02-01,G04_2026-02-01,873,train,normal,,1025,1281,1,e140f7312414561b89e2d032e067efd723c095a97bc1532fbca5d7fa2ae6a50a,,
1.0,G04-260201-124635-874,G04-260201-124635-874.bmp,G04,2026-02-01T12:46:35,2026-02-01,G04_2026-02-01,874,train,normal,,1025,1281,1,8159ec7b0ae91d94a5ad6e7d6ccadc298ce6ff061141ee41da500be0340d40f1,,
1.0,G04-260201-124641-875,G04-260201-124641-875.bmp,G04,2026-02-01T12:46:41,2026-02-01,G04_2026-02-01,875,train,normal,,1025,1281,1,710d817bdebb3c3cb5cc7df00c10805b07f6324ccb782836624ced7f9a1d7886,,
1.0,G04-260201-124704-876,G04-260201-124704-876.bmp,G04,2026-02-01T12:47:04,2026-02-01,G04_2026-02-01,876,train,normal,,1025,1281,1,432e6eebea3dc92f03e0a046d0b91cfaffc19d5d602aa7b6bfd0a9247966c38c,,
1.0,G04-260201-124711-877,G04-260201-124711-877.bmp,G04,2026-02-01T12:47:11,2026-02-01,G04_2026-02-01,877,train,normal,,1025,1281,1,9b2ec0338570d9a02934014f5134d198be40cc2d21bc3f51dbc1fe80052657a2,,
1.0,G04-260201-124729-878,G04-260201-124729-878.bmp,G04,2026-02-01T12:47:29,2026-02-01,G04_2026-02-01,878,train,normal,,1025,1281,1,2e48fd940a8a8b9bddd54264cc4a29b709f745331f94672eb5ea431d50c9a7fe,,
1.0,G04-260201-124802-879,G04-260201-124802-879.bmp,G04,2026-02-01T12:48:02,2026-02-01,G04_2026-02-01,879,train,normal,,1025,1281,1,d37371ba18053948d663a41ddd58d43d3e4ddceb68d5628559e07a1fecfef9ab,,
1.0,G04-260201-124808-880,G04-260201-124808-880.bmp,G04,2026-02-01T12:48:08,2026-02-01,G04_2026-02-01,880,train,normal,,1025,1281,1,52c8b0082455558e63a30bd8213000f290b8f03067252296b5cce6f708fac122,,
1.0,G04-260201-124848-881,G04-260201-124848-881.bmp,G04,2026-02-01T12:48:48,2026-02-01,G04_2026-02-01,881,train,normal,,1025,1281,1,4e4f829b15716674208abb07849845084f11502ec2cdbeee5d6cdc7a9a3ce15c,,
1.0,G04-260201-124854-882,G04-260201-124854-882.bmp,G04,2026-02-01T12:48:54,2026-02-01,G04_2026-02-01,882,train,normal,,1025,1281,1,54b65c234f5851490a0f6cfaf9edb5e31e23cca62305adb329a2af118150b16b,,
1.0,G04-260201-124900-883,G04-260201-124900-883.bmp,G04,2026-02-01T12:49:00,2026-02-01,G04_2026-02-01,883,train,normal,,1025,1281,1,12cdb42f37f8dd3a4552b95fd30fa358bcc9163c1a94ff43099b9e254aeb3f7b,,
1.0,G04-260201-124920-884,G04-260201-124920-884.bmp,G04,2026-02-01T12:49:20,2026-02-01,G04_2026-02-01,884,train,normal,,1025,1281,1,a520fb82013e8413401ea4259a2d394b971a00dcf0a532651abcd3cf517b6442,,
1.0,G04-260201-124926-885,G04-260201-124926-885.bmp,G04,2026-02-01T12:49:26,2026-02-01,G04_2026-02-01,885,train,normal,,1025,1281,1,045b6debd28cd30f29e25534f1c679d20b03fc3e2b9c6697f9b5499f5c09c981,,
1.0,G04-260201-124933-886,G04-260201-124933-886.bmp,G04,2026-02-01T12:49:33,2026-02-01,G04_2026-02-01,886,train,normal,,1025,1281,1,44feb671aced455adb57c2eb2a7de3a0497cd9a165574cdc9fa6e1dbac8e8de6,,
1.0,G04-260201-125011-887,G04-260201-125011-887.bmp,G04,2026-02-01T12:50:11,2026-02-01,G04_2026-02-01,887,train,normal,,1025,1281,1,7f6ecb8460183e90ed0f1d5614b9956e9266c10cc2a35993e34bf066e30d21c3,,
1.0,G04-260201-125017-888,G04-260201-125017-888.bmp,G04,2026-02-01T12:50:17,2026-02-01,G04_2026-02-01,888,train,normal,,1025,1281,1,255c3fd09ef00fcd7cde700615ef49b124a4535c6d2d3f99c8f9bcfdd818fefb,,
1.0,G04-260201-125025-889,G04-260201-125025-889.bmp,G04,2026-02-01T12:50:25,2026-02-01,G04_2026-02-01,889,train,normal,,1025,1281,1,85829c43397dc98b4f62dc21054f246490c712a0a742e789a62568ba068cbf56,,
1.0,G04-260201-125037-890,G04-260201-125037-890.bmp,G04,2026-02-01T12:50:37,2026-02-01,G04_2026-02-01,890,train,normal,,1025,1281,1,f6296c25f6c17dbae708490d515c2584de97221dde9fd798f5e4872aa160c949,,
1.0,G04-260201-125043-891,G04-260201-125043-891.bmp,G04,2026-02-01T12:50:43,2026-02-01,G04_2026-02-01,891,train,normal,,1025,1281,1,1262c85c89328a1abbb30f47a2181eb0dbef05e1ef82497c71a6f747414d2a8e,,
1.0,G04-260201-125100-892,G04-260201-125100-892.bmp,G04,2026-02-01T12:51:00,2026-02-01,G04_2026-02-01,892,train,normal,,1025,1281,1,00d05c82d62a0b1d83b15cffd341bd58a15b191382f02f8fa4947df0783931f9,,
1.0,G04-260201-125118-893,G04-260201-125118-893.bmp,G04,2026-02-01T12:51:18,2026-02-01,G04_2026-02-01,893,train,normal,,1025,1281,1,47b06e88f1ad1d34b0862b2b0187c6740b72196f718390b9ce7ce0cb292405ea,,
1.0,G04-260201-125139-894,G04-260201-125139-894.bmp,G04,2026-02-01T12:51:39,2026-02-01,G04_2026-02-01,894,train,normal,,1025,1281,1,9d937fa94762f185046ec3136edfff40cec993b8a06aec1adab7b246cd52fec7,,
1.0,G04-260201-125146-895,G04-260201-125146-895.bmp,G04,2026-02-01T12:51:46,2026-02-01,G04_2026-02-01,895,train,normal,,1025,1281,1,1c488fca79704f61f13e0ac964902e88e9d386c3a40487c7a7e52c7df78f71ec,,
1.0,G04-260201-125208-896,G04-260201-125208-896.bmp,G04,2026-02-01T12:52:08,2026-02-01,G04_2026-02-01,896,train,normal,,1025,1281,1,a139da9d0bb2fe79b3b2c6968335ef75ef2c8c9b074ebafc99c52c9e1359f78b,,
1.0,G04-260201-125214-897,G04-260201-125214-897.bmp,G04,2026-02-01T12:52:14,2026-02-01,G04_2026-02-01,897,train,normal,,1025,1281,1,d0619e5af8b9cea8add27447d565968716016580c7eacab3f10d11a1b5de1b35,,
1.0,G04-260201-125238-898,G04-260201-125238-898.bmp,G04,2026-02-01T12:52:38,2026-02-01,G04_2026-02-01,898,train,normal,,1025,1281,1,9076dbc7f4aae26648f7f7f02ab2a5f35fb3db3979e4221582e066910f060751,,
1.0,G04-260201-125244-899,G04-260201-125244-899.bmp,G04,2026-02-01T12:52:44,2026-02-01,G04_2026-02-01,899,train,normal,,1025,1281,1,a5c33fa7113df2e78fe4c209ecedc5dde93b13371bfa6a14ca7b49bf421412dd,,
1.0,G04-260201-125306-900,G04-260201-125306-900.bmp,G04,2026-02-01T12:53:06,2026-02-01,G04_2026-02-01,900,train,normal,,1025,1281,1,db38770b4e32513d16a07c2f78a4b92ef2686af2c80dbe402ee84f66464174bb,,
1.0,G04-260201-125313-901,G04-260201-125313-901.bmp,G04,2026-02-01T12:53:13,2026-02-01,G04_2026-02-01,901,train,normal,,1025,1281,1,dafe93eb0607b8b47d8317b7407047b9db1d20f1188dfd096768494cb0985598,,
1.0,G04-260201-125337-902,G04-260201-125337-902.bmp,G04,2026-02-01T12:53:37,2026-02-01,G04_2026-02-01,902,train,normal,,1025,1281,1,da2616b1fb830295a486c859fd0a0b8cd8bdc9433144577a3d7b8dd2df57b98a,,
1.0,G04-260201-125343-903,G04-260201-125343-903.bmp,G04,2026-02-01T12:53:43,2026-02-01,G04_2026-02-01,903,train,normal,,1025,1281,1,6c36a0775ac683e1382891c8d216883d9058ef674b2e40c333f2ceb739bbf837,,
1.0,G04-260201-125407-904,G04-260201-125407-904.bmp,G04,2026-02-01T12:54:07,2026-02-01,G04_2026-02-01,904,train,normal,,1025,1281,1,8655020f5b9356508a2a9fbe297253337997a4ee173497b9e1209acb5a83ff3e,,
1.0,G04-260201-125414-905,G04-260201-125414-905.bmp,G04,2026-02-01T12:54:14,2026-02-01,G04_2026-02-01,905,train,normal,,1025,1281,1,c8668865340890ab050c7b58d55c29b2c3f9005d4f402b472513c98a8096f458,,
1.0,G04-260201-125436-906,G04-260201-125436-906.bmp,G04,2026-02-01T12:54:36,2026-02-01,G04_2026-02-01,906,train,normal,,1025,1281,1,b0e4d651b149bde700869884967165f2c2447751091240d49ddf411f6dd40e2d,,
1.0,G04-260201-125443-907,G04-260201-125443-907.bmp,G04,2026-02-01T12:54:43,2026-02-01,G04_2026-02-01,907,train,normal,,1025,1281,1,0ddcbc093d7e1d129099e57d5bbaf9f41aa8766d6595d26f0568e79aad69798b,,
1.0,G04-260201-125507-908,G04-260201-125507-908.bmp,G04,2026-02-01T12:55:07,2026-02-01,G04_2026-02-01,908,train,normal,,1025,1281,1,06ae4aab646859cc2aec9d0c3797da6cf9a32498863760db39ebe0243b64b9de,,
1.0,G04-260201-125514-909,G04-260201-125514-909.bmp,G04,2026-02-01T12:55:14,2026-02-01,G04_2026-02-01,909,train,normal,,1025,1281,1,3ec1a119a996baa0a6100f735a34adce458e479b7cda9fd52a185019f4193e51,,
1.0,G04-260201-125538-910,G04-260201-125538-910.bmp,G04,2026-02-01T12:55:38,2026-02-01,G04_2026-02-01,910,train,normal,,1025,1281,1,a24caed78943dac8c6919c4428071daff9bec381a756edb07bb0579bbd57bb6b,,
1.0,G04-260201-125545-911,G04-260201-125545-911.bmp,G04,2026-02-01T12:55:45,2026-02-01,G04_2026-02-01,911,train,normal,,1025,1281,1,ad573137f0e284125aedccb1f66f0872a440736f397ef8c82b8039c7770502ce,,
1.0,G04-260201-125607-912,G04-260201-125607-912.bmp,G04,2026-02-01T12:56:07,2026-02-01,G04_2026-02-01,912,train,normal,,1025,1281,1,6a8020cd0565273e8831d9990165b855356f88ea193960b468266857a4ce8660,,
1.0,G04-260201-125613-913,G04-260201-125613-913.bmp,G04,2026-02-01T12:56:13,2026-02-01,G04_2026-02-01,913,train,normal,,1025,1281,1,5859dab9ed8c08cef60343e5deb5779db8004ec1a689c77bcbca2c4aad25cf63,,
1.0,G04-260201-125639-914,G04-260201-125639-914.bmp,G04,2026-02-01T12:56:39,2026-02-01,G04_2026-02-01,914,train,normal,,1025,1281,1,8ff38cfec4770911d174f98ceb5e9cb7c6f68c7c38649540d095806892ab2d98,,
1.0,G04-260201-125645-915,G04-260201-125645-915.bmp,G04,2026-02-01T12:56:45,2026-02-01,G04_2026-02-01,915,train,normal,,1025,1281,1,197237da9e649eefb0ff4bc0d6eea8b910a81200d4d12b1c492ccb6200f898f2,,
1.0,G04-260201-125707-916,G04-260201-125707-916.bmp,G04,2026-02-01T12:57:07,2026-02-01,G04_2026-02-01,916,train,normal,,1025,1281,1,1910f06f9a3a58210aa3de8ed7af10fa4382f5b3d7d90d3c8dd29e9175a9fe49,,
1.0,G04-260201-125714-917,G04-260201-125714-917.bmp,G04,2026-02-01T12:57:14,2026-02-01,G04_2026-02-01,917,train,normal,,1025,1281,1,05706e201c9389d121920d45f51c4cd87b3ce47e058f341ee4f8ad8191d55409,,
1.0,G04-260201-125738-918,G04-260201-125738-918.bmp,G04,2026-02-01T12:57:38,2026-02-01,G04_2026-02-01,918,train,normal,,1025,1281,1,6363e191ee9d88471bac145731fa17e133f94e0b3fcb70d6840d2d10b6fa2ef1,,
1.0,G04-260201-125745-919,G04-260201-125745-919.bmp,G04,2026-02-01T12:57:45,2026-02-01,G04_2026-02-01,919,train,normal,,1025,1281,1,d0187b32f2ec5d6a5703c46ea725edd7074592924c66c3e991a622a5d6bb8c67,,
1.0,G04-260201-125802-920,G04-260201-125802-920.bmp,G04,2026-02-01T12:58:02,2026-02-01,G04_2026-02-01,920,train,normal,,1025,1281,1,ffb1eca918a0c3243b428aad1e66bfe0b365036d87b19f0a306c33955268f62a,,
1.0,G04-260201-125842-921,G04-260201-125842-921.bmp,G04,2026-02-01T12:58:42,2026-02-01,G04_2026-02-01,921,train,normal,,1025,1281,1,f35317a5d2973252b70256ce9aca4a95be78ff825e11980760661b2ea2aff8d4,,
1.0,G04-260201-125849-922,G04-260201-125849-922.bmp,G04,2026-02-01T12:58:49,2026-02-01,G04_2026-02-01,922,train,normal,,1025,1281,1,c0845d8fe6626995293fe0a25a8e2eaf77cd20dec035dbcec3d0c085bedbb1e3,,
1.0,G04-260201-125857-923,G04-260201-125857-923.bmp,G04,2026-02-01T12:58:57,2026-02-01,G04_2026-02-01,923,train,normal,,1025,1281,1,ba10723fdfe1a009bb54900a606dad2ef564080c63f9ed5696151259a0b885c4,,
1.0,G04-260201-125912-924,G04-260201-125912-924.bmp,G04,2026-02-01T12:59:12,2026-02-01,G04_2026-02-01,924,train,normal,,1025,1281,1,f8f0fad7c80c97c59701bf52679014404d858d7a6d59b392439b1c75f979a480,,
1.0,G04-260201-125918-925,G04-260201-125918-925.bmp,G04,2026-02-01T12:59:18,2026-02-01,G04_2026-02-01,925,train,normal,,1025,1281,1,0d8ba7f9c5b15620c9c7bfff71d18d076c25aeb9cd29a716a59d0087ecc6d396,,
1.0,G04-260201-125945-926,G04-260201-125945-926.bmp,G04,2026-02-01T12:59:45,2026-02-01,G04_2026-02-01,926,train,normal,,1025,1281,1,c62f549fc00b068c77fa34be7ebb5e65cff5d47740fd95564472aabf7750a61a,,
1.0,G04-260201-125952-927,G04-260201-125952-927.bmp,G04,2026-02-01T12:59:52,2026-02-01,G04_2026-02-01,927,train,normal,,1025,1281,1,739b070715f6acedecd6fbf24947a53f689f1d97953d3b5217e8e22ff65ec8ef,,
1.0,G04-260201-130005-928,G04-260201-130005-928.bmp,G04,2026-02-01T13:00:05,2026-02-01,G04_2026-02-01,928,train,normal,,1025,1281,1,6ecff7920e0ea1adf93063b8b403156a6c2505e794f266e9447b4d8e7a65936d,,
1.0,G04-260201-130036-929,G04-260201-130036-929.bmp,G04,2026-02-01T13:00:36,2026-02-01,G04_2026-02-01,929,train,normal,,1025,1281,1,1255c351a62d89997b295c7a8280b26d449cb22cafac95807056ab0263536d94,,
1.0,G04-260201-130105-930,G04-260201-130105-930.bmp,G04,2026-02-01T13:01:05,2026-02-01,G04_2026-02-01,930,train,normal,,1025,1281,1,b25b5d4e36c43c15417b6570c7fd7646880de37356028664520fb4b22ddd3d3a,,
1.0,G04-260201-130112-931,G04-260201-130112-931.bmp,G04,2026-02-01T13:01:12,2026-02-01,G04_2026-02-01,931,train,normal,,1025,1281,1,441e0fd63185be8cb57370d4a5ce39b7eae28c5b15a79edf6f1156f4852c6a67,,
1.0,G04-260201-130118-932,G04-260201-130118-932.bmp,G04,2026-02-01T13:01:18,2026-02-01,G04_2026-02-01,932,train,normal,,1025,1281,1,b3feac3a5c739e5bd4d06daea4345e4119161dbafee98190b31f680f66d41812,,
1.0,G04-260201-130126-933,G04-260201-130126-933.bmp,G04,2026-02-01T13:01:26,2026-02-01,G04_2026-02-01,933,train,normal,,1025,1281,1,a24872e0c21a1ba0ba3fa8b4c0736769fd3a72527bdd7e78ad8e8dcc60d4a611,,
1.0,G04-260201-130143-934,G04-260201-130143-934.bmp,G04,2026-02-01T13:01:43,2026-02-01,G04_2026-02-01,934,train,normal,,1025,1281,1,1b7cc2e1b53ac821e6ce76859a70ab513309241df295193bc0a0c7918e0d9b09,,
1.0,G04-260201-130149-935,G04-260201-130149-935.bmp,G04,2026-02-01T13:01:49,2026-02-01,G04_2026-02-01,935,train,normal,,1025,1281,1,b907a95b4b8fe67a41fe9a0072224f2dab2eae80e94ab918ba39054b8f2f4768,,
1.0,G04-260201-130208-936,G04-260201-130208-936.bmp,G04,2026-02-01T13:02:08,2026-02-01,G04_2026-02-01,936,train,normal,,1025,1281,1,ca13df2a7bb10e92400f68b84ab3e97681412b11ba2c729f2a143a82ba4c6a51,,
1.0,G04-260201-130215-937,G04-260201-130215-937.bmp,G04,2026-02-01T13:02:15,2026-02-01,G04_2026-02-01,937,train,normal,,1025,1281,1,776001b0d58157365b2e4bdfee28814a10f64467ddb7e9738ac8849bb35758ab,,
1.0,G04-260201-130240-938,G04-260201-130240-938.bmp,G04,2026-02-01T13:02:40,2026-02-01,G04_2026-02-01,938,train,normal,,1025,1281,1,87d1364df6fffd786ecd414269b8fcdc7feae2f6e347dec4d5f14d8c295f5067,,
1.0,G04-260201-130246-939,G04-260201-130246-939.bmp,G04,2026-02-01T13:02:46,2026-02-01,G04_2026-02-01,939,train,normal,,1025,1281,1,caf4b764db5e7000efd3490f53128e19c51829eb73f1a6048fb4879dfdea31c4,,
1.0,G04-260201-130309-940,G04-260201-130309-940.bmp,G04,2026-02-01T13:03:09,2026-02-01,G04_2026-02-01,940,train,normal,,1025,1281,1,a0efed9f0ce0c9dd05f70ad01fe9201a7fbf69e3ed7be9ccad7a9e4d8118f303,,
1.0,G04-260201-130315-941,G04-260201-130315-941.bmp,G04,2026-02-01T13:03:15,2026-02-01,G04_2026-02-01,941,train,normal,,1025,1281,1,271050202a3082cf86ff0507c1379ab0c7d406bdafc201e91961cfb3c6646f35,,
1.0,G04-260201-130340-942,G04-260201-130340-942.bmp,G04,2026-02-01T13:03:40,2026-02-01,G04_2026-02-01,942,train,normal,,1025,1281,1,58a476fb27d6f591ec90531f4cbb01eb24ea6569d63b1215b1f894ad533cc886,,
1.0,G04-260201-130347-943,G04-260201-130347-943.bmp,G04,2026-02-01T13:03:47,2026-02-01,G04_2026-02-01,943,train,normal,,1025,1281,1,6d976b3532d8f2c19f263902c2d911e78dac3e2c600ac1d126c492197d086108,,
1.0,G04-260201-130410-944,G04-260201-130410-944.bmp,G04,2026-02-01T13:04:10,2026-02-01,G04_2026-02-01,944,train,normal,,1025,1281,1,be18ea2b48e39ae99378a25e703b377c72966cb5f1a1de760947a2b8435856cc,,
1.0,G04-260201-130416-945,G04-260201-130416-945.bmp,G04,2026-02-01T13:04:16,2026-02-01,G04_2026-02-01,945,train,normal,,1025,1281,1,d65371266c7885defd5387fbcc6152e1be30a8dd83919f8d7fd7625d95704030,,
1.0,G04-260201-130435-946,G04-260201-130435-946.bmp,G04,2026-02-01T13:04:35,2026-02-01,G04_2026-02-01,946,train,normal,,1025,1281,1,85af53640b1518cbc923a0fcd6a84ffa3a44b1e4a8fcfb9cb693371cc31f838e,,
1.0,G04-260201-130513-947,G04-260201-130513-947.bmp,G04,2026-02-01T13:05:13,2026-02-01,G04_2026-02-01,947,train,normal,,1025,1281,1,d0632c9a7b02ffae4a48efc7c202ec2260dcf6dcaf27abc18f2af53e0a2f125b,,
1.0,G04-260201-130520-948,G04-260201-130520-948.bmp,G04,2026-02-01T13:05:20,2026-02-01,G04_2026-02-01,948,train,normal,,1025,1281,1,73eab13a2a78958b05c0d2c165bf02bdb63881b0950b7570afe73591db027d9e,,
1.0,G04-260201-130527-949,G04-260201-130527-949.bmp,G04,2026-02-01T13:05:27,2026-02-01,G04_2026-02-01,949,train,normal,,1025,1281,1,d90be46197412bb095da62c27b7130452dcb86be0e67e14a5bd121a5c4359a82,,
1.0,G04-260201-130542-950,G04-260201-130542-950.bmp,G04,2026-02-01T13:05:42,2026-02-01,G04_2026-02-01,950,train,normal,,1025,1281,1,4668bb265e713dc9aaf6643c5c0fe5865124d588517f0e5d118bc698b855476b,,
1.0,G04-260201-130548-951,G04-260201-130548-951.bmp,G04,2026-02-01T13:05:48,2026-02-01,G04_2026-02-01,951,train,normal,,1025,1281,1,87944f7ba6d3c83e1f0b610a3a694584c40e640ac33c59269d46b4043f24bac1,,
1.0,G04-260201-130610-952,G04-260201-130610-952.bmp,G04,2026-02-01T13:06:10,2026-02-01,G04_2026-02-01,952,train,normal,,1025,1281,1,15d4fc823a12943ae45d325f98cbbdab5400dc4ff78e81aaf6b2fc10c28ebe19,,
1.0,G04-260201-130616-953,G04-260201-130616-953.bmp,G04,2026-02-01T13:06:16,2026-02-01,G04_2026-02-01,953,train,normal,,1025,1281,1,16e28755433e411097c4972770f1b32f3b975961de69dfe6bfaced73aa23f621,,
1.0,G04-260201-130640-954,G04-260201-130640-954.bmp,G04,2026-02-01T13:06:40,2026-02-01,G04_2026-02-01,954,train,normal,,1025,1281,1,b7252ffd6ba7ecfa0c7764a32e4cdebd43a9ed72b6c744ef6e068cbd0f13c483,,
1.0,G04-260201-130648-955,G04-260201-130648-955.bmp,G04,2026-02-01T13:06:48,2026-02-01,G04_2026-02-01,955,train,normal,,1025,1281,1,7d5ebbdbc5d75b33092d95457baf1318353ee592f4a619d1ac41f12baa58aa99,,
1.0,G04-260201-130705-956,G04-260201-130705-956.bmp,G04,2026-02-01T13:07:05,2026-02-01,G04_2026-02-01,956,train,normal,,1025,1281,1,015c4b7200371d602805ebcb541887b01c49ec9d680b3c2bfc205f1ebff1c521,,
1.0,G04-260201-130743-957,G04-260201-130743-957.bmp,G04,2026-02-01T13:07:43,2026-02-01,G04_2026-02-01,957,train,normal,,1025,1281,1,d2882d32681e56256be0cc2b779415ab594b0e006a972904a69544b91e1918f7,,
1.0,G04-260201-130750-958,G04-260201-130750-958.bmp,G04,2026-02-01T13:07:50,2026-02-01,G04_2026-02-01,958,train,normal,,1025,1281,1,89ca0561b0b8d30588cbd18518dc7c1d81d178e09c03bffe1a068a96f3ce269e,,
1.0,G04-260201-130757-959,G04-260201-130757-959.bmp,G04,2026-02-01T13:07:57,2026-02-01,G04_2026-02-01,959,train,normal,,1025,1281,1,e1948bcef0d4bbf92a4f439cddcea5a11b0d75ee033a90a53e445b2220a6ab2b,,
1.0,G04-260201-130814-960,G04-260201-130814-960.bmp,G04,2026-02-01T13:08:14,2026-02-01,G04_2026-02-01,960,train,normal,,1025,1281,1,cb71a3c556e9e1b8fabc8d287616ba02a45b89926a6b1d177b22157325d81c37,,
1.0,G04-260201-130821-961,G04-260201-130821-961.bmp,G04,2026-02-01T13:08:21,2026-02-01,G04_2026-02-01,961,train,normal,,1025,1281,1,ae7818dee80e5520988e0f6eb1614845e82549c602292e542f147d4178a0bdb9,,
1.0,G04-260201-130840-962,G04-260201-130840-962.bmp,G04,2026-02-01T13:08:40,2026-02-01,G04_2026-02-01,962,train,normal,,1025,1281,1,eeadfa1d8069dc9cca2a8efb4a5fdf11b52838bcb4cac176ef191714fed1945b,,
1.0,G04-260201-130847-963,G04-260201-130847-963.bmp,G04,2026-02-01T13:08:47,2026-02-01,G04_2026-02-01,963,train,normal,,1025,1281,1,954234c8a17f783e0d4798615bc99d661b2251ad652b4172068fef71daa6372a,,
1.0,G04-260201-130913-964,G04-260201-130913-964.bmp,G04,2026-02-01T13:09:13,2026-02-01,G04_2026-02-01,964,train,normal,,1025,1281,1,31be7ff76e6a6b3f850de0a908e594e94510f28205e6ee93e30c8fac568385ba,,
1.0,G04-260201-130919-965,G04-260201-130919-965.bmp,G04,2026-02-01T13:09:19,2026-02-01,G04_2026-02-01,965,train,normal,,1025,1281,1,88e8522b05be6a98adb0fa70474a7ecebfc322ce280f3bd75dba70eb0c63647b,,
1.0,G04-260201-130941-966,G04-260201-130941-966.bmp,G04,2026-02-01T13:09:41,2026-02-01,G04_2026-02-01,966,train,normal,,1025,1281,1,6d59a579ca2150e7e61fbe0d4bc89958c307e57dbae70fcb01595dfb73777937,,
1.0,G04-260201-130948-967,G04-260201-130948-967.bmp,G04,2026-02-01T13:09:48,2026-02-01,G04_2026-02-01,967,train,normal,,1025,1281,1,b2fc9014769cf2b531d3655c8ec40cf871b207f8b3ce63a26d6445dce8a92d24,,
1.0,G04-260201-131006-968,G04-260201-131006-968.bmp,G04,2026-02-01T13:10:06,2026-02-01,G04_2026-02-01,968,train,normal,,1025,1281,1,116e491b15b38b070ba26bba7fea760639f0578839108c3a20eb84c57463c762,,
1.0,G04-260201-131045-969,G04-260201-131045-969.bmp,G04,2026-02-01T13:10:45,2026-02-01,G04_2026-02-01,969,train,normal,,1025,1281,1,f27bf5ce0f9f6603cd67566e9f98db938ae1f13dd3f844411b237f570b99d0c0,,
1.0,G04-260201-131053-970,G04-260201-131053-970.bmp,G04,2026-02-01T13:10:53,2026-02-01,G04_2026-02-01,970,train,normal,,1025,1281,1,6df504b454161830f32dd7de7d489886675fc21975646d5dc389761626c1cee2,,
1.0,G04-260201-131059-971,G04-260201-131059-971.bmp,G04,2026-02-01T13:10:59,2026-02-01,G04_2026-02-01,971,train,normal,,1025,1281,1,5eddfa9cd8086216496ee93bcb59f214037bb18a4829ffcfc94e15a021a920a7,,
1.0,G04-260201-131133-972,G04-260201-131133-972.bmp,G04,2026-02-01T13:11:33,2026-02-01,G04_2026-02-01,972,train,normal,,1025,1281,1,0412311912aa1d6c7031abd82be7f809224ee5ef900ecc177e5ab51243cf561f,,
1.0,G04-260201-131140-973,G04-260201-131140-973.bmp,G04,2026-02-01T13:11:40,2026-02-01,G04_2026-02-01,973,train,normal,,1025,1281,1,871c47fc975f34db6c22282dab931ceb634e82a16d56c5981973450760265e14,,
1.0,G04-260201-131158-974,G04-260201-131158-974.bmp,G04,2026-02-01T13:11:58,2026-02-01,G04_2026-02-01,974,train,normal,,1025,1281,1,2198ef1150bd377d70a8afa26afb9686b47e25e637812cd6d943dd9ef9e4541b,,
1.0,G04-260201-131204-975,G04-260201-131204-975.bmp,G04,2026-02-01T13:12:04,2026-02-01,G04_2026-02-01,975,train,normal,,1025,1281,1,73e2482461be8e1c060944e54cc82b21f320507c53f967d496c45c8c9f9ad620,,
1.0,G04-260201-131215-976,G04-260201-131215-976.bmp,G04,2026-02-01T13:12:15,2026-02-01,G04_2026-02-01,976,train,normal,,1025,1281,1,f5c892567458ea5ad19098e50b8f9548522cb52dddc4a8e9c834a66d3657c769,,
1.0,G04-260201-131221-977,G04-260201-131221-977.bmp,G04,2026-02-01T13:12:21,2026-02-01,G04_2026-02-01,977,train,normal,,1025,1281,1,fa63893d340fa25a06975e9a79c2ce10a9a3605d75c0c67fc8aa6ba7b9fd105d,,
1.0,G04-260201-131241-978,G04-260201-131241-978.bmp,G04,2026-02-01T13:12:41,2026-02-01,G04_2026-02-01,978,train,normal,,1025,1281,1,f1dd9dcc2b19f7e0fd297d2d9c602dff23c8bfcc916b0c5977b6aca2b4fd5912,,
1.0,G04-260201-131248-979,G04-260201-131248-979.bmp,G04,2026-02-01T13:12:48,2026-02-01,G04_2026-02-01,979,train,normal,,1025,1281,1,9fab03f44a34d06c20c0f73b989b5f0ab1ce645aa3e345214b4c1c813038023e,,
1.0,G04-260201-131307-980,G04-260201-131307-980.bmp,G04,2026-02-01T13:13:07,2026-02-01,G04_2026-02-01,980,train,normal,,1025,1281,1,6a6739f8a6b6ec72e4aab5cc37ebf201affc0fcc22cf7b034075956a2dd66cb5,,
1.0,G04-260201-131330-981,G04-260201-131330-981.bmp,G04,2026-02-01T13:13:30,2026-02-01,G04_2026-02-01,981,train,normal,,1025,1281,1,6e955f17427d516de187ba5b89db91f3c546de685a5135ac77f017a00d6396a7,,
1.0,G04-260201-131346-982,G04-260201-131346-982.bmp,G04,2026-02-01T13:13:46,2026-02-01,G04_2026-02-01,982,train,normal,,1025,1281,1,f37c0fbcb6db9b4983fd3449c789ed925bd2f4eaa0750fd6764af3a1c1798991,,
1.0,G04-260201-131352-983,G04-260201-131352-983.bmp,G04,2026-02-01T13:13:52,2026-02-01,G04_2026-02-01,983,train,normal,,1025,1281,1,0f66ba4729997d2b29eeb8a14ba935780a0ea7b5348810352b438df5a2139f1c,,
1.0,G04-260201-131417-984,G04-260201-131417-984.bmp,G04,2026-02-01T13:14:17,2026-02-01,G04_2026-02-01,984,train,normal,,1025,1281,1,7e16b264bf0300e686e98f73cec7f5dac21fa5fac3c89705f886933af5208834,,
1.0,G04-260201-131423-985,G04-260201-131423-985.bmp,G04,2026-02-01T13:14:23,2026-02-01,G04_2026-02-01,985,train,normal,,1025,1281,1,d4c5df705d363630c3f9edc2e461dad79bc5ff8aa9487eded6dd7864968dea0e,,
1.0,G04-260201-131438-986,G04-260201-131438-986.bmp,G04,2026-02-01T13:14:38,2026-02-01,G04_2026-02-01,986,train,normal,,1025,1281,1,d9e6bea1a8fdbda9977ef0c8a048fdbeaa04a8df140b9045f59a9f34035ac7ac,,
1.0,G04-260201-131459-987,G04-260201-131459-987.bmp,G04,2026-02-01T13:14:59,2026-02-01,G04_2026-02-01,987,train,normal,,1025,1281,1,0e0d6bc59542daf038eb41a4f186362adcc9ff198fad35d58b80d573dca088b7,,
1.0,G04-260201-131515-988,G04-260201-131515-988.bmp,G04,2026-02-01T13:15:15,2026-02-01,G04_2026-02-01,988,train,normal,,1025,1281,1,9a759eb747a20a283e4c9ebc3b6398b980e9d0c3701ad58241983842a999741d,,
1.0,G04-260201-131521-989,G04-260201-131521-989.bmp,G04,2026-02-01T13:15:21,2026-02-01,G04_2026-02-01,989,train,normal,,1025,1281,1,dd288b2dc3fc2febee7917c219049b0878684c8a1a19c8485ed97c6d4abbd80e,,
1.0,G04-260201-131544-990,G04-260201-131544-990.bmp,G04,2026-02-01T13:15:44,2026-02-01,G04_2026-02-01,990,train,normal,,1025,1281,1,4611fe40908df705509b810113a96eac199e8a05592dae0190e65b0f659af359,,
1.0,G04-260201-131551-991,G04-260201-131551-991.bmp,G04,2026-02-01T13:15:51,2026-02-01,G04_2026-02-01,991,train,normal,,1025,1281,1,ea99c3afaad7287e348189dda5733ca9440e946692a1b34625298653044994a4,,
1.0,G04-260201-131613-992,G04-260201-131613-992.bmp,G04,2026-02-01T13:16:13,2026-02-01,G04_2026-02-01,992,train,normal,,1025,1281,1,ea35ebefaf4a3b47f04611480593c43c78698fc65d3e53d8c751fa55cd30a0ac,,
1.0,G04-260201-131619-993,G04-260201-131619-993.bmp,G04,2026-02-01T13:16:19,2026-02-01,G04_2026-02-01,993,train,normal,,1025,1281,1,5a80d67e64d01914ebeb468c27734de3556bcebe92eb5d64754ed733d1bf3399,,
1.0,G04-260201-131637-994,G04-260201-131637-994.bmp,G04,2026-02-01T13:16:37,2026-02-01,G04_2026-02-01,994,train,normal,,1025,1281,1,3431a70740b5929ea23e84ece8b37428462a818dc16d805205137a050a056160,,
1.0,G04-260201-131659-995,G04-260201-131659-995.bmp,G04,2026-02-01T13:16:59,2026-02-01,G04_2026-02-01,995,train,normal,,1025,1281,1,1717cc6af7813564e0b90f214163abe376a114eeebfba113c00252dc97fabff9,,
1.0,G04-260201-131709-996,G04-260201-131709-996.bmp,G04,2026-02-01T13:17:09,2026-02-01,G04_2026-02-01,996,train,normal,,1025,1281,1,eb30ada829e40d98bb13ee1e0f7e982cbce7f22fac154c43adec806e1bf5eb18,,
1.0,G04-260201-131732-997,G04-260201-131732-997.bmp,G04,2026-02-01T13:17:32,2026-02-01,G04_2026-02-01,997,train,normal,,1025,1281,1,a948eaee906eb815435c051b106f95071465ebef7f5c3f7a7a3bb6636c3b78cb,,
1.0,G04-260201-131750-998,G04-260201-131750-998.bmp,G04,2026-02-01T13:17:50,2026-02-01,G04_2026-02-01,998,train,normal,,1025,1281,1,4c8791516ec3cd88cb0336a0e43511522875b891783ffc67558ec68910db39d9,,
1.0,G04-260201-131756-999,G04-260201-131756-999.bmp,G04,2026-02-01T13:17:56,2026-02-01,G04_2026-02-01,999,train,normal,,1025,1281,1,6c99de2ca3805158c228e5dea073ab0877c72593820d85d51dc8883c39196e55,,
1.0,G04-260201-131816-000,G04-260201-131816-000.bmp,G04,2026-02-01T13:18:16,2026-02-01,G04_2026-02-01,0,train,normal,,1025,1281,1,66c6479eae9f805a91150779b65e10f856df04443841c34f2f771c99f3cf6030,,
1.0,G04-260201-131823-001,G04-260201-131823-001.bmp,G04,2026-02-01T13:18:23,2026-02-01,G04_2026-02-01,1,train,normal,,1025,1281,1,4344ecdccee8a6a74853bbe3648fa916026dbe383e52ccf9207e8650243a78e5,,
1.0,G04-260201-131847-002,G04-260201-131847-002.bmp,G04,2026-02-01T13:18:47,2026-02-01,G04_2026-02-01,2,train,normal,,1025,1281,1,72fe087a36c6559acc82bd550f942d9fe1b7d598c933b2016daab2a6c8f2ec78,,
1.0,G04-260201-131853-003,G04-260201-131853-003.bmp,G04,2026-02-01T13:18:53,2026-02-01,G04_2026-02-01,3,train,normal,,1025,1281,1,6968f5ac203322061c4437cece6a0463fc1c3f82821a02f8c2f61985c98d538d,,
1.0,G04-260201-131915-004,G04-260201-131915-004.bmp,G04,2026-02-01T13:19:15,2026-02-01,G04_2026-02-01,4,train,normal,,1025,1281,1,7a0ea40ebc00990bbad8e4b21d4671d27a893c784ef4ee4182f9118cda8506a3,,
1.0,G04-260201-131924-005,G04-260201-131924-005.bmp,G04,2026-02-01T13:19:24,2026-02-01,G04_2026-02-01,5,train,normal,,1025,1281,1,19f02653ec0ecf5b111a8bf0374005460dbdb47efe7a3894ec6c68a8fafd0d7d,,
1.0,G04-260201-131938-006,G04-260201-131938-006.bmp,G04,2026-02-01T13:19:38,2026-02-01,G04_2026-02-01,6,train,normal,,1025,1281,1,4a7beb4bf24dc9fd86158ac82e818e52bc67741aac4dc17e0c4b6b71250a1c1e,,
1.0,G04-260201-132018-007,G04-260201-132018-007.bmp,G04,2026-02-01T13:20:18,2026-02-01,G04_2026-02-01,7,train,normal,,1025,1281,1,72e36ad05399196ff77c653b5b8f13aba5b2635b87304e44ca6ebecacdef490d,,
1.0,G04-260201-132030-008,G04-260201-132030-008.bmp,G04,2026-02-01T13:20:30,2026-02-01,G04_2026-02-01,8,train,normal,,1025,1281,1,625fcf3461c0f720b712957dd05b69a2976497d0661cf0b06425797702bf5405,,
1.0,G04-260201-132037-009,G04-260201-132037-009.bmp,G04,2026-02-01T13:20:37,2026-02-01,G04_2026-02-01,9,train,normal,,1025,1281,1,6cea914249c73466361e4236ef9e9e84525dd964f56f3be942e08e1da00be20c,,
1.0,G04-260201-132048-010,G04-260201-132048-010.bmp,G04,2026-02-01T13:20:48,2026-02-01,G04_2026-02-01,10,train,normal,,1025,1281,1,e21616415cb5acb0f5bc6c716b5c5d97c9594f274f22068decac3cdd95d6e8ed,,
1.0,G04-260201-132054-011,G04-260201-132054-011.bmp,G04,2026-02-01T13:20:54,2026-02-01,G04_2026-02-01,11,train,normal,,1025,1281,1,a554becce9896940e96527599aefe795d7cc8cf72778f61cb7e08721ec102872,,
1.0,G04-260201-132114-012,G04-260201-132114-012.bmp,G04,2026-02-01T13:21:14,2026-02-01,G04_2026-02-01,12,train,normal,,1025,1281,1,41b07861eeb200b742d5ac2f52bb1c28e5d0ca2924c569719d4194fcb77c4da6,,
1.0,G04-260201-132123-013,G04-260201-132123-013.bmp,G04,2026-02-01T13:21:23,2026-02-01,G04_2026-02-01,13,train,normal,,1025,1281,1,b97efd6d81949d626ba2442c2d8f6562037403006293dba5de9f03c139f0c9e1,,
1.0,G04-260201-132146-014,G04-260201-132146-014.bmp,G04,2026-02-01T13:21:46,2026-02-01,G04_2026-02-01,14,train,normal,,1025,1281,1,bd3cdf03d6b61c89516a4254df1a5e25c8f25e545d68e74505c5960ac6c9abb2,,
1.0,G04-260201-132152-015,G04-260201-132152-015.bmp,G04,2026-02-01T13:21:52,2026-02-01,G04_2026-02-01,15,train,normal,,1025,1281,1,fefcd0956025b25f0fbb5493b501a486f5c6724ca08f7ce81c17020346cd1342,,
1.0,G04-260201-132216-016,G04-260201-132216-016.bmp,G04,2026-02-01T13:22:16,2026-02-01,G04_2026-02-01,16,train,normal,,1025,1281,1,ca13d0872d0db21087e60375088efe145f693c2e266d20590ad8a387f9fb3aa1,,
1.0,G04-260201-132223-017,G04-260201-132223-017.bmp,G04,2026-02-01T13:22:23,2026-02-01,G04_2026-02-01,17,train,normal,,1025,1281,1,581a4fe01bc26d265f81093ed4f9a296ea2e9fd41b30d5c45dfd6ee1865fa52a,,
1.0,G04-260201-132245-018,G04-260201-132245-018.bmp,G04,2026-02-01T13:22:45,2026-02-01,G04_2026-02-01,18,train,normal,,1025,1281,1,ff1ee012f6fdf71ef60d738a19f321ddace3ad6236894c47c5822820c5c04736,,
1.0,G04-260201-132252-019,G04-260201-132252-019.bmp,G04,2026-02-01T13:22:52,2026-02-01,G04_2026-02-01,19,train,normal,,1025,1281,1,cad857a4e8e940a16866c4cb5536303da4dab3736518d8a51728b1314f67dc7e,,
1.0,G04-260201-132315-020,G04-260201-132315-020.bmp,G04,2026-02-01T13:23:15,2026-02-01,G04_2026-02-01,20,train,normal,,1025,1281,1,a00b207c8a47fcf5eea96940388412df9b713d57bb5f64a2aea5e8db54ccf07a,,
1.0,G04-260201-132322-021,G04-260201-132322-021.bmp,G04,2026-02-01T13:23:22,2026-02-01,G04_2026-02-01,21,train,normal,,1025,1281,1,f142561c8553e722a36ee71355d62bd339578f84e9fba4e5c83318c9f0225e05,,
1.0,G04-260201-132344-022,G04-260201-132344-022.bmp,G04,2026-02-01T13:23:44,2026-02-01,G04_2026-02-01,22,train,normal,,1025,1281,1,975fbbabbc10705a288971cfde49e052a8ad11e601f8171704c7b483c8eacbae,,
1.0,G04-260201-132352-023,G04-260201-132352-023.bmp,G04,2026-02-01T13:23:52,2026-02-01,G04_2026-02-01,23,train,normal,,1025,1281,1,d62ffad18a162497e76f51ffd40248ecd620238f0c3ba2654c7147a1d8d71646,,
1.0,G04-260201-132412-024,G04-260201-132412-024.bmp,G04,2026-02-01T13:24:12,2026-02-01,G04_2026-02-01,24,train,normal,,1025,1281,1,83749800b4af0c7644fa53d83d56228d35d78a3b41a78981b14b70d7428989db,,
1.0,G04-260201-132436-025,G04-260201-132436-025.bmp,G04,2026-02-01T13:24:36,2026-02-01,G04_2026-02-01,25,train,normal,,1025,1281,1,8dacc7c45635b0902cfbebfdb0726858d216460bea9f4bf00da73c13fcd70b87,,
1.0,G04-260201-132449-026,G04-260201-132449-026.bmp,G04,2026-02-01T13:24:49,2026-02-01,G04_2026-02-01,26,train,normal,,1025,1281,1,f71fb040673eda80fbfab90e9b5cd324f628be9423b80cc18cd4ccad3809ca1e,,
1.0,G04-260201-132456-027,G04-260201-132456-027.bmp,G04,2026-02-01T13:24:56,2026-02-01,G04_2026-02-01,27,train,normal,,1025,1281,1,8d043c5ccd8c56d577d21027a7b5adcf20c5a4293ee06547f82e23d282dab6db,,
1.0,G04-260201-132519-028,G04-260201-132519-028.bmp,G04,2026-02-01T13:25:19,2026-02-01,G04_2026-02-01,28,train,normal,,1025,1281,1,c2e9756e426ca9dd50a57c269e752475d71a5f73e1e718c2e7aad1968c4d873b,,
1.0,G04-260201-132525-029,G04-260201-132525-029.bmp,G04,2026-02-01T13:25:25,2026-02-01,G04_2026-02-01,29,train,normal,,1025,1281,1,48ba32dd70d40ab4d85bd470305bec00242ba9e41fb36dff0630ccce9b5b1956,,
1.0,G04-260201-132547-030,G04-260201-132547-030.bmp,G04,2026-02-01T13:25:47,2026-02-01,G04_2026-02-01,30,train,normal,,1025,1281,1,e5b323c5c40a4bd7d6d48399d3af361f7c0371d62b86f95e28044783fd99911b,,
1.0,G04-260201-132554-031,G04-260201-132554-031.bmp,G04,2026-02-01T13:25:54,2026-02-01,G04_2026-02-01,31,train,normal,,1025,1281,1,54773d982aefb8c75f8dbfacfce5e27991d728e65a7e289cb2df84cbf367c61f,,
1.0,G04-260201-132617-032,G04-260201-132617-032.bmp,G04,2026-02-01T13:26:17,2026-02-01,G04_2026-02-01,32,train,normal,,1025,1281,1,bfc4d039df1f81dc1613c400aebf071908089ec0a52a44ed106ab428b0d79c58,,
1.0,G04-260201-132623-033,G04-260201-132623-033.bmp,G04,2026-02-01T13:26:23,2026-02-01,G04_2026-02-01,33,train,normal,,1025,1281,1,3d1f08defec6f00e7877f3eef5790a6f1c151f2192aa939999498056f4d12445,,
1.0,G04-260201-132647-034,G04-260201-132647-034.bmp,G04,2026-02-01T13:26:47,2026-02-01,G04_2026-02-01,34,train,normal,,1025,1281,1,fd350377435676d121f8ec9cd40b3ab0c212e93420c1bb58ee28446817729e16,,
1.0,G04-260201-132653-035,G04-260201-132653-035.bmp,G04,2026-02-01T13:26:53,2026-02-01,G04_2026-02-01,35,train,normal,,1025,1281,1,da2a3d3a8de209c720c70c87a52e58c20e1c16107c24878a717b24f015a80758,,
1.0,G04-260201-132710-036,G04-260201-132710-036.bmp,G04,2026-02-01T13:27:10,2026-02-01,G04_2026-02-01,36,train,normal,,1025,1281,1,65e47400d99f34020ca0a89d8dcdf30cb66491cc4c228745fff11eb8ca70e2c9,,
1.0,G04-260201-132750-037,G04-260201-132750-037.bmp,G04,2026-02-01T13:27:50,2026-02-01,G04_2026-02-01,37,train,normal,,1025,1281,1,6cf40152669d29a9f1ce6b1df97061f374561d0529578ea3314c79aac5016c86,,
1.0,G04-260201-132757-038,G04-260201-132757-038.bmp,G04,2026-02-01T13:27:57,2026-02-01,G04_2026-02-01,38,train,normal,,1025,1281,1,a0783001858281a567851497074f0b4104c6eeea8388ef465011e3dbe0c4cfe7,,
1.0,G04-260201-132804-039,G04-260201-132804-039.bmp,G04,2026-02-01T13:28:04,2026-02-01,G04_2026-02-01,39,train,normal,,1025,1281,1,cc51644fc9642726e8138a19152da69f02403b668e2e893e3aa234df1891b343,,
1.0,G04-260201-132820-040,G04-260201-132820-040.bmp,G04,2026-02-01T13:28:20,2026-02-01,G04_2026-02-01,40,train,normal,,1025,1281,1,9295cd5831aeea204f7436c0d46718a04bc8818b07d4e5d7efd2be18f2e325a7,,
1.0,G04-260201-132826-041,G04-260201-132826-041.bmp,G04,2026-02-01T13:28:26,2026-02-01,G04_2026-02-01,41,train,normal,,1025,1281,1,52cd6bce634f8566840f2f5cb6dd97c252d4aaeefcda68ecfd31302282fb6e3c,,
1.0,G04-260201-132840-042,G04-260201-132840-042.bmp,G04,2026-02-01T13:28:40,2026-02-01,G04_2026-02-01,42,train,normal,,1025,1281,1,6a1b1d05710b2a14ef25c75e87857891adb7f35c0c097bc41104e7a51aab21af,,
1.0,G04-260201-132905-043,G04-260201-132905-043.bmp,G04,2026-02-01T13:29:05,2026-02-01,G04_2026-02-01,43,train,normal,,1025,1281,1,07dcdde57e321e07cb8bc0b4c3b04324633b7bdcce79e58f77a78f1c81820e1b,,
1.0,G04-260201-132914-044,G04-260201-132914-044.bmp,G04,2026-02-01T13:29:14,2026-02-01,G04_2026-02-01,44,train,normal,,1025,1281,1,b376c228683107c72f03b2c69d8330fbc8c30a6336d8da552a313565c55776f3,,
1.0,G04-260201-132943-045,G04-260201-132943-045.bmp,G04,2026-02-01T13:29:43,2026-02-01,G04_2026-02-01,45,train,normal,,1025,1281,1,4d24f68cc0220b83cd064cd94484ea0b5314f09249d4fecf699fcf22ad09fd7e,,
1.0,G04-260201-132953-046,G04-260201-132953-046.bmp,G04,2026-02-01T13:29:53,2026-02-01,G04_2026-02-01,46,train,normal,,1025,1281,1,1748f8d11a5ea86d164f3efe5c8fab3712bbee4cc27f6534ea3c4201c7f53686,,
1.0,G04-260201-133006-047,G04-260201-133006-047.bmp,G04,2026-02-01T13:30:06,2026-02-01,G04_2026-02-01,47,train,normal,,1025,1281,1,102c8f17ae7d9800a79ed82eb8fae20d9c61a798a66b0d798464bd0b0c8b6835,,
1.0,G04-260201-133018-048,G04-260201-133018-048.bmp,G04,2026-02-01T13:30:18,2026-02-01,G04_2026-02-01,48,train,normal,,1025,1281,1,9111242b97d7f1f867c3037153052c9fbc0551340a5631b07928c814ae3ca3fd,,
1.0,G04-260201-133025-049,G04-260201-133025-049.bmp,G04,2026-02-01T13:30:25,2026-02-01,G04_2026-02-01,49,train,normal,,1025,1281,1,dbf65f6fd184b44cc4a33b1507419d2f2e48e3092856c7b021b685a2b1bffe71,,
1.0,G04-260201-133041-050,G04-260201-133041-050.bmp,G04,2026-02-01T13:30:41,2026-02-01,G04_2026-02-01,50,train,normal,,1025,1281,1,259b5f346be1e92c04dc5fc51dd6ec28f6d7521f6c8e60b19a0b20822f1cb438,,
1.0,G04-260201-133121-051,G04-260201-133121-051.bmp,G04,2026-02-01T13:31:21,2026-02-01,G04_2026-02-01,51,train,normal,,1025,1281,1,a24fe9be266badc24c8e32104d4e67f74e7042f33ac8f5142e5e64b9e8c38cc6,,
1.0,G04-260201-133127-052,G04-260201-133127-052.bmp,G04,2026-02-01T13:31:27,2026-02-01,G04_2026-02-01,52,train,normal,,1025,1281,1,da222a694147835cd33fb6d1ecbdc06169bbb2390f7a95cac42c70af0a0e1406,,
1.0,G04-260201-133135-053,G04-260201-133135-053.bmp,G04,2026-02-01T13:31:35,2026-02-01,G04_2026-02-01,53,train,normal,,1025,1281,1,5d75759e625ab83f198fe25a40ce5079f375f8de80a72c648c1913350522d78a,,
1.0,G04-260201-133151-054,G04-260201-133151-054.bmp,G04,2026-02-01T13:31:51,2026-02-01,G04_2026-02-01,54,train,normal,,1025,1281,1,caf4b8364ce29b104ceee2024910744c57868c65b69009543f4f7728104c7eed,,
1.0,G04-260201-133157-055,G04-260201-133157-055.bmp,G04,2026-02-01T13:31:57,2026-02-01,G04_2026-02-01,55,train,normal,,1025,1281,1,637cfb8fb3bf433fc436ef197267b14231245d54ddfd9b26a1b8ef694f316989,,
1.0,G04-260201-133217-056,G04-260201-133217-056.bmp,G04,2026-02-01T13:32:17,2026-02-01,G04_2026-02-01,56,train,normal,,1025,1281,1,1c04d1cae29273e2ec6c5ca2d881c8c5d98dfe14ee51265aaddf4a55a414d2de,,
1.0,G04-260201-133243-057,G04-260201-133243-057.bmp,G04,2026-02-01T13:32:43,2026-02-01,G04_2026-02-01,57,train,normal,,1025,1281,1,1c2507b937b0459d4b561c3c2090ec48126001173d94f359721f426789ba01b6,,
1.0,G04-260201-133323-058,G04-260201-133323-058.bmp,G04,2026-02-01T13:33:23,2026-02-01,G04_2026-02-01,58,train,normal,,1025,1281,1,8d470f6edc0151c11f27b0d1dcf62575ecbcfd9f2becccaf70f472763f1095b0,,
1.0,G04-260201-133329-059,G04-260201-133329-059.bmp,G04,2026-02-01T13:33:29,2026-02-01,G04_2026-02-01,59,train,normal,,1025,1281,1,5147be4d1246243986887410d4fefa2c923336160a27833b029138b27d79578e,,
1.0,G04-260201-133335-060,G04-260201-133335-060.bmp,G04,2026-02-01T13:33:35,2026-02-01,G04_2026-02-01,60,train,normal,,1025,1281,1,1ebe09f715f267d3ee3f881a0debd4847438e9d656eed53adc44fdaf82e05a0b,,
1.0,G04-260201-133350-061,G04-260201-133350-061.bmp,G04,2026-02-01T13:33:50,2026-02-01,G04_2026-02-01,61,train,normal,,1025,1281,1,b34c5cc30b684e614d3dd426b198da3621da9f966198d3e8208a4728e298b541,,
1.0,G04-260201-133357-062,G04-260201-133357-062.bmp,G04,2026-02-01T13:33:57,2026-02-01,G04_2026-02-01,62,train,normal,,1025,1281,1,fa1ef769a202c08044e7790c810356b009c7688e431c38d01d33556e3a44a803,,
1.0,G04-260201-133417-063,G04-260201-133417-063.bmp,G04,2026-02-01T13:34:17,2026-02-01,G04_2026-02-01,63,train,normal,,1025,1281,1,19be4dd0dd4d95c5e9f730ca5ea9f78f4cee902e40f2e3984a3f64e8ea7a7224,,
1.0,G04-260201-133425-064,G04-260201-133425-064.bmp,G04,2026-02-01T13:34:25,2026-02-01,G04_2026-02-01,64,train,normal,,1025,1281,1,5f984d6edb499aae5e940fbdaac61c4a3ffffc8c582d15b1a17b68b958cb0f97,,
1.0,G04-260201-133444-065,G04-260201-133444-065.bmp,G04,2026-02-01T13:34:44,2026-02-01,G04_2026-02-01,65,train,normal,,1025,1281,1,1dd0d436714fea09841d535df56504bcdf9fca2dec521871e947a0e023568353,,
1.0,G04-260201-133522-066,G04-260201-133522-066.bmp,G04,2026-02-01T13:35:22,2026-02-01,G04_2026-02-01,66,train,normal,,1025,1281,1,685d9fd7c40a650b6149ddbdcafaf9ec1c8feb4ba8b37b995823a8f31c02973c,,
1.0,G04-260201-133528-067,G04-260201-133528-067.bmp,G04,2026-02-01T13:35:28,2026-02-01,G04_2026-02-01,67,train,normal,,1025,1281,1,1c8ead1d3c1cccad94e996d548fc709a26c32746306a5c93ed3232aef29e2190,,
1.0,G04-260201-133536-068,G04-260201-133536-068.bmp,G04,2026-02-01T13:35:36,2026-02-01,G04_2026-02-01,68,train,normal,,1025,1281,1,afd29cf825f7ba197ac547eac3b18704a5c30a8c6562f3eb0de4a10859cfd62a,,
1.0,G04-260201-133550-069,G04-260201-133550-069.bmp,G04,2026-02-01T13:35:50,2026-02-01,G04_2026-02-01,69,train,normal,,1025,1281,1,6fa1696e1b141f04649d9352548a6edc7728c78368b0254b65fb70b6d0490603,,
1.0,G04-260201-133557-070,G04-260201-133557-070.bmp,G04,2026-02-01T13:35:57,2026-02-01,G04_2026-02-01,70,train,normal,,1025,1281,1,206380e2e8733797d8a64a9552a4f7387e764e8010b7a2578ea8245367d5dd3f,,
1.0,G04-260201-133613-071,G04-260201-133613-071.bmp,G04,2026-02-01T13:36:13,2026-02-01,G04_2026-02-01,71,train,normal,,1025,1281,1,ec48b7610c4c3fb379551e10c2bcf5c8d8b128542705dc08417c2d5a7f151bb6,,
1.0,G04-260201-133653-072,G04-260201-133653-072.bmp,G04,2026-02-01T13:36:53,2026-02-01,G04_2026-02-01,72,train,normal,,1025,1281,1,b708addf18e5ffb95649a1f252ddf59799ee3d879f04da8e16dd6eb70f2f6df1,,
1.0,G04-260201-133659-073,G04-260201-133659-073.bmp,G04,2026-02-01T13:36:59,2026-02-01,G04_2026-02-01,73,train,normal,,1025,1281,1,f6fa9fb76b64fef3f969dd26e18a1100af92c12cfbb9b4726ae476cf5466139d,,
1.0,G04-260201-133706-074,G04-260201-133706-074.bmp,G04,2026-02-01T13:37:06,2026-02-01,G04_2026-02-01,74,train,normal,,1025,1281,1,86add6657a7e080152a97b99d9a8b8b6e14863135627a6a3bfeba2bbfd547690,,
1.0,G04-260201-133736-075,G04-260201-133736-075.bmp,G04,2026-02-01T13:37:36,2026-02-01,G04_2026-02-01,75,train,normal,,1025,1281,1,2781d2a012261aa9e2b6f8f97b24acfffed1b8282f9ec8181f52e5664e29c63c,,
1.0,G04-260201-133742-076,G04-260201-133742-076.bmp,G04,2026-02-01T13:37:42,2026-02-01,G04_2026-02-01,76,train,normal,,1025,1281,1,2da6ffceeb4263fa69d624a3fb7553ead9a7f19e1b8f55685e1d16013c97df73,,
1.0,G04-260201-133749-077,G04-260201-133749-077.bmp,G04,2026-02-01T13:37:49,2026-02-01,G04_2026-02-01,77,train,normal,,1025,1281,1,4a680b18de2b06ed6ebdefd2d1dc595974d0dc6e4cca1d6ea7dc733a09abfcc9,,
1.0,G04-260201-133807-078,G04-260201-133807-078.bmp,G04,2026-02-01T13:38:07,2026-02-01,G04_2026-02-01,78,train,normal,,1025,1281,1,9d5d23d542092866bcdfc97d188c5ee63a4b4ab1dc6d1114ea3ece194b1d4c35,,
1.0,G04-260201-133848-079,G04-260201-133848-079.bmp,G04,2026-02-01T13:38:48,2026-02-01,G04_2026-02-01,79,train,normal,,1025,1281,1,8971130de8c0bc6a46efbdfc6f4f18308921c4ddfe1381f17ec4b6060e1d8707,,
1.0,G04-260201-133854-080,G04-260201-133854-080.bmp,G04,2026-02-01T13:38:54,2026-02-01,G04_2026-02-01,80,train,normal,,1025,1281,1,1fd79db5c98adfb9d58ac93b7c67bbb4760d22e07895a44c60a2bf009e6c1c0e,,
1.0,G04-260201-133901-081,G04-260201-133901-081.bmp,G04,2026-02-01T13:39:01,2026-02-01,G04_2026-02-01,81,train,normal,,1025,1281,1,109c57cf0ac7569f48c2ba9fd22504556bfa0e91f3354578ef31cd8c5034f6f3,,
1.0,G04-260201-133907-082,G04-260201-133907-082.bmp,G04,2026-02-01T13:39:07,2026-02-01,G04_2026-02-01,82,train,normal,,1025,1281,1,6958f863c4a7d84707cf9152b21fa09c3e6622e667129c3bdf2356542980a128,,
1.0,G04-260201-133926-083,G04-260201-133926-083.bmp,G04,2026-02-01T13:39:26,2026-02-01,G04_2026-02-01,83,train,normal,,1025,1281,1,0b197606fcd6a8452e674a28abf54134ab2af279fe40ef5e2806ae3b5e06dbe8,,
1.0,G04-260201-133932-084,G04-260201-133932-084.bmp,G04,2026-02-01T13:39:32,2026-02-01,G04_2026-02-01,84,train,normal,,1025,1281,1,038931ec21c87333b1cd3cb8b0958746b88c21823d73f2716d73358922fb705a,,
1.0,G04-260201-134018-085,G04-260201-134018-085.bmp,G04,2026-02-01T13:40:18,2026-02-01,G04_2026-02-01,85,train,normal,,1025,1281,1,c106954356e69e44117d7c23300f467eec9eeef23e3353919e76da71e25d8b32,,
1.0,G04-260201-134024-086,G04-260201-134024-086.bmp,G04,2026-02-01T13:40:24,2026-02-01,G04_2026-02-01,86,train,normal,,1025,1281,1,645fc679117c83a9bec0f84793ef6405bebb58cc56ba884694ac6d7159906625,,
1.0,G04-260201-134030-087,G04-260201-134030-087.bmp,G04,2026-02-01T13:40:30,2026-02-01,G04_2026-02-01,87,train,normal,,1025,1281,1,5a560ef8a7ab0e66ff75059968455cd1950db869c3d40256c4e40311612aabf1,,
1.0,G04-260201-134037-088,G04-260201-134037-088.bmp,G04,2026-02-01T13:40:37,2026-02-01,G04_2026-02-01,88,train,normal,,1025,1281,1,e8dadfc72b73d95879034a740d43263db174117dca7713ea146c3e73260b099c,,
1.0,G04-260201-134056-089,G04-260201-134056-089.bmp,G04,2026-02-01T13:40:56,2026-02-01,G04_2026-02-01,89,train,normal,,1025,1281,1,6ee4c86aa75af04135310eab9cc75db6893416c679d4957367b0c159a9a2e72e,,
1.0,G04-260201-134102-090,G04-260201-134102-090.bmp,G04,2026-02-01T13:41:02,2026-02-01,G04_2026-02-01,90,train,normal,,1025,1281,1,22245edffbe04eb3e2aa3d2e767818ae4575d9b6f8856e7c0ca6e301e9d4c0a9,,
1.0,G04-260201-134146-091,G04-260201-134146-091.bmp,G04,2026-02-01T13:41:46,2026-02-01,G04_2026-02-01,91,train,normal,,1025,1281,1,2ab7bd9dd9a5a5ef8ff700aa336e39536932f74f8c3cb854721c858943aabd82,,
1.0,G04-260201-134153-092,G04-260201-134153-092.bmp,G04,2026-02-01T13:41:53,2026-02-01,G04_2026-02-01,92,train,normal,,1025,1281,1,ed5afce05e42b230bc9823b428e645189b8e36fe10c66b6cea52153d6e4bbfee,,
1.0,G04-260201-134200-093,G04-260201-134200-093.bmp,G04,2026-02-01T13:42:00,2026-02-01,G04_2026-02-01,93,train,normal,,1025,1281,1,37146ad66b8f92fb952b26ce7ed1453d2f66cb447b03b571bb6c1b1796eefc03,,
1.0,G04-260201-134208-094,G04-260201-134208-094.bmp,G04,2026-02-01T13:42:08,2026-02-01,G04_2026-02-01,94,train,normal,,1025,1281,1,533a74b48731d8441d84fa6dfb976ccf49be204075d561e53a76b302ad621597,,
1.0,G04-260201-134224-095,G04-260201-134224-095.bmp,G04,2026-02-01T13:42:24,2026-02-01,G04_2026-02-01,95,train,normal,,1025,1281,1,3fd55efd5a3b73dc1895d0369b846af70fb30c280301c383d87fed40524b8441,,
1.0,G04-260201-134230-096,G04-260201-134230-096.bmp,G04,2026-02-01T13:42:30,2026-02-01,G04_2026-02-01,96,train,normal,,1025,1281,1,46977aafa7429ad954b7cb88463fcc99cb32ffabdfa2850c06fa2700c127132f,,
1.0,G04-260201-134319-097,G04-260201-134319-097.bmp,G04,2026-02-01T13:43:19,2026-02-01,G04_2026-02-01,97,train,normal,,1025,1281,1,3989df4b889baa05c9fa752cb97dd3ef40f85d5b45ae22ff5e1368d0a2db59a7,,
1.0,G04-260201-134325-098,G04-260201-134325-098.bmp,G04,2026-02-01T13:43:25,2026-02-01,G04_2026-02-01,98,train,normal,,1025,1281,1,7a0f7d3d5bdbf23cdb3a9bc56c0a8f4ca7a06e4943bed1dc868c86ad01912eed,,
1.0,G04-260201-134331-099,G04-260201-134331-099.bmp,G04,2026-02-01T13:43:31,2026-02-01,G04_2026-02-01,99,train,normal,,1025,1281,1,887498969745a20ccb17452db240c6852c6a4dd6b7f33ac3e90491ba7724a0a5,,
1.0,G04-260201-134338-100,G04-260201-134338-100.bmp,G04,2026-02-01T13:43:38,2026-02-01,G04_2026-02-01,100,train,normal,,1025,1281,1,787d4ee8447a96421a6e58679f15cbd286335d7325a797a356a183bb8ebf0a07,,
1.0,G04-260201-134354-101,G04-260201-134354-101.bmp,G04,2026-02-01T13:43:54,2026-02-01,G04_2026-02-01,101,train,normal,,1025,1281,1,7eda8ac69a3ed7e5900d97b12d23167f17d8c1ef586a0fbf3edbec2e81601ce1,,
1.0,G04-260201-134401-102,G04-260201-134401-102.bmp,G04,2026-02-01T13:44:01,2026-02-01,G04_2026-02-01,102,train,normal,,1025,1281,1,a4dfc2c4c213962a3845ed5e0b526f77217e2a6161149c1897f976dcd86c057b,,
1.0,G04-260201-134421-103,G04-260201-134421-103.bmp,G04,2026-02-01T13:44:21,2026-02-01,G04_2026-02-01,103,train,normal,,1025,1281,1,74df372d371c02f00ef07f696e85e5627a42a8788e0c986c408c812aa74a5e7d,,
1.0,G04-260201-134429-104,G04-260201-134429-104.bmp,G04,2026-02-01T13:44:29,2026-02-01,G04_2026-02-01,104,train,normal,,1025,1281,1,65ffd0a7c83d5c30cd1048c39d27ff7931fb9eec2595f9df73c81714d3fb6551,,
1.0,G04-260201-134450-105,G04-260201-134450-105.bmp,G04,2026-02-01T13:44:50,2026-02-01,G04_2026-02-01,105,train,normal,,1025,1281,1,1c3c2dd4f950762fb71ea55aef61d463fefe88e020e2d682737ee9d27b3017cc,,
1.0,G04-260201-134518-106,G04-260201-134518-106.bmp,G04,2026-02-01T13:45:18,2026-02-01,G04_2026-02-01,106,train,normal,,1025,1281,1,826eda7895136accb6a63d8c6702f82c239263cca31addba2533baeb0be2c515,,
1.0,G04-260201-134548-107,G04-260201-134548-107.bmp,G04,2026-02-01T13:45:48,2026-02-01,G04_2026-02-01,107,train,normal,,1025,1281,1,aea21eb09a474f9941d09623b45cd4630cd367c9a4324a65c661719836e5a8aa,,
1.0,G04-260201-134554-108,G04-260201-134554-108.bmp,G04,2026-02-01T13:45:54,2026-02-01,G04_2026-02-01,108,train,normal,,1025,1281,1,c6a1b5eb06eaf8ef446d30824075124b412d21141c4eefd8061f404975dd42d2,,
1.0,G04-260201-134601-109,G04-260201-134601-109.bmp,G04,2026-02-01T13:46:01,2026-02-01,G04_2026-02-01,109,train,normal,,1025,1281,1,30f8be35b34369cf4bc959c211a47c937131f9b669c00f7c899b3a1f94dd56c1,,
1.0,G04-260201-134607-110,G04-260201-134607-110.bmp,G04,2026-02-01T13:46:07,2026-02-01,G04_2026-02-01,110,train,normal,,1025,1281,1,53bc39fb2c339e80c4c910b00900765893929ad2f052a39dc608a432bdcce00f,,
1.0,G04-260201-134625-111,G04-260201-134625-111.bmp,G04,2026-02-01T13:46:25,2026-02-01,G04_2026-02-01,111,train,normal,,1025,1281,1,df0e754fcfa2d705c49976b47d3526a3c4bd38bcd539b10d4b7fbbf6e44e2e93,,
1.0,G04-260201-134631-112,G04-260201-134631-112.bmp,G04,2026-02-01T13:46:31,2026-02-01,G04_2026-02-01,112,train,normal,,1025,1281,1,8a66b987567b4f5801179057bd58e3835c5b5a2fb9e87f3b8406ff5cee2901ee,,
1.0,G04-260201-134651-113,G04-260201-134651-113.bmp,G04,2026-02-01T13:46:51,2026-02-01,G04_2026-02-01,113,train,normal,,1025,1281,1,d63bbd30549b7770931c9c00cf6fc3131d8c42f274534df451d3eb471709bf2c,,
1.0,G04-260201-134658-114,G04-260201-134658-114.bmp,G04,2026-02-01T13:46:58,2026-02-01,G04_2026-02-01,114,train,normal,,1025,1281,1,84290c6bc0be1c17a34b1932ba0da87a7a4491cd3dca4b08794ecb5caeeb9b37,,
1.0,G04-260201-134716-115,G04-260201-134716-115.bmp,G04,2026-02-01T13:47:16,2026-02-01,G04_2026-02-01,115,train,normal,,1025,1281,1,0c749ac4e77bb2afe59a6b493a04db2baee558d23a864e808f3e9662cb6ba872,,
1.0,G04-260201-134757-116,G04-260201-134757-116.bmp,G04,2026-02-01T13:47:57,2026-02-01,G04_2026-02-01,116,train,normal,,1025,1281,1,f665d09a3e67a31912ab0875f9e29a4fd30437ddb5a8fba63e8e2a813ddc4eff,,
1.0,G04-260201-134803-117,G04-260201-134803-117.bmp,G04,2026-02-01T13:48:03,2026-02-01,G04_2026-02-01,117,train,normal,,1025,1281,1,1f6b2ae577f86b95f837da60104c4692464d8f432f6d8726b105913158c2f412,,
1.0,G04-260201-134810-118,G04-260201-134810-118.bmp,G04,2026-02-01T13:48:10,2026-02-01,G04_2026-02-01,118,train,normal,,1025,1281,1,87d4898b972106e1cb778a53b1ca294b9044556a3971f5c1ea8be60701966299,,
1.0,G04-260201-134841-119,G04-260201-134841-119.bmp,G04,2026-02-01T13:48:41,2026-02-01,G04_2026-02-01,119,train,normal,,1025,1281,1,46450f035ae9e893f383d832e98524478012ef92754027a6ef584c62e1391bc9,,
1.0,G04-260201-134847-120,G04-260201-134847-120.bmp,G04,2026-02-01T13:48:47,2026-02-01,G04_2026-02-01,120,train,normal,,1025,1281,1,b925f46b2fec44e46b38d40632f0d67f8f98b44d48bd49b23f563d51c0dbb606,,
1.0,G04-260201-134855-121,G04-260201-134855-121.bmp,G04,2026-02-01T13:48:55,2026-02-01,G04_2026-02-01,121,train,normal,,1025,1281,1,c39a1fb81166a89c56d55fc869afe4b28cdf8c493fa0c51be663bbf4265e6290,,
1.0,G04-260201-134901-122,G04-260201-134901-122.bmp,G04,2026-02-01T13:49:01,2026-02-01,G04_2026-02-01,122,train,normal,,1025,1281,1,a2dbdb4ba0be8194432eaa530196a934ce2c073eca19ab44e3b136113a543ea9,,
1.0,G04-260201-134927-123,G04-260201-134927-123.bmp,G04,2026-02-01T13:49:27,2026-02-01,G04_2026-02-01,123,train,normal,,1025,1281,1,d14bd4b6da8432ee899560ef95133974ec5151eacd3aa66170b4da1b1f7f67ba,,
1.0,G04-260201-134933-124,G04-260201-134933-124.bmp,G04,2026-02-01T13:49:33,2026-02-01,G04_2026-02-01,124,train,normal,,1025,1281,1,7ce6b1677c11cd9b71949ebad9b9448da60576b4639da6b98e0fa1e8a9afbbdf,,
1.0,G04-260201-135021-125,G04-260201-135021-125.bmp,G04,2026-02-01T13:50:21,2026-02-01,G04_2026-02-01,125,train,normal,,1025,1281,1,46fcefdc14eefbc38e45797bc233ad1ebb52431ee8d0db447d7b5508603ec9c8,,
1.0,G04-260201-135027-126,G04-260201-135027-126.bmp,G04,2026-02-01T13:50:27,2026-02-01,G04_2026-02-01,126,train,normal,,1025,1281,1,5f4ede50a22e8ca8dccc3464c0befbc17e4cdeae0887d2d41d4dc9b7cde1c857,,
1.0,G04-260201-135034-127,G04-260201-135034-127.bmp,G04,2026-02-01T13:50:34,2026-02-01,G04_2026-02-01,127,train,normal,,1025,1281,1,cc35c8e6fff00175c5110b55c71d4d3ae7d90a80c911d6ae3f287aeae58883df,,
1.0,G04-260201-135043-128,G04-260201-135043-128.bmp,G04,2026-02-01T13:50:43,2026-02-01,G04_2026-02-01,128,train,normal,,1025,1281,1,0d771ca8407b6d06bc7a52a61fe94080ba1ab19ebda73d88b5c17361f8cec02d,,
1.0,G04-260201-135102-129,G04-260201-135102-129.bmp,G04,2026-02-01T13:51:02,2026-02-01,G04_2026-02-01,129,train,normal,,1025,1281,1,85ffb36875e3dbf814d1d6510d3c390158b1fcbc82b44f4190a512bf208b6bd1,,
1.0,G04-260201-135110-130,G04-260201-135110-130.bmp,G04,2026-02-01T13:51:10,2026-02-01,G04_2026-02-01,130,train,normal,,1025,1281,1,0e9f8c579c883c6efc80e16d692076f8fe8ce49a6b891c68bccfad2f7a9e6ab6,,
1.0,G04-260201-135119-131,G04-260201-135119-131.bmp,G04,2026-02-01T13:51:19,2026-02-01,G04_2026-02-01,131,train,normal,,1025,1281,1,47be2f474ecd8d6eff1aa17140abbe5af451cd23798caef56fb665025a44b00f,,
1.0,G04-260201-135158-132,G04-260201-135158-132.bmp,G04,2026-02-01T13:51:58,2026-02-01,G04_2026-02-01,132,train,normal,,1025,1281,1,0f484e3dd3860c22fd575df63ac7df04f5d8d62a55f5da22edd36926949ee6f5,,
1.0,G04-260201-135206-133,G04-260201-135206-133.bmp,G04,2026-02-01T13:52:06,2026-02-01,G04_2026-02-01,133,train,normal,,1025,1281,1,62a3dc5ba906f2c67bec3a507c85991e3faa272c78b27148edbe94351d9dfc9d,,
1.0,G04-260201-135212-134,G04-260201-135212-134.bmp,G04,2026-02-01T13:52:12,2026-02-01,G04_2026-02-01,134,train,normal,,1025,1281,1,7206cfbeeb2af4d09eb3523b3cd8aab3b30d4d4b6d8cda1d1dc434e6ce00a7aa,,
1.0,G04-260201-135239-135,G04-260201-135239-135.bmp,G04,2026-02-01T13:52:39,2026-02-01,G04_2026-02-01,135,train,normal,,1025,1281,1,62b8a85578fe0df7bbdf6ef3642072574cd94df2e6026148207d53fb93b06e78,,
1.0,G04-260201-135246-136,G04-260201-135246-136.bmp,G04,2026-02-01T13:52:46,2026-02-01,G04_2026-02-01,136,train,normal,,1025,1281,1,6ebd189de704e484b98df7d17f5c8cb673f3cb0a85fcea2410ed9c4fbc0fb86c,,
1.0,G04-260201-135252-137,G04-260201-135252-137.bmp,G04,2026-02-01T13:52:52,2026-02-01,G04_2026-02-01,137,train,normal,,1025,1281,1,ac1c6824106b760b847a4f1de949272d6446b81f68ffc87a7d772f8d15aa28a9,,
1.0,G04-260201-135313-138,G04-260201-135313-138.bmp,G04,2026-02-01T13:53:13,2026-02-01,G04_2026-02-01,138,train,normal,,1025,1281,1,0e81e1d95178c2780fd26ff0b0ef06e089a93d5ba677746d449f76282c33365a,,
1.0,G04-260201-135326-139,G04-260201-135326-139.bmp,G04,2026-02-01T13:53:26,2026-02-01,G04_2026-02-01,139,train,normal,,1025,1281,1,85bb60ac6f58fd7cbed0c5827e662c594a1f6448054e404e98d48c56208904af,,
1.0,G04-260201-135332-140,G04-260201-135332-140.bmp,G04,2026-02-01T13:53:32,2026-02-01,G04_2026-02-01,140,train,normal,,1025,1281,1,453721837108506864fd29feb8019b31cc1377e69c5919840ad511e28430b702,,
1.0,G04-260201-135354-141,G04-260201-135354-141.bmp,G04,2026-02-01T13:53:54,2026-02-01,G04_2026-02-01,141,train,normal,,1025,1281,1,ed1cd8cc956fcc908c5255cb70b7d3923bdd086b856c9c6b96972012dad643db,,
1.0,G04-260201-135401-142,G04-260201-135401-142.bmp,G04,2026-02-01T13:54:01,2026-02-01,G04_2026-02-01,142,train,normal,,1025,1281,1,78fa1ca777facbfba581a0383b886a170ad815b4f33071ca2da3e03daa4bed46,,
1.0,G04-260201-135425-143,G04-260201-135425-143.bmp,G04,2026-02-01T13:54:25,2026-02-01,G04_2026-02-01,143,train,normal,,1025,1281,1,236738e51fb3fa138a1780464e9248252ebb06c561a412cb0350f59019eb2f35,,
1.0,G04-260201-135433-144,G04-260201-135433-144.bmp,G04,2026-02-01T13:54:33,2026-02-01,G04_2026-02-01,144,train,normal,,1025,1281,1,11b6bbfe5f03edee44448b8903be9c1063b13afc61da1c5151a4f51ed6c898a2,,
1.0,G04-260201-135456-145,G04-260201-135456-145.bmp,G04,2026-02-01T13:54:56,2026-02-01,G04_2026-02-01,145,train,normal,,1025,1281,1,558affcf2a58b4012cf36e964e887df581d2ac48cd4c15f6bce14a2b8a37f56b,,
1.0,G04-260201-135503-146,G04-260201-135503-146.bmp,G04,2026-02-01T13:55:03,2026-02-01,G04_2026-02-01,146,train,normal,,1025,1281,1,9954ec9eec08d262701ae2640a26620e24240fcc3832547dcccde7ef5d371460,,
1.0,G04-260201-135531-147,G04-260201-135531-147.bmp,G04,2026-02-01T13:55:31,2026-02-01,G04_2026-02-01,147,train,normal,,1025,1281,1,39cf65dfdde22d255dffaeddaf3ec7f930460b594df6f49203dc9c5aa03684d9,,
1.0,G04-260201-135537-148,G04-260201-135537-148.bmp,G04,2026-02-01T13:55:37,2026-02-01,G04_2026-02-01,148,train,normal,,1025,1281,1,03fd5db4caab3eb0628edb089d3637e362f06ce193e3bf11828321308eec483f,,
1.0,G04-260201-135557-149,G04-260201-135557-149.bmp,G04,2026-02-01T13:55:57,2026-02-01,G04_2026-02-01,149,train,normal,,1025,1281,1,8f9ca2423726b447af0b1fc9fbd0c186db7ce671bbb946bc6d84abac4ba52afb,,
1.0,G04-260201-135603-150,G04-260201-135603-150.bmp,G04,2026-02-01T13:56:03,2026-02-01,G04_2026-02-01,150,train,normal,,1025,1281,1,5c8a70ca6ba07f706f013bf24a903e1b4c6e7be0a129c4c472bd4018b5f833fb,,
1.0,G04-260201-135626-151,G04-260201-135626-151.bmp,G04,2026-02-01T13:56:26,2026-02-01,G04_2026-02-01,151,train,normal,,1025,1281,1,d7b3ddbd3a58ff5fbd1cb7b84498f07f09d4453d8aa7fe312bd778583821080b,,
1.0,G04-260201-135632-152,G04-260201-135632-152.bmp,G04,2026-02-01T13:56:32,2026-02-01,G04_2026-02-01,152,train,normal,,1025,1281,1,acfbb36b69c75cb27aad5c1bb8998aa25853accd2ec65508e1ce9bd8d8e04906,,
1.0,G04-260201-135655-153,G04-260201-135655-153.bmp,G04,2026-02-01T13:56:55,2026-02-01,G04_2026-02-01,153,train,normal,,1025,1281,1,8bde3040d5ac22ff1a5f320cb923426e140e9d04f5a51039677ef909122bf61d,,
1.0,G04-260201-135701-154,G04-260201-135701-154.bmp,G04,2026-02-01T13:57:01,2026-02-01,G04_2026-02-01,154,train,normal,,1025,1281,1,658b78ed9a9bd753f8901fe91a4c88b24181b8bf85e0d83166e03b78e3ec2f08,,
1.0,G04-260201-135724-155,G04-260201-135724-155.bmp,G04,2026-02-01T13:57:24,2026-02-01,G04_2026-02-01,155,train,normal,,1025,1281,1,87ee8c4095968adc1cbd85aa4102bb5ad263d54fdb67f8bcb7c4e884eb1654f2,,
1.0,G04-260201-135731-156,G04-260201-135731-156.bmp,G04,2026-02-01T13:57:31,2026-02-01,G04_2026-02-01,156,train,normal,,1025,1281,1,bf46ae848935b874e08ca386895051457c2ed20cb7df98c28717711de8334cc6,,
1.0,G04-260201-135755-157,G04-260201-135755-157.bmp,G04,2026-02-01T13:57:55,2026-02-01,G04_2026-02-01,157,train,normal,,1025,1281,1,2b2ea4fb01c9546e37c8f39b40ca8193f235cc6e9878263dc11413e1313dd839,,
1.0,G04-260201-135802-158,G04-260201-135802-158.bmp,G04,2026-02-01T13:58:02,2026-02-01,G04_2026-02-01,158,train,normal,,1025,1281,1,1b12875566dbb6d7fd0568cc4d7f0e5254fce281d6ee765703043a5fc4e32262,,
1.0,G04-260201-135826-159,G04-260201-135826-159.bmp,G04,2026-02-01T13:58:26,2026-02-01,G04_2026-02-01,159,train,normal,,1025,1281,1,acfaa915bafb9d1a0fdd92e14993fb3e898d158487ec8c62c4793f3090116505,,
1.0,G04-260201-135833-160,G04-260201-135833-160.bmp,G04,2026-02-01T13:58:33,2026-02-01,G04_2026-02-01,160,train,normal,,1025,1281,1,ab75c1d9bdb63c8f4c89bddd88187a5ff829074b8421429728afa483aa325898,,
1.0,G04-260201-135859-161,G04-260201-135859-161.bmp,G04,2026-02-01T13:58:59,2026-02-01,G04_2026-02-01,161,train,normal,,1025,1281,1,f3be1e5296ac2e56e982d34a10cba858f819c7cd95921677ecbb3a6ddbdc58d0,,
1.0,G04-260201-135905-162,G04-260201-135905-162.bmp,G04,2026-02-01T13:59:05,2026-02-01,G04_2026-02-01,162,train,normal,,1025,1281,1,519ccd3c217f7baba06da2795818e4ef74a99b84fc186c1712b53781297e6438,,
1.0,G04-260201-135925-163,G04-260201-135925-163.bmp,G04,2026-02-01T13:59:25,2026-02-01,G04_2026-02-01,163,train,normal,,1025,1281,1,ad479e6573f9533a6334dcddae57c99f941a32a7d4c6af7753c6890053fd4863,,
1.0,G04-260201-135947-164,G04-260201-135947-164.bmp,G04,2026-02-01T13:59:47,2026-02-01,G04_2026-02-01,164,train,normal,,1025,1281,1,95d202041ec9cd656caeb3ab0280a6d51f73d0fe615700bff1ce08054ba389d0,,
1.0,G04-260201-135959-165,G04-260201-135959-165.bmp,G04,2026-02-01T13:59:59,2026-02-01,G04_2026-02-01,165,train,normal,,1025,1281,1,e87cf0a4df8321d0c814b12abbbb76bcb1f59d414c6c3d16359c4de8c0ee70eb,,
1.0,G04-260201-140005-166,G04-260201-140005-166.bmp,G04,2026-02-01T14:00:05,2026-02-01,G04_2026-02-01,166,train,normal,,1025,1281,1,259d54fa3b8b61bc1e0ea5e3dded33414e8cf0002721f7af6f61b0d6fbbe2923,,
1.0,G04-260201-140028-167,G04-260201-140028-167.bmp,G04,2026-02-01T14:00:28,2026-02-01,G04_2026-02-01,167,train,normal,,1025,1281,1,2f7377060aedc3c107373c2fe5703d5f5bda8f56dfaa3e9629d625b77d10916a,,
1.0,G04-260201-140034-168,G04-260201-140034-168.bmp,G04,2026-02-01T14:00:34,2026-02-01,G04_2026-02-01,168,train,normal,,1025,1281,1,de56aee537982fabe83d31ac9791279d717b592373cafeb53fe12004ff53a601,,
1.0,G04-260201-140057-169,G04-260201-140057-169.bmp,G04,2026-02-01T14:00:57,2026-02-01,G04_2026-02-01,169,train,normal,,1025,1281,1,10ee6ae854df3ddc14af766034ec9f02b1f5699236ef476fed39f1f4d8b4695b,,
1.0,G04-260201-140103-170,G04-260201-140103-170.bmp,G04,2026-02-01T14:01:03,2026-02-01,G04_2026-02-01,170,train,normal,,1025,1281,1,c0f8724c2879506573e2d9a7bb1ca39777311b6cda8fb176eb4150945f3cd229,,
1.0,G04-260201-140134-171,G04-260201-140134-171.bmp,G04,2026-02-01T14:01:34,2026-02-01,G04_2026-02-01,171,train,normal,,1025,1281,1,04ffa477c92a777c91864b40d0c20fc5445080a58519fb15321f3d553da1d8ea,,
1.0,G04-260201-140143-172,G04-260201-140143-172.bmp,G04,2026-02-01T14:01:43,2026-02-01,G04_2026-02-01,172,train,normal,,1025,1281,1,0ad234f71e35fe78dcfc260201589f978bd2ffe115bd0344c0e5904fe86ef7f4,,
1.0,G04-260201-140156-173,G04-260201-140156-173.bmp,G04,2026-02-01T14:01:56,2026-02-01,G04_2026-02-01,173,train,normal,,1025,1281,1,9b75a60ee9d2327826cbe8366896edddce53e8a1880d75aa5c75c8c1cb70f755,,
1.0,G04-260201-140228-174,G04-260201-140228-174.bmp,G04,2026-02-01T14:02:28,2026-02-01,G04_2026-02-01,174,train,normal,,1025,1281,1,a4b9444725b5f535348a18d4d97b282e361537ca9fa0543782350c1ba53ba69d,,
1.0,G04-260201-140235-175,G04-260201-140235-175.bmp,G04,2026-02-01T14:02:35,2026-02-01,G04_2026-02-01,175,train,normal,,1025,1281,1,4fba54d20677acc880e5ffbca98cefd838a78e8ffd3c8a0bbf2f8b89eb2b7335,,
1.0,G04-260201-140243-176,G04-260201-140243-176.bmp,G04,2026-02-01T14:02:43,2026-02-01,G04_2026-02-01,176,train,normal,,1025,1281,1,6e8831c416841df53649a0ea8d64d287ab1c5f33cf8a82d384ba948e6fc2570d,,
1.0,G04-260201-140300-177,G04-260201-140300-177.bmp,G04,2026-02-01T14:03:00,2026-02-01,G04_2026-02-01,177,train,normal,,1025,1281,1,778633657c7027045bc0b02ce5ab6c1ab530d116a9603a9a84a61fa59c371e5b,,
1.0,G04-260201-140306-178,G04-260201-140306-178.bmp,G04,2026-02-01T14:03:06,2026-02-01,G04_2026-02-01,178,train,normal,,1025,1281,1,58255360aa81ab807dd2018ee7f20ab554bb09a952703f409fee6e10a38a8201,,
1.0,G04-260201-140330-179,G04-260201-140330-179.bmp,G04,2026-02-01T14:03:30,2026-02-01,G04_2026-02-01,179,train,normal,,1025,1281,1,2092b0126568aa4907d89acf7c73738b6321421ab6eeb91a985fcbe0199085b3,,
1.0,G04-260201-140336-180,G04-260201-140336-180.bmp,G04,2026-02-01T14:03:36,2026-02-01,G04_2026-02-01,180,train,normal,,1025,1281,1,8f4086b8c46ce9beb768481802aa3d550da9a6ee13333cfe95e812c656ec7117,,
1.0,G04-260201-140356-181,G04-260201-140356-181.bmp,G04,2026-02-01T14:03:56,2026-02-01,G04_2026-02-01,181,train,normal,,1025,1281,1,3fa9792ce716de76daeb4425f57775af3d48f0e522ed3665c5577ff1caa6e9df,,
1.0,G04-260201-140403-182,G04-260201-140403-182.bmp,G04,2026-02-01T14:04:03,2026-02-01,G04_2026-02-01,182,train,normal,,1025,1281,1,8361fae938809b6c08a36a77e28bac286b989fa041e7c06f8ba2746e6f2aab60,,
1.0,G04-260201-140427-183,G04-260201-140427-183.bmp,G04,2026-02-01T14:04:27,2026-02-01,G04_2026-02-01,183,train,normal,,1025,1281,1,5c7447d5ba6db18a7475d9b818f4a9329ba3d6a04f733e7f71b55d565ffb2e01,,
1.0,G04-260201-140433-184,G04-260201-140433-184.bmp,G04,2026-02-01T14:04:33,2026-02-01,G04_2026-02-01,184,train,normal,,1025,1281,1,4234a7140526c93a45ceec52dc1d21f2758126bb202d5b18ba7c698d61b8a3a9,,
1.0,G04-260201-140459-185,G04-260201-140459-185.bmp,G04,2026-02-01T14:04:59,2026-02-01,G04_2026-02-01,185,train,normal,,1025,1281,1,3833fcb55e19b8d7e493c743766f343992cf4327a536fc52136a98ee190b031f,,
1.0,G04-260201-140505-186,G04-260201-140505-186.bmp,G04,2026-02-01T14:05:05,2026-02-01,G04_2026-02-01,186,train,normal,,1025,1281,1,8f9e603fcad04e5b80c338031cbb3be89c1266263baa166349cfbbd72065cc4f,,
1.0,G04-260201-140521-187,G04-260201-140521-187.bmp,G04,2026-02-01T14:05:21,2026-02-01,G04_2026-02-01,187,train,normal,,1025,1281,1,cf4d6484b5e63dd6ec2a85e05169d260509d90bb282c229753eef8e49e1a8f34,,
1.0,G04-260201-140601-188,G04-260201-140601-188.bmp,G04,2026-02-01T14:06:01,2026-02-01,G04_2026-02-01,188,train,normal,,1025,1281,1,40a47f6d14da358df2cf9b7161a16607a60f3314a3398878a908dd21868f640f,,
1.0,G04-260201-140607-189,G04-260201-140607-189.bmp,G04,2026-02-01T14:06:07,2026-02-01,G04_2026-02-01,189,train,normal,,1025,1281,1,ff2a3020ce391caeff563331c69bb54c8f11fbff3be310efcbec84a0bf6b4bf8,,
1.0,G04-260201-140614-190,G04-260201-140614-190.bmp,G04,2026-02-01T14:06:14,2026-02-01,G04_2026-02-01,190,train,normal,,1025,1281,1,6186577e1d3531576d7f249bf7924445137f8e6ad0c0b389bca5ec8cf278f2dc,,
1.0,G04-260201-140632-191,G04-260201-140632-191.bmp,G04,2026-02-01T14:06:32,2026-02-01,G04_2026-02-01,191,train,normal,,1025,1281,1,9e825ce75be5fbe149c5f93493b0d6127f7073dff6535dbcee2cf0d21a0ca0c2,,
1.0,G04-260201-140639-192,G04-260201-140639-192.bmp,G04,2026-02-01T14:06:39,2026-02-01,G04_2026-02-01,192,train,normal,,1025,1281,1,9c78d6d863e7dbd28bfbf0629d3d0a7accaa3cc9c92bf780e56deb1f5fd9c33c,,
1.0,G04-260201-140700-193,G04-260201-140700-193.bmp,G04,2026-02-01T14:07:00,2026-02-01,G04_2026-02-01,193,train,normal,,1025,1281,1,e0de0c991d488392503d548700335e6adf21c92250449197b88764bd81e0dc10,,
1.0,G04-260201-140706-194,G04-260201-140706-194.bmp,G04,2026-02-01T14:07:06,2026-02-01,G04_2026-02-01,194,train,normal,,1025,1281,1,998649bb3d7c443975e1bda04636fd4ef51aebda10d293f440c8d49901856a6f,,
1.0,G04-260201-140728-195,G04-260201-140728-195.bmp,G04,2026-02-01T14:07:28,2026-02-01,G04_2026-02-01,195,train,normal,,1025,1281,1,6450395eeac2c380cc8a32b276b8d4e53966adcadc72d071b9aa0e707a2c78e3,,
1.0,G04-260201-140734-196,G04-260201-140734-196.bmp,G04,2026-02-01T14:07:34,2026-02-01,G04_2026-02-01,196,train,normal,,1025,1281,1,8695b42a293f6a54b011ebea83179401f59775a8196016a8697e8a9ac248d51c,,
1.0,G04-260201-140758-197,G04-260201-140758-197.bmp,G04,2026-02-01T14:07:58,2026-02-01,G04_2026-02-01,197,train,normal,,1025,1281,1,73c34fe657e9ca35cf4c301d3cb2d6dc4858eaeeb65bab816479f3eed48a2f43,,
1.0,G04-260201-140806-198,G04-260201-140806-198.bmp,G04,2026-02-01T14:08:06,2026-02-01,G04_2026-02-01,198,train,normal,,1025,1281,1,23e9a894593183f8b498deb220cb019b71c651bb923abd8c22b37bc99c5b1e17,,
1.0,G04-260201-140832-199,G04-260201-140832-199.bmp,G04,2026-02-01T14:08:32,2026-02-01,G04_2026-02-01,199,train,normal,,1025,1281,1,97dff148a89e7e035dd33a684403afe2e7e491adad8245ce17903d000a72203d,,
1.0,G04-260201-140838-200,G04-260201-140838-200.bmp,G04,2026-02-01T14:08:38,2026-02-01,G04_2026-02-01,200,train,normal,,1025,1281,1,e41b65bd9a06bdd51ec58612f42f5c28f4a4a45e52674ddbc490f1168f1618df,,
1.0,G04-260201-140920-201,G04-260201-140920-201.bmp,G04,2026-02-01T14:09:20,2026-02-01,G04_2026-02-01,201,train,normal,,1025,1281,1,16be669efb55e3960dbe62e9c424ef6af9808501e9f2d6b1130b222b02ced861,,
1.0,G04-260201-140933-202,G04-260201-140933-202.bmp,G04,2026-02-01T14:09:33,2026-02-01,G04_2026-02-01,202,train,normal,,1025,1281,1,8d8068f9a631c1f8cbcfcc7786cadbd3a7b4fb651692085106e546c4b47aa8a8,,
1.0,G04-260201-141000-203,G04-260201-141000-203.bmp,G04,2026-02-01T14:10:00,2026-02-01,G04_2026-02-01,203,train,normal,,1025,1281,1,7ab376ae84ae410d725376a6d3f12e9bd90ac0496cb3976ec194a8d963883a4a,,
1.0,G04-260201-141030-204,G04-260201-141030-204.bmp,G04,2026-02-01T14:10:30,2026-02-01,G04_2026-02-01,204,train,normal,,1025,1281,1,1d8e14c58cd3285ccb32cd56797ba0f84376fb4b43792ec63c8c20f92e55d1ee,,
1.0,G04-260201-141037-205,G04-260201-141037-205.bmp,G04,2026-02-01T14:10:37,2026-02-01,G04_2026-02-01,205,train,normal,,1025,1281,1,c98657d13f6d992e26ec47c6b7ca5c555f47945a9f88134d5ac4a3b84c75063d,,
1.0,G04-260201-141100-206,G04-260201-141100-206.bmp,G04,2026-02-01T14:11:00,2026-02-01,G04_2026-02-01,206,train,normal,,1025,1281,1,957ecef6e6f5387c31fa397992d8d35949d85828273eec5c0d0daebcb7891471,,
1.0,G04-260201-141106-207,G04-260201-141106-207.bmp,G04,2026-02-01T14:11:06,2026-02-01,G04_2026-02-01,207,train,normal,,1025,1281,1,c62c5f2e1a63d1413c913a54f987796f6401a1eee3064598afbe01c889c6aed9,,
1.0,G04-260201-141130-208,G04-260201-141130-208.bmp,G04,2026-02-01T14:11:30,2026-02-01,G04_2026-02-01,208,train,normal,,1025,1281,1,954173126bec4b85c1eaddcf48497b8821be34f03904cf472f773f694c77eeed,,
1.0,G04-260201-141136-209,G04-260201-141136-209.bmp,G04,2026-02-01T14:11:36,2026-02-01,G04_2026-02-01,209,train,normal,,1025,1281,1,7358a4b058afd0d2302bdbc7b4bf19db19d06bb74ffca801fa0e2cb4075fd887,,
1.0,G04-260201-141200-210,G04-260201-141200-210.bmp,G04,2026-02-01T14:12:00,2026-02-01,G04_2026-02-01,210,train,normal,,1025,1281,1,7ac99af7a689117a05549adb9e3552cee3bdf92f5f3808c7c4ef19d04f7e8e47,,
1.0,G04-260201-141206-211,G04-260201-141206-211.bmp,G04,2026-02-01T14:12:06,2026-02-01,G04_2026-02-01,211,train,normal,,1025,1281,1,d7a361441f5abd0f836eb8a6c3087dc1cb3c03386a6a9d99dc514bccd6cef14a,,
1.0,G04-260201-141234-212,G04-260201-141234-212.bmp,G04,2026-02-01T14:12:34,2026-02-01,G04_2026-02-01,212,train,normal,,1025,1281,1,713bde21578a0f68d27859cd75bea2fc03b4618e1fe075be93f291797cf4621b,,
1.0,G04-260201-141240-213,G04-260201-141240-213.bmp,G04,2026-02-01T14:12:40,2026-02-01,G04_2026-02-01,213,train,normal,,1025,1281,1,87542e7fc4bb341876eb92648bd997ab682af36bf77f34355798b0e3587e8691,,
1.0,G04-260201-141303-214,G04-260201-141303-214.bmp,G04,2026-02-01T14:13:03,2026-02-01,G04_2026-02-01,214,train,normal,,1025,1281,1,0d1e3557bc3f927980d9820299a3e2a12b2c8fd359adfe45a7a1ce6656e85687,,
1.0,G04-260201-141310-215,G04-260201-141310-215.bmp,G04,2026-02-01T14:13:10,2026-02-01,G04_2026-02-01,215,train,normal,,1025,1281,1,6453dd3e6d0b2111dd1416ab86b5632b784cf28bc12c69cd5889e83cb062cc93,,
1.0,G04-260201-141331-216,G04-260201-141331-216.bmp,G04,2026-02-01T14:13:31,2026-02-01,G04_2026-02-01,216,train,normal,,1025,1281,1,c033bdb9b27019b90248f737f8ef08a4ce805ab2377490635eaadd2b21eb836a,,
1.0,G04-260201-141337-217,G04-260201-141337-217.bmp,G04,2026-02-01T14:13:37,2026-02-01,G04_2026-02-01,217,train,normal,,1025,1281,1,5ecdaf330cf4f22bb0dcafa10e98989e9579282f207d7b2af67acf0a2ef0f439,,
1.0,G04-260201-141400-218,G04-260201-141400-218.bmp,G04,2026-02-01T14:14:00,2026-02-01,G04_2026-02-01,218,train,normal,,1025,1281,1,cab1597f6e01973c375872c9034c51d259645ffb32bcf99b10ea395a122c585a,,
1.0,G04-260201-141406-219,G04-260201-141406-219.bmp,G04,2026-02-01T14:14:06,2026-02-01,G04_2026-02-01,219,train,normal,,1025,1281,1,e5c2d4b2dbe6a654991e84726dd280c599aa3ca924ad367dc41472cb0e0c5a02,,
1.0,G04-260201-141429-220,G04-260201-141429-220.bmp,G04,2026-02-01T14:14:29,2026-02-01,G04_2026-02-01,220,train,normal,,1025,1281,1,0463bbc2913aa4aecdc53f78c14f230656637a16a6845b5890153a4c6f6d99f2,,
1.0,G04-260201-141435-221,G04-260201-141435-221.bmp,G04,2026-02-01T14:14:35,2026-02-01,G04_2026-02-01,221,train,normal,,1025,1281,1,0ecd5627c54ef707264d6f7f43ed1516221141527175bb6233e5c902ca422fc3,,
1.0,G04-260201-141500-222,G04-260201-141500-222.bmp,G04,2026-02-01T14:15:00,2026-02-01,G04_2026-02-01,222,train,normal,,1025,1281,1,30319aa449482d029eda7c76d97b915feb1fad2a8adcd178957420f93b3b9d51,,
1.0,G04-260201-141506-223,G04-260201-141506-223.bmp,G04,2026-02-01T14:15:06,2026-02-01,G04_2026-02-01,223,train,normal,,1025,1281,1,059571bb4499b08839acaec2769c960c7c716220d01b95784cd2f91b41569796,,
1.0,G04-260201-141532-224,G04-260201-141532-224.bmp,G04,2026-02-01T14:15:32,2026-02-01,G04_2026-02-01,224,train,normal,,1025,1281,1,6eef8dc5ec513b562b9f74563bf0a807ee58af941a37f87e1ad191e466064549,,
1.0,G04-260201-141539-225,G04-260201-141539-225.bmp,G04,2026-02-01T14:15:39,2026-02-01,G04_2026-02-01,225,train,normal,,1025,1281,1,c948b1f72b663d7e1ac3cc1591ae25ca631851d055c63ff8500956ba8b256275,,
1.0,G04-260201-141602-226,G04-260201-141602-226.bmp,G04,2026-02-01T14:16:02,2026-02-01,G04_2026-02-01,226,train,normal,,1025,1281,1,5a6e157014268ba7c0a4de2d6af1966f0449a7b4c0bc66f139935590e8e620c9,,
1.0,G04-260201-141608-227,G04-260201-141608-227.bmp,G04,2026-02-01T14:16:08,2026-02-01,G04_2026-02-01,227,train,normal,,1025,1281,1,69d2e5363ef9502081f0f822856be409173dfca3a4e681dbe1908ba606a2fbe8,,
1.0,G04-260201-141632-228,G04-260201-141632-228.bmp,G04,2026-02-01T14:16:32,2026-02-01,G04_2026-02-01,228,train,normal,,1025,1281,1,b06f56689c16d69b83ab7c33b403e32ba3d31ff6ef8b3f321c5f0794bc95907e,,
1.0,G04-260201-141638-229,G04-260201-141638-229.bmp,G04,2026-02-01T14:16:38,2026-02-01,G04_2026-02-01,229,train,normal,,1025,1281,1,0787b6df1d29cb4894c4d88adb296ba04f7bce2daee09d90edd504bfb1401156,,
1.0,G04-260201-141702-230,G04-260201-141702-230.bmp,G04,2026-02-01T14:17:02,2026-02-01,G04_2026-02-01,230,train,normal,,1025,1281,1,55eabe28b9ff7915df5b4298ae247c6cc1d4488e230f6e25c64d3dbc47bfeb10,,
1.0,G04-260201-141708-231,G04-260201-141708-231.bmp,G04,2026-02-01T14:17:08,2026-02-01,G04_2026-02-01,231,train,normal,,1025,1281,1,7c77bb386add164aeaa4c4ba05049e931b5140c0dd80a47c5e156bb6d5e2041b,,
1.0,G04-260201-141730-232,G04-260201-141730-232.bmp,G04,2026-02-01T14:17:30,2026-02-01,G04_2026-02-01,232,train,normal,,1025,1281,1,bfb4a0551a04d5307db9e96a0eb3d2ccc6d530d0fe04f4d4f11ea67545a9707f,,
1.0,G04-260201-141736-233,G04-260201-141736-233.bmp,G04,2026-02-01T14:17:36,2026-02-01,G04_2026-02-01,233,train,normal,,1025,1281,1,32816b6f9165c81c985e28a195d4fa4e8b14f3a0ef1c639a1ba923d3a3027787,,
1.0,G04-260201-141800-234,G04-260201-141800-234.bmp,G04,2026-02-01T14:18:00,2026-02-01,G04_2026-02-01,234,train,normal,,1025,1281,1,4741a01d137a5929c7c49c949ea37d2ecd53e0b2ded55ca8502668cedc8a6567,,
1.0,G04-260201-141806-235,G04-260201-141806-235.bmp,G04,2026-02-01T14:18:06,2026-02-01,G04_2026-02-01,235,train,normal,,1025,1281,1,ce6cc8302e2f692888556b42efb4f5dc747152e61a88a1b1f5a88bc7a0ae5a7b,,
1.0,G04-260201-141830-236,G04-260201-141830-236.bmp,G04,2026-02-01T14:18:30,2026-02-01,G04_2026-02-01,236,train,normal,,1025,1281,1,06babfe748d7e5e19e8c2e725cf081eb58b03843e5e5e4ace077f40adf3cf421,,
1.0,G04-260201-141837-237,G04-260201-141837-237.bmp,G04,2026-02-01T14:18:37,2026-02-01,G04_2026-02-01,237,train,normal,,1025,1281,1,749963ddb6a2e6e47125c4a0c23f176a9bd02003701001bfc2040f0ca176cfba,,
1.0,G04-260201-141904-238,G04-260201-141904-238.bmp,G04,2026-02-01T14:19:04,2026-02-01,G04_2026-02-01,238,train,normal,,1025,1281,1,8fa06050a973e0b3adf93670bb9f6656210a9b81be177a14da679ad33c7b31ed,,
1.0,G04-260201-141910-239,G04-260201-141910-239.bmp,G04,2026-02-01T14:19:10,2026-02-01,G04_2026-02-01,239,train,normal,,1025,1281,1,3dd4109561a9412dbefe9545ac2948a381c128cc75dffc9d435651bbbd8bd1c6,,
1.0,G04-260201-141930-240,G04-260201-141930-240.bmp,G04,2026-02-01T14:19:30,2026-02-01,G04_2026-02-01,240,train,normal,,1025,1281,1,0df116ae7b4cc819e6356955d75aa25036b3d38e47eda3f3b4695db2fd985480,,
1.0,G04-260201-141937-241,G04-260201-141937-241.bmp,G04,2026-02-01T14:19:37,2026-02-01,G04_2026-02-01,241,train,normal,,1025,1281,1,9701704b0a47b33508370b584fb91a9d7142ee5c450594107e4f2758d3fc9ffa,,
1.0,G04-260201-142002-242,G04-260201-142002-242.bmp,G04,2026-02-01T14:20:02,2026-02-01,G04_2026-02-01,242,train,normal,,1025,1281,1,b4f217f856b5866c32217093afb94e882c841a7c6a549c9ad9d487e304d9d603,,
1.0,G04-260201-142008-243,G04-260201-142008-243.bmp,G04,2026-02-01T14:20:08,2026-02-01,G04_2026-02-01,243,train,normal,,1025,1281,1,8d0b0a8357dbfdde4d8f6263cd67dac81cc4b6ef5b37f0e481665e6bb19b882a,,
1.0,G04-260201-142032-244,G04-260201-142032-244.bmp,G04,2026-02-01T14:20:32,2026-02-01,G04_2026-02-01,244,train,normal,,1025,1281,1,3cb99037a1c228cfb9e03e2ca4a023f835d4e161718fac990d9a6ec81ec5b06e,,
1.0,G04-260201-142038-245,G04-260201-142038-245.bmp,G04,2026-02-01T14:20:38,2026-02-01,G04_2026-02-01,245,train,normal,,1025,1281,1,98640561fe6912e662d93788e44c3f7880b2517ea632598494b0a468a6b48699,,
1.0,G04-260201-142102-246,G04-260201-142102-246.bmp,G04,2026-02-01T14:21:02,2026-02-01,G04_2026-02-01,246,train,normal,,1025,1281,1,d4cdd99b3ade190608efe093bf7c99ea01a74ad5e0e37cdedd5f415134bba60b,,
1.0,G04-260201-142108-247,G04-260201-142108-247.bmp,G04,2026-02-01T14:21:08,2026-02-01,G04_2026-02-01,247,train,normal,,1025,1281,1,6b5106dd9a7813c84528e058ba5f91978c2b98d1851c3c3c5d37985e2e925bd9,,
1.0,G04-260201-142135-248,G04-260201-142135-248.bmp,G04,2026-02-01T14:21:35,2026-02-01,G04_2026-02-01,248,train,normal,,1025,1281,1,7fe37c1e16784d24d0de0a7ec3f35c91d51c6d2dd7df3b6eee2bdd262c62a8f6,,
1.0,G04-260201-142141-249,G04-260201-142141-249.bmp,G04,2026-02-01T14:21:41,2026-02-01,G04_2026-02-01,249,train,normal,,1025,1281,1,f47c568e4ec1a7f42891bb3dfefb224f5f36954f9aa260a232261745215fcf6a,,
1.0,G04-260201-142156-250,G04-260201-142156-250.bmp,G04,2026-02-01T14:21:56,2026-02-01,G04_2026-02-01,250,train,normal,,1025,1281,1,a46eb2f039c403a03c67c05811db4c0635a23c10468a8fd6e514c4e07690c019,,
1.0,G04-260201-142234-251,G04-260201-142234-251.bmp,G04,2026-02-01T14:22:34,2026-02-01,G04_2026-02-01,251,train,normal,,1025,1281,1,fc30826ce0a15cdaa37a55b253cfc8c583df070e766f86fefb8cd3d1460dc0ef,,
1.0,G04-260201-142242-252,G04-260201-142242-252.bmp,G04,2026-02-01T14:22:42,2026-02-01,G04_2026-02-01,252,train,normal,,1025,1281,1,602ec7fab3a08cd382879174f19c6b012998ed29c1b7d91aab525ced4af68fd1,,
1.0,G04-260201-142249-253,G04-260201-142249-253.bmp,G04,2026-02-01T14:22:49,2026-02-01,G04_2026-02-01,253,train,normal,,1025,1281,1,f0cbd7cacdbe1fb96dbd6f91615e68753e506125eca4efe197aaccc943e4feec,,
1.0,G04-260201-142304-254,G04-260201-142304-254.bmp,G04,2026-02-01T14:23:04,2026-02-01,G04_2026-02-01,254,train,normal,,1025,1281,1,e931272876639e0f34f55de4551cd0036891d9c06bd926632f5a7c8c6b86c480,,
1.0,G04-260201-142311-255,G04-260201-142311-255.bmp,G04,2026-02-01T14:23:11,2026-02-01,G04_2026-02-01,255,train,normal,,1025,1281,1,99bceacc34bb9cb8b0ad84148c3f6265749d49be30dc22e98a86fe530cdea17c,,
1.0,G04-260201-142332-256,G04-260201-142332-256.bmp,G04,2026-02-01T14:23:32,2026-02-01,G04_2026-02-01,256,train,normal,,1025,1281,1,a546eaf5d4dbaf33418c57a825b1c51ad3d01c5c8a154358aee4a5e288d0f164,,
1.0,G04-260201-142338-257,G04-260201-142338-257.bmp,G04,2026-02-01T14:23:38,2026-02-01,G04_2026-02-01,257,train,normal,,1025,1281,1,6292565024c29287f730cb2cdb67ca6c6b93faba6ba1c8613226c18a93576e38,,
1.0,G04-260201-142404-258,G04-260201-142404-258.bmp,G04,2026-02-01T14:24:04,2026-02-01,G04_2026-02-01,258,train,normal,,1025,1281,1,37cab783cb31e6c61e31fd756751da62e19d4c4b071df48c8f54edf6ea22dfb3,,
1.0,G04-260201-142410-259,G04-260201-142410-259.bmp,G04,2026-02-01T14:24:10,2026-02-01,G04_2026-02-01,259,train,normal,,1025,1281,1,49e5a1c4e9e2e5b94e0a0aaf5340985193f301a86d874a3c592b2ba14c938400,,
1.0,G04-260201-142434-260,G04-260201-142434-260.bmp,G04,2026-02-01T14:24:34,2026-02-01,G04_2026-02-01,260,train,normal,,1025,1281,1,b900558e69b435c7e47d8154233a90583afa3ec5c069f59f623bf2bb72cdd982,,
1.0,G04-260201-142440-261,G04-260201-142440-261.bmp,G04,2026-02-01T14:24:40,2026-02-01,G04_2026-02-01,261,train,normal,,1025,1281,1,edc21700b5da6ecd87ab2e63218b3508142412b1e9db90a8a4e9ec4b53d607fc,,
1.0,G04-260201-142501-262,G04-260201-142501-262.bmp,G04,2026-02-01T14:25:01,2026-02-01,G04_2026-02-01,262,train,normal,,1025,1281,1,2699aa4e1ed9d788419df04384a8613478eaa373c20368a25d70943fcb30cdaa,,
1.0,G04-260201-142508-263,G04-260201-142508-263.bmp,G04,2026-02-01T14:25:08,2026-02-01,G04_2026-02-01,263,train,normal,,1025,1281,1,fd11cdee33ac506fa88bc37a9ad178c79051d3007264c533fba6cb870dcca271,,
1.0,G04-260201-142533-264,G04-260201-142533-264.bmp,G04,2026-02-01T14:25:33,2026-02-01,G04_2026-02-01,264,train,normal,,1025,1281,1,4e757d406245217095f286cb8e893d9be45a7a0435b56143529672444635d5ef,,
1.0,G04-260201-142539-265,G04-260201-142539-265.bmp,G04,2026-02-01T14:25:39,2026-02-01,G04_2026-02-01,265,train,normal,,1025,1281,1,c8bebdb4da1ae828091ae3ccc2662a88184f4389074123eb4a824a2182c3b677,,
1.0,G04-260201-142603-266,G04-260201-142603-266.bmp,G04,2026-02-01T14:26:03,2026-02-01,G04_2026-02-01,266,train,normal,,1025,1281,1,5df1d0de42dde6974d5847b403cee9624770da717f97f752d5b0aff526cc84d4,,
1.0,G04-260201-142609-267,G04-260201-142609-267.bmp,G04,2026-02-01T14:26:09,2026-02-01,G04_2026-02-01,267,train,normal,,1025,1281,1,63445acf2c453b77f44490001693c45731f7e48860619cbc1c286ba1b87295ed,,
1.0,G04-260201-142633-268,G04-260201-142633-268.bmp,G04,2026-02-01T14:26:33,2026-02-01,G04_2026-02-01,268,train,normal,,1025,1281,1,13eb4a406ef18bcd3cfafd0a511adfb69020412ece6debd7c5c810a30ffa35a5,,
1.0,G04-260201-142639-269,G04-260201-142639-269.bmp,G04,2026-02-01T14:26:39,2026-02-01,G04_2026-02-01,269,train,normal,,1025,1281,1,923e1fad26c9ad02ecbd597ed55cc297957c32f33dc10ea972b9a88c35db33cf,,
1.0,G04-260201-142702-270,G04-260201-142702-270.bmp,G04,2026-02-01T14:27:02,2026-02-01,G04_2026-02-01,270,train,normal,,1025,1281,1,a422fd0b0e97cd9dde1acd02a2ead552111ba0c3d8f359a42553f314e6f939ae,,
1.0,G04-260201-142709-271,G04-260201-142709-271.bmp,G04,2026-02-01T14:27:09,2026-02-01,G04_2026-02-01,271,train,normal,,1025,1281,1,e1dd17ce65e71addc3ecdb5821ef19f7ab090613156b17f84846717179cb09d1,,
1.0,G04-260201-142734-272,G04-260201-142734-272.bmp,G04,2026-02-01T14:27:34,2026-02-01,G04_2026-02-01,272,train,normal,,1025,1281,1,e4fec3dcd3818a29c5b44dbbcdc185d57a89d8dc6f2e2507676cc53a62c87ab8,,
1.0,G04-260201-142740-273,G04-260201-142740-273.bmp,G04,2026-02-01T14:27:40,2026-02-01,G04_2026-02-01,273,train,normal,,1025,1281,1,73e359d658f0bc65fa78e2f7844163796d6488607992edc473114efa17cc091f,,
1.0,G04-260201-142803-274,G04-260201-142803-274.bmp,G04,2026-02-01T14:28:03,2026-02-01,G04_2026-02-01,274,train,normal,,1025,1281,1,ee002c2142477dd829ee17702fa1b173d5d0ba57c7707287568e22a9c10cae73,,
1.0,G04-260201-142809-275,G04-260201-142809-275.bmp,G04,2026-02-01T14:28:09,2026-02-01,G04_2026-02-01,275,train,normal,,1025,1281,1,41405d26d9b8088e83e7ab617114f65975e271033b83fa093b60707daaea46cf,,
1.0,G04-260201-142834-276,G04-260201-142834-276.bmp,G04,2026-02-01T14:28:34,2026-02-01,G04_2026-02-01,276,train,normal,,1025,1281,1,11f90c86699829b11892cece3a60665670236b7461cc46b615bbea1cd9676317,,
1.0,G04-260201-142840-277,G04-260201-142840-277.bmp,G04,2026-02-01T14:28:40,2026-02-01,G04_2026-02-01,277,train,normal,,1025,1281,1,ea9f41e821b9b82045a01f2fae3a2bea764347af3947db057841ddf495faea77,,
1.0,G04-260201-142905-278,G04-260201-142905-278.bmp,G04,2026-02-01T14:29:05,2026-02-01,G04_2026-02-01,278,train,normal,,1025,1281,1,2db1de7ce33aa9b6f8ef5f1a8900e4d668fe0bb0cdcb76eda769c034ffa869e2,,
1.0,G04-260201-142911-279,G04-260201-142911-279.bmp,G04,2026-02-01T14:29:11,2026-02-01,G04_2026-02-01,279,train,normal,,1025,1281,1,90a582c3603779feee5ab65353a3f187823b22666df561a705e8b083a0c3ea29,,
1.0,G04-260201-142935-280,G04-260201-142935-280.bmp,G04,2026-02-01T14:29:35,2026-02-01,G04_2026-02-01,280,train,normal,,1025,1281,1,8b78817dd31bb9726ed7876f2e714d60fae80f99171591425611efafc9326815,,
1.0,G04-260201-142941-281,G04-260201-142941-281.bmp,G04,2026-02-01T14:29:41,2026-02-01,G04_2026-02-01,281,train,normal,,1025,1281,1,e153d0b1debc5fa151d20ae76eb6ba9a51c6c7614e9bc1bcbf788457c58d690b,,
1.0,G04-260201-143005-282,G04-260201-143005-282.bmp,G04,2026-02-01T14:30:05,2026-02-01,G04_2026-02-01,282,train,normal,,1025,1281,1,7089325a7c64f8709b11df352e3445bf755734a380e207846d31dcb50fbb35a6,,
1.0,G04-260201-143011-283,G04-260201-143011-283.bmp,G04,2026-02-01T14:30:11,2026-02-01,G04_2026-02-01,283,train,normal,,1025,1281,1,71145c53cf2fe4861c184e536fa9f51af25964d3571a58e7a8dbf64d2a60a818,,
1.0,G04-260201-143036-284,G04-260201-143036-284.bmp,G04,2026-02-01T14:30:36,2026-02-01,G04_2026-02-01,284,train,normal,,1025,1281,1,ed9bc76739669b2125f81b27b60f223495a04021c79c1694c5a268202da51a03,,
1.0,G04-260201-143042-285,G04-260201-143042-285.bmp,G04,2026-02-01T14:30:42,2026-02-01,G04_2026-02-01,285,train,normal,,1025,1281,1,913dbce460adf946e2a724148bc733dbf1d03fa6b23751cd05e0b7473a2794ee,,
1.0,G04-260201-143107-286,G04-260201-143107-286.bmp,G04,2026-02-01T14:31:07,2026-02-01,G04_2026-02-01,286,train,normal,,1025,1281,1,df0f4be2412505e74ef6d814581930aaa43e4b5096eb80029dac76ef119c4734,,
1.0,G04-260201-143113-287,G04-260201-143113-287.bmp,G04,2026-02-01T14:31:13,2026-02-01,G04_2026-02-01,287,train,normal,,1025,1281,1,9b9124f1ba75d9672b0c7ae0ee5aee06a0ab1a9e36a3d39a9e0fae2e33964533,,
1.0,G04-260201-143136-288,G04-260201-143136-288.bmp,G04,2026-02-01T14:31:36,2026-02-01,G04_2026-02-01,288,train,normal,,1025,1281,1,3e748d947c070c22f84feee460f89db44634c5643a505ba2ebaae16038d9979b,,
1.0,G04-260201-143142-289,G04-260201-143142-289.bmp,G04,2026-02-01T14:31:42,2026-02-01,G04_2026-02-01,289,train,normal,,1025,1281,1,b7f9602715e3fc4dc2c81ea664d9d4132bf13bc98038c36e5a36172eaadb9e45,,
1.0,G04-260201-143206-290,G04-260201-143206-290.bmp,G04,2026-02-01T14:32:06,2026-02-01,G04_2026-02-01,290,train,normal,,1025,1281,1,55dd6dab45f6de9cef8abc8bf94a5f0b5e6b383fedefc4bbf507e80f378ff16b,,
1.0,G04-260201-143212-291,G04-260201-143212-291.bmp,G04,2026-02-01T14:32:12,2026-02-01,G04_2026-02-01,291,train,normal,,1025,1281,1,9530a3c727ac4cb8ff8a322dfcffd59d0ad3176cd47e912787e12fd35447ffb1,,
1.0,G04-260201-143236-292,G04-260201-143236-292.bmp,G04,2026-02-01T14:32:36,2026-02-01,G04_2026-02-01,292,train,normal,,1025,1281,1,c6445686227c9486a3639811f62b99c0c8f7cf1765b1231008a6ff9e60c7560f,,
1.0,G04-260201-143242-293,G04-260201-143242-293.bmp,G04,2026-02-01T14:32:42,2026-02-01,G04_2026-02-01,293,train,normal,,1025,1281,1,038fff712d337039d05191816b6ab0cc411e8b6b74b2bcdba9f6a153268211eb,,
1.0,G04-260201-143312-294,G04-260201-143312-294.bmp,G04,2026-02-01T14:33:12,2026-02-01,G04_2026-02-01,294,train,normal,,1025,1281,1,bcf0d362983b9b624254b229bc8a59e8c5f12bd3a124745f3f2a8f2ef18b0cfc,,
1.0,G04-260201-143318-295,G04-260201-143318-295.bmp,G04,2026-02-01T14:33:18,2026-02-01,G04_2026-02-01,295,train,normal,,1025,1281,1,3ac3cd370777aad4d13756e41ff3798b887eb1946dfd77397fa92c61fa1998b9,,
1.0,G04-260201-143338-296,G04-260201-143338-296.bmp,G04,2026-02-01T14:33:38,2026-02-01,G04_2026-02-01,296,train,normal,,1025,1281,1,53ae1fba8d36e652148ad3a5418a0a1efd39cb4528fdb76fa53803e04c149ae8,,
1.0,G04-260201-143344-297,G04-260201-143344-297.bmp,G04,2026-02-01T14:33:44,2026-02-01,G04_2026-02-01,297,train,normal,,1025,1281,1,0744e4baf03b4f9911dacb8786a4ca968a731b3bfca87163298d06a73e80acad,,
1.0,G04-260201-143407-298,G04-260201-143407-298.bmp,G04,2026-02-01T14:34:07,2026-02-01,G04_2026-02-01,298,train,normal,,1025,1281,1,9c07b77adb62630133aa84a35c3bf60e77d074fe8734dbda449491fa6e616ab1,,
1.0,G04-260201-143413-299,G04-260201-143413-299.bmp,G04,2026-02-01T14:34:13,2026-02-01,G04_2026-02-01,299,train,normal,,1025,1281,1,5d4f2d91dc7ce503ba070dee25512158bb8c6eba845f0f69515837b6154120d4,,
1.0,G04-260201-143435-300,G04-260201-143435-300.bmp,G04,2026-02-01T14:34:35,2026-02-01,G04_2026-02-01,300,train,normal,,1025,1281,1,ad903e1d0b37338cb888d9bc75b9e5988d435a3fe4f58b5fd40243abf70dd3bd,,
1.0,G04-260201-143443-301,G04-260201-143443-301.bmp,G04,2026-02-01T14:34:43,2026-02-01,G04_2026-02-01,301,train,normal,,1025,1281,1,6198f5542b2209609a1b551534eea3b553f4ec772388e0807bc55f005a988143,,
1.0,G04-260201-143508-302,G04-260201-143508-302.bmp,G04,2026-02-01T14:35:08,2026-02-01,G04_2026-02-01,302,train,normal,,1025,1281,1,dc33ef54625d14447134467a437b7238757c7d1c71add9ca2a8e41231991aa5f,,
1.0,G04-260201-143514-303,G04-260201-143514-303.bmp,G04,2026-02-01T14:35:14,2026-02-01,G04_2026-02-01,303,train,normal,,1025,1281,1,63de64247f16361e36266c76dd913fce90123949669ecaacd06a516d42a99127,,
1.0,G04-260201-143538-304,G04-260201-143538-304.bmp,G04,2026-02-01T14:35:38,2026-02-01,G04_2026-02-01,304,train,normal,,1025,1281,1,f15a9c2698e19435a651ad6c589e94e92014df17109be277b0ccd1d44d5b837f,,
1.0,G04-260201-143544-305,G04-260201-143544-305.bmp,G04,2026-02-01T14:35:44,2026-02-01,G04_2026-02-01,305,train,normal,,1025,1281,1,7c3df523d43b5eba52efd1725e47666a3e6880b29d5e0196161ea1ed1def0d24,,
1.0,G04-260201-143607-306,G04-260201-143607-306.bmp,G04,2026-02-01T14:36:07,2026-02-01,G04_2026-02-01,306,train,normal,,1025,1281,1,71d84c19a477a2c38a46489550529026253c1875e3bb7f2156d93a56b0f823fa,,
1.0,G04-260201-143614-307,G04-260201-143614-307.bmp,G04,2026-02-01T14:36:14,2026-02-01,G04_2026-02-01,307,train,normal,,1025,1281,1,61c851d5c5f17d9fbb23e4ae559a9b2b84b430c9c454a5ebf16e5fc43c72b8a0,,
1.0,G04-260201-143637-308,G04-260201-143637-308.bmp,G04,2026-02-01T14:36:37,2026-02-01,G04_2026-02-01,308,train,normal,,1025,1281,1,6a3d56a6aea2b4e145019b48b341c9d30063d20e02e494c08608be8686f01b1c,,
1.0,G04-260201-143643-309,G04-260201-143643-309.bmp,G04,2026-02-01T14:36:43,2026-02-01,G04_2026-02-01,309,train,normal,,1025,1281,1,9fa2dabdc0ea19924b120009a1bebc20ea18fdf77ef6c5cb6dea14a58e18dd85,,
1.0,G04-260201-143706-310,G04-260201-143706-310.bmp,G04,2026-02-01T14:37:06,2026-02-01,G04_2026-02-01,310,train,normal,,1025,1281,1,de553ef2880f81e7ca9bbe833111a63e45e8244feeed088f419c48d3838c8839,,
1.0,G04-260201-143713-311,G04-260201-143713-311.bmp,G04,2026-02-01T14:37:13,2026-02-01,G04_2026-02-01,311,train,normal,,1025,1281,1,eff596fccf4015c50b67371a22af7855622f8e5548ab9ff4c76a6ca6b0322b45,,
1.0,G04-260201-143738-312,G04-260201-143738-312.bmp,G04,2026-02-01T14:37:38,2026-02-01,G04_2026-02-01,312,train,normal,,1025,1281,1,0cadcd493127fea9271e1e48b1b95b0bbd0d1b7c66758649a35b8c1f5b635ec0,,
1.0,G04-260201-143744-313,G04-260201-143744-313.bmp,G04,2026-02-01T14:37:44,2026-02-01,G04_2026-02-01,313,train,normal,,1025,1281,1,19423a9e7fc1374cdefbfd16b5bbd6eb349156ad0edad5a3f0be5e3f91316b4e,,
1.0,G04-260201-143808-314,G04-260201-143808-314.bmp,G04,2026-02-01T14:38:08,2026-02-01,G04_2026-02-01,314,train,normal,,1025,1281,1,def59838f027c0bd199754b5e08dfaae99cc13f02f7b716ad8603aa38e2a60b2,,
1.0,G04-260201-143814-315,G04-260201-143814-315.bmp,G04,2026-02-01T14:38:14,2026-02-01,G04_2026-02-01,315,train,normal,,1025,1281,1,3e771478924e62048363a477f4c5d64756d5e766c18650a4a42b242ef6f9913c,,
1.0,G04-260201-143831-316,G04-260201-143831-316.bmp,G04,2026-02-01T14:38:31,2026-02-01,G04_2026-02-01,316,train,normal,,1025,1281,1,af0a71b264d60ba9753166f5a82a840a2ae9af8d1584433e80aea81052f99791,,
1.0,G04-260201-143852-317,G04-260201-143852-317.bmp,G04,2026-02-01T14:38:52,2026-02-01,G04_2026-02-01,317,train,normal,,1025,1281,1,dad4ff9071eb7ca73fd2a02b0bbbf6085756bd59f8cfe29a3092d0bee61f8ad0,,
1.0,G04-260201-143910-318,G04-260201-143910-318.bmp,G04,2026-02-01T14:39:10,2026-02-01,G04_2026-02-01,318,train,normal,,1025,1281,1,1cdb13a08c9e94bbde05468754c64fd35753050d0c9e9499e58410b332721c13,,
1.0,G04-260201-143916-319,G04-260201-143916-319.bmp,G04,2026-02-01T14:39:16,2026-02-01,G04_2026-02-01,319,train,normal,,1025,1281,1,b13cbb8f96f56120fa857336cc2a33c7cdd00883ff68ce88613e2e745b6d724d,,
1.0,G04-260201-143938-320,G04-260201-143938-320.bmp,G04,2026-02-01T14:39:38,2026-02-01,G04_2026-02-01,320,train,normal,,1025,1281,1,d159f9ecc6facc503980e48f47d5bed65a8c07212494c6e664fef1459acc2511,,
1.0,G04-260201-143944-321,G04-260201-143944-321.bmp,G04,2026-02-01T14:39:44,2026-02-01,G04_2026-02-01,321,train,normal,,1025,1281,1,469378e77f5183bbd149a7799bc25258e5c3fa021bdef561bcde7cef8829c812,,
1.0,G04-260201-144007-322,G04-260201-144007-322.bmp,G04,2026-02-01T14:40:07,2026-02-01,G04_2026-02-01,322,train,normal,,1025,1281,1,85fef00d3d69e0a0360fe2e87246219f19fdb504471c1ba243b42444e3b50207,,
1.0,G04-260201-144013-323,G04-260201-144013-323.bmp,G04,2026-02-01T14:40:13,2026-02-01,G04_2026-02-01,323,train,normal,,1025,1281,1,cc61edf7ec71b6a5f92fd054102e5291f2584e1c3caf76f9ac03ddf6b49fe612,,
1.0,G04-260201-144036-324,G04-260201-144036-324.bmp,G04,2026-02-01T14:40:36,2026-02-01,G04_2026-02-01,324,train,normal,,1025,1281,1,745c6308782b9509343be230f6072d6417377688f9cd7347aa72c4ac9c22fb55,,
1.0,G04-260201-144043-325,G04-260201-144043-325.bmp,G04,2026-02-01T14:40:43,2026-02-01,G04_2026-02-01,325,train,normal,,1025,1281,1,42d972a49a49026f68c099aa82b914bd4d751e5fe852b8f2102edf1a7e74425e,,
1.0,G04-260201-144108-326,G04-260201-144108-326.bmp,G04,2026-02-01T14:41:08,2026-02-01,G04_2026-02-01,326,train,normal,,1025,1281,1,44d83a3d1d417274ed66cb66de2620669e6b4c7ff8a485a91d91de56387ad722,,
1.0,G04-260201-144115-327,G04-260201-144115-327.bmp,G04,2026-02-01T14:41:15,2026-02-01,G04_2026-02-01,327,train,normal,,1025,1281,1,bba26112bf4cf9b3e51282bf9258e72102413b0a6dc5eb6b5cbf60fdec9b7c8c,,
1.0,G04-260201-144135-328,G04-260201-144135-328.bmp,G04,2026-02-01T14:41:35,2026-02-01,G04_2026-02-01,328,train,normal,,1025,1281,1,12c548477e8861e10fecd8f1ee72fd54cc8f2e22de792e131f096575fabc8432,,
1.0,G04-260201-144146-329,G04-260201-144146-329.bmp,G04,2026-02-01T14:41:46,2026-02-01,G04_2026-02-01,329,train,normal,,1025,1281,1,ac51134676b93f239c085ca1d2a28d1030e39eb2595d81786e41d3b999eed1c2,,
1.0,G04-260201-144210-330,G04-260201-144210-330.bmp,G04,2026-02-01T14:42:10,2026-02-01,G04_2026-02-01,330,train,normal,,1025,1281,1,fcb294dfca8e881f92e0abbd7b5ccd596ebc922da0a33f00491a5e006377cd24,,
1.0,G04-260201-144217-331,G04-260201-144217-331.bmp,G04,2026-02-01T14:42:17,2026-02-01,G04_2026-02-01,331,train,normal,,1025,1281,1,b6fd6d9dbfebac7f546a7a71ddbc8f034090845afd6716edfcf41a9bca70854d,,
1.0,G04-260201-144239-332,G04-260201-144239-332.bmp,G04,2026-02-01T14:42:39,2026-02-01,G04_2026-02-01,332,train,normal,,1025,1281,1,78cf595c020c9b7711e0677d681b871f0e2bb11e108aac4f21563b6fd5f54c15,,
1.0,G04-260201-144245-333,G04-260201-144245-333.bmp,G04,2026-02-01T14:42:45,2026-02-01,G04_2026-02-01,333,train,normal,,1025,1281,1,5074de68135d5242b97b05fe5e9f2c2e61356f0efb170c7cc7a2ebc45fd026f0,,
1.0,G04-260201-144312-334,G04-260201-144312-334.bmp,G04,2026-02-01T14:43:12,2026-02-01,G04_2026-02-01,334,train,normal,,1025,1281,1,2601028f83a5aebfd7d8e0232366de902499b42d1422bb5af4413bc46d964918,,
1.0,G04-260201-144318-335,G04-260201-144318-335.bmp,G04,2026-02-01T14:43:18,2026-02-01,G04_2026-02-01,335,train,normal,,1025,1281,1,bf1064a7aea98a0ae3b580d22a643ab2b62d1422818b3be2025c096e8ea972e6,,
1.0,G04-260201-144343-336,G04-260201-144343-336.bmp,G04,2026-02-01T14:43:43,2026-02-01,G04_2026-02-01,336,train,normal,,1025,1281,1,e38f5b55ba6f0ec367318239131dc832444f01b82ec62f20976045a5ddafa7a4,,
1.0,G04-260201-144349-337,G04-260201-144349-337.bmp,G04,2026-02-01T14:43:49,2026-02-01,G04_2026-02-01,337,train,normal,,1025,1281,1,c7916eb13f3ca87dae68d9e2f9adefc97e00164fa13e65aff9959d5ad721284a,,
1.0,G04-260201-144410-338,G04-260201-144410-338.bmp,G04,2026-02-01T14:44:10,2026-02-01,G04_2026-02-01,338,train,normal,,1025,1281,1,a10ec6100e134244fd0fb954b2ed227286c9357256df55d48d1785bc46239040,,
1.0,G04-260201-144417-339,G04-260201-144417-339.bmp,G04,2026-02-01T14:44:17,2026-02-01,G04_2026-02-01,339,train,normal,,1025,1281,1,3316855342c3121f74d3e4697d44dd8f423f09d181fb36fd592a63c45944fe67,,
1.0,G04-260201-144443-340,G04-260201-144443-340.bmp,G04,2026-02-01T14:44:43,2026-02-01,G04_2026-02-01,340,train,normal,,1025,1281,1,54df2203dbeb373248b3d773382ac298e30e8d06806bec586442733cef2d0df6,,
1.0,G04-260201-144449-341,G04-260201-144449-341.bmp,G04,2026-02-01T14:44:49,2026-02-01,G04_2026-02-01,341,train,normal,,1025,1281,1,ed12088926af1f55aab5a9ec4617f62d1f488de50e69dd8b2373bb82b4a7cf21,,
1.0,G04-260201-144510-342,G04-260201-144510-342.bmp,G04,2026-02-01T14:45:10,2026-02-01,G04_2026-02-01,342,train,normal,,1025,1281,1,ef210be99c3b159f7991bbf965f7a09a1cee9a075c175d9457a7f88c55de65fd,,
1.0,G04-260201-144517-343,G04-260201-144517-343.bmp,G04,2026-02-01T14:45:17,2026-02-01,G04_2026-02-01,343,train,normal,,1025,1281,1,2ea6d83735efd22854559caf8a499804f15289cc0b63fd29a9aef41269e515cd,,
1.0,G04-260201-144540-344,G04-260201-144540-344.bmp,G04,2026-02-01T14:45:40,2026-02-01,G04_2026-02-01,344,train,normal,,1025,1281,1,8755c486236b8e9016ae350f094c7d51d18cb2f1a25aafa8cf8ed84f605bad95,,
1.0,G04-260201-144546-345,G04-260201-144546-345.bmp,G04,2026-02-01T14:45:46,2026-02-01,G04_2026-02-01,345,train,normal,,1025,1281,1,74f6830655b752b85a240c1448423eebbb0540df175a34e7272ef4d28879aeea,,
1.0,G04-260201-144608-346,G04-260201-144608-346.bmp,G04,2026-02-01T14:46:08,2026-02-01,G04_2026-02-01,346,train,normal,,1025,1281,1,2d1111dd90d57048b97a8f829f21bbb5cb5ef0b5627849cd9ce5b149419f84bf,,
1.0,G04-260201-144614-347,G04-260201-144614-347.bmp,G04,2026-02-01T14:46:14,2026-02-01,G04_2026-02-01,347,train,normal,,1025,1281,1,b9fffa40a82d5e18ceee08e17887c23aeadcbb7ca244fb993cd120a7e7f409d0,,
1.0,G04-260201-144640-348,G04-260201-144640-348.bmp,G04,2026-02-01T14:46:40,2026-02-01,G04_2026-02-01,348,train,normal,,1025,1281,1,54f1a6d9a9dc0a8a45933683c3628e01573b5e05fa6c903b9a84378187c74410,,
1.0,G04-260201-144647-349,G04-260201-144647-349.bmp,G04,2026-02-01T14:46:47,2026-02-01,G04_2026-02-01,349,train,normal,,1025,1281,1,95101461ac16eb16550c0a72f67507b8ee30b83382abbc759931baf02c67e25a,,
1.0,G04-260201-144709-350,G04-260201-144709-350.bmp,G04,2026-02-01T14:47:09,2026-02-01,G04_2026-02-01,350,train,normal,,1025,1281,1,ff6614bf8c1455f7cda47c40ff10d9253541d5b23f149130775a0c3e9ca71779,,
1.0,G04-260201-144715-351,G04-260201-144715-351.bmp,G04,2026-02-01T14:47:15,2026-02-01,G04_2026-02-01,351,train,normal,,1025,1281,1,90671576efb66f69de3d36c2a5e74ee5395389d5a124e4448fe8544e9a579381,,
1.0,G04-260201-144741-352,G04-260201-144741-352.bmp,G04,2026-02-01T14:47:41,2026-02-01,G04_2026-02-01,352,train,normal,,1025,1281,1,5665d7f04536985012bc933e3465e4579c3e063b48d3cb3e2ca1a7d3677dacef,,
1.0,G04-260201-144747-353,G04-260201-144747-353.bmp,G04,2026-02-01T14:47:47,2026-02-01,G04_2026-02-01,353,train,normal,,1025,1281,1,5f4077745cbfb726fc73c6ab131b8506ae256637b2bf64309eca4a4d97f8ef96,,
1.0,G04-260201-144810-354,G04-260201-144810-354.bmp,G04,2026-02-01T14:48:10,2026-02-01,G04_2026-02-01,354,train,normal,,1025,1281,1,8dad7cb52b93740e0a865e409d59b3c5455801fadb13f0d05cf5934cbc99e184,,
1.0,G04-260201-144816-355,G04-260201-144816-355.bmp,G04,2026-02-01T14:48:16,2026-02-01,G04_2026-02-01,355,train,normal,,1025,1281,1,7e69f52f24bea28a8180dfc55fde91ce02fb545fc56a7be4c350d9a11c67d8a4,,
1.0,G04-260201-144841-356,G04-260201-144841-356.bmp,G04,2026-02-01T14:48:41,2026-02-01,G04_2026-02-01,356,train,normal,,1025,1281,1,aee9a0d7123e6bfe23ffbc5c6115f3ad8b14d60b1bb41863101eeaf373a3f041,,
1.0,G04-260201-144847-357,G04-260201-144847-357.bmp,G04,2026-02-01T14:48:47,2026-02-01,G04_2026-02-01,357,train,normal,,1025,1281,1,1f8b18ff8ad47b947b73c7317305c5137dc8704b5784633db572ef4b998acca9,,
1.0,G04-260201-144909-358,G04-260201-144909-358.bmp,G04,2026-02-01T14:49:09,2026-02-01,G04_2026-02-01,358,train,normal,,1025,1281,1,62dbeb14ef0ffb4f8a7bd20d27fd85ecbdca868ac5b96e274d8e6fa8b178229b,,
1.0,G04-260201-144916-359,G04-260201-144916-359.bmp,G04,2026-02-01T14:49:16,2026-02-01,G04_2026-02-01,359,train,normal,,1025,1281,1,6b983bf7df650fae20cb341f48d3ce7fb43b4d66b9350fe0304584f61c7beac7,,
1.0,G04-260201-144940-360,G04-260201-144940-360.bmp,G04,2026-02-01T14:49:40,2026-02-01,G04_2026-02-01,360,train,normal,,1025,1281,1,b3056e1c3f0fbdc8a1441f6d1234f24d141b71f95ba8e3d54a9d4383c585795c,,
1.0,G04-260201-144946-361,G04-260201-144946-361.bmp,G04,2026-02-01T14:49:46,2026-02-01,G04_2026-02-01,361,train,normal,,1025,1281,1,9d894315dd00da108f2e8d49a412f62f91134955e4c5c0d904aab4de21e4f640,,
1.0,G04-260201-145011-362,G04-260201-145011-362.bmp,G04,2026-02-01T14:50:11,2026-02-01,G04_2026-02-01,362,train,normal,,1025,1281,1,39131c4a96f37cdc402ba76a8a2e7d40eaae52d77d386a8956f49d15a98d2bf3,,
1.0,G04-260201-145017-363,G04-260201-145017-363.bmp,G04,2026-02-01T14:50:17,2026-02-01,G04_2026-02-01,363,train,normal,,1025,1281,1,8997148aa543210fd1c8b7d3ee8cd9b16f2e38ce4ff62fc209f439adba166e4b,,
1.0,G04-260201-145039-364,G04-260201-145039-364.bmp,G04,2026-02-01T14:50:39,2026-02-01,G04_2026-02-01,364,train,normal,,1025,1281,1,674019b3e4465668720a8d480ac7d6febd52c248e8e8769e413df477340c4493,,
1.0,G04-260201-145045-365,G04-260201-145045-365.bmp,G04,2026-02-01T14:50:45,2026-02-01,G04_2026-02-01,365,train,normal,,1025,1281,1,56c6eab9c914353d992608517591f5ed401ae8e4ba9a06b79d0a636b67b4467b,,
1.0,G04-260201-145111-366,G04-260201-145111-366.bmp,G04,2026-02-01T14:51:11,2026-02-01,G04_2026-02-01,366,train,normal,,1025,1281,1,32a365bcf5609a14e43e94efd2a6cc6ffd28d0adca2a8db1e8cd66d88eba3748,,
1.0,G04-260201-145118-367,G04-260201-145118-367.bmp,G04,2026-02-01T14:51:18,2026-02-01,G04_2026-02-01,367,train,normal,,1025,1281,1,9f8c1df8d4826e1a55d71dc992ce35de4994cd92eb22cd882762813453b94a67,,
1.0,G04-260201-145140-368,G04-260201-145140-368.bmp,G04,2026-02-01T14:51:40,2026-02-01,G04_2026-02-01,368,train,normal,,1025,1281,1,6bda1436335bf12ba6bc46c1c99006d24b86dadf7af4b372485ff99a64bc56dc,,
1.0,G04-260201-145147-369,G04-260201-145147-369.bmp,G04,2026-02-01T14:51:47,2026-02-01,G04_2026-02-01,369,train,normal,,1025,1281,1,f7f375a62f2daa2dad41ecb7c0cd06544fbb111925fc992321877a4fe1c02703,,
1.0,G04-260201-145212-370,G04-260201-145212-370.bmp,G04,2026-02-01T14:52:12,2026-02-01,G04_2026-02-01,370,train,normal,,1025,1281,1,baee451f03b60e7f04bfcc7cc332902b06e6e73426a6ec5e6af3a0e12e7c2048,,
1.0,G04-260201-145218-371,G04-260201-145218-371.bmp,G04,2026-02-01T14:52:18,2026-02-01,G04_2026-02-01,371,train,normal,,1025,1281,1,375857965fcfd6e67c9f88e8f085542579217f471bc1e71924eb50051e71dd09,,
1.0,G04-260201-145303-372,G04-260201-145303-372.bmp,G04,2026-02-01T14:53:03,2026-02-01,G04_2026-02-01,372,train,normal,,1025,1281,1,6838f5aab8f3023b206895203e389e2f309f782bf361da6e00b6775862068c83,,
1.0,G04-260201-145339-373,G04-260201-145339-373.bmp,G04,2026-02-01T14:53:39,2026-02-01,G04_2026-02-01,373,train,normal,,1025,1281,1,4d1242ec20e5b313e9d87b0be8d6a9fffad7ec75afc017498ad227f691a370c4,,
1.0,G04-260201-145357-374,G04-260201-145357-374.bmp,G04,2026-02-01T14:53:57,2026-02-01,G04_2026-02-01,374,train,normal,,1025,1281,1,66f836616d9cb16d73a3e09d97b1059fd0460511074b787f6a1fe45af381ccff,,
1.0,G04-260201-145403-375,G04-260201-145403-375.bmp,G04,2026-02-01T14:54:03,2026-02-01,G04_2026-02-01,375,train,normal,,1025,1281,1,8fba49ffe067691244b7d4e5712ec1fb084bb0173fe3006984e7e2b04fae9952,,
1.0,G04-260201-145417-376,G04-260201-145417-376.bmp,G04,2026-02-01T14:54:17,2026-02-01,G04_2026-02-01,376,train,normal,,1025,1281,1,3c29922dff5c2c90efa68148adbbdaa01712fd4184eb3b43282b5ea228b20705,,
1.0,G04-260201-145423-377,G04-260201-145423-377.bmp,G04,2026-02-01T14:54:23,2026-02-01,G04_2026-02-01,377,train,normal,,1025,1281,1,a0caf9675cb912432528130728c7cea7314504eff73cb499d9c05fe14b83a2e4,,
1.0,G04-260201-145430-378,G04-260201-145430-378.bmp,G04,2026-02-01T14:54:30,2026-02-01,G04_2026-02-01,378,train,normal,,1025,1281,1,dd4041560d21ec6217172c3c0741d166fd65dae4fcee0e05ca3bc1d084a67cf1,,
1.0,G04-260201-145439-379,G04-260201-145439-379.bmp,G04,2026-02-01T14:54:39,2026-02-01,G04_2026-02-01,379,train,normal,,1025,1281,1,2ac063f7334527844ea980395d6d34cecf4817de0a5f3fceb1c21af4141be9b6,,
1.0,G04-260201-145446-380,G04-260201-145446-380.bmp,G04,2026-02-01T14:54:46,2026-02-01,G04_2026-02-01,380,train,normal,,1025,1281,1,62173f74c05ec50efb76c003205cdad5a4c62d1df802f2ee844fd2f37cd03f45,,
1.0,G04-260201-145452-381,G04-260201-145452-381.bmp,G04,2026-02-01T14:54:52,2026-02-01,G04_2026-02-01,381,train,normal,,1025,1281,1,16e7a2dc7f8b6ba9cbf8103c1e7f62e590beccdd3a2c9164532bd81795b78d9a,,
1.0,G04-260201-145511-382,G04-260201-145511-382.bmp,G04,2026-02-01T14:55:11,2026-02-01,G04_2026-02-01,382,train,normal,,1025,1281,1,1016a568d031199fa79db0b345a511cdc16fdab6bcfb77a4cf358af94f77359c,,
1.0,G04-260201-145517-383,G04-260201-145517-383.bmp,G04,2026-02-01T14:55:17,2026-02-01,G04_2026-02-01,383,train,normal,,1025,1281,1,10a62a631af07d989ff1181377ed27b6e58ab8309058ed6c0b0b609ceac21e7f,,
1.0,G04-260201-145541-384,G04-260201-145541-384.bmp,G04,2026-02-01T14:55:41,2026-02-01,G04_2026-02-01,384,train,normal,,1025,1281,1,0d8ec593ad8f681a298fb01c3776ea3cec2145c52f52899b725ca7c9bc37ec10,,
1.0,G04-260201-145548-385,G04-260201-145548-385.bmp,G04,2026-02-01T14:55:48,2026-02-01,G04_2026-02-01,385,train,normal,,1025,1281,1,51e45ab52e421c2b1292f2c5d026985f136bdb481855c5e4dc3d905a0ce693f3,,
1.0,G04-260201-145616-386,G04-260201-145616-386.bmp,G04,2026-02-01T14:56:16,2026-02-01,G04_2026-02-01,386,train,normal,,1025,1281,1,96c2be5f8700003508aa991aeb206d1bcebcdd37b9e9d6394becebf614b914f4,,
1.0,G04-260201-145623-387,G04-260201-145623-387.bmp,G04,2026-02-01T14:56:23,2026-02-01,G04_2026-02-01,387,train,normal,,1025,1281,1,b867a9b2385785deb3bc831dd35e9be54b405684ec8f39cdc388beec126aceed,,
1.0,G04-260201-145648-388,G04-260201-145648-388.bmp,G04,2026-02-01T14:56:48,2026-02-01,G04_2026-02-01,388,train,normal,,1025,1281,1,3b42d8bb4fdc5e43a408188624dbf9ab829c676e347354f579f38ed8a8e0cc31,,
1.0,G04-260201-145654-389,G04-260201-145654-389.bmp,G04,2026-02-01T14:56:54,2026-02-01,G04_2026-02-01,389,train,normal,,1025,1281,1,4b52bc94e952f952083a3ea89f15dc45f3cb33988de54a51ad5ef292d9011a4e,,
1.0,G04-260201-145714-390,G04-260201-145714-390.bmp,G04,2026-02-01T14:57:14,2026-02-01,G04_2026-02-01,390,train,normal,,1025,1281,1,c2ff3248ed1e17c81faba937674f5b9bc03da7249de5344a8de133cfccb9c40e,,
1.0,G04-260201-145721-391,G04-260201-145721-391.bmp,G04,2026-02-01T14:57:21,2026-02-01,G04_2026-02-01,391,train,normal,,1025,1281,1,14712df65af90d5a211d18a413bc82cb38b605c4bc27caf84ad8267676ac1c02,,
1.0,G04-260201-145742-392,G04-260201-145742-392.bmp,G04,2026-02-01T14:57:42,2026-02-01,G04_2026-02-01,392,train,normal,,1025,1281,1,d64d63adfe207254376478eb4edb8da276819ce9cb70ef423df46b12baa34df6,,
1.0,G04-260201-145749-393,G04-260201-145749-393.bmp,G04,2026-02-01T14:57:49,2026-02-01,G04_2026-02-01,393,train,normal,,1025,1281,1,f98539dd47febc3d33f5aa09d2b5a2772d3a6558ab128a960b922c9da96f1b79,,
1.0,G04-260201-145812-394,G04-260201-145812-394.bmp,G04,2026-02-01T14:58:12,2026-02-01,G04_2026-02-01,394,train,normal,,1025,1281,1,42ba7f044941391de826c0b27f29c23c76b80c723d7418e37feea01adac4d9a0,,
1.0,G04-260201-145818-395,G04-260201-145818-395.bmp,G04,2026-02-01T14:58:18,2026-02-01,G04_2026-02-01,395,train,normal,,1025,1281,1,8f6b921bb17e6fc60a1d2449f7b1ca1e064f9ad329685ffe87bb815cf92e1fe6,,
1.0,G04-260201-145842-396,G04-260201-145842-396.bmp,G04,2026-02-01T14:58:42,2026-02-01,G04_2026-02-01,396,train,normal,,1025,1281,1,f18cf9bdf52163c7784af02757f46a289d0426fbc4fc6ddc3a43ebe7b17de42f,,
1.0,G04-260201-145848-397,G04-260201-145848-397.bmp,G04,2026-02-01T14:58:48,2026-02-01,G04_2026-02-01,397,train,normal,,1025,1281,1,7cde7244c32b3acd4c0c328ff6f205e60c3c44a97bfedd312c200c57c2ab633f,,
1.0,G04-260201-145913-398,G04-260201-145913-398.bmp,G04,2026-02-01T14:59:13,2026-02-01,G04_2026-02-01,398,train,normal,,1025,1281,1,69f8caf4842b181c6efe848d56cebb91da7d330f906197d3c6f31fec54dcd337,,
1.0,G04-260201-145919-399,G04-260201-145919-399.bmp,G04,2026-02-01T14:59:19,2026-02-01,G04_2026-02-01,399,train,normal,,1025,1281,1,021a707d7b8c5cb7da2775db0ff527c47745a82864da032e9c3bda781e45f740,,
1.0,G04-260201-145944-400,G04-260201-145944-400.bmp,G04,2026-02-01T14:59:44,2026-02-01,G04_2026-02-01,400,train,normal,,1025,1281,1,09c33d1e4c9a4dbe607a80abce32ecd35a228ce65f181f46af61484a9f92c36f,,
1.0,G04-260201-145950-401,G04-260201-145950-401.bmp,G04,2026-02-01T14:59:50,2026-02-01,G04_2026-02-01,401,train,normal,,1025,1281,1,2388593073e5865758a46cf791e00dc9304bc7c9e5a840e355c2c99fab965bf9,,
1.0,G04-260201-150014-402,G04-260201-150014-402.bmp,G04,2026-02-01T15:00:14,2026-02-01,G04_2026-02-01,402,train,normal,,1025,1281,1,a9f4ebaf1c0f70e06457d3c7c1aed48f96b6ecd3972d267f006ad7f1e4aa260c,,
1.0,G04-260201-150020-403,G04-260201-150020-403.bmp,G04,2026-02-01T15:00:20,2026-02-01,G04_2026-02-01,403,train,normal,,1025,1281,1,9dc06dec21be0ca1920a6325c53e2ab2d3a7788260b9ce2d889a32535c5d00e6,,
1.0,G04-260201-150044-404,G04-260201-150044-404.bmp,G04,2026-02-01T15:00:44,2026-02-01,G04_2026-02-01,404,train,normal,,1025,1281,1,d5da7a0804fe0f36fe5311b983d471f08c9c2187ec47a876455bb90e425bd444,,
1.0,G04-260201-150050-405,G04-260201-150050-405.bmp,G04,2026-02-01T15:00:50,2026-02-01,G04_2026-02-01,405,train,normal,,1025,1281,1,b2ee317a91cfaa5b57b84de59e7ed8bd161959e45329be5b06d850c2f7451a48,,
1.0,G04-260201-150113-406,G04-260201-150113-406.bmp,G04,2026-02-01T15:01:13,2026-02-01,G04_2026-02-01,406,train,normal,,1025,1281,1,ee3b499d829ee2938f1b7c1d0eb84871cac359d0e83630c5529e6ca0a4161b78,,
1.0,G04-260201-150120-407,G04-260201-150120-407.bmp,G04,2026-02-01T15:01:20,2026-02-01,G04_2026-02-01,407,train,normal,,1025,1281,1,d0479383ee03bdb52780e2fda573ba6101452414e13a88504c80c9bf1c9035cc,,
1.0,G04-260201-150142-408,G04-260201-150142-408.bmp,G04,2026-02-01T15:01:42,2026-02-01,G04_2026-02-01,408,train,normal,,1025,1281,1,d9f83b48236bc81bdeb2d891e5f5a6f5c04556683d1650845aee2b71b9026838,,
1.0,G04-260201-150148-409,G04-260201-150148-409.bmp,G04,2026-02-01T15:01:48,2026-02-01,G04_2026-02-01,409,train,normal,,1025,1281,1,0b152a067b8168b566bec1b9741a5a532e4df7a269e564d26debb1d4a11d61bf,,
1.0,G04-260201-150214-410,G04-260201-150214-410.bmp,G04,2026-02-01T15:02:14,2026-02-01,G04_2026-02-01,410,train,normal,,1025,1281,1,4fba953c8edfea36a54cd2c4aa9304ce0e576e0508169245c1a4dea0767da57b,,
1.0,G04-260201-150221-411,G04-260201-150221-411.bmp,G04,2026-02-01T15:02:21,2026-02-01,G04_2026-02-01,411,train,normal,,1025,1281,1,1cb0a5d26c30084e3203877bb86d3a1f6e10aa7bb8d017d82a5b1289e2ae6c05,,
1.0,G04-260201-150243-412,G04-260201-150243-412.bmp,G04,2026-02-01T15:02:43,2026-02-01,G04_2026-02-01,412,train,normal,,1025,1281,1,0103ef08bad5478742b0401e47d8b1a4dfb5bead545422b32d5b0b2272c2030e,,
1.0,G04-260201-150249-413,G04-260201-150249-413.bmp,G04,2026-02-01T15:02:49,2026-02-01,G04_2026-02-01,413,train,normal,,1025,1281,1,de468992a36ac402bbfe5758239e390fb429a921dec84d0aa65b15fbfeaeaa95,,
1.0,G04-260201-150315-414,G04-260201-150315-414.bmp,G04,2026-02-01T15:03:15,2026-02-01,G04_2026-02-01,414,train,normal,,1025,1281,1,c3703ae2e2c64ac9092a7edd7615ca219e5f72bfbd62aa93c54a287384952655,,
1.0,G04-260201-150321-415,G04-260201-150321-415.bmp,G04,2026-02-01T15:03:21,2026-02-01,G04_2026-02-01,415,train,normal,,1025,1281,1,2b0412ea862b026a46c089296403ee9a0c04f8bfca55e9465237fde567da7c69,,
1.0,G04-260201-150344-416,G04-260201-150344-416.bmp,G04,2026-02-01T15:03:44,2026-02-01,G04_2026-02-01,416,train,normal,,1025,1281,1,79e74a5f562ca4185f98beabb7c1c7e3d94dac8c6775022423dcf28757bf7023,,
1.0,G04-260201-150351-417,G04-260201-150351-417.bmp,G04,2026-02-01T15:03:51,2026-02-01,G04_2026-02-01,417,train,normal,,1025,1281,1,8a840ea7264680736bfe1b2887c28ede7c39825db43305c8d079af187393f4bb,,
1.0,G04-260201-150414-418,G04-260201-150414-418.bmp,G04,2026-02-01T15:04:14,2026-02-01,G04_2026-02-01,418,train,normal,,1025,1281,1,618a528f2a0f98b06a6d34f9f007273854311a32930942803f3018fb50c088de,,
1.0,G04-260201-150420-419,G04-260201-150420-419.bmp,G04,2026-02-01T15:04:20,2026-02-01,G04_2026-02-01,419,train,normal,,1025,1281,1,71a7f5119bcd8284c6becfd4fc9cd6ebfca6f42fdaf3d3b96c87bd37a0253093,,
1.0,G04-260201-150443-420,G04-260201-150443-420.bmp,G04,2026-02-01T15:04:43,2026-02-01,G04_2026-02-01,420,train,normal,,1025,1281,1,b89a5233cccf65ed1687d55c5ef2ab7489e15b46dd68ce2215cc6ba986a5053a,,
1.0,G04-260201-150451-421,G04-260201-150451-421.bmp,G04,2026-02-01T15:04:51,2026-02-01,G04_2026-02-01,421,train,normal,,1025,1281,1,b3148532982b01fdd46cbe08599bc44b8890ca8e9a6141ccf0b38a1b5b5d9bfd,,
1.0,G04-260201-150517-422,G04-260201-150517-422.bmp,G04,2026-02-01T15:05:17,2026-02-01,G04_2026-02-01,422,train,normal,,1025,1281,1,ce44fa85686e1fe92447f084ee79f30343f82e1de7d4b7ed76d3bffed6c80b99,,
1.0,G04-260201-150523-423,G04-260201-150523-423.bmp,G04,2026-02-01T15:05:23,2026-02-01,G04_2026-02-01,423,train,normal,,1025,1281,1,d7d1afa8d25d7f94171f2e8778628c3545c35cf3d8413c0535890fed62e4970f,,
1.0,G04-260201-150547-424,G04-260201-150547-424.bmp,G04,2026-02-01T15:05:47,2026-02-01,G04_2026-02-01,424,train,normal,,1025,1281,1,6c658a2b19319afa1c39795115baaa433c27ffa496c2f111c4fcf7cf8ea59ce4,,
1.0,G04-260201-150553-425,G04-260201-150553-425.bmp,G04,2026-02-01T15:05:53,2026-02-01,G04_2026-02-01,425,train,normal,,1025,1281,1,653415fb80e0c6125ef5addcb33ff0de51abad1a7d620224b6ea897686724dd4,,
1.0,G04-260201-150615-426,G04-260201-150615-426.bmp,G04,2026-02-01T15:06:15,2026-02-01,G04_2026-02-01,426,train,normal,,1025,1281,1,95f3d9c1d34aeee651fa9aaf225460b5f19dcf16007a9adadc64303642715957,,
1.0,G04-260201-150622-427,G04-260201-150622-427.bmp,G04,2026-02-01T15:06:22,2026-02-01,G04_2026-02-01,427,train,normal,,1025,1281,1,9cc07dccfc156adf61d7f604c11e3dd93489545a9b359474603b10ff6adaa615,,
1.0,G04-260201-150645-428,G04-260201-150645-428.bmp,G04,2026-02-01T15:06:45,2026-02-01,G04_2026-02-01,428,train,normal,,1025,1281,1,3662c4f9fee78afea9d0abbbc26601baddc236bf023261784799dec1dc882d61,,
1.0,G04-260201-150652-429,G04-260201-150652-429.bmp,G04,2026-02-01T15:06:52,2026-02-01,G04_2026-02-01,429,train,normal,,1025,1281,1,d82a653ac0d8c6f53b343fa9252cde9edb523ac43617382c2320e350becd5f97,,
1.0,G04-260201-150713-430,G04-260201-150713-430.bmp,G04,2026-02-01T15:07:13,2026-02-01,G04_2026-02-01,430,train,normal,,1025,1281,1,06d86dfcebbdc9c5db5c3df807550a851b2ed0934db59aa95fc80243125b735f,,
1.0,G04-260201-150720-431,G04-260201-150720-431.bmp,G04,2026-02-01T15:07:20,2026-02-01,G04_2026-02-01,431,train,normal,,1025,1281,1,77bd404d0210860179d65233b3a9dffb26c04db0b15dab31b82b13cfd42376eb,,
1.0,G04-260201-150746-432,G04-260201-150746-432.bmp,G04,2026-02-01T15:07:46,2026-02-01,G04_2026-02-01,432,train,normal,,1025,1281,1,249240a5a71d289d28d306212ef68376d46824f17c6ebf961f0b93efc4b67bf5,,
1.0,G04-260201-150752-433,G04-260201-150752-433.bmp,G04,2026-02-01T15:07:52,2026-02-01,G04_2026-02-01,433,train,normal,,1025,1281,1,88326d98c6ca8e12c45ba43a2f27199903c91292ed937b6e1e0c779d8f6eb521,,
1.0,G04-260201-150816-434,G04-260201-150816-434.bmp,G04,2026-02-01T15:08:16,2026-02-01,G04_2026-02-01,434,train,normal,,1025,1281,1,dcda8fceceae8c987a2eed265d8a51827bf83fa102f06733c9d1290d45df5803,,
1.0,G04-260201-150822-435,G04-260201-150822-435.bmp,G04,2026-02-01T15:08:22,2026-02-01,G04_2026-02-01,435,train,normal,,1025,1281,1,f8a51cbf084bc68a24272b0757450a9283a8bd51d998403009c63b8dbf684fe8,,
1.0,G04-260201-150846-436,G04-260201-150846-436.bmp,G04,2026-02-01T15:08:46,2026-02-01,G04_2026-02-01,436,train,normal,,1025,1281,1,ed9acd6a4a27cadf00619c2052c630527c9cad6591310d39ef9b054634bfd627,,
1.0,G04-260201-150852-437,G04-260201-150852-437.bmp,G04,2026-02-01T15:08:52,2026-02-01,G04_2026-02-01,437,train,normal,,1025,1281,1,233208bc1391b5a76d901d821300a2ae0cf621d4c58df2ac608f93c2e55f2427,,
1.0,G04-260201-150921-438,G04-260201-150921-438.bmp,G04,2026-02-01T15:09:21,2026-02-01,G04_2026-02-01,438,train,normal,,1025,1281,1,17a52001dce84ee9c92bcb6284fadfc87001e65028ae9db8bd4555f3b0585649,,
1.0,G04-260201-150927-439,G04-260201-150927-439.bmp,G04,2026-02-01T15:09:27,2026-02-01,G04_2026-02-01,439,train,normal,,1025,1281,1,f360c96b9e3d9857071f3987fde9385d5b300ef1dbd3f2f1cb1c98548c29d6c1,,
1.0,G04-260201-150946-440,G04-260201-150946-440.bmp,G04,2026-02-01T15:09:46,2026-02-01,G04_2026-02-01,440,train,normal,,1025,1281,1,12caad1b25199a41d3abe83c6c63c553770ee78c98812ca25c52875f5296457d,,
1.0,G04-260201-150953-441,G04-260201-150953-441.bmp,G04,2026-02-01T15:09:53,2026-02-01,G04_2026-02-01,441,train,normal,,1025,1281,1,35ba121ac2a6b02af2b92b72afd0ae2836f9b148e67962c49b058313d0fb06b0,,
1.0,G04-260201-151016-442,G04-260201-151016-442.bmp,G04,2026-02-01T15:10:16,2026-02-01,G04_2026-02-01,442,train,normal,,1025,1281,1,1922e31d082328e02a1f865895211cb320f83d8a1e9d74dfb242562f2747eed5,,
1.0,G04-260201-151023-443,G04-260201-151023-443.bmp,G04,2026-02-01T15:10:23,2026-02-01,G04_2026-02-01,443,train,normal,,1025,1281,1,17644892649a1ede89d2c3890e05fdc79e11c57e212b22c9d4f3d3f8fe317bb8,,
1.0,G04-260201-151045-444,G04-260201-151045-444.bmp,G04,2026-02-01T15:10:45,2026-02-01,G04_2026-02-01,444,train,normal,,1025,1281,1,5e51a6f92aa96747f2f717dcc7ea1de6cdfa427e61469c840a32c7709962c3f3,,
1.0,G04-260201-151051-445,G04-260201-151051-445.bmp,G04,2026-02-01T15:10:51,2026-02-01,G04_2026-02-01,445,train,normal,,1025,1281,1,2aacae406bbe6d41393c01388f73c607b64e62ae5508f22f3328680d27f90666,,
1.0,G04-260201-151116-446,G04-260201-151116-446.bmp,G04,2026-02-01T15:11:16,2026-02-01,G04_2026-02-01,446,train,normal,,1025,1281,1,014b207a939bd66d3bc819786186bfc62f609a2e2ec8398a8558b25f13c56bdc,,
1.0,G04-260201-151122-447,G04-260201-151122-447.bmp,G04,2026-02-01T15:11:22,2026-02-01,G04_2026-02-01,447,train,normal,,1025,1281,1,d524d2ea9c5f90b672e408a45622fbc20257ad06b227879116b5724157076d53,,
1.0,G04-260201-151145-448,G04-260201-151145-448.bmp,G04,2026-02-01T15:11:45,2026-02-01,G04_2026-02-01,448,train,normal,,1025,1281,1,23b34899963d8b1cb09b294ef15646c78a7a01035be52e447308d83272fba4f9,,
1.0,G04-260201-151152-449,G04-260201-151152-449.bmp,G04,2026-02-01T15:11:52,2026-02-01,G04_2026-02-01,449,train,normal,,1025,1281,1,42ecda944226741311226d0a820939d87ddd0556dffd14e6b4c50fe2d3671cac,,
1.0,G04-260201-151215-450,G04-260201-151215-450.bmp,G04,2026-02-01T15:12:15,2026-02-01,G04_2026-02-01,450,train,normal,,1025,1281,1,ed20503f39bdf2cc0c4719976bca7b19cf57a0e03f276ac9a45eefd5bbaea3af,,
1.0,G04-260201-151222-451,G04-260201-151222-451.bmp,G04,2026-02-01T15:12:22,2026-02-01,G04_2026-02-01,451,train,normal,,1025,1281,1,6512a16e7f9af6988e38d6cdbf7ec5f4af8deb5866b450b0be6680ae30168393,,
1.0,G04-260201-151245-452,G04-260201-151245-452.bmp,G04,2026-02-01T15:12:45,2026-02-01,G04_2026-02-01,452,train,normal,,1025,1281,1,36b5af2e41e0e886e7fe64ca56a967b679f169159868d0599a7ba8ef0cf90229,,
1.0,G04-260201-151252-453,G04-260201-151252-453.bmp,G04,2026-02-01T15:12:52,2026-02-01,G04_2026-02-01,453,train,normal,,1025,1281,1,239f5f8f8ae08876ef4dd1ee21f239f10174f8067440122878ae6bf51955e023,,
1.0,G04-260201-151315-454,G04-260201-151315-454.bmp,G04,2026-02-01T15:13:15,2026-02-01,G04_2026-02-01,454,train,normal,,1025,1281,1,724849778aeff2fa60e28397a377cb8a9e0023d76cef49ab9cf84ea0b667b145,,
1.0,G04-260201-151322-455,G04-260201-151322-455.bmp,G04,2026-02-01T15:13:22,2026-02-01,G04_2026-02-01,455,train,normal,,1025,1281,1,b17208a9c4bf9d0e57650cda15b8b666d69fd830589511e0b730728378871fc7,,
1.0,G04-260201-151347-456,G04-260201-151347-456.bmp,G04,2026-02-01T15:13:47,2026-02-01,G04_2026-02-01,456,train,normal,,1025,1281,1,3f3a8ae0bbafd9c59cd6e12fbba8aa6bedd4e3ba76e4238475742ab2dc4803b5,,
1.0,G04-260201-151353-457,G04-260201-151353-457.bmp,G04,2026-02-01T15:13:53,2026-02-01,G04_2026-02-01,457,train,normal,,1025,1281,1,40fc3c1f8b5c665617cb8dfb7ecfca4529b8adf33da3d5055acdb10c397c44c0,,
1.0,G04-260201-151415-458,G04-260201-151415-458.bmp,G04,2026-02-01T15:14:15,2026-02-01,G04_2026-02-01,458,train,normal,,1025,1281,1,c175bba4dc5865aa5d89effe98e582db274a89b85dc2a55cd671fd6e93c1964b,,
1.0,G04-260201-151421-459,G04-260201-151421-459.bmp,G04,2026-02-01T15:14:21,2026-02-01,G04_2026-02-01,459,train,normal,,1025,1281,1,e33a0b7244290cb2b2779450dd6883da2c912aa13abfca34aed0b36177b89084,,
1.0,G04-260201-151447-460,G04-260201-151447-460.bmp,G04,2026-02-01T15:14:47,2026-02-01,G04_2026-02-01,460,train,normal,,1025,1281,1,ce63908d5c14e05c7eddd74d414e2c5db5d4a458f92add850cc914dd0dc01b6d,,
1.0,G04-260201-151453-461,G04-260201-151453-461.bmp,G04,2026-02-01T15:14:53,2026-02-01,G04_2026-02-01,461,train,normal,,1025,1281,1,3713e00c369bc2a82c8d91c3eeb5592666d46cf358ed257b63eeb4d51368d791,,
1.0,G04-260201-151518-462,G04-260201-151518-462.bmp,G04,2026-02-01T15:15:18,2026-02-01,G04_2026-02-01,462,train,normal,,1025,1281,1,133c3a5bbad199b7ef54f3efcc06553bd6b81d738b7d06fbf2fa5acece6667a2,,
1.0,G04-260201-151524-463,G04-260201-151524-463.bmp,G04,2026-02-01T15:15:24,2026-02-01,G04_2026-02-01,463,train,normal,,1025,1281,1,fb9e9dcaa0b4369984a314d5c1c2c44eb8278edc778838250ea3cfbccfa3fb58,,
1.0,G04-260201-151546-464,G04-260201-151546-464.bmp,G04,2026-02-01T15:15:46,2026-02-01,G04_2026-02-01,464,train,normal,,1025,1281,1,7700cb607eadd24cefaaa3673444d24435b0e26db637d103f40e75406c118d96,,
1.0,G04-260201-151553-465,G04-260201-151553-465.bmp,G04,2026-02-01T15:15:53,2026-02-01,G04_2026-02-01,465,train,normal,,1025,1281,1,cc8344c0b79f36289acbe18695bfc03ca6f5686d246cf770e226c60aa666bf47,,
1.0,G04-260201-151618-466,G04-260201-151618-466.bmp,G04,2026-02-01T15:16:18,2026-02-01,G04_2026-02-01,466,train,normal,,1025,1281,1,76ff6917c7305c74f3d92da68964fb6c15f505f3256bb50a969cbb5b55ec04b0,,
1.0,G04-260201-151624-467,G04-260201-151624-467.bmp,G04,2026-02-01T15:16:24,2026-02-01,G04_2026-02-01,467,train,normal,,1025,1281,1,a4306256b150a4a2c1871570ad5883a0acdb4a5431231f61ce5306373465830c,,
1.0,G04-260201-151647-468,G04-260201-151647-468.bmp,G04,2026-02-01T15:16:47,2026-02-01,G04_2026-02-01,468,train,normal,,1025,1281,1,d9a5cf798f6822709670bc8f0cac0356d276b66383fd498c1972a2a11b4cf1aa,,
1.0,G04-260201-151653-469,G04-260201-151653-469.bmp,G04,2026-02-01T15:16:53,2026-02-01,G04_2026-02-01,469,train,normal,,1025,1281,1,a4349f2d7efd3e37fc9dda510e015aad1ef0e23ec5575a9f7be658d419b71fb6,,
1.0,G04-260201-151717-470,G04-260201-151717-470.bmp,G04,2026-02-01T15:17:17,2026-02-01,G04_2026-02-01,470,train,normal,,1025,1281,1,1de34fee54db59fb65ba65ffab85b4e5e43f3042541f93cf37c7dacca2d4ed97,,
1.0,G04-260201-151723-471,G04-260201-151723-471.bmp,G04,2026-02-01T15:17:23,2026-02-01,G04_2026-02-01,471,train,normal,,1025,1281,1,589e68f93ad2cae8d3ab05e9f2b1e3c17413891067fab48135618d5d7025ee63,,
1.0,G04-260201-151748-472,G04-260201-151748-472.bmp,G04,2026-02-01T15:17:48,2026-02-01,G04_2026-02-01,472,train,normal,,1025,1281,1,0c5ad615b244572a8b32ed326004a0b666abf415eb04374009560cc443401d88,,
1.0,G04-260201-151755-473,G04-260201-151755-473.bmp,G04,2026-02-01T15:17:55,2026-02-01,G04_2026-02-01,473,train,normal,,1025,1281,1,08788fe1e76ef7f4728736302995c04951e53aca77939399c4d7b58b5c4d4f74,,
1.0,G04-260201-151818-474,G04-260201-151818-474.bmp,G04,2026-02-01T15:18:18,2026-02-01,G04_2026-02-01,474,train,normal,,1025,1281,1,3197fcde993a0a7001cbdb10bfa86d841050fa211a60c19184d7c0faff0a48a0,,
1.0,G04-260201-151824-475,G04-260201-151824-475.bmp,G04,2026-02-01T15:18:24,2026-02-01,G04_2026-02-01,475,train,normal,,1025,1281,1,1c5106ba4743a448f36d564b5fa8c8c506262330f711b7fb1b6e292135d36554,,
1.0,G04-260201-151848-476,G04-260201-151848-476.bmp,G04,2026-02-01T15:18:48,2026-02-01,G04_2026-02-01,476,train,normal,,1025,1281,1,45d0ee05f0e71a8d65413a643bfbfb245bfe6977c4849eca8baba11c759cbb88,,
1.0,G04-260201-151854-477,G04-260201-151854-477.bmp,G04,2026-02-01T15:18:54,2026-02-01,G04_2026-02-01,477,train,normal,,1025,1281,1,569cda8a712d7a7eb0cbc18b7c043b958b6100725ec0ec6eeb0bcdcbb1317934,,
1.0,G04-260201-151912-478,G04-260201-151912-478.bmp,G04,2026-02-01T15:19:12,2026-02-01,G04_2026-02-01,478,train,normal,,1025,1281,1,2ac89b15ba253088a4a7cf407937ff8a86164121f23d82df91ee59ce874aec00,,
1.0,G04-260201-151950-479,G04-260201-151950-479.bmp,G04,2026-02-01T15:19:50,2026-02-01,G04_2026-02-01,479,train,normal,,1025,1281,1,4ca0e74ca4337d32e687911452b2d9d7a96d569257dc606166e198e04b1475ec,,
1.0,G04-260201-151957-480,G04-260201-151957-480.bmp,G04,2026-02-01T15:19:57,2026-02-01,G04_2026-02-01,480,train,normal,,1025,1281,1,101bb8865d9a1c4834d2293d839ed765b947ad2ac313ef368670b459dee0e9fd,,
1.0,G04-260201-152004-481,G04-260201-152004-481.bmp,G04,2026-02-01T15:20:04,2026-02-01,G04_2026-02-01,481,train,normal,,1025,1281,1,399cb0bc946be6de97c4c97b37f7a1a442a2e8b752a781f91725723b4746f589,,
1.0,G04-260201-152021-482,G04-260201-152021-482.bmp,G04,2026-02-01T15:20:21,2026-02-01,G04_2026-02-01,482,train,normal,,1025,1281,1,64189360215928c0c1c8a4bde52ff47e7b971ee9e7398c28716f960e60494d24,,
1.0,G04-260201-152027-483,G04-260201-152027-483.bmp,G04,2026-02-01T15:20:27,2026-02-01,G04_2026-02-01,483,train,normal,,1025,1281,1,1de72899207dcafe29e4dc5b796245369510ccfb564ba1ca078aa4df06e50389,,
1.0,G04-260201-152048-484,G04-260201-152048-484.bmp,G04,2026-02-01T15:20:48,2026-02-01,G04_2026-02-01,484,train,normal,,1025,1281,1,dfa899ae7729f7488d0a8d2613c1e9f20e381798c76e31a9552897449adf206e,,
1.0,G04-260201-152054-485,G04-260201-152054-485.bmp,G04,2026-02-01T15:20:54,2026-02-01,G04_2026-02-01,485,train,normal,,1025,1281,1,bdcf867071db8612eb8f4476eddd1cf1103b9480f6933016d319688074546301,,
1.0,G04-260201-152118-486,G04-260201-152118-486.bmp,G04,2026-02-01T15:21:18,2026-02-01,G04_2026-02-01,486,train,normal,,1025,1281,1,6028bc2c67beaddc66f10b633fbf8ca168b585e7253ae6fec8e85e860936adbd,,
1.0,G04-260201-152124-487,G04-260201-152124-487.bmp,G04,2026-02-01T15:21:24,2026-02-01,G04_2026-02-01,487,train,normal,,1025,1281,1,ab7f008dd03201de96a53d0d499eb783ceb9af4795137ec68cdd43021849f7f3,,
1.0,G04-260201-152149-488,G04-260201-152149-488.bmp,G04,2026-02-01T15:21:49,2026-02-01,G04_2026-02-01,488,train,normal,,1025,1281,1,a70e955ac2a7c10ab09395f169128f0e9cc9386a561b73b3c33c1b714128b70d,,
1.0,G04-260201-152155-489,G04-260201-152155-489.bmp,G04,2026-02-01T15:21:55,2026-02-01,G04_2026-02-01,489,train,normal,,1025,1281,1,cb119f0a7ab53ce309a58fe8d225400bccd4de5122722ffee1c7a079aed065df,,
1.0,G04-260201-152221-490,G04-260201-152221-490.bmp,G04,2026-02-01T15:22:21,2026-02-01,G04_2026-02-01,490,train,normal,,1025,1281,1,93cecebe72223706000c1d3350a4a3ad5a8fd389c28c6cf95c6ad8b56472ce92,,
1.0,G04-260201-152227-491,G04-260201-152227-491.bmp,G04,2026-02-01T15:22:27,2026-02-01,G04_2026-02-01,491,train,normal,,1025,1281,1,50446697f81bc3c3675ed361efb89c2a241c929c1b93b2938a77755d8a20fb7e,,
1.0,G04-260201-152249-492,G04-260201-152249-492.bmp,G04,2026-02-01T15:22:49,2026-02-01,G04_2026-02-01,492,train,normal,,1025,1281,1,c1e9303f38682e24c4548b8680807ade67c6c615b3fc5dd78c4c2b2255f4a561,,
1.0,G04-260201-152256-493,G04-260201-152256-493.bmp,G04,2026-02-01T15:22:56,2026-02-01,G04_2026-02-01,493,train,normal,,1025,1281,1,53d37b0ac22ae6c55c664d39f1cea00cb0214db03ef07440c8eb82f5a723ab7c,,
1.0,G04-260201-152320-494,G04-260201-152320-494.bmp,G04,2026-02-01T15:23:20,2026-02-01,G04_2026-02-01,494,train,normal,,1025,1281,1,2f2a8be2057b17083f5f47e7fc009f107dc29c434d09704f78544bdaf4d7a3a6,,
1.0,G04-260201-152326-495,G04-260201-152326-495.bmp,G04,2026-02-01T15:23:26,2026-02-01,G04_2026-02-01,495,train,normal,,1025,1281,1,3e42115a8345a0d7698e22c2e1b5fb2ce585e78a3bcb92b473d721056fc7c6a0,,
1.0,G04-260201-152350-496,G04-260201-152350-496.bmp,G04,2026-02-01T15:23:50,2026-02-01,G04_2026-02-01,496,train,normal,,1025,1281,1,a22dfe8889d15455aa51085a0dc5417d7af94f37db0dfb347604c66fafaa3c0b,,
1.0,G04-260201-152356-497,G04-260201-152356-497.bmp,G04,2026-02-01T15:23:56,2026-02-01,G04_2026-02-01,497,train,normal,,1025,1281,1,6d8fcb363a8e9a970271a27034e88ea03dca744f22c4f214c97e46c604e9c658,,
1.0,G04-260201-152419-498,G04-260201-152419-498.bmp,G04,2026-02-01T15:24:19,2026-02-01,G04_2026-02-01,498,train,normal,,1025,1281,1,8777b56c34a9d7c6e23e947737f185e356433b0b2da285762f64ab8a0bdf3b09,,
1.0,G04-260201-152425-499,G04-260201-152425-499.bmp,G04,2026-02-01T15:24:25,2026-02-01,G04_2026-02-01,499,train,normal,,1025,1281,1,c0443ee82bde28823faa60cfa19964a3cf0bfc80d74eeec18f73b3d83b0db023,,
1.0,G04-260201-152450-500,G04-260201-152450-500.bmp,G04,2026-02-01T15:24:50,2026-02-01,G04_2026-02-01,500,train,normal,,1025,1281,1,f34b5fa044faff4c94dc8cc6a683d8109489205724647b1ce97a835bceec6d6c,,
1.0,G04-260201-152456-501,G04-260201-152456-501.bmp,G04,2026-02-01T15:24:56,2026-02-01,G04_2026-02-01,501,train,normal,,1025,1281,1,867ca63aced049548f0d474dca74a6310a1c2daee88a305aa2f9f67536c0f931,,
1.0,G04-260201-152520-502,G04-260201-152520-502.bmp,G04,2026-02-01T15:25:20,2026-02-01,G04_2026-02-01,502,train,normal,,1025,1281,1,25347bc031c933a1908687f3cb9da48afb1de91a3247500a79b0f8aa847259d1,,
1.0,G04-260201-152526-503,G04-260201-152526-503.bmp,G04,2026-02-01T15:25:26,2026-02-01,G04_2026-02-01,503,train,normal,,1025,1281,1,8b4a4fa750c6b30e9a1c3510650bdf7ffd074226c83b6d055356f79a6f1e1756,,
1.0,G04-260201-152546-504,G04-260201-152546-504.bmp,G04,2026-02-01T15:25:46,2026-02-01,G04_2026-02-01,504,train,normal,,1025,1281,1,bf4a3e1d7dcbc64413cd3171b34ea89f4623e7331dce0c360c449edcee1cbffa,,
1.0,G04-260201-152606-505,G04-260201-152606-505.bmp,G04,2026-02-01T15:26:06,2026-02-01,G04_2026-02-01,505,train,normal,,1025,1281,1,dd0675293a0ac6ac840281bb054c14eaf379c1a0dfdbb9cca6c674f197276256,,
1.0,G04-260201-152622-506,G04-260201-152622-506.bmp,G04,2026-02-01T15:26:22,2026-02-01,G04_2026-02-01,506,train,normal,,1025,1281,1,59cf191465138d3ca321afce8aea4afdc1e3d5d5c0b97e4b9024e7bb02c0fa7f,,
1.0,G04-260201-152628-507,G04-260201-152628-507.bmp,G04,2026-02-01T15:26:28,2026-02-01,G04_2026-02-01,507,train,normal,,1025,1281,1,c37bf059fb27a8eeebe0305a7a2a446d9575e8980192d51b7498bc3d71f93c81,,
1.0,G04-260201-152651-508,G04-260201-152651-508.bmp,G04,2026-02-01T15:26:51,2026-02-01,G04_2026-02-01,508,train,normal,,1025,1281,1,cabfdce5730691bc65ce44b29bc163831c47c3a5f0bde632d3a01916882751b2,,
1.0,G04-260201-152657-509,G04-260201-152657-509.bmp,G04,2026-02-01T15:26:57,2026-02-01,G04_2026-02-01,509,train,normal,,1025,1281,1,38505eba8ba6a9c64e3013a27c57f7f6c587b5f3ae61b92b2b2e352f0e947518,,
1.0,G04-260201-152718-510,G04-260201-152718-510.bmp,G04,2026-02-01T15:27:18,2026-02-01,G04_2026-02-01,510,train,normal,,1025,1281,1,c822109b671547e310c3fcad9efa2510fffb7d2692040417e7db7badbe7a3b70,,
1.0,G04-260201-152724-511,G04-260201-152724-511.bmp,G04,2026-02-01T15:27:24,2026-02-01,G04_2026-02-01,511,train,normal,,1025,1281,1,116b7a0e33cb372e00bf8394b88f92474ddc98d44f86fc1c80f138da599bf234,,
1.0,G04-260201-152749-512,G04-260201-152749-512.bmp,G04,2026-02-01T15:27:49,2026-02-01,G04_2026-02-01,512,train,normal,,1025,1281,1,a670f7747ca6a311f46b3c52abbe8fdd51e5a6ef6de58b7290f6160c24423475,,
1.0,G04-260201-152756-513,G04-260201-152756-513.bmp,G04,2026-02-01T15:27:56,2026-02-01,G04_2026-02-01,513,train,normal,,1025,1281,1,5660d24f4575b1e1077be4df8ba3ff4d77ec990429cfc419e30d358341e00d57,,
1.0,G04-260201-152821-514,G04-260201-152821-514.bmp,G04,2026-02-01T15:28:21,2026-02-01,G04_2026-02-01,514,train,normal,,1025,1281,1,c557b697f95bf9736e2aeab21b3da237d49d3fa8b8fa8a41ea3663e511e885ff,,
1.0,G04-260201-152828-515,G04-260201-152828-515.bmp,G04,2026-02-01T15:28:28,2026-02-01,G04_2026-02-01,515,train,normal,,1025,1281,1,ab955bbe044c2883aa2c5d0009a1e44bbc0290ebeedf374a37ed9c6b8177e170,,
1.0,G04-260201-152851-516,G04-260201-152851-516.bmp,G04,2026-02-01T15:28:51,2026-02-01,G04_2026-02-01,516,train,normal,,1025,1281,1,226b652645d9c8d92300c92154c0421cc0c1123bde1b91e836a767302434374a,,
1.0,G04-260201-152858-517,G04-260201-152858-517.bmp,G04,2026-02-01T15:28:58,2026-02-01,G04_2026-02-01,517,train,normal,,1025,1281,1,e4c0f2ed9712406b9cad15eaa8476e48559d5c7c495843a5143c506a264a14ae,,
1.0,G04-260201-152921-518,G04-260201-152921-518.bmp,G04,2026-02-01T15:29:21,2026-02-01,G04_2026-02-01,518,train,normal,,1025,1281,1,4578f3d30d10116c3604a6462eac1a6e9de108787ddd9ce6a626175776164835,,
1.0,G04-260201-152927-519,G04-260201-152927-519.bmp,G04,2026-02-01T15:29:27,2026-02-01,G04_2026-02-01,519,train,normal,,1025,1281,1,447bf1cca0ace250bb032b7cb652788458037081e8e3de9cacb3fdf04e50c302,,
1.0,G04-260201-152952-520,G04-260201-152952-520.bmp,G04,2026-02-01T15:29:52,2026-02-01,G04_2026-02-01,520,train,normal,,1025,1281,1,c206ef6df0f69d8c849f2d0f93ef222996c55c870ccb68bd075905196ddad138,,
1.0,G04-260201-152959-521,G04-260201-152959-521.bmp,G04,2026-02-01T15:29:59,2026-02-01,G04_2026-02-01,521,train,normal,,1025,1281,1,c21008f0932ba4238e69e59f06f1994adeec1d5bbe52caee81fae519af654746,,
1.0,G04-260201-153020-522,G04-260201-153020-522.bmp,G04,2026-02-01T15:30:20,2026-02-01,G04_2026-02-01,522,train,normal,,1025,1281,1,5ef5bf7cd062906f1b87987dde2e012799b609f7f3e018d8fc3a4ae7dbbaa9cb,,
1.0,G04-260201-153026-523,G04-260201-153026-523.bmp,G04,2026-02-01T15:30:26,2026-02-01,G04_2026-02-01,523,train,normal,,1025,1281,1,a688e3f67d0391e4441570e128351c4072fd816a28ace7fb515ebdc1a0a44649,,
1.0,G04-260201-153051-524,G04-260201-153051-524.bmp,G04,2026-02-01T15:30:51,2026-02-01,G04_2026-02-01,524,train,normal,,1025,1281,1,74d605988eca6e736e34e2f9e6eacfe749c5597ddfea8c59b5199fcd23207e4b,,
1.0,G04-260201-153120-525,G04-260201-153120-525.bmp,G04,2026-02-01T15:31:20,2026-02-01,G04_2026-02-01,525,train,normal,,1025,1281,1,e323f2fcc62c9a5e2ef23607e5e62df16e1023fd1cc600a2c14abcf8f9d6a16f,,
1.0,G04-260201-153126-526,G04-260201-153126-526.bmp,G04,2026-02-01T15:31:26,2026-02-01,G04_2026-02-01,526,train,normal,,1025,1281,1,4f0937bcb37159fc1b4ccfb001606ee353fbe5003dd27ff54b90c05ac6c883fc,,
1.0,G04-260201-153151-527,G04-260201-153151-527.bmp,G04,2026-02-01T15:31:51,2026-02-01,G04_2026-02-01,527,train,normal,,1025,1281,1,f0797bb4bba537c0d013e0f6c2a616a724eec1c0f5726f7516feb11493c56cd6,,
1.0,G04-260201-153157-528,G04-260201-153157-528.bmp,G04,2026-02-01T15:31:57,2026-02-01,G04_2026-02-01,528,train,normal,,1025,1281,1,1bf1fcccb576cb78f922e9581a462fa0e6202e0b914a71b9ded6b7cf894853f0,,
1.0,G04-260201-153223-529,G04-260201-153223-529.bmp,G04,2026-02-01T15:32:23,2026-02-01,G04_2026-02-01,529,train,normal,,1025,1281,1,8af23006ff7d04267d3c7a36151f44a075975fcad585741f473b1b9e335b0e69,,
1.0,G04-260201-153229-530,G04-260201-153229-530.bmp,G04,2026-02-01T15:32:29,2026-02-01,G04_2026-02-01,530,train,normal,,1025,1281,1,d7b2b3305360649c8f2c9801adc4fd9ff7caddbd644a3e7896bcee62c94905c4,,
1.0,G04-260201-153251-531,G04-260201-153251-531.bmp,G04,2026-02-01T15:32:51,2026-02-01,G04_2026-02-01,531,train,normal,,1025,1281,1,856a70a644d3ea8c6abee8d3755bcbf37c6c1a7c07aac94e0b954c0ba31947c3,,
1.0,G04-260201-153258-532,G04-260201-153258-532.bmp,G04,2026-02-01T15:32:58,2026-02-01,G04_2026-02-01,532,train,normal,,1025,1281,1,2ae1a3c04431181f36338a94bcbabd1ce9bb3bab0dee175d933f19e240b7e7eb,,
1.0,G04-260201-153323-533,G04-260201-153323-533.bmp,G04,2026-02-01T15:33:23,2026-02-01,G04_2026-02-01,533,train,normal,,1025,1281,1,a48e29e8b432e20f2c15c31ceaf8e6b59cfc7f5ec6938d9f9807f9b479193def,,
1.0,G04-260201-153330-534,G04-260201-153330-534.bmp,G04,2026-02-01T15:33:30,2026-02-01,G04_2026-02-01,534,train,normal,,1025,1281,1,d307b997c5d95e01ae89c1fc7469196d75c4284a6bf535a47d88491255de3012,,
1.0,G04-260201-153353-535,G04-260201-153353-535.bmp,G04,2026-02-01T15:33:53,2026-02-01,G04_2026-02-01,535,train,normal,,1025,1281,1,2be6308d9ba558711c3f012ec8521ac3d81cd4240247a705517adbadfba767ba,,
1.0,G04-260201-153359-536,G04-260201-153359-536.bmp,G04,2026-02-01T15:33:59,2026-02-01,G04_2026-02-01,536,train,normal,,1025,1281,1,b279f184e13e64b274d20c33952a957198b125c67cab8db8e1151fd8952579da,,
1.0,G04-260201-153422-537,G04-260201-153422-537.bmp,G04,2026-02-01T15:34:22,2026-02-01,G04_2026-02-01,537,train,normal,,1025,1281,1,0fc524c9fda3104c4e92d6682e38134e7ea57488bcc8bd4a088cecf78b63b969,,
1.0,G04-260201-153428-538,G04-260201-153428-538.bmp,G04,2026-02-01T15:34:28,2026-02-01,G04_2026-02-01,538,train,normal,,1025,1281,1,1ce0644d85a7d1f84dfab17c825a0dae7de12277a079c44049311a8b6ac382e8,,
1.0,G04-260201-153451-539,G04-260201-153451-539.bmp,G04,2026-02-01T15:34:51,2026-02-01,G04_2026-02-01,539,train,normal,,1025,1281,1,24041f6d98432334a8c013c272d9a94145ff507713ff14b7a441426187966cf8,,
1.0,G04-260201-153458-540,G04-260201-153458-540.bmp,G04,2026-02-01T15:34:58,2026-02-01,G04_2026-02-01,540,train,normal,,1025,1281,1,0b396f89ac7cb2821de06653d79dedb70108c179d644ffab2c5fdabc2658b8c6,,
1.0,G04-260201-153522-541,G04-260201-153522-541.bmp,G04,2026-02-01T15:35:22,2026-02-01,G04_2026-02-01,541,train,normal,,1025,1281,1,7f81ed59ea72ec50d64478401b406a003fa42e48ec12210c61369f65436a8f5f,,
1.0,G04-260201-153529-542,G04-260201-153529-542.bmp,G04,2026-02-01T15:35:29,2026-02-01,G04_2026-02-01,542,train,normal,,1025,1281,1,6a8c1b4730647223b057b74f8f7d73a40d93f545cf487ab7c42da05cf9f2c766,,
1.0,G04-260201-153552-543,G04-260201-153552-543.bmp,G04,2026-02-01T15:35:52,2026-02-01,G04_2026-02-01,543,train,normal,,1025,1281,1,879b6b324fc201279fbc9f362682d53f2d1a2daa9273c352adae2d393fb1817a,,
1.0,G04-260201-153558-544,G04-260201-153558-544.bmp,G04,2026-02-01T15:35:58,2026-02-01,G04_2026-02-01,544,train,normal,,1025,1281,1,c8005dadea8a1a800a8d2b4495789125eae45fc4f33577f9ed66dd8c46ba6104,,
1.0,G04-260201-153622-545,G04-260201-153622-545.bmp,G04,2026-02-01T15:36:22,2026-02-01,G04_2026-02-01,545,train,normal,,1025,1281,1,380c61af5ba9779032b1c4105a295dc301c16bb11dda51bbdc169cddf8863698,,
1.0,G04-260201-153629-546,G04-260201-153629-546.bmp,G04,2026-02-01T15:36:29,2026-02-01,G04_2026-02-01,546,train,normal,,1025,1281,1,10adeabb887570bef423c225ca8b26698de397f90d878b2228bf8591319806d5,,
1.0,G04-260201-153654-547,G04-260201-153654-547.bmp,G04,2026-02-01T15:36:54,2026-02-01,G04_2026-02-01,547,train,normal,,1025,1281,1,345b11532fb0424df7e9c3150064948faf5457d4595e793e09ab4bc64979c2d4,,
1.0,G04-260201-153701-548,G04-260201-153701-548.bmp,G04,2026-02-01T15:37:01,2026-02-01,G04_2026-02-01,548,train,normal,,1025,1281,1,d25aa0cf6fc486055883cbb5722cef39ad3f43d69df95f2372c15a274db7b1d4,,
1.0,G04-260201-153723-549,G04-260201-153723-549.bmp,G04,2026-02-01T15:37:23,2026-02-01,G04_2026-02-01,549,train,normal,,1025,1281,1,f4c960a7a25d78160d7816b4956f7a8d49d0d918c7e5768d7cb1e485a7a648d8,,
1.0,G04-260201-153730-550,G04-260201-153730-550.bmp,G04,2026-02-01T15:37:30,2026-02-01,G04_2026-02-01,550,train,normal,,1025,1281,1,27c32cce457f6798ab73db898e6b076f58a4509a69823aa6dda503bd7fc852e7,,
1.0,G04-260201-153754-551,G04-260201-153754-551.bmp,G04,2026-02-01T15:37:54,2026-02-01,G04_2026-02-01,551,train,normal,,1025,1281,1,5a46c7351bb94333a1fd455ed1aba2550b95aa05415655830f68f399a0b6c0dd,,
1.0,G04-260201-153800-552,G04-260201-153800-552.bmp,G04,2026-02-01T15:38:00,2026-02-01,G04_2026-02-01,552,train,normal,,1025,1281,1,00db0d64dd42325ff4827db0c78b6f82e58aa55f55594a03622dc39340b9b9ad,,
1.0,G04-260201-153824-553,G04-260201-153824-553.bmp,G04,2026-02-01T15:38:24,2026-02-01,G04_2026-02-01,553,train,normal,,1025,1281,1,31ff8221679b7b3d5d6f18f55a33024dd5520528b520e5fd8b86bf0470e38c7c,,
1.0,G04-260201-153830-554,G04-260201-153830-554.bmp,G04,2026-02-01T15:38:30,2026-02-01,G04_2026-02-01,554,train,normal,,1025,1281,1,c4af33833013ee168b6f3d392e9461310377952b1c417fe92306513be1734240,,
1.0,G04-260201-153855-555,G04-260201-153855-555.bmp,G04,2026-02-01T15:38:55,2026-02-01,G04_2026-02-01,555,train,normal,,1025,1281,1,aa00bd2cf68830a7badf3cc3d7c61600dc2ca721119a9d7b58b466fb69fb01dc,,
1.0,G04-260201-153901-556,G04-260201-153901-556.bmp,G04,2026-02-01T15:39:01,2026-02-01,G04_2026-02-01,556,train,normal,,1025,1281,1,14c05de5fbe0f4134b169af4d7bd56554d7091eef590bee502c5a6a19ebb2500,,
1.0,G04-260201-153924-557,G04-260201-153924-557.bmp,G04,2026-02-01T15:39:24,2026-02-01,G04_2026-02-01,557,train,normal,,1025,1281,1,4579a6acfd38f9283f7437f250df80d43be09e0a64ed7c50e770600baf346c6a,,
1.0,G04-260201-153930-558,G04-260201-153930-558.bmp,G04,2026-02-01T15:39:30,2026-02-01,G04_2026-02-01,558,train,normal,,1025,1281,1,517c41344df5054411fd2c7161337c23c2dc23d4072af562880b29f9508ea2e2,,
1.0,G04-260201-153954-559,G04-260201-153954-559.bmp,G04,2026-02-01T15:39:54,2026-02-01,G04_2026-02-01,559,train,normal,,1025,1281,1,f42bd1e71a56f7ca7224b7db63a956269f134b0c3baa921f5a80f10f476f6bf8,,
1.0,G04-260201-154000-560,G04-260201-154000-560.bmp,G04,2026-02-01T15:40:00,2026-02-01,G04_2026-02-01,560,train,normal,,1025,1281,1,d31e21e5cbbfbcf22d7b935f82b46127870cb96151f44928bed3c7efbfa5743e,,
1.0,G04-260201-154024-561,G04-260201-154024-561.bmp,G04,2026-02-01T15:40:24,2026-02-01,G04_2026-02-01,561,train,normal,,1025,1281,1,387b3cb9e98c4ef0851ff510b6fa962501e668d55e6937661228bc9301b435df,,
1.0,G04-260201-154030-562,G04-260201-154030-562.bmp,G04,2026-02-01T15:40:30,2026-02-01,G04_2026-02-01,562,train,normal,,1025,1281,1,9dc598a21fb4a421eaab83cc3b3188800be4352d04ea641a785e8fd158f32038,,
1.0,G04-260201-154053-563,G04-260201-154053-563.bmp,G04,2026-02-01T15:40:53,2026-02-01,G04_2026-02-01,563,train,normal,,1025,1281,1,3ab6ab01060af0945f1f9a72d0e5110dc42ee035f5196df5960e0cf5a6a0e720,,
1.0,G04-260201-154100-564,G04-260201-154100-564.bmp,G04,2026-02-01T15:41:00,2026-02-01,G04_2026-02-01,564,train,normal,,1025,1281,1,443c960790c18c8ac65b65f50e68582c7ac8eb2b75e0ca9aef0835b521366c1b,,
1.0,G04-260201-154125-565,G04-260201-154125-565.bmp,G04,2026-02-01T15:41:25,2026-02-01,G04_2026-02-01,565,train,normal,,1025,1281,1,8d0b5155078d971b5c38bfb0e29b845778bf301ae47534887d15f55750ff563b,,
1.0,G04-260201-154131-566,G04-260201-154131-566.bmp,G04,2026-02-01T15:41:31,2026-02-01,G04_2026-02-01,566,train,normal,,1025,1281,1,5d54e4e8120940a3969dd399a3633f0037371bb753aab55526bc20959f41744d,,
1.0,G04-260201-154154-567,G04-260201-154154-567.bmp,G04,2026-02-01T15:41:54,2026-02-01,G04_2026-02-01,567,train,normal,,1025,1281,1,7d1460b89b7030810d44293753ea1ddc7fb4c18ab1c225c1452a7355dd0d83eb,,
1.0,G04-260201-154201-568,G04-260201-154201-568.bmp,G04,2026-02-01T15:42:01,2026-02-01,G04_2026-02-01,568,train,normal,,1025,1281,1,272fbb9bac83c5be88f0dfb7ac1d7242ba70b6b23a6ebf0ab1e2ba78c5bbb4da,,
1.0,G04-260201-154223-569,G04-260201-154223-569.bmp,G04,2026-02-01T15:42:23,2026-02-01,G04_2026-02-01,569,train,normal,,1025,1281,1,f1c0380f5eb1c0843ea323252c216a90dccb749d4e023ab351381d8deb341bc4,,
1.0,G04-260201-154229-570,G04-260201-154229-570.bmp,G04,2026-02-01T15:42:29,2026-02-01,G04_2026-02-01,570,train,normal,,1025,1281,1,c5be4c4b17235e2b9e42d6a9f4095bdde52644ef53918a9d1a5d39eb5d33fc0b,,
1.0,G04-260201-154254-571,G04-260201-154254-571.bmp,G04,2026-02-01T15:42:54,2026-02-01,G04_2026-02-01,571,train,normal,,1025,1281,1,c1672be636c4937cae07151c41b30324d393363042f12e73418814ece544f9e7,,
1.0,G04-260201-154300-572,G04-260201-154300-572.bmp,G04,2026-02-01T15:43:00,2026-02-01,G04_2026-02-01,572,train,normal,,1025,1281,1,9a38da6a9b4cb496a60a8d1f098dcfcb99cc6b50a1d8350b641fb0ad0c4ae027,,
1.0,G04-260201-154326-573,G04-260201-154326-573.bmp,G04,2026-02-01T15:43:26,2026-02-01,G04_2026-02-01,573,train,normal,,1025,1281,1,b9ee491b3876b8253dcce59e78a21cd90177bb295826580b3d812dedf090c9d9,,
1.0,G04-260201-154333-574,G04-260201-154333-574.bmp,G04,2026-02-01T15:43:33,2026-02-01,G04_2026-02-01,574,train,normal,,1025,1281,1,477c282ee438e82d3630be8be8206112fc110f0a7a27897e60b3e952c65c631e,,
1.0,G04-260201-154355-575,G04-260201-154355-575.bmp,G04,2026-02-01T15:43:55,2026-02-01,G04_2026-02-01,575,train,normal,,1025,1281,1,b57f63d33def6b59168a77a20f6fd44c35b682d01f1558bb97413d87d3039eee,,
1.0,G04-260201-154401-576,G04-260201-154401-576.bmp,G04,2026-02-01T15:44:01,2026-02-01,G04_2026-02-01,576,train,normal,,1025,1281,1,b21c4061538d614b57c9a03fc44eff39b028f028a6352894d6259b4d41878445,,
1.0,G04-260201-154428-577,G04-260201-154428-577.bmp,G04,2026-02-01T15:44:28,2026-02-01,G04_2026-02-01,577,train,normal,,1025,1281,1,250d3debb41a8adc223070b3a66594a23406bb624eeb31cd46f388ba5a97220e,,
1.0,G04-260201-154434-578,G04-260201-154434-578.bmp,G04,2026-02-01T15:44:34,2026-02-01,G04_2026-02-01,578,train,normal,,1025,1281,1,a80cab21562542636f91d68f0259bbb83397a6349c3272036a6fa6264f5d8b49,,
1.0,G04-260201-154455-579,G04-260201-154455-579.bmp,G04,2026-02-01T15:44:55,2026-02-01,G04_2026-02-01,579,train,normal,,1025,1281,1,15cf65fbccd6f8e65c536683d2cae8458d0426e9221c08ff1907a293832de545,,
1.0,G04-260201-154502-580,G04-260201-154502-580.bmp,G04,2026-02-01T15:45:02,2026-02-01,G04_2026-02-01,580,train,normal,,1025,1281,1,f52f76970d9b4828f560a07ddbb80858d7a94ee7010fcc44c8edb4bb2979f0f5,,
1.0,G04-260201-154526-581,G04-260201-154526-581.bmp,G04,2026-02-01T15:45:26,2026-02-01,G04_2026-02-01,581,train,normal,,1025,1281,1,d19e3de97e2dd0eef438367ea8522ccbe8d5cd8190167d85124672e74d75487c,,
1.0,G04-260201-154533-582,G04-260201-154533-582.bmp,G04,2026-02-01T15:45:33,2026-02-01,G04_2026-02-01,582,train,normal,,1025,1281,1,e1f493587c05758f4ce94069440af167d6a90c5ec5451bdf02939d8dbeb4aeae,,
1.0,G04-260201-154555-583,G04-260201-154555-583.bmp,G04,2026-02-01T15:45:55,2026-02-01,G04_2026-02-01,583,train,normal,,1025,1281,1,2369a2f52115edc2a10c031642f5f2d96e938336c66732aa280a17f69cda6cda,,
1.0,G04-260201-154602-584,G04-260201-154602-584.bmp,G04,2026-02-01T15:46:02,2026-02-01,G04_2026-02-01,584,train,normal,,1025,1281,1,ab1238c32854e2b421fca09657c89e6706ed80ca62a08792c62c4acdda3a01b9,,
1.0,G04-260201-154625-585,G04-260201-154625-585.bmp,G04,2026-02-01T15:46:25,2026-02-01,G04_2026-02-01,585,train,normal,,1025,1281,1,bbbb365d7cfcb9c9f843837104bc177d83553132bed6a17f458dff7868abc9a4,,
1.0,G04-260201-154631-586,G04-260201-154631-586.bmp,G04,2026-02-01T15:46:31,2026-02-01,G04_2026-02-01,586,train,normal,,1025,1281,1,17dfc2f6ad5b6133f6cda0126fa1ca673989749bbd2cfe2ff0d4cf30f06d0273,,
1.0,G04-260201-154656-587,G04-260201-154656-587.bmp,G04,2026-02-01T15:46:56,2026-02-01,G04_2026-02-01,587,train,normal,,1025,1281,1,4f506715c34266f2ee53720ff690d3f3860aee774b41e611b0091a80d922fb8a,,
1.0,G04-260201-154702-588,G04-260201-154702-588.bmp,G04,2026-02-01T15:47:02,2026-02-01,G04_2026-02-01,588,train,normal,,1025,1281,1,fa8d69439a0b7f947044cb58e27698646971ba254251bbbe3f853a851f7835c8,,
1.0,G04-260201-154724-589,G04-260201-154724-589.bmp,G04,2026-02-01T15:47:24,2026-02-01,G04_2026-02-01,589,train,normal,,1025,1281,1,c905222529f8e3d7234cf89e52f1232a15cbc08ca951e016522efd049a879dab,,
1.0,G04-260201-154731-590,G04-260201-154731-590.bmp,G04,2026-02-01T15:47:31,2026-02-01,G04_2026-02-01,590,train,normal,,1025,1281,1,a1b3aee0856eb9e890622c670498ebedbe4a300c9e93dfc266bd675db7cfb26e,,
1.0,G04-260201-154756-591,G04-260201-154756-591.bmp,G04,2026-02-01T15:47:56,2026-02-01,G04_2026-02-01,591,train,normal,,1025,1281,1,9ef64e176a2692cc991c19ebd4547b4d7c51e6369f2a2cd4325c5a543596ca1f,,
1.0,G04-260201-154803-592,G04-260201-154803-592.bmp,G04,2026-02-01T15:48:03,2026-02-01,G04_2026-02-01,592,train,normal,,1025,1281,1,edc1771ddd04ca7eea4f74f19817fce7ce9fc55761d133da6807f7f2d8148574,,
1.0,G04-260201-154823-593,G04-260201-154823-593.bmp,G04,2026-02-01T15:48:23,2026-02-01,G04_2026-02-01,593,train,normal,,1025,1281,1,2d0836d616c106094296a5d6f94448ff3317fb7cf27653cf95361459020bd59b,,
1.0,G04-260201-154829-594,G04-260201-154829-594.bmp,G04,2026-02-01T15:48:29,2026-02-01,G04_2026-02-01,594,train,normal,,1025,1281,1,14775da12d3252dc5fcd2991aa28279dd80671186941614fcdce3b4bd519530a,,
1.0,G04-260201-154856-595,G04-260201-154856-595.bmp,G04,2026-02-01T15:48:56,2026-02-01,G04_2026-02-01,595,train,normal,,1025,1281,1,72edcd9a0a7554398796a5a490f148309bc4dd2bfd8d7500c4955399154dd726,,
1.0,G04-260201-154903-596,G04-260201-154903-596.bmp,G04,2026-02-01T15:49:03,2026-02-01,G04_2026-02-01,596,train,normal,,1025,1281,1,5ce26174405ef73523bd217e5cf839782a2ec82e3c61fb7fbedc23b8d6cec4ee,,
1.0,G04-260201-154956-597,G04-260201-154956-597.bmp,G04,2026-02-01T15:49:56,2026-02-01,G04_2026-02-01,597,train,normal,,1025,1281,1,0006195a4d3af1508640d04e936033505bd16f0284839a6dcf17b43c5a043c13,,
1.0,G04-260201-155002-598,G04-260201-155002-598.bmp,G04,2026-02-01T15:50:02,2026-02-01,G04_2026-02-01,598,train,normal,,1025,1281,1,514761089f5ae66c70f7444ebda9cb959650f73524b1d0050a3518935686e05d,,
1.0,G04-260201-155027-599,G04-260201-155027-599.bmp,G04,2026-02-01T15:50:27,2026-02-01,G04_2026-02-01,599,train,normal,,1025,1281,1,13c027a8edf93781630185bf5413d391045900a68a566dac0582135c0aa41f5a,,
1.0,G04-260201-155033-600,G04-260201-155033-600.bmp,G04,2026-02-01T15:50:33,2026-02-01,G04_2026-02-01,600,train,normal,,1025,1281,1,4c685ca751e813cc1c250ab72ca5f9e5b2acf079c520a52953b9ab06b7206aeb,,
1.0,G04-260201-155055-601,G04-260201-155055-601.bmp,G04,2026-02-01T15:50:55,2026-02-01,G04_2026-02-01,601,train,normal,,1025,1281,1,455f210953b8a187fa021cc14ead54ef5fc9c7ae06488c4d7c5b6cfb95627aac,,
1.0,G04-260201-155101-602,G04-260201-155101-602.bmp,G04,2026-02-01T15:51:01,2026-02-01,G04_2026-02-01,602,train,normal,,1025,1281,1,74e18e8ca716ad7dc5d7cd28864b437ff28fb654eaf0b681ec043928a3224670,,
1.0,G04-260201-155128-603,G04-260201-155128-603.bmp,G04,2026-02-01T15:51:28,2026-02-01,G04_2026-02-01,603,train,normal,,1025,1281,1,c11eb5f9c2b94b5d95cd93391ea43baaa504089b76bcfe54f561eb48f23398c7,,
1.0,G04-260201-155134-604,G04-260201-155134-604.bmp,G04,2026-02-01T15:51:34,2026-02-01,G04_2026-02-01,604,train,normal,,1025,1281,1,bcf3617bd496b96edb3440b4916685d7503f09a308622f9d7a97ce829fc0ba5c,,
1.0,G04-260201-155157-605,G04-260201-155157-605.bmp,G04,2026-02-01T15:51:57,2026-02-01,G04_2026-02-01,605,train,normal,,1025,1281,1,1a180ff7664ca4b71ac14b39a4c91e5fa3d546fdd3c62b2b5ec6ccf5f95162fc,,
1.0,G04-260201-155203-606,G04-260201-155203-606.bmp,G04,2026-02-01T15:52:03,2026-02-01,G04_2026-02-01,606,train,normal,,1025,1281,1,a9ba6491d43cdf6e49b5d3ceb6a7ed43bdc33a4feb32586c0b08eb0a7ee67095,,
1.0,G04-260201-155227-607,G04-260201-155227-607.bmp,G04,2026-02-01T15:52:27,2026-02-01,G04_2026-02-01,607,train,normal,,1025,1281,1,a728d4d81ce9391317ef269b2d8217929acc67cce65e09f0b3258f00c16c683a,,
1.0,G04-260201-155233-608,G04-260201-155233-608.bmp,G04,2026-02-01T15:52:33,2026-02-01,G04_2026-02-01,608,train,normal,,1025,1281,1,cb5d4ae86ee5c2404fb8328886d2201b425633d974789c873d0fe3103b0aca67,,
1.0,G04-260201-155255-609,G04-260201-155255-609.bmp,G04,2026-02-01T15:52:55,2026-02-01,G04_2026-02-01,609,train,normal,,1025,1281,1,cae956d2ccd1df21b881d926851b0c39a702b120f949519613c7341cd8db5f67,,
1.0,G04-260201-155301-610,G04-260201-155301-610.bmp,G04,2026-02-01T15:53:01,2026-02-01,G04_2026-02-01,610,train,normal,,1025,1281,1,b556f535464363855f5ad58b7a309a53de97c6d59af9dfe7056c55cfc861ec59,,
1.0,G04-260201-155327-611,G04-260201-155327-611.bmp,G04,2026-02-01T15:53:27,2026-02-01,G04_2026-02-01,611,train,normal,,1025,1281,1,3c2551433d32468fa37cb8905d560d5d270112abb07011e2563bf5666daf70dd,,
1.0,G04-260201-155333-612,G04-260201-155333-612.bmp,G04,2026-02-01T15:53:33,2026-02-01,G04_2026-02-01,612,train,normal,,1025,1281,1,5b377b57f775606d00abc22067f0009a881a152e8d6c1c132d93d0321a91c2cd,,
1.0,G04-260201-155356-613,G04-260201-155356-613.bmp,G04,2026-02-01T15:53:56,2026-02-01,G04_2026-02-01,613,train,normal,,1025,1281,1,e8065a55f008dbca6d356fc306dca431c4c3c213857b24838e291a3a9f5f5743,,
1.0,G04-260201-155403-614,G04-260201-155403-614.bmp,G04,2026-02-01T15:54:03,2026-02-01,G04_2026-02-01,614,train,normal,,1025,1281,1,3c330aad3ceb71a543e8837f3411b82ec45054d5d846bf9e76b3eb9236681c88,,
1.0,G04-260201-155428-615,G04-260201-155428-615.bmp,G04,2026-02-01T15:54:28,2026-02-01,G04_2026-02-01,615,train,normal,,1025,1281,1,93ae96d3c13f8521e41dd2242629afd90ef2e1ae463dc4285013adbd1db27efa,,
1.0,G04-260201-155434-616,G04-260201-155434-616.bmp,G04,2026-02-01T15:54:34,2026-02-01,G04_2026-02-01,616,train,normal,,1025,1281,1,c7f674081a5ccd7ccdb232bc580af51cc76bdabf84fa23128755368ba0195e46,,
1.0,G04-260201-155459-617,G04-260201-155459-617.bmp,G04,2026-02-01T15:54:59,2026-02-01,G04_2026-02-01,617,train,normal,,1025,1281,1,f076b38686be0b1b3d8cce9a15aee0d33f2ed67ed23999c8db180b5f766d65c7,,
1.0,G04-260201-155505-618,G04-260201-155505-618.bmp,G04,2026-02-01T15:55:05,2026-02-01,G04_2026-02-01,618,train,normal,,1025,1281,1,48e4e202719c3ceabfd3b85d9adf4269ce033778f22fb2b6c51bb4b8b3438069,,
1.0,G04-260201-155527-619,G04-260201-155527-619.bmp,G04,2026-02-01T15:55:27,2026-02-01,G04_2026-02-01,619,train,normal,,1025,1281,1,1f52732a826f8c71d7f91e24065d00c4cb1dabb0bc8047a6bcb4150844b60936,,
1.0,G04-260201-155533-620,G04-260201-155533-620.bmp,G04,2026-02-01T15:55:33,2026-02-01,G04_2026-02-01,620,train,normal,,1025,1281,1,ff6a07a061d5151867d2e51e5ae73882699df960d8e9042a9511c336d41f45f1,,
1.0,G04-260201-155557-621,G04-260201-155557-621.bmp,G04,2026-02-01T15:55:57,2026-02-01,G04_2026-02-01,621,train,normal,,1025,1281,1,a411bc7c2f1ebc103b6eb7cabbf95ef1aee751aa7bf8405bc88bdd7c4e2c8c5a,,
1.0,G04-260201-155603-622,G04-260201-155603-622.bmp,G04,2026-02-01T15:56:03,2026-02-01,G04_2026-02-01,622,train,normal,,1025,1281,1,37007c9c307fe052e8554033541f63e749be9d79260ca389bf077ccb3f4d5696,,
1.0,G04-260201-155627-623,G04-260201-155627-623.bmp,G04,2026-02-01T15:56:27,2026-02-01,G04_2026-02-01,623,train,normal,,1025,1281,1,d30c3ae0ad4851a572f7b64d414a804b4098ce9c0764d0437a484e4457d5f4aa,,
1.0,G04-260201-155634-624,G04-260201-155634-624.bmp,G04,2026-02-01T15:56:34,2026-02-01,G04_2026-02-01,624,train,normal,,1025,1281,1,74655aeb9c8aea945acf0d90b5d2a964b2160ed65376368da23770a0410e4a26,,
1.0,G04-260201-155658-625,G04-260201-155658-625.bmp,G04,2026-02-01T15:56:58,2026-02-01,G04_2026-02-01,625,train,normal,,1025,1281,1,f3679c1da9e90937c8badeebef1ff5ea0f82faeedffc950211041efa436167ef,,
1.0,G04-260201-155704-626,G04-260201-155704-626.bmp,G04,2026-02-01T15:57:04,2026-02-01,G04_2026-02-01,626,train,normal,,1025,1281,1,23c4f8e99dc7885e864828310a70a4a0a3c9c44baf6b05820f379c814d4d4338,,
1.0,G04-260201-155730-627,G04-260201-155730-627.bmp,G04,2026-02-01T15:57:30,2026-02-01,G04_2026-02-01,627,train,normal,,1025,1281,1,474f02dbb012441490e31b5d2570a9a256c0a887f60de1f8bfbb7f13a221bb22,,
1.0,G04-260201-155737-628,G04-260201-155737-628.bmp,G04,2026-02-01T15:57:37,2026-02-01,G04_2026-02-01,628,train,normal,,1025,1281,1,61a49a4fb91e90f4cc532706ca13a5ee2ff1fdcaa3df933ec586c8405f31beb1,,
1.0,G04-260201-155759-629,G04-260201-155759-629.bmp,G04,2026-02-01T15:57:59,2026-02-01,G04_2026-02-01,629,train,normal,,1025,1281,1,2a351f2d884e02aa82b3c2a4a3b9c324dc6dfe3207abbed11937a3f7a01fde31,,
1.0,G04-260201-155806-630,G04-260201-155806-630.bmp,G04,2026-02-01T15:58:06,2026-02-01,G04_2026-02-01,630,train,normal,,1025,1281,1,7fee264fd48ff869908a3ec153047d9fcce34b29eca6b706e231c881763cac97,,
1.0,G04-260201-155830-631,G04-260201-155830-631.bmp,G04,2026-02-01T15:58:30,2026-02-01,G04_2026-02-01,631,train,normal,,1025,1281,1,67415edbd1b2ae47d26a43f72401d2f0f09ccc31f5e413726a904c3fad23bb66,,
1.0,G04-260201-155836-632,G04-260201-155836-632.bmp,G04,2026-02-01T15:58:36,2026-02-01,G04_2026-02-01,632,train,normal,,1025,1281,1,1d5411e64bbf434c5d8d2105c22712a6ae0a743ded0db353d81426de69fd7069,,
1.0,G04-260201-155859-633,G04-260201-155859-633.bmp,G04,2026-02-01T15:58:59,2026-02-01,G04_2026-02-01,633,train,normal,,1025,1281,1,d2a11646833fd3a8f6e8d8e07bf3ec440b991363586ac75fe6e6173e1f31e642,,
1.0,G04-260201-155905-634,G04-260201-155905-634.bmp,G04,2026-02-01T15:59:05,2026-02-01,G04_2026-02-01,634,train,normal,,1025,1281,1,a43111635776f255d53e3d233a64c066f891df81e684a2d3e3d4a5785e7d8043,,
1.0,G04-260201-155927-635,G04-260201-155927-635.bmp,G04,2026-02-01T15:59:27,2026-02-01,G04_2026-02-01,635,train,normal,,1025,1281,1,fd9bb238d6f3cc84b165a0dc5350ee379c8746877262c00feb02bd4f6019fe65,,
1.0,G04-260201-155934-636,G04-260201-155934-636.bmp,G04,2026-02-01T15:59:34,2026-02-01,G04_2026-02-01,636,train,normal,,1025,1281,1,468449cd475043c33deea79f31b700345a5c924417dcf2a6f07350e91a9bbb41,,
1.0,G04-260201-155959-637,G04-260201-155959-637.bmp,G04,2026-02-01T15:59:59,2026-02-01,G04_2026-02-01,637,train,normal,,1025,1281,1,7b3dd3f803001c2c0e1f1a69e43d294ffb3fea8f953f11d92aacee34dcf3551b,,
1.0,G04-260201-160005-638,G04-260201-160005-638.bmp,G04,2026-02-01T16:00:05,2026-02-01,G04_2026-02-01,638,train,normal,,1025,1281,1,2d3a74d90892e56211c5360576d4d70745a9fd3eb52cfb1b098c43c09b5c758e,,
1.0,G04-260201-160031-639,G04-260201-160031-639.bmp,G04,2026-02-01T16:00:31,2026-02-01,G04_2026-02-01,639,train,normal,,1025,1281,1,fa522aeddb2976c7ff03801ba61372edfd927653b9020ac4ee8984473ac1aa72,,
1.0,G04-260201-160037-640,G04-260201-160037-640.bmp,G04,2026-02-01T16:00:37,2026-02-01,G04_2026-02-01,640,train,normal,,1025,1281,1,7fb305d703baf741bb966bce26096418c02d5603c6e740fd9b36ae9af0472940,,
1.0,G04-260201-160100-641,G04-260201-160100-641.bmp,G04,2026-02-01T16:01:00,2026-02-01,G04_2026-02-01,641,train,normal,,1025,1281,1,18a795169f11ee5f45eb47e44dbd905f5b384ff51ad6a7c214c72541eb2e7473,,
1.0,G04-260201-160106-642,G04-260201-160106-642.bmp,G04,2026-02-01T16:01:06,2026-02-01,G04_2026-02-01,642,train,normal,,1025,1281,1,fd166d0a2b6a46ac5b0b167c3befe3fc0f9a4b89d6336cd60df127a7f6659dfe,,
1.0,G04-260201-160136-643,G04-260201-160136-643.bmp,G04,2026-02-01T16:01:36,2026-02-01,G04_2026-02-01,643,train,normal,,1025,1281,1,bd03933b83522084bd274d6f61bfe6082ba426f3d2614d1321a5dc21600fd345,,
1.0,G04-260201-160142-644,G04-260201-160142-644.bmp,G04,2026-02-01T16:01:42,2026-02-01,G04_2026-02-01,644,train,normal,,1025,1281,1,2c0f93645d67fa0dfd3f49d7e74664ab16467ea9c6dcaa72fb629fd4d462f5c4,,
1.0,G04-260201-160200-645,G04-260201-160200-645.bmp,G04,2026-02-01T16:02:00,2026-02-01,G04_2026-02-01,645,train,normal,,1025,1281,1,f4851981b805f4dab46913c5b1f3eab3fdf548841749e3ce1153c410df7d1e9e,,
1.0,G04-260201-160207-646,G04-260201-160207-646.bmp,G04,2026-02-01T16:02:07,2026-02-01,G04_2026-02-01,646,train,normal,,1025,1281,1,3ecd5839bf1972ff3eae764adcaa093c7153f4d7f66971067bc7d91c8d6b720d,,
1.0,G04-260201-160231-647,G04-260201-160231-647.bmp,G04,2026-02-01T16:02:31,2026-02-01,G04_2026-02-01,647,train,normal,,1025,1281,1,1eb2fdd1374579c8c85c8ee079a2b681aece3893bd0fd9ff17047759b7127090,,
1.0,G04-260201-160238-648,G04-260201-160238-648.bmp,G04,2026-02-01T16:02:38,2026-02-01,G04_2026-02-01,648,train,normal,,1025,1281,1,029c934c4494909d3c6979a5068defdd85ab30a14569196998ec636d992d0ab9,,
1.0,G04-260201-160300-649,G04-260201-160300-649.bmp,G04,2026-02-01T16:03:00,2026-02-01,G04_2026-02-01,649,train,normal,,1025,1281,1,87beaf64d5bf0473894c65d683c9b2fc995a25e28b364e9df0cf277faa542182,,
1.0,G04-260201-160306-650,G04-260201-160306-650.bmp,G04,2026-02-01T16:03:06,2026-02-01,G04_2026-02-01,650,train,normal,,1025,1281,1,7b8ae6fbbf5e7d9ae01c42098e4ec3f3ca315679b4ad31e1d9f8336b2e29c443,,
1.0,G04-260201-160331-651,G04-260201-160331-651.bmp,G04,2026-02-01T16:03:31,2026-02-01,G04_2026-02-01,651,train,normal,,1025,1281,1,785e6cb2cea20a5a0e583cca35718eaba4f05d4bdcb0ff1c459fd8cc57bc232a,,
1.0,G04-260201-160337-652,G04-260201-160337-652.bmp,G04,2026-02-01T16:03:37,2026-02-01,G04_2026-02-01,652,train,normal,,1025,1281,1,635b088da10e995ba8ad08dcaa4fa2d0911cbf2185fbc39feaf2e0293b25d3f1,,
1.0,G04-260201-160400-653,G04-260201-160400-653.bmp,G04,2026-02-01T16:04:00,2026-02-01,G04_2026-02-01,653,train,normal,,1025,1281,1,9410a2d11344f400e793a3677223e4f2746d934314b259d0217a9b6480072a9b,,
1.0,G04-260201-160406-654,G04-260201-160406-654.bmp,G04,2026-02-01T16:04:06,2026-02-01,G04_2026-02-01,654,train,normal,,1025,1281,1,73947a720a4eeebf8a686aa483178029037e6bada4f87f73299705e73c9a4f40,,
1.0,G04-260201-160431-655,G04-260201-160431-655.bmp,G04,2026-02-01T16:04:31,2026-02-01,G04_2026-02-01,655,train,normal,,1025,1281,1,b23b6d7f19f55dfc19580ead8b96e31e6d6291afaa766806f8e0c63a6d7df21f,,
1.0,G04-260201-160438-656,G04-260201-160438-656.bmp,G04,2026-02-01T16:04:38,2026-02-01,G04_2026-02-01,656,train,normal,,1025,1281,1,5fb8473653edfe357432ab56cd119875a60e420775d4f70d9cd11019a12fbbca,,
1.0,G04-260201-160455-657,G04-260201-160455-657.bmp,G04,2026-02-01T16:04:55,2026-02-01,G04_2026-02-01,657,train,normal,,1025,1281,1,c5a7cd9227cbfc0ed1bd70a2f5706b7a64e946aaccca5f29d3e55c33651b672e,,
1.0,G04-260201-160531-658,G04-260201-160531-658.bmp,G04,2026-02-01T16:05:31,2026-02-01,G04_2026-02-01,658,train,normal,,1025,1281,1,b5745a2b0479916222b9dd72e499c4528ec31241560f0943f0ba67c3ae41409f,,
1.0,G04-260201-160537-659,G04-260201-160537-659.bmp,G04,2026-02-01T16:05:37,2026-02-01,G04_2026-02-01,659,train,normal,,1025,1281,1,f5c7a8372fd504b18e15562cfc16c983be2509d4a6ffcb2ea800c99a3740cd6b,,
1.0,G04-260201-160545-660,G04-260201-160545-660.bmp,G04,2026-02-01T16:05:45,2026-02-01,G04_2026-02-01,660,train,normal,,1025,1281,1,f65c77734778c24c3715c8561dc81eeacd4270236130228a24858c45c688d4b2,,
1.0,G04-260201-160602-661,G04-260201-160602-661.bmp,G04,2026-02-01T16:06:02,2026-02-01,G04_2026-02-01,661,train,normal,,1025,1281,1,2f6f47183ac6f527fdca1626fe0eba0d5da4faf47fc808c90615e255f3ede419,,
1.0,G04-260201-160608-662,G04-260201-160608-662.bmp,G04,2026-02-01T16:06:08,2026-02-01,G04_2026-02-01,662,train,normal,,1025,1281,1,54f457fe1cc4d575cce22e7a1fb3f55d3a66a5975c470da50569a9575311eda6,,
1.0,G04-260201-160630-663,G04-260201-160630-663.bmp,G04,2026-02-01T16:06:30,2026-02-01,G04_2026-02-01,663,train,normal,,1025,1281,1,35c55c1e8d910293316fda0e999334269ad6246336a9a1ef10f18f148c678e96,,
1.0,G04-260201-160637-664,G04-260201-160637-664.bmp,G04,2026-02-01T16:06:37,2026-02-01,G04_2026-02-01,664,train,normal,,1025,1281,1,e8a1e80a5c662d539d580b0601a1893c75f042f045dfdbf38ea1038f6bca37af,,
1.0,G04-260201-160659-665,G04-260201-160659-665.bmp,G04,2026-02-01T16:06:59,2026-02-01,G04_2026-02-01,665,train,normal,,1025,1281,1,44cfcdf5fe4c2efac98c8c7b439619160a91206dc77240f70e0be1b0ac08d1fd,,
1.0,G04-260201-160706-666,G04-260201-160706-666.bmp,G04,2026-02-01T16:07:06,2026-02-01,G04_2026-02-01,666,train,normal,,1025,1281,1,74d79269e05b09930af8db6368bb9a3b7302a22a0e385a91bd5de8c4ad48c1c7,,
1.0,G04-260201-160730-667,G04-260201-160730-667.bmp,G04,2026-02-01T16:07:30,2026-02-01,G04_2026-02-01,667,train,normal,,1025,1281,1,0270bd4817d964b49aa7dd24ce900a2b0fdc1566b38ef884091a3ff3be8059d3,,
1.0,G04-260201-160736-668,G04-260201-160736-668.bmp,G04,2026-02-01T16:07:36,2026-02-01,G04_2026-02-01,668,train,normal,,1025,1281,1,5479864fe3b8c7045571d95d4bfe70e5bad9ddfd8db901832b351e7a3824ec2a,,
1.0,G04-260201-160801-669,G04-260201-160801-669.bmp,G04,2026-02-01T16:08:01,2026-02-01,G04_2026-02-01,669,train,normal,,1025,1281,1,3c4bec88f3ed10197b2a73acc711307050430b6c150173f56e5757e7e8d9d8eb,,
1.0,G04-260201-160807-670,G04-260201-160807-670.bmp,G04,2026-02-01T16:08:07,2026-02-01,G04_2026-02-01,670,train,normal,,1025,1281,1,cc4d3a8d34a17983c5a700df42fd1acff1e6c541ecacdbfc33aa8b0b2163aef6,,
1.0,G04-260201-160832-671,G04-260201-160832-671.bmp,G04,2026-02-01T16:08:32,2026-02-01,G04_2026-02-01,671,train,normal,,1025,1281,1,4e5e14b13b7fb2cc6095574c3823dfb5c085fcb7c5b6ad020fd5e28ac6254d11,,
1.0,G04-260201-160838-672,G04-260201-160838-672.bmp,G04,2026-02-01T16:08:38,2026-02-01,G04_2026-02-01,672,train,normal,,1025,1281,1,cf8bb9a3a122f2a7e5b88fc774ab62692d197d017959bdde9de1d424dd23ab18,,
1.0,G04-260201-160900-673,G04-260201-160900-673.bmp,G04,2026-02-01T16:09:00,2026-02-01,G04_2026-02-01,673,train,normal,,1025,1281,1,1456ea2f0a5525570a51e06acf8b23449a3cc4ce6b002f0e8c44abfb7a9b30fd,,
1.0,G04-260201-160906-674,G04-260201-160906-674.bmp,G04,2026-02-01T16:09:06,2026-02-01,G04_2026-02-01,674,train,normal,,1025,1281,1,89dcf64f5a1de85de727c8653d66359a92cc67100284823b9d20a3cd97c9d593,,
1.0,G04-260201-160931-675,G04-260201-160931-675.bmp,G04,2026-02-01T16:09:31,2026-02-01,G04_2026-02-01,675,train,normal,,1025,1281,1,d7c23fae63967c627433ba94c3f8788ec16914fdcde11db384017042257b8d4f,,
1.0,G04-260201-160938-676,G04-260201-160938-676.bmp,G04,2026-02-01T16:09:38,2026-02-01,G04_2026-02-01,676,train,normal,,1025,1281,1,cdd819738405ef447575de7726152bdf6329a7a1c7ea6d039e27619e4cf120da,,
1.0,G04-260201-161001-677,G04-260201-161001-677.bmp,G04,2026-02-01T16:10:01,2026-02-01,G04_2026-02-01,677,train,normal,,1025,1281,1,d8b416a91b6bfec9e246b443de45b39ee9716299711d3e708eec71d0f2a2a7c3,,
1.0,G04-260201-161008-678,G04-260201-161008-678.bmp,G04,2026-02-01T16:10:08,2026-02-01,G04_2026-02-01,678,train,normal,,1025,1281,1,ae43a145e26d6197302fed9af4e171b1bfb81050dcfa3061116cfce7dc23c24b,,
1.0,G04-260201-161032-679,G04-260201-161032-679.bmp,G04,2026-02-01T16:10:32,2026-02-01,G04_2026-02-01,679,train,normal,,1025,1281,1,60a970b18517c034fcfc74c06d7ec746ab804585d88ce6f28a0f55e321b8bb44,,
1.0,G04-260201-161039-680,G04-260201-161039-680.bmp,G04,2026-02-01T16:10:39,2026-02-01,G04_2026-02-01,680,train,normal,,1025,1281,1,c6e9cdf601d4466afd05bc2b5ead3d3fce0182f5fc58482934131a93216f2006,,
1.0,G04-260201-161102-681,G04-260201-161102-681.bmp,G04,2026-02-01T16:11:02,2026-02-01,G04_2026-02-01,681,train,normal,,1025,1281,1,c770491ff8ee64835e0e92adccf8efe2fcd498be8076947943cf2857f2ec27e5,,
1.0,G04-260201-161108-682,G04-260201-161108-682.bmp,G04,2026-02-01T16:11:08,2026-02-01,G04_2026-02-01,682,train,normal,,1025,1281,1,e763ac87a44cec74f77324c1f12199974da283e7b4a960d31a7086d9fe8a8010,,
1.0,G04-260201-161132-683,G04-260201-161132-683.bmp,G04,2026-02-01T16:11:32,2026-02-01,G04_2026-02-01,683,train,normal,,1025,1281,1,29b84575c3e75cab9324eb5df217b2c944a63f966890566fdbc87a4e232e2a99,,
1.0,G04-260201-161138-684,G04-260201-161138-684.bmp,G04,2026-02-01T16:11:38,2026-02-01,G04_2026-02-01,684,train,normal,,1025,1281,1,5aca5a433ee02e174a3bc9f4f8469aa75a4d46aaa895c6a92ccd761672d1017e,,
1.0,G04-260202-115623-876,G04-260202-115623-876.bmp,G04,2026-02-02T11:56:23,2026-02-02,G04_2026-02-02,876,train,normal,,1025,1281,1,de64c6b0e8ef921cd37eb4d7cef15a0d2719528e1d80c54efa08923f53b6cca8,,
1.0,G04-260202-115629-877,G04-260202-115629-877.bmp,G04,2026-02-02T11:56:29,2026-02-02,G04_2026-02-02,877,train,normal,,1025,1281,1,037a852db488c2ca83cba5b30d5b429ee0b4aa7a21de776033fb2826257d2699,,
1.0,G04-260202-115652-878,G04-260202-115652-878.bmp,G04,2026-02-02T11:56:52,2026-02-02,G04_2026-02-02,878,train,normal,,1025,1281,1,86b90f58343deb54fc1368230e8053875f8218db8a0e4d4c324e3f84aef0f471,,
1.0,G04-260202-115658-879,G04-260202-115658-879.bmp,G04,2026-02-02T11:56:58,2026-02-02,G04_2026-02-02,879,train,normal,,1025,1281,1,be37323b989a2bd274fbfc579b739d592bac752cfaf2c4641d9066b6b187ffda,,
1.0,G04-260202-115723-880,G04-260202-115723-880.bmp,G04,2026-02-02T11:57:23,2026-02-02,G04_2026-02-02,880,train,normal,,1025,1281,1,154c80e700b5643674181ebedcf451285021adc757029e2dcc1ce5c83fb1c5b0,,
1.0,G04-260202-115730-881,G04-260202-115730-881.bmp,G04,2026-02-02T11:57:30,2026-02-02,G04_2026-02-02,881,train,normal,,1025,1281,1,70cd6e2aee3a8342e71f053048dfe9ef088b2db0454d829966d9cc30f7651d1c,,
1.0,G04-260202-115752-882,G04-260202-115752-882.bmp,G04,2026-02-02T11:57:52,2026-02-02,G04_2026-02-02,882,train,normal,,1025,1281,1,8d4e26f6fb8f7d8b8ffbff804c527f9e5ff865d62c31d7faf13553168245f976,,
1.0,G04-260202-115758-883,G04-260202-115758-883.bmp,G04,2026-02-02T11:57:58,2026-02-02,G04_2026-02-02,883,train,normal,,1025,1281,1,bc5af8af94b44f2ebc0e77f3d2cbbbc07ce4bff76844387664e4d8a62900315b,,
1.0,G04-260202-115823-884,G04-260202-115823-884.bmp,G04,2026-02-02T11:58:23,2026-02-02,G04_2026-02-02,884,train,normal,,1025,1281,1,7acbe6546eeab6a7793092195cc202655d7b72233090409568b2ce10a2ee63a2,,
1.0,G04-260202-115830-885,G04-260202-115830-885.bmp,G04,2026-02-02T11:58:30,2026-02-02,G04_2026-02-02,885,train,normal,,1025,1281,1,735805c392acc921ed167bbf542dc36618348328bb17c300c2a0802e3b33737a,,
1.0,G04-260202-115851-886,G04-260202-115851-886.bmp,G04,2026-02-02T11:58:51,2026-02-02,G04_2026-02-02,886,train,normal,,1025,1281,1,bf39a428fba41e47c0cf90aa38dec6ab9cd00d392418541568e61e618778068a,,
1.0,G04-260202-115909-887,G04-260202-115909-887.bmp,G04,2026-02-02T11:59:09,2026-02-02,G04_2026-02-02,887,train,normal,,1025,1281,1,c6d9263700cc519d551accd2fd685021638e869993b395ba775713e61750711a,,
1.0,G04-260202-115926-888,G04-260202-115926-888.bmp,G04,2026-02-02T11:59:26,2026-02-02,G04_2026-02-02,888,train,normal,,1025,1281,1,7ff794e8782a2416d8e85c1b14f804e40815460be8db32ccd64f6a78a04b7cad,,
1.0,G04-260202-115933-889,G04-260202-115933-889.bmp,G04,2026-02-02T11:59:33,2026-02-02,G04_2026-02-02,889,train,normal,,1025,1281,1,75b4de02ba32ec7f6075107fb318539b185b9b7dd557e1f32e42f93909ffbcd0,,
1.0,G04-260202-115954-890,G04-260202-115954-890.bmp,G04,2026-02-02T11:59:54,2026-02-02,G04_2026-02-02,890,train,normal,,1025,1281,1,d1fea6deca4d034a9d2633fc393fcfe3f135bdb464d7ff3086a35ea3cf6f9090,,
1.0,G04-260202-120001-891,G04-260202-120001-891.bmp,G04,2026-02-02T12:00:01,2026-02-02,G04_2026-02-02,891,train,normal,,1025,1281,1,4c8e9ba70fe5a68ac41230ef8b6de156dd9703bba5f1f2669298a2f3058aba09,,
1.0,G04-260202-120023-892,G04-260202-120023-892.bmp,G04,2026-02-02T12:00:23,2026-02-02,G04_2026-02-02,892,train,normal,,1025,1281,1,4c0bc942f2ddb78fcda93f7091c1c057c18257a7666c167a4df0614bef6c0e69,,
1.0,G04-260202-120029-893,G04-260202-120029-893.bmp,G04,2026-02-02T12:00:29,2026-02-02,G04_2026-02-02,893,train,normal,,1025,1281,1,028fe5b17effbe353f376e428a121d4d2369c39d65697103cb7cf6f53a8ef0d0,,
1.0,G04-260202-120051-894,G04-260202-120051-894.bmp,G04,2026-02-02T12:00:51,2026-02-02,G04_2026-02-02,894,train,normal,,1025,1281,1,f45dd178093cce2721536bd6267302b0540f6a360094b26263a5d7c58c378e83,,
1.0,G04-260202-120057-895,G04-260202-120057-895.bmp,G04,2026-02-02T12:00:57,2026-02-02,G04_2026-02-02,895,train,normal,,1025,1281,1,3e9f95da217e40e544a3abf65d938429d6c8ab397e9660d01e7cf36d30420809,,
1.0,G04-260202-120122-896,G04-260202-120122-896.bmp,G04,2026-02-02T12:01:22,2026-02-02,G04_2026-02-02,896,train,normal,,1025,1281,1,04ece9fe2781636bb59b00bd53810c4dd6086388ce907abc2a4ed4ec8a65848e,,
1.0,G04-260202-120128-897,G04-260202-120128-897.bmp,G04,2026-02-02T12:01:28,2026-02-02,G04_2026-02-02,897,train,normal,,1025,1281,1,2f50e03201d26d0d38e8e3aca5bc5523b2df9bdacc7d36618f0dba8a4a78da0f,,
1.0,G04-260202-120153-898,G04-260202-120153-898.bmp,G04,2026-02-02T12:01:53,2026-02-02,G04_2026-02-02,898,train,normal,,1025,1281,1,91602dd61f4bf8ef39148eecfaad215e2ff8b793631067d0a2739f7ed38b78cb,,
1.0,G04-260202-120200-899,G04-260202-120200-899.bmp,G04,2026-02-02T12:02:00,2026-02-02,G04_2026-02-02,899,train,normal,,1025,1281,1,d874d7fbddfccdc1267142b134e3a6bb9bac7d6472e133b8a2d8052e384b81ce,,
1.0,G04-260202-120224-900,G04-260202-120224-900.bmp,G04,2026-02-02T12:02:24,2026-02-02,G04_2026-02-02,900,train,normal,,1025,1281,1,fca1c9686da2e0c6b15bcbfa2a88df9aa145dbae6cca960cce5cc40c827cf314,,
1.0,G04-260202-120230-901,G04-260202-120230-901.bmp,G04,2026-02-02T12:02:30,2026-02-02,G04_2026-02-02,901,train,normal,,1025,1281,1,b5ed9ea423560645079b40f500a1da4ebe4053cd2dd74c2dbe281cc073a25666,,
1.0,G04-260202-120259-902,G04-260202-120259-902.bmp,G04,2026-02-02T12:02:59,2026-02-02,G04_2026-02-02,902,train,normal,,1025,1281,1,ac4a6bd2b1c1e26f7e77c18c7f4e84cef68773be10679b55b198987057bb8c37,,
1.0,G04-260202-120309-903,G04-260202-120309-903.bmp,G04,2026-02-02T12:03:09,2026-02-02,G04_2026-02-02,903,train,normal,,1025,1281,1,fdf0f0471bb9185187fb5d81ab5a08e2910c1c92dd1fe4be834a13b3c9c37ccd,,
1.0,G04-260202-120316-904,G04-260202-120316-904.bmp,G04,2026-02-02T12:03:16,2026-02-02,G04_2026-02-02,904,train,normal,,1025,1281,1,956f57612dea82f9894b5c3761360715b0507f446239d658b4c357498054242e,,
1.0,G04-260202-120322-905,G04-260202-120322-905.bmp,G04,2026-02-02T12:03:22,2026-02-02,G04_2026-02-02,905,train,normal,,1025,1281,1,e8165dafd60c74452e2b1b5111373302803f89ace41c3cefc35b23ec3463a161,,
1.0,G04-260202-120352-906,G04-260202-120352-906.bmp,G04,2026-02-02T12:03:52,2026-02-02,G04_2026-02-02,906,train,normal,,1025,1281,1,b4833a5fbc894eaf9361f816b1aac0cfdbedc9869538ac4b10b63131fa11b186,,
1.0,G04-260202-120359-907,G04-260202-120359-907.bmp,G04,2026-02-02T12:03:59,2026-02-02,G04_2026-02-02,907,train,normal,,1025,1281,1,48cd1e3abe7cb8d4d9a176a1df52537d2d83423f4cf27a8ba2be7cbcd47a7af2,,
1.0,G04-260202-120424-908,G04-260202-120424-908.bmp,G04,2026-02-02T12:04:24,2026-02-02,G04_2026-02-02,908,train,normal,,1025,1281,1,3238d35fc73809a9015e96c800397e6e8f132b78ad4aac67f8c505dd61250628,,
1.0,G04-260202-120431-909,G04-260202-120431-909.bmp,G04,2026-02-02T12:04:31,2026-02-02,G04_2026-02-02,909,train,normal,,1025,1281,1,a43ec0b7bd5ca931fef49ced70838c0a429dfd291079b99da2636f14caba40aa,,
1.0,G04-260202-120454-910,G04-260202-120454-910.bmp,G04,2026-02-02T12:04:54,2026-02-02,G04_2026-02-02,910,train,normal,,1025,1281,1,ce9dee39689d7c9298c8f0fbb483c8181a8c7401fc5802fb649c7cca1c21e230,,
1.0,G04-260202-120500-911,G04-260202-120500-911.bmp,G04,2026-02-02T12:05:00,2026-02-02,G04_2026-02-02,911,train,normal,,1025,1281,1,d92a50fec965629bb7cf4052d18edff1f72a8cdc0d749a49a4d01e3d454cd6d8,,
1.0,G04-260202-120523-912,G04-260202-120523-912.bmp,G04,2026-02-02T12:05:23,2026-02-02,G04_2026-02-02,912,train,normal,,1025,1281,1,6f217114e50718fdc1c38665f16b8e9c15244871c4030fcdc16a93dbb17a0c30,,
1.0,G04-260202-120529-913,G04-260202-120529-913.bmp,G04,2026-02-02T12:05:29,2026-02-02,G04_2026-02-02,913,train,normal,,1025,1281,1,4fed96192262730cc9d0031aaff7abf61f8797c149b6355e02b83b134ea4caf6,,
1.0,G04-260202-120554-914,G04-260202-120554-914.bmp,G04,2026-02-02T12:05:54,2026-02-02,G04_2026-02-02,914,train,normal,,1025,1281,1,b4cff9fe0ab4c60c7a88fbe05cffd987858495af213f855acf1b9814f40b7e22,,
1.0,G04-260202-120601-915,G04-260202-120601-915.bmp,G04,2026-02-02T12:06:01,2026-02-02,G04_2026-02-02,915,train,normal,,1025,1281,1,b75508888f38842ad94924ae4b6068dba06e2371621427fea6debd958afc762b,,
1.0,G04-260202-120625-916,G04-260202-120625-916.bmp,G04,2026-02-02T12:06:25,2026-02-02,G04_2026-02-02,916,train,normal,,1025,1281,1,b26321737bd6bf1781acf4ddd37b161df3075f7228bd29c4e719e343fc97f4f3,,
1.0,G04-260202-120632-917,G04-260202-120632-917.bmp,G04,2026-02-02T12:06:32,2026-02-02,G04_2026-02-02,917,train,normal,,1025,1281,1,ff35fba4ba4336189d4dd3917690dfb9d27e73c62608b92bfdd7042d8f3e14b6,,
1.0,G04-260202-120655-918,G04-260202-120655-918.bmp,G04,2026-02-02T12:06:55,2026-02-02,G04_2026-02-02,918,train,normal,,1025,1281,1,905769cb7b62b951bf7a4977cb87878aedf7a4e80ae1faf3f32513b8dc47689c,,
1.0,G04-260202-120701-919,G04-260202-120701-919.bmp,G04,2026-02-02T12:07:01,2026-02-02,G04_2026-02-02,919,train,normal,,1025,1281,1,dae43d29fb91eb16879b1e050e3edebf4ccf4b2e958282b1fdcc31bde539f6ae,,
1.0,G04-260202-120722-920,G04-260202-120722-920.bmp,G04,2026-02-02T12:07:22,2026-02-02,G04_2026-02-02,920,train,normal,,1025,1281,1,0a4d0dadb9f2559daa88bbe91ec1dd1fc478fd940267d19bd171a4ab62728646,,
1.0,G04-260202-120729-921,G04-260202-120729-921.bmp,G04,2026-02-02T12:07:29,2026-02-02,G04_2026-02-02,921,train,normal,,1025,1281,1,49761eb55a49e4f66738a2993f662ce148cd08401c9b933942f2ff7f23537b25,,
1.0,G04-260202-120755-922,G04-260202-120755-922.bmp,G04,2026-02-02T12:07:55,2026-02-02,G04_2026-02-02,922,train,normal,,1025,1281,1,0dbd6aa0fdfce0780a976227f26d8d2608fd02187f344ca3f6e38695e9acc73c,,
1.0,G04-260202-120802-923,G04-260202-120802-923.bmp,G04,2026-02-02T12:08:02,2026-02-02,G04_2026-02-02,923,train,normal,,1025,1281,1,a3d69c5df897a5f5f53b962d39d427e17bc9bcb9b6d34c297d2afcb19acef7c5,,
1.0,G04-260202-120825-924,G04-260202-120825-924.bmp,G04,2026-02-02T12:08:25,2026-02-02,G04_2026-02-02,924,train,normal,,1025,1281,1,096ccd89f611ff7ff47b3ee59d5302ed761a32aea3fd4cc14e43db9b4054da57,,
1.0,G04-260202-120832-925,G04-260202-120832-925.bmp,G04,2026-02-02T12:08:32,2026-02-02,G04_2026-02-02,925,train,normal,,1025,1281,1,a4c199e932d8ad4d462978d949102f6c66f4d6edc4c2701221a9c0dc0558d968,,
1.0,G04-260202-120853-926,G04-260202-120853-926.bmp,G04,2026-02-02T12:08:53,2026-02-02,G04_2026-02-02,926,train,normal,,1025,1281,1,6f8aebbd5689e772f24f4e252491138479cb42b522647ff9b9c9c9f077b07358,,
1.0,G04-260202-120859-927,G04-260202-120859-927.bmp,G04,2026-02-02T12:08:59,2026-02-02,G04_2026-02-02,927,train,normal,,1025,1281,1,4c10a0de8ffad532f949ca4ccd1bbeb497b4ebf9abc98c0cdc880592cb7a5e39,,
1.0,G04-260202-120920-928,G04-260202-120920-928.bmp,G04,2026-02-02T12:09:20,2026-02-02,G04_2026-02-02,928,train,normal,,1025,1281,1,2f44582ca9704cb0a121149cb085a147ec8c5aecb77e27b4f71cf109b15088a1,,
1.0,G04-260202-120933-929,G04-260202-120933-929.bmp,G04,2026-02-02T12:09:33,2026-02-02,G04_2026-02-02,929,train,normal,,1025,1281,1,8b0b52e007a4a8491512d2f0693da0c7331dcb298e1cc3b0a97ea2158465724e,,
1.0,G04-260202-120955-930,G04-260202-120955-930.bmp,G04,2026-02-02T12:09:55,2026-02-02,G04_2026-02-02,930,train,normal,,1025,1281,1,2fea9f790206f0b9a8c45a852ed53c6253fd67956fd1c945893737951f3688b4,,
1.0,G04-260202-121001-931,G04-260202-121001-931.bmp,G04,2026-02-02T12:10:01,2026-02-02,G04_2026-02-02,931,train,normal,,1025,1281,1,1856913838372fa72f2b2a9f38843abc7d3cdd97074a534728f2ceb89e8eee50,,
1.0,G04-260202-121031-932,G04-260202-121031-932.bmp,G04,2026-02-02T12:10:31,2026-02-02,G04_2026-02-02,932,train,normal,,1025,1281,1,faae20e69517b2243c272a4d1c371b1104750e3979ced1128c21fe4cf526c6d5,,
1.0,G04-260202-121037-933,G04-260202-121037-933.bmp,G04,2026-02-02T12:10:37,2026-02-02,G04_2026-02-02,933,train,normal,,1025,1281,1,1698c24f86561cb7d618731156da6bb01d0888838969e5b4649a760177d011c1,,
1.0,G04-260202-121055-934,G04-260202-121055-934.bmp,G04,2026-02-02T12:10:55,2026-02-02,G04_2026-02-02,934,train,normal,,1025,1281,1,1ac7b864bf207932dbe3db3eba765557bfb6fb947a3df444c0d9c5bf9d5921ee,,
1.0,G04-260202-121102-935,G04-260202-121102-935.bmp,G04,2026-02-02T12:11:02,2026-02-02,G04_2026-02-02,935,train,normal,,1025,1281,1,57252d05ffc5110124ffdb17658d038d5de68078672b721c1018e8fccd0f8e37,,
1.0,G04-260202-121126-936,G04-260202-121126-936.bmp,G04,2026-02-02T12:11:26,2026-02-02,G04_2026-02-02,936,train,normal,,1025,1281,1,7c36ca59bbe033f20113e89fedb5f4a4220b7698c1af8905114ddcdcf76e2db6,,
1.0,G04-260202-121132-937,G04-260202-121132-937.bmp,G04,2026-02-02T12:11:32,2026-02-02,G04_2026-02-02,937,train,normal,,1025,1281,1,dbd65a7c3be3f09fdad766d82960530a051668a29274a8c172abed08fc72cf32,,
1.0,G04-260202-121154-938,G04-260202-121154-938.bmp,G04,2026-02-02T12:11:54,2026-02-02,G04_2026-02-02,938,train,normal,,1025,1281,1,2c6f5b8e6e39ba51efe7c2327e845349cb5a7c707cde46b58d81b46053079a9b,,
1.0,G04-260202-121201-939,G04-260202-121201-939.bmp,G04,2026-02-02T12:12:01,2026-02-02,G04_2026-02-02,939,train,normal,,1025,1281,1,cc3a75ce24ce42af2a9f0c3f565740339d1cb9aaad708d51b49bbd0230179edc,,
1.0,G04-260202-121225-940,G04-260202-121225-940.bmp,G04,2026-02-02T12:12:25,2026-02-02,G04_2026-02-02,940,train,normal,,1025,1281,1,94e14c1ce2513bf467a063f051d918abca593517c854d0b39ece39eec09afa18,,
1.0,G04-260202-121231-941,G04-260202-121231-941.bmp,G04,2026-02-02T12:12:31,2026-02-02,G04_2026-02-02,941,train,normal,,1025,1281,1,459b4da3ca25a7125db21a55f42ce526d9087b6902ed1997f8d7fdb37f66396c,,
1.0,G04-260202-121254-942,G04-260202-121254-942.bmp,G04,2026-02-02T12:12:54,2026-02-02,G04_2026-02-02,942,train,normal,,1025,1281,1,436ba99ddbdc14c6c10a5e1256735968adee16c5765fdd03fe69dc96eded218d,,
1.0,G04-260202-121300-943,G04-260202-121300-943.bmp,G04,2026-02-02T12:13:00,2026-02-02,G04_2026-02-02,943,train,normal,,1025,1281,1,cfb242d179b7c000b7f90ccd869e4a6714a5e4799af5071b17d1a8593c5ca6b4,,
1.0,G04-260202-121326-944,G04-260202-121326-944.bmp,G04,2026-02-02T12:13:26,2026-02-02,G04_2026-02-02,944,train,normal,,1025,1281,1,e5943b22299401bc8c7f767876fe9e796ae48cec6566d8dd81bd36998a16667a,,
1.0,G04-260202-121332-945,G04-260202-121332-945.bmp,G04,2026-02-02T12:13:32,2026-02-02,G04_2026-02-02,945,train,normal,,1025,1281,1,7e16e993b800ef81d4bd00c25b834d055fda8e7b296754138fedf36fc89aa442,,
1.0,G04-260202-121422-946,G04-260202-121422-946.bmp,G04,2026-02-02T12:14:22,2026-02-02,G04_2026-02-02,946,train,normal,,1025,1281,1,8e3aaf20918dcc36f54e0edbc902dced5d4636392f158f29512f9b590e984b85,,
1.0,G04-260202-121423-947,G04-260202-121423-947.bmp,G04,2026-02-02T12:14:23,2026-02-02,G04_2026-02-02,947,train,normal,,1025,1281,1,9d56693770891a3f704d630b69323e594dbfea607f6adf6568d7b8f583b4d9d2,,
1.0,G04-260202-121437-948,G04-260202-121437-948.bmp,G04,2026-02-02T12:14:37,2026-02-02,G04_2026-02-02,948,train,normal,,1025,1281,1,771438a2e073b7d75066fc078dfb6ad9c3907ec078e5fce4ba191204f41ed62c,,
1.0,G04-260202-121443-949,G04-260202-121443-949.bmp,G04,2026-02-02T12:14:43,2026-02-02,G04_2026-02-02,949,train,normal,,1025,1281,1,c8b47b0a171dfc9480bb10676634d0aeb6b59e9da636bf06ec2e417ca8f7fd57,,
1.0,G04-260202-121456-950,G04-260202-121456-950.bmp,G04,2026-02-02T12:14:56,2026-02-02,G04_2026-02-02,950,train,normal,,1025,1281,1,c2498e690fedbba6c3f2abeebf6e13d9f7446ef1d741bb81facf88ad8cf3db06,,
1.0,G04-260202-121502-951,G04-260202-121502-951.bmp,G04,2026-02-02T12:15:02,2026-02-02,G04_2026-02-02,951,train,normal,,1025,1281,1,4f912bf964dd5006855ae6ff299e2b1396547ca6c83eac18dff6748ac59f3fc8,,
1.0,G04-260202-121524-952,G04-260202-121524-952.bmp,G04,2026-02-02T12:15:24,2026-02-02,G04_2026-02-02,952,train,normal,,1025,1281,1,f1605ef8cb2c98c72dc2ef554ffd86bb865db0811ce2e0e19d7659020c7ca331,,
1.0,G04-260202-121530-953,G04-260202-121530-953.bmp,G04,2026-02-02T12:15:30,2026-02-02,G04_2026-02-02,953,train,normal,,1025,1281,1,2c41dba3c726e88dd6c5721d57eae5bfc02e66010b1e6667e27edbb40d25ea03,,
1.0,G04-260202-121555-954,G04-260202-121555-954.bmp,G04,2026-02-02T12:15:55,2026-02-02,G04_2026-02-02,954,train,normal,,1025,1281,1,0366ff67cec5da7af995882e5ddd8bcc5592e87a1f4df374d2a94456fd6ab5ea,,
1.0,G04-260202-121601-955,G04-260202-121601-955.bmp,G04,2026-02-02T12:16:01,2026-02-02,G04_2026-02-02,955,train,normal,,1025,1281,1,3a367bc27cf0e5600ae2ba6fe29c5dc94a3d488ca6a14d450268953e0b6f190b,,
1.0,G04-260202-121624-956,G04-260202-121624-956.bmp,G04,2026-02-02T12:16:24,2026-02-02,G04_2026-02-02,956,train,normal,,1025,1281,1,9e1a027f70df38608486002617560e68b3ad751fc05372364986fd85ca5cb0be,,
1.0,G04-260202-121631-957,G04-260202-121631-957.bmp,G04,2026-02-02T12:16:31,2026-02-02,G04_2026-02-02,957,train,normal,,1025,1281,1,d287363eb403bcef9a10889ec4edd87e0f7335dc4966c1b1260914508e9c8432,,
1.0,G04-260202-121656-958,G04-260202-121656-958.bmp,G04,2026-02-02T12:16:56,2026-02-02,G04_2026-02-02,958,train,normal,,1025,1281,1,1b4fe4084c76dab73c0e3214ac0014030af469a5dfa60b51b5d167bca6f9645d,,
1.0,G04-260202-121703-959,G04-260202-121703-959.bmp,G04,2026-02-02T12:17:03,2026-02-02,G04_2026-02-02,959,train,normal,,1025,1281,1,0974dd9e23844ae877bab34c043f7f9b160fafc11224e4a7fff22d2bab1cb258,,
1.0,G04-260202-121726-960,G04-260202-121726-960.bmp,G04,2026-02-02T12:17:26,2026-02-02,G04_2026-02-02,960,train,normal,,1025,1281,1,20c92308ca1d8dca36a7f2ed33f4cdf68507129a7d494cf4f15bcf9d1368b341,,
1.0,G04-260202-121732-961,G04-260202-121732-961.bmp,G04,2026-02-02T12:17:32,2026-02-02,G04_2026-02-02,961,train,normal,,1025,1281,1,3881c4245a0ccb081bacd305592d0cb8a9ff7681f053152dd52e88cdf66b746e,,
1.0,G04-260202-121756-962,G04-260202-121756-962.bmp,G04,2026-02-02T12:17:56,2026-02-02,G04_2026-02-02,962,train,normal,,1025,1281,1,729497cb6935029f374cd8ed731def4823d81f4022d49796b956939925626a25,,
1.0,G04-260202-121802-963,G04-260202-121802-963.bmp,G04,2026-02-02T12:18:02,2026-02-02,G04_2026-02-02,963,train,normal,,1025,1281,1,c0941eca5c4d86ab2ee3517e3c1adf366462e45a9c55184184cfa3ccca26a133,,
1.0,G04-260202-121825-964,G04-260202-121825-964.bmp,G04,2026-02-02T12:18:25,2026-02-02,G04_2026-02-02,964,train,normal,,1025,1281,1,37cdc831459fceb648af31dec752e6eded4eea57bade65c91e50a100ffae7b9f,,
1.0,G04-260202-121833-965,G04-260202-121833-965.bmp,G04,2026-02-02T12:18:33,2026-02-02,G04_2026-02-02,965,train,normal,,1025,1281,1,bc5120f1b3f0c9692935dc15cda7bb3b4daa70f2f2c84bebdf1acc0b4e1ef29c,,
1.0,G04-260202-121857-966,G04-260202-121857-966.bmp,G04,2026-02-02T12:18:57,2026-02-02,G04_2026-02-02,966,train,normal,,1025,1281,1,9e390296291d1c823b27524f7ea8491c4b7959af1e671f4b494065ee2a5cf01d,,
1.0,G04-260202-121904-967,G04-260202-121904-967.bmp,G04,2026-02-02T12:19:04,2026-02-02,G04_2026-02-02,967,train,normal,,1025,1281,1,79a245bcca3a824bffcd74ad49270ab85f652e1fe7c85c6a07183acd3f777022,,
1.0,G04-260202-121925-968,G04-260202-121925-968.bmp,G04,2026-02-02T12:19:25,2026-02-02,G04_2026-02-02,968,train,normal,,1025,1281,1,ef2734d89ed6a375ece75ca3b671ba5fcda05d918397646ff3f9b57876624de1,,
1.0,G04-260202-121932-969,G04-260202-121932-969.bmp,G04,2026-02-02T12:19:32,2026-02-02,G04_2026-02-02,969,train,normal,,1025,1281,1,517b922887b4b5874b91a3618b82b031649aa79919e117aac0051594238c975e,,
1.0,G04-260202-121955-970,G04-260202-121955-970.bmp,G04,2026-02-02T12:19:55,2026-02-02,G04_2026-02-02,970,train,normal,,1025,1281,1,32232a4c58569e4d90f4fedb859f0992b14ae89202a5c879dc4c3ce9197b4c26,,
1.0,G04-260202-121959-971,G04-260202-121959-971.bmp,G04,2026-02-02T12:19:59,2026-02-02,G04_2026-02-02,971,train,normal,,1025,1281,1,9de85ebcde1c88148ae0c15e1bb223c35df72ee9645e5e400beebd2386c853bd,,
1.0,G04-260202-122006-972,G04-260202-122006-972.bmp,G04,2026-02-02T12:20:06,2026-02-02,G04_2026-02-02,972,train,normal,,1025,1281,1,588d3b2f27e64469b619e334fcebf39ac3d1a373faa11b8733cc44e87ffd6232,,
1.0,G04-260202-122012-973,G04-260202-122012-973.bmp,G04,2026-02-02T12:20:12,2026-02-02,G04_2026-02-02,973,train,normal,,1025,1281,1,894bf68b4300ab80333de65d537fafd66f4f9206a9bc2bb21c82c2dd088ca60c,,
1.0,G04-260202-122025-974,G04-260202-122025-974.bmp,G04,2026-02-02T12:20:25,2026-02-02,G04_2026-02-02,974,train,normal,,1025,1281,1,5d85001827a6ef9b92397daa4d75a898c44a5455783386a0147d71718f85144c,,
1.0,G04-260202-122031-975,G04-260202-122031-975.bmp,G04,2026-02-02T12:20:31,2026-02-02,G04_2026-02-02,975,train,normal,,1025,1281,1,0152dd910113bf204fbd0a3de4fe1381e21c6475a9f50dbd1278c6cf906c66f9,,
1.0,G04-260202-122047-976,G04-260202-122047-976.bmp,G04,2026-02-02T12:20:47,2026-02-02,G04_2026-02-02,976,train,normal,,1025,1281,1,ff478c0806c5a9adcc8f1f557bf4875e232d47e7ed64eb914443ecb6f31696e6,,
1.0,G04-260202-122055-977,G04-260202-122055-977.bmp,G04,2026-02-02T12:20:55,2026-02-02,G04_2026-02-02,977,train,normal,,1025,1281,1,69fba2089fb4ce72466cb30ff7c6964fc17aecf2e6caafd1efc0898d87028c61,,
1.0,G04-260202-122101-978,G04-260202-122101-978.bmp,G04,2026-02-02T12:21:01,2026-02-02,G04_2026-02-02,978,train,normal,,1025,1281,1,4c683f57dacc8f6a2c99f60f057b115870afb88972950e9a649a7a4dd9b4788d,,
1.0,G04-260202-122125-979,G04-260202-122125-979.bmp,G04,2026-02-02T12:21:25,2026-02-02,G04_2026-02-02,979,train,normal,,1025,1281,1,c11a8ab42ef23057c862658d86bc3a0044d2f5c2654318bd6c2d5ea7dbf77578,,
1.0,G04-260202-122132-980,G04-260202-122132-980.bmp,G04,2026-02-02T12:21:32,2026-02-02,G04_2026-02-02,980,train,normal,,1025,1281,1,6920797e8cd66b49aebd4ebe04e57aae7dfa4095bb7d37901c63cd5048b7a65d,,
1.0,G04-260202-122155-981,G04-260202-122155-981.bmp,G04,2026-02-02T12:21:55,2026-02-02,G04_2026-02-02,981,train,normal,,1025,1281,1,c1a45e122a48f8ae7a9b0d535dcbf159da089cb37c1ecddf51f249379f87ab03,,
1.0,G04-260202-122202-982,G04-260202-122202-982.bmp,G04,2026-02-02T12:22:02,2026-02-02,G04_2026-02-02,982,train,normal,,1025,1281,1,751aa9f2fceb5facb696d5277a0ca001d757b88302e7fbdf480fa2fbde16e679,,
1.0,G04-260202-122225-983,G04-260202-122225-983.bmp,G04,2026-02-02T12:22:25,2026-02-02,G04_2026-02-02,983,train,normal,,1025,1281,1,3f7550ada3ee507201cb9dd2b5dcf6532ea536ab10c139714b05245a569d9070,,
1.0,G04-260202-122231-984,G04-260202-122231-984.bmp,G04,2026-02-02T12:22:31,2026-02-02,G04_2026-02-02,984,train,normal,,1025,1281,1,1f0f99f0fa6a4f0aec1e26a966f7011de80f5fb988b6e7203c4370ddbb1ad12b,,
1.0,G04-260202-122255-985,G04-260202-122255-985.bmp,G04,2026-02-02T12:22:55,2026-02-02,G04_2026-02-02,985,train,normal,,1025,1281,1,24d7b95135fd13db03da0e3925f46e8283d6185982c3cd8c07e5131e183de0eb,,
1.0,G04-260202-122302-986,G04-260202-122302-986.bmp,G04,2026-02-02T12:23:02,2026-02-02,G04_2026-02-02,986,train,normal,,1025,1281,1,12e04bb4e90a0ecc62b78a005a0b1547bcd72f0676f2b6c087a7da4a76f17974,,
1.0,G04-260202-122328-987,G04-260202-122328-987.bmp,G04,2026-02-02T12:23:28,2026-02-02,G04_2026-02-02,987,train,normal,,1025,1281,1,2e0d178c0d3fe7646e5cc8c643c20829e968b8648082af2ef6d974c69c245580,,
1.0,G04-260202-122334-988,G04-260202-122334-988.bmp,G04,2026-02-02T12:23:34,2026-02-02,G04_2026-02-02,988,train,normal,,1025,1281,1,ac7c04ae76161321333f68d3b3f552ca835fa1a6a603766992f5dbea2f924d71,,
1.0,G04-260202-122358-989,G04-260202-122358-989.bmp,G04,2026-02-02T12:23:58,2026-02-02,G04_2026-02-02,989,train,normal,,1025,1281,1,639eed4273ba556544293d2a0ec7e954032cee505c6801d826843c43d4fd25e8,,
1.0,G04-260202-122405-990,G04-260202-122405-990.bmp,G04,2026-02-02T12:24:05,2026-02-02,G04_2026-02-02,990,train,normal,,1025,1281,1,f53b85a1947bc0d65a5ca795663b37c37a49a2845495d752b0d4ddb53a8f6b77,,
1.0,G04-260202-122426-991,G04-260202-122426-991.bmp,G04,2026-02-02T12:24:26,2026-02-02,G04_2026-02-02,991,train,normal,,1025,1281,1,ca3491635da51a672f0d186b91114c6359b03a52b91865d7b664aed26b7d0d28,,
1.0,G04-260202-122433-992,G04-260202-122433-992.bmp,G04,2026-02-02T12:24:33,2026-02-02,G04_2026-02-02,992,train,normal,,1025,1281,1,60db3dff2455240cdb12c0f04292549d742a0fed3c0beaec0dbadb1633911a6c,,
1.0,G04-260202-122504-993,G04-260202-122504-993.bmp,G04,2026-02-02T12:25:04,2026-02-02,G04_2026-02-02,993,train,normal,,1025,1281,1,71faee4bb2595c0527fc00ff72c7694664072dc41a3bc8eb1ed0881429c5f427,,
1.0,G04-260202-122512-994,G04-260202-122512-994.bmp,G04,2026-02-02T12:25:12,2026-02-02,G04_2026-02-02,994,train,normal,,1025,1281,1,eff0dafd0784e2070acc6aff21307d3106c4ea9b0571026b2af829ba362bf8e4,,
1.0,G04-260202-122530-995,G04-260202-122530-995.bmp,G04,2026-02-02T12:25:30,2026-02-02,G04_2026-02-02,995,train,normal,,1025,1281,1,45ceaf87c5584b3db347c4395d998ffa5e0e94b456388cf1c796a00b8d504d8e,,
1.0,G04-260202-122536-996,G04-260202-122536-996.bmp,G04,2026-02-02T12:25:36,2026-02-02,G04_2026-02-02,996,train,normal,,1025,1281,1,a85128973ec3733623f07c0a9240eb58c2490023c52b3b4b8e7927dfae2f28bd,,
1.0,G04-260202-122558-997,G04-260202-122558-997.bmp,G04,2026-02-02T12:25:58,2026-02-02,G04_2026-02-02,997,train,normal,,1025,1281,1,6dc4d6c092415b27972747083b8b6132b2f4e641177291110550b91ff1d89215,,
1.0,G04-260202-122604-998,G04-260202-122604-998.bmp,G04,2026-02-02T12:26:04,2026-02-02,G04_2026-02-02,998,train,normal,,1025,1281,1,f202390876227ec7e2a44423d3495b7e08ce121c85cf2cefa65dc55fe5694cbe,,
1.0,G04-260202-122625-999,G04-260202-122625-999.bmp,G04,2026-02-02T12:26:25,2026-02-02,G04_2026-02-02,999,train,normal,,1025,1281,1,103bb6db7cb24f4a8d661615bfd45535c0db94997577a38378e35104e2e1770c,,
1.0,G04-260202-122631-000,G04-260202-122631-000.bmp,G04,2026-02-02T12:26:31,2026-02-02,G04_2026-02-02,0,train,normal,,1025,1281,1,376327e7fab3a9ea9203d3219a863f39203b0f252b43af188beccc7c57f10c40,,
1.0,G04-260202-122658-001,G04-260202-122658-001.bmp,G04,2026-02-02T12:26:58,2026-02-02,G04_2026-02-02,1,train,normal,,1025,1281,1,86b00909f9d5de6bb046d52bc9c6ce7cc636b47c78ad436713cc450faf7e6d3e,,
1.0,G04-260202-122704-002,G04-260202-122704-002.bmp,G04,2026-02-02T12:27:04,2026-02-02,G04_2026-02-02,2,train,normal,,1025,1281,1,4ba2c21f1312a5449f5973105e220eaa0f87f92268d57e07652a1569bc0caebf,,
1.0,G04-260202-122726-003,G04-260202-122726-003.bmp,G04,2026-02-02T12:27:26,2026-02-02,G04_2026-02-02,3,train,normal,,1025,1281,1,ef288a44424c7b68270b1eb71c6f8a9fbbc682704f0df018c7e6bc6f27ad34a3,,
1.0,G04-260202-122734-004,G04-260202-122734-004.bmp,G04,2026-02-02T12:27:34,2026-02-02,G04_2026-02-02,4,train,normal,,1025,1281,1,2777b0d7e135e7cd02c4f06ac78f9f44e4affb076c4bd323ad53f9c0a6f8cd6a,,
1.0,G04-260202-122800-005,G04-260202-122800-005.bmp,G04,2026-02-02T12:28:00,2026-02-02,G04_2026-02-02,5,train,normal,,1025,1281,1,70b238aa7fb3597ee1e74b6460cd17caa845c7e427e7e11fffee67589a700ef3,,
1.0,G04-260202-122806-006,G04-260202-122806-006.bmp,G04,2026-02-02T12:28:06,2026-02-02,G04_2026-02-02,6,train,normal,,1025,1281,1,7ec01250277a24037fbbe02943cfe738c23d4c88ad854d31c22ad49fa52c2962,,
1.0,G04-260202-122828-007,G04-260202-122828-007.bmp,G04,2026-02-02T12:28:28,2026-02-02,G04_2026-02-02,7,train,normal,,1025,1281,1,2a944fe1dbb7decb8b52901e9facfbd464aba6a794d1ecaefc0c4e1fc0f586e3,,
1.0,G04-260202-122834-008,G04-260202-122834-008.bmp,G04,2026-02-02T12:28:34,2026-02-02,G04_2026-02-02,8,train,normal,,1025,1281,1,7c749e1ff38b06411a71194bbb2adf7bc009b14407012ba50d90cd91661c614b,,
1.0,G04-260202-122858-009,G04-260202-122858-009.bmp,G04,2026-02-02T12:28:58,2026-02-02,G04_2026-02-02,9,train,normal,,1025,1281,1,7f561c3bfa06c934e2745f1e6f319b7665647cf0206415ce4425a763f8c1e98c,,
1.0,G04-260202-122904-010,G04-260202-122904-010.bmp,G04,2026-02-02T12:29:04,2026-02-02,G04_2026-02-02,10,train,normal,,1025,1281,1,7243c074cfaf3e8b1b7e45d640e22c3aaa72014f956a65bfd8736aa664c45151,,
1.0,G04-260202-122926-011,G04-260202-122926-011.bmp,G04,2026-02-02T12:29:26,2026-02-02,G04_2026-02-02,11,train,normal,,1025,1281,1,02bcf59aab6d3d71776ff0d15cf15c1e6e0a0359b515059f7cd11754d8739528,,
1.0,G04-260202-122933-012,G04-260202-122933-012.bmp,G04,2026-02-02T12:29:33,2026-02-02,G04_2026-02-02,12,train,normal,,1025,1281,1,6386fc1d17b8a4315b91c7488fd6d6d5112cc3673fc3f4e961e24ad75fe75720,,
1.0,G04-260202-123000-013,G04-260202-123000-013.bmp,G04,2026-02-02T12:30:00,2026-02-02,G04_2026-02-02,13,train,normal,,1025,1281,1,be30110010f9190ab4dd873d65bf9e17852caf94f6c726507a4df1aa6d49c63d,,
1.0,G04-260202-123006-014,G04-260202-123006-014.bmp,G04,2026-02-02T12:30:06,2026-02-02,G04_2026-02-02,14,train,normal,,1025,1281,1,e266d4d2ca3c9f7cb9774ac329e166eba8bb84c9c535fdcc15fd39530f4294ae,,
1.0,G04-260202-123028-015,G04-260202-123028-015.bmp,G04,2026-02-02T12:30:28,2026-02-02,G04_2026-02-02,15,train,normal,,1025,1281,1,949ec3bebb018e5b8d01949392c9e09978b25ea6f8f0dced35d09b13f6cc2ff0,,
1.0,G04-260202-123035-016,G04-260202-123035-016.bmp,G04,2026-02-02T12:30:35,2026-02-02,G04_2026-02-02,16,train,normal,,1025,1281,1,44e61eb3d81d57ddcd55bd9406da3dc6a1e22787ab41ec31897daab1b24ecfc1,,
1.0,G04-260202-123058-017,G04-260202-123058-017.bmp,G04,2026-02-02T12:30:58,2026-02-02,G04_2026-02-02,17,train,normal,,1025,1281,1,4c4e4cc7694f629d0c9dbf8c2023542498280b3e936968d7cb2dc4b8dcdcc383,,
1.0,G04-260202-123105-018,G04-260202-123105-018.bmp,G04,2026-02-02T12:31:05,2026-02-02,G04_2026-02-02,18,train,normal,,1025,1281,1,4c52a4540dd801b9a3fd362ff99b4d1f0a3abf8cbdfadeda355e73bd5922a8d4,,
1.0,G04-260202-123128-019,G04-260202-123128-019.bmp,G04,2026-02-02T12:31:28,2026-02-02,G04_2026-02-02,19,train,normal,,1025,1281,1,cf1482748f91d59bd7d572abef95848718dd65c01acff926c84e8075b248cdf4,,
1.0,G04-260202-123135-020,G04-260202-123135-020.bmp,G04,2026-02-02T12:31:35,2026-02-02,G04_2026-02-02,20,train,normal,,1025,1281,1,e76599f8f158fc017dddecb2422ed87c42e43c725733dea724298699450c2c4e,,
1.0,G04-260202-123158-021,G04-260202-123158-021.bmp,G04,2026-02-02T12:31:58,2026-02-02,G04_2026-02-02,21,train,normal,,1025,1281,1,a7aaf14564597fe7108611b01782093c75b8d3a6560faf87f934c3903d3f5604,,
1.0,G04-260202-123205-022,G04-260202-123205-022.bmp,G04,2026-02-02T12:32:05,2026-02-02,G04_2026-02-02,22,train,normal,,1025,1281,1,a88295350e872f50a9166d4381fada47f55208729538c62feb6475b7303a122e,,
1.0,G04-260202-123227-023,G04-260202-123227-023.bmp,G04,2026-02-02T12:32:27,2026-02-02,G04_2026-02-02,23,train,normal,,1025,1281,1,1a574cb0af8379e961e8d1959940f5c17ef38296a50ab575a32bf8a7b4ff6ad0,,
1.0,G04-260202-123233-024,G04-260202-123233-024.bmp,G04,2026-02-02T12:32:33,2026-02-02,G04_2026-02-02,24,train,normal,,1025,1281,1,45f7440b696652f1656cdf00e1084916f91da88314125fe5f14fe66d3df9d5fd,,
1.0,G04-260202-123258-025,G04-260202-123258-025.bmp,G04,2026-02-02T12:32:58,2026-02-02,G04_2026-02-02,25,train,normal,,1025,1281,1,3d5c7daccb1f03d71c7776b27315288c3eec6dd07919cae7a9239ee983d526db,,
1.0,G04-260202-123304-026,G04-260202-123304-026.bmp,G04,2026-02-02T12:33:04,2026-02-02,G04_2026-02-02,26,train,normal,,1025,1281,1,be732de3640648aa23e6db0ea06c61ae194b7afca7e07eb183b579f043e5854a,,
1.0,G04-260202-123327-027,G04-260202-123327-027.bmp,G04,2026-02-02T12:33:27,2026-02-02,G04_2026-02-02,27,train,normal,,1025,1281,1,b5eae424d86a2ffed555a63d907a1bd1b88999a5733272417a2219b14b390c59,,
1.0,G04-260202-123334-028,G04-260202-123334-028.bmp,G04,2026-02-02T12:33:34,2026-02-02,G04_2026-02-02,28,train,normal,,1025,1281,1,55f17b976700926ab50be23e8d108812297b756efcb6b89202c1a54c673a6a64,,
1.0,G04-260202-123400-029,G04-260202-123400-029.bmp,G04,2026-02-02T12:34:00,2026-02-02,G04_2026-02-02,29,train,normal,,1025,1281,1,0a1413be053b82219e61730a35493ff01878380abf7522aaf839c8069cb5d37c,,
1.0,G04-260202-123406-030,G04-260202-123406-030.bmp,G04,2026-02-02T12:34:06,2026-02-02,G04_2026-02-02,30,train,normal,,1025,1281,1,ae5c6a68b07baef0289472c7f4e563753f4694c336cad2659261b0438ee3e122,,
1.0,G04-260202-123429-031,G04-260202-123429-031.bmp,G04,2026-02-02T12:34:29,2026-02-02,G04_2026-02-02,31,train,normal,,1025,1281,1,8d48191c8455fd106a3707f7f55437ba3cf50006181b173b4010e92722f75ddc,,
1.0,G04-260202-123436-032,G04-260202-123436-032.bmp,G04,2026-02-02T12:34:36,2026-02-02,G04_2026-02-02,32,train,normal,,1025,1281,1,41e4dcd35e65e702ca8aac0da277c6d03035e1de6bb1c3e7bfd27e1b95f5b83c,,
1.0,G04-260202-123458-033,G04-260202-123458-033.bmp,G04,2026-02-02T12:34:58,2026-02-02,G04_2026-02-02,33,train,normal,,1025,1281,1,050f084527006c752343b6e1e66044dcf80712717cda13eb9da563b617eaa07c,,
1.0,G04-260202-123504-034,G04-260202-123504-034.bmp,G04,2026-02-02T12:35:04,2026-02-02,G04_2026-02-02,34,train,normal,,1025,1281,1,92f8c1dcf37dbacfbf8288c593bc5048d77564e2f50cc5d439abff60909538b1,,
1.0,G04-260202-123528-035,G04-260202-123528-035.bmp,G04,2026-02-02T12:35:28,2026-02-02,G04_2026-02-02,35,train,normal,,1025,1281,1,3f0ac8135a93651153e1251f95788c1909dfb7778116d72be774856a3bcadd92,,
1.0,G04-260202-123535-036,G04-260202-123535-036.bmp,G04,2026-02-02T12:35:35,2026-02-02,G04_2026-02-02,36,train,normal,,1025,1281,1,1a489474a2f83d756ce96d7eb26fd72656b455cd1ffc974d03fa1f270e49928f,,
1.0,G04-260202-123559-037,G04-260202-123559-037.bmp,G04,2026-02-02T12:35:59,2026-02-02,G04_2026-02-02,37,train,normal,,1025,1281,1,e4d19eabbf4ba8e4b641520d688143fbc9cf788189ea48d3250e26563de4752b,,
1.0,G04-260202-123605-038,G04-260202-123605-038.bmp,G04,2026-02-02T12:36:05,2026-02-02,G04_2026-02-02,38,train,normal,,1025,1281,1,18398ad36dc67bc02a93d05a42932fe8bc6f0ce641f6949a46622da24a7ca4f9,,
1.0,G04-260202-123627-039,G04-260202-123627-039.bmp,G04,2026-02-02T12:36:27,2026-02-02,G04_2026-02-02,39,train,normal,,1025,1281,1,b6771b11c7228706a076d316369c073dd835251ae9dcb2e1c2bb727d9e935a75,,
1.0,G04-260202-123634-040,G04-260202-123634-040.bmp,G04,2026-02-02T12:36:34,2026-02-02,G04_2026-02-02,40,train,normal,,1025,1281,1,6a6b3665a4580238a7283ca324438fd06991f2fb7a5d782a29dc3b16501b7d9c,,
1.0,G04-260202-123651-041,G04-260202-123651-041.bmp,G04,2026-02-02T12:36:51,2026-02-02,G04_2026-02-02,41,train,normal,,1025,1281,1,1359ef896e2114ee996e47f9d8e815e754a7b1c506ebc37dec31cc6587c6273b,,
1.0,G04-260202-123728-042,G04-260202-123728-042.bmp,G04,2026-02-02T12:37:28,2026-02-02,G04_2026-02-02,42,train,normal,,1025,1281,1,4472d227ce9a5c06bddaf1109f23b99d61395a1b91fcd5a8527c3547be78eb4d,,
1.0,G04-260202-123735-043,G04-260202-123735-043.bmp,G04,2026-02-02T12:37:35,2026-02-02,G04_2026-02-02,43,train,normal,,1025,1281,1,18468de7bbccd45485605c80f706b313348f7488d5da35ed0af1ea3dbafc9cfb,,
1.0,G04-260202-123741-044,G04-260202-123741-044.bmp,G04,2026-02-02T12:37:41,2026-02-02,G04_2026-02-02,44,train,normal,,1025,1281,1,78da9792f91b72dba76c7c9e9ea5616825bd971f18a881158868394e1a42dace,,
1.0,G04-260202-123759-045,G04-260202-123759-045.bmp,G04,2026-02-02T12:37:59,2026-02-02,G04_2026-02-02,45,train,normal,,1025,1281,1,64b0b111391896ca60f76245190a743c991bd68618c8514bb12150f21cefcce8,,
1.0,G04-260202-123806-046,G04-260202-123806-046.bmp,G04,2026-02-02T12:38:06,2026-02-02,G04_2026-02-02,46,train,normal,,1025,1281,1,ec20e4172a760a2aed4746a77239f6d6e74e95d264c8e71814dc064119945ea3,,
1.0,G04-260202-123829-047,G04-260202-123829-047.bmp,G04,2026-02-02T12:38:29,2026-02-02,G04_2026-02-02,47,train,normal,,1025,1281,1,2b9e2b62b3090e1593ac4bcd28c4cd4afa67823bfb73cb5c1320dd2385d2dcef,,
1.0,G04-260202-123835-048,G04-260202-123835-048.bmp,G04,2026-02-02T12:38:35,2026-02-02,G04_2026-02-02,48,train,normal,,1025,1281,1,2562459d858a85bfcbe277f969143ade36bab5408888305c422ca337dabd5cfe,,
1.0,G04-260202-123858-049,G04-260202-123858-049.bmp,G04,2026-02-02T12:38:58,2026-02-02,G04_2026-02-02,49,train,normal,,1025,1281,1,b0d29c605ea8291e748b4c2000598300676b56e165727765bb42a5c9776dc8bb,,
1.0,G04-260202-123905-050,G04-260202-123905-050.bmp,G04,2026-02-02T12:39:05,2026-02-02,G04_2026-02-02,50,train,normal,,1025,1281,1,b823112b5d293824a2797d17bd3d59b6691f650dd6e5989cab2ccb8f7882557e,,
1.0,G04-260202-123928-051,G04-260202-123928-051.bmp,G04,2026-02-02T12:39:28,2026-02-02,G04_2026-02-02,51,train,normal,,1025,1281,1,0e8276a454e4535790bdcecf580453848e1217ab2d986761dc8b9f7dae4c393b,,
1.0,G04-260202-123935-052,G04-260202-123935-052.bmp,G04,2026-02-02T12:39:35,2026-02-02,G04_2026-02-02,52,train,normal,,1025,1281,1,0a80704cf3df3a3f1892c87124ed86126fceb5cd7ce0098c4c7afbc6718ff0ae,,
1.0,G04-260202-123957-053,G04-260202-123957-053.bmp,G04,2026-02-02T12:39:57,2026-02-02,G04_2026-02-02,53,train,normal,,1025,1281,1,c9ea30a62296df26e575ea68b1189a87cd29e4ac8e9b5f8ac240354ddab3f17b,,
1.0,G04-260202-124003-054,G04-260202-124003-054.bmp,G04,2026-02-02T12:40:03,2026-02-02,G04_2026-02-02,54,train,normal,,1025,1281,1,691ac1ddf2a6b7e3940e747301e7beb9329989f9188337691d5d82a892be3470,,
1.0,G04-260202-124027-055,G04-260202-124027-055.bmp,G04,2026-02-02T12:40:27,2026-02-02,G04_2026-02-02,55,train,normal,,1025,1281,1,02e180341007dfd6d680836899a9545747991e5b8986201991187212ed85b8fa,,
1.0,G04-260202-124033-056,G04-260202-124033-056.bmp,G04,2026-02-02T12:40:33,2026-02-02,G04_2026-02-02,56,train,normal,,1025,1281,1,9b8f013481bd88887c03fd23131f9e5352715a5569f12517815724ebb29d27c7,,
1.0,G04-260202-124117-058,G04-260202-124117-058.bmp,G04,2026-02-02T12:41:17,2026-02-02,G04_2026-02-02,58,train,normal,,1025,1281,1,b2a021a8de0df82a4cbaf057a542bbd786f6b8bb5e0e6ebd8187b58071057249,,
1.0,G04-260202-124133-059,G04-260202-124133-059.bmp,G04,2026-02-02T12:41:33,2026-02-02,G04_2026-02-02,59,train,normal,,1025,1281,1,264f3b2e9174e7285b3307cab0c1fa3dc738942d28ee476c66b079f357fcd1ae,,
1.0,G04-260202-124144-060,G04-260202-124144-060.bmp,G04,2026-02-02T12:41:44,2026-02-02,G04_2026-02-02,60,train,normal,,1025,1281,1,857c76d19a1afce40f9ebe8ed6612a88d36adcf2ab1c13c5e96ab08c9ad5b6d4,,
1.0,G04-260202-124201-061,G04-260202-124201-061.bmp,G04,2026-02-02T12:42:01,2026-02-02,G04_2026-02-02,61,train,normal,,1025,1281,1,072ee066d6ea6634f7bedcc989d28253ebc0bc717cb9daadea4f6464f18fb4b5,,
1.0,G04-260202-124207-062,G04-260202-124207-062.bmp,G04,2026-02-02T12:42:07,2026-02-02,G04_2026-02-02,62,train,normal,,1025,1281,1,c3191b77f99baf2d2b6db49ad84526f7ab72ff7bcd62d1bc0903624eb7e9f776,,
1.0,G04-260202-124224-063,G04-260202-124224-063.bmp,G04,2026-02-02T12:42:24,2026-02-02,G04_2026-02-02,63,train,normal,,1025,1281,1,4d23ad58790916961d29b28312455a3e7b802f72e04dd87d23e6acee90a556d0,,
1.0,G04-260202-124238-064,G04-260202-124238-064.bmp,G04,2026-02-02T12:42:38,2026-02-02,G04_2026-02-02,64,train,normal,,1025,1281,1,0fe18f8bc017b8a83ce71b27ef6c1fdcdd763959f789d56feb173f901be49e6c,,
1.0,G04-260202-124301-065,G04-260202-124301-065.bmp,G04,2026-02-02T12:43:01,2026-02-02,G04_2026-02-02,65,train,normal,,1025,1281,1,c06bf3b6efe67aab3115c0fe937952c925df318ab99b255bd52c6dd18259f351,,
1.0,G04-260202-124308-066,G04-260202-124308-066.bmp,G04,2026-02-02T12:43:08,2026-02-02,G04_2026-02-02,66,train,normal,,1025,1281,1,70c9b5f9cd7e59e5056728d2a74173c8907727cbb972170523689e53a1003420,,
1.0,G04-260202-124334-067,G04-260202-124334-067.bmp,G04,2026-02-02T12:43:34,2026-02-02,G04_2026-02-02,67,train,normal,,1025,1281,1,284e5608673c6610f5aef760b3e0aea0b37e3ca2e5410e1b63657b6437162a81,,
1.0,G04-260202-124340-068,G04-260202-124340-068.bmp,G04,2026-02-02T12:43:40,2026-02-02,G04_2026-02-02,68,train,normal,,1025,1281,1,e0f0b0e06d71ed17284e211609df852fa6814576f2062c9f565fbb6329031b34,,
1.0,G04-260202-124401-069,G04-260202-124401-069.bmp,G04,2026-02-02T12:44:01,2026-02-02,G04_2026-02-02,69,train,normal,,1025,1281,1,6f7b6e506b0c189ed7c8bd43fc8399ad686a8a2f66c0100ecaa0050496999739,,
1.0,G04-260202-124409-070,G04-260202-124409-070.bmp,G04,2026-02-02T12:44:09,2026-02-02,G04_2026-02-02,70,train,normal,,1025,1281,1,28d32c6387c61e3dc7af6fc93a79ef7740192e2f1cdad3a6c2f74cb4e8bcd1ad,,
1.0,G04-260202-124446-071,G04-260202-124446-071.bmp,G04,2026-02-02T12:44:46,2026-02-02,G04_2026-02-02,71,train,normal,,1025,1281,1,1ed09f8d12f32b5d317c54ff2aa765e7e8546208c0dcfa271ac07d5c7b212392,,
1.0,G04-260202-124453-072,G04-260202-124453-072.bmp,G04,2026-02-02T12:44:53,2026-02-02,G04_2026-02-02,72,train,normal,,1025,1281,1,55090ab40fe5a1919f0edec81fdf358163a600601d83edd300bc1a7280f739c4,,
1.0,G04-260202-124512-073,G04-260202-124512-073.bmp,G04,2026-02-02T12:45:12,2026-02-02,G04_2026-02-02,73,train,normal,,1025,1281,1,f3106a8620062e46e1364de103330a256c8e1e3df546a757031d3226fbcb131e,,
1.0,G04-260202-124531-074,G04-260202-124531-074.bmp,G04,2026-02-02T12:45:31,2026-02-02,G04_2026-02-02,74,train,normal,,1025,1281,1,2f82a1f720aaa185076ff67eb4d7b69e74c8670d9e143787a7a65fb2df0be088,,
1.0,G04-260202-124542-075,G04-260202-124542-075.bmp,G04,2026-02-02T12:45:42,2026-02-02,G04_2026-02-02,75,train,normal,,1025,1281,1,d8c5b22e2279a094420c7ecf044b5582d5395227bc2364fafb89f2e12b99dddc,,
1.0,G04-260202-124549-076,G04-260202-124549-076.bmp,G04,2026-02-02T12:45:49,2026-02-02,G04_2026-02-02,76,train,normal,,1025,1281,1,bd92525bb6cff536a367daac7a1573384e49348d33fa516745e2e0d4d1129b5e,,
1.0,G04-260202-124601-077,G04-260202-124601-077.bmp,G04,2026-02-02T12:46:01,2026-02-02,G04_2026-02-02,77,train,normal,,1025,1281,1,1ceb1484048c09efb06573a3161433ea1f2e855578c9527e9c4877d14b10f360,,
1.0,G04-260202-124607-078,G04-260202-124607-078.bmp,G04,2026-02-02T12:46:07,2026-02-02,G04_2026-02-02,78,train,normal,,1025,1281,1,f0bc66b9a29719d498e868d2b5d4407bf880a515a3d35803f99b48cc59e01e8e,,
1.0,G04-260202-124629-079,G04-260202-124629-079.bmp,G04,2026-02-02T12:46:29,2026-02-02,G04_2026-02-02,79,train,normal,,1025,1281,1,c67c6b8ad9af4cc78c597dd31de4cbb477444ba34f2fb4a046ebdccb29f7555e,,
1.0,G04-260202-124635-080,G04-260202-124635-080.bmp,G04,2026-02-02T12:46:35,2026-02-02,G04_2026-02-02,80,train,normal,,1025,1281,1,f4461199e2ab981c0a0db50972dcea8a1510a0f0aa69c54f828692becafe3d01,,
1.0,G04-260202-124700-081,G04-260202-124700-081.bmp,G04,2026-02-02T12:47:00,2026-02-02,G04_2026-02-02,81,train,normal,,1025,1281,1,251da5e8a49bbe0ba53af2614f3dcad61a8cd9463648cae8376ea13278a9966f,,
1.0,G04-260202-124706-082,G04-260202-124706-082.bmp,G04,2026-02-02T12:47:06,2026-02-02,G04_2026-02-02,82,train,normal,,1025,1281,1,15498c6cd54c0da3f35c27586491be979c48d338eb9b9748d2766da57a4cb948,,
1.0,G04-260202-124729-083,G04-260202-124729-083.bmp,G04,2026-02-02T12:47:29,2026-02-02,G04_2026-02-02,83,train,normal,,1025,1281,1,e0c9cb06aab7b23c5b68a3d6ecce0310f782ee4ccc7e4cdb1b2b772ad98c19d2,,
1.0,G04-260202-124736-084,G04-260202-124736-084.bmp,G04,2026-02-02T12:47:36,2026-02-02,G04_2026-02-02,84,train,normal,,1025,1281,1,73384cc98616e2e5c1e98d9e50a3845e578b52d6deeae80b74c1353d08c22b67,,
1.0,G04-260202-124801-085,G04-260202-124801-085.bmp,G04,2026-02-02T12:48:01,2026-02-02,G04_2026-02-02,85,train,normal,,1025,1281,1,c472c88c2b191c4d8ca2228d244d56cdda847284994c926b3548c9fbab0612fb,,
1.0,G04-260202-124807-086,G04-260202-124807-086.bmp,G04,2026-02-02T12:48:07,2026-02-02,G04_2026-02-02,86,train,normal,,1025,1281,1,96cf1cb8a75b297726b0fd0628f2c3b374ab6f16311a54bab922e815e2d19029,,
1.0,G04-260202-124830-087,G04-260202-124830-087.bmp,G04,2026-02-02T12:48:30,2026-02-02,G04_2026-02-02,87,train,normal,,1025,1281,1,c99096751b648f2291470d93882fb4729ca208c6580eb94bb0b7e89b1f581a07,,
1.0,G04-260202-124836-088,G04-260202-124836-088.bmp,G04,2026-02-02T12:48:36,2026-02-02,G04_2026-02-02,88,train,normal,,1025,1281,1,3964df175024a2f1a6285488959b952d802dbe230e913d243a9d5cd123a76461,,
1.0,G04-260202-124858-089,G04-260202-124858-089.bmp,G04,2026-02-02T12:48:58,2026-02-02,G04_2026-02-02,89,train,normal,,1025,1281,1,54aed6c716e735a245eca305e4a4c0596ddd93ad379b709e8b7f6db347931d69,,
1.0,G04-260202-124904-090,G04-260202-124904-090.bmp,G04,2026-02-02T12:49:04,2026-02-02,G04_2026-02-02,90,train,normal,,1025,1281,1,6fd9144953ee6b82ebab629b88a4137c83130600796be17845b276caae66e89c,,
1.0,G04-260202-124928-091,G04-260202-124928-091.bmp,G04,2026-02-02T12:49:28,2026-02-02,G04_2026-02-02,91,train,normal,,1025,1281,1,c839742aba65fab7fdff66bc958fae1e8004fddb9afc1847e4f2a16cc0ee6205,,
1.0,G04-260202-124935-092,G04-260202-124935-092.bmp,G04,2026-02-02T12:49:35,2026-02-02,G04_2026-02-02,92,train,normal,,1025,1281,1,99ec78ec3751a3a0e5ff83419aa42ae6726218a818a56da1dfe998ac2336fa06,,
1.0,G04-260202-124958-093,G04-260202-124958-093.bmp,G04,2026-02-02T12:49:58,2026-02-02,G04_2026-02-02,93,train,normal,,1025,1281,1,858b0706cf2612dea123e1317c3f4e6a8b805d1bdfc55aea2b3a3b0b8a5241a5,,
1.0,G04-260202-125004-094,G04-260202-125004-094.bmp,G04,2026-02-02T12:50:04,2026-02-02,G04_2026-02-02,94,train,normal,,1025,1281,1,f514da7bfa64c7b1ecdfb70fd1e63ea2769bb942c930f65fa0bf0a95499fb9d8,,
1.0,G04-260202-125022-095,G04-260202-125022-095.bmp,G04,2026-02-02T12:50:22,2026-02-02,G04_2026-02-02,95,train,normal,,1025,1281,1,92c56ae3ec6ffcece014490f10f2e71ea41ec8f5380ff55ce465d4a321efcf09,,
1.0,G04-260202-125040-096,G04-260202-125040-096.bmp,G04,2026-02-02T12:50:40,2026-02-02,G04_2026-02-02,96,train,normal,,1025,1281,1,8ff0ade7299d6be7020ee43e2b1a3b084758b4bd7da4383b165205893379449f,,
1.0,G04-260202-125055-097,G04-260202-125055-097.bmp,G04,2026-02-02T12:50:55,2026-02-02,G04_2026-02-02,97,train,normal,,1025,1281,1,7212f255574d6f2d7e9cbe39fcacfbbc40503445a63b167c3e53cd26510967c6,,
1.0,G04-260202-125132-098,G04-260202-125132-098.bmp,G04,2026-02-02T12:51:32,2026-02-02,G04_2026-02-02,98,train,normal,,1025,1281,1,3c82ed22e0614ccffc3c9e7dd8cc66cf6162b817eb052c7a6a9b26220d8882c9,,
1.0,G04-260202-125144-099,G04-260202-125144-099.bmp,G04,2026-02-02T12:51:44,2026-02-02,G04_2026-02-02,99,train,normal,,1025,1281,1,bcc9004a7192b5b6950842cbe644e20b96b79fbbba5c34598aa3ead4790a0ec0,,
1.0,G04-260202-125150-100,G04-260202-125150-100.bmp,G04,2026-02-02T12:51:50,2026-02-02,G04_2026-02-02,100,train,normal,,1025,1281,1,ae9ea480610a61d6fa25c353b43f4867c1c31a2de6e410e567f014137391eb14,,
1.0,G04-260202-125202-101,G04-260202-125202-101.bmp,G04,2026-02-02T12:52:02,2026-02-02,G04_2026-02-02,101,train,normal,,1025,1281,1,3863ee8d34ca2dbd2948d727dffc82cc71fe3ebdeae8d663650ae7980f14d233,,
1.0,G04-260202-125208-102,G04-260202-125208-102.bmp,G04,2026-02-02T12:52:08,2026-02-02,G04_2026-02-02,102,train,normal,,1025,1281,1,2340c86360cc26b5472d4306fe3761b91134044f3441a8e95787cda032a023d0,,
1.0,G04-260202-125229-103,G04-260202-125229-103.bmp,G04,2026-02-02T12:52:29,2026-02-02,G04_2026-02-02,103,train,normal,,1025,1281,1,9f5c4236e7fc4f627f808dc10bcc3adf216b40837bdddf37685d5bf9c224d894,,
1.0,G04-260202-125236-104,G04-260202-125236-104.bmp,G04,2026-02-02T12:52:36,2026-02-02,G04_2026-02-02,104,train,normal,,1025,1281,1,5559dbff5d0839448e632877bb4fd0b6c177564e1962a0a8a587da005e87e042,,
1.0,G04-260202-125302-105,G04-260202-125302-105.bmp,G04,2026-02-02T12:53:02,2026-02-02,G04_2026-02-02,105,train,normal,,1025,1281,1,f72276cd9a6fbca015bece717ce44e1f158205545c4c3dd6264b17040d49d3e9,,
1.0,G04-260202-125308-106,G04-260202-125308-106.bmp,G04,2026-02-02T12:53:08,2026-02-02,G04_2026-02-02,106,train,normal,,1025,1281,1,9bf1be1b59ab62941284a7b03ea031e3f2ae17d036b22c95eb33738256c2843e,,
1.0,G04-260202-125331-107,G04-260202-125331-107.bmp,G04,2026-02-02T12:53:31,2026-02-02,G04_2026-02-02,107,train,normal,,1025,1281,1,5d2a088590dfbb834c7e243f674fc1176f19115214632bc1bf1495e6f818845c,,
1.0,G04-260202-125337-108,G04-260202-125337-108.bmp,G04,2026-02-02T12:53:37,2026-02-02,G04_2026-02-02,108,train,normal,,1025,1281,1,b6355becce0772d8aedbbbff685609784e7c03e0737a0c514868506b716d56cb,,
1.0,G04-260202-125359-109,G04-260202-125359-109.bmp,G04,2026-02-02T12:53:59,2026-02-02,G04_2026-02-02,109,train,normal,,1025,1281,1,eec87c8adf26ecf003d724ad6d2da1a6063aa42055074161799a6c9caf4a9b78,,
1.0,G04-260202-125407-110,G04-260202-125407-110.bmp,G04,2026-02-02T12:54:07,2026-02-02,G04_2026-02-02,110,train,normal,,1025,1281,1,5858321d9965e4784dd0f652cfaa76652d7d0104870a88e890e31c56935f6697,,
1.0,G04-260202-125432-111,G04-260202-125432-111.bmp,G04,2026-02-02T12:54:32,2026-02-02,G04_2026-02-02,111,train,normal,,1025,1281,1,3e0aee16d6d35905fb17bf0559a6f3da640a6826b3bab32fe4f08d3147dd561d,,
1.0,G04-260202-125438-112,G04-260202-125438-112.bmp,G04,2026-02-02T12:54:38,2026-02-02,G04_2026-02-02,112,train,normal,,1025,1281,1,0d9bf5c9cffb948b822bbcd217837725510ccb6aaa60c4e69a4ec6f4456696ed,,
1.0,G04-260202-125459-113,G04-260202-125459-113.bmp,G04,2026-02-02T12:54:59,2026-02-02,G04_2026-02-02,113,train,normal,,1025,1281,1,49e09c24861286ef52821e6698c5aaeb0ff37cb3b035a51ee3bb9be4e3ac70d9,,
1.0,G04-260202-125505-114,G04-260202-125505-114.bmp,G04,2026-02-02T12:55:05,2026-02-02,G04_2026-02-02,114,train,normal,,1025,1281,1,ad65bdfac66b794f40acee161a76b86134b3f76a711733e31d3a09b318d9a006,,
1.0,G04-260202-125531-115,G04-260202-125531-115.bmp,G04,2026-02-02T12:55:31,2026-02-02,G04_2026-02-02,115,train,normal,,1025,1281,1,fdae4e9dfc412c793e360c8fc21e6070d3f9f0f9a99a9c7fb76735de9bd3ca2b,,
1.0,G04-260202-125537-116,G04-260202-125537-116.bmp,G04,2026-02-02T12:55:37,2026-02-02,G04_2026-02-02,116,train,normal,,1025,1281,1,5e18d16191db9383b6499df13f4fa6dd6b9e0eff373c239f0bc98f2badb17b44,,
1.0,G04-260202-125558-117,G04-260202-125558-117.bmp,G04,2026-02-02T12:55:58,2026-02-02,G04_2026-02-02,117,train,normal,,1025,1281,1,083f5f4a5c1933cf737f2f28cd4d39e5848d086d5ff5a2fc0ae60147d61be829,,
1.0,G04-260202-125605-118,G04-260202-125605-118.bmp,G04,2026-02-02T12:56:05,2026-02-02,G04_2026-02-02,118,train,normal,,1025,1281,1,0c049158dd8db8c8cc088ab63fcad88de9ad397ce401a7ccac629c11e2a43974,,
1.0,G04-260202-125629-119,G04-260202-125629-119.bmp,G04,2026-02-02T12:56:29,2026-02-02,G04_2026-02-02,119,train,normal,,1025,1281,1,7bd471e3e06bcc8f0c50821548263843c9ea8229f1fdcb240552f3e53aaf07c7,,
1.0,G04-260202-125635-120,G04-260202-125635-120.bmp,G04,2026-02-02T12:56:35,2026-02-02,G04_2026-02-02,120,train,normal,,1025,1281,1,126b4c54394f623a72b0e02640227d4e6f184d651fd9b94d35c10451b77d1553,,
1.0,G04-260202-125701-121,G04-260202-125701-121.bmp,G04,2026-02-02T12:57:01,2026-02-02,G04_2026-02-02,121,train,normal,,1025,1281,1,5664210b3fdd3863d584e10814a9b96244f4b28fbb979b28be00fa4f9fd9f642,,
1.0,G04-260202-125707-122,G04-260202-125707-122.bmp,G04,2026-02-02T12:57:07,2026-02-02,G04_2026-02-02,122,train,normal,,1025,1281,1,f2f76fa16bd29e917f92f7139b9a132d4918ff24c1c613a103c7496f7291f545,,
1.0,G04-260202-125729-123,G04-260202-125729-123.bmp,G04,2026-02-02T12:57:29,2026-02-02,G04_2026-02-02,123,train,normal,,1025,1281,1,5d6de7b40689d34bb17259d184c7d0da773e0256665c0a13577aecd085f9aebe,,
1.0,G04-260202-125736-124,G04-260202-125736-124.bmp,G04,2026-02-02T12:57:36,2026-02-02,G04_2026-02-02,124,train,normal,,1025,1281,1,6ff8fb67e74a21f9234681e9488d2beda17523f37740b1f90a6f793e4fe1d2f6,,
1.0,G04-260202-125800-125,G04-260202-125800-125.bmp,G04,2026-02-02T12:58:00,2026-02-02,G04_2026-02-02,125,train,normal,,1025,1281,1,6e6bee3b9a61cba875629961068dde1449d706fa250589a85ca36e386f8cdac1,,
1.0,G04-260202-125806-126,G04-260202-125806-126.bmp,G04,2026-02-02T12:58:06,2026-02-02,G04_2026-02-02,126,train,normal,,1025,1281,1,d7361724ffb21711156e464cb2d8a88de9e38215f7d651d361ca4910616625a3,,
1.0,G04-260202-125830-127,G04-260202-125830-127.bmp,G04,2026-02-02T12:58:30,2026-02-02,G04_2026-02-02,127,train,normal,,1025,1281,1,b33c26a361a54aa7d3a9f789bee768895ce2c76adc4aaa1f20339bbe3eb59f6d,,
1.0,G04-260202-125836-128,G04-260202-125836-128.bmp,G04,2026-02-02T12:58:36,2026-02-02,G04_2026-02-02,128,train,normal,,1025,1281,1,98042c6840a06f5ef5cf43dab59a83929d251cb10c64deb0703e26d7202d56e8,,
1.0,G04-260202-125901-129,G04-260202-125901-129.bmp,G04,2026-02-02T12:59:01,2026-02-02,G04_2026-02-02,129,train,normal,,1025,1281,1,9ccc6a8e46030a402734d95dcea18829b2fea6a6307f257e6649445d58b4f6a3,,
1.0,G04-260202-125907-130,G04-260202-125907-130.bmp,G04,2026-02-02T12:59:07,2026-02-02,G04_2026-02-02,130,train,normal,,1025,1281,1,cb194e4eb49c6ec065d5b675687695a9595b38389086a5ced007125b5455c7e0,,
1.0,G04-260202-125930-131,G04-260202-125930-131.bmp,G04,2026-02-02T12:59:30,2026-02-02,G04_2026-02-02,131,train,normal,,1025,1281,1,33a102387ca8db54907dd2ebf5c3ab99b036e12744e26b89d3b1295804ae41bd,,
1.0,G04-260202-125936-132,G04-260202-125936-132.bmp,G04,2026-02-02T12:59:36,2026-02-02,G04_2026-02-02,132,train,normal,,1025,1281,1,977b012d3cbcb832e50b39c045e1302527cd609f66c8f0ecf9619efe85935816,,
1.0,G04-260202-130001-133,G04-260202-130001-133.bmp,G04,2026-02-02T13:00:01,2026-02-02,G04_2026-02-02,133,train,normal,,1025,1281,1,2a3b8f05dadd104a32b3d00528f54318a94146d3b9c43c0f0aeda34e94656e85,,
1.0,G04-260202-130007-134,G04-260202-130007-134.bmp,G04,2026-02-02T13:00:07,2026-02-02,G04_2026-02-02,134,train,normal,,1025,1281,1,36e3e1601912636e65977e939c0d57a6dad27963799f650d566dbc359b818221,,
1.0,G04-260202-130024-135,G04-260202-130024-135.bmp,G04,2026-02-02T13:00:24,2026-02-02,G04_2026-02-02,135,train,normal,,1025,1281,1,24786fa7d3c1f0c70797bd388df68fdc5cdf47188938782316cc253886e4e00c,,
1.0,G04-260202-130102-136,G04-260202-130102-136.bmp,G04,2026-02-02T13:01:02,2026-02-02,G04_2026-02-02,136,train,normal,,1025,1281,1,7ca43a0744c3d2f459f9712bcbc2ccd6c7c0b0df31445d4ab7f6e0e66073d08c,,
1.0,G04-260202-130108-137,G04-260202-130108-137.bmp,G04,2026-02-02T13:01:08,2026-02-02,G04_2026-02-02,137,train,normal,,1025,1281,1,c93cb801604867edab55fdeeba54c53586e810ea6d41b1ee976d80eea8efc54b,,
1.0,G04-260202-130116-138,G04-260202-130116-138.bmp,G04,2026-02-02T13:01:16,2026-02-02,G04_2026-02-02,138,train,normal,,1025,1281,1,54eb60a01421ca7e10256af8b80d38fab468fbf0bcec47f143577852a6a3ffad,,
1.0,G04-260202-130425-139,G04-260202-130425-139.bmp,G04,2026-02-02T13:04:25,2026-02-02,G04_2026-02-02,139,train,normal,,1025,1281,1,79f464b2c2fa363fc4dc51e234239f44770bfe98bfdb6fb13a201c2cdc61941d,,
1.0,G04-260202-130433-140,G04-260202-130433-140.bmp,G04,2026-02-02T13:04:33,2026-02-02,G04_2026-02-02,140,train,normal,,1025,1281,1,b8c5fe0acd453966cf013775cb484a5109d81ab9bf26b58e3a2836aadc41879e,,
1.0,G04-260202-130442-141,G04-260202-130442-141.bmp,G04,2026-02-02T13:04:42,2026-02-02,G04_2026-02-02,141,train,normal,,1025,1281,1,7ad3653f5c83e0d0c986856af3c55d9b45f87de7bff9103ad37610b065fa4a43,,
1.0,G04-260202-130503-142,G04-260202-130503-142.bmp,G04,2026-02-02T13:05:03,2026-02-02,G04_2026-02-02,142,train,normal,,1025,1281,1,217f0fbe9ec567c6f6db1df041150c5398068d7d6423333264c74075047e33e0,,
1.0,G04-260202-130509-143,G04-260202-130509-143.bmp,G04,2026-02-02T13:05:09,2026-02-02,G04_2026-02-02,143,train,normal,,1025,1281,1,997dd8d8561c4a303359a4ec0a6def6dbd8d55f7f72d16fe0adf92da606fd7c3,,
1.0,G04-260202-130531-144,G04-260202-130531-144.bmp,G04,2026-02-02T13:05:31,2026-02-02,G04_2026-02-02,144,train,normal,,1025,1281,1,6ddaf7f2421e18cdec31fe84a4f5de123916436abb87b5a0c02a6bae62ec0985,,
1.0,G04-260202-130538-145,G04-260202-130538-145.bmp,G04,2026-02-02T13:05:38,2026-02-02,G04_2026-02-02,145,train,normal,,1025,1281,1,85adcb1a3c3ecfbdc68a4bf458b696d4ab29da5d76e1b801f7a75a39b7ae6dfc,,
1.0,G04-260202-130556-146,G04-260202-130556-146.bmp,G04,2026-02-02T13:05:56,2026-02-02,G04_2026-02-02,146,train,normal,,1025,1281,1,22abb3e9caf74cf4c212d576d7eea15c015d87ecf75920df205234008ae42e44,,
1.0,G04-260202-130636-147,G04-260202-130636-147.bmp,G04,2026-02-02T13:06:36,2026-02-02,G04_2026-02-02,147,train,normal,,1025,1281,1,5bbad9512374a1cb5b46117d35047ef4c5162e5ee64410ac62297933ffd3c71a,,
1.0,G04-260202-130642-148,G04-260202-130642-148.bmp,G04,2026-02-02T13:06:42,2026-02-02,G04_2026-02-02,148,train,normal,,1025,1281,1,764337414ae0ce33eef1aea0966371b9962f74bfbb12da602b40df8e6ce93045,,
1.0,G04-260202-130650-149,G04-260202-130650-149.bmp,G04,2026-02-02T13:06:50,2026-02-02,G04_2026-02-02,149,train,normal,,1025,1281,1,ab4b89ef5cb9562fcb8939b2ecbfc7ffbf6b14fa01c7c9ceba783d80a0edbe07,,
1.0,G04-260202-130712-150,G04-260202-130712-150.bmp,G04,2026-02-02T13:07:12,2026-02-02,G04_2026-02-02,150,train,normal,,1025,1281,1,40318e44385dc4c06ad0dfc9d658dd8547f5e18e0dba02bd3e0363c8aa33f67a,,
1.0,G04-260202-130721-151,G04-260202-130721-151.bmp,G04,2026-02-02T13:07:21,2026-02-02,G04_2026-02-02,151,train,normal,,1025,1281,1,8bf4026e9903cded3a568d0ae7ce555af007237918e96554bd11e915a381fb22,,
1.0,G04-260202-130731-152,G04-260202-130731-152.bmp,G04,2026-02-02T13:07:31,2026-02-02,G04_2026-02-02,152,train,normal,,1025,1281,1,51a1efa36082526a1dabcf0e55ac5e9c2d60ae21ac7ab63f6ef545b39f169b2d,,
1.0,G04-260202-130737-153,G04-260202-130737-153.bmp,G04,2026-02-02T13:07:37,2026-02-02,G04_2026-02-02,153,train,normal,,1025,1281,1,a0b87b72003cd0c3520585c43d3f1b2e7fa70115b575f7b90e36c7f6b943db93,,
1.0,G04-260202-130803-154,G04-260202-130803-154.bmp,G04,2026-02-02T13:08:03,2026-02-02,G04_2026-02-02,154,train,normal,,1025,1281,1,92272ce30ca3573f393cae6373c873c828f25ed70529afdaaf4b3dd530f20b1b,,
1.0,G04-260202-130809-155,G04-260202-130809-155.bmp,G04,2026-02-02T13:08:09,2026-02-02,G04_2026-02-02,155,train,normal,,1025,1281,1,08c2b0c238bc36d3c779db326d278745600b9abc85c892dce7d351187d1e8ee8,,
1.0,G04-260202-130821-156,G04-260202-130821-156.bmp,G04,2026-02-02T13:08:21,2026-02-02,G04_2026-02-02,156,train,normal,,1025,1281,1,d535d2070be0e318d2183346e7395521eb615b68d39b80e698f9c044f3bb0ab9,,
1.0,G04-260202-130827-157,G04-260202-130827-157.bmp,G04,2026-02-02T13:08:27,2026-02-02,G04_2026-02-02,157,train,normal,,1025,1281,1,91a295a5d8beed4918678f17607d2a4357cf50f09953eb71b8cc0849ca17a2f4,,
1.0,G04-260202-130833-158,G04-260202-130833-158.bmp,G04,2026-02-02T13:08:33,2026-02-02,G04_2026-02-02,158,train,normal,,1025,1281,1,70eebb1dfeb652ca39ca4030bf2269b1d5403cdc6620a7894e7fb19d06f4e06f,,
1.0,G04-260202-130929-159,G04-260202-130929-159.bmp,G04,2026-02-02T13:09:29,2026-02-02,G04_2026-02-02,159,train,normal,,1025,1281,1,fe587ac9a4b4b071facf4a6ac4e9ee9b1430af2e7aaead6140b22499f7b9e22d,,
1.0,G04-260202-130936-160,G04-260202-130936-160.bmp,G04,2026-02-02T13:09:36,2026-02-02,G04_2026-02-02,160,train,normal,,1025,1281,1,6a3ec5d10f7652178da002c75cf9b2c04e1e2d38d912ba1debbf5e77b1eecc8d,,
1.0,G04-260202-130942-161,G04-260202-130942-161.bmp,G04,2026-02-02T13:09:42,2026-02-02,G04_2026-02-02,161,train,normal,,1025,1281,1,b3b92ccc459571f36101bf90a68933265535c06a154a80fa26029af365e424a1,,
1.0,G04-260202-131008-162,G04-260202-131008-162.bmp,G04,2026-02-02T13:10:08,2026-02-02,G04_2026-02-02,162,train,normal,,1025,1281,1,1dcf6a052869e49e18f10f28ff75c2887e113ba22663f964669d6e7702b20703,,
1.0,G04-260202-131018-163,G04-260202-131018-163.bmp,G04,2026-02-02T13:10:18,2026-02-02,G04_2026-02-02,163,train,normal,,1025,1281,1,6493920ba4f6b488717bf4586c676727f84f59265603726642b2806f5124d0a5,,
1.0,G04-260202-131030-164,G04-260202-131030-164.bmp,G04,2026-02-02T13:10:30,2026-02-02,G04_2026-02-02,164,train,normal,,1025,1281,1,15e2eb854c63b365db62d0f1d2eecea1cb80bad3a7fa079fa49881be8d3f0c73,,
1.0,G04-260202-131036-165,G04-260202-131036-165.bmp,G04,2026-02-02T13:10:36,2026-02-02,G04_2026-02-02,165,train,normal,,1025,1281,1,3ffabef0be5665ccb29568004a6cb4f70f9c5da54947ad9ef3d6dcb478933c09,,
1.0,G04-260202-131043-166,G04-260202-131043-166.bmp,G04,2026-02-02T13:10:43,2026-02-02,G04_2026-02-02,166,train,normal,,1025,1281,1,a211cefe195599abf48d05f060d4ece26800b30ac8a96e8bedcf753bea0eb5d5,,
1.0,G04-260202-131115-167,G04-260202-131115-167.bmp,G04,2026-02-02T13:11:15,2026-02-02,G04_2026-02-02,167,train,normal,,1025,1281,1,b98053fcbd72bc9580690069ceafe822bdf33f345090a6282753acc91cf3ae5a,,
1.0,G04-260202-131122-168,G04-260202-131122-168.bmp,G04,2026-02-02T13:11:22,2026-02-02,G04_2026-02-02,168,train,normal,,1025,1281,1,a4c7b73de549dd20e391813787c650ea8b1e73c8ac3830995f983eee87e3635f,,
1.0,G04-260202-131128-169,G04-260202-131128-169.bmp,G04,2026-02-02T13:11:28,2026-02-02,G04_2026-02-02,169,train,normal,,1025,1281,1,a94378e7b11b5db6a3d9105fe01750675354a213b1a1452cab3b6be2067a788b,,
1.0,G04-260202-131157-170,G04-260202-131157-170.bmp,G04,2026-02-02T13:11:57,2026-02-02,G04_2026-02-02,170,train,normal,,1025,1281,1,12a44bd0e035f2c1301c1da72e5ceba9088f15cee19843fa619103d70972d17c,,
1.0,G04-260202-131208-171,G04-260202-131208-171.bmp,G04,2026-02-02T13:12:08,2026-02-02,G04_2026-02-02,171,train,normal,,1025,1281,1,6744520862e38d764c7be908447b8399c4aa90d9139f4e366f96c9a810c0a202,,
1.0,G04-260202-131219-172,G04-260202-131219-172.bmp,G04,2026-02-02T13:12:19,2026-02-02,G04_2026-02-02,172,train,normal,,1025,1281,1,4c5ea6d11eafef83970b49c83d95c65bc69c8c7be069032b531754b8d1d63c72,,
1.0,G04-260202-131225-173,G04-260202-131225-173.bmp,G04,2026-02-02T13:12:25,2026-02-02,G04_2026-02-02,173,train,normal,,1025,1281,1,03e4d42e5fd3f275ec9b01c74c1c4da6e4a60204a51b2a442ebafe9c7000766b,,
1.0,G04-260202-131231-174,G04-260202-131231-174.bmp,G04,2026-02-02T13:12:31,2026-02-02,G04_2026-02-02,174,train,normal,,1025,1281,1,7da8b644a95af0e530abb61f6e488bbf56ad9d9029a327a603e6f4c71167bd96,,
1.0,G04-260202-131304-175,G04-260202-131304-175.bmp,G04,2026-02-02T13:13:04,2026-02-02,G04_2026-02-02,175,train,normal,,1025,1281,1,4a405256d6b0a86abda3f2e70af89fdae430e197b697080a0cf15260972eae1c,,
1.0,G04-260202-131333-176,G04-260202-131333-176.bmp,G04,2026-02-02T13:13:33,2026-02-02,G04_2026-02-02,176,train,normal,,1025,1281,1,b7280e5cb13240d91b72a24e308af79e9dc68e8763e50531b06874f6b7994a6d,,
1.0,G04-260202-131339-177,G04-260202-131339-177.bmp,G04,2026-02-02T13:13:39,2026-02-02,G04_2026-02-02,177,train,normal,,1025,1281,1,4ce74afb893523a7573f3d3a8a6607baa9954a4ab49d0f60b99adea7c87d15ca,,
1.0,G04-260202-131402-178,G04-260202-131402-178.bmp,G04,2026-02-02T13:14:02,2026-02-02,G04_2026-02-02,178,train,normal,,1025,1281,1,ec9dff89e1857848a0b63c7f1608ef123c2fd28f128296fb3319117cb4fc1b8c,,
1.0,G04-260202-131408-179,G04-260202-131408-179.bmp,G04,2026-02-02T13:14:08,2026-02-02,G04_2026-02-02,179,train,normal,,1025,1281,1,49946d83c9ebc1a14dbab19e82bad4056e800f2e4be5c72bf4da03d615adc2af,,
1.0,G04-260202-131429-180,G04-260202-131429-180.bmp,G04,2026-02-02T13:14:29,2026-02-02,G04_2026-02-02,180,train,normal,,1025,1281,1,4bc33822467438ec881dabf17043530dba86e485bc0953cc6478e402364d47a1,,
1.0,G04-260202-131506-181,G04-260202-131506-181.bmp,G04,2026-02-02T13:15:06,2026-02-02,G04_2026-02-02,181,train,normal,,1025,1281,1,dabc1a2999aba0e56aa29cbe806625a07bc464b6b2182cc41dca7b3bceed07d8,,
1.0,G04-260202-131512-182,G04-260202-131512-182.bmp,G04,2026-02-02T13:15:12,2026-02-02,G04_2026-02-02,182,train,normal,,1025,1281,1,325b1262b9ca5a2a2048135fd05294c0f2b2061b256af3df0005ca1c1d3133e2,,
1.0,G04-260202-131520-183,G04-260202-131520-183.bmp,G04,2026-02-02T13:15:20,2026-02-02,G04_2026-02-02,183,train,normal,,1025,1281,1,43438f10cc8b72110fbef4f78188bfa092e3f31d4bfd36ed8cefd1569e1f6b8e,,
1.0,G04-260202-131533-184,G04-260202-131533-184.bmp,G04,2026-02-02T13:15:33,2026-02-02,G04_2026-02-02,184,train,normal,,1025,1281,1,376bb5f1d42e8fed0fd7cc5ef355fe969b04dbab1829b479833b6e7d3bbc0435,,
1.0,G04-260202-131539-185,G04-260202-131539-185.bmp,G04,2026-02-02T13:15:39,2026-02-02,G04_2026-02-02,185,train,normal,,1025,1281,1,655335190f334563a919d27cfe0417201b02defd52ae6fa3f5d430c5d7832b81,,
1.0,G04-260202-131608-186,G04-260202-131608-186.bmp,G04,2026-02-02T13:16:08,2026-02-02,G04_2026-02-02,186,train,normal,,1025,1281,1,31fcb87e882214cc82aa3950a6d1db3c45ab9e24b80f4db724f8a46064acb1c7,,
1.0,G04-260202-131620-187,G04-260202-131620-187.bmp,G04,2026-02-02T13:16:20,2026-02-02,G04_2026-02-02,187,train,normal,,1025,1281,1,673ffaf91ada7e35077bd4f2ee83c43820459d07360e6981a94389049fee1cbd,,
1.0,G04-260202-131629-188,G04-260202-131629-188.bmp,G04,2026-02-02T13:16:29,2026-02-02,G04_2026-02-02,188,train,normal,,1025,1281,1,220ab92e57461a25d0558a6ece5cef16b653ca2e48bf91284af7a640bb16dfce,,
1.0,G04-260202-131635-189,G04-260202-131635-189.bmp,G04,2026-02-02T13:16:35,2026-02-02,G04_2026-02-02,189,train,normal,,1025,1281,1,b883c45cb06963858eba7b19e66abdc1a054c1c891c6fff546627aabd3e3986c,,
1.0,G04-260202-131643-190,G04-260202-131643-190.bmp,G04,2026-02-02T13:16:43,2026-02-02,G04_2026-02-02,190,train,normal,,1025,1281,1,8b169951fd30a70a4007d37dedead06d5d0637e1b97faa7ef97791a99aa188fa,,
1.0,G04-260202-131700-191,G04-260202-131700-191.bmp,G04,2026-02-02T13:17:00,2026-02-02,G04_2026-02-02,191,train,normal,,1025,1281,1,4edb845998a188d7c1d699dc98fa307a6fbc373d5049812f0e2dbaafc65d0104,,
1.0,G04-260202-131713-192,G04-260202-131713-192.bmp,G04,2026-02-02T13:17:13,2026-02-02,G04_2026-02-02,192,train,normal,,1025,1281,1,5687311e92b08af408c74627b4f8982b8b6a659bc7533b540014ffca020c6297,,
1.0,G04-260202-131720-193,G04-260202-131720-193.bmp,G04,2026-02-02T13:17:20,2026-02-02,G04_2026-02-02,193,train,normal,,1025,1281,1,65986ed93a196669fad5f9624af4bd737492c4a52218bf95854c71400895f8d2,,
1.0,G04-260202-131726-194,G04-260202-131726-194.bmp,G04,2026-02-02T13:17:26,2026-02-02,G04_2026-02-02,194,train,normal,,1025,1281,1,4c3e65e44ca089776b4c690b9f4c0aabe1bcc31c1c75afc084fb86da76907d94,,
1.0,G04-260202-131756-195,G04-260202-131756-195.bmp,G04,2026-02-02T13:17:56,2026-02-02,G04_2026-02-02,195,train,normal,,1025,1281,1,43672c4ca591eb279aa64ce4eee71ffdbea9e57f353cff6a4cc9f5bf51a4473b,,
1.0,G04-260202-131828-196,G04-260202-131828-196.bmp,G04,2026-02-02T13:18:28,2026-02-02,G04_2026-02-02,196,train,normal,,1025,1281,1,3ba1521d2f2c429e587667b3ca2115721916456976394237ad386917b6155985,,
1.0,G04-260202-131835-197,G04-260202-131835-197.bmp,G04,2026-02-02T13:18:35,2026-02-02,G04_2026-02-02,197,train,normal,,1025,1281,1,bff0808bb7879f9802dcf16d55a9020ee941885fd200a0b5b0af9dbd41e65e15,,
1.0,G04-260202-131903-198,G04-260202-131903-198.bmp,G04,2026-02-02T13:19:03,2026-02-02,G04_2026-02-02,198,train,normal,,1025,1281,1,fb60e1aa792fa5a69820eaba7c06c5f9de7d436ae3305947c545b7e8bbdcb6c6,,
1.0,G04-260202-131909-199,G04-260202-131909-199.bmp,G04,2026-02-02T13:19:09,2026-02-02,G04_2026-02-02,199,train,normal,,1025,1281,1,d0960680e986eca7956c557219ed170302bb56748cabbcb162aaa4d3db3a7229,,
1.0,G04-260202-131938-200,G04-260202-131938-200.bmp,G04,2026-02-02T13:19:38,2026-02-02,G04_2026-02-02,200,train,normal,,1025,1281,1,df9f08156dc59cae8fc43ce877b43377f6b4ad67763e04fc6f302015b86267a2,,
1.0,G04-260202-131948-201,G04-260202-131948-201.bmp,G04,2026-02-02T13:19:48,2026-02-02,G04_2026-02-02,201,train,normal,,1025,1281,1,b1aa05a8162cd8ec40daa6ada2b0541a507b897b5147df71293328362d23d046,,
1.0,G04-260202-131955-202,G04-260202-131955-202.bmp,G04,2026-02-02T13:19:55,2026-02-02,G04_2026-02-02,202,train,normal,,1025,1281,1,921f6f003cea0c1dbb824458b231c4d8bec06313d9ade077d80d1cf1075dcaba,,
1.0,G04-260202-132001-203,G04-260202-132001-203.bmp,G04,2026-02-02T13:20:01,2026-02-02,G04_2026-02-02,203,train,normal,,1025,1281,1,ee78840c3c20ed9b98121e507aabaf6402f582630dd83ddac634daf07895fdf9,,
1.0,G04-260202-132034-204,G04-260202-132034-204.bmp,G04,2026-02-02T13:20:34,2026-02-02,G04_2026-02-02,204,train,normal,,1025,1281,1,bff9b8f6633eca3b0248193b44d6e7106b880fba3e9222a09af307d36b294e34,,
1.0,G04-260202-132041-205,G04-260202-132041-205.bmp,G04,2026-02-02T13:20:41,2026-02-02,G04_2026-02-02,205,train,normal,,1025,1281,1,8c24cdcdb915ae67f67b9a2f7914d180a70ec38fc9ae04404cf479b2b211460b,,
1.0,G04-260202-132103-206,G04-260202-132103-206.bmp,G04,2026-02-02T13:21:03,2026-02-02,G04_2026-02-02,206,train,normal,,1025,1281,1,e21adb50fb5ed47297ebba3f0c3f501182e3bcf44c8a804f0bfbd1617fbc8688,,
1.0,G04-260202-132109-207,G04-260202-132109-207.bmp,G04,2026-02-02T13:21:09,2026-02-02,G04_2026-02-02,207,train,normal,,1025,1281,1,a2996764420cd555f88fd1bdc134cd33acf58cf647c9b1ccd4fae9b4d9767329,,
1.0,G04-260202-132132-208,G04-260202-132132-208.bmp,G04,2026-02-02T13:21:32,2026-02-02,G04_2026-02-02,208,train,normal,,1025,1281,1,a9d80473b8463f51af28abe0de2ab5ab59c98cf8ec6dffbd96fbb9500c96ba50,,
1.0,G04-260202-132138-209,G04-260202-132138-209.bmp,G04,2026-02-02T13:21:38,2026-02-02,G04_2026-02-02,209,train,normal,,1025,1281,1,4897afe11ecdc1e009894c915c2b39c6a94ce799b3ddf1228b5e7ead8ecad8c2,,
1.0,G04-260202-132204-210,G04-260202-132204-210.bmp,G04,2026-02-02T13:22:04,2026-02-02,G04_2026-02-02,210,train,normal,,1025,1281,1,52796d13083bbb26450d88f8032e7b964b34f25baa24c3e2da0a7e9e8705dc73,,
1.0,G04-260202-132210-211,G04-260202-132210-211.bmp,G04,2026-02-02T13:22:10,2026-02-02,G04_2026-02-02,211,train,normal,,1025,1281,1,cfbd53e6d5489dd9994b222447198804cfff48a84a7cc1223d290d676f4ebddf,,
1.0,G04-260202-132232-212,G04-260202-132232-212.bmp,G04,2026-02-02T13:22:32,2026-02-02,G04_2026-02-02,212,train,normal,,1025,1281,1,528de3bff8e6db42f03f147453b3576c5a5807271110739377942b6df978116b,,
1.0,G04-260202-132238-213,G04-260202-132238-213.bmp,G04,2026-02-02T13:22:38,2026-02-02,G04_2026-02-02,213,train,normal,,1025,1281,1,4a1284ab11fca0c4820d43ac5b8605876e48213a8f1006fd83bd82b9cdf30d75,,
1.0,G04-260202-132302-214,G04-260202-132302-214.bmp,G04,2026-02-02T13:23:02,2026-02-02,G04_2026-02-02,214,train,normal,,1025,1281,1,dd7c7cb12bfe6ea8fc9961bb89b8103c651d0ea7e96868c93b587ab25ad883d4,,
1.0,G04-260202-132308-215,G04-260202-132308-215.bmp,G04,2026-02-02T13:23:08,2026-02-02,G04_2026-02-02,215,train,normal,,1025,1281,1,39b8b1b411f0bcb9605dabd6057a7b7de6a73343ac3e25275604941a33032c1c,,
1.0,G04-260202-132333-216,G04-260202-132333-216.bmp,G04,2026-02-02T13:23:33,2026-02-02,G04_2026-02-02,216,train,normal,,1025,1281,1,9d393ebdd63d62725af9374e63a28fd261688e029ad9d4afae21cd66f16f8259,,
1.0,G04-260202-132340-217,G04-260202-132340-217.bmp,G04,2026-02-02T13:23:40,2026-02-02,G04_2026-02-02,217,train,normal,,1025,1281,1,c81d1790d5cdf633a7ac75c53c8e02ca0aca9a03db122ce0df193289e63e81ea,,
1.0,G04-260202-132405-218,G04-260202-132405-218.bmp,G04,2026-02-02T13:24:05,2026-02-02,G04_2026-02-02,218,train,normal,,1025,1281,1,0dfc9341461a3e0af335bce979274baf49cab35cd3038d56014a235e3e8a39ab,,
1.0,G04-260202-132411-219,G04-260202-132411-219.bmp,G04,2026-02-02T13:24:11,2026-02-02,G04_2026-02-02,219,train,normal,,1025,1281,1,7c7cfd0c806afd3b60d49655318060bde0b99233ef25100adaf85021117d3ce6,,
1.0,G04-260202-132434-220,G04-260202-132434-220.bmp,G04,2026-02-02T13:24:34,2026-02-02,G04_2026-02-02,220,train,normal,,1025,1281,1,41778cf7d453d853828aa20dede80606e9171bd16c531545fb0af631b302ab33,,
1.0,G04-260202-132440-221,G04-260202-132440-221.bmp,G04,2026-02-02T13:24:40,2026-02-02,G04_2026-02-02,221,train,normal,,1025,1281,1,553ece779ff106d0d2c7811cc7225112608e4e48cf796efbcb3463bc3600c75d,,
1.0,G04-260202-132456-222,G04-260202-132456-222.bmp,G04,2026-02-02T13:24:56,2026-02-02,G04_2026-02-02,222,train,normal,,1025,1281,1,1b093eca1bbc64653173bb2702b8c9b7b3898bc27d34dbfbd80b445878cdf073,,
1.0,G04-260202-132520-223,G04-260202-132520-223.bmp,G04,2026-02-02T13:25:20,2026-02-02,G04_2026-02-02,223,train,normal,,1025,1281,1,45cb0168713ba938c50c6e031f49ecc97b37cfda02532a032ad12e95ee22580d,,
1.0,G04-260202-132535-224,G04-260202-132535-224.bmp,G04,2026-02-02T13:25:35,2026-02-02,G04_2026-02-02,224,train,normal,,1025,1281,1,094d7a1997de64fba5fd38fb5aa9b23164ddbcc1b013d7d47fa2f3ab557e677e,,
1.0,G04-260202-132542-225,G04-260202-132542-225.bmp,G04,2026-02-02T13:25:42,2026-02-02,G04_2026-02-02,225,train,normal,,1025,1281,1,11da5802183e94ed21e7692b04dc3b561bae6365ee700c60defff705e02dd043,,
1.0,G04-260202-132605-226,G04-260202-132605-226.bmp,G04,2026-02-02T13:26:05,2026-02-02,G04_2026-02-02,226,train,normal,,1025,1281,1,af1ab21f8355e5727336f93041413becced5ac8c95eebf6a645dd4d030b2a368,,
1.0,G04-260202-132611-227,G04-260202-132611-227.bmp,G04,2026-02-02T13:26:11,2026-02-02,G04_2026-02-02,227,train,normal,,1025,1281,1,d9a0ff0065fdb5e237ca393125b28d27e3c91f15a5ecc97d08a3b0b1d86a1d78,,
1.0,G04-260202-132636-228,G04-260202-132636-228.bmp,G04,2026-02-02T13:26:36,2026-02-02,G04_2026-02-02,228,train,normal,,1025,1281,1,4dc4e1edc1aaf09ccc58eee36f29b2dabbe94694ce8a78302cff40884ced4732,,
1.0,G04-260202-132642-229,G04-260202-132642-229.bmp,G04,2026-02-02T13:26:42,2026-02-02,G04_2026-02-02,229,train,normal,,1025,1281,1,50329656ccc4503cd71d27eb7adca395fd3c146eb2ca129eb532678a031e8207,,
1.0,G04-260202-132705-230,G04-260202-132705-230.bmp,G04,2026-02-02T13:27:05,2026-02-02,G04_2026-02-02,230,train,normal,,1025,1281,1,72fd70acdc9847dc434b65d04e939b2a1359c7247099884d34c1b4ad339b560b,,
1.0,G04-260202-132712-231,G04-260202-132712-231.bmp,G04,2026-02-02T13:27:12,2026-02-02,G04_2026-02-02,231,train,normal,,1025,1281,1,9f36cb09b3be0a1d7afd4cd90a1674de600c85cbb325ca7199c6024585617c54,,
1.0,G04-260202-132736-232,G04-260202-132736-232.bmp,G04,2026-02-02T13:27:36,2026-02-02,G04_2026-02-02,232,train,normal,,1025,1281,1,1e14526be8ff3679eafaa11fb8f80abbbd3d3223296bc509b102c69a1e39eac2,,
1.0,G04-260202-132742-233,G04-260202-132742-233.bmp,G04,2026-02-02T13:27:42,2026-02-02,G04_2026-02-02,233,train,normal,,1025,1281,1,11f5cca2db291d7167ade7e41781d8ae85c1be1857f4d77afbff73aabc8a48ee,,
1.0,G04-260202-132805-234,G04-260202-132805-234.bmp,G04,2026-02-02T13:28:05,2026-02-02,G04_2026-02-02,234,train,normal,,1025,1281,1,2d37f5a3c77faa1c93a586980f1c5e9b84cd28a7737fd495c037517d8748b07a,,
1.0,G04-260202-132811-235,G04-260202-132811-235.bmp,G04,2026-02-02T13:28:11,2026-02-02,G04_2026-02-02,235,train,normal,,1025,1281,1,1a1f76907b3005d1f112395f282f9ba184f4a92b625517354bf73fcc640ce123,,
1.0,G04-260202-132835-236,G04-260202-132835-236.bmp,G04,2026-02-02T13:28:35,2026-02-02,G04_2026-02-02,236,train,normal,,1025,1281,1,b172bb697b55eca13ca7270eb973ac05c3a07ebd741046e008c5125069cd1e93,,
1.0,G04-260202-132841-237,G04-260202-132841-237.bmp,G04,2026-02-02T13:28:41,2026-02-02,G04_2026-02-02,237,train,normal,,1025,1281,1,40c2227c921e68e53821f33717ce33f0d4cc4c5eb3fe725e13b489a7d57e8f8d,,
1.0,G04-260202-132905-238,G04-260202-132905-238.bmp,G04,2026-02-02T13:29:05,2026-02-02,G04_2026-02-02,238,train,normal,,1025,1281,1,ab17f14bd03091e65570d735285c3a6cef4ebfa1b4b2f686e0494257016cc792,,
1.0,G04-260202-132911-239,G04-260202-132911-239.bmp,G04,2026-02-02T13:29:11,2026-02-02,G04_2026-02-02,239,train,normal,,1025,1281,1,49f6ca964f0f97b284fe6848e688af1767416f7a2983c5d456e1f07967d05c13,,
1.0,G04-260202-132932-240,G04-260202-132932-240.bmp,G04,2026-02-02T13:29:32,2026-02-02,G04_2026-02-02,240,train,normal,,1025,1281,1,ec133e188557a9161eddfcfdc097e133252a7f72467bb3a44a9e9c6c8348c9f8,,
1.0,G04-260202-132939-241,G04-260202-132939-241.bmp,G04,2026-02-02T13:29:39,2026-02-02,G04_2026-02-02,241,train,normal,,1025,1281,1,53b29c2ee3ef6b5406a7eebbab36a13b2b53d375cd093b9cb9663c34a8a80486,,
1.0,G04-260202-133003-242,G04-260202-133003-242.bmp,G04,2026-02-02T13:30:03,2026-02-02,G04_2026-02-02,242,train,normal,,1025,1281,1,0245f7c958771f605ee20fae813fd8e2c40bcb9e836f6485e5c980850cefc33d,,
1.0,G04-260202-133009-243,G04-260202-133009-243.bmp,G04,2026-02-02T13:30:09,2026-02-02,G04_2026-02-02,243,train,normal,,1025,1281,1,39baaacb0b57074e7bd05c06520dbd2503811ba8bbbb0782fba05b63f7f42e45,,
1.0,G04-260202-133031-244,G04-260202-133031-244.bmp,G04,2026-02-02T13:30:31,2026-02-02,G04_2026-02-02,244,train,normal,,1025,1281,1,105951305b37081da74f9615d9f271fe4e630b6d9bae03acf02fe122a16d22ff,,
1.0,G04-260202-133043-245,G04-260202-133043-245.bmp,G04,2026-02-02T13:30:43,2026-02-02,G04_2026-02-02,245,train,normal,,1025,1281,1,795631717710c223472641d410aa4ad5c0f633169d8ec067563132a635a6b463,,
1.0,G04-260202-133106-246,G04-260202-133106-246.bmp,G04,2026-02-02T13:31:06,2026-02-02,G04_2026-02-02,246,train,normal,,1025,1281,1,1b35f14965623970bb8efa4f81451a3e264bb8a5afb84f7290b4431c6fabd472,,
1.0,G04-260202-133112-247,G04-260202-133112-247.bmp,G04,2026-02-02T13:31:12,2026-02-02,G04_2026-02-02,247,train,normal,,1025,1281,1,a57254daebbad07a1b1c04e3115da81db90312deb20d0a4191703039e82c9276,,
1.0,G04-260202-133135-248,G04-260202-133135-248.bmp,G04,2026-02-02T13:31:35,2026-02-02,G04_2026-02-02,248,train,normal,,1025,1281,1,2c81d19a1efc3c32cef9a07b45ee7e733b2fc851863d47260dec7b58cc34cfec,,
1.0,G04-260202-133141-249,G04-260202-133141-249.bmp,G04,2026-02-02T13:31:41,2026-02-02,G04_2026-02-02,249,train,normal,,1025,1281,1,d14a8554257d455a5b9f9ed279ce910f0c45d31d2f7070996688797000e69f74,,
1.0,G04-260202-133205-250,G04-260202-133205-250.bmp,G04,2026-02-02T13:32:05,2026-02-02,G04_2026-02-02,250,train,normal,,1025,1281,1,14b88240141f240c1f4bf56ce48d540e1253794f797cac3fc2ad5a8e542ec3af,,
1.0,G04-260202-133211-251,G04-260202-133211-251.bmp,G04,2026-02-02T13:32:11,2026-02-02,G04_2026-02-02,251,train,normal,,1025,1281,1,a1beb4360199df49b7f05f76928a8de97b6011645de12ef3c0137a868e58c6d9,,
1.0,G04-260202-133235-252,G04-260202-133235-252.bmp,G04,2026-02-02T13:32:35,2026-02-02,G04_2026-02-02,252,train,normal,,1025,1281,1,a1bbbb89d3a799ba7743c2d540afe85207b5ebe9e7d6e6ef00730a832c4c20ce,,
1.0,G04-260202-133241-253,G04-260202-133241-253.bmp,G04,2026-02-02T13:32:41,2026-02-02,G04_2026-02-02,253,train,normal,,1025,1281,1,0c809ac68e11361a5b4d6ed5366b31dd88678f4a77d1b54f93e4e94bda89a493,,
1.0,G04-260202-133306-254,G04-260202-133306-254.bmp,G04,2026-02-02T13:33:06,2026-02-02,G04_2026-02-02,254,train,normal,,1025,1281,1,e4bf96cc4d612038729679b738c5c4a166a70181f76130a7a24d1e6f549ec1f3,,
1.0,G04-260202-133312-255,G04-260202-133312-255.bmp,G04,2026-02-02T13:33:12,2026-02-02,G04_2026-02-02,255,train,normal,,1025,1281,1,7903c5206dc241384e983e05c02a0c0fbb71011fae0605edf38e010649608467,,
1.0,G04-260202-133330-256,G04-260202-133330-256.bmp,G04,2026-02-02T13:33:30,2026-02-02,G04_2026-02-02,256,train,normal,,1025,1281,1,99c6058aba6c13438202bd91c05431cc623c327e601c80eca2125cf07d6bd00b,,
1.0,G04-260202-133357-257,G04-260202-133357-257.bmp,G04,2026-02-02T13:33:57,2026-02-02,G04_2026-02-02,257,train,normal,,1025,1281,1,813057ca37bf551c7ae028b8439b835987ad461ba26dfe2d1f1fdf5064e8e136,,
1.0,G04-260202-133426-258,G04-260202-133426-258.bmp,G04,2026-02-02T13:34:26,2026-02-02,G04_2026-02-02,258,train,normal,,1025,1281,1,fc1af0c079f34c3c623e6b1c6139c50b301f592f415e84f36318aa73e2f20658,,
1.0,G04-260202-133436-259,G04-260202-133436-259.bmp,G04,2026-02-02T13:34:36,2026-02-02,G04_2026-02-02,259,train,normal,,1025,1281,1,98bf34f25369f3dee10a5a595767d605840cb72b3cf90fe3eda33013d83b638d,,
1.0,G04-260202-133444-260,G04-260202-133444-260.bmp,G04,2026-02-02T13:34:44,2026-02-02,G04_2026-02-02,260,train,normal,,1025,1281,1,1a077fa2d2af44dfd8ef196c48a444278655d8a041a4281e8da56e37547ce913,,
1.0,G04-260202-133506-261,G04-260202-133506-261.bmp,G04,2026-02-02T13:35:06,2026-02-02,G04_2026-02-02,261,train,normal,,1025,1281,1,e849095f1c4d7c1b05f28d1e2f954985f9cc3f926a16abc1f403fbc52f34e5d5,,
1.0,G04-260202-133512-262,G04-260202-133512-262.bmp,G04,2026-02-02T13:35:12,2026-02-02,G04_2026-02-02,262,train,normal,,1025,1281,1,82fa919a78840aa34697a926ef395cde6ee46647d9d7985ce4235b08b54a7efc,,
1.0,G04-260202-133536-263,G04-260202-133536-263.bmp,G04,2026-02-02T13:35:36,2026-02-02,G04_2026-02-02,263,train,normal,,1025,1281,1,01f1c07db4fa2c644ad3a3883a6020681febd17c4d830b7b7ccd77af5b39aebb,,
1.0,G04-260202-133543-264,G04-260202-133543-264.bmp,G04,2026-02-02T13:35:43,2026-02-02,G04_2026-02-02,264,train,normal,,1025,1281,1,b7d191f59699632ebb009057524e9ba27a6916c9f1086a23314eb417fd86dcbb,,
1.0,G04-260202-133605-265,G04-260202-133605-265.bmp,G04,2026-02-02T13:36:05,2026-02-02,G04_2026-02-02,265,train,normal,,1025,1281,1,75039746c1cffb3070c23cca9ec926462aebad33fb339f947f6cdb18d4078c8c,,
1.0,G04-260202-133611-266,G04-260202-133611-266.bmp,G04,2026-02-02T13:36:11,2026-02-02,G04_2026-02-02,266,train,normal,,1025,1281,1,f3499b933ea3cd94944ff3fe452109b5b22d6a3fce511fdfd83948b3b0f9fd21,,
1.0,G04-260202-133636-267,G04-260202-133636-267.bmp,G04,2026-02-02T13:36:36,2026-02-02,G04_2026-02-02,267,train,normal,,1025,1281,1,b4e7f332e3014754b1629983808544fa65c41134a1263d2adaf41b77a41f5668,,
1.0,G04-260202-133644-268,G04-260202-133644-268.bmp,G04,2026-02-02T13:36:44,2026-02-02,G04_2026-02-02,268,train,normal,,1025,1281,1,00bb1a257c8d0d5fa60b2f73b47e9cd9de3614b63451686dc3c71cc96b29c62a,,
1.0,G04-260202-133701-269,G04-260202-133701-269.bmp,G04,2026-02-02T13:37:01,2026-02-02,G04_2026-02-02,269,train,normal,,1025,1281,1,3a29067272c38d91ebfda5c4085506787eccc686cfd7846ec759ff559ac69966,,
1.0,G04-260202-133738-270,G04-260202-133738-270.bmp,G04,2026-02-02T13:37:38,2026-02-02,G04_2026-02-02,270,train,normal,,1025,1281,1,ea21f648b612fce8a6669737cbb34c9b3ad04a6aee15f213ed41911bc9a97ac6,,
1.0,G04-260202-133748-271,G04-260202-133748-271.bmp,G04,2026-02-02T13:37:48,2026-02-02,G04_2026-02-02,271,train,normal,,1025,1281,1,4df8c97b92f0319207a07056217ffcf3301983a66423923cc1fd414640058a10,,
1.0,G04-260202-133756-272,G04-260202-133756-272.bmp,G04,2026-02-02T13:37:56,2026-02-02,G04_2026-02-02,272,train,normal,,1025,1281,1,d6389301302a0c8288a86edcdb327f76a10bca4e1def06cb78a3a89e87a1ca7e,,
1.0,G04-260202-133808-273,G04-260202-133808-273.bmp,G04,2026-02-02T13:38:08,2026-02-02,G04_2026-02-02,273,train,normal,,1025,1281,1,107711aed07a2ef915cd688178e5856c605a1239a0e575f1a6253b7f719287a1,,
1.0,G04-260202-133815-274,G04-260202-133815-274.bmp,G04,2026-02-02T13:38:15,2026-02-02,G04_2026-02-02,274,train,normal,,1025,1281,1,f3396a060dd6ad33c95c224393bdf02db0d30a5f73613049fb060a97e3d93e5c,,
1.0,G04-260202-133834-275,G04-260202-133834-275.bmp,G04,2026-02-02T13:38:34,2026-02-02,G04_2026-02-02,275,train,normal,,1025,1281,1,e198a48bbbeaa4107965430771abf8d15e68c784d1a9313db101246823764a4f,,
1.0,G04-260202-133841-276,G04-260202-133841-276.bmp,G04,2026-02-02T13:38:41,2026-02-02,G04_2026-02-02,276,train,normal,,1025,1281,1,bee5ccbe8ba47f72a089e9eb2705e5f78956fd8ed0a6c9d6aeb37c98c85ec057,,
1.0,G04-260202-133905-277,G04-260202-133905-277.bmp,G04,2026-02-02T13:39:05,2026-02-02,G04_2026-02-02,277,train,normal,,1025,1281,1,5a53b9b9996e43c4db0f42bd4bca0f408e07bbadc291494bba36d5da9a1d0be8,,
1.0,G04-260202-133911-278,G04-260202-133911-278.bmp,G04,2026-02-02T13:39:11,2026-02-02,G04_2026-02-02,278,train,normal,,1025,1281,1,abcab953375217e7ce52f96b6ebc918a12e5592984b8a4eb439d80fd2a98cab6,,
1.0,G04-260202-133935-279,G04-260202-133935-279.bmp,G04,2026-02-02T13:39:35,2026-02-02,G04_2026-02-02,279,train,normal,,1025,1281,1,0affd28a9d93e9c67c127f644d6df9f709fba387117aa621655e12f48327f499,,
1.0,G04-260202-133941-280,G04-260202-133941-280.bmp,G04,2026-02-02T13:39:41,2026-02-02,G04_2026-02-02,280,train,normal,,1025,1281,1,4fd70cf32ea19c47b763f01ad493e73d7d03010cf0788377909c18f53bb09703,,
1.0,G04-260202-134005-281,G04-260202-134005-281.bmp,G04,2026-02-02T13:40:05,2026-02-02,G04_2026-02-02,281,train,normal,,1025,1281,1,6c7f2ecd0602f07d30880358fa092c353af548d0d4a21855b107a9a4a338f19c,,
1.0,G04-260202-134011-282,G04-260202-134011-282.bmp,G04,2026-02-02T13:40:11,2026-02-02,G04_2026-02-02,282,train,normal,,1025,1281,1,6fc220362e4e875e125e7b295efd96607552d47742198f65a7900da215a9c9e8,,
1.0,G04-260202-134029-283,G04-260202-134029-283.bmp,G04,2026-02-02T13:40:29,2026-02-02,G04_2026-02-02,283,train,normal,,1025,1281,1,1bd86879267a4084e853d59a6277806bb3e7972f2764e537c9ef8d297742dba5,,
1.0,G04-260202-134107-284,G04-260202-134107-284.bmp,G04,2026-02-02T13:41:07,2026-02-02,G04_2026-02-02,284,train,normal,,1025,1281,1,38ee16efe1b48544ea9d99313ce7b0f1857842955afe1140cc6f481f5c1aaa84,,
1.0,G04-260202-134113-285,G04-260202-134113-285.bmp,G04,2026-02-02T13:41:13,2026-02-02,G04_2026-02-02,285,train,normal,,1025,1281,1,456b386002efe149a8e41cc5bda7125275370efa7f3a9678d742ae4e803517e0,,
1.0,G04-260202-134122-286,G04-260202-134122-286.bmp,G04,2026-02-02T13:41:22,2026-02-02,G04_2026-02-02,286,train,normal,,1025,1281,1,950a6bffb08ecdbed9c30babdce2bac52636168fa20f8871ff4fd4724c942aa0,,
1.0,G04-260202-134139-287,G04-260202-134139-287.bmp,G04,2026-02-02T13:41:39,2026-02-02,G04_2026-02-02,287,train,normal,,1025,1281,1,15584dd59c3be06ef935394950a25b2f5ba655293883bc2ddca8cc87e964a0e5,,
1.0,G04-260202-134145-288,G04-260202-134145-288.bmp,G04,2026-02-02T13:41:45,2026-02-02,G04_2026-02-02,288,train,normal,,1025,1281,1,95544e37d7c794af8153cf28adfa4d596a10d1b9da9dfd212e9167cf590b46a5,,
1.0,G04-260202-134206-289,G04-260202-134206-289.bmp,G04,2026-02-02T13:42:06,2026-02-02,G04_2026-02-02,289,train,normal,,1025,1281,1,1e8cb965c24e986dcb010599efd0ec73cb6373888f571a1442b652f7b8abe096,,
1.0,G04-260202-134213-290,G04-260202-134213-290.bmp,G04,2026-02-02T13:42:13,2026-02-02,G04_2026-02-02,290,train,normal,,1025,1281,1,c8c1aecd19ccc4feb804aeadc57d9aed7857fc9dde09a3eec495d0b0e6abccde,,
1.0,G04-260202-134237-291,G04-260202-134237-291.bmp,G04,2026-02-02T13:42:37,2026-02-02,G04_2026-02-02,291,train,normal,,1025,1281,1,cc662417c95ed7750521ffbebda3cda58c3c8e3f2561f2160b54b9443a9bf672,,
1.0,G04-260202-134243-292,G04-260202-134243-292.bmp,G04,2026-02-02T13:42:43,2026-02-02,G04_2026-02-02,292,train,normal,,1025,1281,1,59a236f13160be42a8e690703d55dcbc5eba199a571004b5e9e98a2b42b546a0,,
1.0,G04-260202-134304-293,G04-260202-134304-293.bmp,G04,2026-02-02T13:43:04,2026-02-02,G04_2026-02-02,293,train,normal,,1025,1281,1,9ac6f80bcb4e5efa910b999830d232c8ca5469106dc4815ffb60816709fe4de2,,
1.0,G04-260202-134311-294,G04-260202-134311-294.bmp,G04,2026-02-02T13:43:11,2026-02-02,G04_2026-02-02,294,train,normal,,1025,1281,1,adea0ff8b04895cd20d8515ea2383a7362c5eb06c3c62cf2fefd12c3a81f7618,,
1.0,G04-260202-134422-295,G04-260202-134422-295.bmp,G04,2026-02-02T13:44:22,2026-02-02,G04_2026-02-02,295,train,normal,,1025,1281,1,1d0eaaf4b654e5bde1e99f40ff0bdfcfd716bd799561ab592369db1ca18fd511,,
1.0,G04-260202-134752-296,G04-260202-134752-296.bmp,G04,2026-02-02T13:47:52,2026-02-02,G04_2026-02-02,296,train,normal,,1025,1281,1,1e4a68c71531c6a0dca95bf0ce5856bbd9e2d83936cb6c31ba101493da64dd6f,,
1.0,G04-260202-134807-297,G04-260202-134807-297.bmp,G04,2026-02-02T13:48:07,2026-02-02,G04_2026-02-02,297,train,normal,,1025,1281,1,1e52e09432357e8a68a5e20a6a7917566bcd2b2867c4f7ea96a936099fdd2253,,
1.0,G04-260202-134816-298,G04-260202-134816-298.bmp,G04,2026-02-02T13:48:16,2026-02-02,G04_2026-02-02,298,train,normal,,1025,1281,1,07deb912b4b4d03e22946630d80b0f6e0df63ff4a72f8497f28fe28778dd25f8,,
1.0,G04-260202-134823-299,G04-260202-134823-299.bmp,G04,2026-02-02T13:48:23,2026-02-02,G04_2026-02-02,299,train,normal,,1025,1281,1,09e24f83e8fcfb1bd22a38a74413bce93858552b2f5bc92ce4bcd1f8aff59dfa,,
1.0,G04-260202-134829-300,G04-260202-134829-300.bmp,G04,2026-02-02T13:48:29,2026-02-02,G04_2026-02-02,300,train,normal,,1025,1281,1,9fb17aeef5b2f88c678a33427cbb7672c33e588eeca386de10650fcdc186458c,,
1.0,G04-260202-134837-301,G04-260202-134837-301.bmp,G04,2026-02-02T13:48:37,2026-02-02,G04_2026-02-02,301,train,normal,,1025,1281,1,a12a66da939001b5652be22d11187452c6629e5a31623ea5a6d2cc1affe6ab14,,
1.0,G04-260202-134853-302,G04-260202-134853-302.bmp,G04,2026-02-02T13:48:53,2026-02-02,G04_2026-02-02,302,train,normal,,1025,1281,1,cad47ebbb1c05d3162b037cd25a69e01a500aef5056255e92dcb0138d28adbba,,
1.0,G04-260202-134900-303,G04-260202-134900-303.bmp,G04,2026-02-02T13:49:00,2026-02-02,G04_2026-02-02,303,train,normal,,1025,1281,1,d66d063aba163fe0632aaf9524f138504afb910215af8b175553e74a2efdf3dd,,
1.0,G04-260202-134906-304,G04-260202-134906-304.bmp,G04,2026-02-02T13:49:06,2026-02-02,G04_2026-02-02,304,train,normal,,1025,1281,1,12fb38743f1084a64c1319d63c8d72eef89375e5358276d7acca85247c1e13c5,,
1.0,G04-260202-134916-305,G04-260202-134916-305.bmp,G04,2026-02-02T13:49:16,2026-02-02,G04_2026-02-02,305,train,normal,,1025,1281,1,c985aad4605af5677f93e31ab7e5e69251cb8dc5ba1a6550293578eb4e6518d1,,
1.0,G04-260202-134924-306,G04-260202-134924-306.bmp,G04,2026-02-02T13:49:24,2026-02-02,G04_2026-02-02,306,train,normal,,1025,1281,1,1cff86695062b2eaf61f32c199f272303fde2c30de423217f92f1b1e449dc931,,
1.0,G04-260202-134940-307,G04-260202-134940-307.bmp,G04,2026-02-02T13:49:40,2026-02-02,G04_2026-02-02,307,train,normal,,1025,1281,1,686257cd18e2cb496ccc03db9bd42433d52c93fae40c1e03d235b337d33f6371,,
1.0,G04-260202-134947-308,G04-260202-134947-308.bmp,G04,2026-02-02T13:49:47,2026-02-02,G04_2026-02-02,308,train,normal,,1025,1281,1,ea0afac3e1b37947a1480c82c33180fab2470077c9e99c98d525eaf9b1d6aa53,,
1.0,G04-260202-134959-309,G04-260202-134959-309.bmp,G04,2026-02-02T13:49:59,2026-02-02,G04_2026-02-02,309,train,normal,,1025,1281,1,d1d4202fdb9c65ddc1665fb77517baf6b0b6439802d3952a01b302a3b7eea09f,,
1.0,G04-260202-135008-310,G04-260202-135008-310.bmp,G04,2026-02-02T13:50:08,2026-02-02,G04_2026-02-02,310,train,normal,,1025,1281,1,4eff8c790641a9530da247b83d8406178dab6e32157c89c19b14dc22d3772df4,,
1.0,G04-260202-135017-311,G04-260202-135017-311.bmp,G04,2026-02-02T13:50:17,2026-02-02,G04_2026-02-02,311,train,normal,,1025,1281,1,26e4423c81a95f18e07fec9b58667c7402245907c0f76bec29362f4e0ef81561,,
1.0,G04-260202-135023-312,G04-260202-135023-312.bmp,G04,2026-02-02T13:50:23,2026-02-02,G04_2026-02-02,312,train,normal,,1025,1281,1,6df71598ef0d08bc3e574fc1ecea3305c476fcd7cacd94fc8b37f961d701f57a,,
1.0,G04-260202-135055-313,G04-260202-135055-313.bmp,G04,2026-02-02T13:50:55,2026-02-02,G04_2026-02-02,313,train,normal,,1025,1281,1,79c47b919bc4e6c14c88eb9940418d4f0d57956371411f39870d96a2de4f52af,,
1.0,G04-260202-135101-314,G04-260202-135101-314.bmp,G04,2026-02-02T13:51:01,2026-02-02,G04_2026-02-02,314,train,normal,,1025,1281,1,c1207be4cf06adba5617064b9e4130d7a58d91192e2865067fdba001c9000da4,,
1.0,G04-260202-135115-315,G04-260202-135115-315.bmp,G04,2026-02-02T13:51:15,2026-02-02,G04_2026-02-02,315,train,normal,,1025,1281,1,1afaf88d6a21c2427f665fd5b1340b405ca5e9e92fa5b52742669c09e13cddc0,,
1.0,G04-260202-135122-316,G04-260202-135122-316.bmp,G04,2026-02-02T13:51:22,2026-02-02,G04_2026-02-02,316,train,normal,,1025,1281,1,d37b445e37b1dcd8aa62637f7149e29ef005cde32c2305feef00b399a3f87057,,
1.0,G04-260202-135130-317,G04-260202-135130-317.bmp,G04,2026-02-02T13:51:30,2026-02-02,G04_2026-02-02,317,train,normal,,1025,1281,1,29159802cdbc0724e10d4f6764d6d418ab21b00f177a3e3c8685b6659782d068,,
1.0,G04-260202-135138-318,G04-260202-135138-318.bmp,G04,2026-02-02T13:51:38,2026-02-02,G04_2026-02-02,318,train,normal,,1025,1281,1,e85778d2daf1384d8ff31fa6abc1ca17e5c02941b55c97b1b72f8c3b3aa9c4aa,,
1.0,G04-260202-135149-319,G04-260202-135149-319.bmp,G04,2026-02-02T13:51:49,2026-02-02,G04_2026-02-02,319,train,normal,,1025,1281,1,ab30b333dc0d0150a9f9b9f5aa35968d5bfeb8fdffad603271764f2fd8e3f557,,
1.0,G04-260202-135158-320,G04-260202-135158-320.bmp,G04,2026-02-02T13:51:58,2026-02-02,G04_2026-02-02,320,train,normal,,1025,1281,1,76af27d8ca6e4aade94b9b8c06407fd17148c40e4052a5d6b439590abe3a33b1,,
1.0,G04-260202-135211-321,G04-260202-135211-321.bmp,G04,2026-02-02T13:52:11,2026-02-02,G04_2026-02-02,321,train,normal,,1025,1281,1,d161819ff39d30336c89487bff808f214068d0a6c4b19aa9af0705b6ff25d159,,
1.0,G04-260202-135219-322,G04-260202-135219-322.bmp,G04,2026-02-02T13:52:19,2026-02-02,G04_2026-02-02,322,train,normal,,1025,1281,1,4cb46b2497c63af7a4d79f82eea7a7b7d915997e042ff4d956839ab2aacc597e,,
1.0,G04-260202-135233-323,G04-260202-135233-323.bmp,G04,2026-02-02T13:52:33,2026-02-02,G04_2026-02-02,323,train,normal,,1025,1281,1,82780697b8018982d0252ced02c0ed37dcccc0a8cdf76bd0be0dcf262341f388,,
1.0,G04-260202-135240-324,G04-260202-135240-324.bmp,G04,2026-02-02T13:52:40,2026-02-02,G04_2026-02-02,324,train,normal,,1025,1281,1,073932b51810b9242edcccca4387c10636db8342f758f5f8b4ad7fecd79a7fa9,,
1.0,G04-260202-135249-325,G04-260202-135249-325.bmp,G04,2026-02-02T13:52:49,2026-02-02,G04_2026-02-02,325,train,normal,,1025,1281,1,8d9f7d203f35f899eb2228593c5c02f2cb061d3d78237e4da1d833560764dc8b,,
1.0,G04-260202-135259-326,G04-260202-135259-326.bmp,G04,2026-02-02T13:52:59,2026-02-02,G04_2026-02-02,326,train,normal,,1025,1281,1,61b23583707af7624adb7bfef9c2614dbdea04a5df1ae43a3ae14d942c48c7c3,,
1.0,G04-260202-135305-327,G04-260202-135305-327.bmp,G04,2026-02-02T13:53:05,2026-02-02,G04_2026-02-02,327,train,normal,,1025,1281,1,4e644abfa0157d7117f377f964075fdaeceed647572a083e0dd34950b75c35a2,,
1.0,G04-260202-135312-328,G04-260202-135312-328.bmp,G04,2026-02-02T13:53:12,2026-02-02,G04_2026-02-02,328,train,normal,,1025,1281,1,2cb8585dfbcff66f6fb9ccd91c9be9c83580fb7aca97a080c5fb1382f2bdd26d,,
1.0,G04-260202-135331-329,G04-260202-135331-329.bmp,G04,2026-02-02T13:53:31,2026-02-02,G04_2026-02-02,329,train,normal,,1025,1281,1,4e7112f6343b38544d87b8e4a084d4e4d421b4cbaaa1fd356e7532be634c9031,,
1.0,G04-260202-135337-330,G04-260202-135337-330.bmp,G04,2026-02-02T13:53:37,2026-02-02,G04_2026-02-02,330,train,normal,,1025,1281,1,2068679abee08bdebb285ae5b81ae4fb529d85937db2d772e50bcf746d251977,,
1.0,G04-260202-135408-331,G04-260202-135408-331.bmp,G04,2026-02-02T13:54:08,2026-02-02,G04_2026-02-02,331,train,normal,,1025,1281,1,4b92cd434f0944d90039b35db830fce62ea1ddf2ca4c46544dd43330831caf3d,,
1.0,G04-260202-135415-332,G04-260202-135415-332.bmp,G04,2026-02-02T13:54:15,2026-02-02,G04_2026-02-02,332,train,normal,,1025,1281,1,1e282fdbc487b0cf98a358b6ce5ac0f6f6986270634b918238b8c9cd3f678aca,,
1.0,G04-260202-135436-333,G04-260202-135436-333.bmp,G04,2026-02-02T13:54:36,2026-02-02,G04_2026-02-02,333,train,normal,,1025,1281,1,391f1adc11f6da42c380fc1226542a0d7732b530f73b9601c68d0b43070840a3,,
1.0,G04-260202-135442-334,G04-260202-135442-334.bmp,G04,2026-02-02T13:54:42,2026-02-02,G04_2026-02-02,334,train,normal,,1025,1281,1,8071acf6fd2e43a4774dfcb6deef6689db7625ffeca3794c35fd2384554be78d,,
1.0,G04-260202-135506-335,G04-260202-135506-335.bmp,G04,2026-02-02T13:55:06,2026-02-02,G04_2026-02-02,335,train,normal,,1025,1281,1,05c1b7aaec105bc439cce8398b3fd61bd4d1f61b7a6d1c09e1e33c665cdc819a,,
1.0,G04-260202-135513-336,G04-260202-135513-336.bmp,G04,2026-02-02T13:55:13,2026-02-02,G04_2026-02-02,336,train,normal,,1025,1281,1,675352ca07d257434fc281e6266132637774c7d95f9096df51e16a484a4ef98f,,
1.0,G04-260202-135537-337,G04-260202-135537-337.bmp,G04,2026-02-02T13:55:37,2026-02-02,G04_2026-02-02,337,train,normal,,1025,1281,1,e5a346f3602d9d2bf5c999ef7ce6465129294aaabefd85879404109dfd508c45,,
1.0,G04-260202-135544-338,G04-260202-135544-338.bmp,G04,2026-02-02T13:55:44,2026-02-02,G04_2026-02-02,338,train,normal,,1025,1281,1,9559d3b45ce756dca4bac15aa2cccb1902c96ea5806f412f4858515b6b9f921e,,
1.0,G04-260202-135605-339,G04-260202-135605-339.bmp,G04,2026-02-02T13:56:05,2026-02-02,G04_2026-02-02,339,train,normal,,1025,1281,1,a768370c35a0d4845d48001697045f656dfa6972ff33475512595aba90ccdf43,,
1.0,G04-260202-135612-340,G04-260202-135612-340.bmp,G04,2026-02-02T13:56:12,2026-02-02,G04_2026-02-02,340,train,normal,,1025,1281,1,7222d5448fbf0d222819dc945eafca904384e32028cebdcbb0b7f7256eafa3a6,,
1.0,G04-260202-135637-341,G04-260202-135637-341.bmp,G04,2026-02-02T13:56:37,2026-02-02,G04_2026-02-02,341,train,normal,,1025,1281,1,c53771d0b63e2a9b9e8c77cb335b44aac79f22260f9bb195bc0429ac8e1e7680,,
1.0,G04-260202-135643-342,G04-260202-135643-342.bmp,G04,2026-02-02T13:56:43,2026-02-02,G04_2026-02-02,342,train,normal,,1025,1281,1,a4d171753239559659aa389f566de310c54e5fa9e67b528bb61f2f0d5a07b14c,,
1.0,G04-260202-135706-343,G04-260202-135706-343.bmp,G04,2026-02-02T13:57:06,2026-02-02,G04_2026-02-02,343,train,normal,,1025,1281,1,5898253b5902d04abf7fb676dbc80894c4a6294f9e69052475d93cedcce69280,,
1.0,G04-260202-135712-344,G04-260202-135712-344.bmp,G04,2026-02-02T13:57:12,2026-02-02,G04_2026-02-02,344,train,normal,,1025,1281,1,b47bdc173f85b8a1f56f43e0fd9ac0b148d1aec3323e34c7e70fde5b2836a37e,,
1.0,G04-260202-135735-345,G04-260202-135735-345.bmp,G04,2026-02-02T13:57:35,2026-02-02,G04_2026-02-02,345,train,normal,,1025,1281,1,6e6fe8f2a260f3e62827dba026f8de01090d97eede0f55cc6d89abd11cde10b0,,
1.0,G04-260202-135807-346,G04-260202-135807-346.bmp,G04,2026-02-02T13:58:07,2026-02-02,G04_2026-02-02,346,train,normal,,1025,1281,1,29c6b7deeaf48f748e8e1808161be815934737dfb6063a3a995ec4fb7234bdf2,,
1.0,G04-260202-135813-347,G04-260202-135813-347.bmp,G04,2026-02-02T13:58:13,2026-02-02,G04_2026-02-02,347,train,normal,,1025,1281,1,2f593425717649171e1e72629241baf5f455c19e446ea5be6c69fa7081a82ac6,,
1.0,G04-260202-135838-348,G04-260202-135838-348.bmp,G04,2026-02-02T13:58:38,2026-02-02,G04_2026-02-02,348,train,normal,,1025,1281,1,83570ae609e3ef6ef46144776b1180ad41284c83da585f20b0b80d54b9fc89b8,,
1.0,G04-260202-135844-349,G04-260202-135844-349.bmp,G04,2026-02-02T13:58:44,2026-02-02,G04_2026-02-02,349,train,normal,,1025,1281,1,0a0d5672bcd5a6796662001ea95d190e4a12a02d355123d929c04d66c42e7e5d,,
1.0,G04-260202-135904-350,G04-260202-135904-350.bmp,G04,2026-02-02T13:59:04,2026-02-02,G04_2026-02-02,350,train,normal,,1025,1281,1,099cc1e7ce13a4af0817b69b815be5bc455872a3e437a32d8229ee52e537c973,,
1.0,G04-260202-135910-351,G04-260202-135910-351.bmp,G04,2026-02-02T13:59:10,2026-02-02,G04_2026-02-02,351,train,normal,,1025,1281,1,2b2b2d376b727a5244f8c9774b890d15ac8f8b3a50d87d9798495eedd9b1d93f,,
1.0,G04-260202-135937-352,G04-260202-135937-352.bmp,G04,2026-02-02T13:59:37,2026-02-02,G04_2026-02-02,352,train,normal,,1025,1281,1,83d255c711b981adb22c9ed179ac7b5543d71bf95c61f60d3f4b4776bc154546,,
1.0,G04-260202-135943-353,G04-260202-135943-353.bmp,G04,2026-02-02T13:59:43,2026-02-02,G04_2026-02-02,353,train,normal,,1025,1281,1,b69b654e51de25b35408696f46265afed6b1f13e843dd8a456ec879e5de842b4,,
1.0,G04-260202-140008-354,G04-260202-140008-354.bmp,G04,2026-02-02T14:00:08,2026-02-02,G04_2026-02-02,354,train,normal,,1025,1281,1,3b2fb6113280652942f0d909c8603edd8e87c750e9347115be59c18b374741cc,,
1.0,G04-260202-140014-355,G04-260202-140014-355.bmp,G04,2026-02-02T14:00:14,2026-02-02,G04_2026-02-02,355,train,normal,,1025,1281,1,34486c6a9047b4cc2e0583963192ba7fd3ae3193a54e6b563dcce96e0c8e1533,,
1.0,G04-260202-140038-356,G04-260202-140038-356.bmp,G04,2026-02-02T14:00:38,2026-02-02,G04_2026-02-02,356,train,normal,,1025,1281,1,56bdfd2b713c26d0396a2975331d5ff86482eb0037c8a3ab320e58d7387c1229,,
1.0,G04-260202-140045-357,G04-260202-140045-357.bmp,G04,2026-02-02T14:00:45,2026-02-02,G04_2026-02-02,357,train,normal,,1025,1281,1,6ce5372d1539877782c05167902081e1aa9a8abe0ee0e2c1c06aca06bf8c5c34,,
1.0,G04-260202-140109-358,G04-260202-140109-358.bmp,G04,2026-02-02T14:01:09,2026-02-02,G04_2026-02-02,358,train,normal,,1025,1281,1,023c9592578dc333c9b83e91e7885d527abb6644d6f4d021ed29335884d77158,,
1.0,G04-260202-140115-359,G04-260202-140115-359.bmp,G04,2026-02-02T14:01:15,2026-02-02,G04_2026-02-02,359,train,normal,,1025,1281,1,36823ed6d1abf64e9e678e3c2079986b5762bae2e0a7624dc40b998d92dd7874,,
1.0,G04-260202-140138-360,G04-260202-140138-360.bmp,G04,2026-02-02T14:01:38,2026-02-02,G04_2026-02-02,360,train,normal,,1025,1281,1,8bb5dd38f3e763a7b966ed88c2fea48552b7b5a4c5454a839d5d4f4659982589,,
1.0,G04-260202-140147-361,G04-260202-140147-361.bmp,G04,2026-02-02T14:01:47,2026-02-02,G04_2026-02-02,361,train,normal,,1025,1281,1,af03a7975dac45c913abaf5a2ae91fe71bb7c8c05b8ee5bdcc9d9ec765a8e211,,
1.0,G04-260202-140205-362,G04-260202-140205-362.bmp,G04,2026-02-02T14:02:05,2026-02-02,G04_2026-02-02,362,train,normal,,1025,1281,1,98e7e4cb26d59c8eaa74fa8edf1c60644a7a43717dc14e72c942738fdbcddf8c,,
1.0,G04-260202-140211-363,G04-260202-140211-363.bmp,G04,2026-02-02T14:02:11,2026-02-02,G04_2026-02-02,363,train,normal,,1025,1281,1,955d583359aa1dc75efede79bc02310cb9a0bdf1395a92caab973b98d3945acc,,
1.0,G04-260202-140242-364,G04-260202-140242-364.bmp,G04,2026-02-02T14:02:42,2026-02-02,G04_2026-02-02,364,train,normal,,1025,1281,1,5aa63d330dda6aae59521f06c50f752e3f17d9d94d4f6b0d94a76c2bf0b94d97,,
1.0,G04-260202-140249-365,G04-260202-140249-365.bmp,G04,2026-02-02T14:02:49,2026-02-02,G04_2026-02-02,365,train,normal,,1025,1281,1,cf51021a66f69aad822fcd5575c32edd46d82fe8448f36263e9912abde1b2d49,,
1.0,G04-260202-140255-366,G04-260202-140255-366.bmp,G04,2026-02-02T14:02:55,2026-02-02,G04_2026-02-02,366,train,normal,,1025,1281,1,3dba5c0bdf72fed2b0307d9ee8bc9dc0e7695784843c4f99888ed53dd76f21b3,,
1.0,G04-260202-140306-367,G04-260202-140306-367.bmp,G04,2026-02-02T14:03:06,2026-02-02,G04_2026-02-02,367,train,normal,,1025,1281,1,3378f1744ea2087d9a82e32a77dd348112a65ab4f3f132233a5abc108dae2be8,,
1.0,G04-260202-140337-368,G04-260202-140337-368.bmp,G04,2026-02-02T14:03:37,2026-02-02,G04_2026-02-02,368,train,normal,,1025,1281,1,12b3a314b7810d149dc07fa10934389fd7b5a45d0a66a48b3e4391ff257169bf,,
1.0,G04-260202-140343-369,G04-260202-140343-369.bmp,G04,2026-02-02T14:03:43,2026-02-02,G04_2026-02-02,369,train,normal,,1025,1281,1,2e200213a23f497b2966f41abd60032ecc94da6ea90f0ab891d93e8eae0f208d,,
1.0,G04-260202-140408-370,G04-260202-140408-370.bmp,G04,2026-02-02T14:04:08,2026-02-02,G04_2026-02-02,370,train,normal,,1025,1281,1,12ff4c5b8ea19e3da0e9d70f9fdcccefc36d5275bdb4d464b7f1907cbf937e6b,,
1.0,G04-260202-140445-371,G04-260202-140445-371.bmp,G04,2026-02-02T14:04:45,2026-02-02,G04_2026-02-02,371,train,normal,,1025,1281,1,adbc2dddd9cda28fc34ebae673d6e2833f9295f024404ac0fabbd83d38167215,,
1.0,G04-260202-140452-372,G04-260202-140452-372.bmp,G04,2026-02-02T14:04:52,2026-02-02,G04_2026-02-02,372,train,normal,,1025,1281,1,2eba177512416a95aba9798a40c28592fef716c2ba8bfacd21999d00ea082c8e,,
1.0,G04-260202-140458-373,G04-260202-140458-373.bmp,G04,2026-02-02T14:04:58,2026-02-02,G04_2026-02-02,373,train,normal,,1025,1281,1,6f8dd2461f4acbf7cfed44a0bb493d7652900c9d3274b1e8766aab9f373ea12c,,
1.0,G04-260202-140535-374,G04-260202-140535-374.bmp,G04,2026-02-02T14:05:35,2026-02-02,G04_2026-02-02,374,train,normal,,1025,1281,1,9ac937e7d42587b04e0c24a935b55daf2e4caa5668444936fc6f9928a183aabe,,
1.0,G04-260202-140541-375,G04-260202-140541-375.bmp,G04,2026-02-02T14:05:41,2026-02-02,G04_2026-02-02,375,train,normal,,1025,1281,1,ec13af8e3f06321909f4834525615a4a400c32715d4740d65bec4d67d401184d,,
1.0,G04-260202-140608-376,G04-260202-140608-376.bmp,G04,2026-02-02T14:06:08,2026-02-02,G04_2026-02-02,376,train,normal,,1025,1281,1,18234c857e2b8ab97b3f14585925457db5ddde288acbbda93a404e5cca5c1ae5,,
1.0,G04-260202-140614-377,G04-260202-140614-377.bmp,G04,2026-02-02T14:06:14,2026-02-02,G04_2026-02-02,377,train,normal,,1025,1281,1,911439cc37ea5b5bc1bd30067b133729cf41249c8fbc35f68faefdb94fd55855,,
1.0,G04-260202-140635-378,G04-260202-140635-378.bmp,G04,2026-02-02T14:06:35,2026-02-02,G04_2026-02-02,378,train,normal,,1025,1281,1,5a97dd2b24ef1dc48a40d2a613f594b81348f972d92911140ccec41371e3528f,,
1.0,G04-260202-140642-379,G04-260202-140642-379.bmp,G04,2026-02-02T14:06:42,2026-02-02,G04_2026-02-02,379,train,normal,,1025,1281,1,25b19e244df1cdbe8a01a094349d411bf9cd8fdbca19ed2114184ca161bda145,,
1.0,G04-260202-140707-380,G04-260202-140707-380.bmp,G04,2026-02-02T14:07:07,2026-02-02,G04_2026-02-02,380,train,normal,,1025,1281,1,944536c77007c9e39b380bd53901fac24c7f8c3abda81cc422825f2898ac5c7b,,
1.0,G04-260202-140713-381,G04-260202-140713-381.bmp,G04,2026-02-02T14:07:13,2026-02-02,G04_2026-02-02,381,train,normal,,1025,1281,1,f7b1c8984b20c15ce2633a609a88b97a764d8f366b464904fc7bf3b6665a3714,,
1.0,G04-260202-140742-382,G04-260202-140742-382.bmp,G04,2026-02-02T14:07:42,2026-02-02,G04_2026-02-02,382,train,normal,,1025,1281,1,132f16ba94b3c9baf6c56a66d688f95efb5409fb14c17927fb1eb6f7603152b8,,
1.0,G04-260202-140748-383,G04-260202-140748-383.bmp,G04,2026-02-02T14:07:48,2026-02-02,G04_2026-02-02,383,train,normal,,1025,1281,1,1e808e3b901e1399332a0fc8d8472f8348cb4c2ec3327963f86e7f632fdb6beb,,
1.0,G04-260202-140755-384,G04-260202-140755-384.bmp,G04,2026-02-02T14:07:55,2026-02-02,G04_2026-02-02,384,train,normal,,1025,1281,1,040f87a8c4fef1e62c318ebf580734bb2c41a87fe51143471df9019ef0f8c93d,,
1.0,G04-260202-140812-385,G04-260202-140812-385.bmp,G04,2026-02-02T14:08:12,2026-02-02,G04_2026-02-02,385,train,normal,,1025,1281,1,10ca7a4bea9d03490bf9fc1964a4ff00f49035ea00cdc9936f30eacdb28bc703,,
1.0,G04-260202-140818-386,G04-260202-140818-386.bmp,G04,2026-02-02T14:08:18,2026-02-02,G04_2026-02-02,386,train,normal,,1025,1281,1,727488fc0023ef0eed5b40bf8ef7a19c1f54c74a232054c20307f67655929e62,,
1.0,G04-260202-141232-387,G04-260202-141232-387.bmp,G04,2026-02-02T14:12:32,2026-02-02,G04_2026-02-02,387,train,normal,,1025,1281,1,a8af2d8842159c533ac1e68b2c0ec9ed12636882595d3fa0ce60fd61199c0d68,,
1.0,G04-260202-141400-388,G04-260202-141400-388.bmp,G04,2026-02-02T14:14:00,2026-02-02,G04_2026-02-02,388,train,normal,,1025,1281,1,09c5f6a6731f4f27b83c3e0e4c63d2181535c21ad46b1538bc55b5217dc3e5c6,,
1.0,G04-260202-141407-389,G04-260202-141407-389.bmp,G04,2026-02-02T14:14:07,2026-02-02,G04_2026-02-02,389,train,normal,,1025,1281,1,c2bc1992c7e2e684003dbeb60fa66e10862f3b977148e0625226398734c1810f,,
1.0,G04-260202-141419-390,G04-260202-141419-390.bmp,G04,2026-02-02T14:14:19,2026-02-02,G04_2026-02-02,390,train,normal,,1025,1281,1,d47f2a4423babf2990ba0cc24328ba8895712f9ae4326bfce2c3c12e68b1d5b4,,
1.0,G04-260202-141433-392,G04-260202-141433-392.bmp,G04,2026-02-02T14:14:33,2026-02-02,G04_2026-02-02,392,train,normal,,1025,1281,1,bd89261ada6a2b04413cf80cbaec90e679f4bae2acb02eb1872f3e35bd4e7434,,
1.0,G04-260202-141446-393,G04-260202-141446-393.bmp,G04,2026-02-02T14:14:46,2026-02-02,G04_2026-02-02,393,train,normal,,1025,1281,1,ad73741509de4f947f70db1d4b6394e919d30b54714f513559b3ed283a0f3acb,,
1.0,G04-260202-141453-394,G04-260202-141453-394.bmp,G04,2026-02-02T14:14:53,2026-02-02,G04_2026-02-02,394,train,normal,,1025,1281,1,c00cc521a7a1b49fc03e6177f69754c2334c9c8ce58d537c0ed13721a8fe0de5,,
1.0,G04-260202-141459-395,G04-260202-141459-395.bmp,G04,2026-02-02T14:14:59,2026-02-02,G04_2026-02-02,395,train,normal,,1025,1281,1,6a46f6a8376795f0de45a8407b03c41cdca3f2ac26775eeb2ca21e1e04073c39,,
1.0,G04-260202-141514-396,G04-260202-141514-396.bmp,G04,2026-02-02T14:15:14,2026-02-02,G04_2026-02-02,396,train,normal,,1025,1281,1,fdb1df6cfe22067009d77dff26baee62bbddb114720aa614cc2f7a6d51412585,,
1.0,G04-260202-141521-397,G04-260202-141521-397.bmp,G04,2026-02-02T14:15:21,2026-02-02,G04_2026-02-02,397,train,normal,,1025,1281,1,149aedbc78ac077af97a53c75543b8cb0ec6e508905d406ee4f3667dcd871261,,
1.0,G04-260202-141529-398,G04-260202-141529-398.bmp,G04,2026-02-02T14:15:29,2026-02-02,G04_2026-02-02,398,train,normal,,1025,1281,1,090bfa5145456004d70159ac4490261e8e5e05958990592dc1c69150696873f4,,
1.0,G04-260202-141538-399,G04-260202-141538-399.bmp,G04,2026-02-02T14:15:38,2026-02-02,G04_2026-02-02,399,train,normal,,1025,1281,1,d50c9bf4030b0c289295b3dbc259085a5fa71d8d6d9291e120d6577eaadfedfa,,
1.0,G04-260202-141544-400,G04-260202-141544-400.bmp,G04,2026-02-02T14:15:44,2026-02-02,G04_2026-02-02,400,train,normal,,1025,1281,1,643f2ba47cde20e90dd37813c60a78da81975a2e0870363ac8645980b93eea06,,
1.0,G04-260202-141554-401,G04-260202-141554-401.bmp,G04,2026-02-02T14:15:54,2026-02-02,G04_2026-02-02,401,train,normal,,1025,1281,1,bdce6ff2065284237e85825a3d46b1a702355ca6118d7f70a352e3efbc6822ac,,
1.0,G04-260202-141609-402,G04-260202-141609-402.bmp,G04,2026-02-02T14:16:09,2026-02-02,G04_2026-02-02,402,train,normal,,1025,1281,1,9237c827e5d64e9598a2d52b86ea12ffca743ef96db4ac99dda707bf15351744,,
1.0,G04-260202-141615-403,G04-260202-141615-403.bmp,G04,2026-02-02T14:16:15,2026-02-02,G04_2026-02-02,403,train,normal,,1025,1281,1,2cd45139d7a1a42faf8903bc4f10af96c19bdcab0807e6a9e700c3181739ea22,,
1.0,G04-260202-141628-404,G04-260202-141628-404.bmp,G04,2026-02-02T14:16:28,2026-02-02,G04_2026-02-02,404,train,normal,,1025,1281,1,4791eda7daaeb82fe5c27ec6acfa7c3e09266d57fed27631815acd2eaa7c35dd,,
1.0,G04-260202-141637-405,G04-260202-141637-405.bmp,G04,2026-02-02T14:16:37,2026-02-02,G04_2026-02-02,405,train,normal,,1025,1281,1,85a1ae37fb83f2e40df5538161c844dd082adeb46deeffc683ac5940386a2632,,
1.0,G04-260202-141644-406,G04-260202-141644-406.bmp,G04,2026-02-02T14:16:44,2026-02-02,G04_2026-02-02,406,train,normal,,1025,1281,1,d0ca68a87b4727e2c06c8d838da3537401b9b55406164392ec51bb3365de9b21,,
1.0,G04-260202-141650-407,G04-260202-141650-407.bmp,G04,2026-02-02T14:16:50,2026-02-02,G04_2026-02-02,407,train,normal,,1025,1281,1,f23f3666a913f3cdd5e2f637a0fedab7e7f000c471311789c70452d5eb9e9012,,
1.0,G04-260202-141658-408,G04-260202-141658-408.bmp,G04,2026-02-02T14:16:58,2026-02-02,G04_2026-02-02,408,train,normal,,1025,1281,1,9c909162c429da06c0b428725b9e01385b537912d86bac8d2f5c122cb281e74d,,
1.0,G04-260202-141708-409,G04-260202-141708-409.bmp,G04,2026-02-02T14:17:08,2026-02-02,G04_2026-02-02,409,train,normal,,1025,1281,1,7875028f84837d8a64f2670abfbb8ab4beb04fe71ca395310af0a97ed81a5780,,
1.0,G04-260202-141723-410,G04-260202-141723-410.bmp,G04,2026-02-02T14:17:23,2026-02-02,G04_2026-02-02,410,train,normal,,1025,1281,1,f03fa76937f0869ace540a136cb6adcbcc3fdd98ea65e8443b551ad77f438e47,,
1.0,G04-260202-141729-411,G04-260202-141729-411.bmp,G04,2026-02-02T14:17:29,2026-02-02,G04_2026-02-02,411,train,normal,,1025,1281,1,bfe58aa2144301fb2880031e493b47b215e55c9104292c74d759b318044b0379,,
1.0,G04-260202-141737-412,G04-260202-141737-412.bmp,G04,2026-02-02T14:17:37,2026-02-02,G04_2026-02-02,412,train,normal,,1025,1281,1,68be66a10e27b4c8a16c3c3645bcf2e8ca0762bbe50037f9cd88567b4ec5a304,,
1.0,G04-260202-141745-413,G04-260202-141745-413.bmp,G04,2026-02-02T14:17:45,2026-02-02,G04_2026-02-02,413,train,normal,,1025,1281,1,db6f777507405f560d61cf2a972167a0186c0ec29f3d2a4de19f15c8c4f286d6,,
1.0,G04-260202-141754-414,G04-260202-141754-414.bmp,G04,2026-02-02T14:17:54,2026-02-02,G04_2026-02-02,414,train,normal,,1025,1281,1,bf03958abeac6008e83068d0af213d1becbdfa8adf08d1f9c09ba1f56b8320cf,,
1.0,G04-260202-141813-415,G04-260202-141813-415.bmp,G04,2026-02-02T14:18:13,2026-02-02,G04_2026-02-02,415,train,normal,,1025,1281,1,8522626ded57a2a3e60b63366dc4d058cb16d9e666bf41460233a53be740528a,,
1.0,G04-260202-141819-416,G04-260202-141819-416.bmp,G04,2026-02-02T14:18:19,2026-02-02,G04_2026-02-02,416,train,normal,,1025,1281,1,fbcdd33f52c4325c7b24edd9388bea76687be33ba4bf5b71cc4b91b0f108883b,,
1.0,G04-260202-141826-417,G04-260202-141826-417.bmp,G04,2026-02-02T14:18:26,2026-02-02,G04_2026-02-02,417,train,normal,,1025,1281,1,59a534f177439132bc46ef4607b5ac7e6824a63f3274519b491e5ee02182c92d,,
1.0,G04-260202-141834-418,G04-260202-141834-418.bmp,G04,2026-02-02T14:18:34,2026-02-02,G04_2026-02-02,418,train,normal,,1025,1281,1,36919452cc15d10046d3babb97f249d03adfe836bf7483026dadb118b7ad33db,,
1.0,G04-260202-141843-419,G04-260202-141843-419.bmp,G04,2026-02-02T14:18:43,2026-02-02,G04_2026-02-02,419,train,normal,,1025,1281,1,6ee102dfda861676cd1514eb1059326a506e2cf57181e77936f539598d2607a0,,
1.0,G04-260202-141855-420,G04-260202-141855-420.bmp,G04,2026-02-02T14:18:55,2026-02-02,G04_2026-02-02,420,train,normal,,1025,1281,1,90396bc768c4fde50b887bbfca9209334e34022ce4340bc4ad11e1cefb5e6523,,
1.0,G04-260202-141903-421,G04-260202-141903-421.bmp,G04,2026-02-02T14:19:03,2026-02-02,G04_2026-02-02,421,train,normal,,1025,1281,1,19c90789b0db1cc3a064d95ac4fdadd520ad5ac696c3e408a2980081ec216524,,
1.0,G04-260202-141918-422,G04-260202-141918-422.bmp,G04,2026-02-02T14:19:18,2026-02-02,G04_2026-02-02,422,train,normal,,1025,1281,1,12ee5e4a8632e72ff7afb4229a0d82c2a9ae7435895028b2b23f4b9ac76ced01,,
1.0,G04-260202-141924-423,G04-260202-141924-423.bmp,G04,2026-02-02T14:19:24,2026-02-02,G04_2026-02-02,423,train,normal,,1025,1281,1,fbc7f030299a14496fdaecc3ca10123fc01e66b2362a5179d7ed523f92528e89,,
1.0,G04-260202-141933-424,G04-260202-141933-424.bmp,G04,2026-02-02T14:19:33,2026-02-02,G04_2026-02-02,424,train,normal,,1025,1281,1,d017d663abc0ecef472b772b3d2150040277580d5a4a100f16a90c851cc705ce,,
1.0,G04-260202-141943-425,G04-260202-141943-425.bmp,G04,2026-02-02T14:19:43,2026-02-02,G04_2026-02-02,425,train,normal,,1025,1281,1,6253843450f77dda57cd358951797308daeb2c0bca9af79cc0042757148a7221,,
1.0,G04-260202-141955-426,G04-260202-141955-426.bmp,G04,2026-02-02T14:19:55,2026-02-02,G04_2026-02-02,426,train,normal,,1025,1281,1,f5d00c329843b139acc6cef090bd37a855f099c6aa72ca6b987d342c3c734a4f,,
1.0,G04-260202-142004-427,G04-260202-142004-427.bmp,G04,2026-02-02T14:20:04,2026-02-02,G04_2026-02-02,427,train,normal,,1025,1281,1,b5b3dc354a5219d49b45a8d5a7daf415a78ea3cdaed307826d404041500336d0,,
1.0,G04-260202-142014-428,G04-260202-142014-428.bmp,G04,2026-02-02T14:20:14,2026-02-02,G04_2026-02-02,428,train,normal,,1025,1281,1,a1a3510344307d30440bc8d0a2ae217786fb951f1ebb254b34f5ddbca23b2d44,,
1.0,G04-260202-142020-429,G04-260202-142020-429.bmp,G04,2026-02-02T14:20:20,2026-02-02,G04_2026-02-02,429,train,normal,,1025,1281,1,f9ff520569a0be3d28c3301cd2a63bc74c8bb8570b6247356b6cac0699e6185c,,
1.0,G04-260202-142027-430,G04-260202-142027-430.bmp,G04,2026-02-02T14:20:27,2026-02-02,G04_2026-02-02,430,train,normal,,1025,1281,1,4e077e8c8bdf91a284129051a66119286f7990b4345e83899ceb8d4add6f249e,,
1.0,G04-260202-142040-431,G04-260202-142040-431.bmp,G04,2026-02-02T14:20:40,2026-02-02,G04_2026-02-02,431,train,normal,,1025,1281,1,8cbbb06d5753d288ec6b5b5ba6ce9dd6be0368b63e53a85c870e7b93c6ca9880,,
1.0,G04-260202-142047-432,G04-260202-142047-432.bmp,G04,2026-02-02T14:20:47,2026-02-02,G04_2026-02-02,432,train,normal,,1025,1281,1,82779365d9d6beb52c5bead0dc9e634b92571068cbc5ddced18e852263449866,,
1.0,G04-260202-142110-433,G04-260202-142110-433.bmp,G04,2026-02-02T14:21:10,2026-02-02,G04_2026-02-02,433,train,normal,,1025,1281,1,289f3c05a924ee29382fa7b4d37c6e29b39c0e36bad785ed13e07034ef261b26,,
1.0,G04-260202-142117-434,G04-260202-142117-434.bmp,G04,2026-02-02T14:21:17,2026-02-02,G04_2026-02-02,434,train,normal,,1025,1281,1,c30298d29cdb985ba2a8aa5d8a67b7652c4fa5444bd8359580eac7ad751b0fc8,,
1.0,G04-260202-142140-435,G04-260202-142140-435.bmp,G04,2026-02-02T14:21:40,2026-02-02,G04_2026-02-02,435,train,normal,,1025,1281,1,8161891393b90d49fd1342350c540b93a0d8a6c997032ed2f4e0c5219b384d85,,
1.0,G04-260202-142147-436,G04-260202-142147-436.bmp,G04,2026-02-02T14:21:47,2026-02-02,G04_2026-02-02,436,train,normal,,1025,1281,1,de545dc2fc2992edfd4e62ead5b88e283a5eb892a9336965ded2b91bccf275f3,,
1.0,G04-260202-142210-437,G04-260202-142210-437.bmp,G04,2026-02-02T14:22:10,2026-02-02,G04_2026-02-02,437,train,normal,,1025,1281,1,f2e49e2266c07368c0150714684f73e024756e95a6bc00503ce280ae7c0f97a4,,
1.0,G04-260202-142216-438,G04-260202-142216-438.bmp,G04,2026-02-02T14:22:16,2026-02-02,G04_2026-02-02,438,train,normal,,1025,1281,1,8b4b7afd47cf8c301a50448cfe3500d54866eaa2670bc0c520fe8513374f064c,,
1.0,G04-260202-142234-439,G04-260202-142234-439.bmp,G04,2026-02-02T14:22:34,2026-02-02,G04_2026-02-02,439,train,normal,,1025,1281,1,65f60be95e39d2310dd66857816b7271740d4c4ffff7dbb2c8fdc3b47e50fe45,,
1.0,G04-260202-142240-440,G04-260202-142240-440.bmp,G04,2026-02-02T14:22:40,2026-02-02,G04_2026-02-02,440,train,normal,,1025,1281,1,02e806d9e080fcf5d1e16a8f391b49babe25be63c97ce3aa665e51ec10cdb28b,,
1.0,G04-260202-142302-441,G04-260202-142302-441.bmp,G04,2026-02-02T14:23:02,2026-02-02,G04_2026-02-02,441,train,normal,,1025,1281,1,728a9d808da6a155ee1b978eb0d791e935f1171c38579495cf2e96e20c501573,,
1.0,G04-260202-142314-442,G04-260202-142314-442.bmp,G04,2026-02-02T14:23:14,2026-02-02,G04_2026-02-02,442,train,normal,,1025,1281,1,15bbadfff410af930db28b2154c3ca2912cbfbb3c5907bfee52a92dfae9efecb,,
1.0,G04-260202-142323-443,G04-260202-142323-443.bmp,G04,2026-02-02T14:23:23,2026-02-02,G04_2026-02-02,443,train,normal,,1025,1281,1,90e03e19ae603ad13f232787cf91e1b8ba74ff77766bb53a7c58afeed7d515a4,,
1.0,G04-260202-142338-444,G04-260202-142338-444.bmp,G04,2026-02-02T14:23:38,2026-02-02,G04_2026-02-02,444,train,normal,,1025,1281,1,7c249b4871dbe989a26ab55d8109511af522e6a76000bc7537e12b7980d289b3,,
1.0,G04-260202-142404-445,G04-260202-142404-445.bmp,G04,2026-02-02T14:24:04,2026-02-02,G04_2026-02-02,445,train,normal,,1025,1281,1,dc934652a852d99552c4cfee5254b12b25600089138eb4fd154c12bb73c0ea58,,
1.0,G04-260202-142410-446,G04-260202-142410-446.bmp,G04,2026-02-02T14:24:10,2026-02-02,G04_2026-02-02,446,train,normal,,1025,1281,1,4bf291bf8b45915dff03e2021d35119ac5d793a9d14baf0463c2757614794c43,,
1.0,G04-260202-142439-447,G04-260202-142439-447.bmp,G04,2026-02-02T14:24:39,2026-02-02,G04_2026-02-02,447,train,normal,,1025,1281,1,a3c136b9ab21640ac54a394f028de5da8772f8e30d40931f0eda2f78af212998,,
1.0,G04-260202-142445-448,G04-260202-142445-448.bmp,G04,2026-02-02T14:24:45,2026-02-02,G04_2026-02-02,448,train,normal,,1025,1281,1,fda57689559cd0dd1d9a4fdde537ffaef8408cfe715a5b0d066bb46d68b12cf1,,
1.0,G04-260202-142510-449,G04-260202-142510-449.bmp,G04,2026-02-02T14:25:10,2026-02-02,G04_2026-02-02,449,train,normal,,1025,1281,1,0492b7993d3c6e41d804a116110484127fe5de4920a5d59d1597bf57f91cd5b4,,
1.0,G04-260202-142517-450,G04-260202-142517-450.bmp,G04,2026-02-02T14:25:17,2026-02-02,G04_2026-02-02,450,train,normal,,1025,1281,1,2294dde0ab4e9938bcc9ecf05f08f3b376eb113e7c462a1403f11ed5858b8e09,,
1.0,G04-260202-142541-451,G04-260202-142541-451.bmp,G04,2026-02-02T14:25:41,2026-02-02,G04_2026-02-02,451,train,normal,,1025,1281,1,10099e779012469e9ee027d9e0a6001ab748c7e2876d110c3f79e05891fd0a4f,,
1.0,G04-260202-142548-452,G04-260202-142548-452.bmp,G04,2026-02-02T14:25:48,2026-02-02,G04_2026-02-02,452,train,normal,,1025,1281,1,9bfb1c3b2f311ac83d5793e4be2f4e6c3648eb7d67ffffb098d1a27cd0527fee,,
1.0,G04-260202-142608-453,G04-260202-142608-453.bmp,G04,2026-02-02T14:26:08,2026-02-02,G04_2026-02-02,453,train,normal,,1025,1281,1,8c7323f0d57b7c34c3a684eb971482e2d71e5ed36dd987974dec5335b719a8c0,,
1.0,G04-260202-142615-454,G04-260202-142615-454.bmp,G04,2026-02-02T14:26:15,2026-02-02,G04_2026-02-02,454,train,normal,,1025,1281,1,653b2c6785fd006957108c5c40a0d8e50ac31b071efb58cb10c86cbfe64ac0b7,,
1.0,G04-260202-142637-455,G04-260202-142637-455.bmp,G04,2026-02-02T14:26:37,2026-02-02,G04_2026-02-02,455,train,normal,,1025,1281,1,4cc855f3aea7f46c6a19e189c437fccea69829360d9de5c88a0ef3d57134fdb3,,
1.0,G04-260202-142643-456,G04-260202-142643-456.bmp,G04,2026-02-02T14:26:43,2026-02-02,G04_2026-02-02,456,train,normal,,1025,1281,1,7d5c29424f33dbae8fa379a61b74f14038d14412cebc51b5118f906d2d822632,,
1.0,G04-260202-142707-457,G04-260202-142707-457.bmp,G04,2026-02-02T14:27:07,2026-02-02,G04_2026-02-02,457,train,normal,,1025,1281,1,2cbcb0f6ef723868311cfc956922894fc85625be2680e5c1edabd5082a7fcc0e,,
1.0,G04-260202-142713-458,G04-260202-142713-458.bmp,G04,2026-02-02T14:27:13,2026-02-02,G04_2026-02-02,458,train,normal,,1025,1281,1,2f5135c02f88a9a8d99046f090457bf4a140ef0d599873466bc6e6183b6cf0e8,,
1.0,G04-260202-142734-459,G04-260202-142734-459.bmp,G04,2026-02-02T14:27:34,2026-02-02,G04_2026-02-02,459,train,normal,,1025,1281,1,232e9e3d7b2313374654b6f030e62b687b6515f87babedb76606d3ff391c818a,,
1.0,G04-260202-142740-460,G04-260202-142740-460.bmp,G04,2026-02-02T14:27:40,2026-02-02,G04_2026-02-02,460,train,normal,,1025,1281,1,745fda035d54e54309c2a87eeff0f6862511660651e6d300675bbd82d548e08e,,
1.0,G04-260202-142803-461,G04-260202-142803-461.bmp,G04,2026-02-02T14:28:03,2026-02-02,G04_2026-02-02,461,train,normal,,1025,1281,1,b456f076da3b77dab56b50a82dca307483c457f17a91d0ced32e6c75f5c1773c,,
1.0,G04-260202-142809-462,G04-260202-142809-462.bmp,G04,2026-02-02T14:28:09,2026-02-02,G04_2026-02-02,462,train,normal,,1025,1281,1,f97a6ac879ca1b5a7cf9bb720f86e7ed2c8e5f5fb6482b908172dfd2c08d2ffe,,
1.0,G04-260202-142833-463,G04-260202-142833-463.bmp,G04,2026-02-02T14:28:33,2026-02-02,G04_2026-02-02,463,train,normal,,1025,1281,1,a63891dc621370bbc17845f4de477ac61cc2063713f1a275ff95a70e3048dbf3,,
1.0,G04-260202-142840-464,G04-260202-142840-464.bmp,G04,2026-02-02T14:28:40,2026-02-02,G04_2026-02-02,464,train,normal,,1025,1281,1,29a6a788e27888322024c2bfd5a173fa839b4327e0e8326e0e393bd7650472f5,,
1.0,G04-260202-142857-465,G04-260202-142857-465.bmp,G04,2026-02-02T14:28:57,2026-02-02,G04_2026-02-02,465,train,normal,,1025,1281,1,d2c2c8f5dcf59603e9532ca2cd520aa2c715ae5517bb45d0d79b367427e01bfb,,
1.0,G04-260202-142913-466,G04-260202-142913-466.bmp,G04,2026-02-02T14:29:13,2026-02-02,G04_2026-02-02,466,train,normal,,1025,1281,1,95300a1179dfa9cf702efa851ec1ac8a856bb94ef223f7268178aba72d481516,,
1.0,G04-260202-142946-467,G04-260202-142946-467.bmp,G04,2026-02-02T14:29:46,2026-02-02,G04_2026-02-02,467,train,normal,,1025,1281,1,ebee6d3176ddcb4b8dc623a323225d7cb0026de4f58326cbc77db165a7643095,,
1.0,G04-260202-142952-468,G04-260202-142952-468.bmp,G04,2026-02-02T14:29:52,2026-02-02,G04_2026-02-02,468,train,normal,,1025,1281,1,6c8c9cee2f19b8dd61a27b4098322c5a2bfa4ca35f77e955d1db5d6ae360c7a3,,
1.0,G04-260202-143010-469,G04-260202-143010-469.bmp,G04,2026-02-02T14:30:10,2026-02-02,G04_2026-02-02,469,train,normal,,1025,1281,1,1d74d598723898911bafc6a91dc4fb46ad356946a330240ac2580b2309f9bad8,,
1.0,G04-260202-143016-470,G04-260202-143016-470.bmp,G04,2026-02-02T14:30:16,2026-02-02,G04_2026-02-02,470,train,normal,,1025,1281,1,218431cee4dd0cc1102db9c1fa0f15bed14999d0ac28d127835bcbc127a9e15e,,
1.0,G04-260202-143040-471,G04-260202-143040-471.bmp,G04,2026-02-02T14:30:40,2026-02-02,G04_2026-02-02,471,train,normal,,1025,1281,1,21afb737bba471c9e220a38fe558b07fdc4e969991b46ca0140b2dc3c8754696,,
1.0,G04-260202-143047-472,G04-260202-143047-472.bmp,G04,2026-02-02T14:30:47,2026-02-02,G04_2026-02-02,472,train,normal,,1025,1281,1,c4c3ba52e7bffbac531b9da1de2d7d6c9a1f26ba1d137722b805340239ccbca4,,
1.0,G04-260202-143109-473,G04-260202-143109-473.bmp,G04,2026-02-02T14:31:09,2026-02-02,G04_2026-02-02,473,train,normal,,1025,1281,1,3e44279b17f516be84fd0889dc40ac6073c9235e4d75b08dfab307293873620d,,
1.0,G04-260202-143115-474,G04-260202-143115-474.bmp,G04,2026-02-02T14:31:15,2026-02-02,G04_2026-02-02,474,train,normal,,1025,1281,1,18370910d948f2db80a06b6d8abd75fb8ec23434c54deb827378bec05b15019c,,
1.0,G04-260202-143142-475,G04-260202-143142-475.bmp,G04,2026-02-02T14:31:42,2026-02-02,G04_2026-02-02,475,train,normal,,1025,1281,1,5181d321598fbd54ba1cebd05ccdbfbe541a3e86ac12eedf720215d36573b520,,
1.0,G04-260202-143148-476,G04-260202-143148-476.bmp,G04,2026-02-02T14:31:48,2026-02-02,G04_2026-02-02,476,train,normal,,1025,1281,1,ef5fd7bc649ebe3610dcddb2722aa54763226b199765171928e5bab941c322d5,,
1.0,G04-260202-143211-477,G04-260202-143211-477.bmp,G04,2026-02-02T14:32:11,2026-02-02,G04_2026-02-02,477,train,normal,,1025,1281,1,af9f3ec1d9617454e3b9aabc6ceb0f046b2b69ffb10d670447657039cf87b0e5,,
1.0,G04-260202-143217-478,G04-260202-143217-478.bmp,G04,2026-02-02T14:32:17,2026-02-02,G04_2026-02-02,478,train,normal,,1025,1281,1,5facee2532dfc967f08899aedbfb874161b41089bf0583ce07075b6c910c775c,,
1.0,G04-260202-143238-479,G04-260202-143238-479.bmp,G04,2026-02-02T14:32:38,2026-02-02,G04_2026-02-02,479,train,normal,,1025,1281,1,4cc1091cb373a209e9530700d2e927432b45ec8fb3e7c1c67b16adb3e74e349e,,
1.0,G04-260202-143244-480,G04-260202-143244-480.bmp,G04,2026-02-02T14:32:44,2026-02-02,G04_2026-02-02,480,train,normal,,1025,1281,1,3c96403ad4d013de59b138f5692d2b467fdc6d3ad1eafef2084d05a0ce5193fc,,
1.0,G04-260202-143309-481,G04-260202-143309-481.bmp,G04,2026-02-02T14:33:09,2026-02-02,G04_2026-02-02,481,train,normal,,1025,1281,1,636c45a7193fc1b0f84965cf32dc5efda651b179f55a8a29cdf35466fe66559a,,
1.0,G04-260202-143315-482,G04-260202-143315-482.bmp,G04,2026-02-02T14:33:15,2026-02-02,G04_2026-02-02,482,train,normal,,1025,1281,1,5ac3df684a0d199456ce8c885f571d1777fd5cad9be3a82a1fe6ed6b779c6942,,
1.0,G04-260202-143342-483,G04-260202-143342-483.bmp,G04,2026-02-02T14:33:42,2026-02-02,G04_2026-02-02,483,train,normal,,1025,1281,1,329c5f384fc408fb4459aba408fd434315a58e76dd246d3b24528d9fd547fd6c,,
1.0,G04-260202-143348-484,G04-260202-143348-484.bmp,G04,2026-02-02T14:33:48,2026-02-02,G04_2026-02-02,484,train,normal,,1025,1281,1,3c096d758384a86f143c4671515a639261a0f3294f6b7b1166f5f6420eddb3ae,,
1.0,G04-260202-143410-485,G04-260202-143410-485.bmp,G04,2026-02-02T14:34:10,2026-02-02,G04_2026-02-02,485,train,normal,,1025,1281,1,e02d7e8de7ce69921ea02507c116acad24c27431e36656f5cfad6543c64f645e,,
1.0,G04-260202-143416-486,G04-260202-143416-486.bmp,G04,2026-02-02T14:34:16,2026-02-02,G04_2026-02-02,486,train,normal,,1025,1281,1,d34e5ccb2ef5899544a6b01095d973ad8490e8f3119280c3d4c323057ca2c1e6,,
1.0,G04-260202-143442-487,G04-260202-143442-487.bmp,G04,2026-02-02T14:34:42,2026-02-02,G04_2026-02-02,487,train,normal,,1025,1281,1,f463cd8bef8fb04829707da8cd0be7a311c1cef54ba7c05ace2720415041366e,,
1.0,G04-260202-143449-488,G04-260202-143449-488.bmp,G04,2026-02-02T14:34:49,2026-02-02,G04_2026-02-02,488,train,normal,,1025,1281,1,4f08844a6bffddee18d87d7ffe6631bf4112583c279fb0be8782ee0f23ecfab8,,
1.0,G04-260202-143509-489,G04-260202-143509-489.bmp,G04,2026-02-02T14:35:09,2026-02-02,G04_2026-02-02,489,train,normal,,1025,1281,1,1549ac288af6aa22dfd71e30b0a85ae6999e419f27d859ad91d9e6cfab6c263b,,
1.0,G04-260202-143516-490,G04-260202-143516-490.bmp,G04,2026-02-02T14:35:16,2026-02-02,G04_2026-02-02,490,train,normal,,1025,1281,1,c18d5164535f75cae59dbc0781f966b12d26a49c46ee7370ff86441c7780f789,,
1.0,G04-260202-143541-491,G04-260202-143541-491.bmp,G04,2026-02-02T14:35:41,2026-02-02,G04_2026-02-02,491,train,normal,,1025,1281,1,bda8935c5f6ead003f234df9be656c586dbc063d2962194472b943ec9a488f09,,
1.0,G04-260202-143547-492,G04-260202-143547-492.bmp,G04,2026-02-02T14:35:47,2026-02-02,G04_2026-02-02,492,train,normal,,1025,1281,1,3ae188a9c0d04f540e814473ec9070cf28674dcdb96dbf312249e7a581d7391b,,
1.0,G04-260202-143611-493,G04-260202-143611-493.bmp,G04,2026-02-02T14:36:11,2026-02-02,G04_2026-02-02,493,train,normal,,1025,1281,1,cb752461647eaf511d681e12c8c6281e440b921ead0e1ebaf3afdc2db879eaa4,,
1.0,G04-260202-143618-494,G04-260202-143618-494.bmp,G04,2026-02-02T14:36:18,2026-02-02,G04_2026-02-02,494,train,normal,,1025,1281,1,a76532ca36c30493b9593733b0880b05ad85d8aeb3babc128a7cefda95df1977,,
1.0,G04-260202-143641-495,G04-260202-143641-495.bmp,G04,2026-02-02T14:36:41,2026-02-02,G04_2026-02-02,495,train,normal,,1025,1281,1,6832a411907db45f8d50e6eda1175fc6f3c2bf0faae4c967e17953b1d460a19b,,
1.0,G04-260202-143648-496,G04-260202-143648-496.bmp,G04,2026-02-02T14:36:48,2026-02-02,G04_2026-02-02,496,train,normal,,1025,1281,1,25cf245b750c7286745577b4ae8676b46d09fefae01e45b68a6b4ffa05d85f24,,
1.0,G04-260202-143712-497,G04-260202-143712-497.bmp,G04,2026-02-02T14:37:12,2026-02-02,G04_2026-02-02,497,train,normal,,1025,1281,1,d5d1bf43f8ba3d5d3aaab50ab085793aadbe7d97543434957e5398a940b60efd,,
1.0,G04-260202-143718-498,G04-260202-143718-498.bmp,G04,2026-02-02T14:37:18,2026-02-02,G04_2026-02-02,498,train,normal,,1025,1281,1,bdb0ba1181876dadf8d3f4db2fe1fbf15fe71cb4fb78636b6933d6bf77776fa5,,
1.0,G04-260202-143740-499,G04-260202-143740-499.bmp,G04,2026-02-02T14:37:40,2026-02-02,G04_2026-02-02,499,train,normal,,1025,1281,1,ad36cd1f793fe31c83780d6c91e02c034a397373b422a4ebaca97c7a8eaa7be7,,
1.0,G04-260202-143747-500,G04-260202-143747-500.bmp,G04,2026-02-02T14:37:47,2026-02-02,G04_2026-02-02,500,train,normal,,1025,1281,1,8acae6a3582d8b0253701506347bdc2db9710b90c4eda72554d959a28c49ef42,,
1.0,G04-260202-143812-501,G04-260202-143812-501.bmp,G04,2026-02-02T14:38:12,2026-02-02,G04_2026-02-02,501,train,normal,,1025,1281,1,f044061db94866994aed755dd8175240dcef1dc7194ff6b1ecbb6317ef31b6cc,,
1.0,G04-260202-143818-502,G04-260202-143818-502.bmp,G04,2026-02-02T14:38:18,2026-02-02,G04_2026-02-02,502,train,normal,,1025,1281,1,f2697330deced43f8c2d12089f6fe32df9f1a11b863a88badbb906a60162cde6,,
1.0,G04-260202-143842-503,G04-260202-143842-503.bmp,G04,2026-02-02T14:38:42,2026-02-02,G04_2026-02-02,503,train,normal,,1025,1281,1,7748879428c5764023c654895591a6e97912a75b1d4798f819aabb38194fcc63,,
1.0,G04-260202-143849-504,G04-260202-143849-504.bmp,G04,2026-02-02T14:38:49,2026-02-02,G04_2026-02-02,504,train,normal,,1025,1281,1,f31ab06cf2b1f1fc02abb64d891a0c874873a823ab1f131c92aea096b847414e,,
1.0,G04-260202-143911-505,G04-260202-143911-505.bmp,G04,2026-02-02T14:39:11,2026-02-02,G04_2026-02-02,505,train,normal,,1025,1281,1,183d56461adda2006d9458a794770fa35f5e786268710a4b8b77f98c14315a15,,
1.0,G04-260202-143917-506,G04-260202-143917-506.bmp,G04,2026-02-02T14:39:17,2026-02-02,G04_2026-02-02,506,train,normal,,1025,1281,1,7633385cdd0398e6dbc625c3a974eaf014fdd5418eb515650aa21a02345bce5a,,
1.0,G04-260202-143942-507,G04-260202-143942-507.bmp,G04,2026-02-02T14:39:42,2026-02-02,G04_2026-02-02,507,train,normal,,1025,1281,1,154aa0e5921f155f73d5de108df9bd7a8f4a39f1c1624846a46858141d5b5b18,,
1.0,G04-260202-143949-508,G04-260202-143949-508.bmp,G04,2026-02-02T14:39:49,2026-02-02,G04_2026-02-02,508,train,normal,,1025,1281,1,db7774e42c1a098198c21e5da3d6af5aab38aeb56dbc7324f8e086b787e68283,,
1.0,G04-260202-144014-509,G04-260202-144014-509.bmp,G04,2026-02-02T14:40:14,2026-02-02,G04_2026-02-02,509,train,normal,,1025,1281,1,3e7415262474d1ec144a6fae4f2da9d7afceb42912d115363fe112c59e53563a,,
1.0,G04-260202-144020-510,G04-260202-144020-510.bmp,G04,2026-02-02T14:40:20,2026-02-02,G04_2026-02-02,510,train,normal,,1025,1281,1,b0d609ef11d8fd473fa8eb99c7a3d3b42835abbf6001ee085f95b90fb65f3557,,
1.0,G04-260202-144042-511,G04-260202-144042-511.bmp,G04,2026-02-02T14:40:42,2026-02-02,G04_2026-02-02,511,train,normal,,1025,1281,1,b57a3c839a006399d1f4f0a84846665bea4e867afa789e90f36984208a7bd596,,
1.0,G04-260202-144048-512,G04-260202-144048-512.bmp,G04,2026-02-02T14:40:48,2026-02-02,G04_2026-02-02,512,train,normal,,1025,1281,1,724391c72686067994e6bef58efc36f9a6c40f2e90dd10232066962da4d09107,,
1.0,G04-260202-144113-513,G04-260202-144113-513.bmp,G04,2026-02-02T14:41:13,2026-02-02,G04_2026-02-02,513,train,normal,,1025,1281,1,12ebaeb9c78f8c7dd5ca5db39fd013bcc0648bad3428b4f2f290516761cb8d17,,
1.0,G04-260202-144119-514,G04-260202-144119-514.bmp,G04,2026-02-02T14:41:19,2026-02-02,G04_2026-02-02,514,train,normal,,1025,1281,1,da5eb7fe5a8f3e9cfbd2a555430ca7f8c954040931120b3ef44bb585b4e07a59,,
1.0,G04-260202-144141-515,G04-260202-144141-515.bmp,G04,2026-02-02T14:41:41,2026-02-02,G04_2026-02-02,515,train,normal,,1025,1281,1,f2c6128bf0bea7dd017c6043bfedc1d8588b1a4be3ac1701e79c3a178d9c8c26,,
1.0,G04-260202-144147-516,G04-260202-144147-516.bmp,G04,2026-02-02T14:41:47,2026-02-02,G04_2026-02-02,516,train,normal,,1025,1281,1,0175ed952a0fe670e112cb8d628089ec178022bb1339d7c8de547c3acec5114a,,
1.0,G04-260202-144211-517,G04-260202-144211-517.bmp,G04,2026-02-02T14:42:11,2026-02-02,G04_2026-02-02,517,train,normal,,1025,1281,1,d1640ed29016d139f739150d2908c9abb947b78c06eb06e041a43ba7cbc6f4cf,,
1.0,G04-260202-144218-518,G04-260202-144218-518.bmp,G04,2026-02-02T14:42:18,2026-02-02,G04_2026-02-02,518,train,normal,,1025,1281,1,0b46196d9bc70d698d70785b12ed72f076e222d935b84aebc93d9acb868cba43,,
1.0,G04-260202-144243-519,G04-260202-144243-519.bmp,G04,2026-02-02T14:42:43,2026-02-02,G04_2026-02-02,519,train,normal,,1025,1281,1,8e301c4e1f30301ed1cf74c3a56dd7af7293e9fa1712f99479a340d159efbcf3,,
1.0,G04-260202-144251-520,G04-260202-144251-520.bmp,G04,2026-02-02T14:42:51,2026-02-02,G04_2026-02-02,520,train,normal,,1025,1281,1,d7c73a448c0dbad5751d55e1738cd6f4c2ea44d353d57dbb7876599e5a5ad4b2,,
1.0,G04-260202-144307-521,G04-260202-144307-521.bmp,G04,2026-02-02T14:43:07,2026-02-02,G04_2026-02-02,521,train,normal,,1025,1281,1,b2efadd2cf460fd071e79b5f197fd770900ecdc51ff13803149b525cd649d360,,
1.0,G04-260202-144314-522,G04-260202-144314-522.bmp,G04,2026-02-02T14:43:14,2026-02-02,G04_2026-02-02,522,train,normal,,1025,1281,1,e3acc389adcc2c7acc458441aa9ee2802304e83c083695b11b78bfddcb3a6ede,,
1.0,G04-260202-144342-523,G04-260202-144342-523.bmp,G04,2026-02-02T14:43:42,2026-02-02,G04_2026-02-02,523,train,normal,,1025,1281,1,78d62a08c5a3862189099ce6e6138830468ee5dc0fa9c14dfffbdc4d0faace35,,
1.0,G04-260202-144348-524,G04-260202-144348-524.bmp,G04,2026-02-02T14:43:48,2026-02-02,G04_2026-02-02,524,train,normal,,1025,1281,1,70ac5dfeefba9a5929bc1cf8d67b5e4c13ee2e6e69eb1479cddf1dcff43e920c,,
1.0,G04-260202-144412-525,G04-260202-144412-525.bmp,G04,2026-02-02T14:44:12,2026-02-02,G04_2026-02-02,525,train,normal,,1025,1281,1,f01ae9a4df179e97b3fef742f5a5963e33b060af7bd1b8aba77f039c62b21ac5,,
1.0,G04-260202-144421-526,G04-260202-144421-526.bmp,G04,2026-02-02T14:44:21,2026-02-02,G04_2026-02-02,526,train,normal,,1025,1281,1,a4020c1b66b400a5e9caa3fee0f6c117abb8cee0d51bf11456bef9bbb9a94a9a,,
1.0,G04-260202-144439-527,G04-260202-144439-527.bmp,G04,2026-02-02T14:44:39,2026-02-02,G04_2026-02-02,527,train,normal,,1025,1281,1,e1f8fa30db74d3525b7c5a9a91581bbfd1bc1f5c4aae09266d4a9f9e4f1d6cdc,,
1.0,G04-260202-144446-528,G04-260202-144446-528.bmp,G04,2026-02-02T14:44:46,2026-02-02,G04_2026-02-02,528,train,normal,,1025,1281,1,2ee202af82882a1596a6384489b04a2361c1856fc78e873f07662af032d535dc,,
1.0,G04-260202-144510-529,G04-260202-144510-529.bmp,G04,2026-02-02T14:45:10,2026-02-02,G04_2026-02-02,529,train,normal,,1025,1281,1,c5f123c9b94d85ce1220f3bd225374e182f40b6b9496ff35d244f951743620bf,,
1.0,G04-260202-144516-530,G04-260202-144516-530.bmp,G04,2026-02-02T14:45:16,2026-02-02,G04_2026-02-02,530,train,normal,,1025,1281,1,14c66fd8bc19e245695bd1a4ace737f12718b9217ead9f6ec25836df0d4d2ee1,,
1.0,G04-260202-144542-531,G04-260202-144542-531.bmp,G04,2026-02-02T14:45:42,2026-02-02,G04_2026-02-02,531,train,normal,,1025,1281,1,119a077f1e1d6dd5f3abc92ffd0c34587925ff8ae32caf82af70a39d4aae4344,,
1.0,G04-260202-144551-532,G04-260202-144551-532.bmp,G04,2026-02-02T14:45:51,2026-02-02,G04_2026-02-02,532,train,normal,,1025,1281,1,24c5b8c68864a39c3e8b799839ce9cafb258bd5da739c2ad463273b168b5bfe0,,
1.0,G04-260202-144608-533,G04-260202-144608-533.bmp,G04,2026-02-02T14:46:08,2026-02-02,G04_2026-02-02,533,train,normal,,1025,1281,1,64d0f7353ad291f88450b3b670265fbbca65e76b9abf3d7799ca39cc46810195,,
1.0,G04-260202-144615-534,G04-260202-144615-534.bmp,G04,2026-02-02T14:46:15,2026-02-02,G04_2026-02-02,534,train,normal,,1025,1281,1,768715dd098a3772bf8e6b4d8e2e9ea6fccf750f828d784ca92359bd08d2867d,,
1.0,G04-260202-144643-535,G04-260202-144643-535.bmp,G04,2026-02-02T14:46:43,2026-02-02,G04_2026-02-02,535,train,normal,,1025,1281,1,dc9842e6f3f530e0d505c7664395cb02b5a69532471b163a5aa3990a03ee904d,,
1.0,G04-260202-144649-536,G04-260202-144649-536.bmp,G04,2026-02-02T14:46:49,2026-02-02,G04_2026-02-02,536,train,normal,,1025,1281,1,c1d592c20fd854ebe4f3261fc32eead86919c9c7e258f507af8e8d57845a1e79,,
1.0,G04-260202-144712-537,G04-260202-144712-537.bmp,G04,2026-02-02T14:47:12,2026-02-02,G04_2026-02-02,537,train,normal,,1025,1281,1,d3b38b98d698fc34d68b2e2f9d41b2ec612d0f567993a90960b599fef6e5c9ca,,
1.0,G04-260202-144718-538,G04-260202-144718-538.bmp,G04,2026-02-02T14:47:18,2026-02-02,G04_2026-02-02,538,train,normal,,1025,1281,1,cdfb2f959d42c2cae0268ffa19c516ad9fd857ef499fee0a688c5210449a94b0,,
1.0,G04-260202-144741-539,G04-260202-144741-539.bmp,G04,2026-02-02T14:47:41,2026-02-02,G04_2026-02-02,539,train,normal,,1025,1281,1,d3af4c3e85177d69e25c372442c8fe7a2dd748e4a37a3a3b26773b851d48fd7c,,
1.0,G04-260202-144748-540,G04-260202-144748-540.bmp,G04,2026-02-02T14:47:48,2026-02-02,G04_2026-02-02,540,train,normal,,1025,1281,1,4f023c15464e046af3f13fa9c7521933a193a93f3b49f93228b071b5e9e7878e,,
1.0,G04-260202-144812-541,G04-260202-144812-541.bmp,G04,2026-02-02T14:48:12,2026-02-02,G04_2026-02-02,541,train,normal,,1025,1281,1,4da85f6543b6ea18fcbe862ae0d500671621e7615063383c7d96331e73ea5578,,
1.0,G04-260202-144819-542,G04-260202-144819-542.bmp,G04,2026-02-02T14:48:19,2026-02-02,G04_2026-02-02,542,train,normal,,1025,1281,1,bd69be26918c1e98c9664cfd3c3bf03f53513b8924e1f9f8950b9ad5aa44156c,,
1.0,G04-260202-144843-543,G04-260202-144843-543.bmp,G04,2026-02-02T14:48:43,2026-02-02,G04_2026-02-02,543,train,normal,,1025,1281,1,0d4179022b382aa4e2e25fbda5f9a36798930fd2f6028786897bf639f1296d23,,
1.0,G04-260202-144849-544,G04-260202-144849-544.bmp,G04,2026-02-02T14:48:49,2026-02-02,G04_2026-02-02,544,train,normal,,1025,1281,1,410ba890f4d193ce767024bb4258b1a526760d3dccb0271da9a5441e8dbd7996,,
1.0,G04-260202-144915-545,G04-260202-144915-545.bmp,G04,2026-02-02T14:49:15,2026-02-02,G04_2026-02-02,545,train,normal,,1025,1281,1,8eb3b11f99c8ee120ca7b3d9989c9cc51c1d68686c503feefee1bd8acdd6a56c,,
1.0,G04-260202-144921-546,G04-260202-144921-546.bmp,G04,2026-02-02T14:49:21,2026-02-02,G04_2026-02-02,546,train,normal,,1025,1281,1,f59c2f05df11b3d1be80445d5c50bdf2c5c23376181f71a39edf8136d92e7504,,
1.0,G04-260202-144943-547,G04-260202-144943-547.bmp,G04,2026-02-02T14:49:43,2026-02-02,G04_2026-02-02,547,train,normal,,1025,1281,1,8f766b488eadc80d40c7cb6e05f2cba9aec86e8dafdefc7bc53a6f21afda5b50,,
1.0,G04-260202-144949-548,G04-260202-144949-548.bmp,G04,2026-02-02T14:49:49,2026-02-02,G04_2026-02-02,548,train,normal,,1025,1281,1,f30e3eefa7a293bdcbbe00cf48cce541785d1cfd431a00203cce39a7f5d5adbf,,
1.0,G04-260202-145015-549,G04-260202-145015-549.bmp,G04,2026-02-02T14:50:15,2026-02-02,G04_2026-02-02,549,train,normal,,1025,1281,1,3088ca92d34a61b7078ccc143718203b9fde79067f697880827c82aa1bef4565,,
1.0,G04-260202-145021-550,G04-260202-145021-550.bmp,G04,2026-02-02T14:50:21,2026-02-02,G04_2026-02-02,550,train,normal,,1025,1281,1,f5f518eab0807d7de626738b160ac7b21fbd9eeded73f6b6df8c1d5c51035d00,,
1.0,G04-260202-145045-551,G04-260202-145045-551.bmp,G04,2026-02-02T14:50:45,2026-02-02,G04_2026-02-02,551,train,normal,,1025,1281,1,4980f32a987dd6fbb9df820fab344f03bf433ffd26c5d49d7cb854771971fd15,,
1.0,G04-260202-145051-552,G04-260202-145051-552.bmp,G04,2026-02-02T14:50:51,2026-02-02,G04_2026-02-02,552,train,normal,,1025,1281,1,ed628153e56fd2e9d588b5d6e39215252899d45a5245f085909b294eb354ff8b,,
1.0,G04-260202-145138-553,G04-260202-145138-553.bmp,G04,2026-02-02T14:51:38,2026-02-02,G04_2026-02-02,553,train,normal,,1025,1281,1,30b34112991be9b0abe140667b9b8397d3dd71339cf8b7e7c0647f111e842d16,,
1.0,G04-260202-145141-554,G04-260202-145141-554.bmp,G04,2026-02-02T14:51:41,2026-02-02,G04_2026-02-02,554,train,normal,,1025,1281,1,ff6f650bc341333cf23ecc06642a9e6b0b71f2be151b4257d155751af8b62a4f,,
1.0,G04-260202-145215-555,G04-260202-145215-555.bmp,G04,2026-02-02T14:52:15,2026-02-02,G04_2026-02-02,555,train,normal,,1025,1281,1,b3b312f6bfcb015e396712798724ab35fb5c7137951ec308001f2e7df5f1ec3c,,
1.0,G04-260202-145217-556,G04-260202-145217-556.bmp,G04,2026-02-02T14:52:17,2026-02-02,G04_2026-02-02,556,train,normal,,1025,1281,1,f4d980b90e0d9be84cfe68fc0c9571baf4d0ea863c7660a9096e3ee1a03d1cf1,,
1.0,G04-260202-145221-557,G04-260202-145221-557.bmp,G04,2026-02-02T14:52:21,2026-02-02,G04_2026-02-02,557,train,normal,,1025,1281,1,e3fc17083eca40989ee8a834b9d202ca49b01bc2bc5d938b404ada98171ea8f5,,
1.0,G04-260202-145227-558,G04-260202-145227-558.bmp,G04,2026-02-02T14:52:27,2026-02-02,G04_2026-02-02,558,train,normal,,1025,1281,1,a157a1d40990026a15211750c29b7df4db8cc10cfaa9657fd4370b1b631de35e,,
1.0,G04-260202-145245-559,G04-260202-145245-559.bmp,G04,2026-02-02T14:52:45,2026-02-02,G04_2026-02-02,559,train,normal,,1025,1281,1,15f4a842cc9da26cf6cf5df427623cdb323727ea502a7cf3511155025aec44ed,,
1.0,G04-260202-145251-560,G04-260202-145251-560.bmp,G04,2026-02-02T14:52:51,2026-02-02,G04_2026-02-02,560,train,normal,,1025,1281,1,430f508b5668006f664ca33cb1c7a00e0242b9bcb4df384d13426800230ebb55,,
1.0,G04-260202-145312-561,G04-260202-145312-561.bmp,G04,2026-02-02T14:53:12,2026-02-02,G04_2026-02-02,561,train,normal,,1025,1281,1,c370daafc24dd51571545b95fb35143edf3c530cc033ef24d59a7c98c410979f,,
1.0,G04-260202-145319-562,G04-260202-145319-562.bmp,G04,2026-02-02T14:53:19,2026-02-02,G04_2026-02-02,562,train,normal,,1025,1281,1,55bde9b2fff4d518adc8c4fd21fbb24a57bc9950ffb84dc8f6d692f3913f40d5,,
1.0,G04-260202-145342-563,G04-260202-145342-563.bmp,G04,2026-02-02T14:53:42,2026-02-02,G04_2026-02-02,563,train,normal,,1025,1281,1,046f41fc10a852e26d6fe1e4dbef1e52bfb05c1c5c8260bf64c12429a1a0f02b,,
1.0,G04-260202-145349-564,G04-260202-145349-564.bmp,G04,2026-02-02T14:53:49,2026-02-02,G04_2026-02-02,564,train,normal,,1025,1281,1,c484cfc7a807af0753da6ecb2ed38ea191dd76ab92fbc1d795a7666afd20a7ae,,
1.0,G04-260202-145409-565,G04-260202-145409-565.bmp,G04,2026-02-02T14:54:09,2026-02-02,G04_2026-02-02,565,train,normal,,1025,1281,1,d85ac5f7cbd975085965cfa6dca044cd510d4f44f9f091765e83d4393b13f08f,,
1.0,G04-260202-145415-566,G04-260202-145415-566.bmp,G04,2026-02-02T14:54:15,2026-02-02,G04_2026-02-02,566,train,normal,,1025,1281,1,d402cf21661b0718b6e82d792a88a0e1e0b5f06f8c567fe9d37b38ce307bfc4c,,
1.0,G04-260202-145439-567,G04-260202-145439-567.bmp,G04,2026-02-02T14:54:39,2026-02-02,G04_2026-02-02,567,train,normal,,1025,1281,1,2f87af689806c5e90e77edcd3b088cff5a08b32dad30535232a98b77bca692e3,,
1.0,G04-260202-145445-568,G04-260202-145445-568.bmp,G04,2026-02-02T14:54:45,2026-02-02,G04_2026-02-02,568,train,normal,,1025,1281,1,a3387efea766b1c6b65f5e73902d8804c1a5582fc62e502818656bc89c1ab786,,
1.0,G04-260202-145513-569,G04-260202-145513-569.bmp,G04,2026-02-02T14:55:13,2026-02-02,G04_2026-02-02,569,train,normal,,1025,1281,1,86729425139a73e2e10d64e223d2072cfcae22260fde50ab918430940caee198,,
1.0,G04-260202-145519-570,G04-260202-145519-570.bmp,G04,2026-02-02T14:55:19,2026-02-02,G04_2026-02-02,570,train,normal,,1025,1281,1,c8ee944dbb2cb63120b32eff85a4b53868951ba8fcb067f8f6084dbf725ed4ad,,
1.0,G04-260202-145542-571,G04-260202-145542-571.bmp,G04,2026-02-02T14:55:42,2026-02-02,G04_2026-02-02,571,train,normal,,1025,1281,1,98703015ae3ac991a7ca10a398b2df49b741c98f77a77851656da2b3c78098cb,,
1.0,G04-260202-145548-572,G04-260202-145548-572.bmp,G04,2026-02-02T14:55:48,2026-02-02,G04_2026-02-02,572,train,normal,,1025,1281,1,f6c946415cf93db166dc094d7940d5b28a8275dc27d941c89756427907fba1ec,,
1.0,G04-260202-145608-573,G04-260202-145608-573.bmp,G04,2026-02-02T14:56:08,2026-02-02,G04_2026-02-02,573,train,normal,,1025,1281,1,e4a078b6e881a3a34d5c247405b38a86b2d8745b1b9d9fdd178907dc195a53eb,,
1.0,G04-260202-145614-574,G04-260202-145614-574.bmp,G04,2026-02-02T14:56:14,2026-02-02,G04_2026-02-02,574,train,normal,,1025,1281,1,dc0a0f6c1f96ede69edbd1d90e87569fbab9b29685aff77990b958ef50714626,,
1.0,G04-260202-145644-575,G04-260202-145644-575.bmp,G04,2026-02-02T14:56:44,2026-02-02,G04_2026-02-02,575,train,normal,,1025,1281,1,358a968de779c11025219fed811c0d4e6894e4db22bd5b6e5794865c028c5732,,
1.0,G04-260202-145650-576,G04-260202-145650-576.bmp,G04,2026-02-02T14:56:50,2026-02-02,G04_2026-02-02,576,train,normal,,1025,1281,1,678354351e41f0ffbf7ad0e46dce9bf271483cc617df35f3129f5427da4e2696,,
1.0,G04-260202-145713-577,G04-260202-145713-577.bmp,G04,2026-02-02T14:57:13,2026-02-02,G04_2026-02-02,577,train,normal,,1025,1281,1,47a8bf426d895462dc6207720fe309293094608adef2303adf405836a8199a64,,
1.0,G04-260202-145719-578,G04-260202-145719-578.bmp,G04,2026-02-02T14:57:19,2026-02-02,G04_2026-02-02,578,train,normal,,1025,1281,1,20b415e03a1b99a149a6f2d80acefcd82f50ee5f6f690d0906e8963394c7d609,,
1.0,G04-260202-145745-579,G04-260202-145745-579.bmp,G04,2026-02-02T14:57:45,2026-02-02,G04_2026-02-02,579,train,normal,,1025,1281,1,dfe755dbd625d1277c5c276afc7a148e3a73837e0f4e9dc3b3384851d5105023,,
1.0,G04-260202-145751-580,G04-260202-145751-580.bmp,G04,2026-02-02T14:57:51,2026-02-02,G04_2026-02-02,580,train,normal,,1025,1281,1,695acc4d3f0ebd2640a0cdf6d1ec3f49df537a92888db91efe7298a52851e649,,
1.0,G04-260202-145815-581,G04-260202-145815-581.bmp,G04,2026-02-02T14:58:15,2026-02-02,G04_2026-02-02,581,train,normal,,1025,1281,1,7a98ecd27873f37961ef5455004f698510db053e88cef64de7f0e12f66dea0b2,,
1.0,G04-260202-145822-582,G04-260202-145822-582.bmp,G04,2026-02-02T14:58:22,2026-02-02,G04_2026-02-02,582,train,normal,,1025,1281,1,82c07826181c8c39ca6cfbeeb8c9d1f001d5c670874cd9090295c0f288630f3d,,
1.0,G04-260202-145841-583,G04-260202-145841-583.bmp,G04,2026-02-02T14:58:41,2026-02-02,G04_2026-02-02,583,train,normal,,1025,1281,1,f04a35ba7628cebde3ffe75be04ad9a84341bb10bce6549460e99f614f94719d,,
1.0,G04-260202-145848-584,G04-260202-145848-584.bmp,G04,2026-02-02T14:58:48,2026-02-02,G04_2026-02-02,584,train,normal,,1025,1281,1,ca858a9add4e6d4e6984b92c2404c2671982e3fe3db56d46714fea9deea1b8c8,,
1.0,G04-260202-145913-585,G04-260202-145913-585.bmp,G04,2026-02-02T14:59:13,2026-02-02,G04_2026-02-02,585,train,normal,,1025,1281,1,4e6298f79b71b2a09edf5b8a95085102b8651130c390ec293fd989edc0d0eaec,,
1.0,G04-260202-145920-586,G04-260202-145920-586.bmp,G04,2026-02-02T14:59:20,2026-02-02,G04_2026-02-02,586,train,normal,,1025,1281,1,1168864ebbe1b6ae13bcbd30d246db87dfbbe02dfa6fe9c269f016b900f49a3f,,
1.0,G04-260202-145940-587,G04-260202-145940-587.bmp,G04,2026-02-02T14:59:40,2026-02-02,G04_2026-02-02,587,train,normal,,1025,1281,1,794c74eb515dd126fe2a78f245181d2f2ae80dce05ab23ce09688616d12e8072,,
1.0,G04-260202-145946-588,G04-260202-145946-588.bmp,G04,2026-02-02T14:59:46,2026-02-02,G04_2026-02-02,588,train,normal,,1025,1281,1,b80b7ddf4c17b04a73f30abcaa2cdca9e11a161936593ff588d4440e9e2222c1,,
1.0,G04-260202-150012-589,G04-260202-150012-589.bmp,G04,2026-02-02T15:00:12,2026-02-02,G04_2026-02-02,589,train,normal,,1025,1281,1,a28e41c3bd2ab3d7cff08ad333cb1cd274250725f6cf22d4870faff047a41696,,
1.0,G04-260202-150019-590,G04-260202-150019-590.bmp,G04,2026-02-02T15:00:19,2026-02-02,G04_2026-02-02,590,train,normal,,1025,1281,1,eb23fa20948057ff868a28b22b9409b0b13bc717e4c0a78899e7d101d1acd2c5,,
1.0,G04-260202-150043-591,G04-260202-150043-591.bmp,G04,2026-02-02T15:00:43,2026-02-02,G04_2026-02-02,591,train,normal,,1025,1281,1,4ca3879ba8a7054bde481896891c4e68421faa94b16027d0c5eff3f61cb6be11,,
1.0,G04-260202-150050-592,G04-260202-150050-592.bmp,G04,2026-02-02T15:00:50,2026-02-02,G04_2026-02-02,592,train,normal,,1025,1281,1,272c4d9a4318535e78564c68b033bbc062dade5192b6d2d06f21f2dcca4b5fdc,,
1.0,G04-260202-150115-593,G04-260202-150115-593.bmp,G04,2026-02-02T15:01:15,2026-02-02,G04_2026-02-02,593,train,normal,,1025,1281,1,e0ece2074e5716201232b94c53ff737e290761fbfc5feb4decefbdbdf65e35b5,,
1.0,G04-260202-150121-594,G04-260202-150121-594.bmp,G04,2026-02-02T15:01:21,2026-02-02,G04_2026-02-02,594,train,normal,,1025,1281,1,2d96105458ef558a477990269111cc5fb718e58c424129d7fd81c5790ee9169b,,
1.0,G04-260202-150144-595,G04-260202-150144-595.bmp,G04,2026-02-02T15:01:44,2026-02-02,G04_2026-02-02,595,train,normal,,1025,1281,1,f45ab942b40f0abaa88cab16ae9aa4b6d903ac89422b077dddd17b75cc200d6f,,
1.0,G04-260202-150151-596,G04-260202-150151-596.bmp,G04,2026-02-02T15:01:51,2026-02-02,G04_2026-02-02,596,train,normal,,1025,1281,1,d10667d2140be2d5f562ea78bd7c7cbc0726e0b9dfc16aaa6295eb54b838ba7f,,
1.0,G04-260202-150215-597,G04-260202-150215-597.bmp,G04,2026-02-02T15:02:15,2026-02-02,G04_2026-02-02,597,train,normal,,1025,1281,1,77247e3fd0620500a64914b315acb2d6ec850c9ebe776878f131780ba8a30499,,
1.0,G04-260202-150222-598,G04-260202-150222-598.bmp,G04,2026-02-02T15:02:22,2026-02-02,G04_2026-02-02,598,train,normal,,1025,1281,1,3d820b544848f79f7225c78a9dd9b75636384559e24fb7a2d1ed649a124c112f,,
1.0,G04-260202-150244-599,G04-260202-150244-599.bmp,G04,2026-02-02T15:02:44,2026-02-02,G04_2026-02-02,599,train,normal,,1025,1281,1,07266459df6e58dc5c4cb447501f9ccc25b79620543b2fac8b3396b9b1a16708,,
1.0,G04-260202-150251-600,G04-260202-150251-600.bmp,G04,2026-02-02T15:02:51,2026-02-02,G04_2026-02-02,600,train,normal,,1025,1281,1,84f94b0afdbfd14d6f661ee4195da2247ea01edf5297163fdef2d8f6343cbbf6,,
1.0,G04-260202-150313-601,G04-260202-150313-601.bmp,G04,2026-02-02T15:03:13,2026-02-02,G04_2026-02-02,601,train,normal,,1025,1281,1,3329297173b9f1f19b1af4ea0d936c83d220e1def3def33553ab0e8d78b76d4f,,
1.0,G04-260202-150319-602,G04-260202-150319-602.bmp,G04,2026-02-02T15:03:19,2026-02-02,G04_2026-02-02,602,train,normal,,1025,1281,1,87516c30e0dc0f73629deed52ad6c906fd1987d474788fa5052785f932586305,,
1.0,G04-260202-150345-603,G04-260202-150345-603.bmp,G04,2026-02-02T15:03:45,2026-02-02,G04_2026-02-02,603,train,normal,,1025,1281,1,8f269b1e14b356cdefa022d45f617200b13805b372e61054d70e91d3d8bcb81b,,
1.0,G04-260202-150351-604,G04-260202-150351-604.bmp,G04,2026-02-02T15:03:51,2026-02-02,G04_2026-02-02,604,train,normal,,1025,1281,1,d5dc18d256725d6b0b4da8da31b8eea018d236b64d9622366a1d4c1dad550733,,
1.0,G04-260202-150413-605,G04-260202-150413-605.bmp,G04,2026-02-02T15:04:13,2026-02-02,G04_2026-02-02,605,train,normal,,1025,1281,1,f1861a13b5d33e8f5e220ad8b07fead90c3a1ffe64e38c267d8ecb94791ece54,,
1.0,G04-260202-150420-606,G04-260202-150420-606.bmp,G04,2026-02-02T15:04:20,2026-02-02,G04_2026-02-02,606,train,normal,,1025,1281,1,aa11b537a7a4c0f37c9e4b1185145726518335ecdeb1caea6d9794d7a0305d09,,
1.0,G04-260202-150446-607,G04-260202-150446-607.bmp,G04,2026-02-02T15:04:46,2026-02-02,G04_2026-02-02,607,train,normal,,1025,1281,1,745dd0d6ca2642ae5add0a4229fa0a55222c8a8122f94bba69d2c1f05301aa93,,
1.0,G04-260202-150452-608,G04-260202-150452-608.bmp,G04,2026-02-02T15:04:52,2026-02-02,G04_2026-02-02,608,train,normal,,1025,1281,1,5b2170022325322371ada4de34ed20d1b4cff2b3941b01a35f59e2f85d3d7407,,
1.0,G04-260202-150515-609,G04-260202-150515-609.bmp,G04,2026-02-02T15:05:15,2026-02-02,G04_2026-02-02,609,train,normal,,1025,1281,1,26a84733e14fe29a03a02fc5ba502f979d43e69c9ab89582abe3ae98d5c0a56b,,
1.0,G04-260202-150521-610,G04-260202-150521-610.bmp,G04,2026-02-02T15:05:21,2026-02-02,G04_2026-02-02,610,train,normal,,1025,1281,1,4eebce91b7901b10498fed0ac2b6fa5b4136c2c789950bb50e28f14ad5b9c447,,
1.0,G04-260202-150542-611,G04-260202-150542-611.bmp,G04,2026-02-02T15:05:42,2026-02-02,G04_2026-02-02,611,train,normal,,1025,1281,1,2e9cc932cf090f5e3f569fd26e50e81794a40fb3c453c3895a68d4ed84fee7b7,,
1.0,G04-260202-150548-612,G04-260202-150548-612.bmp,G04,2026-02-02T15:05:48,2026-02-02,G04_2026-02-02,612,train,normal,,1025,1281,1,df96d6b4deb6ca225c776ec4badba7e4f7340f9bab060c1ff463b2723ec590f8,,
1.0,G04-260202-150611-613,G04-260202-150611-613.bmp,G04,2026-02-02T15:06:11,2026-02-02,G04_2026-02-02,613,train,normal,,1025,1281,1,8e49af2f7f5277088ab275bb14ef4675e54767ed984fdd21061722f5205a4be6,,
1.0,G04-260202-150618-614,G04-260202-150618-614.bmp,G04,2026-02-02T15:06:18,2026-02-02,G04_2026-02-02,614,train,normal,,1025,1281,1,cd8535dc74ce0bf2e7d0da5b94f044b74b702f01d8661588f16cd2b26051593e,,
1.0,G04-260202-150641-615,G04-260202-150641-615.bmp,G04,2026-02-02T15:06:41,2026-02-02,G04_2026-02-02,615,train,normal,,1025,1281,1,1f0250d0f546c24e362ef10e828dd8db0af38c7ce4a1520a79f064fea5c21e90,,
1.0,G04-260202-150648-616,G04-260202-150648-616.bmp,G04,2026-02-02T15:06:48,2026-02-02,G04_2026-02-02,616,train,normal,,1025,1281,1,1c9f654a1139380e5696ed50db83c1578b2620cbd380e59b7049def489816f68,,
1.0,G04-260202-150713-617,G04-260202-150713-617.bmp,G04,2026-02-02T15:07:13,2026-02-02,G04_2026-02-02,617,train,normal,,1025,1281,1,658406c6d6ad48bc89f3ce5ab6b34f8dffed7404a1452d8f67a45fd26ac044ce,,
1.0,G04-260202-150719-618,G04-260202-150719-618.bmp,G04,2026-02-02T15:07:19,2026-02-02,G04_2026-02-02,618,train,normal,,1025,1281,1,ecb02024d1e41e29915d3fe781d43fe6c9008584e4a47c7d50f20b372f231bbb,,
1.0,G04-260202-150743-619,G04-260202-150743-619.bmp,G04,2026-02-02T15:07:43,2026-02-02,G04_2026-02-02,619,train,normal,,1025,1281,1,58786bc6ba088a7e23dc2a9cee0869b13729b01afd0f43b0519aaff7aa204c9d,,
1.0,G04-260202-150750-620,G04-260202-150750-620.bmp,G04,2026-02-02T15:07:50,2026-02-02,G04_2026-02-02,620,train,normal,,1025,1281,1,18c799dcbd07373782c5edc8f5460d34a653249f2aeee9f710d709911a25b83a,,
1.0,G04-260202-150815-621,G04-260202-150815-621.bmp,G04,2026-02-02T15:08:15,2026-02-02,G04_2026-02-02,621,train,normal,,1025,1281,1,2956ba42a613eaafadb3d93d6b5ffa1cb3b5e5053be751a4f8fc97fba558a7a6,,
1.0,G04-260202-150822-622,G04-260202-150822-622.bmp,G04,2026-02-02T15:08:22,2026-02-02,G04_2026-02-02,622,train,normal,,1025,1281,1,7a27d48c3152c4127fa30e4e962875661fda26ab0bb9073f6cfb2b56546c4bbe,,
1.0,G04-260202-150845-623,G04-260202-150845-623.bmp,G04,2026-02-02T15:08:45,2026-02-02,G04_2026-02-02,623,train,normal,,1025,1281,1,c903edccbc92542e08960a20219c671fcc572b9ef7828bf69fb1aeb266573d9f,,
1.0,G04-260202-150852-624,G04-260202-150852-624.bmp,G04,2026-02-02T15:08:52,2026-02-02,G04_2026-02-02,624,train,normal,,1025,1281,1,8a16e411ea027ffaa8d5ff64602193ab07cf0043792015a0ab92a6b67d72ffa2,,
1.0,G04-260202-150915-625,G04-260202-150915-625.bmp,G04,2026-02-02T15:09:15,2026-02-02,G04_2026-02-02,625,train,normal,,1025,1281,1,be9369a65af54c6ac27f47a3d761410967077419ce8410fab0160d5339b75b03,,
1.0,G04-260202-150921-626,G04-260202-150921-626.bmp,G04,2026-02-02T15:09:21,2026-02-02,G04_2026-02-02,626,train,normal,,1025,1281,1,fcee6d7cdb86dc4577b8e9fee87bce7f2e7cb77cbee06f4509f60ed5ccb1c5bc,,
1.0,G04-260202-150946-627,G04-260202-150946-627.bmp,G04,2026-02-02T15:09:46,2026-02-02,G04_2026-02-02,627,train,normal,,1025,1281,1,2f2caa8b296602c8b8af92972602140face0de488aa952e3478dac302f9a0105,,
1.0,G04-260202-150952-628,G04-260202-150952-628.bmp,G04,2026-02-02T15:09:52,2026-02-02,G04_2026-02-02,628,train,normal,,1025,1281,1,d7e12fb017e56eac11f3864223782c5f6767cb03f246840f89e4adea0e270d5b,,
1.0,G04-260202-151015-629,G04-260202-151015-629.bmp,G04,2026-02-02T15:10:15,2026-02-02,G04_2026-02-02,629,train,normal,,1025,1281,1,6fcaed65bcefed4a412257c9bb7d8bf950aae113795e2caa3b31833504b2cba1,,
1.0,G04-260202-151021-630,G04-260202-151021-630.bmp,G04,2026-02-02T15:10:21,2026-02-02,G04_2026-02-02,630,train,normal,,1025,1281,1,b41e7839424ac01d561254fab4912d0b95cc3b842367549900d34e3117e20dbc,,
1.0,G04-260202-151046-631,G04-260202-151046-631.bmp,G04,2026-02-02T15:10:46,2026-02-02,G04_2026-02-02,631,train,normal,,1025,1281,1,3673950695f75a56e88bdd095a83a92fbbc056243845d74875ac96a849c5395b,,
1.0,G04-260202-151053-632,G04-260202-151053-632.bmp,G04,2026-02-02T15:10:53,2026-02-02,G04_2026-02-02,632,train,normal,,1025,1281,1,f8105e6c5498208ca8a1a13d3482b876b42f50abc67a557ec079c7b55454fad2,,
1.0,G04-260202-151115-633,G04-260202-151115-633.bmp,G04,2026-02-02T15:11:15,2026-02-02,G04_2026-02-02,633,train,normal,,1025,1281,1,53ae651f2eff1d4b3232f61739cf3c7d4bd0dc81908fb39ea6f8beaa8e93a3de,,
1.0,G04-260202-151121-634,G04-260202-151121-634.bmp,G04,2026-02-02T15:11:21,2026-02-02,G04_2026-02-02,634,train,normal,,1025,1281,1,f7ab3a8df259a1ea15c4d61afa174850952e50f117503e7f5e98acb47c8893b4,,
1.0,G04-260202-151146-635,G04-260202-151146-635.bmp,G04,2026-02-02T15:11:46,2026-02-02,G04_2026-02-02,635,train,normal,,1025,1281,1,9b715ae0f2948fb1d23b8970a6d3f6e2e57275e04436c28efd4619c99e94afa1,,
1.0,G04-260202-151152-636,G04-260202-151152-636.bmp,G04,2026-02-02T15:11:52,2026-02-02,G04_2026-02-02,636,train,normal,,1025,1281,1,b8e7c91b0c40adbcd9cd02bbec199c21bb7a82a188e54b25e260c419f3e917f2,,
1.0,G04-260202-151214-637,G04-260202-151214-637.bmp,G04,2026-02-02T15:12:14,2026-02-02,G04_2026-02-02,637,train,normal,,1025,1281,1,6305b370ed7f6edf5b9592b945115747936729f1d8c1e95dfdb88ef2f495f6d6,,
1.0,G04-260202-151221-638,G04-260202-151221-638.bmp,G04,2026-02-02T15:12:21,2026-02-02,G04_2026-02-02,638,train,normal,,1025,1281,1,40d0288951d159ee0559db333da211ba40e94ded0d5e56a039ed73a50119b10f,,
1.0,G04-260202-151245-639,G04-260202-151245-639.bmp,G04,2026-02-02T15:12:45,2026-02-02,G04_2026-02-02,639,train,normal,,1025,1281,1,a94020a9e51033fecce2c6a063637f5eef6d0b53ad259fd8cf0880e6eea20ef7,,
1.0,G04-260202-151252-640,G04-260202-151252-640.bmp,G04,2026-02-02T15:12:52,2026-02-02,G04_2026-02-02,640,train,normal,,1025,1281,1,ba7734648c1148bc664220df6686fce09f845097db3b11de77c07864ac52212f,,
1.0,G04-260202-151314-641,G04-260202-151314-641.bmp,G04,2026-02-02T15:13:14,2026-02-02,G04_2026-02-02,641,train,normal,,1025,1281,1,8869d092c8b8226b48bd4c7cdf77e4eb48887fec0d40378b1acbcc721dbfc560,,
1.0,G04-260202-151321-642,G04-260202-151321-642.bmp,G04,2026-02-02T15:13:21,2026-02-02,G04_2026-02-02,642,train,normal,,1025,1281,1,4638082dc0972e3655886795585746a19419cb5dc43a2c663f69b4dcdd1bccdd,,
1.0,G04-260202-151345-643,G04-260202-151345-643.bmp,G04,2026-02-02T15:13:45,2026-02-02,G04_2026-02-02,643,train,normal,,1025,1281,1,6f572cc5709a7595e532314083881cce17554b775289fd578e721f64110eb205,,
1.0,G04-260202-151352-644,G04-260202-151352-644.bmp,G04,2026-02-02T15:13:52,2026-02-02,G04_2026-02-02,644,train,normal,,1025,1281,1,f73d1746819764e79b5f631d143b124c7ff0c248467dd9267112d49144b69a1e,,
1.0,G04-260202-151415-645,G04-260202-151415-645.bmp,G04,2026-02-02T15:14:15,2026-02-02,G04_2026-02-02,645,train,normal,,1025,1281,1,b24cc59d6fef8b352a8972fe748bbdb0565cb2f519055ba3f9dc0f221427d99f,,
1.0,G04-260202-151422-646,G04-260202-151422-646.bmp,G04,2026-02-02T15:14:22,2026-02-02,G04_2026-02-02,646,train,normal,,1025,1281,1,a062dd0e59e44ee73f40889be25720d2478a255f58d09450e6c59119cef0a4f8,,
1.0,G04-260202-151444-647,G04-260202-151444-647.bmp,G04,2026-02-02T15:14:44,2026-02-02,G04_2026-02-02,647,train,normal,,1025,1281,1,2ef4e48185424548df6573ecbaea1f83decdd48e20d4de2e939f6ed0af983828,,
1.0,G04-260202-151450-648,G04-260202-151450-648.bmp,G04,2026-02-02T15:14:50,2026-02-02,G04_2026-02-02,648,train,normal,,1025,1281,1,88e6bcbe8e34634394c7b56ab2236383fc8eea5e941a71dc0e2968916f5f8270,,
1.0,G04-260202-151513-649,G04-260202-151513-649.bmp,G04,2026-02-02T15:15:13,2026-02-02,G04_2026-02-02,649,train,normal,,1025,1281,1,0fbe8fd0dbad6e0c2b7b540d267bc5b595b0b31d1df20525fd97f63a9dea793d,,
1.0,G04-260202-151519-650,G04-260202-151519-650.bmp,G04,2026-02-02T15:15:19,2026-02-02,G04_2026-02-02,650,train,normal,,1025,1281,1,135fd4dba7df8b3829b6376cd5afc37867bb8574833fd3c33c3c7a875ff48150,,
1.0,G04-260202-151543-651,G04-260202-151543-651.bmp,G04,2026-02-02T15:15:43,2026-02-02,G04_2026-02-02,651,train,normal,,1025,1281,1,6864cc3b598f267bee13997acfd655688cfbad043ee339121e9c3401810172e9,,
1.0,G04-260202-151550-652,G04-260202-151550-652.bmp,G04,2026-02-02T15:15:50,2026-02-02,G04_2026-02-02,652,train,normal,,1025,1281,1,9a369113d0f0f8331d2f2a1e475ae8b32c6524e2f878fdc9e37d1444d483495d,,
1.0,G04-260202-151615-653,G04-260202-151615-653.bmp,G04,2026-02-02T15:16:15,2026-02-02,G04_2026-02-02,653,train,normal,,1025,1281,1,b4095c866ab01bb5a2164f51780754322e4fdfe1056e061cdf99e1b5c8d2dcc6,,
1.0,G04-260202-151622-654,G04-260202-151622-654.bmp,G04,2026-02-02T15:16:22,2026-02-02,G04_2026-02-02,654,train,normal,,1025,1281,1,2c03745388eb0a80745b33d66b92de88838699c9401ea8a85d3edadcf2ce6c42,,
1.0,G04-260202-151646-655,G04-260202-151646-655.bmp,G04,2026-02-02T15:16:46,2026-02-02,G04_2026-02-02,655,train,normal,,1025,1281,1,f5dfa5b5648f55539ab2863f3ab2081e5402b1bad055c399a4676f4923eee378,,
1.0,G04-260202-151652-656,G04-260202-151652-656.bmp,G04,2026-02-02T15:16:52,2026-02-02,G04_2026-02-02,656,train,normal,,1025,1281,1,13d03165e021fdcb48e5d9f4dc4c76929ac1c0766bc708436f2ca426b8200f59,,
1.0,G04-260202-151716-657,G04-260202-151716-657.bmp,G04,2026-02-02T15:17:16,2026-02-02,G04_2026-02-02,657,train,normal,,1025,1281,1,1e9efc1964f5798ffe928e5563cc1cd6869ba56538ceb6bd84704c57207f521f,,
1.0,G04-260202-151722-658,G04-260202-151722-658.bmp,G04,2026-02-02T15:17:22,2026-02-02,G04_2026-02-02,658,train,normal,,1025,1281,1,b850065872c4e9c8763733c91c5327c31226e4caea2870e812cff2fdd8a5d60b,,
1.0,G04-260202-151745-659,G04-260202-151745-659.bmp,G04,2026-02-02T15:17:45,2026-02-02,G04_2026-02-02,659,train,normal,,1025,1281,1,1700a1e706b0d5dd3851cb156e3331dffb7bf813f9aaf25d16edd579334aded9,,
1.0,G04-260202-151751-660,G04-260202-151751-660.bmp,G04,2026-02-02T15:17:51,2026-02-02,G04_2026-02-02,660,train,normal,,1025,1281,1,cac95c35414f42ef43ee47369e25e73e36deae1fc890f9dcf9a17ac3b05c5631,,
1.0,G04-260202-151816-661,G04-260202-151816-661.bmp,G04,2026-02-02T15:18:16,2026-02-02,G04_2026-02-02,661,train,normal,,1025,1281,1,ebceba4bec2f4ffd9703a2285caaf9b30c3f189a11649fd4d21d0026486a779f,,
1.0,G04-260202-151823-662,G04-260202-151823-662.bmp,G04,2026-02-02T15:18:23,2026-02-02,G04_2026-02-02,662,train,normal,,1025,1281,1,223078f0184abbdbcb2d6b3e984e091c065a6dfedfb2426a1ad202b9a8f055f1,,
1.0,G04-260202-151847-663,G04-260202-151847-663.bmp,G04,2026-02-02T15:18:47,2026-02-02,G04_2026-02-02,663,train,normal,,1025,1281,1,9055646add28c653b3631ec87e1c2ed3bbd71cc1ae176f5a1c834ac6631eca08,,
1.0,G04-260202-151853-664,G04-260202-151853-664.bmp,G04,2026-02-02T15:18:53,2026-02-02,G04_2026-02-02,664,train,normal,,1025,1281,1,19b6d156dcf88c6cb9d5d67b1f3a48e20be8af921f7ce2fcbdac5b26068b2eb9,,
1.0,G04-260202-151917-665,G04-260202-151917-665.bmp,G04,2026-02-02T15:19:17,2026-02-02,G04_2026-02-02,665,train,normal,,1025,1281,1,8d6921bf920e0775b514c88e26ffc7c6e9cb021783b5fee5fa514f6550a81304,,
1.0,G04-260202-151924-666,G04-260202-151924-666.bmp,G04,2026-02-02T15:19:24,2026-02-02,G04_2026-02-02,666,train,normal,,1025,1281,1,a17fbb280998a82add0917598ba838528aca3f21b654f1f334e6148c2acbd3f3,,
1.0,G04-260202-151947-667,G04-260202-151947-667.bmp,G04,2026-02-02T15:19:47,2026-02-02,G04_2026-02-02,667,train,normal,,1025,1281,1,b8631cbfab19bd98eefa93850ec3fcbc4f1fc5047a29e47d1500cc00ed70a7dd,,
1.0,G04-260202-151953-668,G04-260202-151953-668.bmp,G04,2026-02-02T15:19:53,2026-02-02,G04_2026-02-02,668,train,normal,,1025,1281,1,4f41b068dcec9c51ab9f593e7ffbae9e7fbf0d2e293c4fcf60c6f8d7825521c5,,
1.0,G04-260202-152016-669,G04-260202-152016-669.bmp,G04,2026-02-02T15:20:16,2026-02-02,G04_2026-02-02,669,train,normal,,1025,1281,1,f30c62f1c083f890580435076863a4456f6c8ad7b401296c0107bbe73ebec40c,,
1.0,G04-260202-152022-670,G04-260202-152022-670.bmp,G04,2026-02-02T15:20:22,2026-02-02,G04_2026-02-02,670,train,normal,,1025,1281,1,b83c5a1eea2f7f0716d3ac5267ed59e78c1a7ca312540f3de421f86e6110be80,,
1.0,G04-260202-152046-671,G04-260202-152046-671.bmp,G04,2026-02-02T15:20:46,2026-02-02,G04_2026-02-02,671,train,normal,,1025,1281,1,e90c3dcb039cc780bac93c1f3d06027d3b41cd9b4b752ffed364144e72de68bd,,
1.0,G04-260202-152053-672,G04-260202-152053-672.bmp,G04,2026-02-02T15:20:53,2026-02-02,G04_2026-02-02,672,train,normal,,1025,1281,1,27dc43486af909df4cfae8f156671aae734b8cc074cc8b53214f5a09143886e8,,
1.0,G04-260202-152117-673,G04-260202-152117-673.bmp,G04,2026-02-02T15:21:17,2026-02-02,G04_2026-02-02,673,train,normal,,1025,1281,1,bf9e63edb997e16cfe99313e47ac8b68418e20844f13b3f0b225fe7484512e55,,
1.0,G04-260202-152123-674,G04-260202-152123-674.bmp,G04,2026-02-02T15:21:23,2026-02-02,G04_2026-02-02,674,train,normal,,1025,1281,1,f1055cf649d79757e3ec77ece3b9b896a43fcc9b8f1c4902f18bcd15d7094787,,
1.0,G04-260202-152146-675,G04-260202-152146-675.bmp,G04,2026-02-02T15:21:46,2026-02-02,G04_2026-02-02,675,train,normal,,1025,1281,1,9b9ec3d4e04e21602b1a1df4919196944a85fd9f7f6672000da79a55f7259762,,
1.0,G04-260202-152153-676,G04-260202-152153-676.bmp,G04,2026-02-02T15:21:53,2026-02-02,G04_2026-02-02,676,train,normal,,1025,1281,1,933a3cd87226fa2facbb2c48f0fc5298e402ac63e7fcd1551bcc9ed3b2f3182e,,
1.0,G04-260202-152214-677,G04-260202-152214-677.bmp,G04,2026-02-02T15:22:14,2026-02-02,G04_2026-02-02,677,train,normal,,1025,1281,1,80d5f972f832f07270ee5b1a38ffa5fb16220e091820522a8fe2197e1f5066d8,,
1.0,G04-260202-152221-678,G04-260202-152221-678.bmp,G04,2026-02-02T15:22:21,2026-02-02,G04_2026-02-02,678,train,normal,,1025,1281,1,fdf6349a71c3ad942a77502fe3cacbb0f22f4113c59b32e4815f6607b9b0aaef,,
1.0,G04-260202-152246-679,G04-260202-152246-679.bmp,G04,2026-02-02T15:22:46,2026-02-02,G04_2026-02-02,679,train,normal,,1025,1281,1,6de0992981030e5fe17d98b816a1d67f5a21f2b59ad592d352a168c625bb50db,,
1.0,G04-260202-152253-680,G04-260202-152253-680.bmp,G04,2026-02-02T15:22:53,2026-02-02,G04_2026-02-02,680,train,normal,,1025,1281,1,c6304c960c2f4a525420044c2f8c257fc3feea3930696d4b732a992a128ba110,,
1.0,G04-260202-152315-681,G04-260202-152315-681.bmp,G04,2026-02-02T15:23:15,2026-02-02,G04_2026-02-02,681,train,normal,,1025,1281,1,a93f0ff806dca4f64acfb4b83d583d991139020bde930ecbc40dc9c5962d323a,,
1.0,G04-260202-152321-682,G04-260202-152321-682.bmp,G04,2026-02-02T15:23:21,2026-02-02,G04_2026-02-02,682,train,normal,,1025,1281,1,b2875e07bd819e0a2dee8cf99a9f19440c475b74462dd39e73f6e5b62923a2af,,
1.0,G04-260202-152346-683,G04-260202-152346-683.bmp,G04,2026-02-02T15:23:46,2026-02-02,G04_2026-02-02,683,train,normal,,1025,1281,1,16bc3200692f47c78fa82af0fd690dc90a0961519a5f3c0949794224a6a2f729,,
1.0,G04-260202-152352-684,G04-260202-152352-684.bmp,G04,2026-02-02T15:23:52,2026-02-02,G04_2026-02-02,684,train,normal,,1025,1281,1,72a8e55a685a643cb51d49cbf4d329b247dfdcb15730fa167ed3919b250ea429,,
1.0,G04-260202-152414-685,G04-260202-152414-685.bmp,G04,2026-02-02T15:24:14,2026-02-02,G04_2026-02-02,685,train,normal,,1025,1281,1,2492c1f5f0880f6f1bf7f09e521bcd0bf0bb6b169605ff206392d4004a22d231,,
1.0,G04-260202-152420-686,G04-260202-152420-686.bmp,G04,2026-02-02T15:24:20,2026-02-02,G04_2026-02-02,686,train,normal,,1025,1281,1,3a6b9dca7e0fdeb62e067ea45a524de35dc70ba331e0fc9d0991be21b4e80438,,
1.0,G04-260202-152447-687,G04-260202-152447-687.bmp,G04,2026-02-02T15:24:47,2026-02-02,G04_2026-02-02,687,train,normal,,1025,1281,1,498c3d6399945e6f3c068d869214333a2752cecbd6531f65ad809ba14b706764,,
1.0,G04-260202-152453-688,G04-260202-152453-688.bmp,G04,2026-02-02T15:24:53,2026-02-02,G04_2026-02-02,688,train,normal,,1025,1281,1,f31e778d14557ccb405449c80655a6b72f5f22892b5a9a61363e5d1c459faf96,,
1.0,G04-260202-152519-689,G04-260202-152519-689.bmp,G04,2026-02-02T15:25:19,2026-02-02,G04_2026-02-02,689,train,normal,,1025,1281,1,430adea1b129a90a4ea960bea7ecf1aedf54bffeeef5e2d1c6eb415fe179957d,,
1.0,G04-260202-152525-690,G04-260202-152525-690.bmp,G04,2026-02-02T15:25:25,2026-02-02,G04_2026-02-02,690,train,normal,,1025,1281,1,6b427a63f7ffe71ca93c89970a2022fd8f6f87c31af48da743df146cbe313278,,
1.0,G04-260202-152548-691,G04-260202-152548-691.bmp,G04,2026-02-02T15:25:48,2026-02-02,G04_2026-02-02,691,train,normal,,1025,1281,1,19e5f17cefca9bfd12350926edc4e7d93fa1b3c7658363aa87cccdd6527ce684,,
1.0,G04-260202-152554-692,G04-260202-152554-692.bmp,G04,2026-02-02T15:25:54,2026-02-02,G04_2026-02-02,692,train,normal,,1025,1281,1,cce7ec9f6a6289639e34d02370ddacaee75568636f23c0c1814a788b7a514d80,,
1.0,G04-260202-152615-693,G04-260202-152615-693.bmp,G04,2026-02-02T15:26:15,2026-02-02,G04_2026-02-02,693,train,normal,,1025,1281,1,89561f7ffc939e774d62247621b29e21b2a5cbda2f912adab5bac1ad624f81a0,,
1.0,G04-260202-152621-694,G04-260202-152621-694.bmp,G04,2026-02-02T15:26:21,2026-02-02,G04_2026-02-02,694,train,normal,,1025,1281,1,b3ba955dea3818d906329ab45291d8b1b85f452b2bae96034ef1ceb75342ef39,,
1.0,G04-260202-152643-695,G04-260202-152643-695.bmp,G04,2026-02-02T15:26:43,2026-02-02,G04_2026-02-02,695,train,normal,,1025,1281,1,a457b4e4c5da81d0bd89bbd2b73a2f4987eb58569ef3c75ccf3bc9b881024aab,,
1.0,G04-260202-152649-696,G04-260202-152649-696.bmp,G04,2026-02-02T15:26:49,2026-02-02,G04_2026-02-02,696,train,normal,,1025,1281,1,98948e3c907d22d745d60bfc562a63d28f0c4df2749034fefd3b3b30a8a14735,,
1.0,G04-260202-152716-697,G04-260202-152716-697.bmp,G04,2026-02-02T15:27:16,2026-02-02,G04_2026-02-02,697,train,normal,,1025,1281,1,c57c9b4fc5bca4a14d792f7ab0ed9def7c33139413a8d879f81f5230d6efccce,,
1.0,G04-260202-152722-698,G04-260202-152722-698.bmp,G04,2026-02-02T15:27:22,2026-02-02,G04_2026-02-02,698,train,normal,,1025,1281,1,4d6e8e64c9b36a1913c36af41bb6ec346e20ca5285b9193bdcddc05a9d961e98,,
1.0,G04-260202-152748-699,G04-260202-152748-699.bmp,G04,2026-02-02T15:27:48,2026-02-02,G04_2026-02-02,699,train,normal,,1025,1281,1,c5d3b3d4d39006b62ac82ad45e3d831968e55cac81634ef0a85ee0a7f951812a,,
1.0,G04-260202-152754-700,G04-260202-152754-700.bmp,G04,2026-02-02T15:27:54,2026-02-02,G04_2026-02-02,700,train,normal,,1025,1281,1,ab4e2dbcd014699c5071b69d1fdbbf20831b36fafdc466ab753fa6bf5afa1e4e,,
1.0,G04-260202-152818-701,G04-260202-152818-701.bmp,G04,2026-02-02T15:28:18,2026-02-02,G04_2026-02-02,701,train,normal,,1025,1281,1,3630178e7c12f0d2bded269b896ac8229bd21aab37bdc221da80e57b9a921447,,
1.0,G04-260202-152825-702,G04-260202-152825-702.bmp,G04,2026-02-02T15:28:25,2026-02-02,G04_2026-02-02,702,train,normal,,1025,1281,1,35d40b260825208e34dd284a6e7ed8e1f85cc676057e9e423a47041d51e6bb40,,
1.0,G04-260202-152848-703,G04-260202-152848-703.bmp,G04,2026-02-02T15:28:48,2026-02-02,G04_2026-02-02,703,train,normal,,1025,1281,1,59c89ee3e11c109e002af1e8cbc99e145067e28a3520b5034108d154444437f7,,
1.0,G04-260202-152854-704,G04-260202-152854-704.bmp,G04,2026-02-02T15:28:54,2026-02-02,G04_2026-02-02,704,train,normal,,1025,1281,1,2f645e4a91349565e015e19e1872ca3da9f79b788ee09f3b5cc90f0527d640de,,
1.0,G04-260202-152917-705,G04-260202-152917-705.bmp,G04,2026-02-02T15:29:17,2026-02-02,G04_2026-02-02,705,train,normal,,1025,1281,1,2aff659950432a6922c25a9d6906758a86b4e4ec8b4378d8659e46aad18289cd,,
1.0,G04-260202-152926-706,G04-260202-152926-706.bmp,G04,2026-02-02T15:29:26,2026-02-02,G04_2026-02-02,706,train,normal,,1025,1281,1,ad52e6798ceaaafdaa44ec2bb5ee5e9d3d2cbdc4c5e5f4abc5f889ac6c676597,,
1.0,G04-260202-152940-707,G04-260202-152940-707.bmp,G04,2026-02-02T15:29:40,2026-02-02,G04_2026-02-02,707,train,normal,,1025,1281,1,72bb02aa188d0f0996a037a2c9bd7c4004d82fbbd729e5891489b416b65b5ac7,,
1.0,G04-260202-152946-708,G04-260202-152946-708.bmp,G04,2026-02-02T15:29:46,2026-02-02,G04_2026-02-02,708,train,normal,,1025,1281,1,bfa01b9f45ce19459f491259c04a83f7b381b20255f206c1416494ef2801782c,,
1.0,G04-260202-153010-709,G04-260202-153010-709.bmp,G04,2026-02-02T15:30:10,2026-02-02,G04_2026-02-02,709,train,normal,,1025,1281,1,d90ed44426cd96d193084497a8e651e6021c07e0852729c771a03273a2916bc5,,
1.0,G04-260202-153017-710,G04-260202-153017-710.bmp,G04,2026-02-02T15:30:17,2026-02-02,G04_2026-02-02,710,train,normal,,1025,1281,1,4370e2ad50f775b39747c0c01446132cd5e7e7b6a46efb1f0010d83becf0a31e,,
1.0,G04-260202-153046-711,G04-260202-153046-711.bmp,G04,2026-02-02T15:30:46,2026-02-02,G04_2026-02-02,711,train,normal,,1025,1281,1,37887ab13e4b7f89709b2cd9b8cc614595ffb401ae71dfa16a4aa28d895cfe65,,
1.0,G04-260202-153053-712,G04-260202-153053-712.bmp,G04,2026-02-02T15:30:53,2026-02-02,G04_2026-02-02,712,train,normal,,1025,1281,1,977c52ef4d946aca98a98a912904cc088ef9a372d0baf9d7bcc0fe85c1bb138e,,
1.0,G04-260202-153118-713,G04-260202-153118-713.bmp,G04,2026-02-02T15:31:18,2026-02-02,G04_2026-02-02,713,train,normal,,1025,1281,1,18c9f66eadbe2fdcc646cd41dd8f591491fbb2f7f402f963258cba0b946ccf4c,,
1.0,G04-260202-153124-714,G04-260202-153124-714.bmp,G04,2026-02-02T15:31:24,2026-02-02,G04_2026-02-02,714,train,normal,,1025,1281,1,64929bc6c4a7bc0ef71d30d8b7e3509f858f613d1e5769cbf0e38df42d9e6f27,,
1.0,G04-260202-153148-715,G04-260202-153148-715.bmp,G04,2026-02-02T15:31:48,2026-02-02,G04_2026-02-02,715,train,normal,,1025,1281,1,25e77fca2edb8c2d09dac9f917ff1c6e5e1c767224123d3a9d216951f24f173b,,
1.0,G04-260202-153157-716,G04-260202-153157-716.bmp,G04,2026-02-02T15:31:57,2026-02-02,G04_2026-02-02,716,train,normal,,1025,1281,1,c848708da967e54d240136b4f97f7324e49a9e98ef0906e58d9dc013dfc5639b,,
1.0,G04-260202-153212-717,G04-260202-153212-717.bmp,G04,2026-02-02T15:32:12,2026-02-02,G04_2026-02-02,717,train,normal,,1025,1281,1,8951c603f70c7a633de0f5f8dc2745a53b7335492bc4ac7270a45dcdb59adbfd,,
1.0,G04-260202-153219-718,G04-260202-153219-718.bmp,G04,2026-02-02T15:32:19,2026-02-02,G04_2026-02-02,718,train,normal,,1025,1281,1,fcb90033270d8e876cba7310d5b2c96ac4791abc423dfcb0091b0146d57ba7ee,,
1.0,G04-260202-153250-719,G04-260202-153250-719.bmp,G04,2026-02-02T15:32:50,2026-02-02,G04_2026-02-02,719,train,normal,,1025,1281,1,36df4960241d7485938a545152547b2693cc0c4dae291600236d1b475f5fd787,,
1.0,G04-260202-153256-720,G04-260202-153256-720.bmp,G04,2026-02-02T15:32:56,2026-02-02,G04_2026-02-02,720,train,normal,,1025,1281,1,eeb95e21b90c565606a2a7e66b7c8fa0d986b62ae9e8b82c534519ac8b801a54,,
1.0,G04-260202-153325-721,G04-260202-153325-721.bmp,G04,2026-02-02T15:33:25,2026-02-02,G04_2026-02-02,721,train,normal,,1025,1281,1,90cdc221b4bef49631bba07133f92dea3211b49b7fb8dc19f97c210d43cba8cb,,
1.0,G04-260202-153331-722,G04-260202-153331-722.bmp,G04,2026-02-02T15:33:31,2026-02-02,G04_2026-02-02,722,train,normal,,1025,1281,1,a2aa206587c00ee3303bfeeae9989cb44564ee723941012deabefb6373b07b4a,,
1.0,G04-260202-153338-723,G04-260202-153338-723.bmp,G04,2026-02-02T15:33:38,2026-02-02,G04_2026-02-02,723,train,normal,,1025,1281,1,933ebf43a515a87d7dff126e7a5cf29cff4aaf339c0fe087d92c87d7622f6cd2,,
1.0,G04-260202-153347-724,G04-260202-153347-724.bmp,G04,2026-02-02T15:33:47,2026-02-02,G04_2026-02-02,724,train,normal,,1025,1281,1,b4ff82c34f5c2c504b210c47a8fae69aaf65e8f084a73abd5b1b033a8b2c7acd,,
1.0,G04-260202-153415-725,G04-260202-153415-725.bmp,G04,2026-02-02T15:34:15,2026-02-02,G04_2026-02-02,725,train,normal,,1025,1281,1,2740dc927b0e2308013e21dc9d9408e5add11c4fb0659d0f853411e60d4c35bc,,
1.0,G04-260202-153422-726,G04-260202-153422-726.bmp,G04,2026-02-02T15:34:22,2026-02-02,G04_2026-02-02,726,train,normal,,1025,1281,1,c55d4910d9b94ba4652bbd7b115ecf6712065a6c4a4d8c1744c318939e7f7452,,
1.0,G04-260202-153447-727,G04-260202-153447-727.bmp,G04,2026-02-02T15:34:47,2026-02-02,G04_2026-02-02,727,train,normal,,1025,1281,1,e88d0e99cc9d81767971ff5c1caf971975a185fb963d143874243e51d2e228c5,,
1.0,G04-260202-153454-728,G04-260202-153454-728.bmp,G04,2026-02-02T15:34:54,2026-02-02,G04_2026-02-02,728,train,normal,,1025,1281,1,7b1e124ccf146d15357232c73f884e1c3e18416c1a033178539f76727ef77239,,
1.0,G04-260202-153518-729,G04-260202-153518-729.bmp,G04,2026-02-02T15:35:18,2026-02-02,G04_2026-02-02,729,train,normal,,1025,1281,1,a040cc9107822f57ce170e4c0dff4ebfa85f6cf47cf29ba0abc9c03ad0b36d0a,,
1.0,G04-260202-153525-730,G04-260202-153525-730.bmp,G04,2026-02-02T15:35:25,2026-02-02,G04_2026-02-02,730,train,normal,,1025,1281,1,34da9391e9cb442ac25551df0f79d7942144740df087c2f87d73ace82417f177,,
1.0,G04-260202-153549-731,G04-260202-153549-731.bmp,G04,2026-02-02T15:35:49,2026-02-02,G04_2026-02-02,731,train,normal,,1025,1281,1,defc198d3b9f7c7d3c94085044e7d816b444bc26c58d95c0c4c39d01d3cc407c,,
1.0,G04-260202-153555-732,G04-260202-153555-732.bmp,G04,2026-02-02T15:35:55,2026-02-02,G04_2026-02-02,732,train,normal,,1025,1281,1,e92b4376b8cdff9fdb671f104cefffcd047964176d6e6fb30a9774da6cf388c1,,
1.0,G04-260202-153617-733,G04-260202-153617-733.bmp,G04,2026-02-02T15:36:17,2026-02-02,G04_2026-02-02,733,train,normal,,1025,1281,1,3209c0953ff0f2816c59e4ad43cfb9dc0c33838eb44d85c7529ac7457d6f6a79,,
1.0,G04-260202-153623-734,G04-260202-153623-734.bmp,G04,2026-02-02T15:36:23,2026-02-02,G04_2026-02-02,734,train,normal,,1025,1281,1,6f390decc13f18e139ecc2e9cd6876b465d185863c5b1caf1fe7464e4f0e5512,,
1.0,G04-260202-153643-735,G04-260202-153643-735.bmp,G04,2026-02-02T15:36:43,2026-02-02,G04_2026-02-02,735,train,normal,,1025,1281,1,ef16e40e19847d54f154f8cccca290b8a8f8d5f54aa565b8dd827eb4dac895dc,,
1.0,G04-260202-153650-736,G04-260202-153650-736.bmp,G04,2026-02-02T15:36:50,2026-02-02,G04_2026-02-02,736,train,normal,,1025,1281,1,198a5c571cb3445557e603392ecf547869db89ec8cbcdaf29c4af0c2b095953c,,
1.0,G04-260202-153713-737,G04-260202-153713-737.bmp,G04,2026-02-02T15:37:13,2026-02-02,G04_2026-02-02,737,train,normal,,1025,1281,1,7b99512e7de6db202788edfad853ba99a8547b00f866512e1217bb3d87513208,,
1.0,G04-260202-153722-738,G04-260202-153722-738.bmp,G04,2026-02-02T15:37:22,2026-02-02,G04_2026-02-02,738,train,normal,,1025,1281,1,43dd2fd8bb85eb7c429ccda494cfe82d8eb302f9bf0de7eaefb16a07df5ad42a,,
1.0,G04-260202-153748-739,G04-260202-153748-739.bmp,G04,2026-02-02T15:37:48,2026-02-02,G04_2026-02-02,739,train,normal,,1025,1281,1,e735e4cd8bafbcb113e1bb263a56169dff6e2e54449542a987dadd971d5c4e73,,
1.0,G04-260202-153755-740,G04-260202-153755-740.bmp,G04,2026-02-02T15:37:55,2026-02-02,G04_2026-02-02,740,train,normal,,1025,1281,1,34c666f895ffe4d6463b7946edbae1bdf692efa81b6dc27dc8d10f92cbe3bd61,,
1.0,G04-260202-153817-741,G04-260202-153817-741.bmp,G04,2026-02-02T15:38:17,2026-02-02,G04_2026-02-02,741,train,normal,,1025,1281,1,c1f08c70e69042334b3aad0faaa9bf9cd8793a1f90cc82f2e3042e51e2ab0f9f,,
1.0,G04-260202-153824-742,G04-260202-153824-742.bmp,G04,2026-02-02T15:38:24,2026-02-02,G04_2026-02-02,742,train,normal,,1025,1281,1,b3e3f4e19c30f4ec7f1294b895cb811af83b3ba872779a05bf7028ac79f51dbb,,
1.0,G04-260202-153848-743,G04-260202-153848-743.bmp,G04,2026-02-02T15:38:48,2026-02-02,G04_2026-02-02,743,train,normal,,1025,1281,1,33d8c83127f0df1575d6adfa10ec7bf48640249113b31a02d370a6d643658096,,
1.0,G04-260202-153854-744,G04-260202-153854-744.bmp,G04,2026-02-02T15:38:54,2026-02-02,G04_2026-02-02,744,train,normal,,1025,1281,1,a866c2e9eddaa73d2b68040fbec4fa2fd225648db4bc38735d8861f2deab7480,,
1.0,G04-260202-153919-745,G04-260202-153919-745.bmp,G04,2026-02-02T15:39:19,2026-02-02,G04_2026-02-02,745,train,normal,,1025,1281,1,887edeecca16c54f0a33c16dd6d4553955b66972e005202c6443a26d9a044804,,
1.0,G04-260202-153925-746,G04-260202-153925-746.bmp,G04,2026-02-02T15:39:25,2026-02-02,G04_2026-02-02,746,train,normal,,1025,1281,1,21fb4e5e3bbdd8b6a651584a13d612611cfab9cd8c017591eb4f3b67563ff74d,,
1.0,G04-260202-153947-747,G04-260202-153947-747.bmp,G04,2026-02-02T15:39:47,2026-02-02,G04_2026-02-02,747,train,normal,,1025,1281,1,07a10666f39e1005be13c257aa5cbd03730d4e12278be220f8e9f785babbec5c,,
1.0,G04-260202-153953-748,G04-260202-153953-748.bmp,G04,2026-02-02T15:39:53,2026-02-02,G04_2026-02-02,748,train,normal,,1025,1281,1,5db74bc1a02539a10112a310211a5297323712b02407080a3a6a38779a1e87f3,,
1.0,G04-260202-154018-749,G04-260202-154018-749.bmp,G04,2026-02-02T15:40:18,2026-02-02,G04_2026-02-02,749,train,normal,,1025,1281,1,2d2b079256c6e56239ad192e0e340451e9119e327bdeb9df545658e1b5bfc7af,,
1.0,G04-260202-154025-750,G04-260202-154025-750.bmp,G04,2026-02-02T15:40:25,2026-02-02,G04_2026-02-02,750,train,normal,,1025,1281,1,258d9a67cc44dbcf9ef99881c831bf6d39a5542eecd9880dc0eb4134ce3c1a66,,
1.0,G04-260202-154045-751,G04-260202-154045-751.bmp,G04,2026-02-02T15:40:45,2026-02-02,G04_2026-02-02,751,train,normal,,1025,1281,1,922bae034b0eccd4e2e2891c63886e98e0ed928e9eeed7c3695f3b4eb2956624,,
1.0,G04-260202-154051-752,G04-260202-154051-752.bmp,G04,2026-02-02T15:40:51,2026-02-02,G04_2026-02-02,752,train,normal,,1025,1281,1,0644b4c69ac4b8d706a482eb84287f35e9be1fd920a0d9e3af0b67726e29ece8,,
1.0,G04-260202-154118-753,G04-260202-154118-753.bmp,G04,2026-02-02T15:41:18,2026-02-02,G04_2026-02-02,753,train,normal,,1025,1281,1,8ac8735a1705e2bc07bffd6a14fd4ccd21803fb56b5f3f1650e2dd79e6929252,,
1.0,G04-260202-154125-754,G04-260202-154125-754.bmp,G04,2026-02-02T15:41:25,2026-02-02,G04_2026-02-02,754,train,normal,,1025,1281,1,0728f508490c5cdde5afbdc0784b17d5a6875a59e8514abd47abe65c6f7e9c40,,
1.0,G04-260202-154150-755,G04-260202-154150-755.bmp,G04,2026-02-02T15:41:50,2026-02-02,G04_2026-02-02,755,train,normal,,1025,1281,1,5e3fd729f071572ff143aecd1bcfd453f0a6fe8785203355e1f1969db2491061,,
1.0,G04-260202-154157-756,G04-260202-154157-756.bmp,G04,2026-02-02T15:41:57,2026-02-02,G04_2026-02-02,756,train,normal,,1025,1281,1,a9681f2381346fc54faa5b441cbcab307ffe382172b196cdda8c8fd8b01fadc8,,
1.0,G04-260202-154219-757,G04-260202-154219-757.bmp,G04,2026-02-02T15:42:19,2026-02-02,G04_2026-02-02,757,train,normal,,1025,1281,1,99008d52541ebf97a6601403019bc8562ae53f967f3b5d4948b5d0c8433e6439,,
1.0,G04-260202-154225-758,G04-260202-154225-758.bmp,G04,2026-02-02T15:42:25,2026-02-02,G04_2026-02-02,758,train,normal,,1025,1281,1,dcb476d9594447a613b0bae4dd57e0b18b5d4032a88069ca7d9c943ae882ab9c,,
1.0,G04-260202-154247-759,G04-260202-154247-759.bmp,G04,2026-02-02T15:42:47,2026-02-02,G04_2026-02-02,759,train,normal,,1025,1281,1,31ab704438b5d747a17f259577a34eb0c6bc943c836e6253ea9c6813adb129eb,,
1.0,G04-260202-154253-760,G04-260202-154253-760.bmp,G04,2026-02-02T15:42:53,2026-02-02,G04_2026-02-02,760,train,normal,,1025,1281,1,08e707bb40629d8d7f0bfa319beeff91fbee9cd137ad429e1268f807176b57dd,,
1.0,G04-260202-154320-761,G04-260202-154320-761.bmp,G04,2026-02-02T15:43:20,2026-02-02,G04_2026-02-02,761,train,normal,,1025,1281,1,966bcf1c51a5bcda53903bf8b35243f77c41c12a83fe1939fc2f80a042e36518,,
1.0,G04-260202-154326-762,G04-260202-154326-762.bmp,G04,2026-02-02T15:43:26,2026-02-02,G04_2026-02-02,762,train,normal,,1025,1281,1,b6bfa610aa6539a329111f6a5081e62d271f64f1a97b9113c43b9b31658dd42b,,
1.0,G04-260202-154349-763,G04-260202-154349-763.bmp,G04,2026-02-02T15:43:49,2026-02-02,G04_2026-02-02,763,train,normal,,1025,1281,1,7f503cb9b0e841ec36654a5fad40c572f522a79d54b1843e8b390a5e454cedab,,
1.0,G04-260202-154356-764,G04-260202-154356-764.bmp,G04,2026-02-02T15:43:56,2026-02-02,G04_2026-02-02,764,train,normal,,1025,1281,1,6f35d55fc13886e329ce2db02fd23e36f7a5eada7027c876899afaa95bf0082b,,
1.0,G04-260202-154418-765,G04-260202-154418-765.bmp,G04,2026-02-02T15:44:18,2026-02-02,G04_2026-02-02,765,train,normal,,1025,1281,1,8b5de47307fd54ceff7615971cf35681f90ac6ad41c82267d8cead80ab314280,,
1.0,G04-260202-154424-766,G04-260202-154424-766.bmp,G04,2026-02-02T15:44:24,2026-02-02,G04_2026-02-02,766,train,normal,,1025,1281,1,d01a3ff56b6042304df29830194f81a7fe957c345a6b7e5de4f3f90cb4655426,,
1.0,G04-260202-154448-767,G04-260202-154448-767.bmp,G04,2026-02-02T15:44:48,2026-02-02,G04_2026-02-02,767,train,normal,,1025,1281,1,01e2bd205125a170f0c7332918e02438a368c96f825cdf34853f4802db139230,,
1.0,G04-260202-154454-768,G04-260202-154454-768.bmp,G04,2026-02-02T15:44:54,2026-02-02,G04_2026-02-02,768,train,normal,,1025,1281,1,822d9512b30174ed0990272f64054c08170c72a9ecbd11f63c2c8c8d09e8bc7e,,
1.0,G04-260202-154520-769,G04-260202-154520-769.bmp,G04,2026-02-02T15:45:20,2026-02-02,G04_2026-02-02,769,train,normal,,1025,1281,1,9419ed49b759d7d6a0f289fd989e6a3d95d992ff00dfec4aa279a78601716f50,,
1.0,G04-260202-154526-770,G04-260202-154526-770.bmp,G04,2026-02-02T15:45:26,2026-02-02,G04_2026-02-02,770,train,normal,,1025,1281,1,62b88bbb55f8c80a7c269eefcc4fd759d14c21ed9cca5d45a959d67ddab4985f,,
1.0,G04-260202-154548-771,G04-260202-154548-771.bmp,G04,2026-02-02T15:45:48,2026-02-02,G04_2026-02-02,771,train,normal,,1025,1281,1,7128bab2dd1542aeda5252d9b3e31f977765c325d2c858899e13c7ee52fca30f,,
1.0,G04-260202-154554-772,G04-260202-154554-772.bmp,G04,2026-02-02T15:45:54,2026-02-02,G04_2026-02-02,772,train,normal,,1025,1281,1,e5bc573f5cf9c6fe7e05e09fc05fd7149d7f9042ddc4fa13ab4bd1f8b061dc36,,
1.0,G04-260202-154615-773,G04-260202-154615-773.bmp,G04,2026-02-02T15:46:15,2026-02-02,G04_2026-02-02,773,train,normal,,1025,1281,1,3d5a1e5d1a078b63314b221d66fe3797b17ee5fde9b4d890745f18a5a1cf6f7b,,
1.0,G04-260202-154621-774,G04-260202-154621-774.bmp,G04,2026-02-02T15:46:21,2026-02-02,G04_2026-02-02,774,train,normal,,1025,1281,1,d7a0eab5efb0dbf22cd86bf107dbaf46abef0e3f40b56ce85a0bc6594dcba8e9,,
1.0,G04-260202-154648-775,G04-260202-154648-775.bmp,G04,2026-02-02T15:46:48,2026-02-02,G04_2026-02-02,775,train,normal,,1025,1281,1,e18ce074c4119aa837809109279a66dd7acca878c7000730d499efd6e9e9e272,,
1.0,G04-260202-154654-776,G04-260202-154654-776.bmp,G04,2026-02-02T15:46:54,2026-02-02,G04_2026-02-02,776,train,normal,,1025,1281,1,fbff4e9fef0d316c2a5d2fca811f8a9f867360f6c300894f502c60312a58618a,,
1.0,G04-260202-154719-777,G04-260202-154719-777.bmp,G04,2026-02-02T15:47:19,2026-02-02,G04_2026-02-02,777,train,normal,,1025,1281,1,a05cbeb9535dd2a586b3384ecaec71f9ec138c4f8131735df0be666d416c6c4d,,
1.0,G04-260202-154725-778,G04-260202-154725-778.bmp,G04,2026-02-02T15:47:25,2026-02-02,G04_2026-02-02,778,train,normal,,1025,1281,1,37cf3b20791fc75efac6bcbe648175fc789870110c9afba3dca51eb909f4d82e,,
1.0,G04-260202-154750-779,G04-260202-154750-779.bmp,G04,2026-02-02T15:47:50,2026-02-02,G04_2026-02-02,779,train,normal,,1025,1281,1,ff43523683a74e2a06b880456a1ecd55165c0c66669775fe8016e5e0047a0cac,,
1.0,G04-260202-154756-780,G04-260202-154756-780.bmp,G04,2026-02-02T15:47:56,2026-02-02,G04_2026-02-02,780,train,normal,,1025,1281,1,3950686bca52ed09c2300b3e083ef41e267e5125233e3bdda94c34592a7d9d04,,
1.0,G04-260202-154819-781,G04-260202-154819-781.bmp,G04,2026-02-02T15:48:19,2026-02-02,G04_2026-02-02,781,train,normal,,1025,1281,1,a4b5f8745b232870c223bb7a84d34e063ad4aae92b26e814dd3d0e36f67ba703,,
1.0,G04-260202-154825-782,G04-260202-154825-782.bmp,G04,2026-02-02T15:48:25,2026-02-02,G04_2026-02-02,782,train,normal,,1025,1281,1,a8a75785127951c83a03bad7c6a9f76e7bd51d2da456419f7dc5750e6cf32159,,
1.0,G04-260202-154846-783,G04-260202-154846-783.bmp,G04,2026-02-02T15:48:46,2026-02-02,G04_2026-02-02,783,train,normal,,1025,1281,1,b26659d01684bf8870f60858d7d7b6c1beefc5ffd6cb8d563b849d7534ffb4a8,,
1.0,G04-260202-154854-784,G04-260202-154854-784.bmp,G04,2026-02-02T15:48:54,2026-02-02,G04_2026-02-02,784,train,normal,,1025,1281,1,a786ffe0505cc845a128239581d9602426209d34fe183bffb8c83c8e3e0b5788,,
1.0,G04-260202-154918-785,G04-260202-154918-785.bmp,G04,2026-02-02T15:49:18,2026-02-02,G04_2026-02-02,785,train,normal,,1025,1281,1,d5005de3941aeee712f3b566555ee8a81eeb45af036019535b32b5eae9cff120,,
1.0,G04-260202-154924-786,G04-260202-154924-786.bmp,G04,2026-02-02T15:49:24,2026-02-02,G04_2026-02-02,786,train,normal,,1025,1281,1,3efa14f4ff463d435d235803963af2ed8cafd408c03b980143aef8d77c1f739f,,
1.0,G04-260202-154948-787,G04-260202-154948-787.bmp,G04,2026-02-02T15:49:48,2026-02-02,G04_2026-02-02,787,train,normal,,1025,1281,1,27dc3866b327f2721e879b4d926ca798f19df59b9c2bc776e68377e4b027ebce,,
1.0,G04-260202-154955-788,G04-260202-154955-788.bmp,G04,2026-02-02T15:49:55,2026-02-02,G04_2026-02-02,788,train,normal,,1025,1281,1,2b06a1fc9849aa13d1dd4ad37499f42a4d3c96bc4db12ff9592d1d6c06396b09,,
1.0,G04-260202-155017-789,G04-260202-155017-789.bmp,G04,2026-02-02T15:50:17,2026-02-02,G04_2026-02-02,789,train,normal,,1025,1281,1,4ed0c1b28842461b8fb4a22c2322243b7923a4e70d24208b0369c90b049e4435,,
1.0,G04-260202-155023-790,G04-260202-155023-790.bmp,G04,2026-02-02T15:50:23,2026-02-02,G04_2026-02-02,790,train,normal,,1025,1281,1,9787b1ab5db9b906396de97b942a7b1f2ddc59e0422e25cb2fe314615424e656,,
1.0,G04-260202-155049-791,G04-260202-155049-791.bmp,G04,2026-02-02T15:50:49,2026-02-02,G04_2026-02-02,791,train,normal,,1025,1281,1,3e26168acf79a4ce1be4954d23f2e5560ec47819950ae2a60e1839fe5252cea1,,
1.0,G04-260202-155055-792,G04-260202-155055-792.bmp,G04,2026-02-02T15:50:55,2026-02-02,G04_2026-02-02,792,train,normal,,1025,1281,1,33a12fda10cfe59dfa260f838573f11777eb99c8a48d5434c8ddbfd391089eee,,
1.0,G04-260202-155121-793,G04-260202-155121-793.bmp,G04,2026-02-02T15:51:21,2026-02-02,G04_2026-02-02,793,train,normal,,1025,1281,1,c385f394c2a8e261d297b4860eeeb6dafffc6c8a7f7b552216ff08ed9f0e7b74,,
1.0,G04-260202-155128-794,G04-260202-155128-794.bmp,G04,2026-02-02T15:51:28,2026-02-02,G04_2026-02-02,794,train,normal,,1025,1281,1,5bcaab7c5ee376db46d9b6ba7f3fc3b32e1dd2306dafe96d4cd4787ce1c968c1,,
1.0,G04-260202-155150-795,G04-260202-155150-795.bmp,G04,2026-02-02T15:51:50,2026-02-02,G04_2026-02-02,795,train,normal,,1025,1281,1,c70ff9342de63eb66efcb37b1b8b6ddf30939f7117408378175249a889735e58,,
1.0,G04-260202-155216-797,G04-260202-155216-797.bmp,G04,2026-02-02T15:52:16,2026-02-02,G04_2026-02-02,797,train,normal,,1025,1281,1,58a1518cf8e431a61efc77a33bbfffd2c9191f06d0ae1396695d29d9c0da9506,,
1.0,G04-260202-155223-798,G04-260202-155223-798.bmp,G04,2026-02-02T15:52:23,2026-02-02,G04_2026-02-02,798,train,normal,,1025,1281,1,87f1ac62c21aef15a0eccbfb5d033ab99c57cef27dca84704d6f854146720953,,
1.0,G04-260202-155244-799,G04-260202-155244-799.bmp,G04,2026-02-02T15:52:44,2026-02-02,G04_2026-02-02,799,train,normal,,1025,1281,1,757da3f93ec23964167d3e30e5d85c1adb29d3aabd711ab43b08b2a3cefa93e9,,
1.0,G04-260202-155251-800,G04-260202-155251-800.bmp,G04,2026-02-02T15:52:51,2026-02-02,G04_2026-02-02,800,train,normal,,1025,1281,1,477b27d30f3a608a8a5de9aa0b545193c799cb6f667d014ca03bb94a2f979a76,,
1.0,G04-260202-155318-801,G04-260202-155318-801.bmp,G04,2026-02-02T15:53:18,2026-02-02,G04_2026-02-02,801,train,normal,,1025,1281,1,4a8baf3d95d536f0271be75cbd58d3f78b15584dfede3be8639d2a4493d63928,,
1.0,G04-260202-155325-802,G04-260202-155325-802.bmp,G04,2026-02-02T15:53:25,2026-02-02,G04_2026-02-02,802,train,normal,,1025,1281,1,a080b83d1664d64289baf18d773cb236e7f2e3d5eb323949bc980471bef81dc7,,
1.0,G04-260202-155350-803,G04-260202-155350-803.bmp,G04,2026-02-02T15:53:50,2026-02-02,G04_2026-02-02,803,train,normal,,1025,1281,1,b0068001ff399755d933c7bdec1405f52aeecd7416b0b5ef74d1d51a6fc42444,,
1.0,G04-260202-155359-804,G04-260202-155359-804.bmp,G04,2026-02-02T15:53:59,2026-02-02,G04_2026-02-02,804,train,normal,,1025,1281,1,725db36f045434096c9fa822c624f2a71a94dc5c9780cce945265ac1d9706dc8,,
1.0,G04-260202-155412-805,G04-260202-155412-805.bmp,G04,2026-02-02T15:54:12,2026-02-02,G04_2026-02-02,805,train,normal,,1025,1281,1,ed663fb197bd194fe747a747e9f980dac8191e3ba19a2d3885f313ec646fb495,,
1.0,G04-260202-155420-806,G04-260202-155420-806.bmp,G04,2026-02-02T15:54:20,2026-02-02,G04_2026-02-02,806,train,normal,,1025,1281,1,405a1608ae7fd954577d887395aa4b44ae9bdb3ba3c9a9770c0559f1d9911824,,
1.0,G04-260202-155444-807,G04-260202-155444-807.bmp,G04,2026-02-02T15:54:44,2026-02-02,G04_2026-02-02,807,train,normal,,1025,1281,1,6f98b611699b43880ef8924bf53cdba262272195a27baa249deed2d4df363b31,,
1.0,G04-260202-155520-808,G04-260202-155520-808.bmp,G04,2026-02-02T15:55:20,2026-02-02,G04_2026-02-02,808,train,normal,,1025,1281,1,0f709d109e07ef6cb9ad1ddd3c66b32f24e44eb1faf36bc7b84813991ed1ef74,,
1.0,G04-260202-155526-809,G04-260202-155526-809.bmp,G04,2026-02-02T15:55:26,2026-02-02,G04_2026-02-02,809,train,normal,,1025,1281,1,78d2890d1c46ee2bd999b13d9db8d23e470f00a48a986a836cd2610e010df9b5,,
1.0,G04-260202-155549-810,G04-260202-155549-810.bmp,G04,2026-02-02T15:55:49,2026-02-02,G04_2026-02-02,810,train,normal,,1025,1281,1,8acda4a3d98f5145ec5a4f50edc175da4f8b601cc9f329ed688e3f79f74f8263,,
1.0,G04-260202-155555-811,G04-260202-155555-811.bmp,G04,2026-02-02T15:55:55,2026-02-02,G04_2026-02-02,811,train,normal,,1025,1281,1,72cea4792be8608a337a18e8abeee469c64eff1a6fbf7c01e722088c277d63bc,,
1.0,G04-260202-155622-812,G04-260202-155622-812.bmp,G04,2026-02-02T15:56:22,2026-02-02,G04_2026-02-02,812,train,normal,,1025,1281,1,c98136eb2ba993c007795fbaae0fd9fab615fb0913a2dbe90d730f3631f97d51,,
1.0,G04-260202-155628-813,G04-260202-155628-813.bmp,G04,2026-02-02T15:56:28,2026-02-02,G04_2026-02-02,813,train,normal,,1025,1281,1,26eb29ac095bf5146f86e96d2852672198aff4e5ba346dffb9fcd73119a1c49c,,
1.0,G04-260202-155652-814,G04-260202-155652-814.bmp,G04,2026-02-02T15:56:52,2026-02-02,G04_2026-02-02,814,train,normal,,1025,1281,1,d265fa916c4e23b3471c3340386573e0ae8ba5a118acd28c8e50758e709d370f,,
1.0,G04-260202-155658-815,G04-260202-155658-815.bmp,G04,2026-02-02T15:56:58,2026-02-02,G04_2026-02-02,815,train,normal,,1025,1281,1,b759bf58c4a95c59155ae8a20cfa1aebf500e1af0f77fb9f10ee084dfce44879,,
1.0,G04-260202-155723-816,G04-260202-155723-816.bmp,G04,2026-02-02T15:57:23,2026-02-02,G04_2026-02-02,816,train,normal,,1025,1281,1,627ad2d5da95153a4d501ba696c72132af19a32119e37654fa336b72d2bc9b51,,
1.0,G04-260202-155729-817,G04-260202-155729-817.bmp,G04,2026-02-02T15:57:29,2026-02-02,G04_2026-02-02,817,train,normal,,1025,1281,1,475ea87ec0399a0715c245e017914d275745d29e604fad78e93acfcda0982c81,,
1.0,G04-260202-155751-818,G04-260202-155751-818.bmp,G04,2026-02-02T15:57:51,2026-02-02,G04_2026-02-02,818,train,normal,,1025,1281,1,74fbc9ff7a63ee41f98863666c5160b680c23894fd3630a591471ea3e1b395a2,,
1.0,G04-260202-155757-819,G04-260202-155757-819.bmp,G04,2026-02-02T15:57:57,2026-02-02,G04_2026-02-02,819,train,normal,,1025,1281,1,68158a5691bb89a18b8e3ac2ad1f645629591372f0786037675dc0c6bc9b1109,,
1.0,G04-260202-155821-820,G04-260202-155821-820.bmp,G04,2026-02-02T15:58:21,2026-02-02,G04_2026-02-02,820,train,normal,,1025,1281,1,f5bde48fb777cdae0e9e19241f67a6fdbf3a565e9fdedbef79489ef4759c7870,,
1.0,G04-260202-155827-821,G04-260202-155827-821.bmp,G04,2026-02-02T15:58:27,2026-02-02,G04_2026-02-02,821,train,normal,,1025,1281,1,c425c0b2660c3d2d91272323f7be8d69780cdda15c04cfe2b160c05818fb5688,,
1.0,G04-260202-155851-822,G04-260202-155851-822.bmp,G04,2026-02-02T15:58:51,2026-02-02,G04_2026-02-02,822,train,normal,,1025,1281,1,c21fbf19c378bf1573ae22cfe5242ef06b4784262728524b9bc062e833fc7c05,,
1.0,G04-260202-155858-823,G04-260202-155858-823.bmp,G04,2026-02-02T15:58:58,2026-02-02,G04_2026-02-02,823,train,normal,,1025,1281,1,4fee4f3bc1957f4b694bb706e169c3bcd4ec6c79f5ca5c904dfb34f4f70ba00f,,
1.0,G04-260202-155919-824,G04-260202-155919-824.bmp,G04,2026-02-02T15:59:19,2026-02-02,G04_2026-02-02,824,train,normal,,1025,1281,1,ce2bf4490bdf23a1c00eac8a868a63594dbbd2c80b921ecbda845acbb4e90e83,,
1.0,G04-260202-155925-825,G04-260202-155925-825.bmp,G04,2026-02-02T15:59:25,2026-02-02,G04_2026-02-02,825,train,normal,,1025,1281,1,501fe7244692edea0093b7c1c4715c36fcf23f42672c1b14d644c7dab4c48e18,,
1.0,G04-260202-155955-826,G04-260202-155955-826.bmp,G04,2026-02-02T15:59:55,2026-02-02,G04_2026-02-02,826,train,normal,,1025,1281,1,7a27b4e50b37ed7898ad8be8005ce48f4e9c44ec343404b247a827bbca6cc6a3,,
1.0,G04-260202-160008-827,G04-260202-160008-827.bmp,G04,2026-02-02T16:00:08,2026-02-02,G04_2026-02-02,827,train,normal,,1025,1281,1,a5e049dc766727c3cdc8fb68da635ec5038185d2830bb497c082e2eaacfe0fbb,,
1.0,G04-260202-160022-828,G04-260202-160022-828.bmp,G04,2026-02-02T16:00:22,2026-02-02,G04_2026-02-02,828,train,normal,,1025,1281,1,9864942e1877613b136b75ceb6d8d1f1d48db6e4c22c83fba38d8fdfacb46d1a,,
1.0,G04-260202-160028-829,G04-260202-160028-829.bmp,G04,2026-02-02T16:00:28,2026-02-02,G04_2026-02-02,829,train,normal,,1025,1281,1,325e10bb56a95821be479c88ae1391ca8c4c57b759fc8bc284175e0eb94818b8,,
1.0,G04-260202-160052-830,G04-260202-160052-830.bmp,G04,2026-02-02T16:00:52,2026-02-02,G04_2026-02-02,830,train,normal,,1025,1281,1,24bcbb0bae2c167426d1d6ceb87478aeafaf0c15802df6e91990ff602df26b1f,,
1.0,G04-260202-160058-831,G04-260202-160058-831.bmp,G04,2026-02-02T16:00:58,2026-02-02,G04_2026-02-02,831,train,normal,,1025,1281,1,833ef149f67ce673024449f5d0380c6fc29541772cb4e0607407dc5b88a25391,,
1.0,G04-260202-160120-832,G04-260202-160120-832.bmp,G04,2026-02-02T16:01:20,2026-02-02,G04_2026-02-02,832,train,normal,,1025,1281,1,4e2f1e8cde9be0051036a293db1cd5ae2eb7f65ff4f418ae116eff2c7796efa2,,
1.0,G04-260202-160126-833,G04-260202-160126-833.bmp,G04,2026-02-02T16:01:26,2026-02-02,G04_2026-02-02,833,train,normal,,1025,1281,1,0d6e232819f421234ea44b06823956e694d464753a89c63bad48391583306500,,
1.0,G04-260202-160151-834,G04-260202-160151-834.bmp,G04,2026-02-02T16:01:51,2026-02-02,G04_2026-02-02,834,train,normal,,1025,1281,1,7c10bdfc54502b1ec831653c9bea96d9ccb3b0dc65e47b9099972a4861ea9aa9,,
1.0,G04-260202-160158-835,G04-260202-160158-835.bmp,G04,2026-02-02T16:01:58,2026-02-02,G04_2026-02-02,835,train,normal,,1025,1281,1,7ab6667ef3b4e01d6cc9b89259ec905a45af7d4f2616fb33605318a23900b79d,,
1.0,G04-260202-160221-836,G04-260202-160221-836.bmp,G04,2026-02-02T16:02:21,2026-02-02,G04_2026-02-02,836,train,normal,,1025,1281,1,b511b4c67eab39ff1b9da85229c852ffd5b6112f36e0c35d7b4010307aca0760,,
1.0,G04-260202-160228-837,G04-260202-160228-837.bmp,G04,2026-02-02T16:02:28,2026-02-02,G04_2026-02-02,837,train,normal,,1025,1281,1,f8cc9dae2580b41273051de45c6b44ab056623d6973ba0ca44141f54ad062ce2,,
1.0,G04-260202-160250-838,G04-260202-160250-838.bmp,G04,2026-02-02T16:02:50,2026-02-02,G04_2026-02-02,838,train,normal,,1025,1281,1,8bbf91dc5d0e69c54ad6ace8e507f563e5086bd028fb78a868381c877b845851,,
1.0,G04-260202-160257-839,G04-260202-160257-839.bmp,G04,2026-02-02T16:02:57,2026-02-02,G04_2026-02-02,839,train,normal,,1025,1281,1,bb0932716345cf77915bb0856943bc7cec9ce72125d68fc7f2d8e75d402c1fe4,,
1.0,G04-260202-160321-840,G04-260202-160321-840.bmp,G04,2026-02-02T16:03:21,2026-02-02,G04_2026-02-02,840,train,normal,,1025,1281,1,ade10f166b6499ff64ff7e09f6b64eda7da48854b353eec7deeedbd282ce519b,,
1.0,G04-260202-160327-841,G04-260202-160327-841.bmp,G04,2026-02-02T16:03:27,2026-02-02,G04_2026-02-02,841,train,normal,,1025,1281,1,8b783b4269b53cefe8e909418c4bff69fade79a6347bf5e492991ff1ea0bc268,,
1.0,G04-260202-160350-842,G04-260202-160350-842.bmp,G04,2026-02-02T16:03:50,2026-02-02,G04_2026-02-02,842,train,normal,,1025,1281,1,17c00bad31846366f5b682414113a0a26c8af72a1c1b6c865cb004917796dfce,,
1.0,G04-260202-160356-843,G04-260202-160356-843.bmp,G04,2026-02-02T16:03:56,2026-02-02,G04_2026-02-02,843,train,normal,,1025,1281,1,5817129ddbc8978ea7c507f02388692327efc40da084d14e58da04efe384c2f0,,
1.0,G04-260202-160450-844,G04-260202-160450-844.bmp,G04,2026-02-02T16:04:50,2026-02-02,G04_2026-02-02,844,train,normal,,1025,1281,1,6e28e4361a33a6fd6a650860d921bcbf7842532ddab22c7e26f68b0f2c71e2a4,,
1.0,G04-260202-160457-845,G04-260202-160457-845.bmp,G04,2026-02-02T16:04:57,2026-02-02,G04_2026-02-02,845,train,normal,,1025,1281,1,75144a36fcdd280fd4a549d1564b531c69c65148c62c6cd4b7f99000a3cb1912,,
1.0,G04-260202-160523-846,G04-260202-160523-846.bmp,G04,2026-02-02T16:05:23,2026-02-02,G04_2026-02-02,846,train,normal,,1025,1281,1,30e68fa8c0a869066c8c6e5ac266df3eba6b621c7fb6fccb5595ad79fb03f7dc,,
1.0,G04-260202-160529-847,G04-260202-160529-847.bmp,G04,2026-02-02T16:05:29,2026-02-02,G04_2026-02-02,847,train,normal,,1025,1281,1,36cfe54069b79e8b25cec64ab19b889afea11df5108263c424430dce08420be0,,
1.0,G04-260202-160553-848,G04-260202-160553-848.bmp,G04,2026-02-02T16:05:53,2026-02-02,G04_2026-02-02,848,train,normal,,1025,1281,1,26796a154384938e3f5c0e4a8b65b68c2a40c9aee81451156f029804936974f0,,
1.0,G04-260202-160559-849,G04-260202-160559-849.bmp,G04,2026-02-02T16:05:59,2026-02-02,G04_2026-02-02,849,train,normal,,1025,1281,1,55e2c2a86ba467d712024bb9161bcb4c583dde3b08e3728b8900b6484f15723e,,
1.0,G04-260202-160622-850,G04-260202-160622-850.bmp,G04,2026-02-02T16:06:22,2026-02-02,G04_2026-02-02,850,train,normal,,1025,1281,1,1cce3e713cedc95606a52eea4a75148f92ca328e1ee7e20bd17e0a2b6722a0f8,,
1.0,G04-260202-160628-851,G04-260202-160628-851.bmp,G04,2026-02-02T16:06:28,2026-02-02,G04_2026-02-02,851,train,normal,,1025,1281,1,94df1c2ea1d730721d296726883040f760abff7e6b2412aa717ab21102b062c7,,
1.0,G04-260202-160651-852,G04-260202-160651-852.bmp,G04,2026-02-02T16:06:51,2026-02-02,G04_2026-02-02,852,train,normal,,1025,1281,1,2766ab39096b78ed510b034fc95db19973083ebc42af91e4a6653a182e097eca,,
1.0,G04-260202-160657-853,G04-260202-160657-853.bmp,G04,2026-02-02T16:06:57,2026-02-02,G04_2026-02-02,853,train,normal,,1025,1281,1,06f536af637d40af44cf8d8cce9f22bcd6757e57d820cad4ae9c111cc0f348a3,,
1.0,G04-260202-160721-854,G04-260202-160721-854.bmp,G04,2026-02-02T16:07:21,2026-02-02,G04_2026-02-02,854,train,normal,,1025,1281,1,fccd40fc5a31fe2e28655d79ed2cc4f9010ed00e7240c1fa7b76007b59e5309f,,
1.0,G04-260202-160727-855,G04-260202-160727-855.bmp,G04,2026-02-02T16:07:27,2026-02-02,G04_2026-02-02,855,train,normal,,1025,1281,1,c6a999b046cecb9d16a6c464c8cf740a76c751eb0b01bd2811c07dd23a34089d,,
1.0,G04-260202-160752-856,G04-260202-160752-856.bmp,G04,2026-02-02T16:07:52,2026-02-02,G04_2026-02-02,856,train,normal,,1025,1281,1,fa412adb10df25f8a70e298af01f6227279a4114c9811c746ca08345acc9695b,,
1.0,G04-260202-160759-857,G04-260202-160759-857.bmp,G04,2026-02-02T16:07:59,2026-02-02,G04_2026-02-02,857,train,normal,,1025,1281,1,4abc005ea5973377396d7320932fc36aa373a838be1174ae443faef22466075c,,
1.0,G04-260202-160823-858,G04-260202-160823-858.bmp,G04,2026-02-02T16:08:23,2026-02-02,G04_2026-02-02,858,train,normal,,1025,1281,1,cc85394f7b8d6f14a84ec5aed2409fc9c8195e7bcf83f6376b8a734959f0b11f,,
1.0,G04-260202-160830-859,G04-260202-160830-859.bmp,G04,2026-02-02T16:08:30,2026-02-02,G04_2026-02-02,859,train,normal,,1025,1281,1,b9fd34f87fad24f40f933555024d8354913f5565f216b25f1a4d01f8d2ea78ae,,
1.0,G04-260202-160851-860,G04-260202-160851-860.bmp,G04,2026-02-02T16:08:51,2026-02-02,G04_2026-02-02,860,train,normal,,1025,1281,1,a5880b89bec951f647928086e2b1ed21c975dc46ae298a8466f46ec3976860a6,,
1.0,G04-260202-160857-861,G04-260202-160857-861.bmp,G04,2026-02-02T16:08:57,2026-02-02,G04_2026-02-02,861,train,normal,,1025,1281,1,6d6d070cd07abd20259ba4892417e969bd09a4994970441711cb0962e9c15c89,,
1.0,G04-260202-160917-862,G04-260202-160917-862.bmp,G04,2026-02-02T16:09:17,2026-02-02,G04_2026-02-02,862,train,normal,,1025,1281,1,13cf79c32ffe24e9b24b8686a9e4876e1d80da36dfeb2c22316d53d39d1adee4,,
1.0,G04-260202-160923-863,G04-260202-160923-863.bmp,G04,2026-02-02T16:09:23,2026-02-02,G04_2026-02-02,863,train,normal,,1025,1281,1,a7e4a509417ee94ce5e9597bb995ca6f12c764af9bfb593c05d17714e7acafc8,,
1.0,G04-260202-160945-864,G04-260202-160945-864.bmp,G04,2026-02-02T16:09:45,2026-02-02,G04_2026-02-02,864,train,normal,,1025,1281,1,2903b99dffda8b7cfaf8287a3841584785c09e84351641ad5b09a0f8da0b8748,,
1.0,G04-260202-160952-865,G04-260202-160952-865.bmp,G04,2026-02-02T16:09:52,2026-02-02,G04_2026-02-02,865,train,normal,,1025,1281,1,09d00ff65861843c34dc0dd3fafbdb40221831208afafd0415fae96b61e581f0,,
1.0,G04-260202-161016-866,G04-260202-161016-866.bmp,G04,2026-02-02T16:10:16,2026-02-02,G04_2026-02-02,866,train,normal,,1025,1281,1,81dba9c9c8ba41519135b00ad9e6aaee47a85d0cdab2e1f46fdfa4fcf9f7da84,,
1.0,G04-260202-161023-867,G04-260202-161023-867.bmp,G04,2026-02-02T16:10:23,2026-02-02,G04_2026-02-02,867,train,normal,,1025,1281,1,755d89881c2ad496229084d3f0ec5279346db08ef479d930c8d8f3c3ce2dbb83,,
1.0,G04-260202-161052-868,G04-260202-161052-868.bmp,G04,2026-02-02T16:10:52,2026-02-02,G04_2026-02-02,868,train,normal,,1025,1281,1,bd308a6948130f67c68e2dac7ef9a435d7d54f2d7e54e5341972edc01e7a5aee,,
1.0,G04-260202-161058-869,G04-260202-161058-869.bmp,G04,2026-02-02T16:10:58,2026-02-02,G04_2026-02-02,869,train,normal,,1025,1281,1,cca38815fde0e76277cae955e8676eb56bfc86e1091a10cc2f39dde44358fd31,,
1.0,G04-260202-161122-870,G04-260202-161122-870.bmp,G04,2026-02-02T16:11:22,2026-02-02,G04_2026-02-02,870,train,normal,,1025,1281,1,8be3d041c16daf80c58ba056cecbd807dfc6e995a267f7ec1fc8a0583ff8b31e,,
1.0,G04-260202-161128-871,G04-260202-161128-871.bmp,G04,2026-02-02T16:11:28,2026-02-02,G04_2026-02-02,871,train,normal,,1025,1281,1,44e1c1db49a62043c9472a7ad32aa0acef36d2edbd4c6dfbaf0acbc46ce2d7c8,,
1.0,G04-260202-161154-872,G04-260202-161154-872.bmp,G04,2026-02-02T16:11:54,2026-02-02,G04_2026-02-02,872,train,normal,,1025,1281,1,f41106957188b4b392cd19cf82ab90bb6073e9e85e1a8a0e89dde321796e2644,,
1.0,G04-260202-161201-873,G04-260202-161201-873.bmp,G04,2026-02-02T16:12:01,2026-02-02,G04_2026-02-02,873,train,normal,,1025,1281,1,70709ad5106202ed237af534abd627e3bbf8177dbf119f772fb92c4aa2bd539d,,
1.0,G04-260202-161215-874,G04-260202-161215-874.bmp,G04,2026-02-02T16:12:15,2026-02-02,G04_2026-02-02,874,train,normal,,1025,1281,1,66a2acdd52b32d8ff8e09d5371ce8d751f292021263046b1b059bfc6db3ad739,,
1.0,G04-260202-161223-875,G04-260202-161223-875.bmp,G04,2026-02-02T16:12:23,2026-02-02,G04_2026-02-02,875,train,normal,,1025,1281,1,727be26621ea71250b1f835c09b1a8973aa050ed23894aa1d2b9b6ca8b66a762,,
1.0,G04-260203-082641-481,G04-260203-082641-481.bmp,G04,2026-02-03T08:26:41,2026-02-03,G04_2026-02-03,481,val,normal,,1025,1281,1,f3f8bf0d57f7695bdc4be1849463d2b0295d8d64ee467f8f3910c9b904610b85,,
1.0,G04-260203-082655-482,G04-260203-082655-482.bmp,G04,2026-02-03T08:26:55,2026-02-03,G04_2026-02-03,482,val,normal,,1025,1281,1,63b13bfe9352e3aaf4ef69c6f4470e774deac2ec00fad51e76a618d7d1ee4c89,,
1.0,G04-260203-082708-483,G04-260203-082708-483.bmp,G04,2026-02-03T08:27:08,2026-02-03,G04_2026-02-03,483,val,normal,,1025,1281,1,18f3fc965cae8a1cdbee5b87e707bba293d620e493d07bd13a03d05639cfb8a7,,
1.0,G04-260203-082725-484,G04-260203-082725-484.bmp,G04,2026-02-03T08:27:25,2026-02-03,G04_2026-02-03,484,val,normal,,1025,1281,1,c6daf24b42fea9314cb746582838d930d68a8b4b47521c6a0401de74ca7b07de,,
1.0,G04-260203-082738-485,G04-260203-082738-485.bmp,G04,2026-02-03T08:27:38,2026-02-03,G04_2026-02-03,485,val,normal,,1025,1281,1,f7da582eb3d8f146047f5d3f58fffa1172ca5f78c14dd4d17c4cc0aca6873f86,,
1.0,G04-260203-082756-486,G04-260203-082756-486.bmp,G04,2026-02-03T08:27:56,2026-02-03,G04_2026-02-03,486,val,normal,,1025,1281,1,e20e59535429ddae204f7084e376cc78d345c599c2282fff361769a4bd03f27f,,
1.0,G04-260203-082808-487,G04-260203-082808-487.bmp,G04,2026-02-03T08:28:08,2026-02-03,G04_2026-02-03,487,val,normal,,1025,1281,1,e364a6b25b091b886ae5bb2cce6b11a3e907074cfc3f2d5b44d1fcac4f644947,,
1.0,G04-260203-082824-488,G04-260203-082824-488.bmp,G04,2026-02-03T08:28:24,2026-02-03,G04_2026-02-03,488,val,normal,,1025,1281,1,a8b88e091779ae8112691198fb085a27551bb7102aea797ba47216511130c27d,,
1.0,G04-260203-082835-489,G04-260203-082835-489.bmp,G04,2026-02-03T08:28:35,2026-02-03,G04_2026-02-03,489,val,normal,,1025,1281,1,173c0e851ae88b9720426d755d2c51d343b4be190aa361358e56d9e36000062c,,
1.0,G04-260203-082858-490,G04-260203-082858-490.bmp,G04,2026-02-03T08:28:58,2026-02-03,G04_2026-02-03,490,val,normal,,1025,1281,1,1104f43d1e6939afcfd5098b107985a2397adb506276eb00a7e9a7693bf5cf70,,
1.0,G04-260203-082907-491,G04-260203-082907-491.bmp,G04,2026-02-03T08:29:07,2026-02-03,G04_2026-02-03,491,val,normal,,1025,1281,1,9562cde34f059e9a7e1964880a5a31cc4caa1ff9b0fbf1d0701b74f96ce9631c,,
1.0,G04-260203-082926-492,G04-260203-082926-492.bmp,G04,2026-02-03T08:29:26,2026-02-03,G04_2026-02-03,492,val,normal,,1025,1281,1,1d248076ee61f166cee53b38f9bfad44b5fe886daf239cfc526a320c1fdf5fc0,,
1.0,G04-260203-082940-493,G04-260203-082940-493.bmp,G04,2026-02-03T08:29:40,2026-02-03,G04_2026-02-03,493,val,normal,,1025,1281,1,48768ce27cc5aae46ba7cc0392e5678a43f8bbb35a7d30842fb9816130485847,,
1.0,G04-260203-082955-494,G04-260203-082955-494.bmp,G04,2026-02-03T08:29:55,2026-02-03,G04_2026-02-03,494,val,normal,,1025,1281,1,476faa6d5a3e59235e98bce0ed23ba50e93504c56a01e33ff41f03cae4014733,,
1.0,G04-260203-083004-495,G04-260203-083004-495.bmp,G04,2026-02-03T08:30:04,2026-02-03,G04_2026-02-03,495,val,normal,,1025,1281,1,c85c2bdb8eae106c87f914a08bbbb47fc62c0a187ef3e07effee462deb01c3c8,,
1.0,G04-260203-083027-496,G04-260203-083027-496.bmp,G04,2026-02-03T08:30:27,2026-02-03,G04_2026-02-03,496,val,normal,,1025,1281,1,7b908df543f0b7efe4f0f8c9cfa40f584444186d3f031ae18a41e709666df608,,
1.0,G04-260203-083037-497,G04-260203-083037-497.bmp,G04,2026-02-03T08:30:37,2026-02-03,G04_2026-02-03,497,val,normal,,1025,1281,1,76750c85fbc9fb596b9759cd0095d9553983e879063961cb98a9f721f2734a42,,
1.0,G04-260203-083056-498,G04-260203-083056-498.bmp,G04,2026-02-03T08:30:56,2026-02-03,G04_2026-02-03,498,val,normal,,1025,1281,1,4898b381645fca296e71abf44efc101ebdcdc85d264ca33b972c5409b6221503,,
1.0,G04-260203-083108-499,G04-260203-083108-499.bmp,G04,2026-02-03T08:31:08,2026-02-03,G04_2026-02-03,499,val,normal,,1025,1281,1,6032014be13f437a8cffe56ebac410d454a653c13822d6f7e8f33f09ff8a30e4,,
1.0,G04-260203-083127-500,G04-260203-083127-500.bmp,G04,2026-02-03T08:31:27,2026-02-03,G04_2026-02-03,500,val,normal,,1025,1281,1,eb666231e1dcbe2e44e54f1a02ed75d53ee1caac16b995f266de21eb5f9fc32a,,
1.0,G04-260203-083139-501,G04-260203-083139-501.bmp,G04,2026-02-03T08:31:39,2026-02-03,G04_2026-02-03,501,val,normal,,1025,1281,1,55796c1c9b7bf1fd81c6a1c3748265467780fa12dce69bc31c0c612b40e36fdb,,
1.0,G04-260203-083156-502,G04-260203-083156-502.bmp,G04,2026-02-03T08:31:56,2026-02-03,G04_2026-02-03,502,val,normal,,1025,1281,1,91edaa660b4ee6de9831df50954eaf1a135ace421c4b69edacb8bc7e2bf64312,,
1.0,G04-260203-083206-503,G04-260203-083206-503.bmp,G04,2026-02-03T08:32:06,2026-02-03,G04_2026-02-03,503,val,normal,,1025,1281,1,e7a086e105c43a41f0b7333d2722be78468ce134f983cf7e80b48490838f3fc1,,
1.0,G04-260203-083229-504,G04-260203-083229-504.bmp,G04,2026-02-03T08:32:29,2026-02-03,G04_2026-02-03,504,val,normal,,1025,1281,1,563ca89109abf2286e574d4c20da7fc5b3afa1217c18518ba4bdaf24d6fe7c32,,
1.0,G04-260203-083237-505,G04-260203-083237-505.bmp,G04,2026-02-03T08:32:37,2026-02-03,G04_2026-02-03,505,val,normal,,1025,1281,1,cd17e93880209eca433eae9d9d20cba157b072d30f8c2371a8ace3dbe2abd57f,,
1.0,G04-260203-083257-506,G04-260203-083257-506.bmp,G04,2026-02-03T08:32:57,2026-02-03,G04_2026-02-03,506,val,normal,,1025,1281,1,c04c1be8f38d06bd1fae9929b95171ce7cf292d798c4755da74c9acbfc31ab64,,
1.0,G04-260203-083328-507,G04-260203-083328-507.bmp,G04,2026-02-03T08:33:28,2026-02-03,G04_2026-02-03,507,val,normal,,1025,1281,1,417c3b2769306352e34fe15065b357dd18b7a8a2c31090bef06a0097e1949056,,
1.0,G04-260203-083336-508,G04-260203-083336-508.bmp,G04,2026-02-03T08:33:36,2026-02-03,G04_2026-02-03,508,val,normal,,1025,1281,1,bd42ee4f1b818a77a297acc18355046e7c9588f39c4fbba40c72aa5b925e3672,,
1.0,G04-260203-083358-509,G04-260203-083358-509.bmp,G04,2026-02-03T08:33:58,2026-02-03,G04_2026-02-03,509,val,normal,,1025,1281,1,a2b2566b0fc5fd90613b78b9edd6d8968017fb8bbbfbca39a72566da8a86927e,,
1.0,G04-260203-083415-510,G04-260203-083415-510.bmp,G04,2026-02-03T08:34:15,2026-02-03,G04_2026-02-03,510,val,normal,,1025,1281,1,39cf56ef29968cb494efcea979c1530a898440548f4c77a4d543ad63a1928017,,
1.0,G04-260203-083430-511,G04-260203-083430-511.bmp,G04,2026-02-03T08:34:30,2026-02-03,G04_2026-02-03,511,val,normal,,1025,1281,1,e9eb44821051fade31a96698d1dec4b3f25beac0a9d056830efb4bc6b66e5e54,,
1.0,G04-260203-083458-512,G04-260203-083458-512.bmp,G04,2026-02-03T08:34:58,2026-02-03,G04_2026-02-03,512,val,normal,,1025,1281,1,b2a329db11ddcbc42bd45dade3fde99a0aeb73a6eb41bb6c5d5b41f4b820a27c,,
1.0,G04-260203-083507-513,G04-260203-083507-513.bmp,G04,2026-02-03T08:35:07,2026-02-03,G04_2026-02-03,513,val,normal,,1025,1281,1,b465cb8457927900441aa0dc2af1cd8a4ecbebd6945133574e9910724c1fdecd,,
1.0,G04-260203-083528-514,G04-260203-083528-514.bmp,G04,2026-02-03T08:35:28,2026-02-03,G04_2026-02-03,514,val,normal,,1025,1281,1,1d752cd22fd3709712b73ea41a8d8d8dfae6e27a1d844ed046c75bc0d3f83a56,,
1.0,G04-260203-083544-515,G04-260203-083544-515.bmp,G04,2026-02-03T08:35:44,2026-02-03,G04_2026-02-03,515,val,normal,,1025,1281,1,9ddbd0c3f1ff92bf6ede4066763f0a98b9e4b04a2ca831006b7b46a07783a874,,
1.0,G04-260203-083602-516,G04-260203-083602-516.bmp,G04,2026-02-03T08:36:02,2026-02-03,G04_2026-02-03,516,val,normal,,1025,1281,1,dc4ad3bbd3ec9bd54645334c408c1e2255abfc2bf8b22b0054cf5819e922af49,,
1.0,G04-260203-083617-517,G04-260203-083617-517.bmp,G04,2026-02-03T08:36:17,2026-02-03,G04_2026-02-03,517,val,normal,,1025,1281,1,f8feae7b5f13ec667da776a6cb5f62f2410d31045bc252c7bc9babb6317f4d24,,
1.0,G04-260203-083630-518,G04-260203-083630-518.bmp,G04,2026-02-03T08:36:30,2026-02-03,G04_2026-02-03,518,val,normal,,1025,1281,1,a5e4523a451a2c025853ee83cafd42bb077c38f3f09f3a5cfe01229957584f52,,
1.0,G04-260203-083641-519,G04-260203-083641-519.bmp,G04,2026-02-03T08:36:41,2026-02-03,G04_2026-02-03,519,val,normal,,1025,1281,1,0cc310662ac6d1ade79c652d2c6e30ea19ecceb267f33d355f0c559d8cc91442,,
1.0,G04-260203-083701-520,G04-260203-083701-520.bmp,G04,2026-02-03T08:37:01,2026-02-03,G04_2026-02-03,520,val,normal,,1025,1281,1,369c1ac6f5680c2e7ff7e68faacd1d37335ec6fbbf6e3e30b2d0c16e5538ba2f,,
1.0,G04-260203-083711-521,G04-260203-083711-521.bmp,G04,2026-02-03T08:37:11,2026-02-03,G04_2026-02-03,521,val,normal,,1025,1281,1,8a3c3ce062356a2f47d69396934b6db8acffd1bd9843e47e21a0cc36fcc92d15,,
1.0,G04-260203-083733-522,G04-260203-083733-522.bmp,G04,2026-02-03T08:37:33,2026-02-03,G04_2026-02-03,522,val,normal,,1025,1281,1,d940a906fce348177ffed4bdfc2d3f007fba308775ee5fe58dbdd58b49c32e0d,,
1.0,G04-260203-083746-523,G04-260203-083746-523.bmp,G04,2026-02-03T08:37:46,2026-02-03,G04_2026-02-03,523,val,normal,,1025,1281,1,38a9c06ab3ccbd7d26692221c0b07f493ee094e1b7b5281a065d233afbcf1460,,
1.0,G04-260203-083801-524,G04-260203-083801-524.bmp,G04,2026-02-03T08:38:01,2026-02-03,G04_2026-02-03,524,val,normal,,1025,1281,1,21ebbd3e74855dc47763babfed6cc78113b781ad5cebdfb671b3a3a9343a39e2,,
1.0,G04-260203-083814-525,G04-260203-083814-525.bmp,G04,2026-02-03T08:38:14,2026-02-03,G04_2026-02-03,525,val,normal,,1025,1281,1,940763fb1fbeca8740429c8069bff185af3cf45f67d35779c60cc04b10c366b8,,
1.0,G04-260203-083830-526,G04-260203-083830-526.bmp,G04,2026-02-03T08:38:30,2026-02-03,G04_2026-02-03,526,val,normal,,1025,1281,1,4dc04f9f99a3af7836bf754be6914e0c50771c46e6b62a1050846948d8b3435a,,
1.0,G04-260203-083836-527,G04-260203-083836-527.bmp,G04,2026-02-03T08:38:36,2026-02-03,G04_2026-02-03,527,val,normal,,1025,1281,1,0dbc8a08cab8af32d26344f95deb4a43059c1e411577e08a8e7308005fd2cfaf,,
1.0,G04-260203-083901-528,G04-260203-083901-528.bmp,G04,2026-02-03T08:39:01,2026-02-03,G04_2026-02-03,528,val,normal,,1025,1281,1,cedd2b69e909a1291b3b3406153cef71da4fc1e270ef775abc061ce0737d19b5,,
1.0,G04-260203-083913-529,G04-260203-083913-529.bmp,G04,2026-02-03T08:39:13,2026-02-03,G04_2026-02-03,529,val,normal,,1025,1281,1,a1d62f7f8148fe717e7eb4551262bca707052f8ae48ac1f5fd625c5b19189628,,
1.0,G04-260203-083931-530,G04-260203-083931-530.bmp,G04,2026-02-03T08:39:31,2026-02-03,G04_2026-02-03,530,val,normal,,1025,1281,1,491bd3993db6fafd1954e04e21c26e0794f7081ab6862d9f73d4e1ed9d0f18f4,,
1.0,G04-260203-083943-531,G04-260203-083943-531.bmp,G04,2026-02-03T08:39:43,2026-02-03,G04_2026-02-03,531,val,normal,,1025,1281,1,69613895602fc39a3d6cc545d27b31ee4c49efc0a7ca3c72478dd702ab4f7804,,
1.0,G04-260203-084000-532,G04-260203-084000-532.bmp,G04,2026-02-03T08:40:00,2026-02-03,G04_2026-02-03,532,val,normal,,1025,1281,1,c6c6fbc8b30e87e672718a41c30b425927fab381a3e2ab4566e8c210cb08d398,,
1.0,G04-260203-084011-533,G04-260203-084011-533.bmp,G04,2026-02-03T08:40:11,2026-02-03,G04_2026-02-03,533,val,normal,,1025,1281,1,8035f03efc0ea0cedf7a70f094e2ae438673d1611081df615539a5317e93324a,,
1.0,G04-260203-084034-534,G04-260203-084034-534.bmp,G04,2026-02-03T08:40:34,2026-02-03,G04_2026-02-03,534,val,normal,,1025,1281,1,e9df3724ca1711778986db19a813cc9cedac1e5bef2a992f8bcd9abafaf66dd6,,
1.0,G04-260203-084044-535,G04-260203-084044-535.bmp,G04,2026-02-03T08:40:44,2026-02-03,G04_2026-02-03,535,val,normal,,1025,1281,1,111df163271d632e7c2d4a4620ca063405f636ded1509639af426a1818696c64,,
1.0,G04-260203-084102-536,G04-260203-084102-536.bmp,G04,2026-02-03T08:41:02,2026-02-03,G04_2026-02-03,536,val,normal,,1025,1281,1,9b5a41b92513b9db8c2e0520f03538af1b852ee72cb77b7df70a1e7c45da8e0b,,
1.0,G04-260203-084110-537,G04-260203-084110-537.bmp,G04,2026-02-03T08:41:10,2026-02-03,G04_2026-02-03,537,val,normal,,1025,1281,1,7aa04948d35381a49b2ec50125e557851a375c4d04efb9e581ac4cd8717b40d8,,
1.0,G04-260203-084134-538,G04-260203-084134-538.bmp,G04,2026-02-03T08:41:34,2026-02-03,G04_2026-02-03,538,val,normal,,1025,1281,1,2b6c5e9f3691aa49636e424f23ff2a58142fc9bae51127a3bb8c4e2da928840b,,
1.0,G04-260203-084146-539,G04-260203-084146-539.bmp,G04,2026-02-03T08:41:46,2026-02-03,G04_2026-02-03,539,val,normal,,1025,1281,1,bed766b7ab17e62580bb422a5bc39dd163ceb7e2e4db1b1938ea8d6b63ea3b45,,
1.0,G04-260203-084203-540,G04-260203-084203-540.bmp,G04,2026-02-03T08:42:03,2026-02-03,G04_2026-02-03,540,val,normal,,1025,1281,1,b18b2a3a8b148b589bfad35406996ccdb6ed4f7aebee333e075f734767c5fb4a,,
1.0,G04-260203-084218-541,G04-260203-084218-541.bmp,G04,2026-02-03T08:42:18,2026-02-03,G04_2026-02-03,541,val,normal,,1025,1281,1,f14663c94888b82734c4f44aa27f70a132dded449037320e170bdae0eea40b88,,
1.0,G04-260203-084233-542,G04-260203-084233-542.bmp,G04,2026-02-03T08:42:33,2026-02-03,G04_2026-02-03,542,val,normal,,1025,1281,1,35f8c771118766d4ca8d12133a9ceeb0c4f7fba08bda6c2db1cc2b4c2d7d067e,,
1.0,G04-260203-084249-543,G04-260203-084249-543.bmp,G04,2026-02-03T08:42:49,2026-02-03,G04_2026-02-03,543,val,normal,,1025,1281,1,cc5db66631174ec4ed01f1f04e0247d33ba2d2aabe93b204575b367676dd747b,,
1.0,G04-260203-084303-544,G04-260203-084303-544.bmp,G04,2026-02-03T08:43:03,2026-02-03,G04_2026-02-03,544,val,normal,,1025,1281,1,3b8440903c25fd61af338a87f8d01b1490cb864d498fa282579afeed0cfe88f1,,
1.0,G04-260203-084317-545,G04-260203-084317-545.bmp,G04,2026-02-03T08:43:17,2026-02-03,G04_2026-02-03,545,val,normal,,1025,1281,1,3d9698ce94f5b6782d074f6edb3fcc1c2c916d7971b1e29d834f0b2a32074924,,
1.0,G04-260203-084333-546,G04-260203-084333-546.bmp,G04,2026-02-03T08:43:33,2026-02-03,G04_2026-02-03,546,val,normal,,1025,1281,1,34a1bf7c2e159c56db0896774d92aa087c8401f20cf1fd099b698d0a52245ca8,,
1.0,G04-260203-084345-547,G04-260203-084345-547.bmp,G04,2026-02-03T08:43:45,2026-02-03,G04_2026-02-03,547,val,normal,,1025,1281,1,ef6cc2b4a752b122f0c764a0a145c1c4b8c4fe5905ac0ab849503878b93fae46,,
1.0,G04-260203-084404-548,G04-260203-084404-548.bmp,G04,2026-02-03T08:44:04,2026-02-03,G04_2026-02-03,548,val,normal,,1025,1281,1,d478d97f4b15f1a5e24c3471d0b7f7c50c10bab811d6d502804c6c6b63033773,,
1.0,G04-260203-084414-549,G04-260203-084414-549.bmp,G04,2026-02-03T08:44:14,2026-02-03,G04_2026-02-03,549,val,normal,,1025,1281,1,c6d1883131732b6df30f770b758d6fe3dae647d3c348f46538c7704a5588f806,,
1.0,G04-260203-084436-550,G04-260203-084436-550.bmp,G04,2026-02-03T08:44:36,2026-02-03,G04_2026-02-03,550,val,normal,,1025,1281,1,c0ecfb1dd09b3b46fdf7cc644bacf0bca9a03363d6cc8b9f7f124673f9688065,,
1.0,G04-260203-084446-551,G04-260203-084446-551.bmp,G04,2026-02-03T08:44:46,2026-02-03,G04_2026-02-03,551,val,normal,,1025,1281,1,e8cddb684f006d2086b680d4b3beef07c8b3182dd6a5d05412cacb3a4221e65a,,
1.0,G04-260203-084504-552,G04-260203-084504-552.bmp,G04,2026-02-03T08:45:04,2026-02-03,G04_2026-02-03,552,val,normal,,1025,1281,1,34250f5701524f758193b5c915f58f67300dca048c427405febc395b2d6e7022,,
1.0,G04-260203-084517-553,G04-260203-084517-553.bmp,G04,2026-02-03T08:45:17,2026-02-03,G04_2026-02-03,553,val,normal,,1025,1281,1,9a6ae55e2d932bce58d2853d643352487541654a9cbbf4ccb6a1ac7bd98a23ca,,
1.0,G04-260203-084536-554,G04-260203-084536-554.bmp,G04,2026-02-03T08:45:36,2026-02-03,G04_2026-02-03,554,val,normal,,1025,1281,1,219eca7e6dedd60df6dccd173ef7129b135609aea38de3b9cf27021d87d976c7,,
1.0,G04-260203-084548-555,G04-260203-084548-555.bmp,G04,2026-02-03T08:45:48,2026-02-03,G04_2026-02-03,555,val,normal,,1025,1281,1,93fe202a1194e1a0baa89d6f4d0c351ddb45cc5e55263e0a3b1865e741495139,,
1.0,G04-260203-084605-556,G04-260203-084605-556.bmp,G04,2026-02-03T08:46:05,2026-02-03,G04_2026-02-03,556,val,normal,,1025,1281,1,765394f99e7f6db88c36bfd7c0d863fdbb1e514b3ee25cbc5f2c5c3638441142,,
1.0,G04-260203-084615-557,G04-260203-084615-557.bmp,G04,2026-02-03T08:46:15,2026-02-03,G04_2026-02-03,557,val,normal,,1025,1281,1,ee584bc397e6bdd99f18dc504abbd82479c77977d26136da273cfb846f02f225,,
1.0,G04-260203-084635-558,G04-260203-084635-558.bmp,G04,2026-02-03T08:46:35,2026-02-03,G04_2026-02-03,558,val,normal,,1025,1281,1,6e51cd5c2686b694e81a3870947b30190ea580b9535431c30591b99bfba82cec,,
1.0,G04-260203-084647-559,G04-260203-084647-559.bmp,G04,2026-02-03T08:46:47,2026-02-03,G04_2026-02-03,559,val,normal,,1025,1281,1,f0918d5bb77cd52ed0c9ed1a8156249ccf3e6c026df4ea63279c18b69ba77838,,
1.0,G04-260203-084707-560,G04-260203-084707-560.bmp,G04,2026-02-03T08:47:07,2026-02-03,G04_2026-02-03,560,val,normal,,1025,1281,1,2832efaef21fee3f06ddf1fbe19bbc708f8d55b38a3d57cba89939ecc6ceb349,,
1.0,G04-260203-084720-561,G04-260203-084720-561.bmp,G04,2026-02-03T08:47:20,2026-02-03,G04_2026-02-03,561,val,normal,,1025,1281,1,f9e1df69dd9e96956b2ea6700c0097a1e51b12111d89874edf8ec97ad23b4c26,,
1.0,G04-260203-084737-562,G04-260203-084737-562.bmp,G04,2026-02-03T08:47:37,2026-02-03,G04_2026-02-03,562,val,normal,,1025,1281,1,0b5ce8f09d7b1c5b2b048e56df75599d0974842dbc44fd2d39da3a17261a0769,,
1.0,G04-260203-084745-563,G04-260203-084745-563.bmp,G04,2026-02-03T08:47:45,2026-02-03,G04_2026-02-03,563,val,normal,,1025,1281,1,b686f41c3ba8fc665f6784b0531af547e7377460956cf197705355e7ded1ca65,,
1.0,G04-260203-084807-564,G04-260203-084807-564.bmp,G04,2026-02-03T08:48:07,2026-02-03,G04_2026-02-03,564,val,normal,,1025,1281,1,d0906c117c015ae3efa646b5ae5ff3bf7150150dbb418490dc6227b4d72e0a9a,,
1.0,G04-260203-084819-565,G04-260203-084819-565.bmp,G04,2026-02-03T08:48:19,2026-02-03,G04_2026-02-03,565,val,normal,,1025,1281,1,1c055fe07acc43485e87131a047eddb3d769b57d8ff95385fd7c7aa0419f1f18,,
1.0,G04-260203-084838-566,G04-260203-084838-566.bmp,G04,2026-02-03T08:48:38,2026-02-03,G04_2026-02-03,566,val,normal,,1025,1281,1,1f5298c6cb5cc08332d0630759289a33a2d3269ae905f3f727f4b4a88919cdc9,,
1.0,G04-260203-084849-567,G04-260203-084849-567.bmp,G04,2026-02-03T08:48:49,2026-02-03,G04_2026-02-03,567,val,normal,,1025,1281,1,6107b2140162e5ff2cff9465310d6c7e0fa18e8f774b0f17dde39f958ae2abca,,
1.0,G04-260203-084906-568,G04-260203-084906-568.bmp,G04,2026-02-03T08:49:06,2026-02-03,G04_2026-02-03,568,val,normal,,1025,1281,1,efae505ccaf9bc4634fc253746c9bf85b976bb5f27f80c0e4a8dc5732d6ca953,,
1.0,G04-260203-084920-569,G04-260203-084920-569.bmp,G04,2026-02-03T08:49:20,2026-02-03,G04_2026-02-03,569,val,normal,,1025,1281,1,8949160bf36318185aa12d2779462ece9d52afe4e31b2ef560544221662cf255,,
1.0,G04-260203-084937-570,G04-260203-084937-570.bmp,G04,2026-02-03T08:49:37,2026-02-03,G04_2026-02-03,570,val,normal,,1025,1281,1,aa98420bf929b6add8250ceba04414fed150137e5b65600eff654e65603c7610,,
1.0,G04-260203-084950-571,G04-260203-084950-571.bmp,G04,2026-02-03T08:49:50,2026-02-03,G04_2026-02-03,571,val,normal,,1025,1281,1,9dd64b85d81f775f90efdac2b687da97498ce2dba9cecfe1fdbe9a6fa705b384,,
1.0,G04-260203-085007-572,G04-260203-085007-572.bmp,G04,2026-02-03T08:50:07,2026-02-03,G04_2026-02-03,572,val,normal,,1025,1281,1,d5793e306aae82d681230990994dd7dde53b4326f4425e592d1086875110187b,,
1.0,G04-260203-085018-573,G04-260203-085018-573.bmp,G04,2026-02-03T08:50:18,2026-02-03,G04_2026-02-03,573,val,normal,,1025,1281,1,cf2f11ae0b24531700082f3682e18d9417f59c16161d078b8f3eda25fc568e1b,,
1.0,G04-260203-085038-574,G04-260203-085038-574.bmp,G04,2026-02-03T08:50:38,2026-02-03,G04_2026-02-03,574,val,normal,,1025,1281,1,ed1e84ab3b02bc915922ac2207556eedfe581eae79be8fbd1190e16baf2b0cfd,,
1.0,G04-260203-085050-575,G04-260203-085050-575.bmp,G04,2026-02-03T08:50:50,2026-02-03,G04_2026-02-03,575,val,normal,,1025,1281,1,f5fc544386eb68d8d0b0bd454268aab80203560daa101d8056edde660a6a705d,,
1.0,G04-260203-085108-576,G04-260203-085108-576.bmp,G04,2026-02-03T08:51:08,2026-02-03,G04_2026-02-03,576,val,normal,,1025,1281,1,566974dc2280d97320620489047e31745f7b9931f25372f70e1778ba10fc27a3,,
1.0,G04-260203-085115-577,G04-260203-085115-577.bmp,G04,2026-02-03T08:51:15,2026-02-03,G04_2026-02-03,577,val,normal,,1025,1281,1,e2a6105f6c96df6cf833dccb0d35cc71cacd04d72c8e88141d0917672ef2a0f0,,
1.0,G04-260203-085138-578,G04-260203-085138-578.bmp,G04,2026-02-03T08:51:38,2026-02-03,G04_2026-02-03,578,val,normal,,1025,1281,1,c288b34c0df1ffc594424f75b07b62edfd9a8b8821515d0389222e03cc6f0a19,,
1.0,G04-260203-085147-579,G04-260203-085147-579.bmp,G04,2026-02-03T08:51:47,2026-02-03,G04_2026-02-03,579,val,normal,,1025,1281,1,c13651c2df5f16b99d581b67067d5a9fbdad3b234d82cccc9894d752c4962ce7,,
1.0,G04-260203-085208-580,G04-260203-085208-580.bmp,G04,2026-02-03T08:52:08,2026-02-03,G04_2026-02-03,580,val,normal,,1025,1281,1,90de3074695ae86c4555d532c070caa1cc49ecfa731139d86cb1f172a7493792,,
1.0,G04-260203-085220-581,G04-260203-085220-581.bmp,G04,2026-02-03T08:52:20,2026-02-03,G04_2026-02-03,581,val,normal,,1025,1281,1,4ba1dad54281a2ccb058bcd17e398f118ce0c124b03028cd5b17e4ac64e68609,,
1.0,G04-260203-085239-582,G04-260203-085239-582.bmp,G04,2026-02-03T08:52:39,2026-02-03,G04_2026-02-03,582,val,normal,,1025,1281,1,14250384e51e30af6a04b782f57462a563fe57cc0af891ef044be7e7ce1620ae,,
1.0,G04-260203-085252-583,G04-260203-085252-583.bmp,G04,2026-02-03T08:52:52,2026-02-03,G04_2026-02-03,583,val,normal,,1025,1281,1,b66cd9bb398b76355f8e7c07366295c1f19504071bf594034f0479e20fccbf11,,
1.0,G04-260203-085310-584,G04-260203-085310-584.bmp,G04,2026-02-03T08:53:10,2026-02-03,G04_2026-02-03,584,val,normal,,1025,1281,1,557355f69b7ce97e6ca691c6f0d4f3c00af63578b9ce727a539fa14683e4b364,,
1.0,G04-260203-085325-585,G04-260203-085325-585.bmp,G04,2026-02-03T08:53:25,2026-02-03,G04_2026-02-03,585,val,normal,,1025,1281,1,ed6e995327a35db89b946193ed77366031ba0079a7d656f75aee186fd148327d,,
1.0,G04-260203-085338-586,G04-260203-085338-586.bmp,G04,2026-02-03T08:53:38,2026-02-03,G04_2026-02-03,586,val,normal,,1025,1281,1,947f4fd246868adad7dea52f3ac0652a349e7361853499b81f8717a43db580dc,,
1.0,G04-260203-085352-587,G04-260203-085352-587.bmp,G04,2026-02-03T08:53:52,2026-02-03,G04_2026-02-03,587,val,normal,,1025,1281,1,fb92249667a30d50247795e97dcae9811e4f88e378f3cd67c829a4a5bb5ab900,,
1.0,G04-260203-085411-588,G04-260203-085411-588.bmp,G04,2026-02-03T08:54:11,2026-02-03,G04_2026-02-03,588,val,normal,,1025,1281,1,00bbb3efad3126b3f11a75eb7eb2bcb840deb60e4185fa17c7d2d727a8651476,,
1.0,G04-260203-085421-589,G04-260203-085421-589.bmp,G04,2026-02-03T08:54:21,2026-02-03,G04_2026-02-03,589,val,normal,,1025,1281,1,6adcd50f83201d80ccaeefb4348a0cdeab7188fc70d42dfd96c99b932e7e9de4,,
1.0,G04-260203-085440-590,G04-260203-085440-590.bmp,G04,2026-02-03T08:54:40,2026-02-03,G04_2026-02-03,590,val,normal,,1025,1281,1,97f469bba57983281b57857dd29d33e7088932c709ef5dcd19a3e77d3ab8343f,,
1.0,G04-260203-085454-591,G04-260203-085454-591.bmp,G04,2026-02-03T08:54:54,2026-02-03,G04_2026-02-03,591,val,normal,,1025,1281,1,db2b885b6ed8f82027a612fb15bcedba46c836992cb846df7784e9a990f8722d,,
1.0,G04-260203-085510-592,G04-260203-085510-592.bmp,G04,2026-02-03T08:55:10,2026-02-03,G04_2026-02-03,592,val,normal,,1025,1281,1,b342cfa605009c07203ac92852547baedb4c1bbb006b1d9fddf2590c3b10363a,,
1.0,G04-260203-085525-593,G04-260203-085525-593.bmp,G04,2026-02-03T08:55:25,2026-02-03,G04_2026-02-03,593,val,normal,,1025,1281,1,48edd26aeb7c9a81876f496c38cbaf3356735a12d9af77e2709335429aa67d31,,
1.0,G04-260203-085541-594,G04-260203-085541-594.bmp,G04,2026-02-03T08:55:41,2026-02-03,G04_2026-02-03,594,val,normal,,1025,1281,1,4c6637ab6d906db19a1cdf9939c2c8d8c3a68ea87676581c79d7519ec5a22313,,
1.0,G04-260203-085549-595,G04-260203-085549-595.bmp,G04,2026-02-03T08:55:49,2026-02-03,G04_2026-02-03,595,val,normal,,1025,1281,1,332d7d61f0918c2b63fbbfadae324f63186180b39090e875ec4320ebe2217572,,
1.0,G04-260203-085610-596,G04-260203-085610-596.bmp,G04,2026-02-03T08:56:10,2026-02-03,G04_2026-02-03,596,val,normal,,1025,1281,1,859fc82418cb84cd76f7a4e4f967d870060243e2e8a18a701840062ffc7bb93c,,
1.0,G04-260203-085623-597,G04-260203-085623-597.bmp,G04,2026-02-03T08:56:23,2026-02-03,G04_2026-02-03,597,val,normal,,1025,1281,1,4cd33ab3daaa9de43e0a7f66b2e0488885aa6db58b056bbd34ca99d9cecdd6fb,,
1.0,G04-260203-085641-598,G04-260203-085641-598.bmp,G04,2026-02-03T08:56:41,2026-02-03,G04_2026-02-03,598,val,normal,,1025,1281,1,dcb93aeac4f7d86c5b5c784bf75dfce0cc5f676ec622909b8678f36071204bc0,,
1.0,G04-260203-085655-599,G04-260203-085655-599.bmp,G04,2026-02-03T08:56:55,2026-02-03,G04_2026-02-03,599,val,normal,,1025,1281,1,d69b1b95bbda801ebbd84929eba581bc40475bd2f75c216bfb0b8fab9dc1ba92,,
1.0,G04-260203-085714-600,G04-260203-085714-600.bmp,G04,2026-02-03T08:57:14,2026-02-03,G04_2026-02-03,600,val,normal,,1025,1281,1,a051b30f20f2774b67c267ccd8cf706a3bfdc006a9127c9f15b8eb2bada3e13c,,
1.0,G04-260203-085727-601,G04-260203-085727-601.bmp,G04,2026-02-03T08:57:27,2026-02-03,G04_2026-02-03,601,val,normal,,1025,1281,1,1d7f6979ae72646ce0783845e348cdf1c6503a0a76c0d44b5169b7be64689039,,
1.0,G04-260203-085742-602,G04-260203-085742-602.bmp,G04,2026-02-03T08:57:42,2026-02-03,G04_2026-02-03,602,val,normal,,1025,1281,1,da0d30b178ec85e9136d1c206b658d954028d33c6e2d6ae5745f648947217272,,
1.0,G04-260203-085758-603,G04-260203-085758-603.bmp,G04,2026-02-03T08:57:58,2026-02-03,G04_2026-02-03,603,val,normal,,1025,1281,1,95a18f01f7f54b24c65d56e12c712141b3b845794547ffd77459f3ed08cbd984,,
1.0,G04-260203-085813-604,G04-260203-085813-604.bmp,G04,2026-02-03T08:58:13,2026-02-03,G04_2026-02-03,604,val,normal,,1025,1281,1,dbd4a9b025613e633ae788b628ce00ab6c588583b2dca5ad5d22a3fdc95a0f37,,
1.0,G04-260203-085824-605,G04-260203-085824-605.bmp,G04,2026-02-03T08:58:24,2026-02-03,G04_2026-02-03,605,val,normal,,1025,1281,1,81b434c8b06ef40d29fc867301dd36e1f45ca2aaf3dff18e9ab33f6ed8a348fd,,
1.0,G04-260203-085842-606,G04-260203-085842-606.bmp,G04,2026-02-03T08:58:42,2026-02-03,G04_2026-02-03,606,val,normal,,1025,1281,1,3a6ba194177ab829b2854439232f947cd0d32a3b852fd9388dea1c6d68e1f67a,,
1.0,G04-260203-085856-607,G04-260203-085856-607.bmp,G04,2026-02-03T08:58:56,2026-02-03,G04_2026-02-03,607,val,normal,,1025,1281,1,6eb41dae1b7135cd2f4cc5980c5f6f08af1bf7738f95ff9f9563e81967e7e707,,
1.0,G04-260203-085918-608,G04-260203-085918-608.bmp,G04,2026-02-03T08:59:18,2026-02-03,G04_2026-02-03,608,val,normal,,1025,1281,1,a21098eb984eeb0a5087d72bc2b11926e0f5d134a14246f1f542b349c2ca9c23,,
1.0,G04-260203-085929-609,G04-260203-085929-609.bmp,G04,2026-02-03T08:59:29,2026-02-03,G04_2026-02-03,609,val,normal,,1025,1281,1,ff6914c1fbb862f7f2acd5efd9aedc46c36e8bf255edd21ba24d26a8f52a9fca,,
1.0,G04-260203-085940-610,G04-260203-085940-610.bmp,G04,2026-02-03T08:59:40,2026-02-03,G04_2026-02-03,610,val,normal,,1025,1281,1,7f28308276000cc83dd93aa9ac47aaa7d188554108624145a9015da020e2ccf7,,
1.0,G04-260203-085949-611,G04-260203-085949-611.bmp,G04,2026-02-03T08:59:49,2026-02-03,G04_2026-02-03,611,val,normal,,1025,1281,1,8d0598678e62337b3d4320427c5cedd2d80ef748eedbc58280b102e2af9c35e6,,
1.0,G04-260203-085959-612,G04-260203-085959-612.bmp,G04,2026-02-03T08:59:59,2026-02-03,G04_2026-02-03,612,val,normal,,1025,1281,1,9d83e85cd95f8b6b2745243321f3c09a9c1259fd75209d843dc4e217fcbfbc9e,,
1.0,G04-260203-090010-613,G04-260203-090010-613.bmp,G04,2026-02-03T09:00:10,2026-02-03,G04_2026-02-03,613,val,normal,,1025,1281,1,b23d45ed78d6488a6bb5f12c9b62bf0e662992e8811b50fd7b30cea4b6b261e7,,
1.0,G04-260203-090023-614,G04-260203-090023-614.bmp,G04,2026-02-03T09:00:23,2026-02-03,G04_2026-02-03,614,val,normal,,1025,1281,1,4967a12e36eaa43114af2674eab56e2fdf6eda1edb6a91782e28c0cd9b4dc61f,,
1.0,G04-260203-090110-615,G04-260203-090110-615.bmp,G04,2026-02-03T09:01:10,2026-02-03,G04_2026-02-03,615,val,normal,,1025,1281,1,700cf6f7c18b4d2d202a9831b15f01dceb6e04387eb6b2c8cc58dd32d652494c,,
1.0,G04-260203-090140-616,G04-260203-090140-616.bmp,G04,2026-02-03T09:01:40,2026-02-03,G04_2026-02-03,616,val,normal,,1025,1281,1,140164eb90ae9338833f4c0f5fd94fbb8821658b632efa3303223767fb72c3b9,,
1.0,G04-260203-090150-617,G04-260203-090150-617.bmp,G04,2026-02-03T09:01:50,2026-02-03,G04_2026-02-03,617,val,normal,,1025,1281,1,5abfaf9a69501cf3c9444c50e3ef32780dc3f9cfe6e4b546494b15cf14510997,,
1.0,G04-260203-090201-618,G04-260203-090201-618.bmp,G04,2026-02-03T09:02:01,2026-02-03,G04_2026-02-03,618,val,normal,,1025,1281,1,f478939333337bcd16caf177338d23f1722697e21ca35b3884ca424a76588dab,,
1.0,G04-260203-090218-619,G04-260203-090218-619.bmp,G04,2026-02-03T09:02:18,2026-02-03,G04_2026-02-03,619,val,normal,,1025,1281,1,f60355ca9da3254b7d1247a3c5581bb969bcef711460e4b2b7d0d5d6b5151474,,
1.0,G04-260203-090232-620,G04-260203-090232-620.bmp,G04,2026-02-03T09:02:32,2026-02-03,G04_2026-02-03,620,val,normal,,1025,1281,1,1a1e33434b8ae0b9c73acc3282681fe6a3ab8868bca782ae5fcaf7b07f9ed8d2,,
1.0,G04-260203-090246-621,G04-260203-090246-621.bmp,G04,2026-02-03T09:02:46,2026-02-03,G04_2026-02-03,621,val,normal,,1025,1281,1,9ece69e9b90c3ffbcaf9e75380189ab02846d7de144def1b34fcdbfebcda7d4a,,
1.0,G04-260203-090258-622,G04-260203-090258-622.bmp,G04,2026-02-03T09:02:58,2026-02-03,G04_2026-02-03,622,val,normal,,1025,1281,1,57f30c61a420d1e4c3ab9e4bc1c54267d6be4db503ab55819f710608a00b8abb,,
1.0,G04-260203-090308-623,G04-260203-090308-623.bmp,G04,2026-02-03T09:03:08,2026-02-03,G04_2026-02-03,623,val,normal,,1025,1281,1,4f8f6aefe32a8cbbbf8b20c7f3a4bbeb2d039898e8fd0a7279d83dc7d6f3d2f0,,
1.0,G04-260203-090316-624,G04-260203-090316-624.bmp,G04,2026-02-03T09:03:16,2026-02-03,G04_2026-02-03,624,val,normal,,1025,1281,1,8b8572bef19c8ce2e81a873d21e27e804f0b128a0cafe3d2b65bcfc5d358653c,,
1.0,G04-260203-090346-625,G04-260203-090346-625.bmp,G04,2026-02-03T09:03:46,2026-02-03,G04_2026-02-03,625,val,normal,,1025,1281,1,17859e9e60882768c760c5fa2aa7dee7bb64031837e7623d939c14da3ab86bcf,,
1.0,G04-260203-090355-626,G04-260203-090355-626.bmp,G04,2026-02-03T09:03:55,2026-02-03,G04_2026-02-03,626,val,normal,,1025,1281,1,78d6eff687ad9da0484c1b5bd11328614f8c4ac16a16603c727c99d5f25239f9,,
1.0,G04-260203-090458-627,G04-260203-090458-627.bmp,G04,2026-02-03T09:04:58,2026-02-03,G04_2026-02-03,627,val,normal,,1025,1281,1,9082300a2c6bee1026a8eeade11dc2e2ff243c370fb2033ed1a67d81fd27c062,,
1.0,G04-260203-090459-628,G04-260203-090459-628.bmp,G04,2026-02-03T09:04:59,2026-02-03,G04_2026-02-03,628,val,normal,,1025,1281,1,f351a6578efe7ad4063de91c3ac44821ab9fc66ac5cc213888c1d6fe3054075e,,
1.0,G04-260203-090506-629,G04-260203-090506-629.bmp,G04,2026-02-03T09:05:06,2026-02-03,G04_2026-02-03,629,val,normal,,1025,1281,1,79b75ebbb7ef41de767efc0b534d0c96b5dbfec3e91e91c09bd1ad9d023c58d9,,
1.0,G04-260203-090512-630,G04-260203-090512-630.bmp,G04,2026-02-03T09:05:12,2026-02-03,G04_2026-02-03,630,val,normal,,1025,1281,1,6fcfadc701d63b0db1391ba0af2416568df1dc91502146bc50f5968bf828f2b8,,
1.0,G04-260203-090522-631,G04-260203-090522-631.bmp,G04,2026-02-03T09:05:22,2026-02-03,G04_2026-02-03,631,val,normal,,1025,1281,1,9efe846764a621b3c1f4800be175042f005b018959b11f0b5fd14bdc54684de8,,
1.0,G04-260203-090540-632,G04-260203-090540-632.bmp,G04,2026-02-03T09:05:40,2026-02-03,G04_2026-02-03,632,val,normal,,1025,1281,1,6ca2cc7e64d5ce88d382bb6fda523ee199eddb1da0344a1f89ab9468b17ed591,,
1.0,G04-260203-090622-633,G04-260203-090622-633.bmp,G04,2026-02-03T09:06:22,2026-02-03,G04_2026-02-03,633,val,normal,,1025,1281,1,a99280f19ab99f86a500871f68938c1715e2020f1d4b90e939d1a7364fed8e59,,
1.0,G04-260203-090634-634,G04-260203-090634-634.bmp,G04,2026-02-03T09:06:34,2026-02-03,G04_2026-02-03,634,val,normal,,1025,1281,1,f9e330032584fbf7ebe194dae3cedba8112c7bdebff43227b76d2b690bd01ef1,,
1.0,G04-260203-090643-635,G04-260203-090643-635.bmp,G04,2026-02-03T09:06:43,2026-02-03,G04_2026-02-03,635,val,normal,,1025,1281,1,0ffea079480ef843e5f61c9a46fad39a2c11b657b7ef76ce170fdd11c52560c9,,
1.0,G04-260203-090653-636,G04-260203-090653-636.bmp,G04,2026-02-03T09:06:53,2026-02-03,G04_2026-02-03,636,val,normal,,1025,1281,1,a60cf7f3cbecfb6a27cc6c405f260a46f8ab9f16511fb262b3452998185e79ca,,
1.0,G04-260203-090707-637,G04-260203-090707-637.bmp,G04,2026-02-03T09:07:07,2026-02-03,G04_2026-02-03,637,val,normal,,1025,1281,1,39caf6b15cccd53695262698f96a7285e1cb3a4d4ec39437192d74da45293d71,,
1.0,G04-260203-090719-638,G04-260203-090719-638.bmp,G04,2026-02-03T09:07:19,2026-02-03,G04_2026-02-03,638,val,normal,,1025,1281,1,aba7bc2e1d7df81ce90aeb07a63aeb8a9b3761d4d4e876727bcaede1672db8e3,,
1.0,G04-260203-090731-639,G04-260203-090731-639.bmp,G04,2026-02-03T09:07:31,2026-02-03,G04_2026-02-03,639,val,normal,,1025,1281,1,5511d40f35dbeb02c577ea35050dbe064730a650d7c48b05837611e873dca19e,,
1.0,G04-260203-090756-640,G04-260203-090756-640.bmp,G04,2026-02-03T09:07:56,2026-02-03,G04_2026-02-03,640,val,normal,,1025,1281,1,84accd38ce8bf19184aa110d45cc891c734af86522ffbdc6e997f219ea038944,,
1.0,G04-260203-090805-641,G04-260203-090805-641.bmp,G04,2026-02-03T09:08:05,2026-02-03,G04_2026-02-03,641,val,normal,,1025,1281,1,a972f483ea1caed197525c6dc1e11d0a9327c74412669da8be90d83b7fb0e5d4,,
1.0,G04-260203-090812-642,G04-260203-090812-642.bmp,G04,2026-02-03T09:08:12,2026-02-03,G04_2026-02-03,642,val,normal,,1025,1281,1,079cbb6f51d2d08c1265aec044d20e33ee97921432e1b9de9c490449a40d36d4,,
1.0,G04-260203-090832-643,G04-260203-090832-643.bmp,G04,2026-02-03T09:08:32,2026-02-03,G04_2026-02-03,643,val,normal,,1025,1281,1,e04c390a5b8bc3b28604f40b56e61d2d32d3a0f052dbba136b7ae29174118222,,
1.0,G04-260203-090849-644,G04-260203-090849-644.bmp,G04,2026-02-03T09:08:49,2026-02-03,G04_2026-02-03,644,val,normal,,1025,1281,1,ac6703ea94b7deea5f997383499b8234f08bd434de9bbe5c41388175945c5e3b,,
1.0,G04-260203-090902-645,G04-260203-090902-645.bmp,G04,2026-02-03T09:09:02,2026-02-03,G04_2026-02-03,645,val,normal,,1025,1281,1,425e440d72c09604f555df37cb3e5298319fd19b397ebe09848fae40643ff03f,,
1.0,G04-260203-090918-646,G04-260203-090918-646.bmp,G04,2026-02-03T09:09:18,2026-02-03,G04_2026-02-03,646,val,normal,,1025,1281,1,2172e0bd2edd4d5443c6b454f74fcb4f236090008a36249e367a6d5ba1c4ec80,,
1.0,G04-260203-090928-647,G04-260203-090928-647.bmp,G04,2026-02-03T09:09:28,2026-02-03,G04_2026-02-03,647,val,normal,,1025,1281,1,9e2ef428e3b9d69f201cef3eedf9763292be75085042797f4a92f08bc3f8b4aa,,
1.0,G04-260203-090950-648,G04-260203-090950-648.bmp,G04,2026-02-03T09:09:50,2026-02-03,G04_2026-02-03,648,val,normal,,1025,1281,1,9db9796b117d3e4f0ff3bae5f589abee237f9bd044e59cb943289f4ef4099f98,,
1.0,G04-260203-090959-649,G04-260203-090959-649.bmp,G04,2026-02-03T09:09:59,2026-02-03,G04_2026-02-03,649,val,normal,,1025,1281,1,9eccf709d9151a24af23d7e2dd2fb52f02e6e0d2cb428e5da9a573a528143814,,
1.0,G04-260203-091021-650,G04-260203-091021-650.bmp,G04,2026-02-03T09:10:21,2026-02-03,G04_2026-02-03,650,val,normal,,1025,1281,1,e126d65effb8f8fe90e9006fef73d2bc245c911c510aa6e8ff9a53b9ac7df80e,,
1.0,G04-260203-091032-651,G04-260203-091032-651.bmp,G04,2026-02-03T09:10:32,2026-02-03,G04_2026-02-03,651,val,normal,,1025,1281,1,86bc618617325f78850feff5882fb03d94eb09db11b9989a7b070ebdac21dd0b,,
1.0,G04-260203-091050-652,G04-260203-091050-652.bmp,G04,2026-02-03T09:10:50,2026-02-03,G04_2026-02-03,652,val,normal,,1025,1281,1,d8ab44f747cc15edcfcf68f074178c8c16ce89ce600e137460c6644902c10417,,
1.0,G04-260203-091105-653,G04-260203-091105-653.bmp,G04,2026-02-03T09:11:05,2026-02-03,G04_2026-02-03,653,val,normal,,1025,1281,1,fd4886f516543e9d3fa4a4dd9b083dc91175aad050dce21b6bd03dc7a18cd13b,,
1.0,G04-260203-091121-654,G04-260203-091121-654.bmp,G04,2026-02-03T09:11:21,2026-02-03,G04_2026-02-03,654,val,normal,,1025,1281,1,5cc11a2a079e910bb1976f4322be7fe444e767ef8722d7108e7907177ac88696,,
1.0,G04-260203-091130-655,G04-260203-091130-655.bmp,G04,2026-02-03T09:11:30,2026-02-03,G04_2026-02-03,655,val,normal,,1025,1281,1,50a72df4a0342b27041e6015e2fb0371cedc8be66f0847fead996e4ddcd60be7,,
1.0,G04-260203-091152-656,G04-260203-091152-656.bmp,G04,2026-02-03T09:11:52,2026-02-03,G04_2026-02-03,656,val,normal,,1025,1281,1,0166ad6ed0694cbe36da9d495413bd17cece2b0f84d98f5c370a13ae840191b8,,
1.0,G04-260203-091201-657,G04-260203-091201-657.bmp,G04,2026-02-03T09:12:01,2026-02-03,G04_2026-02-03,657,val,normal,,1025,1281,1,954d99dac791f061ab578d62e93bdb224ec77662afbe760e9e418dd4dfb1fa70,,
1.0,G04-260203-091221-658,G04-260203-091221-658.bmp,G04,2026-02-03T09:12:21,2026-02-03,G04_2026-02-03,658,val,normal,,1025,1281,1,42248f4d1686703d8afb62783822c3561d61634369a277a1e4b6915befa14b2b,,
1.0,G04-260203-091234-659,G04-260203-091234-659.bmp,G04,2026-02-03T09:12:34,2026-02-03,G04_2026-02-03,659,val,normal,,1025,1281,1,c3b181f7bdbd30522f4c856bce156eb63b8f2079e8ef662bd6da07e1b64a5828,,
1.0,G04-260203-091250-660,G04-260203-091250-660.bmp,G04,2026-02-03T09:12:50,2026-02-03,G04_2026-02-03,660,val,normal,,1025,1281,1,dd8a74b611e1f328447218f5f3bee4947e919544a4f9bb4ec08ad8532f9005e2,,
1.0,G04-260203-091303-661,G04-260203-091303-661.bmp,G04,2026-02-03T09:13:03,2026-02-03,G04_2026-02-03,661,val,normal,,1025,1281,1,0a716d9843333988198741b1895c6408eb54a6ee9740b76ccf60daaa1a6b659e,,
1.0,G04-260203-091321-662,G04-260203-091321-662.bmp,G04,2026-02-03T09:13:21,2026-02-03,G04_2026-02-03,662,val,normal,,1025,1281,1,35ef491def1d8a6eb1c493ae3d43c1a9c3282f6a3157f850660921345767b218,,
1.0,G04-260203-091335-663,G04-260203-091335-663.bmp,G04,2026-02-03T09:13:35,2026-02-03,G04_2026-02-03,663,val,normal,,1025,1281,1,be76c6e8c854c0c3b7ce3de2ef3ae3be88fd76461da5091c719d792248fd34ea,,
1.0,G04-260203-091351-664,G04-260203-091351-664.bmp,G04,2026-02-03T09:13:51,2026-02-03,G04_2026-02-03,664,val,normal,,1025,1281,1,d8aa7ba17fb1b0181b101209b2fe11e1a44d20397890acf5562bd6d17890f133,,
1.0,G04-260203-091403-665,G04-260203-091403-665.bmp,G04,2026-02-03T09:14:03,2026-02-03,G04_2026-02-03,665,val,normal,,1025,1281,1,ba4599c8bdfe179049ec5965d066ebdf8990a91a81d17c6e3f5e0b7541785435,,
1.0,G04-260203-091421-666,G04-260203-091421-666.bmp,G04,2026-02-03T09:14:21,2026-02-03,G04_2026-02-03,666,val,normal,,1025,1281,1,b471e30057ad49ce7d69c4c71337bb07c4aadcad10069a218c2ffae044e88f70,,
1.0,G04-260203-091435-667,G04-260203-091435-667.bmp,G04,2026-02-03T09:14:35,2026-02-03,G04_2026-02-03,667,val,normal,,1025,1281,1,2c7653851eab7dbbefaf80ca65abd0e3961cc67f4ba2130e2495f72fc2a4f045,,
1.0,G04-260203-091452-668,G04-260203-091452-668.bmp,G04,2026-02-03T09:14:52,2026-02-03,G04_2026-02-03,668,val,normal,,1025,1281,1,71c72043f2fe5f69fbf568a3afb720bd3430b7ec7922dbf1db3783ce183ca0cc,,
1.0,G04-260203-091500-669,G04-260203-091500-669.bmp,G04,2026-02-03T09:15:00,2026-02-03,G04_2026-02-03,669,val,normal,,1025,1281,1,d7e37976ea9e929e24eddf5193b90476899b4b02ced0630203e80fb046d930c0,,
1.0,G04-260203-091522-670,G04-260203-091522-670.bmp,G04,2026-02-03T09:15:22,2026-02-03,G04_2026-02-03,670,val,normal,,1025,1281,1,e7c225dde0c8a84bf53c84bccff081d84e5b423b776affa97a8e628980cc28e4,,
1.0,G04-260203-091531-671,G04-260203-091531-671.bmp,G04,2026-02-03T09:15:31,2026-02-03,G04_2026-02-03,671,val,normal,,1025,1281,1,cd4b1a9dd1710b78a6a85af103e8d71b87027f7d1dfc63e69b1b99d189238249,,
1.0,G04-260203-091554-672,G04-260203-091554-672.bmp,G04,2026-02-03T09:15:54,2026-02-03,G04_2026-02-03,672,val,normal,,1025,1281,1,e71dc05d201a572e1aa2d5413d3b6e60a44da3aa438a2f2ca8943b2d1a54786a,,
1.0,G04-260203-091605-673,G04-260203-091605-673.bmp,G04,2026-02-03T09:16:05,2026-02-03,G04_2026-02-03,673,val,normal,,1025,1281,1,4f57f68332469a48764760643982da01502689028804bdfcb2c8e9d548d50e4f,,
1.0,G04-260203-091625-674,G04-260203-091625-674.bmp,G04,2026-02-03T09:16:25,2026-02-03,G04_2026-02-03,674,val,normal,,1025,1281,1,dce16672d1966efa3f08d96179cf8ffc751a1a878dd0e33acc1c078ad2a0ec42,,
1.0,G04-260203-091635-675,G04-260203-091635-675.bmp,G04,2026-02-03T09:16:35,2026-02-03,G04_2026-02-03,675,val,normal,,1025,1281,1,ec31c92ce141aecafce7c208c7d590968fd211d2014c9eaf5afc2bfc60382fc9,,
1.0,G04-260203-091653-676,G04-260203-091653-676.bmp,G04,2026-02-03T09:16:53,2026-02-03,G04_2026-02-03,676,val,normal,,1025,1281,1,6ff1508de718067aeb6505d66be373c856ae9a003ac401af4caa2dd9f263d0ea,,
1.0,G04-260203-091709-677,G04-260203-091709-677.bmp,G04,2026-02-03T09:17:09,2026-02-03,G04_2026-02-03,677,val,normal,,1025,1281,1,3a4ee6f22bc63f8a55028a69680f224484fa94726d272d86d7058b3bb112e291,,
1.0,G04-260203-091726-678,G04-260203-091726-678.bmp,G04,2026-02-03T09:17:26,2026-02-03,G04_2026-02-03,678,val,normal,,1025,1281,1,45aa68dd81767700c2ccf959bb89a90ba757f65c42446dcfaa5204b41b8803a3,,
1.0,G04-260203-091738-679,G04-260203-091738-679.bmp,G04,2026-02-03T09:17:38,2026-02-03,G04_2026-02-03,679,val,normal,,1025,1281,1,38341e8dbf6a175749c9648d34815a08c3194ddbb31d88dc2959ec30f0fad025,,
1.0,G04-260203-091754-680,G04-260203-091754-680.bmp,G04,2026-02-03T09:17:54,2026-02-03,G04_2026-02-03,680,val,normal,,1025,1281,1,8eb6303fe815d7ecc65e9c5a66232c82673e20642033fb0e4c3e30402268f1fc,,
1.0,G04-260203-091804-681,G04-260203-091804-681.bmp,G04,2026-02-03T09:18:04,2026-02-03,G04_2026-02-03,681,val,normal,,1025,1281,1,813855929f344f35ec5de44440d3789dad7e4ca5f8e8d13c9f69a51dddd27b47,,
1.0,G04-260203-091823-682,G04-260203-091823-682.bmp,G04,2026-02-03T09:18:23,2026-02-03,G04_2026-02-03,682,val,normal,,1025,1281,1,a7368bb8a21b4ab0b2d20962aa6910cb92190e31ea7b14e36f45dcb7f3a668d4,,
1.0,G04-260203-091833-683,G04-260203-091833-683.bmp,G04,2026-02-03T09:18:33,2026-02-03,G04_2026-02-03,683,val,normal,,1025,1281,1,58c9efbd32bdc74a7bfad73254eb2512e6e2df4ad3cec9e0fe6be9cffe817011,,
1.0,G04-260203-091854-684,G04-260203-091854-684.bmp,G04,2026-02-03T09:18:54,2026-02-03,G04_2026-02-03,684,val,normal,,1025,1281,1,c3050815ae6e9e337e8aa8152ed382109829842e89b036daf772f1875d295109,,
1.0,G04-260203-091906-685,G04-260203-091906-685.bmp,G04,2026-02-03T09:19:06,2026-02-03,G04_2026-02-03,685,val,normal,,1025,1281,1,14774558b33ad88ca49229626d081306d4d47caca88b4638d20494f0509bda21,,
1.0,G04-260203-091926-686,G04-260203-091926-686.bmp,G04,2026-02-03T09:19:26,2026-02-03,G04_2026-02-03,686,val,normal,,1025,1281,1,bd6162b9b61adbbe1d2a48cbb47f5c92cbdde6df5414bdfdc62a4d82501fe439,,
1.0,G04-260203-091937-687,G04-260203-091937-687.bmp,G04,2026-02-03T09:19:37,2026-02-03,G04_2026-02-03,687,val,normal,,1025,1281,1,1b6628b319a51218c1f66d655888a63a0c71fad9018450ea06c383747e24a396,,
1.0,G04-260203-091955-688,G04-260203-091955-688.bmp,G04,2026-02-03T09:19:55,2026-02-03,G04_2026-02-03,688,val,normal,,1025,1281,1,17d087ed07b03ffb7a299a344a451ecbb6df60de2c0c8718fa6690b58ffa6b49,,
1.0,G04-260203-092007-689,G04-260203-092007-689.bmp,G04,2026-02-03T09:20:07,2026-02-03,G04_2026-02-03,689,val,normal,,1025,1281,1,6c4217cca18482457bdb5bfa69f184f4b6f0f9562631fe6d7a2f38fc395d1981,,
1.0,G04-260203-092026-690,G04-260203-092026-690.bmp,G04,2026-02-03T09:20:26,2026-02-03,G04_2026-02-03,690,val,normal,,1025,1281,1,38c36b64c86a6e1377de165896af91743bee24b97583fe20578b750a277c4a12,,
1.0,G04-260203-092039-691,G04-260203-092039-691.bmp,G04,2026-02-03T09:20:39,2026-02-03,G04_2026-02-03,691,val,normal,,1025,1281,1,f7a04318847e4a854628f24c34b7bfffab86f023feb3797f14c319752b2b0607,,
1.0,G04-260203-092057-692,G04-260203-092057-692.bmp,G04,2026-02-03T09:20:57,2026-02-03,G04_2026-02-03,692,val,normal,,1025,1281,1,0c44a3c4aecc5c2d4938e38b0a694a6e5a2a73d21013c087091987fef4a1da54,,
1.0,G04-260203-092104-693,G04-260203-092104-693.bmp,G04,2026-02-03T09:21:04,2026-02-03,G04_2026-02-03,693,val,normal,,1025,1281,1,72c7df96bf9fb07f974c6c01994d86278369ca6dec3ea323f126cbd817d7b0be,,
1.0,G04-260203-092125-694,G04-260203-092125-694.bmp,G04,2026-02-03T09:21:25,2026-02-03,G04_2026-02-03,694,val,normal,,1025,1281,1,30a1c63d5e690d9fed130b9d3fa6ad9fda8824dfb6d36c0cea66a62e8c16a749,,
1.0,G04-260203-092137-695,G04-260203-092137-695.bmp,G04,2026-02-03T09:21:37,2026-02-03,G04_2026-02-03,695,val,normal,,1025,1281,1,87b3089122885122712410f6ad0e3ccb7c6709f789d46e9d1783f9ac71b85aa8,,
1.0,G04-260203-092156-696,G04-260203-092156-696.bmp,G04,2026-02-03T09:21:56,2026-02-03,G04_2026-02-03,696,val,normal,,1025,1281,1,93057aaf1a36a3ce7741219fb2a6951a75fda7a22d626320c350501347309494,,
1.0,G04-260203-092208-697,G04-260203-092208-697.bmp,G04,2026-02-03T09:22:08,2026-02-03,G04_2026-02-03,697,val,normal,,1025,1281,1,d3497791984a07491eeb6118363f114ca097e9bc6b99fd8bfec3dc9e6defa1f8,,
1.0,G04-260203-092228-698,G04-260203-092228-698.bmp,G04,2026-02-03T09:22:28,2026-02-03,G04_2026-02-03,698,val,normal,,1025,1281,1,810ff9ebe9a2dded9eeb54689b19d0c791e66be014230d1b37c46547e8788817,,
1.0,G04-260203-092250-699,G04-260203-092250-699.bmp,G04,2026-02-03T09:22:50,2026-02-03,G04_2026-02-03,699,val,normal,,1025,1281,1,7514cb90a3751b81ca98a976b9f9e7401b898a3a6a2a1f7846cb0157ce044c99,,
1.0,G04-260203-092305-700,G04-260203-092305-700.bmp,G04,2026-02-03T09:23:05,2026-02-03,G04_2026-02-03,700,val,normal,,1025,1281,1,3371c9ce4132347680edfb18e7ff2e5b84b590c58ac98fd3d8001066def79922,,
1.0,G04-260203-092315-701,G04-260203-092315-701.bmp,G04,2026-02-03T09:23:15,2026-02-03,G04_2026-02-03,701,val,normal,,1025,1281,1,e53cbcf0c75877b8145d36d87a471d72efb9a0906403bb7d594304b9f42c41ce,,
1.0,G04-260203-092325-702,G04-260203-092325-702.bmp,G04,2026-02-03T09:23:25,2026-02-03,G04_2026-02-03,702,val,normal,,1025,1281,1,037e2159e8c9e293d8de2f83f9e22563b62b8a9adfaa1950934a617a242f6be7,,
1.0,G04-260203-092333-703,G04-260203-092333-703.bmp,G04,2026-02-03T09:23:33,2026-02-03,G04_2026-02-03,703,val,normal,,1025,1281,1,ae48f43796f4c630b29eb121d1da88a96e20932f2b1d745fcb38a506deafe08f,,
1.0,G04-260203-092344-704,G04-260203-092344-704.bmp,G04,2026-02-03T09:23:44,2026-02-03,G04_2026-02-03,704,val,normal,,1025,1281,1,bae4e192fac42bdd767aefdded2eaf79faa514e53246053baf6d763b4deaa101,,
1.0,G04-260203-092601-705,G04-260203-092601-705.bmp,G04,2026-02-03T09:26:01,2026-02-03,G04_2026-02-03,705,val,normal,,1025,1281,1,4d4a335c3952e6f42a683cacca9e5a58ee7f5709f607d1f5c7d20c4bf917ec62,,
1.0,G04-260203-092612-706,G04-260203-092612-706.bmp,G04,2026-02-03T09:26:12,2026-02-03,G04_2026-02-03,706,val,normal,,1025,1281,1,dca62962a60e6efa6585da3577f1994e9e5e7d030cfaa0b487f4fc48f9c23fb4,,
1.0,G04-260203-092630-707,G04-260203-092630-707.bmp,G04,2026-02-03T09:26:30,2026-02-03,G04_2026-02-03,707,val,normal,,1025,1281,1,f191fd8c835340db822b378fadce2640c7501d5b6f6a039c703a5f9e32a1f701,,
1.0,G04-260203-092644-708,G04-260203-092644-708.bmp,G04,2026-02-03T09:26:44,2026-02-03,G04_2026-02-03,708,val,normal,,1025,1281,1,fa87580090f8ab6e62a21e8bb3ec5267a778a7e8b162f500e8ee8dc4d617ffe5,,
1.0,G04-260203-092702-709,G04-260203-092702-709.bmp,G04,2026-02-03T09:27:02,2026-02-03,G04_2026-02-03,709,val,normal,,1025,1281,1,4874a7d22d48a66202738e5f8a5a0e6ce91481ef32efd0d8280885877c6f825b,,
1.0,G04-260203-092729-710,G04-260203-092729-710.bmp,G04,2026-02-03T09:27:29,2026-02-03,G04_2026-02-03,710,val,normal,,1025,1281,1,95cf4b3e766ee85720b2fd75478691018b5574ac0f043a214990a32e7297699d,,
1.0,G04-260203-092737-711,G04-260203-092737-711.bmp,G04,2026-02-03T09:27:37,2026-02-03,G04_2026-02-03,711,val,normal,,1025,1281,1,fddaffd154cad2496ad5ddf3d972572e3015575e78956abae117b7b7a5e317f6,,
1.0,G04-260203-092800-712,G04-260203-092800-712.bmp,G04,2026-02-03T09:28:00,2026-02-03,G04_2026-02-03,712,val,normal,,1025,1281,1,8ba2155343e3a538b58a35fbde1b016d1f10585f074aeae6eae0327a4638508e,,
1.0,G04-260203-092812-713,G04-260203-092812-713.bmp,G04,2026-02-03T09:28:12,2026-02-03,G04_2026-02-03,713,val,normal,,1025,1281,1,2250f5e79be4d65ebfa6dddcaf404c120913f27ab361ba5db35aa7298feb034a,,
1.0,G04-260203-092830-714,G04-260203-092830-714.bmp,G04,2026-02-03T09:28:30,2026-02-03,G04_2026-02-03,714,val,normal,,1025,1281,1,910980a428a444980c318f6667d50dae437f979f8f6d5d103036f33b5ffce54e,,
1.0,G04-260203-092843-715,G04-260203-092843-715.bmp,G04,2026-02-03T09:28:43,2026-02-03,G04_2026-02-03,715,val,normal,,1025,1281,1,c7eb72af6a442264ffec92fab7a5c4aa12b38939d14cd3f3fa58399afbad8807,,
1.0,G04-260203-092901-716,G04-260203-092901-716.bmp,G04,2026-02-03T09:29:01,2026-02-03,G04_2026-02-03,716,val,normal,,1025,1281,1,5c5edaab730ae5786ccbfc89a2d703f44487d0ae17105b950be1f22f17139c16,,
1.0,G04-260203-092914-717,G04-260203-092914-717.bmp,G04,2026-02-03T09:29:14,2026-02-03,G04_2026-02-03,717,val,normal,,1025,1281,1,f37fe1b0b8474dae4abc25affb296177b3c5c1765934cfee4a26a276dbb9cd7c,,
1.0,G04-260203-092939-718,G04-260203-092939-718.bmp,G04,2026-02-03T09:29:39,2026-02-03,G04_2026-02-03,718,val,normal,,1025,1281,1,63a0bdedf9c71c1d40c9db2a4d2f5d43afe9583c51d934dbd6ac9ccc6c39f71b,,
1.0,G04-260203-092945-719,G04-260203-092945-719.bmp,G04,2026-02-03T09:29:45,2026-02-03,G04_2026-02-03,719,val,normal,,1025,1281,1,78994500f683c1fa652c1bcb1b03107226c77af5a0b473c425b3ac0abf64495f,,
1.0,G04-260203-092955-720,G04-260203-092955-720.bmp,G04,2026-02-03T09:29:55,2026-02-03,G04_2026-02-03,720,val,normal,,1025,1281,1,6c9ee293e1402315df2f119e41f72dc6422a696c2b4a23853f6cb3f6f98342fa,,
1.0,G04-260203-093001-721,G04-260203-093001-721.bmp,G04,2026-02-03T09:30:01,2026-02-03,G04_2026-02-03,721,val,normal,,1025,1281,1,ae14acae88bfdf0d7ad1fde80ca1aca4b3500974a70a7ff5cdcbef6e33993eaa,,
1.0,G04-260203-093101-723,G04-260203-093101-723.bmp,G04,2026-02-03T09:31:01,2026-02-03,G04_2026-02-03,723,val,normal,,1025,1281,1,94235d6729982bc1f2d650185fc66ca5e642c15dbfb38ee5210b92be2d14224f,,
1.0,G04-260203-093113-724,G04-260203-093113-724.bmp,G04,2026-02-03T09:31:13,2026-02-03,G04_2026-02-03,724,val,normal,,1025,1281,1,a1e4e0cd3f86bf0be9ec6bb266aa189d60f555261d8586c520ddf0866965cc3f,,
1.0,G04-260203-093132-725,G04-260203-093132-725.bmp,G04,2026-02-03T09:31:32,2026-02-03,G04_2026-02-03,725,val,normal,,1025,1281,1,7e6aed3d36b0d1aeef2a5b9c244c108c9ec16e86cff3b589d80bf005a6e2d336,,
1.0,G04-260203-093146-726,G04-260203-093146-726.bmp,G04,2026-02-03T09:31:46,2026-02-03,G04_2026-02-03,726,val,normal,,1025,1281,1,129ba6909fb8fd805edc9783af8a0ac16d85f06b227301c9de1fc6bd7b443aea,,
1.0,G04-260203-093202-727,G04-260203-093202-727.bmp,G04,2026-02-03T09:32:02,2026-02-03,G04_2026-02-03,727,val,normal,,1025,1281,1,f985d454dd94ca551e3da2cfa95eae329f2a305cdd64928e096b927898009b34,,
1.0,G04-260203-093215-728,G04-260203-093215-728.bmp,G04,2026-02-03T09:32:15,2026-02-03,G04_2026-02-03,728,val,normal,,1025,1281,1,5e0a9367026078e0fb49ff7b6d0280ce9011a1a25c7006476403fd8d4c01ec05,,
1.0,G04-260203-093232-729,G04-260203-093232-729.bmp,G04,2026-02-03T09:32:32,2026-02-03,G04_2026-02-03,729,val,normal,,1025,1281,1,2fb02ba6238e3455ba892279209b020f8a0f85d11ebed8cb9ef2fbd3475c4951,,
1.0,G04-260203-093241-730,G04-260203-093241-730.bmp,G04,2026-02-03T09:32:41,2026-02-03,G04_2026-02-03,730,val,normal,,1025,1281,1,3f7d6095365c01e79f1c6e0e8920857c8b15e09d5bbe73c35ffd6084fa95dde5,,
1.0,G04-260203-093303-731,G04-260203-093303-731.bmp,G04,2026-02-03T09:33:03,2026-02-03,G04_2026-02-03,731,val,normal,,1025,1281,1,112922cbe5e1c107f32d64743c896eb83752deb2a5b1a3f7ef41eb366e722dff,,
1.0,G04-260203-093312-732,G04-260203-093312-732.bmp,G04,2026-02-03T09:33:12,2026-02-03,G04_2026-02-03,732,val,normal,,1025,1281,1,f97be0cfd941a63129081075f8309b26cb1e7188412376a73258bfcd2c11ac9c,,
1.0,G04-260203-093333-733,G04-260203-093333-733.bmp,G04,2026-02-03T09:33:33,2026-02-03,G04_2026-02-03,733,val,normal,,1025,1281,1,d6db69197cb59899faabd029ef14155bac57ed0918bc68313a8f2be850a4cfab,,
1.0,G04-260203-093348-734,G04-260203-093348-734.bmp,G04,2026-02-03T09:33:48,2026-02-03,G04_2026-02-03,734,val,normal,,1025,1281,1,5846a380ac75b866e1c494f80ef29ca9b7d18e303e86e0dc4f68a8e50a5115c7,,
1.0,G04-260203-093404-735,G04-260203-093404-735.bmp,G04,2026-02-03T09:34:04,2026-02-03,G04_2026-02-03,735,val,normal,,1025,1281,1,819ed94b5947c879246266ed34fabf9648a298f21668624ff50034daf7b3a5f9,,
1.0,G04-260203-093419-736,G04-260203-093419-736.bmp,G04,2026-02-03T09:34:19,2026-02-03,G04_2026-02-03,736,val,normal,,1025,1281,1,675cc61e0fd94df0046ab3d3b0c1271d6ac32a48494a1530edcc7304a7f3f433,,
1.0,G04-260203-093435-737,G04-260203-093435-737.bmp,G04,2026-02-03T09:34:35,2026-02-03,G04_2026-02-03,737,val,normal,,1025,1281,1,c39237b6fc2c6988326f66c0bae227f41cd57f067f271851c8834e4b03f800a7,,
1.0,G04-260203-093445-738,G04-260203-093445-738.bmp,G04,2026-02-03T09:34:45,2026-02-03,G04_2026-02-03,738,val,normal,,1025,1281,1,7892856f31fa2c3a6349af0625b376326aa4f269313faaa7cc724d5563f9bcba,,
1.0,G04-260203-093506-739,G04-260203-093506-739.bmp,G04,2026-02-03T09:35:06,2026-02-03,G04_2026-02-03,739,val,normal,,1025,1281,1,93664d59b1fbc239003ea2b007bb95b67cc3ee70fb4e34d4a106730bab6ce662,,
1.0,G04-260203-093522-740,G04-260203-093522-740.bmp,G04,2026-02-03T09:35:22,2026-02-03,G04_2026-02-03,740,val,normal,,1025,1281,1,73fc994846bf93ca03b175acea8cdebefb4a14ba09b4d03e504fddd4481adddd,,
1.0,G04-260203-093536-741,G04-260203-093536-741.bmp,G04,2026-02-03T09:35:36,2026-02-03,G04_2026-02-03,741,val,normal,,1025,1281,1,d891c3655bccce5f3205edfef877f7d44464010b39cee1f2fb9e90bc51d6d45a,,
1.0,G04-260203-093547-742,G04-260203-093547-742.bmp,G04,2026-02-03T09:35:47,2026-02-03,G04_2026-02-03,742,val,normal,,1025,1281,1,f34c2d3146fb41e4b27034f8cafb769b670c5ccde2e6fa37730cb1c98fa68032,,
1.0,G04-260203-093604-743,G04-260203-093604-743.bmp,G04,2026-02-03T09:36:04,2026-02-03,G04_2026-02-03,743,val,normal,,1025,1281,1,0fe7a30816d267bec915ddb002715a266af653bb1ca1e9db13f9d48fe04031c1,,
1.0,G04-260203-093613-744,G04-260203-093613-744.bmp,G04,2026-02-03T09:36:13,2026-02-03,G04_2026-02-03,744,val,normal,,1025,1281,1,8839cf0e7f676f8c3463922391044c00c3f0621a4124fba7a9a15ea0bd9de80d,,
1.0,G04-260203-093634-745,G04-260203-093634-745.bmp,G04,2026-02-03T09:36:34,2026-02-03,G04_2026-02-03,745,val,normal,,1025,1281,1,ee9e67ca5212b2af0544a9103e76f431e4d3148966c837435e8bf9018a0349d6,,
1.0,G04-260203-093643-746,G04-260203-093643-746.bmp,G04,2026-02-03T09:36:43,2026-02-03,G04_2026-02-03,746,val,normal,,1025,1281,1,94926a9f84256c2a54c9fb7e2fe3a7ff883a30572089dfa8ba603278c2160318,,
1.0,G04-260203-093705-747,G04-260203-093705-747.bmp,G04,2026-02-03T09:37:05,2026-02-03,G04_2026-02-03,747,val,normal,,1025,1281,1,4497e2c5947931b884e4a3831fb8d06d34d0ce92fc530bf88b87c7871036793b,,
1.0,G04-260203-093724-748,G04-260203-093724-748.bmp,G04,2026-02-03T09:37:24,2026-02-03,G04_2026-02-03,748,val,normal,,1025,1281,1,fb176a87c4936c9f779ec8c060dafcb4958ac52953cbcc3c07c032762eb941b8,,
1.0,G04-260203-093737-749,G04-260203-093737-749.bmp,G04,2026-02-03T09:37:37,2026-02-03,G04_2026-02-03,749,val,normal,,1025,1281,1,682f611006a0bad70e083014aba7ab8c739751908140eccdebe30df318293bc2,,
1.0,G04-260203-093745-750,G04-260203-093745-750.bmp,G04,2026-02-03T09:37:45,2026-02-03,G04_2026-02-03,750,val,normal,,1025,1281,1,dcec31f384bbe05b45dac3c50f1d5d005bb1e9579503e2adfb1d9ecfbd47e0dc,,
1.0,G04-260203-093806-751,G04-260203-093806-751.bmp,G04,2026-02-03T09:38:06,2026-02-03,G04_2026-02-03,751,val,normal,,1025,1281,1,d45437a8fd13661efd308a9205bdbbea88706c310510b0455f3c262feb23a763,,
1.0,G04-260203-093821-752,G04-260203-093821-752.bmp,G04,2026-02-03T09:38:21,2026-02-03,G04_2026-02-03,752,val,normal,,1025,1281,1,618433b66d7f81cecb79f998aca9f8b392225be412f30ef526b80a978db4d647,,
1.0,G04-260203-093835-753,G04-260203-093835-753.bmp,G04,2026-02-03T09:38:35,2026-02-03,G04_2026-02-03,753,val,normal,,1025,1281,1,509d4d238dc864b51fe17bd5d589d3c1af524bbd8e9208de1a4dae24f999c9c3,,
1.0,G04-260203-093842-754,G04-260203-093842-754.bmp,G04,2026-02-03T09:38:42,2026-02-03,G04_2026-02-03,754,val,normal,,1025,1281,1,2e0bfbe4e848ab64fea2bf1dcb1b65854748e7d99359023cfe9aa7bcbd49c9cf,,
1.0,G04-260203-093906-755,G04-260203-093906-755.bmp,G04,2026-02-03T09:39:06,2026-02-03,G04_2026-02-03,755,val,normal,,1025,1281,1,753eb5cf6ee032aaad41a2c195b88ed2e2ede0fa5dfe10196c7ffb0f3275c3dd,,
1.0,G04-260203-093913-756,G04-260203-093913-756.bmp,G04,2026-02-03T09:39:13,2026-02-03,G04_2026-02-03,756,val,normal,,1025,1281,1,b93e7552eba0e5558687bf2edb28f3ed6b7998e3c1797e6bb9e5dd1e99859df3,,
1.0,G04-260203-093936-757,G04-260203-093936-757.bmp,G04,2026-02-03T09:39:36,2026-02-03,G04_2026-02-03,757,val,normal,,1025,1281,1,a12a848d293f995e4eef751f2750182191e0a215e2e064d51d1b7180363851a6,,
1.0,G04-260203-093948-758,G04-260203-093948-758.bmp,G04,2026-02-03T09:39:48,2026-02-03,G04_2026-02-03,758,val,normal,,1025,1281,1,9e014f4ba042b2273c2e7b5b5f14f84bfc8d8cb71d8a1629289f43eb16b8b1ef,,
1.0,G04-260203-094006-759,G04-260203-094006-759.bmp,G04,2026-02-03T09:40:06,2026-02-03,G04_2026-02-03,759,val,normal,,1025,1281,1,dcf1f7c3791b56524e77ad89c7c29a975fba6a08b304de0beefa7ae35aedd11f,,
1.0,G04-260203-094022-760,G04-260203-094022-760.bmp,G04,2026-02-03T09:40:22,2026-02-03,G04_2026-02-03,760,val,normal,,1025,1281,1,723493b7def4ca51d4893c36e959e5b45db634c8b7466f71877df18cf254dc70,,
1.0,G04-260203-094037-761,G04-260203-094037-761.bmp,G04,2026-02-03T09:40:37,2026-02-03,G04_2026-02-03,761,val,normal,,1025,1281,1,2ccbfe681f7751d7e21a1eb3b5e21e98ef92fb0b81c4331c8227b396425d2ba1,,
1.0,G04-260203-094046-762,G04-260203-094046-762.bmp,G04,2026-02-03T09:40:46,2026-02-03,G04_2026-02-03,762,val,normal,,1025,1281,1,6bd3fa82b7930972e1829d0743b28aa8f8b332e3361c0192b05f4f573cfdab5c,,
1.0,G04-260203-094107-763,G04-260203-094107-763.bmp,G04,2026-02-03T09:41:07,2026-02-03,G04_2026-02-03,763,val,normal,,1025,1281,1,8649a0bc2b8748df967c886f80c3fdc29ba961739fe0111f966c99c5c6eb4384,,
1.0,G04-260203-094121-764,G04-260203-094121-764.bmp,G04,2026-02-03T09:41:21,2026-02-03,G04_2026-02-03,764,val,normal,,1025,1281,1,98ba6d4167584644cc65fa96978d59ecfa1a173e0da6bd210b98222f72c4310a,,
1.0,G04-260203-094137-765,G04-260203-094137-765.bmp,G04,2026-02-03T09:41:37,2026-02-03,G04_2026-02-03,765,val,normal,,1025,1281,1,89dea39fc5d16dc9a47b0bd0e9a9f2d3133adae7496994496f3d17dc8e7b654d,,
1.0,G04-260203-094150-766,G04-260203-094150-766.bmp,G04,2026-02-03T09:41:50,2026-02-03,G04_2026-02-03,766,val,normal,,1025,1281,1,c2d77f2eaf97b7f70be99fce6154ab1c2961ef05fbcf0e23521b661241d8f0ae,,
1.0,G04-260203-094207-767,G04-260203-094207-767.bmp,G04,2026-02-03T09:42:07,2026-02-03,G04_2026-02-03,767,val,normal,,1025,1281,1,7b1f635b9f3d834c0436ffef5f2b3fca09d9e7d4184b27473e6b73406abef0df,,
1.0,G04-260203-094218-768,G04-260203-094218-768.bmp,G04,2026-02-03T09:42:18,2026-02-03,G04_2026-02-03,768,val,normal,,1025,1281,1,93e955a6cfa5a762afc86ce94ccda857683689e5fc22aca843e356fd2c39c611,,
1.0,G04-260203-094240-769,G04-260203-094240-769.bmp,G04,2026-02-03T09:42:40,2026-02-03,G04_2026-02-03,769,val,normal,,1025,1281,1,49aeb9cdf354fe9f39cbad223063a47d67b5b465d599d8af57ffc1bce8fa98d5,,
1.0,G04-260203-094258-770,G04-260203-094258-770.bmp,G04,2026-02-03T09:42:58,2026-02-03,G04_2026-02-03,770,val,normal,,1025,1281,1,be656a6d1435c979c125110750ea109c82141fab91e68b32f70a3664829af45d,,
1.0,G04-260203-094310-771,G04-260203-094310-771.bmp,G04,2026-02-03T09:43:10,2026-02-03,G04_2026-02-03,771,val,normal,,1025,1281,1,b16a79766c96b7b8181053588f828bbe9286816a09fc7021f8695ad40be4b21d,,
1.0,G04-260203-094323-772,G04-260203-094323-772.bmp,G04,2026-02-03T09:43:23,2026-02-03,G04_2026-02-03,772,val,normal,,1025,1281,1,d843d93d1d344695d94c6cd3f607beecc3f617081da654714f02fbe65de6c66d,,
1.0,G04-260203-094339-773,G04-260203-094339-773.bmp,G04,2026-02-03T09:43:39,2026-02-03,G04_2026-02-03,773,val,normal,,1025,1281,1,0415c43ed9d98d4920451948365071e08e65c3e60323c3b5fb34e7dba7555aba,,
1.0,G04-260203-094352-774,G04-260203-094352-774.bmp,G04,2026-02-03T09:43:52,2026-02-03,G04_2026-02-03,774,val,normal,,1025,1281,1,768100b1a209f28c46092b6e801d4b8f07ccd61b90938f72e711ac0fc57f4aa7,,
1.0,G04-260203-094411-775,G04-260203-094411-775.bmp,G04,2026-02-03T09:44:11,2026-02-03,G04_2026-02-03,775,val,normal,,1025,1281,1,c4121cfd31e6cb351fa39ce0e2595dcb56f988fc4397ff1ba45b590c5f075b4f,,
1.0,G04-260203-094427-776,G04-260203-094427-776.bmp,G04,2026-02-03T09:44:27,2026-02-03,G04_2026-02-03,776,val,normal,,1025,1281,1,57aa2a6ded0d936326d6e29664cb99e88c24832d5dc999e7eb1f4bb041ddaef3,,
1.0,G04-260203-094440-777,G04-260203-094440-777.bmp,G04,2026-02-03T09:44:40,2026-02-03,G04_2026-02-03,777,val,normal,,1025,1281,1,5b157f98c34339193b5c1cefb88b946b6bb7ae526bd9d68d99fd0eae894acff5,,
1.0,G04-260203-094457-778,G04-260203-094457-778.bmp,G04,2026-02-03T09:44:57,2026-02-03,G04_2026-02-03,778,val,normal,,1025,1281,1,c8181537bcbdbaf5870d3eb79189b512248fc51448698815ce0f1ac9c915c16d,,
1.0,G04-260203-094510-779,G04-260203-094510-779.bmp,G04,2026-02-03T09:45:10,2026-02-03,G04_2026-02-03,779,val,normal,,1025,1281,1,5967f736ce7ca7d0f8be44f38fccb592016cf6b5a09de4180686d68fe0fc52ac,,
1.0,G04-260203-094521-780,G04-260203-094521-780.bmp,G04,2026-02-03T09:45:21,2026-02-03,G04_2026-02-03,780,val,normal,,1025,1281,1,f0369de811a93f5cf4b1ce870a85f2a164f6751cfd097a4d1701c3be098254ac,,
1.0,G04-260203-094541-781,G04-260203-094541-781.bmp,G04,2026-02-03T09:45:41,2026-02-03,G04_2026-02-03,781,val,normal,,1025,1281,1,152874fa5c486f8762acf1647243c1c808cf80102d0779e1f662f710a7c06d4e,,
1.0,G04-260203-094553-782,G04-260203-094553-782.bmp,G04,2026-02-03T09:45:53,2026-02-03,G04_2026-02-03,782,val,normal,,1025,1281,1,f8317d62d5d61ee165513c3d84ca07aa222d876e17b4c7c7e0258ea6845622df,,
1.0,G04-260203-094611-783,G04-260203-094611-783.bmp,G04,2026-02-03T09:46:11,2026-02-03,G04_2026-02-03,783,val,normal,,1025,1281,1,901a2d3ec71259894446a36c6f1bf4267152e0a2729f0a457beeddac44cc15e5,,
1.0,G04-260203-094640-784,G04-260203-094640-784.bmp,G04,2026-02-03T09:46:40,2026-02-03,G04_2026-02-03,784,val,normal,,1025,1281,1,e951e03e27a563a0d7d63743eabfe8fbc050925d39d92d50e93d8991e5e1b593,,
1.0,G04-260203-094658-785,G04-260203-094658-785.bmp,G04,2026-02-03T09:46:58,2026-02-03,G04_2026-02-03,785,val,normal,,1025,1281,1,a572e6cd1fa656be4caac9013c9b8ea97f2bedc1aa5322012b2b4ae8c6be4b6d,,
1.0,G04-260203-094710-786,G04-260203-094710-786.bmp,G04,2026-02-03T09:47:10,2026-02-03,G04_2026-02-03,786,val,normal,,1025,1281,1,3db1eee622965f628a80229b4b6f7a35dba50b13abd3efa60be1d1d92742369f,,
1.0,G04-260203-094720-787,G04-260203-094720-787.bmp,G04,2026-02-03T09:47:20,2026-02-03,G04_2026-02-03,787,val,normal,,1025,1281,1,916466fbfa4a5523575f92b8e8c04d31f8980ece5c4669bb8cc84cc5001ee439,,
1.0,G04-260203-094741-788,G04-260203-094741-788.bmp,G04,2026-02-03T09:47:41,2026-02-03,G04_2026-02-03,788,val,normal,,1025,1281,1,f56d78163b53d79df39ec734bf549e9ee154d781e3f258b182b3a7b4482db051,,
1.0,G04-260203-094754-789,G04-260203-094754-789.bmp,G04,2026-02-03T09:47:54,2026-02-03,G04_2026-02-03,789,val,normal,,1025,1281,1,791ad1bcc6445a9b1a247c5ee0510796428a4d1e685b461b0f54fb208eec2431,,
1.0,G04-260203-094812-790,G04-260203-094812-790.bmp,G04,2026-02-03T09:48:12,2026-02-03,G04_2026-02-03,790,val,normal,,1025,1281,1,dd75a17d2618e407b47dd14231ebb3840dca785ea0e4a02a5ac1e9b064f6dde5,,
1.0,G04-260203-094826-791,G04-260203-094826-791.bmp,G04,2026-02-03T09:48:26,2026-02-03,G04_2026-02-03,791,val,normal,,1025,1281,1,44188ba2b2a9d1a01511d52cc75631a988d5f3f810c3ab1ce791749c77b94af5,,
1.0,G04-260203-094843-792,G04-260203-094843-792.bmp,G04,2026-02-03T09:48:43,2026-02-03,G04_2026-02-03,792,val,normal,,1025,1281,1,6a84cfff93f01d3206a4c7f9150e82608476dbdb55350a7cd938e08aed372307,,
1.0,G04-260203-094854-793,G04-260203-094854-793.bmp,G04,2026-02-03T09:48:54,2026-02-03,G04_2026-02-03,793,val,normal,,1025,1281,1,171b5a401a1741f0a1496e477980cc792a50301173a30199c604edc5c1f5d4bd,,
1.0,G04-260203-094912-794,G04-260203-094912-794.bmp,G04,2026-02-03T09:49:12,2026-02-03,G04_2026-02-03,794,val,normal,,1025,1281,1,e8ffc48629fa86a153de88bce7b87ee5306a8376b77f8bef4f666118272f077c,,
1.0,G04-260203-094922-795,G04-260203-094922-795.bmp,G04,2026-02-03T09:49:22,2026-02-03,G04_2026-02-03,795,val,normal,,1025,1281,1,8f8c723fce8fa04cf7f95512db5dcb4fded598c770ddb5d4a26835b3f1127e8a,,
1.0,G04-260203-094943-796,G04-260203-094943-796.bmp,G04,2026-02-03T09:49:43,2026-02-03,G04_2026-02-03,796,val,normal,,1025,1281,1,6912fe74b16034912a9e1fd7f7e13b0180b2057af37737d2d63687f6ad05a195,,
1.0,G04-260203-094953-797,G04-260203-094953-797.bmp,G04,2026-02-03T09:49:53,2026-02-03,G04_2026-02-03,797,val,normal,,1025,1281,1,b06dcd2234e4e399fe2ec9a023e78abffd80594ecaa23fa5fab13bd8c5afdfe7,,
1.0,G04-260203-095014-798,G04-260203-095014-798.bmp,G04,2026-02-03T09:50:14,2026-02-03,G04_2026-02-03,798,val,normal,,1025,1281,1,0972eb8506bf5eb985f8e5dc4fb931c151b2ff9d9bc390ba02343e03072d5996,,
1.0,G04-260203-095027-799,G04-260203-095027-799.bmp,G04,2026-02-03T09:50:27,2026-02-03,G04_2026-02-03,799,val,normal,,1025,1281,1,20e72bdc8197e4aa8554a2712ee0fd6dfbc2bad60f3b934ef2c8703b5091e44a,,
1.0,G04-260203-095046-800,G04-260203-095046-800.bmp,G04,2026-02-03T09:50:46,2026-02-03,G04_2026-02-03,800,val,normal,,1025,1281,1,bddb33598565f49ec33ba7513fead2b1b45eff521df755070d490fc4a5308981,,
1.0,G04-260203-095056-801,G04-260203-095056-801.bmp,G04,2026-02-03T09:50:56,2026-02-03,G04_2026-02-03,801,val,normal,,1025,1281,1,009879c7fd6730fd403c5362af8c87cd41792874139c1942283cce129ae54f0b,,
1.0,G04-260203-095114-802,G04-260203-095114-802.bmp,G04,2026-02-03T09:51:14,2026-02-03,G04_2026-02-03,802,val,normal,,1025,1281,1,9a1b795613cc1ea036f0a48ee27a265690dab78e4ab2815d93ec9519a8d9ae4e,,
1.0,G04-260203-095125-803,G04-260203-095125-803.bmp,G04,2026-02-03T09:51:25,2026-02-03,G04_2026-02-03,803,val,normal,,1025,1281,1,d3ab21a97904261a06dc381b2ab9e5414ea617d77967e4c3aeceb394d5d6db2e,,
1.0,G04-260203-095143-804,G04-260203-095143-804.bmp,G04,2026-02-03T09:51:43,2026-02-03,G04_2026-02-03,804,val,normal,,1025,1281,1,7d291c69d8f3c475fde2056bfb3667717142d84301d610e89edf755b23c4e8c4,,
1.0,G04-260203-095150-805,G04-260203-095150-805.bmp,G04,2026-02-03T09:51:50,2026-02-03,G04_2026-02-03,805,val,normal,,1025,1281,1,ffc6544994afb53d38a4aefdd88180260c98835980b20e2690f7f95ee2caf97e,,
1.0,G04-260203-095214-806,G04-260203-095214-806.bmp,G04,2026-02-03T09:52:14,2026-02-03,G04_2026-02-03,806,val,normal,,1025,1281,1,34cf805ce070b8b482fd444fe22e2bd726abae21c7cec7e43b07eb1f034a73fd,,
1.0,G04-260203-095230-807,G04-260203-095230-807.bmp,G04,2026-02-03T09:52:30,2026-02-03,G04_2026-02-03,807,val,normal,,1025,1281,1,6ed0494167d951503de2cbba95c657855474a49698c5e869c9f8f9602711bb00,,
1.0,G04-260203-095243-808,G04-260203-095243-808.bmp,G04,2026-02-03T09:52:43,2026-02-03,G04_2026-02-03,808,val,normal,,1025,1281,1,3c4c08bd1c434358f80e16aac6f9837cd3ac4403e61a2fbfe918f081c0ed320c,,
1.0,G04-260203-095255-809,G04-260203-095255-809.bmp,G04,2026-02-03T09:52:55,2026-02-03,G04_2026-02-03,809,val,normal,,1025,1281,1,ba37c2713288cbe4ed369b097fb61cd2ef07d19b3cea99c105835d228cc43eef,,
1.0,G04-260203-095315-810,G04-260203-095315-810.bmp,G04,2026-02-03T09:53:15,2026-02-03,G04_2026-02-03,810,val,normal,,1025,1281,1,7c1b42f76615a8040ce9a287e10213fed200e5ab97cc72492286bb1fb0935acb,,
1.0,G04-260203-095326-811,G04-260203-095326-811.bmp,G04,2026-02-03T09:53:26,2026-02-03,G04_2026-02-03,811,val,normal,,1025,1281,1,4434e6ab245967c1118414f1b309a56f76a2c1fb728ac36822e0fc7d5dca5fc2,,
1.0,G04-260203-095345-812,G04-260203-095345-812.bmp,G04,2026-02-03T09:53:45,2026-02-03,G04_2026-02-03,812,val,normal,,1025,1281,1,00c7b67cf773d8bc5c54aef070f1fd66f3eb8afa8d7e9e4a57e9757379b4bb5e,,
1.0,G04-260203-095356-813,G04-260203-095356-813.bmp,G04,2026-02-03T09:53:56,2026-02-03,G04_2026-02-03,813,val,normal,,1025,1281,1,c17f382a57810f3b520bbdb0906adc853cc85cb97c4e283edc2e7b1a6a49d4a3,,
1.0,G04-260203-095415-814,G04-260203-095415-814.bmp,G04,2026-02-03T09:54:15,2026-02-03,G04_2026-02-03,814,val,normal,,1025,1281,1,92a4318159bcddd012157c9a366bf1a056dd08e54cd5d5c6df4d7c618fd001e5,,
1.0,G04-260203-095423-815,G04-260203-095423-815.bmp,G04,2026-02-03T09:54:23,2026-02-03,G04_2026-02-03,815,val,normal,,1025,1281,1,37c5502f45ca6d0a4431a59f65ae170cf23461e841561c473685e48f55388110,,
1.0,G04-260203-095650-816,G04-260203-095650-816.bmp,G04,2026-02-03T09:56:50,2026-02-03,G04_2026-02-03,816,val,normal,,1025,1281,1,f7562e4ebe973960c79dbc5e12b60564cd360caf14b50970434f5c389e47451b,,
1.0,G04-260203-095651-817,G04-260203-095651-817.bmp,G04,2026-02-03T09:56:51,2026-02-03,G04_2026-02-03,817,val,normal,,1025,1281,1,326d53df55f887e62bae6027623c25619f86196c0964072848f1464f996c871e,,
1.0,G04-260203-095657-818,G04-260203-095657-818.bmp,G04,2026-02-03T09:56:57,2026-02-03,G04_2026-02-03,818,val,normal,,1025,1281,1,5f3194c7a84a08ab9bd9bf5ec54bf002f9b65c97d856abefacada7f702fc879e,,
1.0,G04-260203-095704-819,G04-260203-095704-819.bmp,G04,2026-02-03T09:57:04,2026-02-03,G04_2026-02-03,819,val,normal,,1025,1281,1,fcf4b0c6d227994bf6194af3c10abe70fe1d2823f5f43b5427412bd6c550986a,,
1.0,G04-260203-095718-820,G04-260203-095718-820.bmp,G04,2026-02-03T09:57:18,2026-02-03,G04_2026-02-03,820,val,normal,,1025,1281,1,2e0bd46bdba67a5e924c83e2e14434e72e998dde83d7540fbe4f1aa7e5441378,,
1.0,G04-260203-095727-821,G04-260203-095727-821.bmp,G04,2026-02-03T09:57:27,2026-02-03,G04_2026-02-03,821,val,normal,,1025,1281,1,2c618683b1c928433b38fc474b9df77aebb589a433550ce5ca3a627f2b454cc2,,
1.0,G04-260203-095749-822,G04-260203-095749-822.bmp,G04,2026-02-03T09:57:49,2026-02-03,G04_2026-02-03,822,val,normal,,1025,1281,1,29762c1d3cefa0960b5db88fa7c8da84757499eefff63ccb853c3697e58554fb,,
1.0,G04-260203-095757-823,G04-260203-095757-823.bmp,G04,2026-02-03T09:57:57,2026-02-03,G04_2026-02-03,823,val,normal,,1025,1281,1,aa2c2d22590792485f329a8e63b24f1a6739c6cd9cfd5af5418af140a5de4c13,,
1.0,G04-260203-095819-824,G04-260203-095819-824.bmp,G04,2026-02-03T09:58:19,2026-02-03,G04_2026-02-03,824,val,normal,,1025,1281,1,45cfdc136fe96c478290a0b4ba023fd7f9df1eded744299cd2073475befe985c,,
1.0,G04-260203-095826-825,G04-260203-095826-825.bmp,G04,2026-02-03T09:58:26,2026-02-03,G04_2026-02-03,825,val,normal,,1025,1281,1,e02ed3a1cfd437302f62791b7d34824867cf8ab099a314bba19c745e8c09848f,,
1.0,G04-260203-095847-826,G04-260203-095847-826.bmp,G04,2026-02-03T09:58:47,2026-02-03,G04_2026-02-03,826,val,normal,,1025,1281,1,e50de8ec33490c4549753b6d6ad90d4ccb3081ed15dc443fc06de6a86fc111d0,,
1.0,G04-260203-095856-827,G04-260203-095856-827.bmp,G04,2026-02-03T09:58:56,2026-02-03,G04_2026-02-03,827,val,normal,,1025,1281,1,69367e984120d14bce775827f1713e1ac7b62f5b11183250cd26c352713fe6af,,
1.0,G04-260203-095955-828,G04-260203-095955-828.bmp,G04,2026-02-03T09:59:55,2026-02-03,G04_2026-02-03,828,val,normal,,1025,1281,1,439ef5eafb658d75ecb21063f9f6bf268c6137408ea8ae09227a9f42b92e2bb5,,
1.0,G04-260203-095957-829,G04-260203-095957-829.bmp,G04,2026-02-03T09:59:57,2026-02-03,G04_2026-02-03,829,val,normal,,1025,1281,1,0299e099f9cfb7ae469b9d63a5b3f35359cf4884f0a7cd94f95ace5cbf33bac7,,
1.0,G04-260203-100003-830,G04-260203-100003-830.bmp,G04,2026-02-03T10:00:03,2026-02-03,G04_2026-02-03,830,val,normal,,1025,1281,1,63275587d5cc5e343756a813bf949444720234bac5c76102868e2ea53ee838bc,,
1.0,G04-260203-100009-831,G04-260203-100009-831.bmp,G04,2026-02-03T10:00:09,2026-02-03,G04_2026-02-03,831,val,normal,,1025,1281,1,dc6c1f78395568e9304d63cbb7f4de67f1a242d698ac175fc67e5ee5f5eea8c0,,
1.0,G04-260203-100019-832,G04-260203-100019-832.bmp,G04,2026-02-03T10:00:19,2026-02-03,G04_2026-02-03,832,val,normal,,1025,1281,1,a3992a5cec9a11183bf39dcf2571cfb3dc43915cd4b39d0432c3f2e209051374,,
1.0,G04-260203-100031-833,G04-260203-100031-833.bmp,G04,2026-02-03T10:00:31,2026-02-03,G04_2026-02-03,833,val,normal,,1025,1281,1,4e29e087632943e700e3a1fffcf85d0a44171e0626b9992f055721ed90c38f1f,,
1.0,G04-260203-100050-834,G04-260203-100050-834.bmp,G04,2026-02-03T10:00:50,2026-02-03,G04_2026-02-03,834,val,normal,,1025,1281,1,a3b245937f19bb4c72a1334835fb1c4b833b09bd288a88ae5b0f1d186672993a,,
1.0,G04-260203-100101-835,G04-260203-100101-835.bmp,G04,2026-02-03T10:01:01,2026-02-03,G04_2026-02-03,835,val,normal,,1025,1281,1,9fdfce115b4fd0cb5037ccb81ceef325c855421bfb2844cda8a681bb67495d0b,,
1.0,G04-260203-100121-836,G04-260203-100121-836.bmp,G04,2026-02-03T10:01:21,2026-02-03,G04_2026-02-03,836,val,normal,,1025,1281,1,722cd39ddbe0aec8ded867d3336cb7f42c6befb0e81616cf6ac1f100b2ba774f,,
1.0,G04-260203-100129-837,G04-260203-100129-837.bmp,G04,2026-02-03T10:01:29,2026-02-03,G04_2026-02-03,837,val,normal,,1025,1281,1,f6e7922be0d4acf364f728316142211c79f76cd75dc1b4c9045077f64015c76d,,
1.0,G04-260203-100150-838,G04-260203-100150-838.bmp,G04,2026-02-03T10:01:50,2026-02-03,G04_2026-02-03,838,val,normal,,1025,1281,1,0cb725d9e31a4862962772824346a478fdd2904fa72392a9e6181a361bd4a6a3,,
1.0,G04-260203-100158-839,G04-260203-100158-839.bmp,G04,2026-02-03T10:01:58,2026-02-03,G04_2026-02-03,839,val,normal,,1025,1281,1,a22d2c979a0534c91a9f67698cc51aecab065fb9f47d290a6fcf98a5dc94d7d8,,
1.0,G04-260203-100219-840,G04-260203-100219-840.bmp,G04,2026-02-03T10:02:19,2026-02-03,G04_2026-02-03,840,val,normal,,1025,1281,1,5c4bac405d3e7c913533b99caf4e9d9855baf024bb7e4f258a73e2e62c4ea1cc,,
1.0,G04-260203-100229-841,G04-260203-100229-841.bmp,G04,2026-02-03T10:02:29,2026-02-03,G04_2026-02-03,841,val,normal,,1025,1281,1,e3d3a3d87575e3c45253ad5e60730f7c6e296f7907378aa1da4b8664334f2595,,
1.0,G04-260203-100252-842,G04-260203-100252-842.bmp,G04,2026-02-03T10:02:52,2026-02-03,G04_2026-02-03,842,val,normal,,1025,1281,1,70490bb702310df7a37e675369a5375832a0100811b6c463be0c73ce0b59925f,,
1.0,G04-260203-100302-843,G04-260203-100302-843.bmp,G04,2026-02-03T10:03:02,2026-02-03,G04_2026-02-03,843,val,normal,,1025,1281,1,d7ba3ba7353e4231914db08bea2f6aee53717a0a0544d4ee0268e6d88971be5b,,
1.0,G04-260203-100321-844,G04-260203-100321-844.bmp,G04,2026-02-03T10:03:21,2026-02-03,G04_2026-02-03,844,val,normal,,1025,1281,1,c100f4b9847a0ad932d54be8f67b6143ed0117d561a092efe347508a4f5b3bd2,,
1.0,G04-260203-100336-845,G04-260203-100336-845.bmp,G04,2026-02-03T10:03:36,2026-02-03,G04_2026-02-03,845,val,normal,,1025,1281,1,7c9f3914c62d94a8651ac67333c11ac5d66d82e6b61aab379e128fe279378250,,
1.0,G04-260203-100350-846,G04-260203-100350-846.bmp,G04,2026-02-03T10:03:50,2026-02-03,G04_2026-02-03,846,val,normal,,1025,1281,1,945d63dd7ef02520d2f1da8430003aa870b2b8ea4fdbf1988495d121b0654662,,
1.0,G04-260203-100400-847,G04-260203-100400-847.bmp,G04,2026-02-03T10:04:00,2026-02-03,G04_2026-02-03,847,val,normal,,1025,1281,1,d7c66525fa4bb5258d3c79ed3bfa9c76d398778be54c32c787686525c5cbb889,,
1.0,G04-260203-100421-848,G04-260203-100421-848.bmp,G04,2026-02-03T10:04:21,2026-02-03,G04_2026-02-03,848,val,normal,,1025,1281,1,a47d63d7267a07821757b4d0f3e5c5b9cbb03172d10a5433b7bfb647fad9ed31,,
1.0,G04-260203-100431-849,G04-260203-100431-849.bmp,G04,2026-02-03T10:04:31,2026-02-03,G04_2026-02-03,849,val,normal,,1025,1281,1,e51c85fed02ea9757acf3aebb66449bd0e76ed8c71bcbe593b77b5dc179566c0,,
1.0,G04-260203-100453-850,G04-260203-100453-850.bmp,G04,2026-02-03T10:04:53,2026-02-03,G04_2026-02-03,850,val,normal,,1025,1281,1,32afba27672587fed1d9d4d6f3cea055ec619183716e7391ba1e37672035b24f,,
1.0,G04-260203-100503-851,G04-260203-100503-851.bmp,G04,2026-02-03T10:05:03,2026-02-03,G04_2026-02-03,851,val,normal,,1025,1281,1,9a5f2c6b3855344e4562e8bdb47690430f57a29ab8973f4938c4b04286603a93,,
1.0,G04-260203-100522-852,G04-260203-100522-852.bmp,G04,2026-02-03T10:05:22,2026-02-03,G04_2026-02-03,852,val,normal,,1025,1281,1,f4447cba2fad4a7600e6eadabe37d2e0afa112f8332d92ebb462bbe90302fc71,,
1.0,G04-260203-100535-853,G04-260203-100535-853.bmp,G04,2026-02-03T10:05:35,2026-02-03,G04_2026-02-03,853,val,normal,,1025,1281,1,0afed37e9aa33244f26fdbeed3f60e996aaafc2f6163f0f3cf9ad05e9f991d00,,
1.0,G04-260203-100551-854,G04-260203-100551-854.bmp,G04,2026-02-03T10:05:51,2026-02-03,G04_2026-02-03,854,val,normal,,1025,1281,1,19ecb76ab8879e29834e83216b83e856a12d67035f82ed1d0d18f7fa74378dcc,,
1.0,G04-260203-100600-855,G04-260203-100600-855.bmp,G04,2026-02-03T10:06:00,2026-02-03,G04_2026-02-03,855,val,normal,,1025,1281,1,9cadd877007ae52590d330cfd8b2be2cac8a25a82eb8da754de7c5274e5f0c96,,
1.0,G04-260203-100621-856,G04-260203-100621-856.bmp,G04,2026-02-03T10:06:21,2026-02-03,G04_2026-02-03,856,val,normal,,1025,1281,1,25d94dad74ea47348734b3a1c6cb5671d0f3220a8ea501e5f991c8393370862a,,
1.0,G04-260203-100632-857,G04-260203-100632-857.bmp,G04,2026-02-03T10:06:32,2026-02-03,G04_2026-02-03,857,val,normal,,1025,1281,1,8b2134014651b01102e0741454ef9d185ae9235c77f994f9b92e9c0cad63a3e9,,
1.0,G04-260203-100652-858,G04-260203-100652-858.bmp,G04,2026-02-03T10:06:52,2026-02-03,G04_2026-02-03,858,val,normal,,1025,1281,1,f0775d4c65a179da245526e3c96a647e7580ceb69de241d8dfd4654d8c346a8c,,
1.0,G04-260203-100703-859,G04-260203-100703-859.bmp,G04,2026-02-03T10:07:03,2026-02-03,G04_2026-02-03,859,val,normal,,1025,1281,1,10ddb70099058cbc1c4d127c9b4d20f10e6cd90fa647cab197d46f304866920a,,
1.0,G04-260203-100723-860,G04-260203-100723-860.bmp,G04,2026-02-03T10:07:23,2026-02-03,G04_2026-02-03,860,val,normal,,1025,1281,1,ca6fa7f19bb1e76881f67ae5588d9609b0a072b493cb8de30d2c05814d11e8b9,,
1.0,G04-260203-100738-861,G04-260203-100738-861.bmp,G04,2026-02-03T10:07:38,2026-02-03,G04_2026-02-03,861,val,normal,,1025,1281,1,335aeaa59d56e2c42b8a23de06b8449fe37b5d023551669b2b6f0600370f1dd6,,
1.0,G04-260203-100751-862,G04-260203-100751-862.bmp,G04,2026-02-03T10:07:51,2026-02-03,G04_2026-02-03,862,val,normal,,1025,1281,1,1e84f80d285f3fe2dfb04606573d94251222011b4bb62e44f523a490fce03e36,,
1.0,G04-260203-100801-863,G04-260203-100801-863.bmp,G04,2026-02-03T10:08:01,2026-02-03,G04_2026-02-03,863,val,normal,,1025,1281,1,9624d38a7c30d54ea221fdfbd6a152518338c7d8ef20f432db7cf72f81050a64,,
1.0,G04-260203-100826-864,G04-260203-100826-864.bmp,G04,2026-02-03T10:08:26,2026-02-03,G04_2026-02-03,864,val,normal,,1025,1281,1,2d80de3f3e967e220429c1f52931dce64b215ba55bb27212cb8222e0e814f6a0,,
1.0,G04-260203-100834-865,G04-260203-100834-865.bmp,G04,2026-02-03T10:08:34,2026-02-03,G04_2026-02-03,865,val,normal,,1025,1281,1,217b863eabdc1edc850ee52605001898bacfaa4950a5db87cfc7f80844d00af4,,
1.0,G04-260203-100854-866,G04-260203-100854-866.bmp,G04,2026-02-03T10:08:54,2026-02-03,G04_2026-02-03,866,val,normal,,1025,1281,1,9dd47a6712041055573396e5da69748a51d76682b42a0eeacfcf95750737602f,,
1.0,G04-260203-100907-867,G04-260203-100907-867.bmp,G04,2026-02-03T10:09:07,2026-02-03,G04_2026-02-03,867,val,normal,,1025,1281,1,2457406f0e1f668038cf251052d4e4a2424327f0bb0be80d18957aa0641cf22b,,
1.0,G04-260203-100923-868,G04-260203-100923-868.bmp,G04,2026-02-03T10:09:23,2026-02-03,G04_2026-02-03,868,val,normal,,1025,1281,1,a985480a910f08a5dbf1396ebdfa66dd70a4c6f15daec85ed88231feea217b92,,
1.0,G04-260203-100932-869,G04-260203-100932-869.bmp,G04,2026-02-03T10:09:32,2026-02-03,G04_2026-02-03,869,val,normal,,1025,1281,1,233ccf939b7107bf11fde466c4db2275613f1082b6353ad02fed96385ff70c9b,,
1.0,G04-260203-100953-870,G04-260203-100953-870.bmp,G04,2026-02-03T10:09:53,2026-02-03,G04_2026-02-03,870,val,normal,,1025,1281,1,4a3c9b280f459e1c707f9053317a0fbcfc5f9bda50b9ae8d6869fb622e6335ca,,
1.0,G04-260203-101005-871,G04-260203-101005-871.bmp,G04,2026-02-03T10:10:05,2026-02-03,G04_2026-02-03,871,val,normal,,1025,1281,1,7492af5fac256695b97148d688d4aee810687a3af300aa8cf6f71090de2d7973,,
1.0,G04-260203-101023-872,G04-260203-101023-872.bmp,G04,2026-02-03T10:10:23,2026-02-03,G04_2026-02-03,872,val,normal,,1025,1281,1,caa939e0364121c4c33df57b3ee7b1feba760529f4339d9a59c88423be92c860,,
1.0,G04-260203-101035-873,G04-260203-101035-873.bmp,G04,2026-02-03T10:10:35,2026-02-03,G04_2026-02-03,873,val,normal,,1025,1281,1,bbdf5a774fb2cadd8677fe3b8e431b60885925cd5d7613616bf8320cac5e4f56,,
1.0,G04-260203-101053-874,G04-260203-101053-874.bmp,G04,2026-02-03T10:10:53,2026-02-03,G04_2026-02-03,874,val,normal,,1025,1281,1,8a3e52c2defddadb6d1aa9286ddc79a6205877e6652732e54f4ff52d2b1695f4,,
1.0,G04-260203-101102-875,G04-260203-101102-875.bmp,G04,2026-02-03T10:11:02,2026-02-03,G04_2026-02-03,875,val,normal,,1025,1281,1,3921bf01392c26976d6e95e847adb526b13d50e16ea1ff971b61231b33fe01e5,,
1.0,G04-260203-101124-876,G04-260203-101124-876.bmp,G04,2026-02-03T10:11:24,2026-02-03,G04_2026-02-03,876,val,normal,,1025,1281,1,9e6c322c29c6f0cc5b2cb5812b40212188ecf289adfac4cb5bf22df57a601f43,,
1.0,G04-260203-101137-877,G04-260203-101137-877.bmp,G04,2026-02-03T10:11:37,2026-02-03,G04_2026-02-03,877,val,normal,,1025,1281,1,ab903cdbf5cd246bff2a48c6e972494904f14b3d363bf4c2d5909f0775e50425,,
1.0,G04-260203-101155-878,G04-260203-101155-878.bmp,G04,2026-02-03T10:11:55,2026-02-03,G04_2026-02-03,878,val,normal,,1025,1281,1,1a81a9c6139d420076fc7b28a0fe3d794625cd6526c354ea600e337c6df147af,,
1.0,G04-260203-101204-879,G04-260203-101204-879.bmp,G04,2026-02-03T10:12:04,2026-02-03,G04_2026-02-03,879,val,normal,,1025,1281,1,6734ca37e8cdacefaf3023b3d4e8776e415f14152b0db534f1b143eaa07afc98,,
1.0,G04-260203-101226-880,G04-260203-101226-880.bmp,G04,2026-02-03T10:12:26,2026-02-03,G04_2026-02-03,880,val,normal,,1025,1281,1,28da8dd9814edb2b793b176592894c85405ea34c947e17010bc6b91086114479,,
1.0,G04-260203-101237-881,G04-260203-101237-881.bmp,G04,2026-02-03T10:12:37,2026-02-03,G04_2026-02-03,881,val,normal,,1025,1281,1,97f821259696e7ea172b426d790853845c4b2c49583f4a2cc0904359f29ca82c,,
1.0,G04-260203-101254-882,G04-260203-101254-882.bmp,G04,2026-02-03T10:12:54,2026-02-03,G04_2026-02-03,882,val,normal,,1025,1281,1,207c874d1c107be06962686c4e1d3bdf30439104053d4be351e7e0fb7a104108,,
1.0,G04-260203-101301-883,G04-260203-101301-883.bmp,G04,2026-02-03T10:13:01,2026-02-03,G04_2026-02-03,883,val,normal,,1025,1281,1,d22f4196fa1e33e559ed363fdb16d0e9326875bece689c027ae9fb52befa49ef,,
1.0,G04-260203-101326-884,G04-260203-101326-884.bmp,G04,2026-02-03T10:13:26,2026-02-03,G04_2026-02-03,884,val,normal,,1025,1281,1,b31415023aa29fc1779664c29b0aa62a3f0144e05c7a9449ac1f41a4fcb941dd,,
1.0,G04-260203-101334-885,G04-260203-101334-885.bmp,G04,2026-02-03T10:13:34,2026-02-03,G04_2026-02-03,885,val,normal,,1025,1281,1,d694ad201e410d37bbaa5825ac15430421d8871f365abc724f327131effc8575,,
1.0,G04-260203-101400-886,G04-260203-101400-886.bmp,G04,2026-02-03T10:14:00,2026-02-03,G04_2026-02-03,886,val,normal,,1025,1281,1,1517516bae10a89509a3131e575468946abcba8da609af2b1d4039f2ee033bfc,,
1.0,G04-260203-101414-887,G04-260203-101414-887.bmp,G04,2026-02-03T10:14:14,2026-02-03,G04_2026-02-03,887,val,normal,,1025,1281,1,00dea008a7bc5fdce94bd839813fc03cb2706b71d652365aaf9df0839019d7d3,,
1.0,G04-260203-101531-888,G04-260203-101531-888.bmp,G04,2026-02-03T10:15:31,2026-02-03,G04_2026-02-03,888,val,normal,,1025,1281,1,2043a02a1da60802fa7bb3b55e1a752bb218b596fd997c06b2f57a2107a13456,,
1.0,G04-260203-101546-889,G04-260203-101546-889.bmp,G04,2026-02-03T10:15:46,2026-02-03,G04_2026-02-03,889,val,normal,,1025,1281,1,2a5dc5066eb1847bbb5130b36a52adf7af08c8c4e2531a7078f68aec3a166706,,
1.0,G04-260203-101559-890,G04-260203-101559-890.bmp,G04,2026-02-03T10:15:59,2026-02-03,G04_2026-02-03,890,val,normal,,1025,1281,1,2f3e750b29cbbdf2f3387b85ef642f67ab648c62a9fd2bc70626dcd160f9c52f,,
1.0,G04-260203-101611-891,G04-260203-101611-891.bmp,G04,2026-02-03T10:16:11,2026-02-03,G04_2026-02-03,891,val,normal,,1025,1281,1,c907d7b11a491a9a41ee18c3a0a27628370f2a202aa1cf9118e4ac63ec5ec71c,,
1.0,G04-260203-101628-892,G04-260203-101628-892.bmp,G04,2026-02-03T10:16:28,2026-02-03,G04_2026-02-03,892,val,normal,,1025,1281,1,4e8609ed2e0cfc3d432ce2231a27fb6118b5793282804179cb297cc73ca80bec,,
1.0,G04-260203-101639-893,G04-260203-101639-893.bmp,G04,2026-02-03T10:16:39,2026-02-03,G04_2026-02-03,893,val,normal,,1025,1281,1,f23bd5cb0b7857ea789f939e54cc3ed874d60aaef7c8584b6e456af618506072,,
1.0,G04-260203-101659-894,G04-260203-101659-894.bmp,G04,2026-02-03T10:16:59,2026-02-03,G04_2026-02-03,894,val,normal,,1025,1281,1,917155d6c48f4af037319e5c1b466c3b7944c55de59c5d913f4673f3faf886df,,
1.0,G04-260203-101719-895,G04-260203-101719-895.bmp,G04,2026-02-03T10:17:19,2026-02-03,G04_2026-02-03,895,val,normal,,1025,1281,1,018d98d6e2ff806ef3c654b140e537a826ffa2f9b635b5ae60344481cce112f8,,
1.0,G04-260203-101729-896,G04-260203-101729-896.bmp,G04,2026-02-03T10:17:29,2026-02-03,G04_2026-02-03,896,val,normal,,1025,1281,1,ae2acee73e38d68942a8f7f39d15d8bc2102a15f0bc0d66561e0c8213705758c,,
1.0,G04-260203-101736-897,G04-260203-101736-897.bmp,G04,2026-02-03T10:17:36,2026-02-03,G04_2026-02-03,897,val,normal,,1025,1281,1,99f6c8ae999a196ce2674e69918e9549aa1efea662767ca0607815f8b6be73d3,,
1.0,G04-260203-101800-898,G04-260203-101800-898.bmp,G04,2026-02-03T10:18:00,2026-02-03,G04_2026-02-03,898,val,normal,,1025,1281,1,24f0ef4c9a1c26feed229aa274f295eecaaf1a72f1cd226ce539797b761acc13,,
1.0,G04-260203-101811-899,G04-260203-101811-899.bmp,G04,2026-02-03T10:18:11,2026-02-03,G04_2026-02-03,899,val,normal,,1025,1281,1,6e007cecbc4b93e127570f58a5c2f38254e4f4595f7dd8a18414a1eb97744000,,
1.0,G04-260203-101829-900,G04-260203-101829-900.bmp,G04,2026-02-03T10:18:29,2026-02-03,G04_2026-02-03,900,val,normal,,1025,1281,1,a77662c26734e146476b24928c5eeb9687510c8f0c9f8b5f75b52d719716e319,,
1.0,G04-260203-101841-901,G04-260203-101841-901.bmp,G04,2026-02-03T10:18:41,2026-02-03,G04_2026-02-03,901,val,normal,,1025,1281,1,cec4eda69c0b28cf5cbc4d3d5173c6c456b2c0cad08938540a09696fffe1a8cf,,
1.0,G04-260203-101900-902,G04-260203-101900-902.bmp,G04,2026-02-03T10:19:00,2026-02-03,G04_2026-02-03,902,val,normal,,1025,1281,1,64c5a266025d242ea2694f57047a192b110ca8df2cd2690867411167628aae5f,,
1.0,G04-260203-101914-903,G04-260203-101914-903.bmp,G04,2026-02-03T10:19:14,2026-02-03,G04_2026-02-03,903,val,normal,,1025,1281,1,6bcf69c7ab5ac71ab4aa80bf56a202783b2eb3734f401cc38226e7fbf9500b01,,
1.0,G04-260203-101931-904,G04-260203-101931-904.bmp,G04,2026-02-03T10:19:31,2026-02-03,G04_2026-02-03,904,val,normal,,1025,1281,1,1bb14057f22b1cacc394ec586f2438fa9e0da2aafaac8bd00d64e07d179ee225,,
1.0,G04-260203-101944-905,G04-260203-101944-905.bmp,G04,2026-02-03T10:19:44,2026-02-03,G04_2026-02-03,905,val,normal,,1025,1281,1,020403bbb6c67e539b97ed81ea0306f1c9919210f1276edf185720ace3b205f0,,
1.0,G04-260203-102001-906,G04-260203-102001-906.bmp,G04,2026-02-03T10:20:01,2026-02-03,G04_2026-02-03,906,val,normal,,1025,1281,1,4721bb34bdc477d846070e0e5e9d342024cd23b0f3b9c7629f311f3282d6c3c5,,
1.0,G04-260203-102012-907,G04-260203-102012-907.bmp,G04,2026-02-03T10:20:12,2026-02-03,G04_2026-02-03,907,val,normal,,1025,1281,1,cbbdbf7438a31709df535f8e67cc9df7204f0f6bcef47a1d55dd8eef19ff1110,,
1.0,G04-260203-102029-908,G04-260203-102029-908.bmp,G04,2026-02-03T10:20:29,2026-02-03,G04_2026-02-03,908,val,normal,,1025,1281,1,fcdf02fe9c1932ffba129f2eabc470e7cacbdd2aab2d9809244b97bac761c82e,,
1.0,G04-260203-102042-909,G04-260203-102042-909.bmp,G04,2026-02-03T10:20:42,2026-02-03,G04_2026-02-03,909,val,normal,,1025,1281,1,f94ea24c8ac35e404bd496e359ea15d2c7f1e46fa23197cd8cd76f0345fd682e,,
1.0,G04-260203-102100-910,G04-260203-102100-910.bmp,G04,2026-02-03T10:21:00,2026-02-03,G04_2026-02-03,910,val,normal,,1025,1281,1,cba50837dc1b1ac4f74680afb5d1e80dc5cec821737890f15499e81d9131597d,,
1.0,G04-260203-102110-911,G04-260203-102110-911.bmp,G04,2026-02-03T10:21:10,2026-02-03,G04_2026-02-03,911,val,normal,,1025,1281,1,7131be813792c16b6b9c463049d5310cdc17a9f4d9f541c1dc92e9d722d75bc5,,
1.0,G04-260203-102131-912,G04-260203-102131-912.bmp,G04,2026-02-03T10:21:31,2026-02-03,G04_2026-02-03,912,val,normal,,1025,1281,1,90b93db053627c2de87eff8b84aab764316baec14cd4a73c6143f2195d46ce8e,,
1.0,G04-260203-102146-913,G04-260203-102146-913.bmp,G04,2026-02-03T10:21:46,2026-02-03,G04_2026-02-03,913,val,normal,,1025,1281,1,c91cdcd2f1275c25ebe7e0bb1e3c4fd7543c9d73d763190271f6d4323e38c552,,
1.0,G04-260203-102200-914,G04-260203-102200-914.bmp,G04,2026-02-03T10:22:00,2026-02-03,G04_2026-02-03,914,val,normal,,1025,1281,1,d351faebb96338639be6ea5f0d029f628590f19f9cadc79e7587e0f635f32687,,
1.0,G04-260203-102211-915,G04-260203-102211-915.bmp,G04,2026-02-03T10:22:11,2026-02-03,G04_2026-02-03,915,val,normal,,1025,1281,1,54320d0a15d871e2cb851236f15cd1f8b7efca2e07a497ac5f3b455138f5c7e2,,
1.0,G04-260203-102231-916,G04-260203-102231-916.bmp,G04,2026-02-03T10:22:31,2026-02-03,G04_2026-02-03,916,val,normal,,1025,1281,1,8dddc24de05e3e03f2050de1cfa0f5a4c4d815306ff3bc9eb3baf12704476f4a,,
1.0,G04-260203-102242-917,G04-260203-102242-917.bmp,G04,2026-02-03T10:22:42,2026-02-03,G04_2026-02-03,917,val,normal,,1025,1281,1,6229e79134cc49d1bbcd576bf17c75368d0f23fa0f7ce484ea587feaa99c1f58,,
1.0,G04-260203-102302-918,G04-260203-102302-918.bmp,G04,2026-02-03T10:23:02,2026-02-03,G04_2026-02-03,918,val,normal,,1025,1281,1,3c49955b5e39b207416fb8d60128d68201a51d6ccddfa1c2a70185ee31beef68,,
1.0,G04-260203-102316-919,G04-260203-102316-919.bmp,G04,2026-02-03T10:23:16,2026-02-03,G04_2026-02-03,919,val,normal,,1025,1281,1,af185c48b2800ce2d1dc62a2c7af76448cc7ea8ee0b00ce672871af26b2482c1,,
1.0,G04-260203-102334-920,G04-260203-102334-920.bmp,G04,2026-02-03T10:23:34,2026-02-03,G04_2026-02-03,920,val,normal,,1025,1281,1,71023197fe3c43ac593425330b2adc44f063d53d2ffd4a98288860efff7646e8,,
1.0,G04-260203-102346-921,G04-260203-102346-921.bmp,G04,2026-02-03T10:23:46,2026-02-03,G04_2026-02-03,921,val,normal,,1025,1281,1,11075400c67e71e1fa9d68aa0bd63770278ef6d49871418b4a7a739cf2d5b9b6,,
1.0,G04-260203-102403-922,G04-260203-102403-922.bmp,G04,2026-02-03T10:24:03,2026-02-03,G04_2026-02-03,922,val,normal,,1025,1281,1,56a648c61b9ccb6238066e9c78d1cbad436ba64fc9fcb6d74064b58d30e27272,,
1.0,G04-260203-102412-923,G04-260203-102412-923.bmp,G04,2026-02-03T10:24:12,2026-02-03,G04_2026-02-03,923,val,normal,,1025,1281,1,84e47eb9c5205b67a819c0ccf2716f4476b2c27b2b181cb8182c2ea14d9eb985,,
1.0,G04-260203-102435-924,G04-260203-102435-924.bmp,G04,2026-02-03T10:24:35,2026-02-03,G04_2026-02-03,924,val,normal,,1025,1281,1,65699f84383e208c90254b15c9f492c130e73ec94425af0ce8eb09a767961a55,,
1.0,G04-260203-102445-925,G04-260203-102445-925.bmp,G04,2026-02-03T10:24:45,2026-02-03,G04_2026-02-03,925,val,normal,,1025,1281,1,c99a817ca6ca33c75de6dd5a9326d7ba96f873f26728d4706d590080ce7dc906,,
1.0,G04-260203-102504-926,G04-260203-102504-926.bmp,G04,2026-02-03T10:25:04,2026-02-03,G04_2026-02-03,926,val,normal,,1025,1281,1,6bc5fabf5850e8e64502244e0dbc471b8cf16b37d67613387b8b52a57499a8a5,,
1.0,G04-260203-102518-927,G04-260203-102518-927.bmp,G04,2026-02-03T10:25:18,2026-02-03,G04_2026-02-03,927,val,normal,,1025,1281,1,54d3c9a715ed5b3d6e7ecb2e9f1bb0fe9e8a1ebf475eb3c3e6c4dad0346ead00,,
1.0,G04-260203-102532-928,G04-260203-102532-928.bmp,G04,2026-02-03T10:25:32,2026-02-03,G04_2026-02-03,928,val,normal,,1025,1281,1,ef881d15f6ed4bcd44ad48ff1ea63f5b751aaaa433ca2b238957fb2d57394373,,
1.0,G04-260203-102603-929,G04-260203-102603-929.bmp,G04,2026-02-03T10:26:03,2026-02-03,G04_2026-02-03,929,val,normal,,1025,1281,1,017a00c996d00eeccd6da3961e03349fee02f831ad09ca1d5dcb436edff66b6d,,
1.0,G04-260203-102622-930,G04-260203-102622-930.bmp,G04,2026-02-03T10:26:22,2026-02-03,G04_2026-02-03,930,val,normal,,1025,1281,1,cfd68d97bc3722ff850b39c7bbd724b6a640234995765400a3a9c343633ac76b,,
1.0,G04-260203-102634-931,G04-260203-102634-931.bmp,G04,2026-02-03T10:26:34,2026-02-03,G04_2026-02-03,931,val,normal,,1025,1281,1,c4ce54fd0d5f4eecb8c217c463d7169db69607f94c36f3a1131696ff22eac46f,,
1.0,G04-260203-102647-932,G04-260203-102647-932.bmp,G04,2026-02-03T10:26:47,2026-02-03,G04_2026-02-03,932,val,normal,,1025,1281,1,7eca83d1541221b070943cd0672af3f06ec0b54340c3cd0e8393a258af0ee127,,
1.0,G04-260203-102704-933,G04-260203-102704-933.bmp,G04,2026-02-03T10:27:04,2026-02-03,G04_2026-02-03,933,val,normal,,1025,1281,1,6f458e0e7d32e5a9597a1a28b82937579623b3fb36ddffc6c30f06216150b5b6,,
1.0,G04-260203-102712-934,G04-260203-102712-934.bmp,G04,2026-02-03T10:27:12,2026-02-03,G04_2026-02-03,934,val,normal,,1025,1281,1,c3cadf06ef06367ce0552af82ed0adfa1aba7c6ba5493fc65004c8bbec359582,,
1.0,G04-260203-102734-935,G04-260203-102734-935.bmp,G04,2026-02-03T10:27:34,2026-02-03,G04_2026-02-03,935,val,normal,,1025,1281,1,700017e17dc929a4ba409140d071101f9d1f5d11b1c5cc13161d8cc419789998,,
1.0,G04-260203-102743-936,G04-260203-102743-936.bmp,G04,2026-02-03T10:27:43,2026-02-03,G04_2026-02-03,936,val,normal,,1025,1281,1,978d9e637312d5ccc8cc46123fd6d1a4e3bdd295069410ade228369ef189484e,,
1.0,G04-260203-102806-937,G04-260203-102806-937.bmp,G04,2026-02-03T10:28:06,2026-02-03,G04_2026-02-03,937,val,normal,,1025,1281,1,b80351bd18b0aa076a729e9159f9f493ccf2b2a5cfb89cbc96480665b996c682,,
1.0,G04-260203-102818-938,G04-260203-102818-938.bmp,G04,2026-02-03T10:28:18,2026-02-03,G04_2026-02-03,938,val,normal,,1025,1281,1,e5953316f921f446b4c7ef0dbafee281eb44a536a6db0151f969235733406884,,
1.0,G04-260203-102906-939,G04-260203-102906-939.bmp,G04,2026-02-03T10:29:06,2026-02-03,G04_2026-02-03,939,val,normal,,1025,1281,1,5916eef642101d1bb522b2c8e383f5e6d912f13e265ec11878301d3282d7bec7,,
1.0,G04-260203-102918-940,G04-260203-102918-940.bmp,G04,2026-02-03T10:29:18,2026-02-03,G04_2026-02-03,940,val,normal,,1025,1281,1,5249ce72d90ddab0c47535e0962f29efba03c24c3c5ffb18ce23b71412ea722f,,
1.0,G04-260203-102935-941,G04-260203-102935-941.bmp,G04,2026-02-03T10:29:35,2026-02-03,G04_2026-02-03,941,val,normal,,1025,1281,1,c1ada91a17d0626924b77d7573786ca0769472c25924b6017ef0b46bb211d08f,,
1.0,G04-260203-102945-942,G04-260203-102945-942.bmp,G04,2026-02-03T10:29:45,2026-02-03,G04_2026-02-03,942,val,normal,,1025,1281,1,475efbadd71f746e7d005ce1bd5d2dbf4b856c3c26d63f1c09164032f8100a96,,
1.0,G04-260203-103005-943,G04-260203-103005-943.bmp,G04,2026-02-03T10:30:05,2026-02-03,G04_2026-02-03,943,val,normal,,1025,1281,1,ed3e82e87a3c42283fbed8de9c9491a94697e90105ca690c5097704cffe49ed9,,
1.0,G04-260203-103017-944,G04-260203-103017-944.bmp,G04,2026-02-03T10:30:17,2026-02-03,G04_2026-02-03,944,val,normal,,1025,1281,1,ab46e37d4a58dd1983c9bab162c082540ef0a3fb325075b9cf090e920ad2261b,,
1.0,G04-260203-103036-945,G04-260203-103036-945.bmp,G04,2026-02-03T10:30:36,2026-02-03,G04_2026-02-03,945,val,normal,,1025,1281,1,dcca4f178a80df632d158b264ffcae20f6257ebced023ce47eddf0fffe4d597f,,
1.0,G04-260203-103059-946,G04-260203-103059-946.bmp,G04,2026-02-03T10:30:59,2026-02-03,G04_2026-02-03,946,val,normal,,1025,1281,1,02d6f45809713bd72e8566df388edf99195c78890de8d26e76f726816559e914,,
1.0,G04-260203-103106-947,G04-260203-103106-947.bmp,G04,2026-02-03T10:31:06,2026-02-03,G04_2026-02-03,947,val,normal,,1025,1281,1,50416ba44030ad88dfd61b3afdd449b9ca6747a5e563ee80953ea9d4a5d7d7ed,,
1.0,G04-260203-103117-948,G04-260203-103117-948.bmp,G04,2026-02-03T10:31:17,2026-02-03,G04_2026-02-03,948,val,normal,,1025,1281,1,de9dff1ae1950962eb15764436a75699d9687e5a1a8fc509d192cbed011d19f2,,
1.0,G04-260203-103135-949,G04-260203-103135-949.bmp,G04,2026-02-03T10:31:35,2026-02-03,G04_2026-02-03,949,val,normal,,1025,1281,1,47dbb95aa3e85051118dadfd5fbd9a4b638a60c3e1d704455da6fd16fe2c25f6,,
1.0,G04-260203-103146-950,G04-260203-103146-950.bmp,G04,2026-02-03T10:31:46,2026-02-03,G04_2026-02-03,950,val,normal,,1025,1281,1,55afb3871b8f214a33ed81942b197c19f1744e5573b8add8f1bcb97a48f26498,,
1.0,G04-260203-103206-951,G04-260203-103206-951.bmp,G04,2026-02-03T10:32:06,2026-02-03,G04_2026-02-03,951,val,normal,,1025,1281,1,7604236c8fee541c2e8062dc621207e43ded8fe8eb2fad49a1295b66dc8a3aaa,,
1.0,G04-260203-103219-952,G04-260203-103219-952.bmp,G04,2026-02-03T10:32:19,2026-02-03,G04_2026-02-03,952,val,normal,,1025,1281,1,da377b529e5298e9282cb68c801166c7421d2aa90889a448771c822d006d12ba,,
1.0,G04-260203-103236-953,G04-260203-103236-953.bmp,G04,2026-02-03T10:32:36,2026-02-03,G04_2026-02-03,953,val,normal,,1025,1281,1,4d314e9a1f81ed41529fcb88bfa0628fc14eab046529b3edaa9f6143b42c674a,,
1.0,G04-260203-103250-954,G04-260203-103250-954.bmp,G04,2026-02-03T10:32:50,2026-02-03,G04_2026-02-03,954,val,normal,,1025,1281,1,f9c03be143b8a19bf3ea375b53a08d15a480fc3fdebddd3760e1d5ef5d3efc2c,,
1.0,G04-260203-103308-955,G04-260203-103308-955.bmp,G04,2026-02-03T10:33:08,2026-02-03,G04_2026-02-03,955,val,normal,,1025,1281,1,b90c5e80b6cb6ca6fff46df3827c85f0a365be4ce05a188a42ed53a78a15122b,,
1.0,G04-260203-103316-956,G04-260203-103316-956.bmp,G04,2026-02-03T10:33:16,2026-02-03,G04_2026-02-03,956,val,normal,,1025,1281,1,935ce968c1619b50e76a371f85c83f778aeb42a97c7240be266bff9a513e21ab,,
1.0,G04-260203-103339-957,G04-260203-103339-957.bmp,G04,2026-02-03T10:33:39,2026-02-03,G04_2026-02-03,957,val,normal,,1025,1281,1,e643266377f3d56cbb47f10161357f7508a76534680298590ed6e062919c232f,,
1.0,G04-260203-103348-958,G04-260203-103348-958.bmp,G04,2026-02-03T10:33:48,2026-02-03,G04_2026-02-03,958,val,normal,,1025,1281,1,4c7c5650b542d13ca38054652e34c42c01b98884d95bc7d56d9254cf003d7eb0,,
1.0,G04-260203-103410-959,G04-260203-103410-959.bmp,G04,2026-02-03T10:34:10,2026-02-03,G04_2026-02-03,959,val,normal,,1025,1281,1,1ad9053aae908dd9bc00bcc3b755a679e345f71e215b1f25b95cc422e2abc56c,,
1.0,G04-260203-103453-960,G04-260203-103453-960.bmp,G04,2026-02-03T10:34:53,2026-02-03,G04_2026-02-03,960,val,normal,,1025,1281,1,4dd2ec3ad9091eab69f967d23fb0bcdfd9bc22b9b08d1350b62431deace50b8a,,
1.0,G04-260203-104036-961,G04-260203-104036-961.bmp,G04,2026-02-03T10:40:36,2026-02-03,G04_2026-02-03,961,val,normal,,1025,1281,1,d45ab98d1edffc16df4327e91eabb89cc720b3a3f48eb180196c32e3600ad1c8,,
1.0,G04-260203-104221-962,G04-260203-104221-962.bmp,G04,2026-02-03T10:42:21,2026-02-03,G04_2026-02-03,962,val,normal,,1025,1281,1,bfcbdd49737fd9a925075a8a8d913ffa461dfa830716e96a8799b2a3d3fa8732,,
1.0,G04-260203-104936-963,G04-260203-104936-963.bmp,G04,2026-02-03T10:49:36,2026-02-03,G04_2026-02-03,963,val,normal,,1025,1281,1,d9f8161a8a20f642e2d7f2a5c422cd07f574491b2e301a0ea8afc206f77aae9b,,
1.0,G04-260203-111844-964,G04-260203-111844-964.bmp,G04,2026-02-03T11:18:44,2026-02-03,G04_2026-02-03,964,val,normal,,1025,1281,1,4837906411ac5ccfe81d2623838edaa380ba690f698d47c247a78062a99f02d7,,
1.0,G04-260203-122310-965,G04-260203-122310-965.bmp,G04,2026-02-03T12:23:10,2026-02-03,G04_2026-02-03,965,val,normal,,1025,1281,1,9ff1637a846d2b6b86d4948ebaa7743912ebb4b6e20da1d6c62a1049e3ac2d51,,
1.0,G04-260203-122318-966,G04-260203-122318-966.bmp,G04,2026-02-03T12:23:18,2026-02-03,G04_2026-02-03,966,val,normal,,1025,1281,1,6ec3e56bed05512b2ef57a7054e90db37083854c7f8da168efc6510a2549e8c1,,
1.0,G04-260203-122336-967,G04-260203-122336-967.bmp,G04,2026-02-03T12:23:36,2026-02-03,G04_2026-02-03,967,val,normal,,1025,1281,1,824ab98caddcfce5b6f356945a7a9a4418f362dcfcb104e4932de9a9b8508b3c,,
1.0,G04-260203-122344-968,G04-260203-122344-968.bmp,G04,2026-02-03T12:23:44,2026-02-03,G04_2026-02-03,968,val,normal,,1025,1281,1,46c56f78b2edb7b2e0ff9f6e578b884f2775716ca5d282e699e7c0b781996030,,
1.0,G04-260203-122350-969,G04-260203-122350-969.bmp,G04,2026-02-03T12:23:50,2026-02-03,G04_2026-02-03,969,val,normal,,1025,1281,1,66cbf0783e5f79dbdb0bc82ac26e53c664e8f9b2266b652f758270dd61975e38,,
1.0,G04-260203-122409-970,G04-260203-122409-970.bmp,G04,2026-02-03T12:24:09,2026-02-03,G04_2026-02-03,970,val,normal,,1025,1281,1,389ae15c52ea577ec557afca8f54dc48364d07edcabf84ce9a0c440ba9be6286,,
1.0,G04-260203-122433-971,G04-260203-122433-971.bmp,G04,2026-02-03T12:24:33,2026-02-03,G04_2026-02-03,971,val,normal,,1025,1281,1,40f8a94b865ff723f7e71614324af2a58183f2afcd0635cc6c841952bbfec0c9,,
1.0,G04-260203-122441-972,G04-260203-122441-972.bmp,G04,2026-02-03T12:24:41,2026-02-03,G04_2026-02-03,972,val,normal,,1025,1281,1,6f1f1e24f42cbb1b4abf881cbfb3baf0865818410785279a1a495669409a8eaa,,
1.0,G04-260203-122507-973,G04-260203-122507-973.bmp,G04,2026-02-03T12:25:07,2026-02-03,G04_2026-02-03,973,val,normal,,1025,1281,1,7ec77bcf0cd0ab1e3b1e291762c78f7956e62cb4fac2949101a5e9c54b782e70,,
1.0,G04-260203-122516-974,G04-260203-122516-974.bmp,G04,2026-02-03T12:25:16,2026-02-03,G04_2026-02-03,974,val,normal,,1025,1281,1,e3c16174fc6a4ebeb5461bfc0c47fe2e98cac4fd11dd86acf507023f2b20707d,,
1.0,G04-260203-122538-975,G04-260203-122538-975.bmp,G04,2026-02-03T12:25:38,2026-02-03,G04_2026-02-03,975,val,normal,,1025,1281,1,4b89f5f0b3e51297a16664f617f595cd0925111d74e307c56256406996111563,,
1.0,G04-260203-122545-976,G04-260203-122545-976.bmp,G04,2026-02-03T12:25:45,2026-02-03,G04_2026-02-03,976,val,normal,,1025,1281,1,93c45341b7b02d225cf3b8116f022acc5bf978bc0cc78fb923871bc1fa3d1770,,
1.0,G04-260203-122609-977,G04-260203-122609-977.bmp,G04,2026-02-03T12:26:09,2026-02-03,G04_2026-02-03,977,val,normal,,1025,1281,1,785e688525b616a3e833293175cbad0c587200f7b469dbd8be57b782f6c51d56,,
1.0,G04-260203-122617-978,G04-260203-122617-978.bmp,G04,2026-02-03T12:26:17,2026-02-03,G04_2026-02-03,978,val,normal,,1025,1281,1,cbe8c378c604a0baa2f120b4f0b483ddee6d2adcbcfaa4cf824effb679af319d,,
1.0,G04-260203-122641-979,G04-260203-122641-979.bmp,G04,2026-02-03T12:26:41,2026-02-03,G04_2026-02-03,979,val,normal,,1025,1281,1,87cb4ea38a9249da60c801b6926e7f4653997c71908f3862d3d5cad1bcd7be5c,,
1.0,G04-260203-122649-980,G04-260203-122649-980.bmp,G04,2026-02-03T12:26:49,2026-02-03,G04_2026-02-03,980,val,normal,,1025,1281,1,d963485d771d362331d285139a44c4d6446d57d54eefd0c772cf44eca848c65b,,
1.0,G04-260203-122710-981,G04-260203-122710-981.bmp,G04,2026-02-03T12:27:10,2026-02-03,G04_2026-02-03,981,val,normal,,1025,1281,1,b215eea46ccfbae4f11d3cd3cdb27d76955e0d15ea14e18c4b820c20ba5a25e3,,
1.0,G04-260203-122718-982,G04-260203-122718-982.bmp,G04,2026-02-03T12:27:18,2026-02-03,G04_2026-02-03,982,val,normal,,1025,1281,1,57b57059db4dc49fd248d048b54d442b177ff9c2593a061c9b23ef3d0aa3547b,,
1.0,G04-260203-122739-983,G04-260203-122739-983.bmp,G04,2026-02-03T12:27:39,2026-02-03,G04_2026-02-03,983,val,normal,,1025,1281,1,45c18cc4a977e70c5147c6e98c550fe7ffef5915b9ab9e5a2ba4525c907a6906,,
1.0,G04-260203-122746-984,G04-260203-122746-984.bmp,G04,2026-02-03T12:27:46,2026-02-03,G04_2026-02-03,984,val,normal,,1025,1281,1,7670e627d4f9a41b823316b8b0665cf3858ba390a3e04b0ff5ed80f658b119e8,,
1.0,G04-260203-122810-985,G04-260203-122810-985.bmp,G04,2026-02-03T12:28:10,2026-02-03,G04_2026-02-03,985,val,normal,,1025,1281,1,aec39bf97c5379b46a60a5a5bd1c338b563cdb52c304da69e2ed6ff2e3a5b022,,
1.0,G04-260203-122819-986,G04-260203-122819-986.bmp,G04,2026-02-03T12:28:19,2026-02-03,G04_2026-02-03,986,val,normal,,1025,1281,1,5c67fbc1b92b6d7e0e5ccda32c321050e68fa3db5958a09662e0879d135307d9,,
1.0,G04-260203-122839-987,G04-260203-122839-987.bmp,G04,2026-02-03T12:28:39,2026-02-03,G04_2026-02-03,987,val,normal,,1025,1281,1,eb7b2b6a2c136045d74d0e8941a5fbc19b6319273b6f3d6e9e51be8d03e47615,,
1.0,G04-260203-122848-988,G04-260203-122848-988.bmp,G04,2026-02-03T12:28:48,2026-02-03,G04_2026-02-03,988,val,normal,,1025,1281,1,322457801d77250e40e23f1941ddb5d60bbf6f783c8fb1c79a78eba847af90e1,,
1.0,G04-260203-122910-989,G04-260203-122910-989.bmp,G04,2026-02-03T12:29:10,2026-02-03,G04_2026-02-03,989,val,normal,,1025,1281,1,4fd2f43485c0c54176a110c79d75b049254cdedeecc8b2fd263efb6f60437fb6,,
1.0,G04-260203-122918-990,G04-260203-122918-990.bmp,G04,2026-02-03T12:29:18,2026-02-03,G04_2026-02-03,990,val,normal,,1025,1281,1,924523f8717ca9c45ea7440ecea34998e201769a6eb638cceff909f34ff1f261,,
1.0,G04-260203-122940-991,G04-260203-122940-991.bmp,G04,2026-02-03T12:29:40,2026-02-03,G04_2026-02-03,991,val,normal,,1025,1281,1,62e40fca22e70c579769d2059e86b23c79aa8a9a6a586f01d411fb36dbd49542,,
1.0,G04-260203-122948-992,G04-260203-122948-992.bmp,G04,2026-02-03T12:29:48,2026-02-03,G04_2026-02-03,992,val,normal,,1025,1281,1,2833e4d02847389c53a0c8fef28b831188dbdfe95c15fa9c10ddd4aba4b19989,,
1.0,G04-260203-123009-993,G04-260203-123009-993.bmp,G04,2026-02-03T12:30:09,2026-02-03,G04_2026-02-03,993,val,normal,,1025,1281,1,93da8f9f6654ad194bbefb016df3ae689013ac46dc923f5e9f1afef9297fb408,,
1.0,G04-260203-123040-994,G04-260203-123040-994.bmp,G04,2026-02-03T12:30:40,2026-02-03,G04_2026-02-03,994,val,normal,,1025,1281,1,93e78ac9b34d80f274a76760910a79ebae23602b8859e3c0619866cf529f65fa,,
1.0,G04-260203-123051-995,G04-260203-123051-995.bmp,G04,2026-02-03T12:30:51,2026-02-03,G04_2026-02-03,995,val,normal,,1025,1281,1,1436e6dbde9065a5b1b2b50cc52efd4be5f0357005103db00bf06af594c06d70,,
1.0,G04-260203-123108-996,G04-260203-123108-996.bmp,G04,2026-02-03T12:31:08,2026-02-03,G04_2026-02-03,996,val,normal,,1025,1281,1,033c046891e82c603522eaae55b523f50a3d65751e83b5059a096b76757e0726,,
1.0,G04-260203-123116-997,G04-260203-123116-997.bmp,G04,2026-02-03T12:31:16,2026-02-03,G04_2026-02-03,997,val,normal,,1025,1281,1,b696f5d9d1b9416792e7010a537829bafa8e9749fe99b0c400c25030fd5afdbc,,
1.0,G04-260203-123139-998,G04-260203-123139-998.bmp,G04,2026-02-03T12:31:39,2026-02-03,G04_2026-02-03,998,val,normal,,1025,1281,1,93ff51ae358c221840b96df9e8068356aa8426bd7a8f597a0105b108d216f001,,
1.0,G04-260203-123148-999,G04-260203-123148-999.bmp,G04,2026-02-03T12:31:48,2026-02-03,G04_2026-02-03,999,val,normal,,1025,1281,1,253637accd6d4fdaf90d19e6ae0e28df6035e2554df0d0fa4ffe46f13ce62f3d,,
1.0,G04-260203-123208-000,G04-260203-123208-000.bmp,G04,2026-02-03T12:32:08,2026-02-03,G04_2026-02-03,0,val,normal,,1025,1281,1,bf79dd0e55d30064baf3352fef34982c40af39115b550696fd576dbee7bc3b51,,
1.0,G04-260203-123216-001,G04-260203-123216-001.bmp,G04,2026-02-03T12:32:16,2026-02-03,G04_2026-02-03,1,val,normal,,1025,1281,1,88f8a629887d56ee2998f6839358f15ca7e7587be04f76b42389468cd6e90bfc,,
1.0,G04-260203-123240-002,G04-260203-123240-002.bmp,G04,2026-02-03T12:32:40,2026-02-03,G04_2026-02-03,2,val,normal,,1025,1281,1,89feccdf8592df522ffafd699bfad2df7a1fab7ade2dc5ee2c146330fc68e56b,,
1.0,G04-260203-123250-003,G04-260203-123250-003.bmp,G04,2026-02-03T12:32:50,2026-02-03,G04_2026-02-03,3,val,normal,,1025,1281,1,7773b2fc4318ee3442727e7d0e6d66478392285a8330e67867766f26c9b82e4e,,
1.0,G04-260203-123310-004,G04-260203-123310-004.bmp,G04,2026-02-03T12:33:10,2026-02-03,G04_2026-02-03,4,val,normal,,1025,1281,1,769eee733055a08f2b6c5c56714e4151dae97f5fcd25bf4f1f7e2a0263262f5e,,
1.0,G04-260203-123318-005,G04-260203-123318-005.bmp,G04,2026-02-03T12:33:18,2026-02-03,G04_2026-02-03,5,val,normal,,1025,1281,1,11c6be63886a398b9255d6a47fc5438afe6556419c93e6e6f1c9f59aecc9fbc6,,
1.0,G04-260203-123341-006,G04-260203-123341-006.bmp,G04,2026-02-03T12:33:41,2026-02-03,G04_2026-02-03,6,val,normal,,1025,1281,1,eb614d7124f931b67b0e22fe76427bc47960514544e6802177c6926e34a02efa,,
1.0,G04-260203-123349-007,G04-260203-123349-007.bmp,G04,2026-02-03T12:33:49,2026-02-03,G04_2026-02-03,7,val,normal,,1025,1281,1,9f0e37de7badaaf3f9293e60f8a6afaf35057729100e26411122d32c5913f1f0,,
1.0,G04-260203-123410-008,G04-260203-123410-008.bmp,G04,2026-02-03T12:34:10,2026-02-03,G04_2026-02-03,8,val,normal,,1025,1281,1,1e37d556c3e1818f61073dd9761585010fc2cffc5940b0c1e20770030b95b3ab,,
1.0,G04-260203-123422-009,G04-260203-123422-009.bmp,G04,2026-02-03T12:34:22,2026-02-03,G04_2026-02-03,9,val,normal,,1025,1281,1,1b2f142186cac5e232a1de10f4b2c2adece48c7e6befff7a974fe4b0bcb0feff,,
1.0,G04-260203-123438-010,G04-260203-123438-010.bmp,G04,2026-02-03T12:34:38,2026-02-03,G04_2026-02-03,10,val,normal,,1025,1281,1,e20cd5186ad18726a325d9a4f4758f2f87bea01c83d4bb100006229b533768b7,,
1.0,G04-260203-123446-011,G04-260203-123446-011.bmp,G04,2026-02-03T12:34:46,2026-02-03,G04_2026-02-03,11,val,normal,,1025,1281,1,587e023b6ea95aed6d803e0f8c3a74faddf50ebbe18f1239bcf38ed4aa0f6e70,,
1.0,G04-260203-123509-012,G04-260203-123509-012.bmp,G04,2026-02-03T12:35:09,2026-02-03,G04_2026-02-03,12,val,normal,,1025,1281,1,510e5ae4a2058574cf7f88927f4118b114d560e62ac39ae760d85c69c5690a41,,
1.0,G04-260203-123517-013,G04-260203-123517-013.bmp,G04,2026-02-03T12:35:17,2026-02-03,G04_2026-02-03,13,val,normal,,1025,1281,1,1f9fac2dc88bb0a748ef5de060f0c54a55e9c7df6bce9ce98d9ad02fab070ebb,,
1.0,G04-260203-123539-014,G04-260203-123539-014.bmp,G04,2026-02-03T12:35:39,2026-02-03,G04_2026-02-03,14,val,normal,,1025,1281,1,f646a679cfe0211eafeb6e8a39b4e2a0b303899294b02b1e11113bb657096d27,,
1.0,G04-260203-123546-015,G04-260203-123546-015.bmp,G04,2026-02-03T12:35:46,2026-02-03,G04_2026-02-03,15,val,normal,,1025,1281,1,59e469d39f9ca2228445a8b74ed92fe6c15057e8c679ded9d4091c4cd2af98a7,,
1.0,G04-260203-123609-016,G04-260203-123609-016.bmp,G04,2026-02-03T12:36:09,2026-02-03,G04_2026-02-03,16,val,normal,,1025,1281,1,ca684b5e45cc61585c6ba7e0833a1a22ef742ace13c1a2f35d011adbb8cdfde1,,
1.0,G04-260203-123616-017,G04-260203-123616-017.bmp,G04,2026-02-03T12:36:16,2026-02-03,G04_2026-02-03,17,val,normal,,1025,1281,1,ad97112279d206e43a988f34d49be2f03d1fd450b71176c0b8d64d282e9a514f,,
1.0,G04-260203-123638-018,G04-260203-123638-018.bmp,G04,2026-02-03T12:36:38,2026-02-03,G04_2026-02-03,18,val,normal,,1025,1281,1,1954c48210d7e959c067b117ffbddc5615f456e4a541cef7301689c8d409b545,,
1.0,G04-260203-123648-019,G04-260203-123648-019.bmp,G04,2026-02-03T12:36:48,2026-02-03,G04_2026-02-03,19,val,normal,,1025,1281,1,a62dfbe5d2ae7596da4789850850aa152aaf3bf2e592a551cbb34c7bdda86e54,,
1.0,G04-260203-123710-020,G04-260203-123710-020.bmp,G04,2026-02-03T12:37:10,2026-02-03,G04_2026-02-03,20,val,normal,,1025,1281,1,983ad93f4d73fc7be678560ef96b19ac8d8dcbb29bcac7cbeba723efb419aed9,,
1.0,G04-260203-123719-021,G04-260203-123719-021.bmp,G04,2026-02-03T12:37:19,2026-02-03,G04_2026-02-03,21,val,normal,,1025,1281,1,81cbedbf87b2487540aeafdcc6210a350fa546aa83ac3619ed36e45a0d3b6552,,
1.0,G04-260203-123740-022,G04-260203-123740-022.bmp,G04,2026-02-03T12:37:40,2026-02-03,G04_2026-02-03,22,val,normal,,1025,1281,1,1edb4dd99a78801786daa6f3754b0da8d764a5d9a4c6beab925e9548325af5d6,,
1.0,G04-260203-123748-023,G04-260203-123748-023.bmp,G04,2026-02-03T12:37:48,2026-02-03,G04_2026-02-03,23,val,normal,,1025,1281,1,3c9a581441244926d80292e9b858aab7a5b39e85c105887a23272c603a3be769,,
1.0,G04-260203-123811-024,G04-260203-123811-024.bmp,G04,2026-02-03T12:38:11,2026-02-03,G04_2026-02-03,24,val,normal,,1025,1281,1,6724788fd1dc87e0b4885e9bd8787bcb2c82d6b2e0a88648df14b603f56dbcec,,
1.0,G04-260203-123819-025,G04-260203-123819-025.bmp,G04,2026-02-03T12:38:19,2026-02-03,G04_2026-02-03,25,val,normal,,1025,1281,1,b6a59962bdbb745b68d912e2c6ebeddf0acea04f0751d0115e4d80af6aa6b885,,
1.0,G04-260203-123841-026,G04-260203-123841-026.bmp,G04,2026-02-03T12:38:41,2026-02-03,G04_2026-02-03,26,val,normal,,1025,1281,1,92e05747314c7b30bfda0326696d39e2dcfbf98573e86d631ddc89a401920d4e,,
1.0,G04-260203-123849-027,G04-260203-123849-027.bmp,G04,2026-02-03T12:38:49,2026-02-03,G04_2026-02-03,27,val,normal,,1025,1281,1,2cdbb09d8c46708f3ad2ac283a4864efdf434d88f719694e9d676f4e908ba106,,
1.0,G04-260203-123911-028,G04-260203-123911-028.bmp,G04,2026-02-03T12:39:11,2026-02-03,G04_2026-02-03,28,val,normal,,1025,1281,1,ad5dec99ef4cd2548f9c21821ad6f92b1fd533c166208366dc764d91af93c2c3,,
1.0,G04-260203-123919-029,G04-260203-123919-029.bmp,G04,2026-02-03T12:39:19,2026-02-03,G04_2026-02-03,29,val,normal,,1025,1281,1,702dc701c19ebe76c4658857cbda7e6f13080b476a19d8a76e666580d435dcb2,,
1.0,G04-260203-123940-030,G04-260203-123940-030.bmp,G04,2026-02-03T12:39:40,2026-02-03,G04_2026-02-03,30,val,normal,,1025,1281,1,0baf2b6710eb4d380b9b7579a7152da899e74bd867bb7fcd93b8257e234b8a67,,
1.0,G04-260203-123948-031,G04-260203-123948-031.bmp,G04,2026-02-03T12:39:48,2026-02-03,G04_2026-02-03,31,val,normal,,1025,1281,1,d2bd44fd080f384ab7c193ba23fc22ed99943b8e6420a6eebeb54c42b9a7d4de,,
1.0,G04-260203-124010-032,G04-260203-124010-032.bmp,G04,2026-02-03T12:40:10,2026-02-03,G04_2026-02-03,32,val,normal,,1025,1281,1,8277cd86c9c2592d1c071bc79beb158cc89d22ca0278c9d7d5c8f3d0d7221c63,,
1.0,G04-260203-124019-033,G04-260203-124019-033.bmp,G04,2026-02-03T12:40:19,2026-02-03,G04_2026-02-03,33,val,normal,,1025,1281,1,64403197b74584f796cafed94fe98214a24c66f62096621df69d76a8b401a6a5,,
1.0,G04-260203-124040-034,G04-260203-124040-034.bmp,G04,2026-02-03T12:40:40,2026-02-03,G04_2026-02-03,34,val,normal,,1025,1281,1,b38a7080bc034e0b892bce327691b764ccfefcb5cfc10eae29c690e2da7818e3,,
1.0,G04-260203-124050-035,G04-260203-124050-035.bmp,G04,2026-02-03T12:40:50,2026-02-03,G04_2026-02-03,35,val,normal,,1025,1281,1,d33684bf856266e7e25581d1b301a47fbdf8e9d781e9e5d23344e1587ee90544,,
1.0,G04-260203-124111-036,G04-260203-124111-036.bmp,G04,2026-02-03T12:41:11,2026-02-03,G04_2026-02-03,36,val,normal,,1025,1281,1,76e6d7906d6127f21ea4c3fc096d38f7c8cad26773ba7ba499e36d559bb93038,,
1.0,G04-260203-124118-037,G04-260203-124118-037.bmp,G04,2026-02-03T12:41:18,2026-02-03,G04_2026-02-03,37,val,normal,,1025,1281,1,a7d99aa5cf9a39f25d0467abf422b7ed4eb02d6a6ef407ce9065d212a608b43a,,
1.0,G04-260203-124141-038,G04-260203-124141-038.bmp,G04,2026-02-03T12:41:41,2026-02-03,G04_2026-02-03,38,val,normal,,1025,1281,1,b233ae27ab4ebb7c8e42088e3f2f44289205159edc165ff86bfdd9d8802d1563,,
1.0,G04-260203-124148-039,G04-260203-124148-039.bmp,G04,2026-02-03T12:41:48,2026-02-03,G04_2026-02-03,39,val,normal,,1025,1281,1,d62163e41bf6ecf8f2ff3a56b7d8dbf75e074df8d1d62d51d9b318f10179bf4c,,
1.0,G04-260203-124209-040,G04-260203-124209-040.bmp,G04,2026-02-03T12:42:09,2026-02-03,G04_2026-02-03,40,val,normal,,1025,1281,1,39d0a0d949af1c35393cf2cd0c3b679c7dcac650d113b7368f0a2a8a30a48183,,
1.0,G04-260203-124219-041,G04-260203-124219-041.bmp,G04,2026-02-03T12:42:19,2026-02-03,G04_2026-02-03,41,val,normal,,1025,1281,1,3789113e73be3755e091a9e31b51b6b6c1f5b34eec4629a9009b54cca4f8d3ec,,
1.0,G04-260203-124241-042,G04-260203-124241-042.bmp,G04,2026-02-03T12:42:41,2026-02-03,G04_2026-02-03,42,val,normal,,1025,1281,1,e63dd5fd352c723b850739d6d50b47269f63abc952d5dd7682503032cdc09d9d,,
1.0,G04-260203-124251-043,G04-260203-124251-043.bmp,G04,2026-02-03T12:42:51,2026-02-03,G04_2026-02-03,43,val,normal,,1025,1281,1,d9f58b05a683128870bbbb136c80686a1cc5529127bc222b8b04fc6f0993ba98,,
1.0,G04-260203-124309-044,G04-260203-124309-044.bmp,G04,2026-02-03T12:43:09,2026-02-03,G04_2026-02-03,44,val,normal,,1025,1281,1,f1d1c94d3c4a11f77989589c15dc0752dcea7f980edb05debe1eafef4bcb0403,,
1.0,G04-260203-124342-045,G04-260203-124342-045.bmp,G04,2026-02-03T12:43:42,2026-02-03,G04_2026-02-03,45,val,normal,,1025,1281,1,fee10a7a328b3ad261ff9e820e2e401914d5fcfea941a99c98ba374b14f969d1,,
1.0,G04-260203-124354-046,G04-260203-124354-046.bmp,G04,2026-02-03T12:43:54,2026-02-03,G04_2026-02-03,46,val,normal,,1025,1281,1,d2d7ed6b8d6f2c9eeca8825a90231c61d805bafffd6e2197ae4ae270cc7a866f,,
1.0,G04-260203-124417-047,G04-260203-124417-047.bmp,G04,2026-02-03T12:44:17,2026-02-03,G04_2026-02-03,47,val,normal,,1025,1281,1,385b82607b7969bb9e4cae7c10cf70f004ba0cf14dcae4657fd74349f6e7064e,,
1.0,G04-260203-124446-048,G04-260203-124446-048.bmp,G04,2026-02-03T12:44:46,2026-02-03,G04_2026-02-03,48,val,normal,,1025,1281,1,a0fcdf74b00087b354be7ab3bbfbfb1e19b56c43d13eac3a34f0f4d7f820fda9,,
1.0,G04-260203-124508-050,G04-260203-124508-050.bmp,G04,2026-02-03T12:45:08,2026-02-03,G04_2026-02-03,50,val,normal,,1025,1281,1,7f4f5fb5e1385ae0b7de33f74030e0e2deeec3c3cec1472bc213202d604a2638,,
1.0,G04-260203-124517-051,G04-260203-124517-051.bmp,G04,2026-02-03T12:45:17,2026-02-03,G04_2026-02-03,51,val,normal,,1025,1281,1,8f855ebc1cfe03b84320c451c4c1c0cf1c7de404d138efe1248213dbb11c2124,,
1.0,G04-260203-124551-052,G04-260203-124551-052.bmp,G04,2026-02-03T12:45:51,2026-02-03,G04_2026-02-03,52,val,normal,,1025,1281,1,ae7a00281e902d3c5947e5bfc5cf64cef46b3638e0804ddf77822a155affdf7d,,
1.0,G04-260203-124557-053,G04-260203-124557-053.bmp,G04,2026-02-03T12:45:57,2026-02-03,G04_2026-02-03,53,val,normal,,1025,1281,1,06e77335e8526c65327e75310610f800d64bfeed41e2c5606697d7f5fed3324b,,
1.0,G04-260203-124607-054,G04-260203-124607-054.bmp,G04,2026-02-03T12:46:07,2026-02-03,G04_2026-02-03,54,val,normal,,1025,1281,1,728058564bf90499c430d8ca9f56546b0019864048e4ab41c706d16415687730,,
1.0,G04-260203-124648-056,G04-260203-124648-056.bmp,G04,2026-02-03T12:46:48,2026-02-03,G04_2026-02-03,56,val,normal,,1025,1281,1,fc789a6a3090ce5d87bac3350e0c7225f7419d9d59617666054ef7ea8a8490bf,,
1.0,G04-260203-124710-057,G04-260203-124710-057.bmp,G04,2026-02-03T12:47:10,2026-02-03,G04_2026-02-03,57,val,normal,,1025,1281,1,d210fa4d1a050ed1dd400076536d02b9cb1ec3472cf932f0a74b5e7c3e9bacd2,,
1.0,G04-260203-124718-058,G04-260203-124718-058.bmp,G04,2026-02-03T12:47:18,2026-02-03,G04_2026-02-03,58,val,normal,,1025,1281,1,6ebc8b194824556cd2df1e3837ce36c51818c715468d803835aa9bca1ee26c86,,
1.0,G04-260203-124739-059,G04-260203-124739-059.bmp,G04,2026-02-03T12:47:39,2026-02-03,G04_2026-02-03,59,val,normal,,1025,1281,1,d036d8c02b077a8dabea51412fdbc676a379bc4b3aaa84edf3775876f3997e0f,,
1.0,G04-260203-124748-060,G04-260203-124748-060.bmp,G04,2026-02-03T12:47:48,2026-02-03,G04_2026-02-03,60,val,normal,,1025,1281,1,dab2f5640a5b7c91207dfe3ba8e8a7b1450d6b892709b6b92264594774334528,,
1.0,G04-260203-124811-061,G04-260203-124811-061.bmp,G04,2026-02-03T12:48:11,2026-02-03,G04_2026-02-03,61,val,normal,,1025,1281,1,248f9335b692a3f5ed362879ea1a55a408393b1247bb95e318a47af667c25cab,,
1.0,G04-260203-124849-063,G04-260203-124849-063.bmp,G04,2026-02-03T12:48:49,2026-02-03,G04_2026-02-03,63,val,normal,,1025,1281,1,43a019719fad59eb086b34b9801c82f8855bbac8f819ee3ad77f4b6fed4155b8,,
1.0,G04-260203-124938-064,G04-260203-124938-064.bmp,G04,2026-02-03T12:49:38,2026-02-03,G04_2026-02-03,64,val,normal,,1025,1281,1,77d3d2a3602e316a4fa8a8a0e0f38ec072526709145d4b2b60109450408f3801,,
1.0,G04-260203-124942-065,G04-260203-124942-065.bmp,G04,2026-02-03T12:49:42,2026-02-03,G04_2026-02-03,65,val,normal,,1025,1281,1,6e0ffc2fbd40a595ccb456d22e981ebab6ae998c65ef2671ad337f9fdb48e76f,,
1.0,G04-260203-124948-066,G04-260203-124948-066.bmp,G04,2026-02-03T12:49:48,2026-02-03,G04_2026-02-03,66,val,normal,,1025,1281,1,181dac4d91eda7abe8c2a46d7d3e0b8e8d8b53a9afd79b0cd8a1cb69c554462d,,
1.0,G04-260203-124955-067,G04-260203-124955-067.bmp,G04,2026-02-03T12:49:55,2026-02-03,G04_2026-02-03,67,val,normal,,1025,1281,1,de963f9093ca9a2e410f9e02a8fab44734be9512b28702684b2510da380a287f,,
1.0,G04-260203-125050-069,G04-260203-125050-069.bmp,G04,2026-02-03T12:50:50,2026-02-03,G04_2026-02-03,69,val,normal,,1025,1281,1,6d01b06598295a5c5a9ac60741ca61ed3aa1bb71909cd01b6e1b5c72f7b2b8af,,
1.0,G04-260203-125123-070,G04-260203-125123-070.bmp,G04,2026-02-03T12:51:23,2026-02-03,G04_2026-02-03,70,val,normal,,1025,1281,1,a7a15c526afa0335172e44a609ffa449929d6d801656a4c3c39a0303719585cc,,
1.0,G04-260203-125129-071,G04-260203-125129-071.bmp,G04,2026-02-03T12:51:29,2026-02-03,G04_2026-02-03,71,val,normal,,1025,1281,1,c48302cd8e0af2117e3d4c46c8f6edc5e18f061245762d372bdc7c839602a010,,
1.0,G04-260203-133452-072,G04-260203-133452-072.bmp,G04,2026-02-03T13:34:52,2026-02-03,G04_2026-02-03,72,val,normal,,1025,1281,1,2b39dade6cb5163bfa5eb136010d029b2e49bc302336765f64a1b41fa943d95b,,
1.0,G04-260203-133501-073,G04-260203-133501-073.bmp,G04,2026-02-03T13:35:01,2026-02-03,G04_2026-02-03,73,val,normal,,1025,1281,1,900c9e55c65dcc9e10c49a7f9ddb32a0799f6354fc0cc28bc90b07f10b3e2dee,,
1.0,G04-260203-133511-074,G04-260203-133511-074.bmp,G04,2026-02-03T13:35:11,2026-02-03,G04_2026-02-03,74,val,normal,,1025,1281,1,2e29d4e456cdc50b56192deea86f09257187ab83bc88320f25f79cfd4f34f59b,,
1.0,G04-260203-133521-075,G04-260203-133521-075.bmp,G04,2026-02-03T13:35:21,2026-02-03,G04_2026-02-03,75,val,normal,,1025,1281,1,b4ca7d6f51f54402119c46bb148c33dce251d528e08609ca57c05ff0e515732c,,
1.0,G04-260203-133532-076,G04-260203-133532-076.bmp,G04,2026-02-03T13:35:32,2026-02-03,G04_2026-02-03,76,val,normal,,1025,1281,1,e0286c08dc7676b239048ed8141e542404987e0e24cfd65a815b212e4a3d9f39,,
1.0,G04-260203-133542-077,G04-260203-133542-077.bmp,G04,2026-02-03T13:35:42,2026-02-03,G04_2026-02-03,77,val,normal,,1025,1281,1,bea05663856470f4854575b2691c7f08141f455509ee93c37a0e721cd7b60288,,
1.0,G04-260203-133551-078,G04-260203-133551-078.bmp,G04,2026-02-03T13:35:51,2026-02-03,G04_2026-02-03,78,val,normal,,1025,1281,1,ba9adb98e92ca714e9c3b8f09fb08f87cb3b59066c95381341bac735881f654a,,
1.0,G04-260203-133601-079,G04-260203-133601-079.bmp,G04,2026-02-03T13:36:01,2026-02-03,G04_2026-02-03,79,val,normal,,1025,1281,1,df3b42a217be256bbac6c5f1a11becd12ab0ef2612f2f588ea625fe83b33aa8c,,
1.0,G04-260203-133607-080,G04-260203-133607-080.bmp,G04,2026-02-03T13:36:07,2026-02-03,G04_2026-02-03,80,val,normal,,1025,1281,1,8891e6a3e2379274e589892abf9ee9f10f092daeedf58f80c360e0315346ec60,,
1.0,G04-260203-133651-081,G04-260203-133651-081.bmp,G04,2026-02-03T13:36:51,2026-02-03,G04_2026-02-03,81,val,normal,,1025,1281,1,592a51b3cfa570d39bdc9f8fc83b0f5868304bb240914575a332099d2ab38778,,
1.0,G04-260203-133724-082,G04-260203-133724-082.bmp,G04,2026-02-03T13:37:24,2026-02-03,G04_2026-02-03,82,val,normal,,1025,1281,1,dc35af3ad8a98853259e2da819f1231a515bb7f4d5ed55595e2f0bc961c7d7d8,,
1.0,G04-260203-133734-083,G04-260203-133734-083.bmp,G04,2026-02-03T13:37:34,2026-02-03,G04_2026-02-03,83,val,normal,,1025,1281,1,db3b15e8b29d9343be6763af7198b4c9a6e43d24061aac6e9393d9f428464782,,
1.0,G04-260203-133755-084,G04-260203-133755-084.bmp,G04,2026-02-03T13:37:55,2026-02-03,G04_2026-02-03,84,val,normal,,1025,1281,1,0a8b904fb505904716352e1e0c30636acbc80b3a855c75817578bc17cf8a1b6b,,
1.0,G04-260203-133803-085,G04-260203-133803-085.bmp,G04,2026-02-03T13:38:03,2026-02-03,G04_2026-02-03,85,val,normal,,1025,1281,1,9cc8fc0e4212eaf45fd8bccfc303ea8c71f3d9980c3f9dbfae169eb427013cd8,,
1.0,G04-260203-133825-086,G04-260203-133825-086.bmp,G04,2026-02-03T13:38:25,2026-02-03,G04_2026-02-03,86,val,normal,,1025,1281,1,8dfe8cebaf1d00f12bec35a60fc597fdfbf06de9dce7f03069cd71db57f01083,,
1.0,G04-260203-133835-087,G04-260203-133835-087.bmp,G04,2026-02-03T13:38:35,2026-02-03,G04_2026-02-03,87,val,normal,,1025,1281,1,6052aa839b94fe0862a2cd85cffc9e25979c52d9be3474ac5e2f15331391491a,,
1.0,G04-260203-133856-088,G04-260203-133856-088.bmp,G04,2026-02-03T13:38:56,2026-02-03,G04_2026-02-03,88,val,normal,,1025,1281,1,d660c6dbfb2d675b2df3374ef0b3cd8e9320a3ed9bd61143390316ba8cc149b3,,
1.0,G04-260203-133905-089,G04-260203-133905-089.bmp,G04,2026-02-03T13:39:05,2026-02-03,G04_2026-02-03,89,val,normal,,1025,1281,1,2b89fd8be1972aff585bbd13cf295257b733a4c31f60d31e2d4ea4143485b59f,,
1.0,G04-260203-133925-090,G04-260203-133925-090.bmp,G04,2026-02-03T13:39:25,2026-02-03,G04_2026-02-03,90,val,normal,,1025,1281,1,fe4db224ab05efaa12f3a414fbb3d7fd3bdfb582ce462a95a8d9f2fcbdeebc08,,
1.0,G04-260203-133934-091,G04-260203-133934-091.bmp,G04,2026-02-03T13:39:34,2026-02-03,G04_2026-02-03,91,val,normal,,1025,1281,1,b3af34fa3121f3bb93f5b843fa80aa262e207a3a5c9a6c6790b52788b5a83d5e,,
1.0,G04-260203-133956-092,G04-260203-133956-092.bmp,G04,2026-02-03T13:39:56,2026-02-03,G04_2026-02-03,92,val,normal,,1025,1281,1,1c8153d58c0313c21576ba977f9fc24423e36aa07a23c5981bebfeec05708499,,
1.0,G04-260203-134005-093,G04-260203-134005-093.bmp,G04,2026-02-03T13:40:05,2026-02-03,G04_2026-02-03,93,val,normal,,1025,1281,1,3d51bd202ee1d67eae265dff09429e5163402c5dc69513114c2635d4071352fb,,
1.0,G04-260203-134025-094,G04-260203-134025-094.bmp,G04,2026-02-03T13:40:25,2026-02-03,G04_2026-02-03,94,val,normal,,1025,1281,1,c0a29153766b75f698f99689a60d100eaa6a948f6b8e88d4c3ffe377ac114f58,,
1.0,G04-260203-134036-095,G04-260203-134036-095.bmp,G04,2026-02-03T13:40:36,2026-02-03,G04_2026-02-03,95,val,normal,,1025,1281,1,e65c7bfb73a0c7bb94ff0ff73d113ec25e1601cb9c8232f133f155ba24a99dd3,,
1.0,G04-260203-134055-096,G04-260203-134055-096.bmp,G04,2026-02-03T13:40:55,2026-02-03,G04_2026-02-03,96,val,normal,,1025,1281,1,7960be6fef469b87591ef9f2ba95da27ae90c16819891a597679112afc9c619d,,
1.0,G04-260203-134108-097,G04-260203-134108-097.bmp,G04,2026-02-03T13:41:08,2026-02-03,G04_2026-02-03,97,val,normal,,1025,1281,1,4dae1d7da91e20a6b54b7be6061703cce6fa8f408d311186702af39ac14a0deb,,
1.0,G04-260203-134126-098,G04-260203-134126-098.bmp,G04,2026-02-03T13:41:26,2026-02-03,G04_2026-02-03,98,val,normal,,1025,1281,1,4b46733bae9109da9568e591af1d6b9a7693a926c833c780e8b487aea5b8ac69,,
1.0,G04-260203-134134-099,G04-260203-134134-099.bmp,G04,2026-02-03T13:41:34,2026-02-03,G04_2026-02-03,99,val,normal,,1025,1281,1,83038ab87242fc0503190f3086e94687b7a58a5e3242cb073fda5f9294e715df,,
1.0,G04-260203-134156-100,G04-260203-134156-100.bmp,G04,2026-02-03T13:41:56,2026-02-03,G04_2026-02-03,100,val,normal,,1025,1281,1,47f294b7dd3539d9059a6d78bae134bf5d229bf0fbb067f9fad5a72283c644bb,,
1.0,G04-260203-134206-101,G04-260203-134206-101.bmp,G04,2026-02-03T13:42:06,2026-02-03,G04_2026-02-03,101,val,normal,,1025,1281,1,8ea229c5c975a0c19dc222b78a28ad855247db39e2bd8a6fcb9b9d73b9542912,,
1.0,G04-260203-134226-102,G04-260203-134226-102.bmp,G04,2026-02-03T13:42:26,2026-02-03,G04_2026-02-03,102,val,normal,,1025,1281,1,f11db8c06ae6d115b890fb68d7f620990a979c5c1495cee4857a1629cb2785a2,,
1.0,G04-260203-134238-103,G04-260203-134238-103.bmp,G04,2026-02-03T13:42:38,2026-02-03,G04_2026-02-03,103,val,normal,,1025,1281,1,91696c099721924cf62b9616eae5ca546fe819f4720b8bf877a26f4d6c5a217a,,
1.0,G04-260203-134256-104,G04-260203-134256-104.bmp,G04,2026-02-03T13:42:56,2026-02-03,G04_2026-02-03,104,val,normal,,1025,1281,1,effb9a360f66474251fbdd90df3f8919980c8704612ddb5cf8bdceb79deb704b,,
1.0,G04-260203-134306-105,G04-260203-134306-105.bmp,G04,2026-02-03T13:43:06,2026-02-03,G04_2026-02-03,105,val,normal,,1025,1281,1,3751c6d863f1081733ca5058830330240a41f2a6fc67e527876933ef3861034f,,
1.0,G04-260203-134326-106,G04-260203-134326-106.bmp,G04,2026-02-03T13:43:26,2026-02-03,G04_2026-02-03,106,val,normal,,1025,1281,1,3dc78b7b871c92b54bf6b49b2e22ba416a48f547bd9b8758c2de4a5bc65b193d,,
1.0,G04-260203-134335-107,G04-260203-134335-107.bmp,G04,2026-02-03T13:43:35,2026-02-03,G04_2026-02-03,107,val,normal,,1025,1281,1,8b1f6db05484e00db3fdb7d99c2f01589c43938c39381c7cdd6ea692fbeba2cc,,
1.0,G04-260203-134356-108,G04-260203-134356-108.bmp,G04,2026-02-03T13:43:56,2026-02-03,G04_2026-02-03,108,val,normal,,1025,1281,1,53bf4f1c5f8814bfa77cbc23555a891446c94e075ee3a4d16d82b23df5326597,,
1.0,G04-260203-134407-109,G04-260203-134407-109.bmp,G04,2026-02-03T13:44:07,2026-02-03,G04_2026-02-03,109,val,normal,,1025,1281,1,f07d196924407b70de6d0e354a11cfb0f83414ccee80418c20ab35aba8657e89,,
1.0,G04-260203-134425-110,G04-260203-134425-110.bmp,G04,2026-02-03T13:44:25,2026-02-03,G04_2026-02-03,110,val,normal,,1025,1281,1,ab8b966a491b97ec263bc6489181db849e4d795cbc47eff8054e15866efef06b,,
1.0,G04-260203-134439-111,G04-260203-134439-111.bmp,G04,2026-02-03T13:44:39,2026-02-03,G04_2026-02-03,111,val,normal,,1025,1281,1,4543b3018273967978b582cbc716a819a6b1ab752661300bfd626aba488e3b85,,
1.0,G04-260203-134457-112,G04-260203-134457-112.bmp,G04,2026-02-03T13:44:57,2026-02-03,G04_2026-02-03,112,val,normal,,1025,1281,1,8f479f34329a492add67f2e96c5818fa31aabbd118530b5122c8d6dfd6899c1b,,
1.0,G04-260203-134504-113,G04-260203-134504-113.bmp,G04,2026-02-03T13:45:04,2026-02-03,G04_2026-02-03,113,val,normal,,1025,1281,1,9459656e9e94ba85a0ddecd62669cb201e34d6bda0db96d43b72ed490beed68b,,
1.0,G04-260203-134528-114,G04-260203-134528-114.bmp,G04,2026-02-03T13:45:28,2026-02-03,G04_2026-02-03,114,val,normal,,1025,1281,1,c01d37320b19f8c9ed8397de8922d8f45b44f4f18b99fdb106f72bb58135886b,,
1.0,G04-260203-134538-115,G04-260203-134538-115.bmp,G04,2026-02-03T13:45:38,2026-02-03,G04_2026-02-03,115,val,normal,,1025,1281,1,5ecf8a38b773fb6d2c60a850852d72d7dd3be2fcec1e387a8a33738e786d2498,,
1.0,G04-260203-134557-116,G04-260203-134557-116.bmp,G04,2026-02-03T13:45:57,2026-02-03,G04_2026-02-03,116,val,normal,,1025,1281,1,9e7d17af732b50bbf09e548d49987924c9f810448bdca6a736a42e3f1afb2d89,,
1.0,G04-260203-134607-117,G04-260203-134607-117.bmp,G04,2026-02-03T13:46:07,2026-02-03,G04_2026-02-03,117,val,normal,,1025,1281,1,8dce3e05d361018dee37c32dc7b764fc5dc536dfcd5c98e5f5320ec9f6e3755f,,
1.0,G04-260203-134628-118,G04-260203-134628-118.bmp,G04,2026-02-03T13:46:28,2026-02-03,G04_2026-02-03,118,val,normal,,1025,1281,1,bb1f8f8bbd1385602f928847294f2b2d2c0697228bdf53bbcb722e3a6e9e0b4f,,
1.0,G04-260203-134640-119,G04-260203-134640-119.bmp,G04,2026-02-03T13:46:40,2026-02-03,G04_2026-02-03,119,val,normal,,1025,1281,1,4194e81b9a245c3cbc39a9a432f63fb3144f49c0d789dd4ccbfe7fc08ea30560,,
1.0,G04-260203-134657-120,G04-260203-134657-120.bmp,G04,2026-02-03T13:46:57,2026-02-03,G04_2026-02-03,120,val,normal,,1025,1281,1,49e54482ed2b872e56c782cdea59d5ba6a1982ebf48a8fdc58a2db4ef765bf08,,
1.0,G04-260203-134707-121,G04-260203-134707-121.bmp,G04,2026-02-03T13:47:07,2026-02-03,G04_2026-02-03,121,val,normal,,1025,1281,1,93beea312dcaf247dfb25738af626fe4f176065ec826a835d38c0bc8c6254b42,,
1.0,G04-260203-134717-122,G04-260203-134717-122.bmp,G04,2026-02-03T13:47:17,2026-02-03,G04_2026-02-03,122,val,normal,,1025,1281,1,d4cddd44d3529821cde92ae22112f5c4f94a3d601f6435644d286183284b9166,,
1.0,G04-260203-134739-123,G04-260203-134739-123.bmp,G04,2026-02-03T13:47:39,2026-02-03,G04_2026-02-03,123,val,normal,,1025,1281,1,82fe304a0e4142029e2c0e2a78b128151e2e6fe2fdb95972e951061ecda0f1c4,,
1.0,G04-260203-134748-124,G04-260203-134748-124.bmp,G04,2026-02-03T13:47:48,2026-02-03,G04_2026-02-03,124,val,normal,,1025,1281,1,0adf6a10a202b460b0c11d1273b8d023d62464a4540f504ac5e54963b3a8a458,,
1.0,G04-260203-134757-125,G04-260203-134757-125.bmp,G04,2026-02-03T13:47:57,2026-02-03,G04_2026-02-03,125,val,normal,,1025,1281,1,afe97b2509548682949ccbc07f8a391b04964721249cfde52fee10bae5dfc4a8,,
1.0,G04-260203-134834-126,G04-260203-134834-126.bmp,G04,2026-02-03T13:48:34,2026-02-03,G04_2026-02-03,126,val,normal,,1025,1281,1,fb03dca8966939455feee4b45118696e9f34ccb020cc6a9355798666bba7372f,,
1.0,G04-260203-134844-127,G04-260203-134844-127.bmp,G04,2026-02-03T13:48:44,2026-02-03,G04_2026-02-03,127,val,normal,,1025,1281,1,447b1d83ff01d86c057c9abbb7d4552edec6d54c21ccdf8f4746ff3ece7cd691,,
1.0,G04-260203-134854-128,G04-260203-134854-128.bmp,G04,2026-02-03T13:48:54,2026-02-03,G04_2026-02-03,128,val,normal,,1025,1281,1,ef2ee94d2a7b03ecc94ec1b8a574d1cb42b078e70084f9a479c247570b415149,,
1.0,G04-260203-134900-129,G04-260203-134900-129.bmp,G04,2026-02-03T13:49:00,2026-02-03,G04_2026-02-03,129,val,normal,,1025,1281,1,6e850d70681be4ab02f0b42fee6b7a175c7edf5303f679d7b99f817b4adf591b,,
1.0,G04-260203-134927-130,G04-260203-134927-130.bmp,G04,2026-02-03T13:49:27,2026-02-03,G04_2026-02-03,130,val,normal,,1025,1281,1,ac2acbc92ed55d2d2deb7a54313396f10da7548bc9b21638d7f057868262b750,,
1.0,G04-260203-134938-131,G04-260203-134938-131.bmp,G04,2026-02-03T13:49:38,2026-02-03,G04_2026-02-03,131,val,normal,,1025,1281,1,047f08b7071e590854c332ea18723b89e0573a31e08360148429dcf3c4e32c9a,,
1.0,G04-260203-134959-132,G04-260203-134959-132.bmp,G04,2026-02-03T13:49:59,2026-02-03,G04_2026-02-03,132,val,normal,,1025,1281,1,325082938ded64bb53c6bb4b314424dbfc68c7b7536dfb634aa099d352cb4229,,
1.0,G04-260203-135010-133,G04-260203-135010-133.bmp,G04,2026-02-03T13:50:10,2026-02-03,G04_2026-02-03,133,val,normal,,1025,1281,1,4891731e5d16dff6cfb8db2925d325b172c3eb0b1d9824c11ab0589177587a7a,,
1.0,G04-260203-135028-134,G04-260203-135028-134.bmp,G04,2026-02-03T13:50:28,2026-02-03,G04_2026-02-03,134,val,normal,,1025,1281,1,0257903d06e684f372f20917629e2439ea5ccc12c87ea1d13a42ce39ccc113fc,,
1.0,G04-260203-135037-135,G04-260203-135037-135.bmp,G04,2026-02-03T13:50:37,2026-02-03,G04_2026-02-03,135,val,normal,,1025,1281,1,1facd65df25497e4419112924174d32568648272a2a090853c32c17f608f0e8d,,
1.0,G04-260203-135059-136,G04-260203-135059-136.bmp,G04,2026-02-03T13:50:59,2026-02-03,G04_2026-02-03,136,val,normal,,1025,1281,1,90b52e721cd889397cd089b40037199f8db794a65e27d54e51c4390b28ba6dc8,,
1.0,G04-260203-135108-137,G04-260203-135108-137.bmp,G04,2026-02-03T13:51:08,2026-02-03,G04_2026-02-03,137,val,normal,,1025,1281,1,58cfad830d28f17cc28a20633e8135144c94ecb49f2bb0d515859b5fdbee0775,,
1.0,G04-260203-135135-138,G04-260203-135135-138.bmp,G04,2026-02-03T13:51:35,2026-02-03,G04_2026-02-03,138,val,normal,,1025,1281,1,d76bd04d99c337a100477e47f1cff83b99bc1e7496456f6c8ab26337721dfbf3,,
1.0,G04-260203-135146-139,G04-260203-135146-139.bmp,G04,2026-02-03T13:51:46,2026-02-03,G04_2026-02-03,139,val,normal,,1025,1281,1,9f9a4e1c9eae1ed68298d4ac9a6d119eeb328678278835181322b5e2867862a1,,
1.0,G04-260203-135159-140,G04-260203-135159-140.bmp,G04,2026-02-03T13:51:59,2026-02-03,G04_2026-02-03,140,val,normal,,1025,1281,1,da42bf58b848ca831823c94c209a7edd5f231caaf552ebc995694cc9bd412868,,
1.0,G04-260203-135234-141,G04-260203-135234-141.bmp,G04,2026-02-03T13:52:34,2026-02-03,G04_2026-02-03,141,val,normal,,1025,1281,1,29c01446c5d6b0fa1a0c91d06abf501a98b43af902c586eb4258a37b4f652b4e,,
1.0,G04-260203-135245-142,G04-260203-135245-142.bmp,G04,2026-02-03T13:52:45,2026-02-03,G04_2026-02-03,142,val,normal,,1025,1281,1,57f515207a23371f04e483f6717c460bd890e0833983b6de0fd4c9c3898644f8,,
1.0,G04-260203-135251-143,G04-260203-135251-143.bmp,G04,2026-02-03T13:52:51,2026-02-03,G04_2026-02-03,143,val,normal,,1025,1281,1,8a0db71e3b6dcd1f8a77c73f251a6fbda8026d600861b3fab012fac8aaf12791,,
1.0,G04-260203-135316-145,G04-260203-135316-145.bmp,G04,2026-02-03T13:53:16,2026-02-03,G04_2026-02-03,145,val,normal,,1025,1281,1,e6a0d009e33a027e0e72a62fc79b086306b022dbb06400512243f4edac818ece,,
1.0,G04-260203-135326-146,G04-260203-135326-146.bmp,G04,2026-02-03T13:53:26,2026-02-03,G04_2026-02-03,146,val,normal,,1025,1281,1,73f363b6a33c0fcbf32f90551e4b0b42ef1f042a7cfb32d81e38d31f77803ea3,,
1.0,G04-260203-135405-147,G04-260203-135405-147.bmp,G04,2026-02-03T13:54:05,2026-02-03,G04_2026-02-03,147,val,normal,,1025,1281,1,0e26b27f25c33430d7da8a3f2d81fa3469c619d55187a11585bb819093fe2eab,,
1.0,G04-260203-135415-148,G04-260203-135415-148.bmp,G04,2026-02-03T13:54:15,2026-02-03,G04_2026-02-03,148,val,normal,,1025,1281,1,ed55994002de9b1dbe7bfb7a39c3d6fa89e6789d15dc80def27339079b970ce3,,
1.0,G04-260203-135425-149,G04-260203-135425-149.bmp,G04,2026-02-03T13:54:25,2026-02-03,G04_2026-02-03,149,val,normal,,1025,1281,1,cc06a64a3aad19df3104c92f91fbda30412afd38539a9f842af8a1d6eca80736,,
1.0,G04-260203-135435-150,G04-260203-135435-150.bmp,G04,2026-02-03T13:54:35,2026-02-03,G04_2026-02-03,150,val,normal,,1025,1281,1,b33407c5c4f4d24ee6478714b1fa07ca2c807194f2718f481405a03602731311,,
1.0,G04-260203-135443-151,G04-260203-135443-151.bmp,G04,2026-02-03T13:54:43,2026-02-03,G04_2026-02-03,151,val,normal,,1025,1281,1,2fb9f3231ec416994739f569a7488e19ff71d1e01d4b5f8dffc0974ce85a0aba,,
1.0,G04-260203-135450-152,G04-260203-135450-152.bmp,G04,2026-02-03T13:54:50,2026-02-03,G04_2026-02-03,152,val,normal,,1025,1281,1,8f31a3f55449e800a2127726b68617a66cb0e027a5ff16c410ea0094a84cfb84,,
1.0,G04-260203-135605-153,G04-260203-135605-153.bmp,G04,2026-02-03T13:56:05,2026-02-03,G04_2026-02-03,153,val,normal,,1025,1281,1,36adc5d502547e129eff87a03723002244992b605df84f806bd53836d7a008ff,,
1.0,G04-260203-135615-154,G04-260203-135615-154.bmp,G04,2026-02-03T13:56:15,2026-02-03,G04_2026-02-03,154,val,normal,,1025,1281,1,f678a4386dd2a51be9fbe7f369e7d2f34b09e8be5a5701b721d96f70fb194595,,
1.0,G04-260203-135626-155,G04-260203-135626-155.bmp,G04,2026-02-03T13:56:26,2026-02-03,G04_2026-02-03,155,val,normal,,1025,1281,1,93238677a0f29132f3bbc4fc1a1d17fed1445fd8dd9b228c9648057d2c23cc3d,,
1.0,G04-260203-135636-156,G04-260203-135636-156.bmp,G04,2026-02-03T13:56:36,2026-02-03,G04_2026-02-03,156,val,normal,,1025,1281,1,4cc50f9e35e1be12c8c542ce14d9d39b095ca1e7a89ae44b90a3f22a46f1ebd0,,
1.0,G04-260203-135645-157,G04-260203-135645-157.bmp,G04,2026-02-03T13:56:45,2026-02-03,G04_2026-02-03,157,val,normal,,1025,1281,1,bca8159708fea424a16ea60caac7a726e0eb2322cc0e67762670131f319d57c3,,
1.0,G04-260203-135655-158,G04-260203-135655-158.bmp,G04,2026-02-03T13:56:55,2026-02-03,G04_2026-02-03,158,val,normal,,1025,1281,1,6865628052f1852e973972fb80ff593b4173f797ec4fb5a24811e205ccb48369,,
1.0,G04-260203-135703-159,G04-260203-135703-159.bmp,G04,2026-02-03T13:57:03,2026-02-03,G04_2026-02-03,159,val,normal,,1025,1281,1,761e1b37e140e88ce6d5267e53ac9f09116cd23a19d927464a455be95a3122c7,,
1.0,G04-260203-135715-160,G04-260203-135715-160.bmp,G04,2026-02-03T13:57:15,2026-02-03,G04_2026-02-03,160,val,normal,,1025,1281,1,dd2ef781d25d3c7e5c9a10cca1c487f54cc88237e8db5f4b114ea9c725f913e0,,
1.0,G04-260203-135729-161,G04-260203-135729-161.bmp,G04,2026-02-03T13:57:29,2026-02-03,G04_2026-02-03,161,val,normal,,1025,1281,1,86c11321cd16c815d0f7b625fbed42a76e670f4432650af65164f3557550adde,,
1.0,G04-260203-135759-163,G04-260203-135759-163.bmp,G04,2026-02-03T13:57:59,2026-02-03,G04_2026-02-03,163,val,normal,,1025,1281,1,603087e6336219137dbe11a344a0bc6688484db56d3ee08812a7f97562360247,,
1.0,G04-260203-135809-164,G04-260203-135809-164.bmp,G04,2026-02-03T13:58:09,2026-02-03,G04_2026-02-03,164,val,normal,,1025,1281,1,812a045546f027fa1ca3386e5847ea9b441adfb7d1b288617b7a19524bb8d18b,,
1.0,G04-260203-135829-165,G04-260203-135829-165.bmp,G04,2026-02-03T13:58:29,2026-02-03,G04_2026-02-03,165,val,normal,,1025,1281,1,f491fcef94e3acb671a1999ea1b070d6249589876f9e1b2b73234274a87595d1,,
1.0,G04-260203-135841-166,G04-260203-135841-166.bmp,G04,2026-02-03T13:58:41,2026-02-03,G04_2026-02-03,166,val,normal,,1025,1281,1,49133cfad46eb81d9ed563972597e3959a5d47c056421ee3ea7ddf55ab0d29ac,,
1.0,G04-260203-135900-167,G04-260203-135900-167.bmp,G04,2026-02-03T13:59:00,2026-02-03,G04_2026-02-03,167,val,normal,,1025,1281,1,cac580f841d1fbf37db8e23441993b3463497a2eba20f12bd32bc9f47bd2e76d,,
1.0,G04-260203-135912-168,G04-260203-135912-168.bmp,G04,2026-02-03T13:59:12,2026-02-03,G04_2026-02-03,168,val,normal,,1025,1281,1,d44437f5cd47e4d269a3371bfeac1241c834837e92e88782fda11a5d28f8cb2f,,
1.0,G04-260203-135933-169,G04-260203-135933-169.bmp,G04,2026-02-03T13:59:33,2026-02-03,G04_2026-02-03,169,val,normal,,1025,1281,1,b8a877b28ae0794ab67618d31f45b5c58f7e4d08a8385f911c7b6033078a5ccc,,
1.0,G04-260203-135945-170,G04-260203-135945-170.bmp,G04,2026-02-03T13:59:45,2026-02-03,G04_2026-02-03,170,val,normal,,1025,1281,1,4ffaff0926190eaec50f36675a91b575731b7468e183f4a3b1e3ead5dc266286,,
1.0,G04-260203-140001-171,G04-260203-140001-171.bmp,G04,2026-02-03T14:00:01,2026-02-03,G04_2026-02-03,171,val,normal,,1025,1281,1,96af7b04ea41a5f9c539d95b747d0c336a33783bddb1f5b548c1315bbdb4a352,,
1.0,G04-260203-140011-172,G04-260203-140011-172.bmp,G04,2026-02-03T14:00:11,2026-02-03,G04_2026-02-03,172,val,normal,,1025,1281,1,160b74f56e6cf32e2d481a58a81db709d9d96b45c13eeb74b6ee57984b282049,,
1.0,G04-260203-140031-173,G04-260203-140031-173.bmp,G04,2026-02-03T14:00:31,2026-02-03,G04_2026-02-03,173,val,normal,,1025,1281,1,39fd6718929541be178cca002eecf366ad914c0ba6e8fe4d56089558f0017849,,
1.0,G04-260203-140043-174,G04-260203-140043-174.bmp,G04,2026-02-03T14:00:43,2026-02-03,G04_2026-02-03,174,val,normal,,1025,1281,1,e77d076fae6700c505b15d03432d58f7f56d305320dd9d171334978a8595e3d9,,
1.0,G04-260203-140101-175,G04-260203-140101-175.bmp,G04,2026-02-03T14:01:01,2026-02-03,G04_2026-02-03,175,val,normal,,1025,1281,1,f17f1334b4639c0af2726bbb0090def02cecdb90188ac2e7cd296f9fac576250,,
1.0,G04-260203-140114-176,G04-260203-140114-176.bmp,G04,2026-02-03T14:01:14,2026-02-03,G04_2026-02-03,176,val,normal,,1025,1281,1,f9041051096fccc6888ee65d990b34a731a09d11e27f9b95bb69d1943d3a2c79,,
1.0,G04-260203-140130-177,G04-260203-140130-177.bmp,G04,2026-02-03T14:01:30,2026-02-03,G04_2026-02-03,177,val,normal,,1025,1281,1,4c2437476a95506adef8513729a406cafb4e141991ef696fdf6d5f872ff128e4,,
1.0,G04-260203-140140-178,G04-260203-140140-178.bmp,G04,2026-02-03T14:01:40,2026-02-03,G04_2026-02-03,178,val,normal,,1025,1281,1,52c29a11f86d033e0b48b1410a03bdf4f65fa96a45b420d34a0c2b7abb4380ce,,
1.0,G04-260203-140200-179,G04-260203-140200-179.bmp,G04,2026-02-03T14:02:00,2026-02-03,G04_2026-02-03,179,val,normal,,1025,1281,1,02acfd15272fcb5752a4f6625188f58caa545d1b5b11fb57e06799bd6d34d2c7,,
1.0,G04-260203-140211-180,G04-260203-140211-180.bmp,G04,2026-02-03T14:02:11,2026-02-03,G04_2026-02-03,180,val,normal,,1025,1281,1,e4c84c18abe1ae6178cabd0bece113818d9f27a405c643609963dad382de40af,,
1.0,G04-260203-140231-181,G04-260203-140231-181.bmp,G04,2026-02-03T14:02:31,2026-02-03,G04_2026-02-03,181,val,normal,,1025,1281,1,f6b856b2f4f04de5d2d3ad5ceb01bc15292078abe7cee6d5f004f3b759de6a34,,
1.0,G04-260203-140243-182,G04-260203-140243-182.bmp,G04,2026-02-03T14:02:43,2026-02-03,G04_2026-02-03,182,val,normal,,1025,1281,1,f628fd17efa33057718b1fec734f6a5cf53c1243db0cebf0a34993c84fca2f07,,
1.0,G04-260203-140300-183,G04-260203-140300-183.bmp,G04,2026-02-03T14:03:00,2026-02-03,G04_2026-02-03,183,val,normal,,1025,1281,1,580627dfafabbc03a955e0234330ad55e695741cb527dfc9f2890d377fe85ab8,,
1.0,G04-260203-140309-184,G04-260203-140309-184.bmp,G04,2026-02-03T14:03:09,2026-02-03,G04_2026-02-03,184,val,normal,,1025,1281,1,0f5db1750da7a5c80cfebe4dbd805065d6bdbf8480d884c1dd1e52aeec951ede,,
1.0,G04-260203-140341-186,G04-260203-140341-186.bmp,G04,2026-02-03T14:03:41,2026-02-03,G04_2026-02-03,186,val,normal,,1025,1281,1,018da8cdaf631bf91cd65920cdeb0bdc2b8446ec2099571e4928c0090dcfa7e6,,
1.0,G04-260203-140400-187,G04-260203-140400-187.bmp,G04,2026-02-03T14:04:00,2026-02-03,G04_2026-02-03,187,val,normal,,1025,1281,1,3f434eb27a9c9fb8b7855499d9264470a919101a6b041f02333b6bfcaa4e3f3d,,
1.0,G04-260203-140410-188,G04-260203-140410-188.bmp,G04,2026-02-03T14:04:10,2026-02-03,G04_2026-02-03,188,val,normal,,1025,1281,1,46503fd4b51fbe5d5d1ce65913e75ec5c1c94af0f30e269c8237714ee3bb06da,,
1.0,G04-260203-140432-189,G04-260203-140432-189.bmp,G04,2026-02-03T14:04:32,2026-02-03,G04_2026-02-03,189,val,normal,,1025,1281,1,bfaef4a1527df07bc24454a08f975a07cd6ad7a3a539a8afe064e9e8e91fe7a4,,
1.0,G04-260203-140445-190,G04-260203-140445-190.bmp,G04,2026-02-03T14:04:45,2026-02-03,G04_2026-02-03,190,val,normal,,1025,1281,1,3ca775a04e482b4a41b82a527584acdb0c048491aa96f7eea1947aea7f36c13e,,
1.0,G04-260203-140502-191,G04-260203-140502-191.bmp,G04,2026-02-03T14:05:02,2026-02-03,G04_2026-02-03,191,val,normal,,1025,1281,1,7c8cdceabfc97744f1dda9b4758a130f18bd07d1ba520d626dba72c27935a4bf,,
1.0,G04-260203-140510-192,G04-260203-140510-192.bmp,G04,2026-02-03T14:05:10,2026-02-03,G04_2026-02-03,192,val,normal,,1025,1281,1,d4b1392f1582d9249a0951dac9e3099fb091249fb2b199bca17028b8c70a48b2,,
1.0,G04-260203-140612-194,G04-260203-140612-194.bmp,G04,2026-02-03T14:06:12,2026-02-03,G04_2026-02-03,194,val,normal,,1025,1281,1,953dc8c3c96c914e1f5da16ed12ded90a2b36e1c4fc19bfd8de3556be366c676,,
1.0,G04-260203-140618-195,G04-260203-140618-195.bmp,G04,2026-02-03T14:06:18,2026-02-03,G04_2026-02-03,195,val,normal,,1025,1281,1,9a52f3bbaf8883228f48902f47388519e0da8ab7421cd7156fc9faffc45df554,,
1.0,G04-260203-140624-196,G04-260203-140624-196.bmp,G04,2026-02-03T14:06:24,2026-02-03,G04_2026-02-03,196,val,normal,,1025,1281,1,9811c20e16fac4f2d6b45488eb43c1bc335c76f40e5611674c7a030a77bf8539,,
1.0,G04-260203-140632-197,G04-260203-140632-197.bmp,G04,2026-02-03T14:06:32,2026-02-03,G04_2026-02-03,197,val,normal,,1025,1281,1,b0e05d3396992a900f9cdcec78ea500bba222de55efee2fdac09c5e45a9e33f0,,
1.0,G04-260203-140641-198,G04-260203-140641-198.bmp,G04,2026-02-03T14:06:41,2026-02-03,G04_2026-02-03,198,val,normal,,1025,1281,1,4042a373ef8f9bdd7fd69b4e4cbabac4526bccce41baf4a0d77d80fd98a97b08,,
1.0,G04-260203-140703-199,G04-260203-140703-199.bmp,G04,2026-02-03T14:07:03,2026-02-03,G04_2026-02-03,199,val,normal,,1025,1281,1,3ff9f5b663ffdc57e00721870999afacbef86a272c8f5b608cb2c64f5ecfea7d,,
1.0,G04-260203-140711-200,G04-260203-140711-200.bmp,G04,2026-02-03T14:07:11,2026-02-03,G04_2026-02-03,200,val,normal,,1025,1281,1,29a6aaa2ed004781d35036df9341fc1a72eb056e8e908e3c4d0a69d679ee2982,,
1.0,G04-260203-140732-201,G04-260203-140732-201.bmp,G04,2026-02-03T14:07:32,2026-02-03,G04_2026-02-03,201,val,normal,,1025,1281,1,49903de4e5d124efbc48b117404592791eb73b978c92bc18ef4b8b6200990d8c,,
1.0,G04-260203-140744-202,G04-260203-140744-202.bmp,G04,2026-02-03T14:07:44,2026-02-03,G04_2026-02-03,202,val,normal,,1025,1281,1,70a780df8244c3360bf86b626a4b4d475780ae4899823c823748a23d0436f098,,
1.0,G04-260203-140803-203,G04-260203-140803-203.bmp,G04,2026-02-03T14:08:03,2026-02-03,G04_2026-02-03,203,val,normal,,1025,1281,1,c2f9c5c680c496584d37935d24039e3cc60241435fbec48ef49ed36c342e4b5e,,
1.0,G04-260203-140815-204,G04-260203-140815-204.bmp,G04,2026-02-03T14:08:15,2026-02-03,G04_2026-02-03,204,val,normal,,1025,1281,1,72ddf3513babb26abd86096801daa952df9c4d7c78920540833053dcb557f980,,
1.0,G04-260203-140833-205,G04-260203-140833-205.bmp,G04,2026-02-03T14:08:33,2026-02-03,G04_2026-02-03,205,val,normal,,1025,1281,1,49466d95b4ab6de84dd36d56f2906e84bb9d4bacd76133082c200266c7d00393,,
1.0,G04-260203-140842-206,G04-260203-140842-206.bmp,G04,2026-02-03T14:08:42,2026-02-03,G04_2026-02-03,206,val,normal,,1025,1281,1,b02bea299938bb6e1965702a278ecd87e4d900c423c4beeeedf6792053794968,,
1.0,G04-260203-140902-207,G04-260203-140902-207.bmp,G04,2026-02-03T14:09:02,2026-02-03,G04_2026-02-03,207,val,normal,,1025,1281,1,0f3cb5711c1f1e210e241d6e99b7b6d26d7a10b04cf27319b7a29bfe56e6ea45,,
1.0,G04-260203-140913-208,G04-260203-140913-208.bmp,G04,2026-02-03T14:09:13,2026-02-03,G04_2026-02-03,208,val,normal,,1025,1281,1,f9cb50699e69d0525925bc2329daed18fe42de7462c05f40e030bfd74401c3c4,,
1.0,G04-260203-140933-209,G04-260203-140933-209.bmp,G04,2026-02-03T14:09:33,2026-02-03,G04_2026-02-03,209,val,normal,,1025,1281,1,091fb358d22b911c60e2a6700c2c143ba64cbcd97f5bd4f218edbb0b33823b8f,,
1.0,G04-260203-140945-210,G04-260203-140945-210.bmp,G04,2026-02-03T14:09:45,2026-02-03,G04_2026-02-03,210,val,normal,,1025,1281,1,45b2094c737e7cab60540f5e9c870b75bd598e748ce664ab32c14577ccbe72e0,,
1.0,G04-260203-141013-212,G04-260203-141013-212.bmp,G04,2026-02-03T14:10:13,2026-02-03,G04_2026-02-03,212,val,normal,,1025,1281,1,5a13ce35c43457aa64907ebe92f201a63bb073163c6202ff3c8be57f69f88552,,
1.0,G04-260203-141033-213,G04-260203-141033-213.bmp,G04,2026-02-03T14:10:33,2026-02-03,G04_2026-02-03,213,val,normal,,1025,1281,1,a0dcbff29d1ca2427584d28861677d3702d81d0f989e6342d66ee337b3f3ec3a,,
1.0,G04-260203-141048-214,G04-260203-141048-214.bmp,G04,2026-02-03T14:10:48,2026-02-03,G04_2026-02-03,214,val,normal,,1025,1281,1,57d18d515ac91370f0d37bd51c624649743c069871609739671b85e93d53b689,,
1.0,G04-260203-141103-215,G04-260203-141103-215.bmp,G04,2026-02-03T14:11:03,2026-02-03,G04_2026-02-03,215,val,normal,,1025,1281,1,d001f17f5e219c57d8ff48359a8ea61768ba607f135b6f021ce21b074cda7088,,
1.0,G04-260203-141114-216,G04-260203-141114-216.bmp,G04,2026-02-03T14:11:14,2026-02-03,G04_2026-02-03,216,val,normal,,1025,1281,1,3295e04cee9520d91f7f0e078678b4452e7bfd07f285f8badf0baf089fc0427f,,
1.0,G04-260203-141134-217,G04-260203-141134-217.bmp,G04,2026-02-03T14:11:34,2026-02-03,G04_2026-02-03,217,val,normal,,1025,1281,1,a030c9096d0d8eef6e3d1381bc5696a534d557fab6b05af04eb3bf0ba2f95e34,,
1.0,G04-260203-141146-218,G04-260203-141146-218.bmp,G04,2026-02-03T14:11:46,2026-02-03,G04_2026-02-03,218,val,normal,,1025,1281,1,908b832551bca46aa982f70d226054dc02e9ad78ae5979ac9480831c6f256037,,
1.0,G04-260203-141203-219,G04-260203-141203-219.bmp,G04,2026-02-03T14:12:03,2026-02-03,G04_2026-02-03,219,val,normal,,1025,1281,1,71d8eb95655e8634735e180c962c6dfd6bf7a387eaabe5b8e53396391a2bfd0a,,
1.0,G04-260203-141211-220,G04-260203-141211-220.bmp,G04,2026-02-03T14:12:11,2026-02-03,G04_2026-02-03,220,val,normal,,1025,1281,1,d54ea05c038ff4fa81e923b46303506f6727d9a9c700f7ed9ec8d56e1535e68b,,
1.0,G04-260203-141233-221,G04-260203-141233-221.bmp,G04,2026-02-03T14:12:33,2026-02-03,G04_2026-02-03,221,val,normal,,1025,1281,1,b7dcc44afabf84603119f04c87e54f0bba98a4384030dd8ab17f968d6006c584,,
1.0,G04-260203-141243-222,G04-260203-141243-222.bmp,G04,2026-02-03T14:12:43,2026-02-03,G04_2026-02-03,222,val,normal,,1025,1281,1,6eddd5452e5b9150e74a13200f472c922c5c3e875130f4e6aba1dd387ff22c0f,,
1.0,G04-260203-141303-223,G04-260203-141303-223.bmp,G04,2026-02-03T14:13:03,2026-02-03,G04_2026-02-03,223,val,normal,,1025,1281,1,28cf6aef16512ad52f150a613b6bd56868582642c95759743254c87d08d3bc1b,,
1.0,G04-260203-141316-224,G04-260203-141316-224.bmp,G04,2026-02-03T14:13:16,2026-02-03,G04_2026-02-03,224,val,normal,,1025,1281,1,b82a2667b759d3be96b59eaa727ce7e2b8dc589f52ad83a23fd3067131dd791a,,
1.0,G04-260203-141345-226,G04-260203-141345-226.bmp,G04,2026-02-03T14:13:45,2026-02-03,G04_2026-02-03,226,val,normal,,1025,1281,1,168da59096069ca195c9361f62f3cdc724e8dfbbb5548ca1f16528e145f5bf9b,,
1.0,G04-260203-141404-227,G04-260203-141404-227.bmp,G04,2026-02-03T14:14:04,2026-02-03,G04_2026-02-03,227,val,normal,,1025,1281,1,1b3422c07b612adaf85dc13aa850cdd6f24b41bacb038a265ea20bba25f14555,,
1.0,G04-260203-141412-228,G04-260203-141412-228.bmp,G04,2026-02-03T14:14:12,2026-02-03,G04_2026-02-03,228,val,normal,,1025,1281,1,66f8a2feebcff60fb10ed0422b25315301a1eda3cabc657c07da5c2a1d2961c0,,
1.0,G04-260203-141435-229,G04-260203-141435-229.bmp,G04,2026-02-03T14:14:35,2026-02-03,G04_2026-02-03,229,val,normal,,1025,1281,1,6c5c3fa0d9cb0aec5ceb382109ea6decd9eae89c16cbca44ae3aac1a9f3329f7,,
1.0,G04-260203-141445-230,G04-260203-141445-230.bmp,G04,2026-02-03T14:14:45,2026-02-03,G04_2026-02-03,230,val,normal,,1025,1281,1,cca2915020996715d8233f4cd72bac1af2334571eb70274c05dda409bb4ed50e,,
1.0,G04-260203-141504-231,G04-260203-141504-231.bmp,G04,2026-02-03T14:15:04,2026-02-03,G04_2026-02-03,231,val,normal,,1025,1281,1,87c2a06651ad596b2421e47c1637fe98c01accf14e19bfff1cac9a4ca72c87c0,,
1.0,G04-260203-141516-232,G04-260203-141516-232.bmp,G04,2026-02-03T14:15:16,2026-02-03,G04_2026-02-03,232,val,normal,,1025,1281,1,e4c9607c2afc9c59edd256f0dc484b9af0b6989bf4fb35691f9a6b51f290c36e,,
1.0,G04-260203-141533-233,G04-260203-141533-233.bmp,G04,2026-02-03T14:15:33,2026-02-03,G04_2026-02-03,233,val,normal,,1025,1281,1,1dae5cad31980745b8491fdd8ae0dc1c0f017970acd67dd5a18c04b3b17886d3,,
1.0,G04-260203-141545-234,G04-260203-141545-234.bmp,G04,2026-02-03T14:15:45,2026-02-03,G04_2026-02-03,234,val,normal,,1025,1281,1,fb3812282a3d845856396131a7c997d4c59c43de70d6d2ce963a8f8444e40a68,,
1.0,G04-260203-141604-235,G04-260203-141604-235.bmp,G04,2026-02-03T14:16:04,2026-02-03,G04_2026-02-03,235,val,normal,,1025,1281,1,54d75f9a989ffc4920d17441561939165bfc6e7677ceaec5e02a5ac56115b2cb,,
1.0,G04-260203-141614-236,G04-260203-141614-236.bmp,G04,2026-02-03T14:16:14,2026-02-03,G04_2026-02-03,236,val,normal,,1025,1281,1,eb298481fa3faa5610af9a1a272947123a3577c7b12b8fc5f1d09aaee888209e,,
1.0,G04-260203-141635-237,G04-260203-141635-237.bmp,G04,2026-02-03T14:16:35,2026-02-03,G04_2026-02-03,237,val,normal,,1025,1281,1,f826e215c148549daffe9f1850f029377e2ce17498f1938169db31c2e35ad12b,,
1.0,G04-260203-141646-238,G04-260203-141646-238.bmp,G04,2026-02-03T14:16:46,2026-02-03,G04_2026-02-03,238,val,normal,,1025,1281,1,43b74631103a6a2cf7ed4cf1fe1b669620586cc72e56e0ca85f0b222d5e8a074,,
1.0,G04-260203-141705-239,G04-260203-141705-239.bmp,G04,2026-02-03T14:17:05,2026-02-03,G04_2026-02-03,239,val,normal,,1025,1281,1,bc59d238291fe53dec357b0d478325bf434511c9bd9ea6e82fee164b41691464,,
1.0,G04-260203-141718-240,G04-260203-141718-240.bmp,G04,2026-02-03T14:17:18,2026-02-03,G04_2026-02-03,240,val,normal,,1025,1281,1,da38bce54b89141cd03c62bf8aaa2e2e0515cfd3e2765f9ebc6853f1bb7512ec,,
1.0,G04-260203-141736-241,G04-260203-141736-241.bmp,G04,2026-02-03T14:17:36,2026-02-03,G04_2026-02-03,241,val,normal,,1025,1281,1,900e44c9cc5d6c2d08d34eb99e78861574a64b8ecfc8ba69a7efa39b2201811f,,
1.0,G04-260203-141751-242,G04-260203-141751-242.bmp,G04,2026-02-03T14:17:51,2026-02-03,G04_2026-02-03,242,val,normal,,1025,1281,1,8ef9f3980746344342491d0949fcce518eee03904cb2ca8c052a0df65032828d,,
1.0,G04-260203-141806-243,G04-260203-141806-243.bmp,G04,2026-02-03T14:18:06,2026-02-03,G04_2026-02-03,243,val,normal,,1025,1281,1,4d53c812c4dc1152404232c5b6bb950b451a96c0c07da9123538ebd37ea35677,,
1.0,G04-260203-141815-244,G04-260203-141815-244.bmp,G04,2026-02-03T14:18:15,2026-02-03,G04_2026-02-03,244,val,normal,,1025,1281,1,f973546ab58fca480a947052d78084317a350cfaca0357140720b0e3157a25a2,,
1.0,G04-260203-141835-245,G04-260203-141835-245.bmp,G04,2026-02-03T14:18:35,2026-02-03,G04_2026-02-03,245,val,normal,,1025,1281,1,f6ec39fe7e2eaf9e444c9d194647d629edf6f115b478b882428c41fb5aa49900,,
1.0,G04-260203-141848-246,G04-260203-141848-246.bmp,G04,2026-02-03T14:18:48,2026-02-03,G04_2026-02-03,246,val,normal,,1025,1281,1,18df0ec3fa58a39c82bd97d68c475999b60d4f64a234f9e9f707562181317534,,
1.0,G04-260203-141905-247,G04-260203-141905-247.bmp,G04,2026-02-03T14:19:05,2026-02-03,G04_2026-02-03,247,val,normal,,1025,1281,1,8831426910be07e8caeea100d5bbd71896af2a1344f4ccb50a960df9380fc5b0,,
1.0,G04-260203-141920-248,G04-260203-141920-248.bmp,G04,2026-02-03T14:19:20,2026-02-03,G04_2026-02-03,248,val,normal,,1025,1281,1,2c26ae387871c583bda2cd01fd6e0d169b59a1fe02c1b3fc3a3294409563b0b2,,
1.0,G04-260203-141944-250,G04-260203-141944-250.bmp,G04,2026-02-03T14:19:44,2026-02-03,G04_2026-02-03,250,val,normal,,1025,1281,1,eb22c2877a96bad4f4a71914a509a049b5cdb2e47be8f821e7f4d19a6fa9afb3,,
1.0,G04-260203-142037-252,G04-260203-142037-252.bmp,G04,2026-02-03T14:20:37,2026-02-03,G04_2026-02-03,252,val,normal,,1025,1281,1,fa5906ddeee5ee5ca18a3204b12a97de7a8e5ac9db7d4f0127acb13450e20759,,
1.0,G04-260203-142041-253,G04-260203-142041-253.bmp,G04,2026-02-03T14:20:41,2026-02-03,G04_2026-02-03,253,val,normal,,1025,1281,1,239dd487a6ddcfe6ee396b0bfbd226b3b11c1e16e83e29e75c97e66837b2e8d1,,
1.0,G04-260203-142047-254,G04-260203-142047-254.bmp,G04,2026-02-03T14:20:47,2026-02-03,G04_2026-02-03,254,val,normal,,1025,1281,1,e4ffe58107a25689ce55d9460475cdd4f4103bc48235ca2527f4caba7fac72c4,,
1.0,G04-260203-142120-256,G04-260203-142120-256.bmp,G04,2026-02-03T14:21:20,2026-02-03,G04_2026-02-03,256,val,normal,,1025,1281,1,b16702b074720a9857a33cd722ec33d2ea11b766771f76001ede4e0d1b1cab6f,,
1.0,G04-260203-142135-257,G04-260203-142135-257.bmp,G04,2026-02-03T14:21:35,2026-02-03,G04_2026-02-03,257,val,normal,,1025,1281,1,c88781b944bbc68d164d66046df61a8dd6f6a71e2d72f95995d6b937cfbe85dc,,
1.0,G04-260203-142146-258,G04-260203-142146-258.bmp,G04,2026-02-03T14:21:46,2026-02-03,G04_2026-02-03,258,val,normal,,1025,1281,1,4c92a8561b9084ae515a2157deb83d01c408f47958b31ca359f66a25ce5a610d,,
1.0,G04-260203-142205-259,G04-260203-142205-259.bmp,G04,2026-02-03T14:22:05,2026-02-03,G04_2026-02-03,259,val,normal,,1025,1281,1,5165de3754b402a5e12e675fa7720b4167aa16a91e0908e27e0c84bf87c8731f,,
1.0,G04-260203-142218-260,G04-260203-142218-260.bmp,G04,2026-02-03T14:22:18,2026-02-03,G04_2026-02-03,260,val,normal,,1025,1281,1,b93e3626af344b72ffe40b03ea8b5181e38d69892a62d93d00381c1da47a9f70,,
1.0,G04-260203-142237-261,G04-260203-142237-261.bmp,G04,2026-02-03T14:22:37,2026-02-03,G04_2026-02-03,261,val,normal,,1025,1281,1,3562466fc2d856c4ddb14dd72d1521d8267f473ee5f294fb97143e05375d9424,,
1.0,G04-260203-142249-262,G04-260203-142249-262.bmp,G04,2026-02-03T14:22:49,2026-02-03,G04_2026-02-03,262,val,normal,,1025,1281,1,ae045dc2e36ff89bc1b6584783cbeab96a003e91408ff5019ccca6b801b135ce,,
1.0,G04-260203-142307-263,G04-260203-142307-263.bmp,G04,2026-02-03T14:23:07,2026-02-03,G04_2026-02-03,263,val,normal,,1025,1281,1,dc694557dd0c5a31918a3ee04443e8a1fd3dc1f746bf99864be32d26815f444b,,
1.0,G04-260203-142318-264,G04-260203-142318-264.bmp,G04,2026-02-03T14:23:18,2026-02-03,G04_2026-02-03,264,val,normal,,1025,1281,1,2f266d05756287679518ac813db35ccf71e1ee3532ea9debac8217ea8a2d008b,,
1.0,G04-260203-142337-265,G04-260203-142337-265.bmp,G04,2026-02-03T14:23:37,2026-02-03,G04_2026-02-03,265,val,normal,,1025,1281,1,e4499de316c96e332d6a0fee0545b876e0fa9e78d3f7e0d1688f5506e6401c69,,
1.0,G04-260203-142347-266,G04-260203-142347-266.bmp,G04,2026-02-03T14:23:47,2026-02-03,G04_2026-02-03,266,val,normal,,1025,1281,1,4438deb73d72062dd9187e73c79fad8f0f2ddbc83774b9295efa9f19f69dca02,,
1.0,G04-260203-142406-267,G04-260203-142406-267.bmp,G04,2026-02-03T14:24:06,2026-02-03,G04_2026-02-03,267,val,normal,,1025,1281,1,fb7687946dd6a38cb2dd9c20ada00ae7a36f76e5a6ee123dd2a284324c36159d,,
1.0,G04-260203-142419-268,G04-260203-142419-268.bmp,G04,2026-02-03T14:24:19,2026-02-03,G04_2026-02-03,268,val,normal,,1025,1281,1,5665b0f1c2c296ef1eba29a2688d30efa1df3fd89f9d50243e18bc7d6daf137b,,
1.0,G04-260203-142436-269,G04-260203-142436-269.bmp,G04,2026-02-03T14:24:36,2026-02-03,G04_2026-02-03,269,val,normal,,1025,1281,1,2ef9f0bc36a8733eb8b464806380f3627763eef64753cf39299687a218681df0,,
1.0,G04-260203-142448-270,G04-260203-142448-270.bmp,G04,2026-02-03T14:24:48,2026-02-03,G04_2026-02-03,270,val,normal,,1025,1281,1,248e9f50cdc83d8ce370d90a1aea81e111d1cb7ebfe8f6c9bef563b7a4c19776,,
1.0,G04-260203-142507-271,G04-260203-142507-271.bmp,G04,2026-02-03T14:25:07,2026-02-03,G04_2026-02-03,271,val,normal,,1025,1281,1,b634939485d34a82a981a96cd1a7964c7d26329f87e22c9b7318801086f322f8,,
1.0,G04-260203-142516-272,G04-260203-142516-272.bmp,G04,2026-02-03T14:25:16,2026-02-03,G04_2026-02-03,272,val,normal,,1025,1281,1,141876bdf142ab1366df1adaeb563a91abc971d255ba8c7637c562f956c3a0ee,,
1.0,G04-260203-142538-273,G04-260203-142538-273.bmp,G04,2026-02-03T14:25:38,2026-02-03,G04_2026-02-03,273,val,normal,,1025,1281,1,e86ff6438bcac6d7fbc88547e62c0a3efe4318f2167d678abc3e2aa34974f2b7,,
1.0,G04-260203-142549-274,G04-260203-142549-274.bmp,G04,2026-02-03T14:25:49,2026-02-03,G04_2026-02-03,274,val,normal,,1025,1281,1,0e4eddde82e8e006e998c0908dba777d05f961f4456eb421decb34a24d08e224,,
1.0,G04-260203-142607-275,G04-260203-142607-275.bmp,G04,2026-02-03T14:26:07,2026-02-03,G04_2026-02-03,275,val,normal,,1025,1281,1,82d4a80919f79577f8419f5d481516f7351d40ad700d4fbbcc3e418b27ecb0b5,,
1.0,G04-260203-142619-276,G04-260203-142619-276.bmp,G04,2026-02-03T14:26:19,2026-02-03,G04_2026-02-03,276,val,normal,,1025,1281,1,54d84dda68925a10d5c2f0bedbf275a9240f52b082651661c7512f1ca935f6ca,,
1.0,G04-260203-142638-277,G04-260203-142638-277.bmp,G04,2026-02-03T14:26:38,2026-02-03,G04_2026-02-03,277,val,normal,,1025,1281,1,b5cb780f682084642ab5e1fc45fc07f24a31eaa0024cf2927d8004458fea0168,,
1.0,G04-260203-142647-278,G04-260203-142647-278.bmp,G04,2026-02-03T14:26:47,2026-02-03,G04_2026-02-03,278,val,normal,,1025,1281,1,3f65b3073d1c86dc7472cedc2bb5ec114d177eb4441ed7dfc3729e03e43c4ace,,
1.0,G04-260203-142708-279,G04-260203-142708-279.bmp,G04,2026-02-03T14:27:08,2026-02-03,G04_2026-02-03,279,val,normal,,1025,1281,1,81011a66b467dd4237e17d59a02b6b5b659342665bd344fd8d0c64e39d5daa20,,
1.0,G04-260203-142717-280,G04-260203-142717-280.bmp,G04,2026-02-03T14:27:17,2026-02-03,G04_2026-02-03,280,val,normal,,1025,1281,1,06cb86ed407db0f823c173dbb3479aed731578eebd714668ef81200f29f64b8d,,
1.0,G04-260203-142737-281,G04-260203-142737-281.bmp,G04,2026-02-03T14:27:37,2026-02-03,G04_2026-02-03,281,val,normal,,1025,1281,1,efdab4564e8e1ed65cc796908058c4ff37344cb7311feb90dc0601c887f967e3,,
1.0,G04-260203-142749-282,G04-260203-142749-282.bmp,G04,2026-02-03T14:27:49,2026-02-03,G04_2026-02-03,282,val,normal,,1025,1281,1,8d33878f4e98d57338c52b995683b21ec3f934ace4846d65b51b77f833a5c176,,
1.0,G04-260203-142809-283,G04-260203-142809-283.bmp,G04,2026-02-03T14:28:09,2026-02-03,G04_2026-02-03,283,val,normal,,1025,1281,1,c07711c325ea0af49ac9be14d98e4b13d6494b4796eb6d980c3e01e243ed19b7,,
1.0,G04-260203-142822-284,G04-260203-142822-284.bmp,G04,2026-02-03T14:28:22,2026-02-03,G04_2026-02-03,284,val,normal,,1025,1281,1,cd85cb0b0ef5de630388e13e8c4b39a0c96631a73041446b1588b7f66aa7e03d,,
1.0,G04-260203-142839-285,G04-260203-142839-285.bmp,G04,2026-02-03T14:28:39,2026-02-03,G04_2026-02-03,285,val,normal,,1025,1281,1,408e8f56319f58af88c6bca1352013916bd680915b90dd1ccf09cfdd411213b1,,
1.0,G04-260203-142847-286,G04-260203-142847-286.bmp,G04,2026-02-03T14:28:47,2026-02-03,G04_2026-02-03,286,val,normal,,1025,1281,1,408cf04806e0f156215e55002f02bb2d133609d0fe3acad07048c38c3f6ac662,,
1.0,G04-260203-142907-287,G04-260203-142907-287.bmp,G04,2026-02-03T14:29:07,2026-02-03,G04_2026-02-03,287,val,normal,,1025,1281,1,1b118e25676cdc82e0cfcb69eaac3a2591020e63332d5f48c5bb3d8f2d5cda63,,
1.0,G04-260203-142918-288,G04-260203-142918-288.bmp,G04,2026-02-03T14:29:18,2026-02-03,G04_2026-02-03,288,val,normal,,1025,1281,1,e47340aff7e176373864e38cbc0cabccda56ca9d22f2c0f7070e60c59530f77a,,
1.0,G04-260203-142938-289,G04-260203-142938-289.bmp,G04,2026-02-03T14:29:38,2026-02-03,G04_2026-02-03,289,val,normal,,1025,1281,1,2969807873d6a94168dea7f908ea55bdc845838711d2cb2c9017d5ff6f4f680f,,
1.0,G04-260203-142951-290,G04-260203-142951-290.bmp,G04,2026-02-03T14:29:51,2026-02-03,G04_2026-02-03,290,val,normal,,1025,1281,1,60cd3fc5ae34e47d673a15ae042711320953cfaee1310c1537bac84f47c2af68,,
1.0,G04-260203-143008-291,G04-260203-143008-291.bmp,G04,2026-02-03T14:30:08,2026-02-03,G04_2026-02-03,291,val,normal,,1025,1281,1,5c79ee796781ebbb5efb177cd9c79428f85ed319d222ff524f5df59e1b5421e6,,
1.0,G04-260203-143017-292,G04-260203-143017-292.bmp,G04,2026-02-03T14:30:17,2026-02-03,G04_2026-02-03,292,val,normal,,1025,1281,1,5f908012e539041266356cd6a3a1a9e64fa51d9e810a1b1f5c1d480bc92115f8,,
1.0,G04-260203-143037-293,G04-260203-143037-293.bmp,G04,2026-02-03T14:30:37,2026-02-03,G04_2026-02-03,293,val,normal,,1025,1281,1,8620d2867ce35ecda219b636ec1280a69323f4d38749ccf75b4efa0dedf99ddc,,
1.0,G04-260203-143047-294,G04-260203-143047-294.bmp,G04,2026-02-03T14:30:47,2026-02-03,G04_2026-02-03,294,val,normal,,1025,1281,1,e7b6da407688e949ae19c757c38996d9c2f4564efab5f59f478b92baceda1ff5,,
1.0,G04-260203-143109-295,G04-260203-143109-295.bmp,G04,2026-02-03T14:31:09,2026-02-03,G04_2026-02-03,295,val,normal,,1025,1281,1,7eab9fd66b5c747310e71ff5f60648d27fa65f8d9bd0c02ce522ffd41edc7a35,,
1.0,G04-260203-143139-297,G04-260203-143139-297.bmp,G04,2026-02-03T14:31:39,2026-02-03,G04_2026-02-03,297,val,normal,,1025,1281,1,c8e889fe651072cb24c3abb12ba11a654706eae3787016322a9faadac5c0381f,,
1.0,G04-260203-143150-298,G04-260203-143150-298.bmp,G04,2026-02-03T14:31:50,2026-02-03,G04_2026-02-03,298,val,normal,,1025,1281,1,2c8fb841c3dea3f290fa35ca56526380cf13df4c86f1ff8f5b72a701734f9fe5,,
1.0,G04-260203-143204-299,G04-260203-143204-299.bmp,G04,2026-02-03T14:32:04,2026-02-03,G04_2026-02-03,299,val,normal,,1025,1281,1,356e88dfcec3a6a06a4f57bddc7d9c3609fcceaf7e8f67674f55aaa1d506b891,,
1.0,G04-260203-143217-300,G04-260203-143217-300.bmp,G04,2026-02-03T14:32:17,2026-02-03,G04_2026-02-03,300,val,normal,,1025,1281,1,92998fc5a3b2ea09bab64b44ec43ddcf19def5ac840553a14196c38b4d59a81f,,
1.0,G04-260203-143238-301,G04-260203-143238-301.bmp,G04,2026-02-03T14:32:38,2026-02-03,G04_2026-02-03,301,val,normal,,1025,1281,1,398ac3c06e5f68f6b2b6407a396c38278f9fc61115cae3bbd28698c074412ef4,,
1.0,G04-260203-143250-302,G04-260203-143250-302.bmp,G04,2026-02-03T14:32:50,2026-02-03,G04_2026-02-03,302,val,normal,,1025,1281,1,4655e78a11b0cae2f2597a3c748a0d5686596ebd725e13fde724df1eb2330fe9,,
1.0,G04-260203-143308-303,G04-260203-143308-303.bmp,G04,2026-02-03T14:33:08,2026-02-03,G04_2026-02-03,303,val,normal,,1025,1281,1,f758ba20dd3ec931afc508b454c7e6a0eb1f5904ce67b2ea0d4d0322a2da2e4b,,
1.0,G04-260203-143321-304,G04-260203-143321-304.bmp,G04,2026-02-03T14:33:21,2026-02-03,G04_2026-02-03,304,val,normal,,1025,1281,1,c91c367ba4d1f9c2f84c596efc4b730023de785acd1f0f393de638828acbb286,,
1.0,G04-260203-143338-305,G04-260203-143338-305.bmp,G04,2026-02-03T14:33:38,2026-02-03,G04_2026-02-03,305,val,normal,,1025,1281,1,bb88217498d0d8b07e1d0fd98913773e684b2470395b50bc045429e33e84c08e,,
1.0,G04-260203-143348-306,G04-260203-143348-306.bmp,G04,2026-02-03T14:33:48,2026-02-03,G04_2026-02-03,306,val,normal,,1025,1281,1,69568cacd250f59d1797c09ce27ce45abe31213f0a2ccd6424c296b5fa14e5ce,,
1.0,G04-260203-143408-307,G04-260203-143408-307.bmp,G04,2026-02-03T14:34:08,2026-02-03,G04_2026-02-03,307,val,normal,,1025,1281,1,65082f2dc2930c2a06620a00f8141fc4bfab1274122d7c9c9dd6cc4b80912338,,
1.0,G04-260203-143418-308,G04-260203-143418-308.bmp,G04,2026-02-03T14:34:18,2026-02-03,G04_2026-02-03,308,val,normal,,1025,1281,1,d60140333d7e2a7f5b26c346558ad6b80b04af520c202a7249cb57fbe61a06c6,,
1.0,G04-260203-143439-309,G04-260203-143439-309.bmp,G04,2026-02-03T14:34:39,2026-02-03,G04_2026-02-03,309,val,normal,,1025,1281,1,6410db796f8f228457cf3425dd671f5e9a7259895b7b317e9d97e6e1a301be41,,
1.0,G04-260203-143451-310,G04-260203-143451-310.bmp,G04,2026-02-03T14:34:51,2026-02-03,G04_2026-02-03,310,val,normal,,1025,1281,1,7cba746e221bb2ed84a0b57b88fd98e12bd45b06dfe3a887b536710e2d21d0b3,,
1.0,G04-260203-143510-311,G04-260203-143510-311.bmp,G04,2026-02-03T14:35:10,2026-02-03,G04_2026-02-03,311,val,normal,,1025,1281,1,715ec4e61c8af83e2cf63bf1ed0669d5f5f3500e6be6e2ab16e426bf8a1af48f,,
1.0,G04-260203-143523-312,G04-260203-143523-312.bmp,G04,2026-02-03T14:35:23,2026-02-03,G04_2026-02-03,312,val,normal,,1025,1281,1,349b45f32bdbc06e4a7242c14b0ae3827bbbd9c356773ae581fd61e1e72716b7,,
1.0,G04-260203-143540-313,G04-260203-143540-313.bmp,G04,2026-02-03T14:35:40,2026-02-03,G04_2026-02-03,313,val,normal,,1025,1281,1,1cf4a3ae73b14958a2b66e6901980e6567e44e4662d2cf2513f043aeb3c22eb5,,
1.0,G04-260203-143549-314,G04-260203-143549-314.bmp,G04,2026-02-03T14:35:49,2026-02-03,G04_2026-02-03,314,val,normal,,1025,1281,1,c1aacb15de32e76c9f39fb3dc26f194b66920828d5513d21374201c4ec8cca57,,
1.0,G04-260203-143609-315,G04-260203-143609-315.bmp,G04,2026-02-03T14:36:09,2026-02-03,G04_2026-02-03,315,val,normal,,1025,1281,1,9acb745d894404af1a5a045a74d65961ac38b37dd1e073ad62c16c9c540daac0,,
1.0,G04-260203-143620-316,G04-260203-143620-316.bmp,G04,2026-02-03T14:36:20,2026-02-03,G04_2026-02-03,316,val,normal,,1025,1281,1,df77f2b06a2f8c2d9789490dd5f551c2fb35813499797f3802ddd07b8e7ade10,,
1.0,G04-260203-143641-317,G04-260203-143641-317.bmp,G04,2026-02-03T14:36:41,2026-02-03,G04_2026-02-03,317,val,normal,,1025,1281,1,481e2565880c6d1468047f94c64001e230b6ca7059c317b0586daec2d8b31164,,
1.0,G04-260203-143652-318,G04-260203-143652-318.bmp,G04,2026-02-03T14:36:52,2026-02-03,G04_2026-02-03,318,val,normal,,1025,1281,1,87c50d8710e8cddb18c0d5809ae342ee7c82560d2e59e013e4be35edce749edf,,
1.0,G04-260203-143710-319,G04-260203-143710-319.bmp,G04,2026-02-03T14:37:10,2026-02-03,G04_2026-02-03,319,val,normal,,1025,1281,1,0fd651c76c165802d137526a81493c3d684322541cbd215d63921a79c6f8e4ef,,
1.0,G04-260203-143724-320,G04-260203-143724-320.bmp,G04,2026-02-03T14:37:24,2026-02-03,G04_2026-02-03,320,val,normal,,1025,1281,1,d5982fbe9a0435a53b533c71c00ee919eeb2e64230081941e480abd9546dbf23,,
1.0,G04-260203-143740-321,G04-260203-143740-321.bmp,G04,2026-02-03T14:37:40,2026-02-03,G04_2026-02-03,321,val,normal,,1025,1281,1,2ee165c5f26c9f708bb7293db97f17f98425c2adaa52f0165f26018732dc55e5,,
1.0,G04-260203-143749-322,G04-260203-143749-322.bmp,G04,2026-02-03T14:37:49,2026-02-03,G04_2026-02-03,322,val,normal,,1025,1281,1,43dc2daefe6c51fef80f732de752496b3df297d33aa8b1418a542793ae2456f7,,
1.0,G04-260203-143809-323,G04-260203-143809-323.bmp,G04,2026-02-03T14:38:09,2026-02-03,G04_2026-02-03,323,val,normal,,1025,1281,1,28318fcf7e0e60517865a22ff5f2d4307d91ab7f1ead4ea5437ff6c7bdb53864,,
1.0,G04-260203-143823-324,G04-260203-143823-324.bmp,G04,2026-02-03T14:38:23,2026-02-03,G04_2026-02-03,324,val,normal,,1025,1281,1,5bf4baa0236623b3b6d3198586fd3f72d87041bc3c7897003bd0be1089511139,,
1.0,G04-260203-143840-325,G04-260203-143840-325.bmp,G04,2026-02-03T14:38:40,2026-02-03,G04_2026-02-03,325,val,normal,,1025,1281,1,0664202896ebc8a8ca6fabb998c25c91d36c486d925b6d464c3273f577a5df24,,
1.0,G04-260203-143853-326,G04-260203-143853-326.bmp,G04,2026-02-03T14:38:53,2026-02-03,G04_2026-02-03,326,val,normal,,1025,1281,1,85a705c716f9fd90781150caf0380765893029d8f2e2bcfe20b33b43861c9680,,
1.0,G04-260203-143911-327,G04-260203-143911-327.bmp,G04,2026-02-03T14:39:11,2026-02-03,G04_2026-02-03,327,val,normal,,1025,1281,1,a0829cf294c73794774faf562c9dd5122e269486b65c6ee306d9ad4d01530a0b,,
1.0,G04-260203-143920-328,G04-260203-143920-328.bmp,G04,2026-02-03T14:39:20,2026-02-03,G04_2026-02-03,328,val,normal,,1025,1281,1,cc6b128629a059ec696e5b0d3ea4f431e5ac1dc5be151abe9fd36eb64d2245ae,,
1.0,G04-260203-143941-329,G04-260203-143941-329.bmp,G04,2026-02-03T14:39:41,2026-02-03,G04_2026-02-03,329,val,normal,,1025,1281,1,6885afc1ed39e039a6d9f69f14c91f48be266babc7029c3c5f754d94405269d6,,
1.0,G04-260203-143952-330,G04-260203-143952-330.bmp,G04,2026-02-03T14:39:52,2026-02-03,G04_2026-02-03,330,val,normal,,1025,1281,1,04eebad17d916e7479669f065fa1dc473e72f614400a4cf443e7eb8f5e2118f3,,
1.0,G04-260203-144011-331,G04-260203-144011-331.bmp,G04,2026-02-03T14:40:11,2026-02-03,G04_2026-02-03,331,val,normal,,1025,1281,1,b2c663bb618693a39314f110193f7f7d122aca5f6f21b847338f04de3899d188,,
1.0,G04-260203-144022-332,G04-260203-144022-332.bmp,G04,2026-02-03T14:40:22,2026-02-03,G04_2026-02-03,332,val,normal,,1025,1281,1,0bf5ec0ec53001588277c6476913cc0373d11e754f2f19d43382fd2f6e193c03,,
1.0,G04-260203-144042-333,G04-260203-144042-333.bmp,G04,2026-02-03T14:40:42,2026-02-03,G04_2026-02-03,333,val,normal,,1025,1281,1,cfc9f06c3582b587da0c1495778b760ed75b1f8ad71baeadc9aea46e3ac57e60,,
1.0,G04-260203-144055-334,G04-260203-144055-334.bmp,G04,2026-02-03T14:40:55,2026-02-03,G04_2026-02-03,334,val,normal,,1025,1281,1,cb7dd18f2172255d0e3a71c38c4b1f67dcba523495d6c4c9ff7299c832ab8ec7,,
1.0,G04-260203-144110-335,G04-260203-144110-335.bmp,G04,2026-02-03T14:41:10,2026-02-03,G04_2026-02-03,335,val,normal,,1025,1281,1,823b6184032f868367f272471715d667d3837cc498320d79052e4119f24e0642,,
1.0,G04-260203-144119-336,G04-260203-144119-336.bmp,G04,2026-02-03T14:41:19,2026-02-03,G04_2026-02-03,336,val,normal,,1025,1281,1,8fef26d550b881941d29ce6db50fc6a52bc1b5a23e308a7b1e8f18a2890a6b7d,,
1.0,G04-260203-144141-337,G04-260203-144141-337.bmp,G04,2026-02-03T14:41:41,2026-02-03,G04_2026-02-03,337,val,normal,,1025,1281,1,8e5efafac48b477a3ab19c486c3f044ea8a6ad18852695dca684b96f67eb0da0,,
1.0,G04-260203-144151-338,G04-260203-144151-338.bmp,G04,2026-02-03T14:41:51,2026-02-03,G04_2026-02-03,338,val,normal,,1025,1281,1,d73a12ac15358d914e749869550ae6bd0e5eed852e1d9a8d6c3de6ae17d6d06d,,
1.0,G04-260203-144210-339,G04-260203-144210-339.bmp,G04,2026-02-03T14:42:10,2026-02-03,G04_2026-02-03,339,val,normal,,1025,1281,1,47a0799438f49f29551577a428279fdf21fd21612a9bbba17151c203641264e1,,
1.0,G04-260203-144224-340,G04-260203-144224-340.bmp,G04,2026-02-03T14:42:24,2026-02-03,G04_2026-02-03,340,val,normal,,1025,1281,1,b55542bf9be61fe3dbd48a3be75b319587588d4388f13d42ec8653bf87e1587f,,
1.0,G04-260203-144241-341,G04-260203-144241-341.bmp,G04,2026-02-03T14:42:41,2026-02-03,G04_2026-02-03,341,val,normal,,1025,1281,1,ed8fd43a8d0ae041b10c8df09406003634c3ad3bf2b65a79fdcc31f5d3b0fd0b,,
1.0,G04-260203-144249-342,G04-260203-144249-342.bmp,G04,2026-02-03T14:42:49,2026-02-03,G04_2026-02-03,342,val,normal,,1025,1281,1,bd857f620d2b06ebce16baa626d5936a5a3667459b8c87787c28b3ab6a86cc45,,
1.0,G04-260203-144312-343,G04-260203-144312-343.bmp,G04,2026-02-03T14:43:12,2026-02-03,G04_2026-02-03,343,val,normal,,1025,1281,1,9a0a90439518d74d84ca00bf1dde01065690a40e4adfaa579ac8e001d027a101,,
1.0,G04-260203-144321-344,G04-260203-144321-344.bmp,G04,2026-02-03T14:43:21,2026-02-03,G04_2026-02-03,344,val,normal,,1025,1281,1,cb8047be13b63510212a9c5fb4c80f787b471fea7d00b64f4338f8c607740fbc,,
1.0,G04-260203-144342-345,G04-260203-144342-345.bmp,G04,2026-02-03T14:43:42,2026-02-03,G04_2026-02-03,345,val,normal,,1025,1281,1,331ad6765274a0ac363df8b1a3f14041f1b901be05e94e659ac546104f21916e,,
1.0,G04-260203-144400-346,G04-260203-144400-346.bmp,G04,2026-02-03T14:44:00,2026-02-03,G04_2026-02-03,346,val,normal,,1025,1281,1,fd76f02953d5f27211eeb95968a64d0493720257fb1d8211e2f478f4315d9e6e,,
1.0,G04-260203-144411-347,G04-260203-144411-347.bmp,G04,2026-02-03T14:44:11,2026-02-03,G04_2026-02-03,347,val,normal,,1025,1281,1,acb8b57736dfba3df6ecf4afc1880f14af4861528aff9e479698b9aa92555492,,
1.0,G04-260203-144425-348,G04-260203-144425-348.bmp,G04,2026-02-03T14:44:25,2026-02-03,G04_2026-02-03,348,val,normal,,1025,1281,1,7c3453ca262fc9f928338744356caf6ea932b82a157ec4d260e1faea9b5fbcbb,,
1.0,G04-260203-144442-349,G04-260203-144442-349.bmp,G04,2026-02-03T14:44:42,2026-02-03,G04_2026-02-03,349,val,normal,,1025,1281,1,5582b88bfd5cf7c89615a466a828edd71c2edefc40f2cebc23140b8864e2456d,,
1.0,G04-260203-144456-350,G04-260203-144456-350.bmp,G04,2026-02-03T14:44:56,2026-02-03,G04_2026-02-03,350,val,normal,,1025,1281,1,33a962263077913bc01a13ce7b0aa1fedc763cae6748e5b3c14b8badd11a7e6e,,
1.0,G04-260203-144512-351,G04-260203-144512-351.bmp,G04,2026-02-03T14:45:12,2026-02-03,G04_2026-02-03,351,val,normal,,1025,1281,1,d04ae91bfdcbd70950c2d13dff20803abe99205df520d971f480abc6e1bb0abd,,
1.0,G04-260203-144522-352,G04-260203-144522-352.bmp,G04,2026-02-03T14:45:22,2026-02-03,G04_2026-02-03,352,val,normal,,1025,1281,1,f0bcc7a7e53464de5c866c599baa7b14d6738695fe001bc75e8c4cbb281a39ad,,
1.0,G04-260203-144541-353,G04-260203-144541-353.bmp,G04,2026-02-03T14:45:41,2026-02-03,G04_2026-02-03,353,val,normal,,1025,1281,1,3b3236f357f11ea7fd17ccdc66c63b05b850ebd8d0732d50894f70e03e6aae62,,
1.0,G04-260203-144554-354,G04-260203-144554-354.bmp,G04,2026-02-03T14:45:54,2026-02-03,G04_2026-02-03,354,val,normal,,1025,1281,1,3dcc9cafaf104ad0596a6d6d244ca773308945203aebacf27d09dba26fa1d874,,
1.0,G04-260203-144612-355,G04-260203-144612-355.bmp,G04,2026-02-03T14:46:12,2026-02-03,G04_2026-02-03,355,val,normal,,1025,1281,1,c0ef913340ca36033b5b659242f4f482c4d3726bc402f6b098a581287738ffb1,,
1.0,G04-260203-144620-356,G04-260203-144620-356.bmp,G04,2026-02-03T14:46:20,2026-02-03,G04_2026-02-03,356,val,normal,,1025,1281,1,79fb3d5fe91c301152aeac923f6ef1d29560d3963559e52dc50998f8f851cc03,,
1.0,G04-260203-144642-357,G04-260203-144642-357.bmp,G04,2026-02-03T14:46:42,2026-02-03,G04_2026-02-03,357,val,normal,,1025,1281,1,86e6f3c77e9004789ffae3cbadca5cc8acbf6e90e560f29413645c76975d9399,,
1.0,G04-260203-144651-358,G04-260203-144651-358.bmp,G04,2026-02-03T14:46:51,2026-02-03,G04_2026-02-03,358,val,normal,,1025,1281,1,3b53571a75d97e3ea62061f5295517272b77f216f48912b24001baa8dddb26fe,,
1.0,G04-260203-144713-359,G04-260203-144713-359.bmp,G04,2026-02-03T14:47:13,2026-02-03,G04_2026-02-03,359,val,normal,,1025,1281,1,4728ed017d2ec819097ab1c98fed60c7269e8eb918b45a0300f8ea2c5dbef9d1,,
1.0,G04-260203-144723-360,G04-260203-144723-360.bmp,G04,2026-02-03T14:47:23,2026-02-03,G04_2026-02-03,360,val,normal,,1025,1281,1,fa895d9a55b8b920869a697231d94d338070fbda3be1dadd490b1ce57367cfce,,
1.0,G04-260203-144743-361,G04-260203-144743-361.bmp,G04,2026-02-03T14:47:43,2026-02-03,G04_2026-02-03,361,val,normal,,1025,1281,1,826d32f884de706e387fef9b672ad915c8fae8942a0ed59e0a0f1070e1998aab,,
1.0,G04-260203-144756-362,G04-260203-144756-362.bmp,G04,2026-02-03T14:47:56,2026-02-03,G04_2026-02-03,362,val,normal,,1025,1281,1,8116875a5e9d25c1295a90041ca2e424a5386d4a4b9273b4ebde003b7121ebb2,,
1.0,G04-260203-144812-363,G04-260203-144812-363.bmp,G04,2026-02-03T14:48:12,2026-02-03,G04_2026-02-03,363,val,normal,,1025,1281,1,279d7b40ef922dc05cc61cff5255df6dda86d0d845a6a083a3749b63656cafa3,,
1.0,G04-260203-144826-364,G04-260203-144826-364.bmp,G04,2026-02-03T14:48:26,2026-02-03,G04_2026-02-03,364,val,normal,,1025,1281,1,594bcc6bad42e03cd71c2225e2700ee08bbb92379389f6b0c840a343c1722187,,
1.0,G04-260203-144844-365,G04-260203-144844-365.bmp,G04,2026-02-03T14:48:44,2026-02-03,G04_2026-02-03,365,val,normal,,1025,1281,1,cb0c8fe2ce9562007842737d638c560844323bcbce07a90fe2a70d2a16b828aa,,
1.0,G04-260203-144852-366,G04-260203-144852-366.bmp,G04,2026-02-03T14:48:52,2026-02-03,G04_2026-02-03,366,val,normal,,1025,1281,1,a813aec554ac652ae90052edfc640f3fe8d768adfa7ac397269b2ccda3d50a07,,
1.0,G04-260203-144912-367,G04-260203-144912-367.bmp,G04,2026-02-03T14:49:12,2026-02-03,G04_2026-02-03,367,val,normal,,1025,1281,1,39cd4d9bf9fd212ff81bef6f46522e5fb95fec07368f4aee0a0f92ae60b73ee9,,
1.0,G04-260203-144925-368,G04-260203-144925-368.bmp,G04,2026-02-03T14:49:25,2026-02-03,G04_2026-02-03,368,val,normal,,1025,1281,1,5f026a25a1678b9e92a1a974f3961fa35450dfb6090f7a66d03003267409778e,,
1.0,G04-260203-144943-369,G04-260203-144943-369.bmp,G04,2026-02-03T14:49:43,2026-02-03,G04_2026-02-03,369,val,normal,,1025,1281,1,0c924e547cd69228750921fe204d5269afe065cdd25eb3c93e5c0436eff5be77,,
1.0,G04-260203-144958-370,G04-260203-144958-370.bmp,G04,2026-02-03T14:49:58,2026-02-03,G04_2026-02-03,370,val,normal,,1025,1281,1,7243845f027c814712b0401dace13a3c469cf89826e4c231a12bc87bb305bf1d,,
1.0,G04-260203-145013-371,G04-260203-145013-371.bmp,G04,2026-02-03T14:50:13,2026-02-03,G04_2026-02-03,371,val,normal,,1025,1281,1,2c9313b29e8f4460994492038297b4621e33a1c0cb8cbf7fedd1e0d877086b41,,
1.0,G04-260203-145023-372,G04-260203-145023-372.bmp,G04,2026-02-03T14:50:23,2026-02-03,G04_2026-02-03,372,val,normal,,1025,1281,1,b4bde4211e188c666010892cb47f12b8ba03e965d1dd70fd0505c4b09404f76f,,
1.0,G04-260203-145044-373,G04-260203-145044-373.bmp,G04,2026-02-03T14:50:44,2026-02-03,G04_2026-02-03,373,val,normal,,1025,1281,1,e7a8a9f3b85c1a4e700deec5682809f74debf3abae8d52332e35bc3cd3af30ec,,
1.0,G04-260203-145054-374,G04-260203-145054-374.bmp,G04,2026-02-03T14:50:54,2026-02-03,G04_2026-02-03,374,val,normal,,1025,1281,1,70a802dc290b243abf7396a5fd927a044ccb026599ca325f7039c14fabbd398a,,
1.0,G04-260203-145113-375,G04-260203-145113-375.bmp,G04,2026-02-03T14:51:13,2026-02-03,G04_2026-02-03,375,val,normal,,1025,1281,1,1710c625cc83de7ab4de2de3d235d1bd305af86ca04149dd00e45923e568652b,,
1.0,G04-260203-145126-376,G04-260203-145126-376.bmp,G04,2026-02-03T14:51:26,2026-02-03,G04_2026-02-03,376,val,normal,,1025,1281,1,e3910a99cd30fc2950324fbe99e0e012aa110946e2acf5dfcea8aa40da1615b4,,
1.0,G04-260203-145144-377,G04-260203-145144-377.bmp,G04,2026-02-03T14:51:44,2026-02-03,G04_2026-02-03,377,val,normal,,1025,1281,1,532b89e62376fa091670372e1d0c0213f0ce09541b2478b952bc75ea25826db5,,
1.0,G04-260203-145153-378,G04-260203-145153-378.bmp,G04,2026-02-03T14:51:53,2026-02-03,G04_2026-02-03,378,val,normal,,1025,1281,1,754a7d1e3606ba23a62dc62564ba2767bb28ff570fbc4f5cd44535ff46f44069,,
1.0,G04-260203-145214-379,G04-260203-145214-379.bmp,G04,2026-02-03T14:52:14,2026-02-03,G04_2026-02-03,379,val,normal,,1025,1281,1,45cc5b54cc4401c41e74454835142389cae4dcad1ab58fb575c9ec9d54b47b87,,
1.0,G04-260203-145223-380,G04-260203-145223-380.bmp,G04,2026-02-03T14:52:23,2026-02-03,G04_2026-02-03,380,val,normal,,1025,1281,1,ea73bddffb774da00b4e5ae92cfc1d498153682cee42adf59dd941a66e450374,,
1.0,G04-260203-145244-381,G04-260203-145244-381.bmp,G04,2026-02-03T14:52:44,2026-02-03,G04_2026-02-03,381,val,normal,,1025,1281,1,2a0f5c82484a1538da97de9c99a24d2e98a20443409007ca357eeadd0c8c014b,,
1.0,G04-260203-145259-382,G04-260203-145259-382.bmp,G04,2026-02-03T14:52:59,2026-02-03,G04_2026-02-03,382,val,normal,,1025,1281,1,19548f8514e310a8f852b8093f2d5876ae42be887d6b48a239a082c81964c8da,,
1.0,G04-260203-145314-383,G04-260203-145314-383.bmp,G04,2026-02-03T14:53:14,2026-02-03,G04_2026-02-03,383,val,normal,,1025,1281,1,ae5983eb49986b0681c542b8cb852d9b2344f64ddbb2e0055d9dd92a0c6d4f55,,
1.0,G04-260203-145328-384,G04-260203-145328-384.bmp,G04,2026-02-03T14:53:28,2026-02-03,G04_2026-02-03,384,val,normal,,1025,1281,1,9f08cab7c9024d2424e17f60a1432aa2dc4cc3f74cdaa82c13b0ea1f09de22da,,
1.0,G04-260203-145344-385,G04-260203-145344-385.bmp,G04,2026-02-03T14:53:44,2026-02-03,G04_2026-02-03,385,val,normal,,1025,1281,1,914de9fc52c995fcd11ac6cd19ae9447593f9aac1323b893bccec4773a4266d7,,
1.0,G04-260203-145356-386,G04-260203-145356-386.bmp,G04,2026-02-03T14:53:56,2026-02-03,G04_2026-02-03,386,val,normal,,1025,1281,1,cea8d68c37199fbafd8a44c24569f24fd28c140b43ce8c34b8261c8471d81941,,
1.0,G04-260203-145414-387,G04-260203-145414-387.bmp,G04,2026-02-03T14:54:14,2026-02-03,G04_2026-02-03,387,val,normal,,1025,1281,1,9ca376f2017c92595b7ec7369ec8310d7276043eb27a1f0d6c34bd3c3b868a04,,
1.0,G04-260203-145502-389,G04-260203-145502-389.bmp,G04,2026-02-03T14:55:02,2026-02-03,G04_2026-02-03,389,val,normal,,1025,1281,1,73f84361ba9538d2544179cffd2d7190a398d03a599527750b526f86b297111e,,
1.0,G04-260203-145508-390,G04-260203-145508-390.bmp,G04,2026-02-03T14:55:08,2026-02-03,G04_2026-02-03,390,val,normal,,1025,1281,1,065a3e03c5fd1832fe70b40e6c9709e351b9e8249c7f82219dbced2f07e1f8ab,,
1.0,G04-260203-145517-391,G04-260203-145517-391.bmp,G04,2026-02-03T14:55:17,2026-02-03,G04_2026-02-03,391,val,normal,,1025,1281,1,f28e909253c1d24f0721251c23bb0ed2485884dbfd9b0a1e9082e782756a80ce,,
1.0,G04-260203-145529-392,G04-260203-145529-392.bmp,G04,2026-02-03T14:55:29,2026-02-03,G04_2026-02-03,392,val,normal,,1025,1281,1,909150e3a228513b33e5ca4a4e7d39e0efae81f2c66e818a7e4163b4c1f95796,,
1.0,G04-260203-145545-393,G04-260203-145545-393.bmp,G04,2026-02-03T14:55:45,2026-02-03,G04_2026-02-03,393,val,normal,,1025,1281,1,7709473f272a9dd9a86ee5a57a8c0aef7f6a7c8d98d27ba054903234794c21ab,,
1.0,G04-260203-145559-394,G04-260203-145559-394.bmp,G04,2026-02-03T14:55:59,2026-02-03,G04_2026-02-03,394,val,normal,,1025,1281,1,24b08febc2899af72b5f596d678ba1df60b0cdd44701736304284c127ed8cfd4,,
1.0,G04-260203-145615-395,G04-260203-145615-395.bmp,G04,2026-02-03T14:56:15,2026-02-03,G04_2026-02-03,395,val,normal,,1025,1281,1,623c7cdc92792ad2aa10e3f39069a247912f1157af6439bbdd85c3e8da337c13,,
1.0,G04-260203-145630-396,G04-260203-145630-396.bmp,G04,2026-02-03T14:56:30,2026-02-03,G04_2026-02-03,396,val,normal,,1025,1281,1,a5174387812341638b00bf11ba23fcf9464b43d8570224c30a881c5415cae3d1,,
1.0,G04-260203-145645-397,G04-260203-145645-397.bmp,G04,2026-02-03T14:56:45,2026-02-03,G04_2026-02-03,397,val,normal,,1025,1281,1,171829c6327d19c60cb81993788a34d253c6dba32adad0f42732cf1323caf82e,,
1.0,G04-260203-145659-398,G04-260203-145659-398.bmp,G04,2026-02-03T14:56:59,2026-02-03,G04_2026-02-03,398,val,normal,,1025,1281,1,f09c50a0da23376ebb871b3ea0a1d4c71a6352dc02d11fb1d3e576daea780dd9,,
1.0,G04-260203-145715-399,G04-260203-145715-399.bmp,G04,2026-02-03T14:57:15,2026-02-03,G04_2026-02-03,399,val,normal,,1025,1281,1,1ced4144ebe18396d82f0ea688cf299efeaadeb3db48d8c95a4fe88e287afb72,,
1.0,G04-260203-145724-400,G04-260203-145724-400.bmp,G04,2026-02-03T14:57:24,2026-02-03,G04_2026-02-03,400,val,normal,,1025,1281,1,f7c7b7d75229fe49a31772307822c2f0df997149d53a1b77979847dca3ba3cbc,,
1.0,G04-260203-145745-401,G04-260203-145745-401.bmp,G04,2026-02-03T14:57:45,2026-02-03,G04_2026-02-03,401,val,normal,,1025,1281,1,337a922a158120e090c70cd9640cae89edace1b32428f729a837e1c3ca4c6a00,,
1.0,G04-260203-145757-402,G04-260203-145757-402.bmp,G04,2026-02-03T14:57:57,2026-02-03,G04_2026-02-03,402,val,normal,,1025,1281,1,70c7eea64798d321efad53fdbb63c3dfbbd8f4195fa20db9ebfce697b671ec4e,,
1.0,G04-260203-145815-403,G04-260203-145815-403.bmp,G04,2026-02-03T14:58:15,2026-02-03,G04_2026-02-03,403,val,normal,,1025,1281,1,262537a1e8fe5337dddea59b56642103f25064bfb586d5ef952fd5ea42da9ce2,,
1.0,G04-260203-145827-404,G04-260203-145827-404.bmp,G04,2026-02-03T14:58:27,2026-02-03,G04_2026-02-03,404,val,normal,,1025,1281,1,cd34334c8b3bc0c8beaf5222399e5e9e3fe3834cb2bf97b317e22426eab3125c,,
1.0,G04-260203-145846-405,G04-260203-145846-405.bmp,G04,2026-02-03T14:58:46,2026-02-03,G04_2026-02-03,405,val,normal,,1025,1281,1,a3fa10407a1217732d2080d40a4c9ece569588b6be65bc5ea8ff89c5c60d6d58,,
1.0,G04-260203-145940-406,G04-260203-145940-406.bmp,G04,2026-02-03T14:59:40,2026-02-03,G04_2026-02-03,406,val,normal,,1025,1281,1,e009f92641647df10bf89687f3be23844d9eafb20f34e1c56acdfa5335a64df3,,
1.0,G04-260203-150018-407,G04-260203-150018-407.bmp,G04,2026-02-03T15:00:18,2026-02-03,G04_2026-02-03,407,val,normal,,1025,1281,1,ae337423d186c86ab46e270ba64bf423220955aad288144ac6fbe9ae14798da3,,
1.0,G04-260203-150028-408,G04-260203-150028-408.bmp,G04,2026-02-03T15:00:28,2026-02-03,G04_2026-02-03,408,val,normal,,1025,1281,1,40e49edb3486ab305476c7ddc1b0ff36dfe4f7058758d477dd44f9e476791426,,
1.0,G04-260203-150038-409,G04-260203-150038-409.bmp,G04,2026-02-03T15:00:38,2026-02-03,G04_2026-02-03,409,val,normal,,1025,1281,1,c81bf73ead59896bc429f37b0bf820590be18c7daf89ae5c334536f47d74573e,,
1.0,G04-260203-150048-410,G04-260203-150048-410.bmp,G04,2026-02-03T15:00:48,2026-02-03,G04_2026-02-03,410,val,normal,,1025,1281,1,1fe72fd32b9cf83d2d5391401d5a215617d48ced5533fa9b3c65bf08dcd4823c,,
1.0,G04-260203-150058-411,G04-260203-150058-411.bmp,G04,2026-02-03T15:00:58,2026-02-03,G04_2026-02-03,411,val,normal,,1025,1281,1,889aefe9bd4683ef12165777ea06d62cc329c66548d37ae08b6c235eeb185443,,
1.0,G04-260203-150108-412,G04-260203-150108-412.bmp,G04,2026-02-03T15:01:08,2026-02-03,G04_2026-02-03,412,val,normal,,1025,1281,1,7d8fcc98e435330de4af7583d4edf0c1fa91410c394c809958d444f36c48c844,,
1.0,G04-260203-150118-413,G04-260203-150118-413.bmp,G04,2026-02-03T15:01:18,2026-02-03,G04_2026-02-03,413,val,normal,,1025,1281,1,97147b15cd9c8f87bd04401786c3494a8f6d558ac94114b442e8cff6361360fa,,
1.0,G04-260203-150128-414,G04-260203-150128-414.bmp,G04,2026-02-03T15:01:28,2026-02-03,G04_2026-02-03,414,val,normal,,1025,1281,1,61b18e7b2c580641a7989293050cd47948eece7371d9e7956ff5f92e6d8e6f5d,,
1.0,G04-260203-150138-415,G04-260203-150138-415.bmp,G04,2026-02-03T15:01:38,2026-02-03,G04_2026-02-03,415,val,normal,,1025,1281,1,c4deca134ba772c1bba4225ba642fb44fd61011134fb65ba2845e9dbc2ea073d,,
1.0,G04-260203-150148-416,G04-260203-150148-416.bmp,G04,2026-02-03T15:01:48,2026-02-03,G04_2026-02-03,416,val,normal,,1025,1281,1,b27215ba7d4abb6cccf59f81c65c43be4307b273588383db6496c436af50f961,,
1.0,G04-260203-150157-417,G04-260203-150157-417.bmp,G04,2026-02-03T15:01:57,2026-02-03,G04_2026-02-03,417,val,normal,,1025,1281,1,4e8535d617488b42204cffc1cc915cc592e6fcbf55ec1fe1c2650b1e687c5d7b,,
1.0,G04-260203-150203-418,G04-260203-150203-418.bmp,G04,2026-02-03T15:02:03,2026-02-03,G04_2026-02-03,418,val,normal,,1025,1281,1,90d6ddd7c65a387be2870d0093ec82601a098b17208e6738f5629d9dbec1b6c3,,
1.0,G04-260203-150218-419,G04-260203-150218-419.bmp,G04,2026-02-03T15:02:18,2026-02-03,G04_2026-02-03,419,val,normal,,1025,1281,1,14c5bd04f8f9c12c4a870fea3aae22ea0c48108a6a05049e313fa93557cf8c52,,
1.0,G04-260203-150229-420,G04-260203-150229-420.bmp,G04,2026-02-03T15:02:29,2026-02-03,G04_2026-02-03,420,val,normal,,1025,1281,1,a501b352c6b6b99ccc6b6c12b281e967e47153089921a3236acaf6d8b1b012fd,,
1.0,G04-260203-150246-421,G04-260203-150246-421.bmp,G04,2026-02-03T15:02:46,2026-02-03,G04_2026-02-03,421,val,normal,,1025,1281,1,e6a97252245cb1bcc386aee9d5927d33a5501a1d01f411d51579659eaffe830f,,
1.0,G04-260203-150255-422,G04-260203-150255-422.bmp,G04,2026-02-03T15:02:55,2026-02-03,G04_2026-02-03,422,val,normal,,1025,1281,1,bfd0249ca2bfa1a5023b34dbe37ca23c1e146f9fb1edc603a76e15167306a0b8,,
1.0,G04-260203-150317-423,G04-260203-150317-423.bmp,G04,2026-02-03T15:03:17,2026-02-03,G04_2026-02-03,423,val,normal,,1025,1281,1,561d1f129fe60ea1b16bf41b0330655981d5f136bbaa3c481fce3f945eafbb5b,,
1.0,G04-260203-150327-424,G04-260203-150327-424.bmp,G04,2026-02-03T15:03:27,2026-02-03,G04_2026-02-03,424,val,normal,,1025,1281,1,8c0eaa76def3ee39c6b21440015d0c6a0c46f4c1d56e84ee597963475d1e999c,,
1.0,G04-260203-150348-425,G04-260203-150348-425.bmp,G04,2026-02-03T15:03:48,2026-02-03,G04_2026-02-03,425,val,normal,,1025,1281,1,e816d4cbb0d7d0278c0aa3cf27fbcb95e5c725dd04927d1d5db845a6404c50a5,,
1.0,G04-260203-150417-426,G04-260203-150417-426.bmp,G04,2026-02-03T15:04:17,2026-02-03,G04_2026-02-03,426,val,normal,,1025,1281,1,9826ac3e5dc51792c3f3a44c9327cd7a35e1b0473827a929865b4666e6796f4b,,
1.0,G04-260203-150427-427,G04-260203-150427-427.bmp,G04,2026-02-03T15:04:27,2026-02-03,G04_2026-02-03,427,val,normal,,1025,1281,1,249c66664487984292438489be0b04c6909c839655cde3ce1c62068a9b62c9d5,,
1.0,G04-260203-150448-428,G04-260203-150448-428.bmp,G04,2026-02-03T15:04:48,2026-02-03,G04_2026-02-03,428,val,normal,,1025,1281,1,a074926c1661b9c51f64d912eb67fa051f488c73a40f9c221a290fdefff43078,,
1.0,G04-260203-150459-429,G04-260203-150459-429.bmp,G04,2026-02-03T15:04:59,2026-02-03,G04_2026-02-03,429,val,normal,,1025,1281,1,83ff3d60de1f3ff1c0f0af6aaf203a38358ed77d76bdd5771c7cb29b677dd286,,
1.0,G04-260203-150518-430,G04-260203-150518-430.bmp,G04,2026-02-03T15:05:18,2026-02-03,G04_2026-02-03,430,val,normal,,1025,1281,1,b65df6be6f6eea6151eb1d633eee9cdb37bb13ce1ea8fb9aaf31fd277b1b5123,,
1.0,G04-260203-150534-431,G04-260203-150534-431.bmp,G04,2026-02-03T15:05:34,2026-02-03,G04_2026-02-03,431,val,normal,,1025,1281,1,399476478031b0e75a0405c2c52325801ea6141f2a95faaf4a8472c716a102ab,,
1.0,G04-260203-150547-432,G04-260203-150547-432.bmp,G04,2026-02-03T15:05:47,2026-02-03,G04_2026-02-03,432,val,normal,,1025,1281,1,dba73b5efae045c4909782a440ee02bd24d6138783128bd87726d44f9a15be22,,
1.0,G04-260203-150559-433,G04-260203-150559-433.bmp,G04,2026-02-03T15:05:59,2026-02-03,G04_2026-02-03,433,val,normal,,1025,1281,1,601a354183e52db0a15b2257b19e36d57c51b1fc152f8beeed9fb83e38bf2a30,,
1.0,G04-260203-150618-434,G04-260203-150618-434.bmp,G04,2026-02-03T15:06:18,2026-02-03,G04_2026-02-03,434,val,normal,,1025,1281,1,568ef23e67e0d1d5639c786585335dd3814e76951b3b5b50228eaa1b3d8e77f1,,
1.0,G04-260203-150626-435,G04-260203-150626-435.bmp,G04,2026-02-03T15:06:26,2026-02-03,G04_2026-02-03,435,val,normal,,1025,1281,1,d3650418f82d3ca5e953619a904fbc5a9c218d47164dead7858cacf17ffc01c4,,
1.0,G04-260203-150647-436,G04-260203-150647-436.bmp,G04,2026-02-03T15:06:47,2026-02-03,G04_2026-02-03,436,val,normal,,1025,1281,1,42c7e66da4fc2df81878b3d0b6d28b2a24d20eb4442b973098f978ddd1abcc78,,
1.0,G04-260203-150700-437,G04-260203-150700-437.bmp,G04,2026-02-03T15:07:00,2026-02-03,G04_2026-02-03,437,val,normal,,1025,1281,1,234d0178fb98dccb6effddc4dc6bc13ee70c9a6a953d0809a0f5aa988433757a,,
1.0,G04-260203-150717-438,G04-260203-150717-438.bmp,G04,2026-02-03T15:07:17,2026-02-03,G04_2026-02-03,438,val,normal,,1025,1281,1,0ff0a0444d29036a9f3b36cb69cc60bf5f8b6b5d3ae5e7509c8f630614b3b518,,
1.0,G04-260203-150729-439,G04-260203-150729-439.bmp,G04,2026-02-03T15:07:29,2026-02-03,G04_2026-02-03,439,val,normal,,1025,1281,1,c69a219b87b0870187dee069bc0e65a4cb24b44392a3cf4581000287b5c79e9e,,
1.0,G04-260203-150749-440,G04-260203-150749-440.bmp,G04,2026-02-03T15:07:49,2026-02-03,G04_2026-02-03,440,val,normal,,1025,1281,1,8e0f51ff95eec97dc0735724ed49df8d2f14de41b1600909b1a6bd393e3b8089,,
1.0,G04-260203-150758-441,G04-260203-150758-441.bmp,G04,2026-02-03T15:07:58,2026-02-03,G04_2026-02-03,441,val,normal,,1025,1281,1,cc2cf1ab85a5546df1a66d7b39f3617ba9a4d537684502970df23f699ea3dbcd,,
1.0,G04-260203-150817-442,G04-260203-150817-442.bmp,G04,2026-02-03T15:08:17,2026-02-03,G04_2026-02-03,442,val,normal,,1025,1281,1,9c969324299c24ce1a14e6f61bda0a3e707ca40d607a02da0ff115928f4f07fa,,
1.0,G04-260203-150827-443,G04-260203-150827-443.bmp,G04,2026-02-03T15:08:27,2026-02-03,G04_2026-02-03,443,val,normal,,1025,1281,1,8d36fa6955b8b3fc4ea2ce7cbf16377316515513d7e205db0d45772457695866,,
1.0,G04-260203-150848-444,G04-260203-150848-444.bmp,G04,2026-02-03T15:08:48,2026-02-03,G04_2026-02-03,444,val,normal,,1025,1281,1,dbcc6e50b4a5a80d3a141a6a32894b3b6d11b68514419f54ed6cd5fab5e1f6c3,,
1.0,G04-260203-150859-445,G04-260203-150859-445.bmp,G04,2026-02-03T15:08:59,2026-02-03,G04_2026-02-03,445,val,normal,,1025,1281,1,a1470b64de31486e1d4a56e81a27226f3cee636c7f8bdfe73891e419cd2da0bb,,
1.0,G04-260203-150918-446,G04-260203-150918-446.bmp,G04,2026-02-03T15:09:18,2026-02-03,G04_2026-02-03,446,val,normal,,1025,1281,1,519b6b5ea1a312222bdb182edb9c043245a09320485f7a7b10337acae6ff616d,,
1.0,G04-260203-150929-447,G04-260203-150929-447.bmp,G04,2026-02-03T15:09:29,2026-02-03,G04_2026-02-03,447,val,normal,,1025,1281,1,c32a8c7c82e2c49c5cb263e2a41d6ffafcc6926fe1fa8ac981b84ef9cb409fd0,,
1.0,G04-260203-150948-448,G04-260203-150948-448.bmp,G04,2026-02-03T15:09:48,2026-02-03,G04_2026-02-03,448,val,normal,,1025,1281,1,9311b7ed115ec0bb860ea12cfe9610e0471ac3feee54f5489e945a24deed4ed2,,
1.0,G04-260203-150959-449,G04-260203-150959-449.bmp,G04,2026-02-03T15:09:59,2026-02-03,G04_2026-02-03,449,val,normal,,1025,1281,1,931a21f78ed3530514840dcc0d88d46d40842894523d42e4089c27ca4eb36b83,,
1.0,G04-260203-151019-450,G04-260203-151019-450.bmp,G04,2026-02-03T15:10:19,2026-02-03,G04_2026-02-03,450,val,normal,,1025,1281,1,11ff5fdfaf4755b965fe9b9d10bae9b6a164b19fb7b89e8744dfead3ed55586f,,
1.0,G04-260203-151026-451,G04-260203-151026-451.bmp,G04,2026-02-03T15:10:26,2026-02-03,G04_2026-02-03,451,val,normal,,1025,1281,1,76365bcd262054e20f894417df943bdbe11bd231e4aa7792cadd480af77b9ad5,,
1.0,G04-260203-151049-452,G04-260203-151049-452.bmp,G04,2026-02-03T15:10:49,2026-02-03,G04_2026-02-03,452,val,normal,,1025,1281,1,683a90b2ddfe460b4a9c2e7929aecb259f1b533f51d2b523211ec94db76c3eaa,,
1.0,G04-260203-151100-453,G04-260203-151100-453.bmp,G04,2026-02-03T15:11:00,2026-02-03,G04_2026-02-03,453,val,normal,,1025,1281,1,7e92e6fa1e404424079c640e71f34da755caa07bf792d096728cfd62c183e87c,,
1.0,G04-260203-151119-454,G04-260203-151119-454.bmp,G04,2026-02-03T15:11:19,2026-02-03,G04_2026-02-03,454,val,normal,,1025,1281,1,18428449f7b2db643d5391cd157183af405f47c127e1888734faac245ad17ee8,,
1.0,G04-260203-151133-455,G04-260203-151133-455.bmp,G04,2026-02-03T15:11:33,2026-02-03,G04_2026-02-03,455,val,normal,,1025,1281,1,9b7ca661ed209d4dafe02cdd797e32aea50629c116ac1c87ad0cd0e80789264f,,
1.0,G04-260203-151149-456,G04-260203-151149-456.bmp,G04,2026-02-03T15:11:49,2026-02-03,G04_2026-02-03,456,val,normal,,1025,1281,1,a5ec2b20a561eccd8e73be0a0cf2dd896a6f1e1fea31b0959707df420edf069a,,
1.0,G04-260203-151202-457,G04-260203-151202-457.bmp,G04,2026-02-03T15:12:02,2026-02-03,G04_2026-02-03,457,val,normal,,1025,1281,1,c642f4ccd96a7cd5e91dc313cbbb5cfad7129fe8017a0687691b73826f624c43,,
1.0,G04-260203-151220-458,G04-260203-151220-458.bmp,G04,2026-02-03T15:12:20,2026-02-03,G04_2026-02-03,458,val,normal,,1025,1281,1,8cfe78269e40be9ade9becb089eb38c90983a6267f641ad674fa5a5863b0ccf4,,
1.0,G04-260203-151230-459,G04-260203-151230-459.bmp,G04,2026-02-03T15:12:30,2026-02-03,G04_2026-02-03,459,val,normal,,1025,1281,1,c5fb2b6f16ab59998458cb1c2a1f5d9d3768489502ebb5b0b52a6fbc750a24de,,
1.0,G04-260203-151249-460,G04-260203-151249-460.bmp,G04,2026-02-03T15:12:49,2026-02-03,G04_2026-02-03,460,val,normal,,1025,1281,1,1c4215c734aeb8c304a7f231d3187d5d474667bbaedead66effe351a15565fac,,
1.0,G04-260203-151302-461,G04-260203-151302-461.bmp,G04,2026-02-03T15:13:02,2026-02-03,G04_2026-02-03,461,val,normal,,1025,1281,1,bc24f27ae975ae119575104018b6759e1a021ca0a9bae08f586ba122a06a2ee3,,
1.0,G04-260203-151320-462,G04-260203-151320-462.bmp,G04,2026-02-03T15:13:20,2026-02-03,G04_2026-02-03,462,val,normal,,1025,1281,1,883a71cef09e0051a915ad91ab40fa328a0271c50a1ef5273046624fdf2ac9c6,,
1.0,G04-260203-151333-463,G04-260203-151333-463.bmp,G04,2026-02-03T15:13:33,2026-02-03,G04_2026-02-03,463,val,normal,,1025,1281,1,ae52203d39ee2f342daab95eb3af7e7b48ad144b06f3feed99f232e4a097c880,,
1.0,G04-260203-151349-464,G04-260203-151349-464.bmp,G04,2026-02-03T15:13:49,2026-02-03,G04_2026-02-03,464,val,normal,,1025,1281,1,2a02de9b4faf3e5afdceaa151b67cac8e79b7e08c2437d318ca590826e3675dc,,
1.0,G04-260203-151358-465,G04-260203-151358-465.bmp,G04,2026-02-03T15:13:58,2026-02-03,G04_2026-02-03,465,val,normal,,1025,1281,1,5afe27e285c809e5b49f678aab549b7d23ec5c76be0f3b40232020ce778dc8a8,,
1.0,G04-260203-151420-466,G04-260203-151420-466.bmp,G04,2026-02-03T15:14:20,2026-02-03,G04_2026-02-03,466,val,normal,,1025,1281,1,7f92e03bf785c28b69eb548b9d5e6898c2c006a336d09739ff1b738529a17aaa,,
1.0,G04-260203-151431-467,G04-260203-151431-467.bmp,G04,2026-02-03T15:14:31,2026-02-03,G04_2026-02-03,467,val,normal,,1025,1281,1,a19874cd3d3c9d6041994943421374ada17dc873f5ae0896834229848487bc4b,,
1.0,G04-260203-151448-468,G04-260203-151448-468.bmp,G04,2026-02-03T15:14:48,2026-02-03,G04_2026-02-03,468,val,normal,,1025,1281,1,c526bffaec103500ffe8ce03a85efa80902c81ba41f5edb68b4f7513760502c0,,
1.0,G04-260203-151458-469,G04-260203-151458-469.bmp,G04,2026-02-03T15:14:58,2026-02-03,G04_2026-02-03,469,val,normal,,1025,1281,1,738fe5785f85e1b97e215fe6dcff02d8572dca4d099680a3cc3e904ee0eb1c2e,,
1.0,G04-260203-151520-470,G04-260203-151520-470.bmp,G04,2026-02-03T15:15:20,2026-02-03,G04_2026-02-03,470,val,normal,,1025,1281,1,ba94a1c5dadbd93f6e665127fb2dbafc3d40dbe7e912becbd1171b1456ad267e,,
1.0,G04-260203-151529-471,G04-260203-151529-471.bmp,G04,2026-02-03T15:15:29,2026-02-03,G04_2026-02-03,471,val,normal,,1025,1281,1,03200b6f6ed6ef67b60f8463f6900c2d7e1f9e5a5113ac7e21cb8bae0b6b1d6c,,
1.0,G04-260203-151550-472,G04-260203-151550-472.bmp,G04,2026-02-03T15:15:50,2026-02-03,G04_2026-02-03,472,val,normal,,1025,1281,1,9b37483e4046338b959ecc33bbb242ca432ae9cf7fc75e7b6114c4c259545ac9,,
1.0,G04-260203-151600-473,G04-260203-151600-473.bmp,G04,2026-02-03T15:16:00,2026-02-03,G04_2026-02-03,473,val,normal,,1025,1281,1,4cee9ef95d908b8b7cfd4dc224eade94588ffab7e97a0a566ba9302d2c2aa282,,
1.0,G04-260203-151620-474,G04-260203-151620-474.bmp,G04,2026-02-03T15:16:20,2026-02-03,G04_2026-02-03,474,val,normal,,1025,1281,1,32795e5476e1db1d7d26a05b9128bc7c793d6e1a4289c6a6c0f24ec3f62a1102,,
1.0,G04-260203-151632-475,G04-260203-151632-475.bmp,G04,2026-02-03T15:16:32,2026-02-03,G04_2026-02-03,475,val,normal,,1025,1281,1,7a932afda340af177b6e4a5a89c9b4b866c9a44b29f90800fd133d36433b2013,,
1.0,G04-260203-151652-476,G04-260203-151652-476.bmp,G04,2026-02-03T15:16:52,2026-02-03,G04_2026-02-03,476,val,normal,,1025,1281,1,54ad3f0d49162bc4b0ef38bac8aa9dca4e4d5fca09112df43d09d0e8f04f2f14,,
1.0,G04-260203-151704-477,G04-260203-151704-477.bmp,G04,2026-02-03T15:17:04,2026-02-03,G04_2026-02-03,477,val,normal,,1025,1281,1,f357d278047ba7704d432d456db48601089a5a710a8cba8ffe73f9176c6fbf71,,
1.0,G04-260203-151720-478,G04-260203-151720-478.bmp,G04,2026-02-03T15:17:20,2026-02-03,G04_2026-02-03,478,val,normal,,1025,1281,1,cbf9b23398f9ffc2ff08dcc6c5f7a68a0bcd70bc5590d8df458a572bee7abe3f,,
1.0,G04-260203-151729-479,G04-260203-151729-479.bmp,G04,2026-02-03T15:17:29,2026-02-03,G04_2026-02-03,479,val,normal,,1025,1281,1,277149061d13a44e534e7b2cafdfb2ff8dbbd4cc7c1164e6c4c62169430de701,,
1.0,G04-260203-151751-480,G04-260203-151751-480.bmp,G04,2026-02-03T15:17:51,2026-02-03,G04_2026-02-03,480,val,normal,,1025,1281,1,05f4b5fef431c018ff1db9efee1396f20d57f61febfa58dae26c4af1a2553d9e,,
1.0,G04-260203-151801-481,G04-260203-151801-481.bmp,G04,2026-02-03T15:18:01,2026-02-03,G04_2026-02-03,481,val,normal,,1025,1281,1,d3f070c3791570ac1ff6a4ec4f452e239c1cc899f23fd4af916f982ffec1151c,,
1.0,G04-260204-120012-331,G04-260204-120012-331.bmp,G04,2026-02-04T12:00:12,2026-02-04,G04_2026-02-04,331,test,normal,,1025,1281,1,a56d058345e3cbb35ddf4d08c71c0970f125af4febd805203ec5b8ab057464a0,,
1.0,G04-260204-120020-332,G04-260204-120020-332.bmp,G04,2026-02-04T12:00:20,2026-02-04,G04_2026-02-04,332,test,normal,,1025,1281,1,98b01ac6195a4e46a3128fa8736799600751723dfe9e30814622ecfbabaa03f0,,
1.0,G04-260204-120043-333,G04-260204-120043-333.bmp,G04,2026-02-04T12:00:43,2026-02-04,G04_2026-02-04,333,test,normal,,1025,1281,1,f0abc39df53e50070c76a54059a13c18744ed3795d4bac5d1510f20d68ab3506,,
1.0,G04-260204-120050-334,G04-260204-120050-334.bmp,G04,2026-02-04T12:00:50,2026-02-04,G04_2026-02-04,334,test,normal,,1025,1281,1,85134406f21817dbd31a071d97c7d4f4488ef73fb0825dcd12be35b92b3dbdaf,,
1.0,G04-260204-120114-335,G04-260204-120114-335.bmp,G04,2026-02-04T12:01:14,2026-02-04,G04_2026-02-04,335,test,normal,,1025,1281,1,c7ddb7e32ee710b125c280c2c205acecf030713235e17ea7e93cabb56a375625,,
1.0,G04-260204-120121-336,G04-260204-120121-336.bmp,G04,2026-02-04T12:01:21,2026-02-04,G04_2026-02-04,336,test,normal,,1025,1281,1,8678c873efc314788eecc295e0f409ed4e4231993b95a0b5f2738733d678850d,,
1.0,G04-260204-120143-337,G04-260204-120143-337.bmp,G04,2026-02-04T12:01:43,2026-02-04,G04_2026-02-04,337,test,normal,,1025,1281,1,6be91a98f2ac12b0104c6f4b829e195aba4fc5b1aab48dc1c864837f7c9d311b,,
1.0,G04-260204-120150-338,G04-260204-120150-338.bmp,G04,2026-02-04T12:01:50,2026-02-04,G04_2026-02-04,338,test,normal,,1025,1281,1,fdbd4bc88f8c171a48257457621e6d7a76bdc34d85d37783043e5e7a12e3657f,,
1.0,G04-260204-120213-339,G04-260204-120213-339.bmp,G04,2026-02-04T12:02:13,2026-02-04,G04_2026-02-04,339,test,normal,,1025,1281,1,9a6e0ed9f862f506e9a1de4e1044b7a1a0720f177fcdcd6b649567854168c722,,
1.0,G04-260204-120219-340,G04-260204-120219-340.bmp,G04,2026-02-04T12:02:19,2026-02-04,G04_2026-02-04,340,test,normal,,1025,1281,1,40505ca4f53a82c7e0a84887cf06594f5e76a0ac898a4c635e9949922fd4615e,,
1.0,G04-260204-120243-341,G04-260204-120243-341.bmp,G04,2026-02-04T12:02:43,2026-02-04,G04_2026-02-04,341,test,normal,,1025,1281,1,e9ccef422d90629f3051aeb34982e7a72af968e7fa347d6e952204909e9b4d17,,
1.0,G04-260204-120250-342,G04-260204-120250-342.bmp,G04,2026-02-04T12:02:50,2026-02-04,G04_2026-02-04,342,test,normal,,1025,1281,1,1f3e37e054e8409d00a2437c4eb3528890918896dcb1201c3e03349d4f8dff30,,
1.0,G04-260204-120314-343,G04-260204-120314-343.bmp,G04,2026-02-04T12:03:14,2026-02-04,G04_2026-02-04,343,test,normal,,1025,1281,1,0b1262c47e8ef3178639e4f23a162d1cdff88020cd5ff46351feb7149bf048b8,,
1.0,G04-260204-120321-344,G04-260204-120321-344.bmp,G04,2026-02-04T12:03:21,2026-02-04,G04_2026-02-04,344,test,normal,,1025,1281,1,d6877cd066076d5b412d5774f0dde3728d66d44919f1e82c882e53fb3bcedc4a,,
1.0,G04-260204-120344-345,G04-260204-120344-345.bmp,G04,2026-02-04T12:03:44,2026-02-04,G04_2026-02-04,345,test,normal,,1025,1281,1,2f4bc89037aa4a87e7c27bf3d13489d31374d0be8e6925128558055f337c873b,,
1.0,G04-260204-120351-346,G04-260204-120351-346.bmp,G04,2026-02-04T12:03:51,2026-02-04,G04_2026-02-04,346,test,normal,,1025,1281,1,c063a36747bf4d9c7455ade1d3ec875749e8ed74badf8e6adc16d17b06116076,,
1.0,G04-260204-120414-347,G04-260204-120414-347.bmp,G04,2026-02-04T12:04:14,2026-02-04,G04_2026-02-04,347,test,normal,,1025,1281,1,34923d709dfc0c4c48aa350c5af92a89b58b7794396dc45cd1ddf6699d59b389,,
1.0,G04-260204-120420-348,G04-260204-120420-348.bmp,G04,2026-02-04T12:04:20,2026-02-04,G04_2026-02-04,348,test,normal,,1025,1281,1,087b36e8539992a0ce04023912868eeb36aca2a947bdff0ceedfe53abcbb102f,,
1.0,G04-260204-120444-349,G04-260204-120444-349.bmp,G04,2026-02-04T12:04:44,2026-02-04,G04_2026-02-04,349,test,normal,,1025,1281,1,ab2b8f0ad099bb714726af5303264210ac518a5ed825c3306ab186c120cfd36b,,
1.0,G04-260204-120450-350,G04-260204-120450-350.bmp,G04,2026-02-04T12:04:50,2026-02-04,G04_2026-02-04,350,test,normal,,1025,1281,1,048b338073fc935acdcc4b30f6b9e721c04837319e94f917117129efe5b16137,,
1.0,G04-260204-120515-351,G04-260204-120515-351.bmp,G04,2026-02-04T12:05:15,2026-02-04,G04_2026-02-04,351,test,normal,,1025,1281,1,6856e9a4b313f78488cb50cd6082f3aca6a5eb7370dd630d7ed10e3c69875cca,,
1.0,G04-260204-120522-352,G04-260204-120522-352.bmp,G04,2026-02-04T12:05:22,2026-02-04,G04_2026-02-04,352,test,normal,,1025,1281,1,2dfbea492d547939bf8249eb0e8cd8ac48d18485826b91303be6fd2f2083eade,,
1.0,G04-260204-120544-353,G04-260204-120544-353.bmp,G04,2026-02-04T12:05:44,2026-02-04,G04_2026-02-04,353,test,normal,,1025,1281,1,17677199a37d22a1d58ccf1416196ec30c04ba6e6331e72ac0a9b8632faa8aaf,,
1.0,G04-260204-120551-354,G04-260204-120551-354.bmp,G04,2026-02-04T12:05:51,2026-02-04,G04_2026-02-04,354,test,normal,,1025,1281,1,c153757e79d9a88f6ba1eb01a3274c7217a310bc58b1d48ef5af40807bd07a9c,,
1.0,G04-260204-120614-355,G04-260204-120614-355.bmp,G04,2026-02-04T12:06:14,2026-02-04,G04_2026-02-04,355,test,normal,,1025,1281,1,1dc2f3a6fb069292a1ed3f4bb396a24a1692af0617d25a4df00c3d722f3a1e7d,,
1.0,G04-260204-120621-356,G04-260204-120621-356.bmp,G04,2026-02-04T12:06:21,2026-02-04,G04_2026-02-04,356,test,normal,,1025,1281,1,0f1fc581b3d85054aaa3d7141d32105b69647e63b59ebd0abe20e17bbe332572,,
1.0,G04-260204-120645-357,G04-260204-120645-357.bmp,G04,2026-02-04T12:06:45,2026-02-04,G04_2026-02-04,357,test,normal,,1025,1281,1,dfd4de66419b5f18bbdc67abb746032a82b7d7c9e3d983bda13596dcad3b5d0e,,
1.0,G04-260204-120652-358,G04-260204-120652-358.bmp,G04,2026-02-04T12:06:52,2026-02-04,G04_2026-02-04,358,test,normal,,1025,1281,1,f205305b6ab1711ee057396da6dc0a7cb8dda3e0a32a76e5aa3d33df0431b0e0,,
1.0,G04-260204-120715-359,G04-260204-120715-359.bmp,G04,2026-02-04T12:07:15,2026-02-04,G04_2026-02-04,359,test,normal,,1025,1281,1,90cdf3cd39266d06e44439d5468c14e020ac0070b4608edc0f3f4e7df47c2629,,
1.0,G04-260204-120722-360,G04-260204-120722-360.bmp,G04,2026-02-04T12:07:22,2026-02-04,G04_2026-02-04,360,test,normal,,1025,1281,1,20a10631ce8d9ac01b7a650a2fe9e4bb5af0e555f155b5d1fe534eedf5d6ff3c,,
1.0,G04-260204-120747-361,G04-260204-120747-361.bmp,G04,2026-02-04T12:07:47,2026-02-04,G04_2026-02-04,361,test,normal,,1025,1281,1,73837915d0b9dde85f0a88518dc48f196ee9eec07595e7902dd5afe6919e82dc,,
1.0,G04-260204-120754-362,G04-260204-120754-362.bmp,G04,2026-02-04T12:07:54,2026-02-04,G04_2026-02-04,362,test,normal,,1025,1281,1,bbc87de24fda2c40a36db78158b1b7f2cffa883258198cc28898f04ffc6fb8c0,,
1.0,G04-260204-120816-363,G04-260204-120816-363.bmp,G04,2026-02-04T12:08:16,2026-02-04,G04_2026-02-04,363,test,normal,,1025,1281,1,ac779be1c85c69a31cadf2671d4d5cddb9e9b4c101463a55ca41adda7bce8754,,
1.0,G04-260204-120822-364,G04-260204-120822-364.bmp,G04,2026-02-04T12:08:22,2026-02-04,G04_2026-02-04,364,test,normal,,1025,1281,1,40966f0e156b979c8e1ccc72de9bc222cc232d2a63b86c6bcf6fb9b9a62fbe7d,,
1.0,G04-260204-120848-365,G04-260204-120848-365.bmp,G04,2026-02-04T12:08:48,2026-02-04,G04_2026-02-04,365,test,normal,,1025,1281,1,edcf4cf687c6ffcdb2062b9883354259f47bbe2ae1b3444505564e1a130b807d,,
1.0,G04-260204-120854-366,G04-260204-120854-366.bmp,G04,2026-02-04T12:08:54,2026-02-04,G04_2026-02-04,366,test,normal,,1025,1281,1,1a84a9e09e8a05d3045d9f34847bd5f6b31f7b56aa4158f770c4687b96571a75,,
1.0,G04-260204-120916-367,G04-260204-120916-367.bmp,G04,2026-02-04T12:09:16,2026-02-04,G04_2026-02-04,367,test,normal,,1025,1281,1,0593222b77dce5f86aa68b72e49dd9cb99a3739c4917ddf087b3a613af0da53c,,
1.0,G04-260204-120923-368,G04-260204-120923-368.bmp,G04,2026-02-04T12:09:23,2026-02-04,G04_2026-02-04,368,test,normal,,1025,1281,1,c5214a68a3fbd10133d20d97ed497d42d8763215045ab63dcf8cf372d8a72e1d,,
1.0,G04-260204-120945-369,G04-260204-120945-369.bmp,G04,2026-02-04T12:09:45,2026-02-04,G04_2026-02-04,369,test,normal,,1025,1281,1,b19742f5b3d38f1183d33f6ce38c6d35fc7658f29b40154751a28bd835291d60,,
1.0,G04-260204-120952-370,G04-260204-120952-370.bmp,G04,2026-02-04T12:09:52,2026-02-04,G04_2026-02-04,370,test,normal,,1025,1281,1,bee51c4b33a808ff1c242321845016b30531b3e4a5d87f3c31703f191a130802,,
1.0,G04-260204-121016-371,G04-260204-121016-371.bmp,G04,2026-02-04T12:10:16,2026-02-04,G04_2026-02-04,371,test,normal,,1025,1281,1,710c7b6ef695fa8d98c0ce895ca03f218b4f3382fe5adf91866562bb77938bb2,,
1.0,G04-260204-121023-372,G04-260204-121023-372.bmp,G04,2026-02-04T12:10:23,2026-02-04,G04_2026-02-04,372,test,normal,,1025,1281,1,ffc5b594e072a71d24a9324899bc048d24648aa22ee507e829663f1180b2dc6b,,
1.0,G04-260204-121046-373,G04-260204-121046-373.bmp,G04,2026-02-04T12:10:46,2026-02-04,G04_2026-02-04,373,test,normal,,1025,1281,1,d79f9cb0929dabba87903afe223342012f98bad0614b3c89637b3e768bd03de2,,
1.0,G04-260204-121052-374,G04-260204-121052-374.bmp,G04,2026-02-04T12:10:52,2026-02-04,G04_2026-02-04,374,test,normal,,1025,1281,1,e7c374899afe6991dbb43b847f80b585979a14f50383c88fcbc5f513668f95dc,,
1.0,G04-260204-121118-375,G04-260204-121118-375.bmp,G04,2026-02-04T12:11:18,2026-02-04,G04_2026-02-04,375,test,normal,,1025,1281,1,52ce973bab93a9126dc715ee9345367cf36512a555c57a2e3c5ae4055c933568,,
1.0,G04-260204-121125-376,G04-260204-121125-376.bmp,G04,2026-02-04T12:11:25,2026-02-04,G04_2026-02-04,376,test,normal,,1025,1281,1,7c41832e927d913f1f71fd620ca617102c6d56552e9156fab1f7638feb133699,,
1.0,G04-260204-121147-377,G04-260204-121147-377.bmp,G04,2026-02-04T12:11:47,2026-02-04,G04_2026-02-04,377,test,normal,,1025,1281,1,adf55f21b0fb889050e1e0ff6a2830ccd0985aaf402ee60151b33252f5a56737,,
1.0,G04-260204-121154-378,G04-260204-121154-378.bmp,G04,2026-02-04T12:11:54,2026-02-04,G04_2026-02-04,378,test,normal,,1025,1281,1,08da662d84fcd0e5206291e007e0a603558bddb6ca71cce98a3c5ef1549cdff9,,
1.0,G04-260204-121218-379,G04-260204-121218-379.bmp,G04,2026-02-04T12:12:18,2026-02-04,G04_2026-02-04,379,test,normal,,1025,1281,1,69205720d30b63c9f8b60bad46d905d1d1613854f0696c755000c551f2e92269,,
1.0,G04-260204-121224-380,G04-260204-121224-380.bmp,G04,2026-02-04T12:12:24,2026-02-04,G04_2026-02-04,380,test,normal,,1025,1281,1,b4e9a70e01ce4dc06f54754ec86d921165d8b5ccf16173e2a390ec86cb46110a,,
1.0,G04-260204-121247-381,G04-260204-121247-381.bmp,G04,2026-02-04T12:12:47,2026-02-04,G04_2026-02-04,381,test,normal,,1025,1281,1,472a6f9fa9cef69d56d37bd14d0ec0db433f6f3df9dcbc1518069398ee1a3db7,,
1.0,G04-260204-121253-382,G04-260204-121253-382.bmp,G04,2026-02-04T12:12:53,2026-02-04,G04_2026-02-04,382,test,normal,,1025,1281,1,b824cdf5a43b779456f47895239d03b5fb0b0f354c600d6d239567bce530a4e9,,
1.0,G04-260204-121317-383,G04-260204-121317-383.bmp,G04,2026-02-04T12:13:17,2026-02-04,G04_2026-02-04,383,test,normal,,1025,1281,1,4a7a9033c0f8e37f25a53b6cf5bebd927a0c0c9da6bc4046cae34be0a397d4c3,,
1.0,G04-260204-121324-384,G04-260204-121324-384.bmp,G04,2026-02-04T12:13:24,2026-02-04,G04_2026-02-04,384,test,normal,,1025,1281,1,4a7d38947dfa91c38913a03d38a810777cb979b7bc6c912a37443703e04cf029,,
1.0,G04-260204-121348-385,G04-260204-121348-385.bmp,G04,2026-02-04T12:13:48,2026-02-04,G04_2026-02-04,385,test,normal,,1025,1281,1,d77e68130b64443d4313f070872b47cc62ebc371063677fe47a89bf2ef545fbf,,
1.0,G04-260204-121355-386,G04-260204-121355-386.bmp,G04,2026-02-04T12:13:55,2026-02-04,G04_2026-02-04,386,test,normal,,1025,1281,1,f215ec05ee9804eeff912f61898eaccbdf7759f406e359e860e61a8e0cb4a455,,
1.0,G04-260204-121417-387,G04-260204-121417-387.bmp,G04,2026-02-04T12:14:17,2026-02-04,G04_2026-02-04,387,test,normal,,1025,1281,1,094a03e17f0f6726f38bc5c0920c69b7f85cffedc583257be1c2b9c80f80e920,,
1.0,G04-260204-121424-388,G04-260204-121424-388.bmp,G04,2026-02-04T12:14:24,2026-02-04,G04_2026-02-04,388,test,normal,,1025,1281,1,1731776c385124334d3afb9d60bf4967cbb7ca9a4cc420a80b66494284499cb5,,
1.0,G04-260204-121448-389,G04-260204-121448-389.bmp,G04,2026-02-04T12:14:48,2026-02-04,G04_2026-02-04,389,test,normal,,1025,1281,1,6453f803c1b7b3b1930d6f1d395700213876524b994e42f0c5c3ff368b224cd6,,
1.0,G04-260204-121454-390,G04-260204-121454-390.bmp,G04,2026-02-04T12:14:54,2026-02-04,G04_2026-02-04,390,test,normal,,1025,1281,1,d9b2a69d5bb60226f8fc0bc01dcc2ad5979753c585da80935365e994127dd065,,
1.0,G04-260204-121517-391,G04-260204-121517-391.bmp,G04,2026-02-04T12:15:17,2026-02-04,G04_2026-02-04,391,test,normal,,1025,1281,1,8181da86022638d8cb995cdebd6a04619f73b3938049396fdde8daec156ede88,,
1.0,G04-260204-121524-392,G04-260204-121524-392.bmp,G04,2026-02-04T12:15:24,2026-02-04,G04_2026-02-04,392,test,normal,,1025,1281,1,77660583f3f1d1138690e40c101ed9bb4187a36f7befc0bdcb6749fce63d72af,,
1.0,G04-260204-121548-393,G04-260204-121548-393.bmp,G04,2026-02-04T12:15:48,2026-02-04,G04_2026-02-04,393,test,normal,,1025,1281,1,c55439197e7a8c9b8b7652a7790a71eb5bcd60a37a0950dbe388b057c197f8a6,,
1.0,G04-260204-121554-394,G04-260204-121554-394.bmp,G04,2026-02-04T12:15:54,2026-02-04,G04_2026-02-04,394,test,normal,,1025,1281,1,5e835f5fafa182f735d5233b5202018792ae62dd74674a77ca8e61358f961dfb,,
1.0,G04-260204-121618-395,G04-260204-121618-395.bmp,G04,2026-02-04T12:16:18,2026-02-04,G04_2026-02-04,395,test,normal,,1025,1281,1,11d1694f891a51d868517dbf031d6023822f19efcc24dd81f2fe31e50a6070fa,,
1.0,G04-260204-121625-396,G04-260204-121625-396.bmp,G04,2026-02-04T12:16:25,2026-02-04,G04_2026-02-04,396,test,normal,,1025,1281,1,dc62264bdd2fd4a52d5a43d3ee3a2137f498b44daa2e349dc7c60c0491a5677a,,
1.0,G04-260204-121647-397,G04-260204-121647-397.bmp,G04,2026-02-04T12:16:47,2026-02-04,G04_2026-02-04,397,test,normal,,1025,1281,1,946349ba4c795c609df8c0594e338cae1fabe41fbdf0cace56e23e9f4585d38a,,
1.0,G04-260204-121654-398,G04-260204-121654-398.bmp,G04,2026-02-04T12:16:54,2026-02-04,G04_2026-02-04,398,test,normal,,1025,1281,1,b7f845a0ad7cb01fdd2b1dc479ea3661f694ba77b5d253f4a2c5d4449d7ccc76,,
1.0,G04-260204-121718-399,G04-260204-121718-399.bmp,G04,2026-02-04T12:17:18,2026-02-04,G04_2026-02-04,399,test,normal,,1025,1281,1,eba36f8079f175f5b1f52120864ace2512d0abf793bca1435949c3e33970b8c9,,
1.0,G04-260204-121725-400,G04-260204-121725-400.bmp,G04,2026-02-04T12:17:25,2026-02-04,G04_2026-02-04,400,test,normal,,1025,1281,1,b89dac2d6267843654c29fdbe09d05cf8894e906bb9420b580c6ea67dd543fc9,,
1.0,G04-260204-121749-401,G04-260204-121749-401.bmp,G04,2026-02-04T12:17:49,2026-02-04,G04_2026-02-04,401,test,normal,,1025,1281,1,f788464a0eb95b3feeec1c4f0a52985f35d8445b671c21e830ef73e2f929208e,,
1.0,G04-260204-121756-402,G04-260204-121756-402.bmp,G04,2026-02-04T12:17:56,2026-02-04,G04_2026-02-04,402,test,normal,,1025,1281,1,507b94e2d7b077c3412e0f0929d3aedbd198f02eb0db7e280dea37901a0f745e,,
1.0,G04-260204-121818-403,G04-260204-121818-403.bmp,G04,2026-02-04T12:18:18,2026-02-04,G04_2026-02-04,403,test,normal,,1025,1281,1,1ade52a1e57099cb4f259504f1ba364b59bf0411753dea6ae7f324cbe14d066a,,
1.0,G04-260204-121825-404,G04-260204-121825-404.bmp,G04,2026-02-04T12:18:25,2026-02-04,G04_2026-02-04,404,test,normal,,1025,1281,1,79b225e0b12a160fcd83fddd4953345a4fa6dcafe88894e4bfbc82d109d707a9,,
1.0,G04-260204-121849-405,G04-260204-121849-405.bmp,G04,2026-02-04T12:18:49,2026-02-04,G04_2026-02-04,405,test,normal,,1025,1281,1,fc86c5b7879a3b9403e708475a6ca6436905ff07619e2243fdaebeeb858c526b,,
1.0,G04-260204-121856-406,G04-260204-121856-406.bmp,G04,2026-02-04T12:18:56,2026-02-04,G04_2026-02-04,406,test,normal,,1025,1281,1,55ea838713dd920bf26f14d8ec5653fadb825fae09172d0f9196a4e52bd3eaf2,,
1.0,G04-260204-121920-407,G04-260204-121920-407.bmp,G04,2026-02-04T12:19:20,2026-02-04,G04_2026-02-04,407,test,normal,,1025,1281,1,c90a265157ce1827f52391e11ed78aa1687d83fb254e3aaafe7cb5881034ed40,,
1.0,G04-260204-121927-408,G04-260204-121927-408.bmp,G04,2026-02-04T12:19:27,2026-02-04,G04_2026-02-04,408,test,normal,,1025,1281,1,8b832b3c3e4f5a7984b19818c2d6ca676b8fae551f005f036b85cdbea6aca15f,,
1.0,G04-260204-121948-409,G04-260204-121948-409.bmp,G04,2026-02-04T12:19:48,2026-02-04,G04_2026-02-04,409,test,normal,,1025,1281,1,94a3ee0f00f5a98d987632bf15ca7f1a0bdbabd6943945ef7759a628e7736f66,,
1.0,G04-260204-121955-410,G04-260204-121955-410.bmp,G04,2026-02-04T12:19:55,2026-02-04,G04_2026-02-04,410,test,normal,,1025,1281,1,f612cf3dc7c876d900cb5bc8d6109c86af9f419bdb793961e6e977a01a7ef30e,,
1.0,G04-260204-122018-411,G04-260204-122018-411.bmp,G04,2026-02-04T12:20:18,2026-02-04,G04_2026-02-04,411,test,normal,,1025,1281,1,bb805007ba72c509e6a3500f0ab2a5233f03d32a2786c271143d1478e0bf0840,,
1.0,G04-260204-122024-412,G04-260204-122024-412.bmp,G04,2026-02-04T12:20:24,2026-02-04,G04_2026-02-04,412,test,normal,,1025,1281,1,b4fb6862211eda4242f2274cc4112c707189ddbb17dcb0f59c20665e9a514b06,,
1.0,G04-260204-122049-413,G04-260204-122049-413.bmp,G04,2026-02-04T12:20:49,2026-02-04,G04_2026-02-04,413,test,normal,,1025,1281,1,e8d391be3b5f07dde8a30abc89114995ff865ee39e5ed638c8791d4210f693c8,,
1.0,G04-260204-122055-414,G04-260204-122055-414.bmp,G04,2026-02-04T12:20:55,2026-02-04,G04_2026-02-04,414,test,normal,,1025,1281,1,ed14d8183bcfef5ce0f15f96b1d22449e057d2947d307a6536bafe767a1014ae,,
1.0,G04-260204-122118-415,G04-260204-122118-415.bmp,G04,2026-02-04T12:21:18,2026-02-04,G04_2026-02-04,415,test,normal,,1025,1281,1,19472c529f5fed84036799e628d2c45f4fbe3968a49246c1be87a2cdf712fb7c,,
1.0,G04-260204-122125-416,G04-260204-122125-416.bmp,G04,2026-02-04T12:21:25,2026-02-04,G04_2026-02-04,416,test,normal,,1025,1281,1,f536a693ca9513ed1a9ceead6e16c7ed1a987720491166ae64858c1cacccb7b1,,
1.0,G04-260204-122149-417,G04-260204-122149-417.bmp,G04,2026-02-04T12:21:49,2026-02-04,G04_2026-02-04,417,test,normal,,1025,1281,1,7f5bcb0cfbc65f308b680bd751a4d396bedb8d3a7a779b6a178065ee9d4d1801,,
1.0,G04-260204-122156-418,G04-260204-122156-418.bmp,G04,2026-02-04T12:21:56,2026-02-04,G04_2026-02-04,418,test,normal,,1025,1281,1,975fd2d41d593f4f299a7971b991776aa13649fcd22ec6582ed2f9da30f805a1,,
1.0,G04-260204-122219-419,G04-260204-122219-419.bmp,G04,2026-02-04T12:22:19,2026-02-04,G04_2026-02-04,419,test,normal,,1025,1281,1,1c36e7105a74015274cb1e59571fd283b740759e504e5a985a34c4cf2b292613,,
1.0,G04-260204-122226-420,G04-260204-122226-420.bmp,G04,2026-02-04T12:22:26,2026-02-04,G04_2026-02-04,420,test,normal,,1025,1281,1,255ee336d47295ad20e285f936400d4bcf1c18ef35f6e4b7e3aab9b11063f461,,
1.0,G04-260204-122249-421,G04-260204-122249-421.bmp,G04,2026-02-04T12:22:49,2026-02-04,G04_2026-02-04,421,test,normal,,1025,1281,1,899956d1d1523cb14af410d21dcab04ba793b11e4045bac8e1b0b514ffdf7ad5,,
1.0,G04-260204-122255-422,G04-260204-122255-422.bmp,G04,2026-02-04T12:22:55,2026-02-04,G04_2026-02-04,422,test,normal,,1025,1281,1,a047a8d0ed1a34c00db9958487f1fca90c013c02514c5181eea7462c62e9e15f,,
1.0,G04-260204-122318-423,G04-260204-122318-423.bmp,G04,2026-02-04T12:23:18,2026-02-04,G04_2026-02-04,423,test,normal,,1025,1281,1,97613598eb331a83d155eea9584a5ae9d3086ce9febdc5e2ab5726bc9f99531d,,
1.0,G04-260204-122325-424,G04-260204-122325-424.bmp,G04,2026-02-04T12:23:25,2026-02-04,G04_2026-02-04,424,test,normal,,1025,1281,1,78400800c7155fa34fbfef1f285b1605add5cba0b18f4dc188927f4070f1d475,,
1.0,G04-260204-122350-425,G04-260204-122350-425.bmp,G04,2026-02-04T12:23:50,2026-02-04,G04_2026-02-04,425,test,normal,,1025,1281,1,5bd5cf6361f4370af101f4802b57f57b80679c474f958b0ff342d79610fea349,,
1.0,G04-260204-122357-426,G04-260204-122357-426.bmp,G04,2026-02-04T12:23:57,2026-02-04,G04_2026-02-04,426,test,normal,,1025,1281,1,d8092bbfd857a5b42527594c472f4de321db2f26d5c707d8915ad2d8114c220b,,
1.0,G04-260204-122419-427,G04-260204-122419-427.bmp,G04,2026-02-04T12:24:19,2026-02-04,G04_2026-02-04,427,test,normal,,1025,1281,1,f80c79512ba0da47968a1ecf46d5b41918cb4ea1f1da25e8a91aac71640b80da,,
1.0,G04-260204-122425-428,G04-260204-122425-428.bmp,G04,2026-02-04T12:24:25,2026-02-04,G04_2026-02-04,428,test,normal,,1025,1281,1,c13cee02be52aff58b041a90439340c3fcd970f8bfa46523877fa76a19b81cb1,,
1.0,G04-260204-122449-429,G04-260204-122449-429.bmp,G04,2026-02-04T12:24:49,2026-02-04,G04_2026-02-04,429,test,normal,,1025,1281,1,1b1c8407c91ced8a08d722a21884a2d60534095eedc9bc1eec10ed1e467cf4a0,,
1.0,G04-260204-122456-430,G04-260204-122456-430.bmp,G04,2026-02-04T12:24:56,2026-02-04,G04_2026-02-04,430,test,normal,,1025,1281,1,b082be8e2757b1431f4c51811523c5b4fd516f7e0d543e6054d38e78ce82e7d8,,
1.0,G04-260204-122521-431,G04-260204-122521-431.bmp,G04,2026-02-04T12:25:21,2026-02-04,G04_2026-02-04,431,test,normal,,1025,1281,1,cc26833546e90b7aae898bc4e98c4989f3ab449eb0f8ab38c60abb23fdfdef8c,,
1.0,G04-260204-122527-432,G04-260204-122527-432.bmp,G04,2026-02-04T12:25:27,2026-02-04,G04_2026-02-04,432,test,normal,,1025,1281,1,afb16bd7247f249b8fa260faee3daa47c3bb7f65d0f0786dfc0c654b1004bdc4,,
1.0,G04-260204-122551-433,G04-260204-122551-433.bmp,G04,2026-02-04T12:25:51,2026-02-04,G04_2026-02-04,433,test,normal,,1025,1281,1,48636c7c64d0f8c8cc299d6598bbde8044a5435e751f6ad0a244779cfd3170ab,,
1.0,G04-260204-122558-434,G04-260204-122558-434.bmp,G04,2026-02-04T12:25:58,2026-02-04,G04_2026-02-04,434,test,normal,,1025,1281,1,d51ecc409096abac44cfc1cbf93eb4ee50e36e5509b90281289ffd59ae755690,,
1.0,G04-260204-122620-435,G04-260204-122620-435.bmp,G04,2026-02-04T12:26:20,2026-02-04,G04_2026-02-04,435,test,normal,,1025,1281,1,ba89755678d87ccd732d948a827b97d0fa387b01dd1b4e7c17c8792b372b5d52,,
1.0,G04-260204-122627-436,G04-260204-122627-436.bmp,G04,2026-02-04T12:26:27,2026-02-04,G04_2026-02-04,436,test,normal,,1025,1281,1,bd0e18bbe6e39dbfccc7f2ba1c5b8e653d80bdf62bde5cd682d4b68d8cf1967c,,
1.0,G04-260204-122651-437,G04-260204-122651-437.bmp,G04,2026-02-04T12:26:51,2026-02-04,G04_2026-02-04,437,test,normal,,1025,1281,1,67cd3a61878e8830d0bfaef264c1fc36c3dc0aee0528349fe714bcd9fcff6d86,,
1.0,G04-260204-122657-438,G04-260204-122657-438.bmp,G04,2026-02-04T12:26:57,2026-02-04,G04_2026-02-04,438,test,normal,,1025,1281,1,db345634cda619968d3f3c83666046c04e89c2fc5ccc61847e4f6c9b38b51847,,
1.0,G04-260204-122721-439,G04-260204-122721-439.bmp,G04,2026-02-04T12:27:21,2026-02-04,G04_2026-02-04,439,test,normal,,1025,1281,1,98bbdfa68a63fe8e9d6267cfec149f5ae4e1f33311936717aa0019deb28ba3b2,,
1.0,G04-260204-122728-440,G04-260204-122728-440.bmp,G04,2026-02-04T12:27:28,2026-02-04,G04_2026-02-04,440,test,normal,,1025,1281,1,8bbf904589aae841218495360288833ca6b0409db6e1cb330003d0ec6511e2ab,,
1.0,G04-260204-122750-441,G04-260204-122750-441.bmp,G04,2026-02-04T12:27:50,2026-02-04,G04_2026-02-04,441,test,normal,,1025,1281,1,d425c4f534f087d9b31e408d6f5de96b997b835aa555d5895f5c35503da61f81,,
1.0,G04-260204-122757-442,G04-260204-122757-442.bmp,G04,2026-02-04T12:27:57,2026-02-04,G04_2026-02-04,442,test,normal,,1025,1281,1,1f9ced46fd87d7856a9ccf7780bc9264ea04609a5e07ed2603c572cf587d2f5d,,
1.0,G04-260204-122820-443,G04-260204-122820-443.bmp,G04,2026-02-04T12:28:20,2026-02-04,G04_2026-02-04,443,test,normal,,1025,1281,1,6205cb29b0960585192cd0f368f9993620074b451844567c4a044176a00d32b1,,
1.0,G04-260204-122827-444,G04-260204-122827-444.bmp,G04,2026-02-04T12:28:27,2026-02-04,G04_2026-02-04,444,test,normal,,1025,1281,1,d0675dbc3c04f916d071239ec0c8f5b78b0cc433c47eb7a1c6bca35d2728c7b1,,
1.0,G04-260204-122851-445,G04-260204-122851-445.bmp,G04,2026-02-04T12:28:51,2026-02-04,G04_2026-02-04,445,test,normal,,1025,1281,1,631c8fdb30bc13f024684291e3732d40bee71ac542ba94f5c8d16f35294c400c,,
1.0,G04-260204-122858-446,G04-260204-122858-446.bmp,G04,2026-02-04T12:28:58,2026-02-04,G04_2026-02-04,446,test,normal,,1025,1281,1,e822b8009a5b0f987c60ad47daef9b5148121f3a635b2b2c82c39c4d604f140d,,
1.0,G04-260204-122921-447,G04-260204-122921-447.bmp,G04,2026-02-04T12:29:21,2026-02-04,G04_2026-02-04,447,test,normal,,1025,1281,1,e2577fe4edc7699ab403b41320d4994d9bf36e3dfd025809fd12f86ce2925c50,,
1.0,G04-260204-122928-448,G04-260204-122928-448.bmp,G04,2026-02-04T12:29:28,2026-02-04,G04_2026-02-04,448,test,normal,,1025,1281,1,c7bad1b039d8912595ee206eff11b195278d2a48afbae7c1e5d8a4cb70b71df6,,
1.0,G04-260204-122951-449,G04-260204-122951-449.bmp,G04,2026-02-04T12:29:51,2026-02-04,G04_2026-02-04,449,test,normal,,1025,1281,1,25cddc01427278822f86f01a4a790ec63a7815f268fcde47b32e9a58c55cc66f,,
1.0,G04-260204-122957-450,G04-260204-122957-450.bmp,G04,2026-02-04T12:29:57,2026-02-04,G04_2026-02-04,450,test,normal,,1025,1281,1,889587d0eb95e5d03d0c0e5373fa3ee3df9f3b1d1576b85ed8fd3d4a06720af7,,
1.0,G04-260204-123021-451,G04-260204-123021-451.bmp,G04,2026-02-04T12:30:21,2026-02-04,G04_2026-02-04,451,test,normal,,1025,1281,1,5d9cd479f7a5e59d9e2cc9d166ca0ad8ed53ce11b7df91c684b464e6039458b2,,
1.0,G04-260204-123027-452,G04-260204-123027-452.bmp,G04,2026-02-04T12:30:27,2026-02-04,G04_2026-02-04,452,test,normal,,1025,1281,1,d16ea45dbac8a4df97efa3c5d6f80f8a5995e08b67507acf5076382b03a3e139,,
1.0,G04-260204-123037-453,G04-260204-123037-453.bmp,G04,2026-02-04T12:30:37,2026-02-04,G04_2026-02-04,453,test,normal,,1025,1281,1,d1ceba967afa00ef7f4fe32443a1f6a96bd776433644ba2cc7aac78bb3d3f2d4,,
1.0,G04-260204-123043-454,G04-260204-123043-454.bmp,G04,2026-02-04T12:30:43,2026-02-04,G04_2026-02-04,454,test,normal,,1025,1281,1,0e645efabceabb2d5a80c86682da585e7632a90d1c2a16cf172c0a37315e9ffc,,
1.0,G04-260204-123046-455,G04-260204-123046-455.bmp,G04,2026-02-04T12:30:46,2026-02-04,G04_2026-02-04,455,test,normal,,1025,1281,1,484f0bc6b57596a8c86fda3c6694bc26a7bac0f948bf8ca3ecc31e6b777c3ee2,,
1.0,G04-260204-123049-456,G04-260204-123049-456.bmp,G04,2026-02-04T12:30:49,2026-02-04,G04_2026-02-04,456,test,normal,,1025,1281,1,a1b78aa1fe077e6c4cd3b4ec4a097d5903afb30217efb04212f8d9614ee20bce,,
1.0,G04-260204-123054-457,G04-260204-123054-457.bmp,G04,2026-02-04T12:30:54,2026-02-04,G04_2026-02-04,457,test,normal,,1025,1281,1,9be06e0cdb8fc55f926e3e37305dd14a7a7275a59611cb8a875733a909638c47,,
1.0,G04-260204-123055-458,G04-260204-123055-458.bmp,G04,2026-02-04T12:30:55,2026-02-04,G04_2026-02-04,458,test,normal,,1025,1281,1,e1c3624321409492eb88a9852e5e8f8f0211489de17df37eb1347222210c0448,,
1.0,G04-260204-123108-460,G04-260204-123108-460.bmp,G04,2026-02-04T12:31:08,2026-02-04,G04_2026-02-04,460,test,normal,,1025,1281,1,404800c86d0e1ea01f19f406652bb1d2c54eea0e804e510b70cde38c8f7cb6e2,,
1.0,G04-260204-123122-461,G04-260204-123122-461.bmp,G04,2026-02-04T12:31:22,2026-02-04,G04_2026-02-04,461,test,normal,,1025,1281,1,989ef1c65d18580ed5d44ec13ffd14b334059aa7aec577994b17827c868b40c4,,
1.0,G04-260204-123129-462,G04-260204-123129-462.bmp,G04,2026-02-04T12:31:29,2026-02-04,G04_2026-02-04,462,test,normal,,1025,1281,1,1ef81555233cb7395aec56d260b54220b0d8ffc5a272ef28b7844a692fc5347d,,
1.0,G04-260204-123141-463,G04-260204-123141-463.bmp,G04,2026-02-04T12:31:41,2026-02-04,G04_2026-02-04,463,test,normal,,1025,1281,1,bc35e6b6e6c7c89a72d3d269b52318dd6530798c507bf44ca64557cc907b976f,,
1.0,G04-260204-123152-464,G04-260204-123152-464.bmp,G04,2026-02-04T12:31:52,2026-02-04,G04_2026-02-04,464,test,normal,,1025,1281,1,5a91e4b6ccf21bb28b7fd48b26beac9dd34a7b372df07790401845d562848493,,
1.0,G04-260204-123159-465,G04-260204-123159-465.bmp,G04,2026-02-04T12:31:59,2026-02-04,G04_2026-02-04,465,test,normal,,1025,1281,1,551c63f40f5492883a3e773b4a59b9c492de70f24e253204acb5deed8483bb53,,
1.0,G04-260204-123222-466,G04-260204-123222-466.bmp,G04,2026-02-04T12:32:22,2026-02-04,G04_2026-02-04,466,test,normal,,1025,1281,1,8b2762555ae15e6c52f6500eccf2a81949823741bb2e89ee4a70e3e438c88686,,
1.0,G04-260204-123229-467,G04-260204-123229-467.bmp,G04,2026-02-04T12:32:29,2026-02-04,G04_2026-02-04,467,test,normal,,1025,1281,1,981a196a88198ac9c9036bfbd91d79846dbd28e39465d5c9dd84a37e6c46ad50,,
1.0,G04-260204-123252-468,G04-260204-123252-468.bmp,G04,2026-02-04T12:32:52,2026-02-04,G04_2026-02-04,468,test,normal,,1025,1281,1,9ad1a02fe5ffb8ccbe67641df6c2bf634c7844286ae1a038552e2dc754c50861,,
1.0,G04-260204-123259-469,G04-260204-123259-469.bmp,G04,2026-02-04T12:32:59,2026-02-04,G04_2026-02-04,469,test,normal,,1025,1281,1,243ec56411dfaf6ea76dfd51f9a09ea7e757a1353ab4eacb31431219d5577d9c,,
1.0,G04-260204-123323-470,G04-260204-123323-470.bmp,G04,2026-02-04T12:33:23,2026-02-04,G04_2026-02-04,470,test,normal,,1025,1281,1,d0045df23f56de35f3758c1c59fb95fc4f2bc792f140a87f60422ea94af31a4e,,
1.0,G04-260204-123330-471,G04-260204-123330-471.bmp,G04,2026-02-04T12:33:30,2026-02-04,G04_2026-02-04,471,test,normal,,1025,1281,1,65d9bbe9d5710a2f59281db89d609b08b03305df1ee913a45993198715c05cb1,,
1.0,G04-260204-123351-472,G04-260204-123351-472.bmp,G04,2026-02-04T12:33:51,2026-02-04,G04_2026-02-04,472,test,normal,,1025,1281,1,c845ee95ed6bc92314519fe69d37a9b58cf7cf4accb78c78261ca96614a0bd7d,,
1.0,G04-260204-123358-473,G04-260204-123358-473.bmp,G04,2026-02-04T12:33:58,2026-02-04,G04_2026-02-04,473,test,normal,,1025,1281,1,dcded0ad3e9ca4c51585620a18cbe9e6199c9dc8d5b9458df6b65d5fdbcfc550,,
1.0,G04-260204-123422-474,G04-260204-123422-474.bmp,G04,2026-02-04T12:34:22,2026-02-04,G04_2026-02-04,474,test,normal,,1025,1281,1,45e2f072878ae2855be3dceec845260042ffbba3219b687a6716860cf8fda2aa,,
1.0,G04-260204-123429-475,G04-260204-123429-475.bmp,G04,2026-02-04T12:34:29,2026-02-04,G04_2026-02-04,475,test,normal,,1025,1281,1,0e3d493027b853f852097365df656a97d102732a444093e14dcebb130fa4b674,,
1.0,G04-260204-123452-476,G04-260204-123452-476.bmp,G04,2026-02-04T12:34:52,2026-02-04,G04_2026-02-04,476,test,normal,,1025,1281,1,34a5c5d7373f6e6828820786c94c234634e2684ba2f040fde87830d3a7598f7b,,
1.0,G04-260204-123500-477,G04-260204-123500-477.bmp,G04,2026-02-04T12:35:00,2026-02-04,G04_2026-02-04,477,test,normal,,1025,1281,1,8e97ed7a1bcd3e1a6d0ffe8870de899437c7ebce92ad8da1ff989efbd7e78728,,
1.0,G04-260204-123523-478,G04-260204-123523-478.bmp,G04,2026-02-04T12:35:23,2026-02-04,G04_2026-02-04,478,test,normal,,1025,1281,1,e939896211b7465c3cb49a8a28fe8745863ed774e144b080409b8ec37ada33b9,,
1.0,G04-260204-123530-479,G04-260204-123530-479.bmp,G04,2026-02-04T12:35:30,2026-02-04,G04_2026-02-04,479,test,normal,,1025,1281,1,7a06c7d938cbd426996c2f63b0c1faaa6c277dfe324e95185580e8a834d55e96,,
1.0,G04-260204-123553-480,G04-260204-123553-480.bmp,G04,2026-02-04T12:35:53,2026-02-04,G04_2026-02-04,480,test,normal,,1025,1281,1,758b3a7076dbdccfb47f89ddd2dcec640b0705b6b0a99208bab79e7b9d32d6eb,,
1.0,G04-260204-123559-481,G04-260204-123559-481.bmp,G04,2026-02-04T12:35:59,2026-02-04,G04_2026-02-04,481,test,normal,,1025,1281,1,16f1242efd379c601692ced322f0f0807aed675cc44d7c32dcaa05552c1a1ad1,,
1.0,G04-260204-123622-482,G04-260204-123622-482.bmp,G04,2026-02-04T12:36:22,2026-02-04,G04_2026-02-04,482,test,normal,,1025,1281,1,e17d093f5b063335b78764dd2a527b2c13d22df37b05de984be8e968aa3304f5,,
1.0,G04-260204-123629-483,G04-260204-123629-483.bmp,G04,2026-02-04T12:36:29,2026-02-04,G04_2026-02-04,483,test,normal,,1025,1281,1,c1ad5d70c5c11be4e1ab67d96853f6c62270c8b1255705ca5575cfe2ec3b26aa,,
1.0,G04-260204-123653-484,G04-260204-123653-484.bmp,G04,2026-02-04T12:36:53,2026-02-04,G04_2026-02-04,484,test,normal,,1025,1281,1,fa140142e6daa58d14cd122d5fb1cb777916c558466e294c67e488ced6345a6d,,
1.0,G04-260204-123700-485,G04-260204-123700-485.bmp,G04,2026-02-04T12:37:00,2026-02-04,G04_2026-02-04,485,test,normal,,1025,1281,1,25261e5d817a0d742b45582e6a5d1f933ecdacc41992e20623cebb561e0c03fc,,
1.0,G04-260204-123725-486,G04-260204-123725-486.bmp,G04,2026-02-04T12:37:25,2026-02-04,G04_2026-02-04,486,test,normal,,1025,1281,1,2bbc99a100c943f56b26bc174f2f09f03a0abd8d3f53951015d19f7326865b08,,
1.0,G04-260204-123733-487,G04-260204-123733-487.bmp,G04,2026-02-04T12:37:33,2026-02-04,G04_2026-02-04,487,test,normal,,1025,1281,1,22181bb72f9f16d315cc1f996932073dfff2c2f0778195833440d70ea8fa8a5f,,
1.0,G04-260204-123754-488,G04-260204-123754-488.bmp,G04,2026-02-04T12:37:54,2026-02-04,G04_2026-02-04,488,test,normal,,1025,1281,1,1592b799e8d618457563fb053a1d4ed6b1fce04c0760df2d004e9863caae9e91,,
1.0,G04-260204-123801-489,G04-260204-123801-489.bmp,G04,2026-02-04T12:38:01,2026-02-04,G04_2026-02-04,489,test,normal,,1025,1281,1,78ea6fd5f3690b7195b2d4078c29271924d52df039884559cdfe7db8c733e369,,
1.0,G04-260204-123823-490,G04-260204-123823-490.bmp,G04,2026-02-04T12:38:23,2026-02-04,G04_2026-02-04,490,test,normal,,1025,1281,1,c90abb80c05cc2a64f0a0c979897ae6864305b43b657471e2ce2e27b3056e983,,
1.0,G04-260204-123830-491,G04-260204-123830-491.bmp,G04,2026-02-04T12:38:30,2026-02-04,G04_2026-02-04,491,test,normal,,1025,1281,1,6420ba86909c8891109725b42ba040f7cc6572f62113695d3d0fcc06c9ae2404,,
1.0,G04-260204-123854-492,G04-260204-123854-492.bmp,G04,2026-02-04T12:38:54,2026-02-04,G04_2026-02-04,492,test,normal,,1025,1281,1,cf06634029f4eb3e1e3f7ef1f7c0849462b601fdd16199f5c764a2c8db7075d3,,
1.0,G04-260204-123900-493,G04-260204-123900-493.bmp,G04,2026-02-04T12:39:00,2026-02-04,G04_2026-02-04,493,test,normal,,1025,1281,1,c6c8f6599809ca57cd2654142b5acd0784e54c66482a995c73d819092ead77ef,,
1.0,G04-260204-123923-494,G04-260204-123923-494.bmp,G04,2026-02-04T12:39:23,2026-02-04,G04_2026-02-04,494,test,normal,,1025,1281,1,cddaf47e9f0fb1d0291d217474fd4184b2018be71c2ef3f461e5a83d6d46d55d,,
1.0,G04-260204-123931-495,G04-260204-123931-495.bmp,G04,2026-02-04T12:39:31,2026-02-04,G04_2026-02-04,495,test,normal,,1025,1281,1,a518184f8e32058632ab872f12aaacf2425083eac2c7232e3eb50c3253f9f896,,
1.0,G04-260204-123953-496,G04-260204-123953-496.bmp,G04,2026-02-04T12:39:53,2026-02-04,G04_2026-02-04,496,test,normal,,1025,1281,1,ecc8f814e286510c61792e0335aedf5764822d571da3ee513f81d9a655500602,,
1.0,G04-260204-124000-497,G04-260204-124000-497.bmp,G04,2026-02-04T12:40:00,2026-02-04,G04_2026-02-04,497,test,normal,,1025,1281,1,6b00fd38fecfef33b218327d20dee46aff08c1fc39893e13d783d88bdc6e5277,,
1.0,G04-260204-124023-498,G04-260204-124023-498.bmp,G04,2026-02-04T12:40:23,2026-02-04,G04_2026-02-04,498,test,normal,,1025,1281,1,42284dafc8e15506f20aea4caf77a8dc8b401b1adef0ecfc8736fe7550e58548,,
1.0,G04-260204-124030-499,G04-260204-124030-499.bmp,G04,2026-02-04T12:40:30,2026-02-04,G04_2026-02-04,499,test,normal,,1025,1281,1,c148cc02183f9f1c9d454c87a0139e69393bd5d2a908d6f2cbd90cab934ead82,,
1.0,G04-260204-124053-500,G04-260204-124053-500.bmp,G04,2026-02-04T12:40:53,2026-02-04,G04_2026-02-04,500,test,normal,,1025,1281,1,f8d55de036c55ae32c248de1b54977d06ae6fabcceaa9fc2777edf80994cf81b,,
1.0,G04-260204-124100-501,G04-260204-124100-501.bmp,G04,2026-02-04T12:41:00,2026-02-04,G04_2026-02-04,501,test,normal,,1025,1281,1,7ebb4e2aacb09b0fc88ae6a3529c4bc9693c12a9a441d2457010d479f9ac3e6e,,
1.0,G04-260204-124124-502,G04-260204-124124-502.bmp,G04,2026-02-04T12:41:24,2026-02-04,G04_2026-02-04,502,test,normal,,1025,1281,1,07ce2813a3cff52b854be942ba6e336a5468479e7301ac89bb3817bc7d905f8f,,
1.0,G04-260204-124132-503,G04-260204-124132-503.bmp,G04,2026-02-04T12:41:32,2026-02-04,G04_2026-02-04,503,test,normal,,1025,1281,1,214e48ab4b7c66d9198091854a500ef32e192b1884a1c7ff0820d485143f6d72,,
1.0,G04-260204-124155-504,G04-260204-124155-504.bmp,G04,2026-02-04T12:41:55,2026-02-04,G04_2026-02-04,504,test,normal,,1025,1281,1,5cbb75b5be1229ad989d85efb9f45667ac52f26241657b0d3cb16555c027af0f,,
1.0,G04-260204-124202-505,G04-260204-124202-505.bmp,G04,2026-02-04T12:42:02,2026-02-04,G04_2026-02-04,505,test,normal,,1025,1281,1,6259b3157677ec7bcd34b7a7dae2d019594d97bb1ec2b5e44594a55c25c45060,,
1.0,G04-260204-124224-506,G04-260204-124224-506.bmp,G04,2026-02-04T12:42:24,2026-02-04,G04_2026-02-04,506,test,normal,,1025,1281,1,2396aab1f5ee0e72c6660ec0981954a916e96fe5db31890387d6cf6f5e79aae8,,
1.0,G04-260204-124231-507,G04-260204-124231-507.bmp,G04,2026-02-04T12:42:31,2026-02-04,G04_2026-02-04,507,test,normal,,1025,1281,1,a4556610097dc30396843201db34f7e213a1160ef6cf32496791c82a1eddc314,,
1.0,G04-260204-124255-508,G04-260204-124255-508.bmp,G04,2026-02-04T12:42:55,2026-02-04,G04_2026-02-04,508,test,normal,,1025,1281,1,727b49f9e0408edd0f9e85e64024f34434b42a5de6c3a64626da87486450d9d1,,
1.0,G04-260204-124302-509,G04-260204-124302-509.bmp,G04,2026-02-04T12:43:02,2026-02-04,G04_2026-02-04,509,test,normal,,1025,1281,1,40d4a1bb10d366c68fb6b8666666613ac04fca3e844cf7cb7793158d4119d16c,,
1.0,G04-260204-124325-510,G04-260204-124325-510.bmp,G04,2026-02-04T12:43:25,2026-02-04,G04_2026-02-04,510,test,normal,,1025,1281,1,bc96bc5a201083ade1a186de4eaa68c923ab72485b7cdf4d89310fa75e354794,,
1.0,G04-260204-124332-511,G04-260204-124332-511.bmp,G04,2026-02-04T12:43:32,2026-02-04,G04_2026-02-04,511,test,normal,,1025,1281,1,10305461885b9c43ca24750bf03d2817099b56be0092979a12fa83ce4d670fdb,,
1.0,G04-260204-124356-512,G04-260204-124356-512.bmp,G04,2026-02-04T12:43:56,2026-02-04,G04_2026-02-04,512,test,normal,,1025,1281,1,f58747d6d4be2d4dd2c08b1d682ef38bac2dd445b04f4039466bd09aafa82e4c,,
1.0,G04-260204-124403-513,G04-260204-124403-513.bmp,G04,2026-02-04T12:44:03,2026-02-04,G04_2026-02-04,513,test,normal,,1025,1281,1,0228b2b60c7760a56ee017edb9b2e6519c5b8c6a4f1e3460ced35701fc51ef22,,
1.0,G04-260204-124425-514,G04-260204-124425-514.bmp,G04,2026-02-04T12:44:25,2026-02-04,G04_2026-02-04,514,test,normal,,1025,1281,1,fa20f48393cb2c48734a5f21e959f5672220713f7ff95a6a9f14bc51a925a423,,
1.0,G04-260204-124432-515,G04-260204-124432-515.bmp,G04,2026-02-04T12:44:32,2026-02-04,G04_2026-02-04,515,test,normal,,1025,1281,1,9e0fe425dcb972e2273201a3e803272ef880f33c5a99c8d58431fe5e6de12a9f,,
1.0,G04-260204-124456-516,G04-260204-124456-516.bmp,G04,2026-02-04T12:44:56,2026-02-04,G04_2026-02-04,516,test,normal,,1025,1281,1,4c13a0667c5edbb00d3b2c4a30489d9529140a2bed88357c40b40b98407cc721,,
1.0,G04-260204-124503-517,G04-260204-124503-517.bmp,G04,2026-02-04T12:45:03,2026-02-04,G04_2026-02-04,517,test,normal,,1025,1281,1,49e620d461d333aabfd17479f942a72eba43b5e741836088d5ac0ccd75ffe08d,,
1.0,G04-260204-124525-518,G04-260204-124525-518.bmp,G04,2026-02-04T12:45:25,2026-02-04,G04_2026-02-04,518,test,normal,,1025,1281,1,7305e6d22292362effb2ec5cbf4a365c83e1f3ca13625b6bd179b981ca181c24,,
1.0,G04-260204-124533-519,G04-260204-124533-519.bmp,G04,2026-02-04T12:45:33,2026-02-04,G04_2026-02-04,519,test,normal,,1025,1281,1,5004fd0d0dcb3b74098f7775bb3bec1a723c8faba407c9cac9d81f0e440471cc,,
1.0,G04-260204-124555-520,G04-260204-124555-520.bmp,G04,2026-02-04T12:45:55,2026-02-04,G04_2026-02-04,520,test,normal,,1025,1281,1,17f503faaa47ba66dd0d4494e84d11239369dcf1e6255fe22ab763e6860f0437,,
1.0,G04-260204-124601-521,G04-260204-124601-521.bmp,G04,2026-02-04T12:46:01,2026-02-04,G04_2026-02-04,521,test,normal,,1025,1281,1,a0f68345d2fca1f6a0dd036a79755275403e1158e9e6defe9da4e51030e3f3cd,,
1.0,G04-260204-124626-522,G04-260204-124626-522.bmp,G04,2026-02-04T12:46:26,2026-02-04,G04_2026-02-04,522,test,normal,,1025,1281,1,af5e41a831559a8626ade226ffa76da31912b2267ba12777f04562e0cbdae48d,,
1.0,G04-260204-124633-523,G04-260204-124633-523.bmp,G04,2026-02-04T12:46:33,2026-02-04,G04_2026-02-04,523,test,normal,,1025,1281,1,e74240fd870be9df021ef1e9f10d23b4ce4fb75fa0654a0e53f4a16901781237,,
1.0,G04-260204-124656-524,G04-260204-124656-524.bmp,G04,2026-02-04T12:46:56,2026-02-04,G04_2026-02-04,524,test,normal,,1025,1281,1,ecbd9ad337592262f4c39080daa5d8b6b296b5af7f40fe07388f1ef7a87a87b1,,
1.0,G04-260204-124703-525,G04-260204-124703-525.bmp,G04,2026-02-04T12:47:03,2026-02-04,G04_2026-02-04,525,test,normal,,1025,1281,1,c3687fb09890b675da313cf1bac3b85f5d4924ee1aea5d3b5caa3aed6d9aa27c,,
1.0,G04-260204-124727-526,G04-260204-124727-526.bmp,G04,2026-02-04T12:47:27,2026-02-04,G04_2026-02-04,526,test,normal,,1025,1281,1,f0b95c6478d39c4664e40df8ddabea49d84a58054c5560160987af2c090bcfbf,,
1.0,G04-260204-124734-527,G04-260204-124734-527.bmp,G04,2026-02-04T12:47:34,2026-02-04,G04_2026-02-04,527,test,normal,,1025,1281,1,57160eb21023ad8fc49776139319f210d70e76326819be39670d3552ab4846e3,,
1.0,G04-260204-124756-528,G04-260204-124756-528.bmp,G04,2026-02-04T12:47:56,2026-02-04,G04_2026-02-04,528,test,normal,,1025,1281,1,6631c315fda06ae20e03c2ac46a56a881a09e7a6b8730fa455b6dc45089a6679,,
1.0,G04-260204-124803-529,G04-260204-124803-529.bmp,G04,2026-02-04T12:48:03,2026-02-04,G04_2026-02-04,529,test,normal,,1025,1281,1,4eee05cf3255b5842ea3d779411e7dcb9b7218f8d9e99675e269587532ec66b1,,
1.0,G04-260204-124827-530,G04-260204-124827-530.bmp,G04,2026-02-04T12:48:27,2026-02-04,G04_2026-02-04,530,test,normal,,1025,1281,1,c52af9653beebeb8ea9e99e03526f4c782bc11b1f176d22a4acaeb94ad276edb,,
1.0,G04-260204-124833-531,G04-260204-124833-531.bmp,G04,2026-02-04T12:48:33,2026-02-04,G04_2026-02-04,531,test,normal,,1025,1281,1,f36049f3e1d2bddd284fa2b8b0a391e5908e1eb6cb51f1beb56d32cc74cc11d1,,
1.0,G04-260204-124856-532,G04-260204-124856-532.bmp,G04,2026-02-04T12:48:56,2026-02-04,G04_2026-02-04,532,test,normal,,1025,1281,1,b4623bdada0a99d8f63f20e46db783fa5014164cf42da2c1cce12da68b8e6d26,,
1.0,G04-260204-124903-533,G04-260204-124903-533.bmp,G04,2026-02-04T12:49:03,2026-02-04,G04_2026-02-04,533,test,normal,,1025,1281,1,208b31ab773610692a1408a8529c757f663fc086915f14a8ee68290b24eb6be2,,
1.0,G04-260204-124926-534,G04-260204-124926-534.bmp,G04,2026-02-04T12:49:26,2026-02-04,G04_2026-02-04,534,test,normal,,1025,1281,1,2b67597277aad505126fe062126b859943b09a0233425a57ef3583886d5c9535,,
1.0,G04-260204-124933-535,G04-260204-124933-535.bmp,G04,2026-02-04T12:49:33,2026-02-04,G04_2026-02-04,535,test,normal,,1025,1281,1,dd90115cf2c74fd0625384e5d83fdca1c1cd225ea8e1338a9e89aae8705a1298,,
1.0,G04-260204-124956-536,G04-260204-124956-536.bmp,G04,2026-02-04T12:49:56,2026-02-04,G04_2026-02-04,536,test,normal,,1025,1281,1,a20de607e05015fe09ec5aca449f12970cea723491e368d52dc71b64fc6ed55c,,
1.0,G04-260204-125002-537,G04-260204-125002-537.bmp,G04,2026-02-04T12:50:02,2026-02-04,G04_2026-02-04,537,test,normal,,1025,1281,1,a74819e17199c6160b627ba37ae69dd898b7cfa4bb9beb15a2145da1fbcf142f,,
1.0,G04-260204-125026-538,G04-260204-125026-538.bmp,G04,2026-02-04T12:50:26,2026-02-04,G04_2026-02-04,538,test,normal,,1025,1281,1,d4b7d0813a08840a7d69730ab32c9663d9e0234cf69963aca9d786b7ae165b82,,
1.0,G04-260204-125032-539,G04-260204-125032-539.bmp,G04,2026-02-04T12:50:32,2026-02-04,G04_2026-02-04,539,test,normal,,1025,1281,1,2e9f59306d8208f2902f858a1fb869739457121dae8a66cfc50001cb144da981,,
1.0,G04-260204-125057-540,G04-260204-125057-540.bmp,G04,2026-02-04T12:50:57,2026-02-04,G04_2026-02-04,540,test,normal,,1025,1281,1,07183728eb4270cbb13ab4269aef390659483763710d7f9f91474a358d93e393,,
1.0,G04-260204-125104-541,G04-260204-125104-541.bmp,G04,2026-02-04T12:51:04,2026-02-04,G04_2026-02-04,541,test,normal,,1025,1281,1,822c780b1636f61b570e92cb771e2783d9630d356864072c8d642182b656424d,,
1.0,G04-260204-125128-542,G04-260204-125128-542.bmp,G04,2026-02-04T12:51:28,2026-02-04,G04_2026-02-04,542,test,normal,,1025,1281,1,e436860a9f1db3270e8ef40a065eb2906b88d20f8debe74823e88651e7478e45,,
1.0,G04-260204-125134-543,G04-260204-125134-543.bmp,G04,2026-02-04T12:51:34,2026-02-04,G04_2026-02-04,543,test,normal,,1025,1281,1,fdc0eaaf83ad1e0ddcd8a25c8ee62c07f6e8913c982f09af85d4578300391f51,,
1.0,G04-260204-125156-544,G04-260204-125156-544.bmp,G04,2026-02-04T12:51:56,2026-02-04,G04_2026-02-04,544,test,normal,,1025,1281,1,ce21c385f1a3c727fa3f2ac12f2b964926e4472712bbdce69ed20755fc037635,,
1.0,G04-260204-125203-545,G04-260204-125203-545.bmp,G04,2026-02-04T12:52:03,2026-02-04,G04_2026-02-04,545,test,normal,,1025,1281,1,82ef33edd2d094f49fcb74bffad4852ad2ad9d0dfaa4969c2c0d2343b75d0277,,
1.0,G04-260204-125229-546,G04-260204-125229-546.bmp,G04,2026-02-04T12:52:29,2026-02-04,G04_2026-02-04,546,test,normal,,1025,1281,1,f0ed66a0caf649abda323174759eb73e16da974d054080ed4997ad3ef8b2705e,,
1.0,G04-260204-125235-547,G04-260204-125235-547.bmp,G04,2026-02-04T12:52:35,2026-02-04,G04_2026-02-04,547,test,normal,,1025,1281,1,5389a040ebad8d92ac816ce26861b1b8c5c6f57809cb6e2acb554f08297a4b48,,
1.0,G04-260204-125257-548,G04-260204-125257-548.bmp,G04,2026-02-04T12:52:57,2026-02-04,G04_2026-02-04,548,test,normal,,1025,1281,1,a6e45d3beafccaf2b9dcd5f4862f33d968edd386d3e4c9997ddf906e43ae665b,,
1.0,G04-260204-125305-549,G04-260204-125305-549.bmp,G04,2026-02-04T12:53:05,2026-02-04,G04_2026-02-04,549,test,normal,,1025,1281,1,044d6f1361a9e77a985e867aaf880bba5f679eb6f5087c0d24a6b425b7b36b4f,,
1.0,G04-260204-125328-550,G04-260204-125328-550.bmp,G04,2026-02-04T12:53:28,2026-02-04,G04_2026-02-04,550,test,normal,,1025,1281,1,f426261b7a569709e8bcd3d05898edd7407165dcb0a0a6d53f8090cb26bdc388,,
1.0,G04-260204-125335-551,G04-260204-125335-551.bmp,G04,2026-02-04T12:53:35,2026-02-04,G04_2026-02-04,551,test,normal,,1025,1281,1,67871bfbafb5722e2c825ab4c430e44629491f82efcc0bf95858ccd57519f559,,
1.0,G04-260204-125359-552,G04-260204-125359-552.bmp,G04,2026-02-04T12:53:59,2026-02-04,G04_2026-02-04,552,test,normal,,1025,1281,1,c97f6fa736e5aca67f640c62a1e524e0ed15ae85d674905adee90b2abf7178c9,,
1.0,G04-260204-125406-553,G04-260204-125406-553.bmp,G04,2026-02-04T12:54:06,2026-02-04,G04_2026-02-04,553,test,normal,,1025,1281,1,2e0f57abf1be8ee6bd881e96b024b3a8fddebf5fd19f39c51b0c9ee5d39a816b,,
1.0,G04-260204-125428-554,G04-260204-125428-554.bmp,G04,2026-02-04T12:54:28,2026-02-04,G04_2026-02-04,554,test,normal,,1025,1281,1,eac5b17872b6493702a7f2b2fcb1baae502f5adfd7b0d52a3b4fd74990ac0895,,
1.0,G04-260204-125435-555,G04-260204-125435-555.bmp,G04,2026-02-04T12:54:35,2026-02-04,G04_2026-02-04,555,test,normal,,1025,1281,1,f0212a6e0c8cbedacec2d39d49a3da24ba23e2064b2a01dc5f04c6260d3e013a,,
1.0,G04-260204-125458-556,G04-260204-125458-556.bmp,G04,2026-02-04T12:54:58,2026-02-04,G04_2026-02-04,556,test,normal,,1025,1281,1,e9ce06bea99349bed4284831e4659ab33a00dfd4c167f6bf1a04f35f977fb464,,
1.0,G04-260204-125504-557,G04-260204-125504-557.bmp,G04,2026-02-04T12:55:04,2026-02-04,G04_2026-02-04,557,test,normal,,1025,1281,1,46f5914b0e348a05f3333e311f77e63d396f3d3c3d8401628b7387708247323e,,
1.0,G04-260204-125528-558,G04-260204-125528-558.bmp,G04,2026-02-04T12:55:28,2026-02-04,G04_2026-02-04,558,test,normal,,1025,1281,1,e766e9cb155fb575d46ac9c52215227e0f201716ccc3573eb82e55f7b399959c,,
1.0,G04-260204-125535-559,G04-260204-125535-559.bmp,G04,2026-02-04T12:55:35,2026-02-04,G04_2026-02-04,559,test,normal,,1025,1281,1,4574c3f467cf14808221692e74f5a2e98930f5bca49a42f8079a8b93d195debe,,
1.0,G04-260204-125558-560,G04-260204-125558-560.bmp,G04,2026-02-04T12:55:58,2026-02-04,G04_2026-02-04,560,test,normal,,1025,1281,1,43ce7b86fd4bdc5ed75c4c6a053b498d0e21c5ace2bb1ed5c237a2deb1a1e648,,
1.0,G04-260204-125605-561,G04-260204-125605-561.bmp,G04,2026-02-04T12:56:05,2026-02-04,G04_2026-02-04,561,test,normal,,1025,1281,1,84d100dfcff6147c0bc132990de60083e413724a2cec3b0076516648ca94c9ac,,
1.0,G04-260204-125628-562,G04-260204-125628-562.bmp,G04,2026-02-04T12:56:28,2026-02-04,G04_2026-02-04,562,test,normal,,1025,1281,1,5b06f29d9387d4e431d006276066c23bfe3d85c0149c3becb3d3480fec75eea3,,
1.0,G04-260204-125635-563,G04-260204-125635-563.bmp,G04,2026-02-04T12:56:35,2026-02-04,G04_2026-02-04,563,test,normal,,1025,1281,1,14a04f2a631c360ad23ed1cf693650ee9edd9b1e71551051d11738c8769908b6,,
1.0,G04-260204-125658-564,G04-260204-125658-564.bmp,G04,2026-02-04T12:56:58,2026-02-04,G04_2026-02-04,564,test,normal,,1025,1281,1,b84ad4885b93f537ea05d536ffff088488a517eeaeb8c807471195bbb8c7cfcf,,
1.0,G04-260204-125704-565,G04-260204-125704-565.bmp,G04,2026-02-04T12:57:04,2026-02-04,G04_2026-02-04,565,test,normal,,1025,1281,1,cf4eb61ba8eb680e7c4ac756309cb4175b391f985fc5a451c3898a4ac1a17dd7,,
1.0,G04-260204-125729-566,G04-260204-125729-566.bmp,G04,2026-02-04T12:57:29,2026-02-04,G04_2026-02-04,566,test,normal,,1025,1281,1,a995b45da9468bd0dfeefdb5c1088ec97b9c1ed8f3c9369c122cda9c91d5d4d7,,
1.0,G04-260204-125736-567,G04-260204-125736-567.bmp,G04,2026-02-04T12:57:36,2026-02-04,G04_2026-02-04,567,test,normal,,1025,1281,1,fa5b683d48e5ad4af8222b8cddf7baf443696e234d7633a9385c9a8cc2c5fca8,,
1.0,G04-260204-125759-568,G04-260204-125759-568.bmp,G04,2026-02-04T12:57:59,2026-02-04,G04_2026-02-04,568,test,normal,,1025,1281,1,8fa34c6d2c237463461730ac67b02d0b22467ecb7462ec2e2698a6553b5a1602,,
1.0,G04-260204-125806-569,G04-260204-125806-569.bmp,G04,2026-02-04T12:58:06,2026-02-04,G04_2026-02-04,569,test,normal,,1025,1281,1,297336ccc4fc92a2bae00dcd92b171a926e53fa91e611980933213f5d20f8d88,,
1.0,G04-260204-125830-570,G04-260204-125830-570.bmp,G04,2026-02-04T12:58:30,2026-02-04,G04_2026-02-04,570,test,normal,,1025,1281,1,35a2c5e7810342b0b296c564b65e32123bb186eff7551eb5cac3002f42c63093,,
1.0,G04-260204-125838-571,G04-260204-125838-571.bmp,G04,2026-02-04T12:58:38,2026-02-04,G04_2026-02-04,571,test,normal,,1025,1281,1,09067bb5c777a252c0ee4ff4d418a01a99396ee4abd83a5a92ee45a5bbc67f92,,
1.0,G04-260204-125900-572,G04-260204-125900-572.bmp,G04,2026-02-04T12:59:00,2026-02-04,G04_2026-02-04,572,test,normal,,1025,1281,1,5fe6cfcae66005cff1d660f3f507ab83afd29b9cd11754812a4d62184734828b,,
1.0,G04-260204-125906-573,G04-260204-125906-573.bmp,G04,2026-02-04T12:59:06,2026-02-04,G04_2026-02-04,573,test,normal,,1025,1281,1,e6486d033125708323c0a8ff08928c8a798b51b2a0e8c7e79db4de32c465183e,,
1.0,G04-260204-125931-574,G04-260204-125931-574.bmp,G04,2026-02-04T12:59:31,2026-02-04,G04_2026-02-04,574,test,normal,,1025,1281,1,507aa37f54fbf619499ed3aa81a99cf944c1faa987538aedcd2179407a552d5a,,
1.0,G04-260204-125937-575,G04-260204-125937-575.bmp,G04,2026-02-04T12:59:37,2026-02-04,G04_2026-02-04,575,test,normal,,1025,1281,1,a2589e24d7dd22d21d7e197b373f374cf4924b2b7e1ff05defb9ca89870138e3,,
1.0,G04-260204-125959-576,G04-260204-125959-576.bmp,G04,2026-02-04T12:59:59,2026-02-04,G04_2026-02-04,576,test,normal,,1025,1281,1,9b5cd2b85acfce962fe88bdddaaff7952e63dc4af3ff826f066599c09df06c24,,
1.0,G04-260204-130006-577,G04-260204-130006-577.bmp,G04,2026-02-04T13:00:06,2026-02-04,G04_2026-02-04,577,test,normal,,1025,1281,1,58b0b5a813b0d0a7e365112bf0f08c0f141ac8c9e09d17e3b16dfd108022be2c,,
1.0,G04-260204-130029-578,G04-260204-130029-578.bmp,G04,2026-02-04T13:00:29,2026-02-04,G04_2026-02-04,578,test,normal,,1025,1281,1,539b48ed320b79b1d5136fad978ac0f54eb02e74b0f0a17e5b83be82061f9999,,
1.0,G04-260204-130038-579,G04-260204-130038-579.bmp,G04,2026-02-04T13:00:38,2026-02-04,G04_2026-02-04,579,test,normal,,1025,1281,1,504b2e4dc346fbbd0fee5e667e7b07c75ee9f09ef4dce467d9053cb0e16c2fb4,,
1.0,G04-260204-130058-580,G04-260204-130058-580.bmp,G04,2026-02-04T13:00:58,2026-02-04,G04_2026-02-04,580,test,normal,,1025,1281,1,29a6ef67905b3eead0e3577ccc2cddaa66c4044f5eb1a1454000ac43d9d6d135,,
1.0,G04-260204-130105-581,G04-260204-130105-581.bmp,G04,2026-02-04T13:01:05,2026-02-04,G04_2026-02-04,581,test,normal,,1025,1281,1,2d12c33865f00657773f89f305581ff8bfb0ab027b4da0462ad5d550616cd235,,
1.0,G04-260204-130129-582,G04-260204-130129-582.bmp,G04,2026-02-04T13:01:29,2026-02-04,G04_2026-02-04,582,test,normal,,1025,1281,1,c5f5d0a76bdf684e56bd6e8cd5513bba17aa230beb20a8d4d874f669f6991165,,
1.0,G04-260204-130136-583,G04-260204-130136-583.bmp,G04,2026-02-04T13:01:36,2026-02-04,G04_2026-02-04,583,test,normal,,1025,1281,1,1b20e8ae2435c6d2f4024aa14f6ab4a667c2e1fc082583b8c3feaba41ac5b2c5,,
1.0,G04-260204-130159-584,G04-260204-130159-584.bmp,G04,2026-02-04T13:01:59,2026-02-04,G04_2026-02-04,584,test,normal,,1025,1281,1,117f518dafcc4f06c5e42868344e4dc1859514946448306700e8d2c020fdb585,,
1.0,G04-260204-130207-585,G04-260204-130207-585.bmp,G04,2026-02-04T13:02:07,2026-02-04,G04_2026-02-04,585,test,normal,,1025,1281,1,340d09959a707c457b384b5b12577ce5cd0c3e0a7aa21a11e029221686505448,,
1.0,G04-260204-130230-586,G04-260204-130230-586.bmp,G04,2026-02-04T13:02:30,2026-02-04,G04_2026-02-04,586,test,normal,,1025,1281,1,8116bed69fe94d64a6db28350b18dfc1e53b46eddaf86a1a85a02b78854528b9,,
1.0,G04-260204-130237-587,G04-260204-130237-587.bmp,G04,2026-02-04T13:02:37,2026-02-04,G04_2026-02-04,587,test,normal,,1025,1281,1,f233007375776fe829bf62d062b014d61c423758d7ff7a2fc1c960adbf2bbb24,,
1.0,G04-260204-130301-588,G04-260204-130301-588.bmp,G04,2026-02-04T13:03:01,2026-02-04,G04_2026-02-04,588,test,normal,,1025,1281,1,b7698d4981e5b5291586f4533f19d0064a34ea5d1074ac64e2e81d98c945a99f,,
1.0,G04-260204-130308-589,G04-260204-130308-589.bmp,G04,2026-02-04T13:03:08,2026-02-04,G04_2026-02-04,589,test,normal,,1025,1281,1,e63752aef2b4db2fdf43e6634410ce003d6df1a34138ef739145c1bba8b61a4a,,
1.0,G04-260204-130330-590,G04-260204-130330-590.bmp,G04,2026-02-04T13:03:30,2026-02-04,G04_2026-02-04,590,test,normal,,1025,1281,1,01ae679046cee3478f2aa34ee8937c76f115185c76aebdb39d307617626f2d25,,
1.0,G04-260204-130337-591,G04-260204-130337-591.bmp,G04,2026-02-04T13:03:37,2026-02-04,G04_2026-02-04,591,test,normal,,1025,1281,1,d3cb3ba0121f47700efac798cfba6a3f99c3a53831d8a72f887962ecfac23fe8,,
1.0,G04-260204-130400-592,G04-260204-130400-592.bmp,G04,2026-02-04T13:04:00,2026-02-04,G04_2026-02-04,592,test,normal,,1025,1281,1,7590f4777ca9477d2b977702d6827af648118a7556a2efb588f058ec0e99696a,,
1.0,G04-260204-130407-593,G04-260204-130407-593.bmp,G04,2026-02-04T13:04:07,2026-02-04,G04_2026-02-04,593,test,normal,,1025,1281,1,7a32606be56890b1af47b16745268b17f6d2cb4484823f9e54e29b6e62ac2307,,
1.0,G04-260204-130430-594,G04-260204-130430-594.bmp,G04,2026-02-04T13:04:30,2026-02-04,G04_2026-02-04,594,test,normal,,1025,1281,1,7c2cf20f780614b290977aceec86fe7fae8f03eba1fffff26e97442a9f76ce4f,,
1.0,G04-260204-130437-595,G04-260204-130437-595.bmp,G04,2026-02-04T13:04:37,2026-02-04,G04_2026-02-04,595,test,normal,,1025,1281,1,562e26e96b71d5a802a46e69bb19153dab392564aaa1ed69bb44d84ed17413c8,,
1.0,G04-260204-130501-596,G04-260204-130501-596.bmp,G04,2026-02-04T13:05:01,2026-02-04,G04_2026-02-04,596,test,normal,,1025,1281,1,3b075deb8b2de885f46b4c16351f5a662d122919b12a5843fad75c9cbf890ff2,,
1.0,G04-260204-130508-597,G04-260204-130508-597.bmp,G04,2026-02-04T13:05:08,2026-02-04,G04_2026-02-04,597,test,normal,,1025,1281,1,c30fa2032737238930257ca6560b83153d6373d8026596430ea77f185d7f505d,,
1.0,G04-260204-130530-598,G04-260204-130530-598.bmp,G04,2026-02-04T13:05:30,2026-02-04,G04_2026-02-04,598,test,normal,,1025,1281,1,5bd4af16bb227b4c993a87dc42e6787ca351781610f53eb5a964c9044cb22664,,
1.0,G04-260204-130537-599,G04-260204-130537-599.bmp,G04,2026-02-04T13:05:37,2026-02-04,G04_2026-02-04,599,test,normal,,1025,1281,1,44d5a5eebe542a42a217d595040213e1c073efedcf59b3fe9347628823052fff,,
1.0,G04-260204-130601-600,G04-260204-130601-600.bmp,G04,2026-02-04T13:06:01,2026-02-04,G04_2026-02-04,600,test,normal,,1025,1281,1,ade0d93c4129016c52c6bce4c20ce6ed8d07d45b1b1adca9c3cf85aeeb453cd8,,
1.0,G04-260204-130608-601,G04-260204-130608-601.bmp,G04,2026-02-04T13:06:08,2026-02-04,G04_2026-02-04,601,test,normal,,1025,1281,1,e36507c539e70de45313901eaf4c26f9c08eb62ab65d2cadf45078e76f8b28fe,,
1.0,G04-260204-130631-602,G04-260204-130631-602.bmp,G04,2026-02-04T13:06:31,2026-02-04,G04_2026-02-04,602,test,normal,,1025,1281,1,7dd211a9eca50f4fccaa94875677bd336ad432f5ecc5bede2ebfc074b7804686,,
1.0,G04-260204-130638-603,G04-260204-130638-603.bmp,G04,2026-02-04T13:06:38,2026-02-04,G04_2026-02-04,603,test,normal,,1025,1281,1,d0cffd114abcc42116e66c41daaef0217741c1d3030e152f214964f697f7b9b0,,
1.0,G04-260204-130701-604,G04-260204-130701-604.bmp,G04,2026-02-04T13:07:01,2026-02-04,G04_2026-02-04,604,test,normal,,1025,1281,1,91619db4485b4bc6bc47bd46a096f424b0fbdba6b0a6b28a07e37f2030c4d7bb,,
1.0,G04-260204-130708-605,G04-260204-130708-605.bmp,G04,2026-02-04T13:07:08,2026-02-04,G04_2026-02-04,605,test,normal,,1025,1281,1,7a741f2dd14b7666283853dfb3f96c4b7acb9f57a2a006e5119538e98fc2fcb7,,
1.0,G04-260204-130731-606,G04-260204-130731-606.bmp,G04,2026-02-04T13:07:31,2026-02-04,G04_2026-02-04,606,test,normal,,1025,1281,1,34582ab9235b53efaede6cb9e7cde5451dfbeb2cbf1ffce1b54de6292d3dfb41,,
1.0,G04-260204-130738-607,G04-260204-130738-607.bmp,G04,2026-02-04T13:07:38,2026-02-04,G04_2026-02-04,607,test,normal,,1025,1281,1,7f4148d3f665f5a6f7196aa446d29da39f9cf8ab77d763e989e74c895124ac90,,
1.0,G04-260204-130801-608,G04-260204-130801-608.bmp,G04,2026-02-04T13:08:01,2026-02-04,G04_2026-02-04,608,test,normal,,1025,1281,1,1f02c51321404fb879df053a502f68058db2e2d925f790818df01a7a25ea6f5b,,
1.0,G04-260204-130808-609,G04-260204-130808-609.bmp,G04,2026-02-04T13:08:08,2026-02-04,G04_2026-02-04,609,test,normal,,1025,1281,1,1d67f22ddc9d467330ca5c819d8b66177b912a1a0d9034ef8521e1d8a8a78f17,,
1.0,G04-260204-130831-610,G04-260204-130831-610.bmp,G04,2026-02-04T13:08:31,2026-02-04,G04_2026-02-04,610,test,normal,,1025,1281,1,0be82fcf7408c8750d8fa73d3f19806427a5987632f8aead040b304d545a94ab,,
1.0,G04-260204-130838-611,G04-260204-130838-611.bmp,G04,2026-02-04T13:08:38,2026-02-04,G04_2026-02-04,611,test,normal,,1025,1281,1,419dfddbcd63e70e8e5ac6fae69653334571bf53a72fbd8697352d80a35d37c1,,
1.0,G04-260204-130902-612,G04-260204-130902-612.bmp,G04,2026-02-04T13:09:02,2026-02-04,G04_2026-02-04,612,test,normal,,1025,1281,1,5b45468a1bb9e40cc8a50f9be09fa994d4e4794020f36ca1b3781bca8854c004,,
1.0,G04-260204-130909-613,G04-260204-130909-613.bmp,G04,2026-02-04T13:09:09,2026-02-04,G04_2026-02-04,613,test,normal,,1025,1281,1,2390e71e48190f02b8adc280c32e26bcd5dacbb04c3935b2d9d0bd98d4b880a6,,
1.0,G04-260204-130932-614,G04-260204-130932-614.bmp,G04,2026-02-04T13:09:32,2026-02-04,G04_2026-02-04,614,test,normal,,1025,1281,1,db266b8d197263484287623738dabb6289071a81929fd61019e0eaf3f3a1f5d4,,
1.0,G04-260204-130939-615,G04-260204-130939-615.bmp,G04,2026-02-04T13:09:39,2026-02-04,G04_2026-02-04,615,test,normal,,1025,1281,1,2ca67295f7287cbf83907f714b374bba75d145d9c1f088c968d1c849889f6a6a,,
1.0,G04-260204-131002-616,G04-260204-131002-616.bmp,G04,2026-02-04T13:10:02,2026-02-04,G04_2026-02-04,616,test,normal,,1025,1281,1,16f29bca31690f8da8a3d6fad854325b5b26e677435d393a4d8e39fb60ba851b,,
1.0,G04-260204-131009-617,G04-260204-131009-617.bmp,G04,2026-02-04T13:10:09,2026-02-04,G04_2026-02-04,617,test,normal,,1025,1281,1,28cd6f8fd6f38da45dba555c1cf138af8a54ce7f1e7d5ba67d41416a74a2fa21,,
1.0,G04-260204-131034-618,G04-260204-131034-618.bmp,G04,2026-02-04T13:10:34,2026-02-04,G04_2026-02-04,618,test,normal,,1025,1281,1,eb0aac423fe6bc868af4cef79e234860df73143dfb327195fa8fcf5d2f163dd1,,
1.0,G04-260204-131040-619,G04-260204-131040-619.bmp,G04,2026-02-04T13:10:40,2026-02-04,G04_2026-02-04,619,test,normal,,1025,1281,1,7d15fbb8edc67db1f0f282e2542bcdadee45f8eaa9aa8998c0145b7906ceacad,,
1.0,G04-260204-131103-620,G04-260204-131103-620.bmp,G04,2026-02-04T13:11:03,2026-02-04,G04_2026-02-04,620,test,normal,,1025,1281,1,afbcf48c6dc397ac8c2811ae41282c912124b244605b6526845da04d8a22d12e,,
1.0,G04-260204-131111-621,G04-260204-131111-621.bmp,G04,2026-02-04T13:11:11,2026-02-04,G04_2026-02-04,621,test,normal,,1025,1281,1,83518b2474ca5f373b77936608527ec7e31cb855fad396bc32ea7fc19aa8480f,,
1.0,G04-260204-131133-622,G04-260204-131133-622.bmp,G04,2026-02-04T13:11:33,2026-02-04,G04_2026-02-04,622,test,normal,,1025,1281,1,81d03df201add87246c0d0d37e38c6ec6134addfa330de1f820911e69c92a035,,
1.0,G04-260204-131139-623,G04-260204-131139-623.bmp,G04,2026-02-04T13:11:39,2026-02-04,G04_2026-02-04,623,test,normal,,1025,1281,1,0c8a9cacb50d34f7bca7bb3943cdb259bfcdd144bdaef888bf74f2d6b5420250,,
1.0,G04-260204-131203-624,G04-260204-131203-624.bmp,G04,2026-02-04T13:12:03,2026-02-04,G04_2026-02-04,624,test,normal,,1025,1281,1,a425ef49a32114b7703cd4868746fddd4f5dfd8f25d66efcdcf801c6f90e7bcc,,
1.0,G04-260204-131209-625,G04-260204-131209-625.bmp,G04,2026-02-04T13:12:09,2026-02-04,G04_2026-02-04,625,test,normal,,1025,1281,1,fb8af6175593b76bd29ed0e32b09be091938b57c9952bd9bc4e62e928b645418,,
1.0,G04-260204-131232-626,G04-260204-131232-626.bmp,G04,2026-02-04T13:12:32,2026-02-04,G04_2026-02-04,626,test,normal,,1025,1281,1,de7c3d9a0207238bb2cfebdc060c75576a927d347a9c99031eb34c677da30599,,
1.0,G04-260204-131240-627,G04-260204-131240-627.bmp,G04,2026-02-04T13:12:40,2026-02-04,G04_2026-02-04,627,test,normal,,1025,1281,1,9a49f8aea8a607683f9956602e397971253f49ea3419fd0a54df552bb983f4e3,,
1.0,G04-260204-131303-628,G04-260204-131303-628.bmp,G04,2026-02-04T13:13:03,2026-02-04,G04_2026-02-04,628,test,normal,,1025,1281,1,6cff431cb9155fbac3f3c4a1c5f18403f4710231d0edc375d0943565f7d56f1c,,
1.0,G04-260204-131310-629,G04-260204-131310-629.bmp,G04,2026-02-04T13:13:10,2026-02-04,G04_2026-02-04,629,test,normal,,1025,1281,1,eedcafca88c1121c663a29ae937103e44c3650e3447d89b2a11f284f14e18eec,,
1.0,G04-260204-131332-630,G04-260204-131332-630.bmp,G04,2026-02-04T13:13:32,2026-02-04,G04_2026-02-04,630,test,normal,,1025,1281,1,273ab0afd96878431c5332e2d065a432ca63318d07205fc15b838d4b0c906cc8,,
1.0,G04-260204-131339-631,G04-260204-131339-631.bmp,G04,2026-02-04T13:13:39,2026-02-04,G04_2026-02-04,631,test,normal,,1025,1281,1,78c329f84df1ee910e2299485ed585f5617854cb55fda396c18a36333e22db96,,
1.0,G04-260204-131403-632,G04-260204-131403-632.bmp,G04,2026-02-04T13:14:03,2026-02-04,G04_2026-02-04,632,test,normal,,1025,1281,1,357ed8e2cb77bb3a9532f82e66062f324c2b8917a208a7d7969ec439417b88dc,,
1.0,G04-260204-131411-633,G04-260204-131411-633.bmp,G04,2026-02-04T13:14:11,2026-02-04,G04_2026-02-04,633,test,normal,,1025,1281,1,0a84e3cc69861e773ac9bd3434cb71288bf5380f9dab2a0ed6809e46a45d8ed7,,
1.0,G04-260204-131434-634,G04-260204-131434-634.bmp,G04,2026-02-04T13:14:34,2026-02-04,G04_2026-02-04,634,test,normal,,1025,1281,1,06957bb6d52feaebefe7104ecf1692800dab14c8c1debef7c3b4c1251e91c863,,
1.0,G04-260204-131442-635,G04-260204-131442-635.bmp,G04,2026-02-04T13:14:42,2026-02-04,G04_2026-02-04,635,test,normal,,1025,1281,1,755f3fdb6fe53ba733c21fd973bf54c8fc869481097b1e4f6ea15ad72a7df132,,
1.0,G04-260204-131502-636,G04-260204-131502-636.bmp,G04,2026-02-04T13:15:02,2026-02-04,G04_2026-02-04,636,test,normal,,1025,1281,1,64f4a557091596ff5102a29df4dc8c365a8b21be78d6339aa9943bb082aef27d,,
1.0,G04-260204-131509-637,G04-260204-131509-637.bmp,G04,2026-02-04T13:15:09,2026-02-04,G04_2026-02-04,637,test,normal,,1025,1281,1,9052387ac6d281fc1eba91bf9aec19857a90b52485c9bc1a597f74f9f7e8e402,,
1.0,G04-260204-131533-638,G04-260204-131533-638.bmp,G04,2026-02-04T13:15:33,2026-02-04,G04_2026-02-04,638,test,normal,,1025,1281,1,75bc83a903fa6ac59888acdc5a91d5cecf79e8375570fb835fe398d7123a0b90,,
1.0,G04-260204-131540-639,G04-260204-131540-639.bmp,G04,2026-02-04T13:15:40,2026-02-04,G04_2026-02-04,639,test,normal,,1025,1281,1,b55ecec3a48cbd5754bec26af8c41a7f0fcd8920293b6d94e2e72a50e101844a,,
1.0,G04-260204-131604-640,G04-260204-131604-640.bmp,G04,2026-02-04T13:16:04,2026-02-04,G04_2026-02-04,640,test,normal,,1025,1281,1,40567996c558be29f04df23549b1ba85068c3179f59ad9fa829efef6f19f5dd5,,
1.0,G04-260204-131612-641,G04-260204-131612-641.bmp,G04,2026-02-04T13:16:12,2026-02-04,G04_2026-02-04,641,test,normal,,1025,1281,1,9dab5100328c8a28bca6af6f8df80bc0b2576cb0826740ac6169f28a571d3c1a,,
1.0,G04-260204-131635-642,G04-260204-131635-642.bmp,G04,2026-02-04T13:16:35,2026-02-04,G04_2026-02-04,642,test,normal,,1025,1281,1,df9bd1383ab857a18bcac7239974ce4965969dcf8941f4102943233916ab11ec,,
1.0,G04-260204-131642-643,G04-260204-131642-643.bmp,G04,2026-02-04T13:16:42,2026-02-04,G04_2026-02-04,643,test,normal,,1025,1281,1,5cc3c6257d6153d31c5786881dfdb627cc3aa3862a38c6622b74cac77509fba3,,
1.0,G04-260204-131706-644,G04-260204-131706-644.bmp,G04,2026-02-04T13:17:06,2026-02-04,G04_2026-02-04,644,test,normal,,1025,1281,1,72b7b9e6506affe04716f77c024d4257a55bf1f21617ebc860f3339ff5cc3170,,
1.0,G04-260204-131712-645,G04-260204-131712-645.bmp,G04,2026-02-04T13:17:12,2026-02-04,G04_2026-02-04,645,test,normal,,1025,1281,1,356da539d5cf40be9455521deab98ca7955fb41ed22a3c71bd80a9c93f0a97c5,,
1.0,G04-260204-131734-646,G04-260204-131734-646.bmp,G04,2026-02-04T13:17:34,2026-02-04,G04_2026-02-04,646,test,normal,,1025,1281,1,21ab6766eff6631935058a3e5bdee915ad0c4d72ed06ccbc708a08dccf4529e4,,
1.0,G04-260204-131741-647,G04-260204-131741-647.bmp,G04,2026-02-04T13:17:41,2026-02-04,G04_2026-02-04,647,test,normal,,1025,1281,1,3342f2dc1a534274cd72ded149a5a07d2dbdb36493bc83f9510a7be9eb129ea2,,
1.0,G04-260204-131803-648,G04-260204-131803-648.bmp,G04,2026-02-04T13:18:03,2026-02-04,G04_2026-02-04,648,test,normal,,1025,1281,1,901f83f88edb6411518e533a896a1e9a0aeedb79c862c01cfd322f6fa7ac19f5,,
1.0,G04-260204-131810-649,G04-260204-131810-649.bmp,G04,2026-02-04T13:18:10,2026-02-04,G04_2026-02-04,649,test,normal,,1025,1281,1,19a5cabe470e5e7bb20586f06dc5fcb307e779bc780f1c8aa9b27af3b5b1c60a,,
1.0,G04-260204-131833-650,G04-260204-131833-650.bmp,G04,2026-02-04T13:18:33,2026-02-04,G04_2026-02-04,650,test,normal,,1025,1281,1,388763afcafdda60ebccc9b2d75d1f9616c60272e8cdcc4060e347dc3e809254,,
1.0,G04-260204-131840-651,G04-260204-131840-651.bmp,G04,2026-02-04T13:18:40,2026-02-04,G04_2026-02-04,651,test,normal,,1025,1281,1,4bf6c197d44ff244b3551d43493dea9faf34d12b72febdf183494696f500d7af,,
1.0,G04-260204-131904-652,G04-260204-131904-652.bmp,G04,2026-02-04T13:19:04,2026-02-04,G04_2026-02-04,652,test,normal,,1025,1281,1,ec94f24c47e3ab51e1b1efcbbc6f897d79a583e65efa4666074e6df2dee02bf2,,
1.0,G04-260204-131911-653,G04-260204-131911-653.bmp,G04,2026-02-04T13:19:11,2026-02-04,G04_2026-02-04,653,test,normal,,1025,1281,1,adcd7b98c8c1146cb954a9f4e875946d93219db74c2f9a11238bedea1977b8f6,,
1.0,G04-260204-131934-654,G04-260204-131934-654.bmp,G04,2026-02-04T13:19:34,2026-02-04,G04_2026-02-04,654,test,normal,,1025,1281,1,37d334917ffde62b6337339f23feca40bc67d89db360311985b579378329dbcb,,
1.0,G04-260204-131941-655,G04-260204-131941-655.bmp,G04,2026-02-04T13:19:41,2026-02-04,G04_2026-02-04,655,test,normal,,1025,1281,1,02581b95cd778927e4637f6ae76f3fc24bdb800ab74abfd700ec309832ecd633,,
1.0,G04-260204-132006-656,G04-260204-132006-656.bmp,G04,2026-02-04T13:20:06,2026-02-04,G04_2026-02-04,656,test,normal,,1025,1281,1,a80bec1100704e7efeb493de5dcbdf7599f875009734f6008c0c1f993daf5cc1,,
1.0,G04-260204-132013-657,G04-260204-132013-657.bmp,G04,2026-02-04T13:20:13,2026-02-04,G04_2026-02-04,657,test,normal,,1025,1281,1,aaaf5e6574d7e736382cc956c9c300d4153891f8bfa64aeab5eae20aba80a691,,
1.0,G04-260204-132035-658,G04-260204-132035-658.bmp,G04,2026-02-04T13:20:35,2026-02-04,G04_2026-02-04,658,test,normal,,1025,1281,1,112313811f4e7f0cb9674ea03e35f432edc23d5d39377dd0306347d55e224fad,,
1.0,G04-260204-132043-659,G04-260204-132043-659.bmp,G04,2026-02-04T13:20:43,2026-02-04,G04_2026-02-04,659,test,normal,,1025,1281,1,1c70e7e472ed6bef80094e61f2fb3c21ac73b6550abff51cc2d575b0e2866011,,
1.0,G04-260204-132105-660,G04-260204-132105-660.bmp,G04,2026-02-04T13:21:05,2026-02-04,G04_2026-02-04,660,test,normal,,1025,1281,1,a63ee893432160504fc5fd80366ca2cb9b9f937b55a757985773e1f291d8f1d7,,
1.0,G04-260204-132112-661,G04-260204-132112-661.bmp,G04,2026-02-04T13:21:12,2026-02-04,G04_2026-02-04,661,test,normal,,1025,1281,1,bc7c9464aa04b02fefba5eca68d9d44736257eacd0730813d62fa028091812af,,
1.0,G04-260204-132135-662,G04-260204-132135-662.bmp,G04,2026-02-04T13:21:35,2026-02-04,G04_2026-02-04,662,test,normal,,1025,1281,1,303c0130f9eda496950c8c8f92ba73438d43100e653a787c453706b8c531ebe0,,
1.0,G04-260204-132142-663,G04-260204-132142-663.bmp,G04,2026-02-04T13:21:42,2026-02-04,G04_2026-02-04,663,test,normal,,1025,1281,1,009187ac257c9c6ced11297a6a67789f1548d705972e049370d14f59d62d5606,,
1.0,G04-260204-132206-664,G04-260204-132206-664.bmp,G04,2026-02-04T13:22:06,2026-02-04,G04_2026-02-04,664,test,normal,,1025,1281,1,ec11d41d0e5f46ad3351757b8be57ce5b60a08410af2e5a47311541814ca694b,,
1.0,G04-260204-132213-665,G04-260204-132213-665.bmp,G04,2026-02-04T13:22:13,2026-02-04,G04_2026-02-04,665,test,normal,,1025,1281,1,83b0413626daa051a5357145af0ab7d1844fd4fd3aa47ec153d4c9a6d04b49d9,,
1.0,G04-260204-132235-666,G04-260204-132235-666.bmp,G04,2026-02-04T13:22:35,2026-02-04,G04_2026-02-04,666,test,normal,,1025,1281,1,bb96fb71015cc5d34a9a6822e5085c1112d407ee070cb036a55a60b9be13f3ef,,
1.0,G04-260204-132241-667,G04-260204-132241-667.bmp,G04,2026-02-04T13:22:41,2026-02-04,G04_2026-02-04,667,test,normal,,1025,1281,1,924212062ba0566590977d2fb70e0bf2e434548acfc70269d8863da9614b9d51,,
1.0,G04-260204-132306-668,G04-260204-132306-668.bmp,G04,2026-02-04T13:23:06,2026-02-04,G04_2026-02-04,668,test,normal,,1025,1281,1,ca4b5793d6eaccb514aecb7aea79f6e372fd498fcf780d11012b65ee1453e05c,,
1.0,G04-260204-132312-669,G04-260204-132312-669.bmp,G04,2026-02-04T13:23:12,2026-02-04,G04_2026-02-04,669,test,normal,,1025,1281,1,9c2308758cc49e55069d5fae37d77c7fc10a5ccbde203e55f0d34c037dc5489f,,
1.0,G04-260204-132336-670,G04-260204-132336-670.bmp,G04,2026-02-04T13:23:36,2026-02-04,G04_2026-02-04,670,test,normal,,1025,1281,1,e9052fa5e90af2b73c0f728c9dcf556f1df7596c25381d1f3fb49ade1bc85d64,,
1.0,G04-260204-132343-671,G04-260204-132343-671.bmp,G04,2026-02-04T13:23:43,2026-02-04,G04_2026-02-04,671,test,normal,,1025,1281,1,91dbc5dfa933eb7af581fc824941bd84c5ad9e740e49a3cd291d46a93c4f9571,,
1.0,G04-260204-132406-672,G04-260204-132406-672.bmp,G04,2026-02-04T13:24:06,2026-02-04,G04_2026-02-04,672,test,normal,,1025,1281,1,809040123b2bfa946b187570fefddad555aed2376b17d8b1e5220d7c3111a7a9,,
1.0,G04-260204-132414-673,G04-260204-132414-673.bmp,G04,2026-02-04T13:24:14,2026-02-04,G04_2026-02-04,673,test,normal,,1025,1281,1,5a12547e9a6c3ce41dde52bb228d32af16d5fc66d22db3f2469f962f4ed891b3,,
1.0,G04-260204-132436-674,G04-260204-132436-674.bmp,G04,2026-02-04T13:24:36,2026-02-04,G04_2026-02-04,674,test,normal,,1025,1281,1,67ddd517d2869d3bfac2cc9c0bcacc074f934e7b3ff5a22fefd27a0e3406a22d,,
1.0,G04-260204-132442-675,G04-260204-132442-675.bmp,G04,2026-02-04T13:24:42,2026-02-04,G04_2026-02-04,675,test,normal,,1025,1281,1,147bb10924eb079b61128ed050902a79000981be8506a906e6b5b615f9e32cc5,,
1.0,G04-260204-132506-676,G04-260204-132506-676.bmp,G04,2026-02-04T13:25:06,2026-02-04,G04_2026-02-04,676,test,normal,,1025,1281,1,77f1b9e11c1d0454c0c55e36b907920989acb8f4b8210930a59026796e52b620,,
1.0,G04-260204-132513-677,G04-260204-132513-677.bmp,G04,2026-02-04T13:25:13,2026-02-04,G04_2026-02-04,677,test,normal,,1025,1281,1,1e8359ee6ad25491cdcf1354d43724bbdf7d113a99f865a420fa10cf899783e0,,
1.0,G04-260204-132535-678,G04-260204-132535-678.bmp,G04,2026-02-04T13:25:35,2026-02-04,G04_2026-02-04,678,test,normal,,1025,1281,1,4d0239a7843d6e9b27504d516cd1e40ed17af22f2183808e17c9c4f625c4acde,,
1.0,G04-260204-132542-679,G04-260204-132542-679.bmp,G04,2026-02-04T13:25:42,2026-02-04,G04_2026-02-04,679,test,normal,,1025,1281,1,83ab4d330d18c248c9a55e4448386602a2e9dd97e974f9b96c79a450962bbc83,,
1.0,G04-260204-132607-680,G04-260204-132607-680.bmp,G04,2026-02-04T13:26:07,2026-02-04,G04_2026-02-04,680,test,normal,,1025,1281,1,19d9bdc0d0e22d474c5db9c794098ec38cf168f2a6c497a1bda210575beb0c5a,,
1.0,G04-260204-132615-681,G04-260204-132615-681.bmp,G04,2026-02-04T13:26:15,2026-02-04,G04_2026-02-04,681,test,normal,,1025,1281,1,b764f2731664b1917b3da811531a379b906833c15bdc466d0b27b4afd55c80b3,,
1.0,G04-260204-132635-682,G04-260204-132635-682.bmp,G04,2026-02-04T13:26:35,2026-02-04,G04_2026-02-04,682,test,normal,,1025,1281,1,0b3f09a0615c05fc09bdd7f1ebff15a7083591612a4e53fff2b7aa947495d539,,
1.0,G04-260204-132643-683,G04-260204-132643-683.bmp,G04,2026-02-04T13:26:43,2026-02-04,G04_2026-02-04,683,test,normal,,1025,1281,1,acff943c7a640be8d75de2b0efb6d0f4f400c5bf21c6aca377d67ada25fde2b4,,
1.0,G04-260204-132707-684,G04-260204-132707-684.bmp,G04,2026-02-04T13:27:07,2026-02-04,G04_2026-02-04,684,test,normal,,1025,1281,1,a46c77a932ca7ffe2c5c58867760aff521b87a11a8a303d41a007f0b3a4ca411,,
1.0,G04-260204-132714-685,G04-260204-132714-685.bmp,G04,2026-02-04T13:27:14,2026-02-04,G04_2026-02-04,685,test,normal,,1025,1281,1,29245a83c289756dccde3f9dafeefd4bcce91efe54a4cce8db16180453f6f1b1,,
1.0,G04-260204-132736-686,G04-260204-132736-686.bmp,G04,2026-02-04T13:27:36,2026-02-04,G04_2026-02-04,686,test,normal,,1025,1281,1,455ede7ff53f83d8595eb6dcc377c51eed8f8b1da1542f29fb505718130052e8,,
1.0,G04-260204-132744-687,G04-260204-132744-687.bmp,G04,2026-02-04T13:27:44,2026-02-04,G04_2026-02-04,687,test,normal,,1025,1281,1,b315402cf1859fc36ee41a6c4998bb68b376a54910fe6173c7083b46c2b58b40,,
1.0,G04-260204-132808-688,G04-260204-132808-688.bmp,G04,2026-02-04T13:28:08,2026-02-04,G04_2026-02-04,688,test,normal,,1025,1281,1,6e4195a7b88678ca3da1c0dce254a6dfd5a138cd3dc754a1a0f3355639ba2e4d,,
1.0,G04-260204-132814-689,G04-260204-132814-689.bmp,G04,2026-02-04T13:28:14,2026-02-04,G04_2026-02-04,689,test,normal,,1025,1281,1,ebff336c084bda9dcb366989f3976c8e51550747152b5c8702e4e9deefe07bcf,,
1.0,G04-260204-132837-690,G04-260204-132837-690.bmp,G04,2026-02-04T13:28:37,2026-02-04,G04_2026-02-04,690,test,normal,,1025,1281,1,fa9217fafa92bb5ff8a7b523b2caa115c6896cc545be0c98fea3a1c689980534,,
1.0,G04-260204-132845-691,G04-260204-132845-691.bmp,G04,2026-02-04T13:28:45,2026-02-04,G04_2026-02-04,691,test,normal,,1025,1281,1,525967ba7bba7c9d005cbfe7590687447ec51351d713343eb9f4621a35fa8eb7,,
1.0,G04-260204-132906-692,G04-260204-132906-692.bmp,G04,2026-02-04T13:29:06,2026-02-04,G04_2026-02-04,692,test,normal,,1025,1281,1,eb80f72c7ea125cdb6658dd5e1a9eb44e9e659d7bc222b5d2a6efa8e7455ef27,,
1.0,G04-260204-132913-693,G04-260204-132913-693.bmp,G04,2026-02-04T13:29:13,2026-02-04,G04_2026-02-04,693,test,normal,,1025,1281,1,0ebba6e095fb7bc4f0b311d2504a1842d33904bda19c08ed072c116d97f5c034,,
1.0,G04-260204-132938-694,G04-260204-132938-694.bmp,G04,2026-02-04T13:29:38,2026-02-04,G04_2026-02-04,694,test,normal,,1025,1281,1,63d0b18fec990642c94b0c54226604d16a0bc66ebd5fd11830355e9ce960e14d,,
1.0,G04-260204-132944-695,G04-260204-132944-695.bmp,G04,2026-02-04T13:29:44,2026-02-04,G04_2026-02-04,695,test,normal,,1025,1281,1,7878d885a38daa21898f8bf3555e1d8701283829d18bfb446f3e46ee35661185,,
1.0,G04-260204-133006-696,G04-260204-133006-696.bmp,G04,2026-02-04T13:30:06,2026-02-04,G04_2026-02-04,696,test,normal,,1025,1281,1,2f915cb888d5d927af4f96b50b707b9ec9d0466cd3e05f8b788c65ba3ff0e4c4,,
1.0,G04-260204-133012-697,G04-260204-133012-697.bmp,G04,2026-02-04T13:30:12,2026-02-04,G04_2026-02-04,697,test,normal,,1025,1281,1,646ad9d5834fddb4e8ab89532fc51ccf81a0d931a5bdcec0c0732521e470c856,,
1.0,G04-260204-133037-698,G04-260204-133037-698.bmp,G04,2026-02-04T13:30:37,2026-02-04,G04_2026-02-04,698,test,normal,,1025,1281,1,aa76962d841d77d5983f0e04ef89ff653810719f5bd5ff1a93a0d6636f2ee089,,
1.0,G04-260204-133043-699,G04-260204-133043-699.bmp,G04,2026-02-04T13:30:43,2026-02-04,G04_2026-02-04,699,test,normal,,1025,1281,1,247cefa1af0ebdfdf5483e0d7f0bff0c048fcaa33d467a97369c0b6968807972,,
1.0,G04-260204-133109-700,G04-260204-133109-700.bmp,G04,2026-02-04T13:31:09,2026-02-04,G04_2026-02-04,700,test,normal,,1025,1281,1,ea24904b5da9ee86994f867d73f17ccda4df767ad2124f30e74ba07cad664dac,,
1.0,G04-260204-133116-701,G04-260204-133116-701.bmp,G04,2026-02-04T13:31:16,2026-02-04,G04_2026-02-04,701,test,normal,,1025,1281,1,1591cb091c146a19555e95aa0fadcb161282c0ed6417187f9517bc12cb409074,,
1.0,G04-260204-133138-702,G04-260204-133138-702.bmp,G04,2026-02-04T13:31:38,2026-02-04,G04_2026-02-04,702,test,normal,,1025,1281,1,6032c53b5c3fcb31e141d530e6f98c840afa19d5fe40e32206ee3445c3f62722,,
1.0,G04-260204-133144-703,G04-260204-133144-703.bmp,G04,2026-02-04T13:31:44,2026-02-04,G04_2026-02-04,703,test,normal,,1025,1281,1,a9782d5f33e040e8914d62a919e9b243e28641be02d3cef30367b1c7c1ee815c,,
1.0,G04-260204-133209-704,G04-260204-133209-704.bmp,G04,2026-02-04T13:32:09,2026-02-04,G04_2026-02-04,704,test,normal,,1025,1281,1,c295e3a0ca186f04d689c4a66cd5e18dcb72c938d5fe55220909ac669970f737,,
1.0,G04-260204-133216-705,G04-260204-133216-705.bmp,G04,2026-02-04T13:32:16,2026-02-04,G04_2026-02-04,705,test,normal,,1025,1281,1,0d2b086ec31cfdaf8379c0bcc41bd5cf9cf0f029d9402d0ed0dc728a24149b7e,,
1.0,G04-260204-133238-706,G04-260204-133238-706.bmp,G04,2026-02-04T13:32:38,2026-02-04,G04_2026-02-04,706,test,normal,,1025,1281,1,f25aa98ab59206ca486e81da9210d74d86afa3cc98546ab65ccc71b4fa8280c1,,
1.0,G04-260204-133244-707,G04-260204-133244-707.bmp,G04,2026-02-04T13:32:44,2026-02-04,G04_2026-02-04,707,test,normal,,1025,1281,1,5c6a05856b263cedcc729dc8dd14d25cda2df0eccc54dfa93f14b14e0f48cf9f,,
1.0,G04-260204-133309-708,G04-260204-133309-708.bmp,G04,2026-02-04T13:33:09,2026-02-04,G04_2026-02-04,708,test,normal,,1025,1281,1,777873648a2b1d8d3daf87d29c9912fd0695f01d5f6f6b0b9e9f71030f6cf347,,
1.0,G04-260204-133316-709,G04-260204-133316-709.bmp,G04,2026-02-04T13:33:16,2026-02-04,G04_2026-02-04,709,test,normal,,1025,1281,1,2519d53c5c321419e857b0137f1be80d6a5a5c5343f637dd35e23533d27082e9,,
1.0,G04-260204-133338-710,G04-260204-133338-710.bmp,G04,2026-02-04T13:33:38,2026-02-04,G04_2026-02-04,710,test,normal,,1025,1281,1,b4e4589028cf88e9b5a1d04a9a42a1647431c658c48887562b2c214f51eb06bb,,
1.0,G04-260204-133345-711,G04-260204-133345-711.bmp,G04,2026-02-04T13:33:45,2026-02-04,G04_2026-02-04,711,test,normal,,1025,1281,1,1cc6f1df0eaf728dbdd6d7292b26448cbf090bc8f2d91d6a59f373aea57271aa,,
1.0,G04-260204-133408-712,G04-260204-133408-712.bmp,G04,2026-02-04T13:34:08,2026-02-04,G04_2026-02-04,712,test,normal,,1025,1281,1,ef54177cce388c283dd44d01f1976975acc5e2039089c1cc16fed9ad93b6e95f,,
1.0,G04-260204-133440-713,G04-260204-133440-713.bmp,G04,2026-02-04T13:34:40,2026-02-04,G04_2026-02-04,713,test,normal,,1025,1281,1,16fc458dc7510f7c2e9e2ca182d930cedeed2f895edee1f0bdf31c40e094a8de,,
1.0,G04-260204-133446-714,G04-260204-133446-714.bmp,G04,2026-02-04T13:34:46,2026-02-04,G04_2026-02-04,714,test,normal,,1025,1281,1,3f2b1c8f1581fdad4843cbdab49fccc06469ca816762ef007500029b010a7453,,
1.0,G04-260204-133508-715,G04-260204-133508-715.bmp,G04,2026-02-04T13:35:08,2026-02-04,G04_2026-02-04,715,test,normal,,1025,1281,1,b74f1e6fa1847c54d174dd127a9572da1bf1cecb3848c21fadc458329d59d2c5,,
1.0,G04-260204-133515-716,G04-260204-133515-716.bmp,G04,2026-02-04T13:35:15,2026-02-04,G04_2026-02-04,716,test,normal,,1025,1281,1,d7a75cbf2df68869f62caa951501696958fda754c8eb86df9e48fe9d07fe020e,,
1.0,G04-260204-133538-717,G04-260204-133538-717.bmp,G04,2026-02-04T13:35:38,2026-02-04,G04_2026-02-04,717,test,normal,,1025,1281,1,e23ec68c8d8bf54c27a0076d0ec42822245f252cdc00b5b0c87e358ea5337560,,
1.0,G04-260204-133546-718,G04-260204-133546-718.bmp,G04,2026-02-04T13:35:46,2026-02-04,G04_2026-02-04,718,test,normal,,1025,1281,1,3b06aecd80475f5b5af3ed75f908549c1cba61fcb8f7d3811b067d51b0c1b0b4,,
1.0,G04-260204-133609-719,G04-260204-133609-719.bmp,G04,2026-02-04T13:36:09,2026-02-04,G04_2026-02-04,719,test,normal,,1025,1281,1,bf6e4e334fc50483a3b0458b030b4f700b07303b2d136b71344bd3ea85da6fd8,,
1.0,G04-260204-133616-720,G04-260204-133616-720.bmp,G04,2026-02-04T13:36:16,2026-02-04,G04_2026-02-04,720,test,normal,,1025,1281,1,d35e6165b16f4c35335bf7a6cb6bfb9f27bead74632268a65595909eca4e90c6,,
1.0,G04-260204-133639-721,G04-260204-133639-721.bmp,G04,2026-02-04T13:36:39,2026-02-04,G04_2026-02-04,721,test,normal,,1025,1281,1,bfca100045f0319dd712619f47556d3b272f8ea4c2221928619553b88d9e6c7d,,
1.0,G04-260204-133647-722,G04-260204-133647-722.bmp,G04,2026-02-04T13:36:47,2026-02-04,G04_2026-02-04,722,test,normal,,1025,1281,1,a31d984c2d0c8d4d3c63927db4f475b76b7f14808066b454bca25ddad642c49e,,
1.0,G04-260204-133709-723,G04-260204-133709-723.bmp,G04,2026-02-04T13:37:09,2026-02-04,G04_2026-02-04,723,test,normal,,1025,1281,1,9cbf659adc36f163cea6eba56827d0177f8c941909b0ac38b6212391e69ad530,,
1.0,G04-260204-133715-724,G04-260204-133715-724.bmp,G04,2026-02-04T13:37:15,2026-02-04,G04_2026-02-04,724,test,normal,,1025,1281,1,2fee378d5d121e465a2fc50d1aebe9d9d11e77aac1a2c9c31cc32396a977fa54,,
1.0,G04-260204-133738-725,G04-260204-133738-725.bmp,G04,2026-02-04T13:37:38,2026-02-04,G04_2026-02-04,725,test,normal,,1025,1281,1,aedd149de7e3169ead4fc996587f5e446ac575095320f42aa6dfaa1e3d121bdd,,
1.0,G04-260204-133745-726,G04-260204-133745-726.bmp,G04,2026-02-04T13:37:45,2026-02-04,G04_2026-02-04,726,test,normal,,1025,1281,1,83370c60e51a74145ee5faac79b80aeb850e99b8ee41a265c4cd00fb63f17d68,,
1.0,G04-260204-133811-727,G04-260204-133811-727.bmp,G04,2026-02-04T13:38:11,2026-02-04,G04_2026-02-04,727,test,normal,,1025,1281,1,598509e56c04df848f22dfdfed3a767464fa09f8eab99ace65336ed7c9e16c95,,
1.0,G04-260204-133818-728,G04-260204-133818-728.bmp,G04,2026-02-04T13:38:18,2026-02-04,G04_2026-02-04,728,test,normal,,1025,1281,1,24b155c6bb10a78975658694f451b321ff69241d1998adefd1194a4f839ab8e0,,
1.0,G04-260204-133839-729,G04-260204-133839-729.bmp,G04,2026-02-04T13:38:39,2026-02-04,G04_2026-02-04,729,test,normal,,1025,1281,1,a49e277082d8a55bc0279edee30a48a65e7c586e6fbaab448c9003e5fb7d9f63,,
1.0,G04-260204-133846-730,G04-260204-133846-730.bmp,G04,2026-02-04T13:38:46,2026-02-04,G04_2026-02-04,730,test,normal,,1025,1281,1,11af8bd0add935036967bd30d0187834305d9bb78aff5cb5b4a7e32c3b353fe7,,
1.0,G04-260204-133909-731,G04-260204-133909-731.bmp,G04,2026-02-04T13:39:09,2026-02-04,G04_2026-02-04,731,test,normal,,1025,1281,1,f39b6f47bd347e2ef20fb2757f412351db40ee95d4d02c4db8b521358d865b25,,
1.0,G04-260204-133915-732,G04-260204-133915-732.bmp,G04,2026-02-04T13:39:15,2026-02-04,G04_2026-02-04,732,test,normal,,1025,1281,1,45030b82471dbbb588722ab6fd47b22fbe857634cdf2fafe2cdfea78395e6fbf,,
1.0,G04-260204-133940-733,G04-260204-133940-733.bmp,G04,2026-02-04T13:39:40,2026-02-04,G04_2026-02-04,733,test,normal,,1025,1281,1,f33d57aa2dc7f0aa9de39be6b70438217dc0f65993894adf174efcbc715e2534,,
1.0,G04-260204-133948-734,G04-260204-133948-734.bmp,G04,2026-02-04T13:39:48,2026-02-04,G04_2026-02-04,734,test,normal,,1025,1281,1,94bc98c9144a705178b5ada80f0c6c8aeb7fa28f28a1627557d75ff6ef609f77,,
1.0,G04-260204-134009-735,G04-260204-134009-735.bmp,G04,2026-02-04T13:40:09,2026-02-04,G04_2026-02-04,735,test,normal,,1025,1281,1,924ce5fd7e2dba80b10fd55853f7784774552ee1925f09c5bc1edd0a7a27939f,,
1.0,G04-260204-134017-736,G04-260204-134017-736.bmp,G04,2026-02-04T13:40:17,2026-02-04,G04_2026-02-04,736,test,normal,,1025,1281,1,abe451a48d122bfb70d8485e99f12955fb9f60a7a1018a49876309f4ab9b80fa,,
1.0,G04-260204-134039-737,G04-260204-134039-737.bmp,G04,2026-02-04T13:40:39,2026-02-04,G04_2026-02-04,737,test,normal,,1025,1281,1,97992fe750edc88f01d50a7956cf0b526b6c2e8e10f5782922c145334aa8eacb,,
1.0,G04-260204-134046-738,G04-260204-134046-738.bmp,G04,2026-02-04T13:40:46,2026-02-04,G04_2026-02-04,738,test,normal,,1025,1281,1,173109ac1f91b0ed1dbe6e32fdd1c44a0b27734375b25018cfe71a6b92d58df1,,
1.0,G04-260204-134111-739,G04-260204-134111-739.bmp,G04,2026-02-04T13:41:11,2026-02-04,G04_2026-02-04,739,test,normal,,1025,1281,1,10c3a1518507e1a77d69c82503ce25f08ba361779123b7465b543fcdcb9d0d78,,
1.0,G04-260204-134118-740,G04-260204-134118-740.bmp,G04,2026-02-04T13:41:18,2026-02-04,G04_2026-02-04,740,test,normal,,1025,1281,1,9f749646eb9b966b74dd2e4f0509dabc52c1c05a213041c6638214a15abd3fcd,,
1.0,G04-260204-134140-741,G04-260204-134140-741.bmp,G04,2026-02-04T13:41:40,2026-02-04,G04_2026-02-04,741,test,normal,,1025,1281,1,d3b6c61960ccce69d8692bb0c7803a29ca339b94f5bca82a6cabfadbbb024f1e,,
1.0,G04-260204-134148-742,G04-260204-134148-742.bmp,G04,2026-02-04T13:41:48,2026-02-04,G04_2026-02-04,742,test,normal,,1025,1281,1,be20295aa2a8601eab2d944ce7435420f884092df97934f3037fb76446522450,,
1.0,G04-260204-134210-743,G04-260204-134210-743.bmp,G04,2026-02-04T13:42:10,2026-02-04,G04_2026-02-04,743,test,normal,,1025,1281,1,5a2a4168ec38a821b30691643b469276b07d1874ef2bcb3745bfad7e2637e18b,,
1.0,G04-260204-134217-744,G04-260204-134217-744.bmp,G04,2026-02-04T13:42:17,2026-02-04,G04_2026-02-04,744,test,normal,,1025,1281,1,aa6f52384c4f185ee60500618be23330fbdeb919cd0bae6705630cb6858037fa,,
1.0,G04-260204-134241-745,G04-260204-134241-745.bmp,G04,2026-02-04T13:42:41,2026-02-04,G04_2026-02-04,745,test,normal,,1025,1281,1,07372f9fb850513ed48c661717102ae59d194dd798b3943278155e52950e0b4f,,
1.0,G04-260204-134248-746,G04-260204-134248-746.bmp,G04,2026-02-04T13:42:48,2026-02-04,G04_2026-02-04,746,test,normal,,1025,1281,1,4f863854caffee85e696b1ef93a9732ba0d9fed02355cd120c5fab24ad2d69a0,,
1.0,G04-260204-134311-747,G04-260204-134311-747.bmp,G04,2026-02-04T13:43:11,2026-02-04,G04_2026-02-04,747,test,normal,,1025,1281,1,caa89e35e557d679202509366f93c11ce273ba898c0f125e87ded6ab4bc9030e,,
1.0,G04-260204-134319-748,G04-260204-134319-748.bmp,G04,2026-02-04T13:43:19,2026-02-04,G04_2026-02-04,748,test,normal,,1025,1281,1,a36c37980e816c0a9179d4ea9a59161c2548de0f807aa268e6e652078b431df7,,
1.0,G04-260204-134340-749,G04-260204-134340-749.bmp,G04,2026-02-04T13:43:40,2026-02-04,G04_2026-02-04,749,test,normal,,1025,1281,1,b7b9db5557493efef63ca502612eafcffae3094dc74233be9b31a23a3936c5db,,
1.0,G04-260204-134347-750,G04-260204-134347-750.bmp,G04,2026-02-04T13:43:47,2026-02-04,G04_2026-02-04,750,test,normal,,1025,1281,1,5cd615eb3f4d1004751d5f1ea0feabe4c44ef9816cb41168f55b10fef2e5bdbb,,
1.0,G04-260204-134412-751,G04-260204-134412-751.bmp,G04,2026-02-04T13:44:12,2026-02-04,G04_2026-02-04,751,test,normal,,1025,1281,1,caf11153bda4581e4e016b62a679b5602480f3b3af8eb27fb418c68e89c74eb7,,
1.0,G04-260204-134420-752,G04-260204-134420-752.bmp,G04,2026-02-04T13:44:20,2026-02-04,G04_2026-02-04,752,test,normal,,1025,1281,1,4460e76dbbdc38b94306feb8fc621405a85c82fcc860132d81ebefa69f135cd7,,
1.0,G04-260204-134444-753,G04-260204-134444-753.bmp,G04,2026-02-04T13:44:44,2026-02-04,G04_2026-02-04,753,test,normal,,1025,1281,1,708b800b52b9dcfe4d82776ab48903437da36b02089b1febe2ebb6a031242a97,,
1.0,G04-260204-134451-754,G04-260204-134451-754.bmp,G04,2026-02-04T13:44:51,2026-02-04,G04_2026-02-04,754,test,normal,,1025,1281,1,455a0f0005c627baae6298b13df7c8808e638b925ed15825dd3feff7ac23409a,,
1.0,G04-260204-134511-755,G04-260204-134511-755.bmp,G04,2026-02-04T13:45:11,2026-02-04,G04_2026-02-04,755,test,normal,,1025,1281,1,4010b10fb9f549f536b6a966fea8487e0d82c52e2a65c7d0acbed6f42618d6ef,,
1.0,G04-260204-134518-756,G04-260204-134518-756.bmp,G04,2026-02-04T13:45:18,2026-02-04,G04_2026-02-04,756,test,normal,,1025,1281,1,81c592dd3ecc46ee4498056d7a95dbcd9280c243dcadf124166d841124a0b82a,,
1.0,G04-260204-134543-757,G04-260204-134543-757.bmp,G04,2026-02-04T13:45:43,2026-02-04,G04_2026-02-04,757,test,normal,,1025,1281,1,e4c908898b93ffe4b116b3e70f3395a3f30f7a876eb51b2ef55a463187bf4312,,
1.0,G04-260204-134550-758,G04-260204-134550-758.bmp,G04,2026-02-04T13:45:50,2026-02-04,G04_2026-02-04,758,test,normal,,1025,1281,1,c082442866438afbb1d8c7e121195513b0b0b5b15ad9d307d8e0853f40b3021d,,
1.0,G04-260204-134612-759,G04-260204-134612-759.bmp,G04,2026-02-04T13:46:12,2026-02-04,G04_2026-02-04,759,test,normal,,1025,1281,1,3c723f0f415822ae01dd7e9e38343d8904bf293c0144d3d139856a832dd7766d,,
1.0,G04-260204-134618-760,G04-260204-134618-760.bmp,G04,2026-02-04T13:46:18,2026-02-04,G04_2026-02-04,760,test,normal,,1025,1281,1,27e17b944af09984039ebb0a0718dbe30633516ea6dc74b87ffb61724473e36f,,
1.0,G04-260204-134641-761,G04-260204-134641-761.bmp,G04,2026-02-04T13:46:41,2026-02-04,G04_2026-02-04,761,test,normal,,1025,1281,1,1a6ef8a5090f312383e126015460ee2d5fd3efadae4965721ddab46c7e3b83fe,,
1.0,G04-260204-134648-762,G04-260204-134648-762.bmp,G04,2026-02-04T13:46:48,2026-02-04,G04_2026-02-04,762,test,normal,,1025,1281,1,ffcbd08e70ea7080a4daa5af4f8a513b14d26bd2489ffcfc515c5bde088a3b58,,
1.0,G04-260204-134711-763,G04-260204-134711-763.bmp,G04,2026-02-04T13:47:11,2026-02-04,G04_2026-02-04,763,test,normal,,1025,1281,1,e376189b27e562ae921f685322010d7fb9c77f40ce98fbf44252b98056460371,,
1.0,G04-260204-134718-764,G04-260204-134718-764.bmp,G04,2026-02-04T13:47:18,2026-02-04,G04_2026-02-04,764,test,normal,,1025,1281,1,b46193e06727d1f7f7ee2ef30974bb9ea6e5a68307ddab89e74d03ce41218db1,,
1.0,G04-260204-134742-765,G04-260204-134742-765.bmp,G04,2026-02-04T13:47:42,2026-02-04,G04_2026-02-04,765,test,normal,,1025,1281,1,61e801fb03ed30e9f3e6287ef1d5e2fc674d9a38351af699687a5e6b36dd04d5,,
1.0,G04-260204-134812-766,G04-260204-134812-766.bmp,G04,2026-02-04T13:48:12,2026-02-04,G04_2026-02-04,766,test,normal,,1025,1281,1,e195810f2c7d8955580b72fb0eb8afc99a8a9d5d2065e28dd1fe0c6149523397,,
1.0,G04-260204-134819-767,G04-260204-134819-767.bmp,G04,2026-02-04T13:48:19,2026-02-04,G04_2026-02-04,767,test,normal,,1025,1281,1,f55e96c2903093bfd25c203e5c4e7cfe457e4b13e0321767143ac90e3ce2276a,,
1.0,G04-260204-134841-768,G04-260204-134841-768.bmp,G04,2026-02-04T13:48:41,2026-02-04,G04_2026-02-04,768,test,normal,,1025,1281,1,5695546b511a11e8bffa789bb9f47dab222b408c8fb9a6c4f71e0e9f4f13dd9c,,
1.0,G04-260204-134848-769,G04-260204-134848-769.bmp,G04,2026-02-04T13:48:48,2026-02-04,G04_2026-02-04,769,test,normal,,1025,1281,1,f7f735c6c716fd5209e6e89462698b12e3f42c139f8c5c5eb15684e3cc3cfc99,,
1.0,G04-260204-134912-770,G04-260204-134912-770.bmp,G04,2026-02-04T13:49:12,2026-02-04,G04_2026-02-04,770,test,normal,,1025,1281,1,0498d95d2b715b5205235395e5c8d0abfb5975738994bb8a428d654cceda2580,,
1.0,G04-260204-134919-771,G04-260204-134919-771.bmp,G04,2026-02-04T13:49:19,2026-02-04,G04_2026-02-04,771,test,normal,,1025,1281,1,bce622041f7f1408372fa54a1b94add24fee8f53130b872631ec947074c4af5d,,
1.0,G04-260204-134943-772,G04-260204-134943-772.bmp,G04,2026-02-04T13:49:43,2026-02-04,G04_2026-02-04,772,test,normal,,1025,1281,1,0a5cd5ca4e1f2e7dafa615122e72ba943815e38153d9962bdd2fe86c6678773f,,
1.0,G04-260204-134950-773,G04-260204-134950-773.bmp,G04,2026-02-04T13:49:50,2026-02-04,G04_2026-02-04,773,test,normal,,1025,1281,1,5e9473ce6ab5d7d20a8e61e0b04db9ff575dcc9297b0093472a3f0b9f2df3fba,,
1.0,G04-260204-135013-774,G04-260204-135013-774.bmp,G04,2026-02-04T13:50:13,2026-02-04,G04_2026-02-04,774,test,normal,,1025,1281,1,22fc987f7b90dd88939748f8040d012ce52fd9cc676f7170e1bb34ee15e789c5,,
1.0,G04-260204-135020-775,G04-260204-135020-775.bmp,G04,2026-02-04T13:50:20,2026-02-04,G04_2026-02-04,775,test,normal,,1025,1281,1,47a56402bb6f28ae486d261a38ea72db18639f97848b6c39c94598b5956ac61f,,
1.0,G04-260204-135043-776,G04-260204-135043-776.bmp,G04,2026-02-04T13:50:43,2026-02-04,G04_2026-02-04,776,test,normal,,1025,1281,1,444eb19ba7f06f90d43da49031c7d991c75651ceab632617117f56fb1c724383,,
1.0,G04-260204-135050-777,G04-260204-135050-777.bmp,G04,2026-02-04T13:50:50,2026-02-04,G04_2026-02-04,777,test,normal,,1025,1281,1,4ec3ee961957b3cd83102cef5d34445af334acd30a239f9217d8b8f50dc4c68d,,
1.0,G04-260204-135113-778,G04-260204-135113-778.bmp,G04,2026-02-04T13:51:13,2026-02-04,G04_2026-02-04,778,test,normal,,1025,1281,1,3dba9cddcf226ec8962dcd36ec3b2fb52e99534d3bddfa7c18fdfe7c9e1ff867,,
1.0,G04-260204-135121-779,G04-260204-135121-779.bmp,G04,2026-02-04T13:51:21,2026-02-04,G04_2026-02-04,779,test,normal,,1025,1281,1,a920524837ce41de06ec2a78fe965a7ddbd9488f8e6dc7e3fdfb40bb24e13f69,,
1.0,G04-260204-135143-780,G04-260204-135143-780.bmp,G04,2026-02-04T13:51:43,2026-02-04,G04_2026-02-04,780,test,normal,,1025,1281,1,67b006031e0e711252f578ef314d3f3cf946809de0b265f0a0c0f0e5e041c8fc,,
1.0,G04-260204-135150-781,G04-260204-135150-781.bmp,G04,2026-02-04T13:51:50,2026-02-04,G04_2026-02-04,781,test,normal,,1025,1281,1,eb71f4c54fad2b984ef8d012a91f04c69f020764020fac744dcfade15902da31,,
1.0,G04-260204-135212-782,G04-260204-135212-782.bmp,G04,2026-02-04T13:52:12,2026-02-04,G04_2026-02-04,782,test,normal,,1025,1281,1,b299005f74afbc948598415b6e915986d298e24d49315ea1ade7b66024aa6646,,
1.0,G04-260204-135220-783,G04-260204-135220-783.bmp,G04,2026-02-04T13:52:20,2026-02-04,G04_2026-02-04,783,test,normal,,1025,1281,1,633b32ea30ff7c3eddd80a9e0db5d7e93b6fd4184f2a2ad0507519ef5d92de9d,,
1.0,G04-260204-135243-784,G04-260204-135243-784.bmp,G04,2026-02-04T13:52:43,2026-02-04,G04_2026-02-04,784,test,normal,,1025,1281,1,4688ef3dc0e2b9cc6a9d0a93aee86d87270dc72d2f682d5c034e3568c21f7554,,
1.0,G04-260204-135253-785,G04-260204-135253-785.bmp,G04,2026-02-04T13:52:53,2026-02-04,G04_2026-02-04,785,test,normal,,1025,1281,1,e1e9609dacaf5d8e3e7aebe3f57c7790e93ea831f1121e720af65d6b8cf53f02,,
1.0,G04-260204-135313-786,G04-260204-135313-786.bmp,G04,2026-02-04T13:53:13,2026-02-04,G04_2026-02-04,786,test,normal,,1025,1281,1,bf51e4d22f3cf44879831b0016182d61e3d73578ed7853d43dfaff570322de4f,,
1.0,G04-260204-135321-787,G04-260204-135321-787.bmp,G04,2026-02-04T13:53:21,2026-02-04,G04_2026-02-04,787,test,normal,,1025,1281,1,0cffad7364ccc7dce8c4eff6d4f451a15d1d26e84b6195172cf3e5d55398c650,,
1.0,G04-260204-135345-788,G04-260204-135345-788.bmp,G04,2026-02-04T13:53:45,2026-02-04,G04_2026-02-04,788,test,normal,,1025,1281,1,781bd0bb4660c1968dc81275e186c9539b6ed10398b55b8c52f1c4953adc539a,,
1.0,G04-260204-135351-789,G04-260204-135351-789.bmp,G04,2026-02-04T13:53:51,2026-02-04,G04_2026-02-04,789,test,normal,,1025,1281,1,dbc04927bb3bf85e09f9adf2d7266240cf3e9f66a33e67911627be4c6da6e1ba,,
1.0,G04-260204-135414-790,G04-260204-135414-790.bmp,G04,2026-02-04T13:54:14,2026-02-04,G04_2026-02-04,790,test,normal,,1025,1281,1,4b7ce77b47ebf714accdc7fdf196d636b7b8dcdf8b0ba3c2549bf8e1b5420585,,
1.0,G04-260204-135421-791,G04-260204-135421-791.bmp,G04,2026-02-04T13:54:21,2026-02-04,G04_2026-02-04,791,test,normal,,1025,1281,1,1c3a1188618dee6e69975f20e154034bc6fb590ab3babe5fd318745691d6e7b4,,
1.0,G04-260204-135451-792,G04-260204-135451-792.bmp,G04,2026-02-04T13:54:51,2026-02-04,G04_2026-02-04,792,test,normal,,1025,1281,1,2ca96aa9560b4e75a47c63bb712f473c853f699692300d7adab15b59a56cd99c,,
1.0,G04-260204-135515-793,G04-260204-135515-793.bmp,G04,2026-02-04T13:55:15,2026-02-04,G04_2026-02-04,793,test,normal,,1025,1281,1,233457ef42453e32c70674b1942418985f1201d8d6d768f0d8b26cc7eeda2e8b,,
1.0,G04-260204-135522-794,G04-260204-135522-794.bmp,G04,2026-02-04T13:55:22,2026-02-04,G04_2026-02-04,794,test,normal,,1025,1281,1,f2880a2601e504593237a303ce933136ebd099fe649d126fac69d78fbbedd4a7,,
1.0,G04-260204-135544-795,G04-260204-135544-795.bmp,G04,2026-02-04T13:55:44,2026-02-04,G04_2026-02-04,795,test,normal,,1025,1281,1,975eb378e5b5401f90a9c933eac4ad460578f24bdca5fe3056440ae66c1f8031,,
1.0,G04-260204-135550-796,G04-260204-135550-796.bmp,G04,2026-02-04T13:55:50,2026-02-04,G04_2026-02-04,796,test,normal,,1025,1281,1,14e1ad0319ef5b2e43919e92ded067aca9b2c84c26180afc38e681baca8ac973,,
1.0,G04-260204-135614-797,G04-260204-135614-797.bmp,G04,2026-02-04T13:56:14,2026-02-04,G04_2026-02-04,797,test,normal,,1025,1281,1,c4b729c091e437f10957916961a379c1e70fd8eb063c6ce2d5ea9b357488e4f2,,
1.0,G04-260204-135620-798,G04-260204-135620-798.bmp,G04,2026-02-04T13:56:20,2026-02-04,G04_2026-02-04,798,test,normal,,1025,1281,1,82651cdb16f2b77ad66a1bf26297e921a504659fc1d9b7907d89dce0dc144b17,,
1.0,G04-260204-135644-799,G04-260204-135644-799.bmp,G04,2026-02-04T13:56:44,2026-02-04,G04_2026-02-04,799,test,normal,,1025,1281,1,4c4788d4c2ba031b1a0e32e5d975ec3624c0f57e85f41e3d23a2f813ddebd749,,
1.0,G04-260204-135651-800,G04-260204-135651-800.bmp,G04,2026-02-04T13:56:51,2026-02-04,G04_2026-02-04,800,test,normal,,1025,1281,1,08697a184bc0ca79ddcd3a1fc0f8c01902b7828c5ea6781f3833d7db90005b07,,
1.0,G04-260204-135714-801,G04-260204-135714-801.bmp,G04,2026-02-04T13:57:14,2026-02-04,G04_2026-02-04,801,test,normal,,1025,1281,1,e33a6ee3b10181a7d2d40edcc5d6675a082c23aec82fd674e99cf12973475f04,,
1.0,G04-260204-135721-802,G04-260204-135721-802.bmp,G04,2026-02-04T13:57:21,2026-02-04,G04_2026-02-04,802,test,normal,,1025,1281,1,d87dc54e3100008b0acf68d72a935b97c45bdc5d6ec65da71f6edcb608235fe6,,
1.0,G04-260204-135744-803,G04-260204-135744-803.bmp,G04,2026-02-04T13:57:44,2026-02-04,G04_2026-02-04,803,test,normal,,1025,1281,1,f84bab3fa239b5c305f3229c902be8742420c267c1796d41954690b053f10f35,,
1.0,G04-260204-135752-804,G04-260204-135752-804.bmp,G04,2026-02-04T13:57:52,2026-02-04,G04_2026-02-04,804,test,normal,,1025,1281,1,021376c5082be2c94463740ba3b28ee910a58d6317b4d45b5f1aaf1cfcd449fb,,
1.0,G04-260204-135815-805,G04-260204-135815-805.bmp,G04,2026-02-04T13:58:15,2026-02-04,G04_2026-02-04,805,test,normal,,1025,1281,1,e88dd2741bf02cfdeed0d5d205970b8e36cf022dd07798459f4aec1780029736,,
1.0,G04-260204-135822-806,G04-260204-135822-806.bmp,G04,2026-02-04T13:58:22,2026-02-04,G04_2026-02-04,806,test,normal,,1025,1281,1,0fab4230e7f3e364c51d10081088596313de41c5e35dc34cb305e1bf6be15ff2,,
1.0,G04-260204-135845-807,G04-260204-135845-807.bmp,G04,2026-02-04T13:58:45,2026-02-04,G04_2026-02-04,807,test,normal,,1025,1281,1,df7e0fcc34e559df63ea00d4efc878a60187a20112c23afa5006786929555aab,,
1.0,G04-260204-135853-808,G04-260204-135853-808.bmp,G04,2026-02-04T13:58:53,2026-02-04,G04_2026-02-04,808,test,normal,,1025,1281,1,d62b70652dfde62e699c74fc8a7645e1e81a28f922e6f7d02ec6902255bc4d90,,
1.0,G04-260204-135916-809,G04-260204-135916-809.bmp,G04,2026-02-04T13:59:16,2026-02-04,G04_2026-02-04,809,test,normal,,1025,1281,1,0144d454cb626f893d3390a93906cba91e0a54ed58dcd329e32797447166d4d6,,
1.0,G04-260204-135923-810,G04-260204-135923-810.bmp,G04,2026-02-04T13:59:23,2026-02-04,G04_2026-02-04,810,test,normal,,1025,1281,1,5cbe29f9ed8a7819840f20e4f4c28c8125dbd8fc280554866d5f3f9453abac2a,,
1.0,G04-260204-135945-811,G04-260204-135945-811.bmp,G04,2026-02-04T13:59:45,2026-02-04,G04_2026-02-04,811,test,normal,,1025,1281,1,68e2d4a556ad6866418a799f0d2060e050d301ce8b75722020e6e9a382a9f4bc,,
1.0,G04-260204-135952-812,G04-260204-135952-812.bmp,G04,2026-02-04T13:59:52,2026-02-04,G04_2026-02-04,812,test,normal,,1025,1281,1,f963297b362bd0c2679d05e1997ea53b3110ded32262c75c7938f32590863d35,,
1.0,G04-260204-140015-813,G04-260204-140015-813.bmp,G04,2026-02-04T14:00:15,2026-02-04,G04_2026-02-04,813,test,normal,,1025,1281,1,df40cec77bc0ad16038563745ae532f5150b98a7a224b0b363efb058b97c3717,,
1.0,G04-260204-140022-814,G04-260204-140022-814.bmp,G04,2026-02-04T14:00:22,2026-02-04,G04_2026-02-04,814,test,normal,,1025,1281,1,4f586d810a952dc208b9a1258ef99b1f0621ae3b6a98758b67946d1bd795c513,,
1.0,G04-260204-140045-815,G04-260204-140045-815.bmp,G04,2026-02-04T14:00:45,2026-02-04,G04_2026-02-04,815,test,normal,,1025,1281,1,603da221bc728d005be57253c8da2f12b2f5798a4856b642c976faa882697018,,
1.0,G04-260204-140051-816,G04-260204-140051-816.bmp,G04,2026-02-04T14:00:51,2026-02-04,G04_2026-02-04,816,test,normal,,1025,1281,1,cb9ff50729f201b1376636af9687fd4e5806b565098f3f5965300160001e4716,,
1.0,G04-260204-140117-817,G04-260204-140117-817.bmp,G04,2026-02-04T14:01:17,2026-02-04,G04_2026-02-04,817,test,normal,,1025,1281,1,ea54a0fe23660f0fd86420ca16173f3b736ea587c41dcf06287636c931fd2aa7,,
1.0,G04-260204-140124-818,G04-260204-140124-818.bmp,G04,2026-02-04T14:01:24,2026-02-04,G04_2026-02-04,818,test,normal,,1025,1281,1,29540385343789ddbc7e97917e911dd13ec33235485e4278b47f0b0bda496f47,,
1.0,G04-260204-140146-819,G04-260204-140146-819.bmp,G04,2026-02-04T14:01:46,2026-02-04,G04_2026-02-04,819,test,normal,,1025,1281,1,c5fa974f118f3887a8ff6266d21e29c44222f87193dc83a73149f3e8ddda10a5,,
1.0,G04-260204-140153-820,G04-260204-140153-820.bmp,G04,2026-02-04T14:01:53,2026-02-04,G04_2026-02-04,820,test,normal,,1025,1281,1,673924583ed91759a748cfe0fcb37acd99d49e0434e9a1da0f3ba1dbe693e886,,
1.0,G04-260204-140215-821,G04-260204-140215-821.bmp,G04,2026-02-04T14:02:15,2026-02-04,G04_2026-02-04,821,test,normal,,1025,1281,1,eef3500258f476fcb0b049333812a00df73a73a207f6e263d0f8f2b5c9a700a3,,
1.0,G04-260204-140221-822,G04-260204-140221-822.bmp,G04,2026-02-04T14:02:21,2026-02-04,G04_2026-02-04,822,test,normal,,1025,1281,1,489b4e2adb7925e75a87de863a5fdf0056b15418145a2023892b917d3c83b917,,
1.0,G04-260204-140246-823,G04-260204-140246-823.bmp,G04,2026-02-04T14:02:46,2026-02-04,G04_2026-02-04,823,test,normal,,1025,1281,1,4aa5c9a4042caf54a79c75e3acba79d2ad1916475bfd67d06643c475b91ab8c5,,
1.0,G04-260204-140253-824,G04-260204-140253-824.bmp,G04,2026-02-04T14:02:53,2026-02-04,G04_2026-02-04,824,test,normal,,1025,1281,1,b2b7a1d2b6bba003757e535eeb27c4cbb4fbf09a34fac51c94f34bf5ae5c87e7,,
1.0,G04-260204-140317-825,G04-260204-140317-825.bmp,G04,2026-02-04T14:03:17,2026-02-04,G04_2026-02-04,825,test,normal,,1025,1281,1,05a52634eb2815e7578307672298761bbdd7a491bd4d5197de96446c6953912a,,
1.0,G04-260204-140324-826,G04-260204-140324-826.bmp,G04,2026-02-04T14:03:24,2026-02-04,G04_2026-02-04,826,test,normal,,1025,1281,1,64182cdb151646668d60681c114c1bd19bc87246344d7e6af59b6a834254eae4,,
1.0,G04-260204-140347-827,G04-260204-140347-827.bmp,G04,2026-02-04T14:03:47,2026-02-04,G04_2026-02-04,827,test,normal,,1025,1281,1,0cceb426a482fd5648ef9786888c6e11c27b1904a3f070230a0ba0d2014e3809,,
1.0,G04-260204-140354-828,G04-260204-140354-828.bmp,G04,2026-02-04T14:03:54,2026-02-04,G04_2026-02-04,828,test,normal,,1025,1281,1,d6ee0beebac100af351a1244a2326b3a72a4a0fd851116650916bbc172a7304c,,
1.0,G04-260204-140416-829,G04-260204-140416-829.bmp,G04,2026-02-04T14:04:16,2026-02-04,G04_2026-02-04,829,test,normal,,1025,1281,1,0ababfb99324c18942d2bfb7ef03222ec0bb6f26cab88fc8a545ebc2fb461e41,,
1.0,G04-260204-140423-830,G04-260204-140423-830.bmp,G04,2026-02-04T14:04:23,2026-02-04,G04_2026-02-04,830,test,normal,,1025,1281,1,3a1dee85687ec875a82f90b3ef4ad52ee1bfc64ffdc37f9908306cd98c288832,,
1.0,G04-260204-140446-831,G04-260204-140446-831.bmp,G04,2026-02-04T14:04:46,2026-02-04,G04_2026-02-04,831,test,normal,,1025,1281,1,0b43371abe0dca795e489c2692373649db6370f64e5ed2ce397b4083363f89b6,,
1.0,G04-260204-140453-832,G04-260204-140453-832.bmp,G04,2026-02-04T14:04:53,2026-02-04,G04_2026-02-04,832,test,normal,,1025,1281,1,f8a6316e1f1cc790ffebe10caeff29a275bef87e7331de44c343a101a8c715a3,,
1.0,G04-260204-140516-833,G04-260204-140516-833.bmp,G04,2026-02-04T14:05:16,2026-02-04,G04_2026-02-04,833,test,normal,,1025,1281,1,669eb226e53ffe7f9e9843b97daecd175c727b05a30b7853423758b743854adb,,
1.0,G04-260204-140524-834,G04-260204-140524-834.bmp,G04,2026-02-04T14:05:24,2026-02-04,G04_2026-02-04,834,test,normal,,1025,1281,1,af1cdd2524480d1be6c5b6b8fdbe6bc99c2c5d7de63bea85c3ad048e890a304e,,
1.0,G04-260204-140547-835,G04-260204-140547-835.bmp,G04,2026-02-04T14:05:47,2026-02-04,G04_2026-02-04,835,test,normal,,1025,1281,1,e8b675d8b8678f2eef90de3602a3245b91194f2cd05bd34062925943edbe1259,,
1.0,G04-260204-140553-836,G04-260204-140553-836.bmp,G04,2026-02-04T14:05:53,2026-02-04,G04_2026-02-04,836,test,normal,,1025,1281,1,b0f7bc6b8193b9440f70475aac7f43a36cb25e94086abdaf106e9a59a1c39a3c,,
1.0,G04-260204-140617-837,G04-260204-140617-837.bmp,G04,2026-02-04T14:06:17,2026-02-04,G04_2026-02-04,837,test,normal,,1025,1281,1,a4192e21f9c6952ddfd81125e10c416f9b57192bcd5fdf58a153717ceb80a96a,,
1.0,G04-260204-140624-838,G04-260204-140624-838.bmp,G04,2026-02-04T14:06:24,2026-02-04,G04_2026-02-04,838,test,normal,,1025,1281,1,55a3fcbdc2154d499850ff07ff8737fd5646a42f6d5a4b75bd60827a78a8c962,,
1.0,G04-260204-140647-839,G04-260204-140647-839.bmp,G04,2026-02-04T14:06:47,2026-02-04,G04_2026-02-04,839,test,normal,,1025,1281,1,e2cb79432cd52c20894ddb053c5eff7a27194ee20b1ff00f23f06ce90b90870a,,
1.0,G04-260204-140654-840,G04-260204-140654-840.bmp,G04,2026-02-04T14:06:54,2026-02-04,G04_2026-02-04,840,test,normal,,1025,1281,1,d9bd6494f2070cf71fb90b65f6108a19da89172bbcd05cba2676331b9a4e1e68,,
1.0,G04-260204-140718-841,G04-260204-140718-841.bmp,G04,2026-02-04T14:07:18,2026-02-04,G04_2026-02-04,841,test,normal,,1025,1281,1,8782e9f3b603dcea7bea68001c03655d0a6fd36e27f01a797a66d7b28bc0ac36,,
1.0,G04-260204-140725-842,G04-260204-140725-842.bmp,G04,2026-02-04T14:07:25,2026-02-04,G04_2026-02-04,842,test,normal,,1025,1281,1,d073d0644206eeff96a7e45cf1842381d0140d2e53d53610979ef5f845016260,,
1.0,G04-260204-140747-843,G04-260204-140747-843.bmp,G04,2026-02-04T14:07:47,2026-02-04,G04_2026-02-04,843,test,normal,,1025,1281,1,931efb80a00c2be9c6b133b39bf9de092dd1c89f3d34f1909ce98a68216ff2c2,,
1.0,G04-260204-140755-844,G04-260204-140755-844.bmp,G04,2026-02-04T14:07:55,2026-02-04,G04_2026-02-04,844,test,normal,,1025,1281,1,14a5c913bb1f646062550cf4e680067485dcd9d99492396175338e6a7cfd23df,,
1.0,G04-260204-140817-845,G04-260204-140817-845.bmp,G04,2026-02-04T14:08:17,2026-02-04,G04_2026-02-04,845,test,normal,,1025,1281,1,f5d6840ab5620cfa2cf2a5d6cff5f6fe8919bf42e98e186c055b69f0239cc320,,
1.0,G04-260204-140824-846,G04-260204-140824-846.bmp,G04,2026-02-04T14:08:24,2026-02-04,G04_2026-02-04,846,test,normal,,1025,1281,1,9ec5404862384c64d4baf4697e2ec6c081f24eb019f0ec6cdc8119e449c64cdd,,
1.0,G04-260204-140850-847,G04-260204-140850-847.bmp,G04,2026-02-04T14:08:50,2026-02-04,G04_2026-02-04,847,test,normal,,1025,1281,1,6e19cd9cb46adf13bed101e112c3a173492c1873740d55533f7af43862630a4b,,
1.0,G04-260204-140857-848,G04-260204-140857-848.bmp,G04,2026-02-04T14:08:57,2026-02-04,G04_2026-02-04,848,test,normal,,1025,1281,1,614029dc492d288d17dac4a1c1e4fa3faa8927eb360ae3e616b65e0629a6900b,,
1.0,G04-260204-140918-849,G04-260204-140918-849.bmp,G04,2026-02-04T14:09:18,2026-02-04,G04_2026-02-04,849,test,normal,,1025,1281,1,40a062c579b5b5ab7d707664bf0be6fc7db6333df8621d254710b048ef4dbad8,,
1.0,G04-260204-140926-850,G04-260204-140926-850.bmp,G04,2026-02-04T14:09:26,2026-02-04,G04_2026-02-04,850,test,normal,,1025,1281,1,7ceb002abc380991c4d5f53ee0295387323ea1fe6dbc45b92ea45e3fce6788ef,,
1.0,G04-260204-140948-851,G04-260204-140948-851.bmp,G04,2026-02-04T14:09:48,2026-02-04,G04_2026-02-04,851,test,normal,,1025,1281,1,97749d9272e09fde6599f9b46a4d3be917fcc94fb43847be8ad63f647c80b767,,
1.0,G04-260204-140955-852,G04-260204-140955-852.bmp,G04,2026-02-04T14:09:55,2026-02-04,G04_2026-02-04,852,test,normal,,1025,1281,1,4c8c1a2bd39d888da50a9230c2a975dc55763d07599d97d9cde4c79def4cb6fb,,
1.0,G04-260204-141018-853,G04-260204-141018-853.bmp,G04,2026-02-04T14:10:18,2026-02-04,G04_2026-02-04,853,test,normal,,1025,1281,1,4033f63681f6d5cc256914a723dc264cdfd8c17631abc3b558f9de1143371b0e,,
1.0,G04-260204-141025-854,G04-260204-141025-854.bmp,G04,2026-02-04T14:10:25,2026-02-04,G04_2026-02-04,854,test,normal,,1025,1281,1,8efb53d211f15295a23f2e830de504ace9f77dcf69b07472caca2e2d75782d88,,
1.0,G04-260204-141048-855,G04-260204-141048-855.bmp,G04,2026-02-04T14:10:48,2026-02-04,G04_2026-02-04,855,test,normal,,1025,1281,1,c11d0d1fe84b0a75353d771b849fd35239155f1e6716e72a9d8d289477034c3e,,
1.0,G04-260204-141056-856,G04-260204-141056-856.bmp,G04,2026-02-04T14:10:56,2026-02-04,G04_2026-02-04,856,test,normal,,1025,1281,1,8dbe1289bb7fa78b390ddd832eceff923891120c345e98574b725ce385a5897b,,
1.0,G04-260204-141118-857,G04-260204-141118-857.bmp,G04,2026-02-04T14:11:18,2026-02-04,G04_2026-02-04,857,test,normal,,1025,1281,1,51630acea71255d68fe2c9e1d0cf7fb5e684f73b12b79d5960ff76c6b456d6ec,,
1.0,G04-260204-141125-858,G04-260204-141125-858.bmp,G04,2026-02-04T14:11:25,2026-02-04,G04_2026-02-04,858,test,normal,,1025,1281,1,49757e41f2a0beab8727e56241a7bb2b42850755abafdbfa1a1e7dde4dce80a7,,
1.0,G04-260204-141149-859,G04-260204-141149-859.bmp,G04,2026-02-04T14:11:49,2026-02-04,G04_2026-02-04,859,test,normal,,1025,1281,1,cf205b1a33f90b3a4c8bf7ef517b05555b635084a6ec9d68f0e75681902fca63,,
1.0,G04-260204-141156-860,G04-260204-141156-860.bmp,G04,2026-02-04T14:11:56,2026-02-04,G04_2026-02-04,860,test,normal,,1025,1281,1,2ef4829f1c29cae0c7658d296b975bd6b9b8199b0fdaa59eb7a0a8b60ddc714b,,
1.0,G04-260204-141219-861,G04-260204-141219-861.bmp,G04,2026-02-04T14:12:19,2026-02-04,G04_2026-02-04,861,test,normal,,1025,1281,1,b392570a749ae52ce85b13053f1532823868f9348a37c42e243ce34a4104b3f2,,
1.0,G04-260204-141226-862,G04-260204-141226-862.bmp,G04,2026-02-04T14:12:26,2026-02-04,G04_2026-02-04,862,test,normal,,1025,1281,1,a9ed466792d6d62306c31d2e587e8bb5922605880230a44594a8d4e2528e2190,,
1.0,G04-260204-141249-863,G04-260204-141249-863.bmp,G04,2026-02-04T14:12:49,2026-02-04,G04_2026-02-04,863,test,normal,,1025,1281,1,be542350e5592d9bb9beded4dacf58b3a95c8aa66c26128a265980076e0d2274,,
1.0,G04-260204-141257-864,G04-260204-141257-864.bmp,G04,2026-02-04T14:12:57,2026-02-04,G04_2026-02-04,864,test,normal,,1025,1281,1,e46de61c6a82f16420f8ed92701c9ed478aba965556ff04866b995a8c804e3d4,,
1.0,G04-260204-141320-865,G04-260204-141320-865.bmp,G04,2026-02-04T14:13:20,2026-02-04,G04_2026-02-04,865,test,normal,,1025,1281,1,b7cbcabeed8922ff3141ee8b0b7f4736c253844316ba22ef5ce5e6eeda202cc5,,
1.0,G04-260204-141327-866,G04-260204-141327-866.bmp,G04,2026-02-04T14:13:27,2026-02-04,G04_2026-02-04,866,test,normal,,1025,1281,1,51ac5e62368aa330f4facdead9b580cfdb7479e571da2f4e222bb6187c2d864d,,
1.0,G04-260204-141349-867,G04-260204-141349-867.bmp,G04,2026-02-04T14:13:49,2026-02-04,G04_2026-02-04,867,test,normal,,1025,1281,1,b2df91ec35ad8c10fa7b8dd1ffb1a8cd46e20f06da4eba252312ad73628aad25,,
1.0,G04-260204-141356-868,G04-260204-141356-868.bmp,G04,2026-02-04T14:13:56,2026-02-04,G04_2026-02-04,868,test,normal,,1025,1281,1,f9009b122ad8b9b9be626075bee9b2904a4a013d22f7646672375fd562c92e70,,
1.0,G04-260204-141419-869,G04-260204-141419-869.bmp,G04,2026-02-04T14:14:19,2026-02-04,G04_2026-02-04,869,test,normal,,1025,1281,1,3c48a19ea23cd85819f48db5a3172f02751c6361938cb1536463ff879ddc6b7b,,
1.0,G04-260204-141428-870,G04-260204-141428-870.bmp,G04,2026-02-04T14:14:28,2026-02-04,G04_2026-02-04,870,test,normal,,1025,1281,1,44953aca0f987e8d731d00da4f7863ff0093a1aa6e2d371b296363aaaf3dd9fb,,
1.0,G04-260204-141449-871,G04-260204-141449-871.bmp,G04,2026-02-04T14:14:49,2026-02-04,G04_2026-02-04,871,test,normal,,1025,1281,1,b1d8a94ac58669bcdd1355e53a9bbfd7d6c311fcabfd76e322654f15a0f42803,,
1.0,G04-260204-141456-872,G04-260204-141456-872.bmp,G04,2026-02-04T14:14:56,2026-02-04,G04_2026-02-04,872,test,normal,,1025,1281,1,33347be668f1f2e6d3a2c505aed8fc4d7644ea1128f9e7b6d3f6e4f33f01ba4b,,
1.0,G04-260204-141520-873,G04-260204-141520-873.bmp,G04,2026-02-04T14:15:20,2026-02-04,G04_2026-02-04,873,test,normal,,1025,1281,1,afa85e6c951e616330575bc52ce8c62527081dedda193af578c3f0755f2571b3,,
1.0,G04-260204-141526-874,G04-260204-141526-874.bmp,G04,2026-02-04T14:15:26,2026-02-04,G04_2026-02-04,874,test,normal,,1025,1281,1,5de9babe716ba166a94e68c3b55ef2f9df0bb60462376c5d19299b324d89a750,,
1.0,G04-260204-141550-875,G04-260204-141550-875.bmp,G04,2026-02-04T14:15:50,2026-02-04,G04_2026-02-04,875,test,normal,,1025,1281,1,827038f6a520248f31fcc8ccc2d504c91cf547c13c9b89dfe491bd823de06f5c,,
1.0,G04-260204-141557-876,G04-260204-141557-876.bmp,G04,2026-02-04T14:15:57,2026-02-04,G04_2026-02-04,876,test,normal,,1025,1281,1,99cdcea07aae5bdb5b7a60a093a7e422fd2501f8409cdd2312147c4003235ef4,,
1.0,G04-260204-141620-877,G04-260204-141620-877.bmp,G04,2026-02-04T14:16:20,2026-02-04,G04_2026-02-04,877,test,normal,,1025,1281,1,e6855eec01fb3f42c9b9a523b3100b663ece36235a3f8619d7673eaf4be55781,,
1.0,G04-260204-141627-878,G04-260204-141627-878.bmp,G04,2026-02-04T14:16:27,2026-02-04,G04_2026-02-04,878,test,normal,,1025,1281,1,9c018cb422299eee36851a559fb3f26d58276fe9f4fc4fd9dacdb79cdb295f32,,
1.0,G04-260204-141649-879,G04-260204-141649-879.bmp,G04,2026-02-04T14:16:49,2026-02-04,G04_2026-02-04,879,test,normal,,1025,1281,1,0506cbfc7cde9015ffa527f801327f18669a9097d6549beff2e20cf6730c69a8,,
1.0,G04-260204-141657-880,G04-260204-141657-880.bmp,G04,2026-02-04T14:16:57,2026-02-04,G04_2026-02-04,880,test,normal,,1025,1281,1,abb62b93b82228580000f28265323e1664c19de5df2ab3a09c6f190e662627ec,,
1.0,G04-260204-141720-881,G04-260204-141720-881.bmp,G04,2026-02-04T14:17:20,2026-02-04,G04_2026-02-04,881,test,normal,,1025,1281,1,8c6ddae07d7c65800ad435763b21a5d5c71fc3fa468f5b51db1f12a897378d45,,
1.0,G04-260204-141727-882,G04-260204-141727-882.bmp,G04,2026-02-04T14:17:27,2026-02-04,G04_2026-02-04,882,test,normal,,1025,1281,1,b2987bad84570b9d893600578063cc8d05fcf059f804e605ce53b44bc307d10b,,
1.0,G04-260204-141750-883,G04-260204-141750-883.bmp,G04,2026-02-04T14:17:50,2026-02-04,G04_2026-02-04,883,test,normal,,1025,1281,1,d789c69ec40c6c409942aa1d0c5803ac110c588203dd17e079cd2d7392336308,,
1.0,G04-260204-141757-884,G04-260204-141757-884.bmp,G04,2026-02-04T14:17:57,2026-02-04,G04_2026-02-04,884,test,normal,,1025,1281,1,53a866dddc833e52237bdc1a87765063e098d226501ace22a285c37d75e40cbe,,
1.0,G04-260204-141821-885,G04-260204-141821-885.bmp,G04,2026-02-04T14:18:21,2026-02-04,G04_2026-02-04,885,test,normal,,1025,1281,1,b6a0b58899ce8439832c231f90bd48515e3848dca7a329dc1abd578003383cdf,,
1.0,G04-260204-141828-886,G04-260204-141828-886.bmp,G04,2026-02-04T14:18:28,2026-02-04,G04_2026-02-04,886,test,normal,,1025,1281,1,ef7a0af68ed0066f79b0687e10e4514336e9186a7bbf2d180c0eea5fcf572678,,
1.0,G04-260204-141850-887,G04-260204-141850-887.bmp,G04,2026-02-04T14:18:50,2026-02-04,G04_2026-02-04,887,test,normal,,1025,1281,1,08f055dc6e372c958d6affb7b8d32434a69d72be901ee0a4e517e1866468d787,,
1.0,G04-260204-141856-888,G04-260204-141856-888.bmp,G04,2026-02-04T14:18:56,2026-02-04,G04_2026-02-04,888,test,normal,,1025,1281,1,b70fb0aaaf2585bb02221a0d44eab6240dd8ac54c09cc3db8a0de19073776209,,
1.0,G04-260204-141920-889,G04-260204-141920-889.bmp,G04,2026-02-04T14:19:20,2026-02-04,G04_2026-02-04,889,test,normal,,1025,1281,1,db3abf998df12a390576c478c3e5f51e8bb06fd349ba8a0d79001c094e022c52,,
1.0,G04-260204-141927-890,G04-260204-141927-890.bmp,G04,2026-02-04T14:19:27,2026-02-04,G04_2026-02-04,890,test,normal,,1025,1281,1,59ec964d243d9c8667cb7532e57f73c0d71210c8d12618086f04d0bd5ca3ceed,,
1.0,G04-260204-141951-891,G04-260204-141951-891.bmp,G04,2026-02-04T14:19:51,2026-02-04,G04_2026-02-04,891,test,normal,,1025,1281,1,dd2a15894b2ad6a886d625ca7679f63d9435fb2e7801aec866ffde0b19a24e43,,
1.0,G04-260204-141958-892,G04-260204-141958-892.bmp,G04,2026-02-04T14:19:58,2026-02-04,G04_2026-02-04,892,test,normal,,1025,1281,1,38432c7673bc62bffd88074b116fb06c777fbae26fad2cc5b7f41b68220d2618,,
1.0,G04-260204-142020-893,G04-260204-142020-893.bmp,G04,2026-02-04T14:20:20,2026-02-04,G04_2026-02-04,893,test,normal,,1025,1281,1,d6f6a4b4c2355af58040555771a1f0809873dcb092bfe234a1a0789dd676e9a8,,
1.0,G04-260204-142027-894,G04-260204-142027-894.bmp,G04,2026-02-04T14:20:27,2026-02-04,G04_2026-02-04,894,test,normal,,1025,1281,1,ac70f7c932a832c9cb71bb3c1ba05f4e3cc4590d48fcd3f84ddb61d522de58ea,,
1.0,G04-260204-142049-895,G04-260204-142049-895.bmp,G04,2026-02-04T14:20:49,2026-02-04,G04_2026-02-04,895,test,normal,,1025,1281,1,ba0d8305f99724e168eef49e7c3305cafdef3098fb0936fb7bdfdbbfd967783f,,
1.0,G04-260204-142056-896,G04-260204-142056-896.bmp,G04,2026-02-04T14:20:56,2026-02-04,G04_2026-02-04,896,test,normal,,1025,1281,1,832d949063ac8c967bea119d5fc04de1f05b268d89192aed3677fa301531ae2d,,
1.0,G04-260204-142121-897,G04-260204-142121-897.bmp,G04,2026-02-04T14:21:21,2026-02-04,G04_2026-02-04,897,test,normal,,1025,1281,1,ec49a7dd3ed305cd89ffeebbb36a9f7dcb69361c995f81848844e4cd1bfebfa3,,
1.0,G04-260204-142127-898,G04-260204-142127-898.bmp,G04,2026-02-04T14:21:27,2026-02-04,G04_2026-02-04,898,test,normal,,1025,1281,1,488468a75f4310dab388314ae1d8c6765344487135d37cf7681b6ef1aa48a8e2,,
1.0,G04-260204-142152-899,G04-260204-142152-899.bmp,G04,2026-02-04T14:21:52,2026-02-04,G04_2026-02-04,899,test,normal,,1025,1281,1,c4d44b8c3fc5cae23c517b01a3513569cb15f78682f69d1dfcdaf5de00b1dd8c,,
1.0,G04-260204-142159-900,G04-260204-142159-900.bmp,G04,2026-02-04T14:21:59,2026-02-04,G04_2026-02-04,900,test,normal,,1025,1281,1,e3edf4a6169b2b081d0b12e0ed3d0de58c32f3c81abb324766a4ae0bb6064feb,,
1.0,G04-260204-142222-901,G04-260204-142222-901.bmp,G04,2026-02-04T14:22:22,2026-02-04,G04_2026-02-04,901,test,normal,,1025,1281,1,878833e0ed5ebb4cf42b992bcaf400b89d2c430e21366493d638546bcaef719c,,
1.0,G04-260204-142229-902,G04-260204-142229-902.bmp,G04,2026-02-04T14:22:29,2026-02-04,G04_2026-02-04,902,test,normal,,1025,1281,1,76d4e49a43c07ce7273079a3c88e472dc9fb9afac1c1f21d83935f68392117cc,,
1.0,G04-260204-142251-903,G04-260204-142251-903.bmp,G04,2026-02-04T14:22:51,2026-02-04,G04_2026-02-04,903,test,normal,,1025,1281,1,2699df5384d68d87bd90fdc7d5864904e278b04ff8df689b3e38cb483c66c1f3,,
1.0,G04-260204-142258-904,G04-260204-142258-904.bmp,G04,2026-02-04T14:22:58,2026-02-04,G04_2026-02-04,904,test,normal,,1025,1281,1,07c129006db4cfdb78b912bd2d52a905b1ab6f22b573266dcc7733bd641b802c,,
1.0,G04-260204-142320-905,G04-260204-142320-905.bmp,G04,2026-02-04T14:23:20,2026-02-04,G04_2026-02-04,905,test,normal,,1025,1281,1,b3b0c4d093550c9cd1ee34eec181da51a0d39a1dc2f67ea82de50d90ff15c96a,,
1.0,G04-260204-142327-906,G04-260204-142327-906.bmp,G04,2026-02-04T14:23:27,2026-02-04,G04_2026-02-04,906,test,normal,,1025,1281,1,255aa1945f0a6e762f7fc55cc02a352968544998ccdbd19129f2ee286782d5cc,,
1.0,G04-260204-142352-907,G04-260204-142352-907.bmp,G04,2026-02-04T14:23:52,2026-02-04,G04_2026-02-04,907,test,normal,,1025,1281,1,3db3b50091117c413de25d2ba9b42454e71ce59db5fd8079b8919e8031d7e51d,,
1.0,G04-260204-142400-908,G04-260204-142400-908.bmp,G04,2026-02-04T14:24:00,2026-02-04,G04_2026-02-04,908,test,normal,,1025,1281,1,1b138017b58a64f90299547cfbdd8c1e1ef21702ea6fc5d59fb2777df1bf7b33,,
1.0,G04-260204-142421-909,G04-260204-142421-909.bmp,G04,2026-02-04T14:24:21,2026-02-04,G04_2026-02-04,909,test,normal,,1025,1281,1,2af5e6e4fb40d1f582304a211140ff5636d6e544a11d3b3a205b2036188a6f5b,,
1.0,G04-260204-142428-910,G04-260204-142428-910.bmp,G04,2026-02-04T14:24:28,2026-02-04,G04_2026-02-04,910,test,normal,,1025,1281,1,fdc790fad58b5585b668dfb8ed00d23f79d7a73c0d21777563a6707e86b69456,,
1.0,G04-260204-142451-911,G04-260204-142451-911.bmp,G04,2026-02-04T14:24:51,2026-02-04,G04_2026-02-04,911,test,normal,,1025,1281,1,a204e69bca1e6dcbe31785f80017b05b37d46105e2703a8e812d235f92fb14d7,,
1.0,G04-260204-142458-912,G04-260204-142458-912.bmp,G04,2026-02-04T14:24:58,2026-02-04,G04_2026-02-04,912,test,normal,,1025,1281,1,42c9d0b0fb1c1f5697e9e7f3336ae66432d7bd5fdf243075136d3d2af84d1eef,,
1.0,G04-260204-142522-913,G04-260204-142522-913.bmp,G04,2026-02-04T14:25:22,2026-02-04,G04_2026-02-04,913,test,normal,,1025,1281,1,cdd72f94e13bb160afe0c9981e23425a2cfe00067f25e4e87b1296bccbf7f670,,
1.0,G04-260204-142529-914,G04-260204-142529-914.bmp,G04,2026-02-04T14:25:29,2026-02-04,G04_2026-02-04,914,test,normal,,1025,1281,1,118136f06a1ef64d8de00257fb36ad1a631eaddc2a5d65c571dafaa4ad50e094,,
1.0,G04-260204-142553-915,G04-260204-142553-915.bmp,G04,2026-02-04T14:25:53,2026-02-04,G04_2026-02-04,915,test,normal,,1025,1281,1,63f917f506d3bf256c6e929fb0f7d442c797d0c443e8ebaabd0cd306b75a8d24,,
1.0,G04-260204-142602-916,G04-260204-142602-916.bmp,G04,2026-02-04T14:26:02,2026-02-04,G04_2026-02-04,916,test,normal,,1025,1281,1,f69f7afcd9d8366082fa7a62c3b895be1449582114b4d4422911c6f86c3cdc37,,
1.0,G04-260204-142622-917,G04-260204-142622-917.bmp,G04,2026-02-04T14:26:22,2026-02-04,G04_2026-02-04,917,test,normal,,1025,1281,1,5f93dd5268a589859f3269d834d52a56258ed63b013391c669fd5a928a4c7748,,
1.0,G04-260204-142629-918,G04-260204-142629-918.bmp,G04,2026-02-04T14:26:29,2026-02-04,G04_2026-02-04,918,test,normal,,1025,1281,1,a76b9f6faed536bde73ca63796c540b8ef169ce37544df7a531bc8303c9da9f0,,
1.0,G04-260204-142652-919,G04-260204-142652-919.bmp,G04,2026-02-04T14:26:52,2026-02-04,G04_2026-02-04,919,test,normal,,1025,1281,1,2df00228ec7d6ebf8931ad9ce1f97a00114bfc40ee0571c0e90262414953db0a,,
1.0,G04-260204-142659-920,G04-260204-142659-920.bmp,G04,2026-02-04T14:26:59,2026-02-04,G04_2026-02-04,920,test,normal,,1025,1281,1,9515a44b02677aabe4f1ef195185e238d22019be0e33d49ecbfbc975f5737bcc,,
1.0,G04-260204-142722-921,G04-260204-142722-921.bmp,G04,2026-02-04T14:27:22,2026-02-04,G04_2026-02-04,921,test,normal,,1025,1281,1,57ea72de327dbae9d50248926c1c154cbae5de043e74733c81aa453ac8aba8d6,,
1.0,G04-260204-142729-922,G04-260204-142729-922.bmp,G04,2026-02-04T14:27:29,2026-02-04,G04_2026-02-04,922,test,normal,,1025,1281,1,602faf819bd186a9bd12eab048079cd7bf3e34652193272381db690e6ee3ca64,,
1.0,G04-260204-142752-923,G04-260204-142752-923.bmp,G04,2026-02-04T14:27:52,2026-02-04,G04_2026-02-04,923,test,normal,,1025,1281,1,ef373b5260d4b60a219ef1349bef589ad531fa936be47f1210b5be41019ef9ae,,
1.0,G04-260204-142759-924,G04-260204-142759-924.bmp,G04,2026-02-04T14:27:59,2026-02-04,G04_2026-02-04,924,test,normal,,1025,1281,1,3a75b4077cb5f094885e7d9968361ae982d5c4026a55bf7d11c8db8e21187a0a,,
1.0,G04-260204-142823-925,G04-260204-142823-925.bmp,G04,2026-02-04T14:28:23,2026-02-04,G04_2026-02-04,925,test,normal,,1025,1281,1,89f1558d07386c2265e0df6442030ce88d1bf3f0fcadcc646fc9db4b408d7f0a,,
1.0,G04-260204-142830-926,G04-260204-142830-926.bmp,G04,2026-02-04T14:28:30,2026-02-04,G04_2026-02-04,926,test,normal,,1025,1281,1,40e737911d67ceeabf21a2a2fe4bf6f09fa22855339c4b4afaf168fcf491825f,,
1.0,G04-260204-142854-927,G04-260204-142854-927.bmp,G04,2026-02-04T14:28:54,2026-02-04,G04_2026-02-04,927,test,normal,,1025,1281,1,32f82ad06ccfac9f070d310032e8c85f70fe06f04f8dc88fa055483bf11d4308,,
1.0,G04-260204-142901-928,G04-260204-142901-928.bmp,G04,2026-02-04T14:29:01,2026-02-04,G04_2026-02-04,928,test,normal,,1025,1281,1,b6337d50012182c911a67bacb8c3624874221ee20f3042067fa4ccb7822f4bbe,,
1.0,G04-260204-142923-929,G04-260204-142923-929.bmp,G04,2026-02-04T14:29:23,2026-02-04,G04_2026-02-04,929,test,normal,,1025,1281,1,c8d7a4d3334573989734bdd64eeec2cecdfc0becc0b1151f074af85334207b71,,
1.0,G04-260204-142930-930,G04-260204-142930-930.bmp,G04,2026-02-04T14:29:30,2026-02-04,G04_2026-02-04,930,test,normal,,1025,1281,1,99e807f745518847762eb8e9391ee5d0e4ebd24ca6ffdb25ba97f8bcaad1103a,,
1.0,G04-260204-142954-931,G04-260204-142954-931.bmp,G04,2026-02-04T14:29:54,2026-02-04,G04_2026-02-04,931,test,normal,,1025,1281,1,239b61d9f38ece75193b74a52ea522bd4f11cbd39e571dd8bf17329fbeb84a93,,
1.0,G04-260204-143001-932,G04-260204-143001-932.bmp,G04,2026-02-04T14:30:01,2026-02-04,G04_2026-02-04,932,test,normal,,1025,1281,1,1ba5c8990cff5b2e729b48d53d562c745405934a728f26768f8513eac732b429,,
1.0,G04-260204-143023-933,G04-260204-143023-933.bmp,G04,2026-02-04T14:30:23,2026-02-04,G04_2026-02-04,933,test,normal,,1025,1281,1,49dfbbdb0f9c197222daf827e43c5f1cb15c5f375b52afb36fc5f81fb440ba86,,
1.0,G04-260204-143031-934,G04-260204-143031-934.bmp,G04,2026-02-04T14:30:31,2026-02-04,G04_2026-02-04,934,test,normal,,1025,1281,1,7ce4bcd20849d85083c5900a5233a2db58a823f946bdf457d82a03dadceadadf,,
1.0,G04-260204-143054-935,G04-260204-143054-935.bmp,G04,2026-02-04T14:30:54,2026-02-04,G04_2026-02-04,935,test,normal,,1025,1281,1,cd2a2996dfafeedd395a1d46e1ede39dd0ed79adaeac60fcd622fa6195077918,,
1.0,G04-260204-143101-936,G04-260204-143101-936.bmp,G04,2026-02-04T14:31:01,2026-02-04,G04_2026-02-04,936,test,normal,,1025,1281,1,03a87fb2241c725877155ddd5dd3d5a026454491ae16aa912e7d086eed5f60f5,,
1.0,G04-260204-143124-937,G04-260204-143124-937.bmp,G04,2026-02-04T14:31:24,2026-02-04,G04_2026-02-04,937,test,normal,,1025,1281,1,f573881bcf782f26b9ce711aaeafa387872570e2c272336f4cc30455b9875df0,,
1.0,G04-260204-143130-938,G04-260204-143130-938.bmp,G04,2026-02-04T14:31:30,2026-02-04,G04_2026-02-04,938,test,normal,,1025,1281,1,fc100c83aa836ffca655d14285658b7cb3a1d622d67347369c05cde9e490eac0,,
1.0,G04-260204-143155-939,G04-260204-143155-939.bmp,G04,2026-02-04T14:31:55,2026-02-04,G04_2026-02-04,939,test,normal,,1025,1281,1,8a263ccb9ac22910b76e58a4146268745e811b34babfe0581d2bfe288810b0c1,,
1.0,G04-260204-143201-940,G04-260204-143201-940.bmp,G04,2026-02-04T14:32:01,2026-02-04,G04_2026-02-04,940,test,normal,,1025,1281,1,f010bd58fcb42fd3ba746b6abb77edc7b418787a5b1f3f21fc4bdba4a2485fdd,,
1.0,G04-260204-143224-941,G04-260204-143224-941.bmp,G04,2026-02-04T14:32:24,2026-02-04,G04_2026-02-04,941,test,normal,,1025,1281,1,e727b5d59b02b42bd3c4e8e4ded9f9dac89f5e1c5d085e026d800cc297323330,,
1.0,G04-260204-143231-942,G04-260204-143231-942.bmp,G04,2026-02-04T14:32:31,2026-02-04,G04_2026-02-04,942,test,normal,,1025,1281,1,9f4a0d064e6fa1f31f604703fdca2ca05a3f60fc6d16c76a444a5bf2ce720800,,
1.0,G04-260204-143255-943,G04-260204-143255-943.bmp,G04,2026-02-04T14:32:55,2026-02-04,G04_2026-02-04,943,test,normal,,1025,1281,1,f28d7207e3014c34a665b46446ad243546d9ddae1f9487a90e63f6f7a1df07e7,,
1.0,G04-260204-143302-944,G04-260204-143302-944.bmp,G04,2026-02-04T14:33:02,2026-02-04,G04_2026-02-04,944,test,normal,,1025,1281,1,edf48a95f32c4c0b5db5807fe42989fae551bb470fcdf2b985dfcb9abd8b4574,,
1.0,G04-260204-143324-945,G04-260204-143324-945.bmp,G04,2026-02-04T14:33:24,2026-02-04,G04_2026-02-04,945,test,normal,,1025,1281,1,0c40d57c56113a27e73304a6c824232f0d16d419a098e27359619629edd05c01,,
1.0,G04-260204-143332-946,G04-260204-143332-946.bmp,G04,2026-02-04T14:33:32,2026-02-04,G04_2026-02-04,946,test,normal,,1025,1281,1,94023fc59b63ece45cfec4506d53b1da0a256f3af1879dd08b75f65a2f429445,,
1.0,G04-260204-143354-947,G04-260204-143354-947.bmp,G04,2026-02-04T14:33:54,2026-02-04,G04_2026-02-04,947,test,normal,,1025,1281,1,3ed4098a246f3ff15f2a14ee4320cc48531ba272429cbcde6426e8a092a5d777,,
1.0,G04-260204-143401-948,G04-260204-143401-948.bmp,G04,2026-02-04T14:34:01,2026-02-04,G04_2026-02-04,948,test,normal,,1025,1281,1,bf83560224d65df79ddfe7f822c9753e52107676fb1c1984c1b18334174fead1,,
1.0,G04-260204-143425-949,G04-260204-143425-949.bmp,G04,2026-02-04T14:34:25,2026-02-04,G04_2026-02-04,949,test,normal,,1025,1281,1,8e355f8e24dc98c4d65106db8a76d1529df0235ce6daa0a269ea4e6a3a578bda,,
1.0,G04-260204-143432-950,G04-260204-143432-950.bmp,G04,2026-02-04T14:34:32,2026-02-04,G04_2026-02-04,950,test,normal,,1025,1281,1,6ba52237a6c2b75214f45060c5f42d1a50e1ea56402dbdae63f92ea333379d59,,
1.0,G04-260204-143454-951,G04-260204-143454-951.bmp,G04,2026-02-04T14:34:54,2026-02-04,G04_2026-02-04,951,test,normal,,1025,1281,1,dc78e69afeaaeaacd8ae1eb63a62386a63fe6f96d6e3bf3cb2684858b4326abe,,
1.0,G04-260204-143501-952,G04-260204-143501-952.bmp,G04,2026-02-04T14:35:01,2026-02-04,G04_2026-02-04,952,test,normal,,1025,1281,1,672ed6bbebf57c5f5da134077e118e746671ba4f4e3f0f99535d6640e3d110c4,,
1.0,G04-260204-143526-953,G04-260204-143526-953.bmp,G04,2026-02-04T14:35:26,2026-02-04,G04_2026-02-04,953,test,normal,,1025,1281,1,55426a0c3fdc47ecfe18add406fd7d1726b2f0a5ff77d70e0502831d5c6b9fb4,,
1.0,G04-260204-143532-954,G04-260204-143532-954.bmp,G04,2026-02-04T14:35:32,2026-02-04,G04_2026-02-04,954,test,normal,,1025,1281,1,f692d4080d547044a2cd189abc073abf2a5d2d0a9143afc4d047fac7b2746b55,,
1.0,G04-260204-143554-955,G04-260204-143554-955.bmp,G04,2026-02-04T14:35:54,2026-02-04,G04_2026-02-04,955,test,normal,,1025,1281,1,09982c8daf6b58e502c44daa84e2295918a1f62991d89b96f359ba601d6d6c7c,,
1.0,G04-260204-143601-956,G04-260204-143601-956.bmp,G04,2026-02-04T14:36:01,2026-02-04,G04_2026-02-04,956,test,normal,,1025,1281,1,a875881c065edeb5300a901d2e0273310e24c265bbfdbf97e718fab97f0ff821,,
1.0,G04-260204-143626-957,G04-260204-143626-957.bmp,G04,2026-02-04T14:36:26,2026-02-04,G04_2026-02-04,957,test,normal,,1025,1281,1,4eb24efefa454485768c054c3f7bf6b484f05562a58ae003eeb939b448778d6d,,
1.0,G04-260204-143632-958,G04-260204-143632-958.bmp,G04,2026-02-04T14:36:32,2026-02-04,G04_2026-02-04,958,test,normal,,1025,1281,1,7ffb4e04f40f8aa8589fac09f3a30747bf3cc617fbceb5a8f8af8a7dc3f3c96c,,
1.0,G04-260204-143655-959,G04-260204-143655-959.bmp,G04,2026-02-04T14:36:55,2026-02-04,G04_2026-02-04,959,test,normal,,1025,1281,1,a82e012554af6213de52efac12716030e963c96c5861c1ab0d6d0a609c966856,,
1.0,G04-260204-143703-960,G04-260204-143703-960.bmp,G04,2026-02-04T14:37:03,2026-02-04,G04_2026-02-04,960,test,normal,,1025,1281,1,8463689ed2b33927023bed9ab74ede4e2416896494b138076a1335573de65f03,,
1.0,G04-260204-143725-961,G04-260204-143725-961.bmp,G04,2026-02-04T14:37:25,2026-02-04,G04_2026-02-04,961,test,normal,,1025,1281,1,ee4ecb5a06b616010a3f0a93f3ff3699651774eed317732783298c14c3d91c2d,,
1.0,G04-260204-143731-962,G04-260204-143731-962.bmp,G04,2026-02-04T14:37:31,2026-02-04,G04_2026-02-04,962,test,normal,,1025,1281,1,664ecd19ae93e8a2c25e9267aae6d3663d67a51d5f418b4c6647878225cfdcdf,,
1.0,G04-260204-143755-963,G04-260204-143755-963.bmp,G04,2026-02-04T14:37:55,2026-02-04,G04_2026-02-04,963,test,normal,,1025,1281,1,4007a937a8341bcb947dd4312309c89a2993ccc633213dd12eabab2caba6e1d5,,
1.0,G04-260204-143802-964,G04-260204-143802-964.bmp,G04,2026-02-04T14:38:02,2026-02-04,G04_2026-02-04,964,test,normal,,1025,1281,1,71af3ef99e1aa64ca069464ee87deb6575d6ed5001bdc891a38383c77c87b2d7,,
1.0,G04-260204-143825-965,G04-260204-143825-965.bmp,G04,2026-02-04T14:38:25,2026-02-04,G04_2026-02-04,965,test,normal,,1025,1281,1,b3ed185be6c3e57fc70f726197d4512c2c91875653c295b28f52acf01291e35a,,
1.0,G04-260204-143832-966,G04-260204-143832-966.bmp,G04,2026-02-04T14:38:32,2026-02-04,G04_2026-02-04,966,test,normal,,1025,1281,1,63bc3fa1100043be19f2b690ff2fc0d5dbb7e65a82859171f1e05f7a7e7d05d5,,
1.0,G04-260204-143855-967,G04-260204-143855-967.bmp,G04,2026-02-04T14:38:55,2026-02-04,G04_2026-02-04,967,test,normal,,1025,1281,1,91dd3a2e02121e155c7f701296a0de914a4e039c70f739010451556b2a875f86,,
1.0,G04-260204-143901-968,G04-260204-143901-968.bmp,G04,2026-02-04T14:39:01,2026-02-04,G04_2026-02-04,968,test,normal,,1025,1281,1,1497f58be63826255ae7b47176f96b8341b58d3fe669d517efa08ab19381a83e,,
1.0,G04-260204-143925-969,G04-260204-143925-969.bmp,G04,2026-02-04T14:39:25,2026-02-04,G04_2026-02-04,969,test,normal,,1025,1281,1,d988ae40f38eb8ea3d1d78cea0fefdbcf2dc0fc86d2dbfd7c4532e299be4b38e,,
1.0,G04-260204-143932-970,G04-260204-143932-970.bmp,G04,2026-02-04T14:39:32,2026-02-04,G04_2026-02-04,970,test,normal,,1025,1281,1,9bce6df02f6ef69f308a3b453001319bbabfc7f901d5a48f99ef59f4b6b86516,,
1.0,G04-260204-143957-971,G04-260204-143957-971.bmp,G04,2026-02-04T14:39:57,2026-02-04,G04_2026-02-04,971,test,normal,,1025,1281,1,0bc4a39f03c5a2e5e3b05b22617022a0bdafcb7f5add68534cd9f8260c7eacfa,,
1.0,G04-260204-144004-972,G04-260204-144004-972.bmp,G04,2026-02-04T14:40:04,2026-02-04,G04_2026-02-04,972,test,normal,,1025,1281,1,6f635b820b6f562c145b223c02d849ab4fee538cc0f5a69ce25769da4b62df2a,,
1.0,G04-260204-144026-973,G04-260204-144026-973.bmp,G04,2026-02-04T14:40:26,2026-02-04,G04_2026-02-04,973,test,normal,,1025,1281,1,8357733fbe5158e81374d442d188c94ed234c57f2a7f0410c36a3ce7d1932251,,
1.0,G04-260204-144033-974,G04-260204-144033-974.bmp,G04,2026-02-04T14:40:33,2026-02-04,G04_2026-02-04,974,test,normal,,1025,1281,1,3baa51a19fb6376c5d7fcf8fa43305fa52c4be8bbc1ab7b1c730aa106a3bb10d,,
1.0,G04-260204-144055-975,G04-260204-144055-975.bmp,G04,2026-02-04T14:40:55,2026-02-04,G04_2026-02-04,975,test,normal,,1025,1281,1,722f1f31e7b422a30ab50026caff70f21b6c1690e4b9afe00f4aec987536dd0b,,
1.0,G04-260204-144103-976,G04-260204-144103-976.bmp,G04,2026-02-04T14:41:03,2026-02-04,G04_2026-02-04,976,test,normal,,1025,1281,1,ba580b55de6eae3b177cb345796f3b49bab1e36d4eca4e85c99d980190662188,,
1.0,G04-260204-144127-977,G04-260204-144127-977.bmp,G04,2026-02-04T14:41:27,2026-02-04,G04_2026-02-04,977,test,normal,,1025,1281,1,d20ee0b5d958f35e624009934f65c751be0cc526d4b1c824659155bde949233e,,
1.0,G04-260204-144134-978,G04-260204-144134-978.bmp,G04,2026-02-04T14:41:34,2026-02-04,G04_2026-02-04,978,test,normal,,1025,1281,1,6c8e274750a1d34585d3940561ab4a876888839c3ac7371f40b2fe83222adb00,,
1.0,G04-260204-144156-979,G04-260204-144156-979.bmp,G04,2026-02-04T14:41:56,2026-02-04,G04_2026-02-04,979,test,normal,,1025,1281,1,2f984b99822c6538d4ea7a8223dff3379a5d75ae7a84b1e652335a65b39b1098,,
1.0,G04-260204-144203-980,G04-260204-144203-980.bmp,G04,2026-02-04T14:42:03,2026-02-04,G04_2026-02-04,980,test,normal,,1025,1281,1,0c81d786fe11d7d3c97fc58f1cb20a98b74345c0793c24e903b720091cba160b,,
1.0,G04-260204-144227-981,G04-260204-144227-981.bmp,G04,2026-02-04T14:42:27,2026-02-04,G04_2026-02-04,981,test,normal,,1025,1281,1,77a7689605622a131f41466d99fe28ebed6beebd4a59af3f73d0b8fa8161b7db,,
1.0,G04-260204-144234-982,G04-260204-144234-982.bmp,G04,2026-02-04T14:42:34,2026-02-04,G04_2026-02-04,982,test,normal,,1025,1281,1,edae0d3f5bae8d680beb4712eaed00224b7cb78092e41477d2a1cd58c7c290df,,
1.0,G04-260204-144256-983,G04-260204-144256-983.bmp,G04,2026-02-04T14:42:56,2026-02-04,G04_2026-02-04,983,test,normal,,1025,1281,1,3b791fa9f2e35386ef4604c4d52eb027621c310694316508929fe79a1f6289d6,,
1.0,G04-260204-144303-984,G04-260204-144303-984.bmp,G04,2026-02-04T14:43:03,2026-02-04,G04_2026-02-04,984,test,normal,,1025,1281,1,487cba2a91e1476a2be20a632ad203b7898bb6ef7f682fd5dd3611e416d8aa5f,,
1.0,G04-260204-144327-985,G04-260204-144327-985.bmp,G04,2026-02-04T14:43:27,2026-02-04,G04_2026-02-04,985,test,normal,,1025,1281,1,0cf3be7f6e66e73b4d3de7e98fade3fadb955e29b10ed4ae44cbaec0fff52f3f,,
1.0,G04-260204-144333-986,G04-260204-144333-986.bmp,G04,2026-02-04T14:43:33,2026-02-04,G04_2026-02-04,986,test,normal,,1025,1281,1,c99c01d3bd6de914f3aeb8e097128806f3330e35362bdc0076249e11ac7c9a3d,,
1.0,G04-260204-144356-987,G04-260204-144356-987.bmp,G04,2026-02-04T14:43:56,2026-02-04,G04_2026-02-04,987,test,normal,,1025,1281,1,46229d260ba08cb403ef33239210f98110d84a302ce9367324c3d4c143488f23,,
1.0,G04-260204-144403-988,G04-260204-144403-988.bmp,G04,2026-02-04T14:44:03,2026-02-04,G04_2026-02-04,988,test,normal,,1025,1281,1,1725eb800d00eeb2f058c6b2a055263c1d2aae3abc8aff25d883e3f030fa5887,,
1.0,G04-260204-144427-989,G04-260204-144427-989.bmp,G04,2026-02-04T14:44:27,2026-02-04,G04_2026-02-04,989,test,normal,,1025,1281,1,8afca700382f791490eec8702ec60557a6404c8dc2e4b9e2cf46acea770900fd,,
1.0,G04-260204-144434-990,G04-260204-144434-990.bmp,G04,2026-02-04T14:44:34,2026-02-04,G04_2026-02-04,990,test,normal,,1025,1281,1,a6e47857ae0390293cd7a50335151800448eab0a33d441382a00a24429227474,,
1.0,G04-260204-144457-991,G04-260204-144457-991.bmp,G04,2026-02-04T14:44:57,2026-02-04,G04_2026-02-04,991,test,normal,,1025,1281,1,3b50ee1813acb9b819c445bccb8bbcc398de4f9210e63598f4e85ee06678a014,,
1.0,G04-260204-144504-992,G04-260204-144504-992.bmp,G04,2026-02-04T14:45:04,2026-02-04,G04_2026-02-04,992,test,normal,,1025,1281,1,dd8ec9a5a2a7bedbe8e96f160875697d3134d2cf74da318b11c428e0f456ba06,,
1.0,G04-260204-144527-993,G04-260204-144527-993.bmp,G04,2026-02-04T14:45:27,2026-02-04,G04_2026-02-04,993,test,normal,,1025,1281,1,f1977a60be3e8957bc2f196bfa4dadf586865b5088485d5f4d16fd7570521382,,
1.0,G04-260204-144557-994,G04-260204-144557-994.bmp,G04,2026-02-04T14:45:57,2026-02-04,G04_2026-02-04,994,test,normal,,1025,1281,1,5266e1ff833683c19f65ba3139eaf83f4ae81cf34a02be1b8ce803911691442d,,
1.0,G04-260204-144604-995,G04-260204-144604-995.bmp,G04,2026-02-04T14:46:04,2026-02-04,G04_2026-02-04,995,test,normal,,1025,1281,1,c40ed8cc662e3a363e587c2a8312db311be89e50dd23320a9704d09f332f7c52,,
1.0,G04-260204-144627-996,G04-260204-144627-996.bmp,G04,2026-02-04T14:46:27,2026-02-04,G04_2026-02-04,996,test,normal,,1025,1281,1,b8e4f8e1c1dc54e581769858c71994ce07e6d7e7cedf22f7526fd45894335e57,,
1.0,G04-260204-144634-997,G04-260204-144634-997.bmp,G04,2026-02-04T14:46:34,2026-02-04,G04_2026-02-04,997,test,normal,,1025,1281,1,9f15cb1141c94e44e6d89fcb097778ecf74446ef83b032599ea136f27330e183,,
1.0,G04-260204-144657-998,G04-260204-144657-998.bmp,G04,2026-02-04T14:46:57,2026-02-04,G04_2026-02-04,998,test,normal,,1025,1281,1,cae9ab95017590c88477e87bd67fbb3baa76b9427981d8a2e78330a8dd96c3b8,,
1.0,G04-260204-144704-999,G04-260204-144704-999.bmp,G04,2026-02-04T14:47:04,2026-02-04,G04_2026-02-04,999,test,normal,,1025,1281,1,3385093ef3ae9831411b325a5b7ce8202d9d0e3e7eeef5adfcc784ba48d77ec8,,
1.0,G04-260204-144727-000,G04-260204-144727-000.bmp,G04,2026-02-04T14:47:27,2026-02-04,G04_2026-02-04,0,test,normal,,1025,1281,1,ba0eef45a918e16376151e8e7761d0c6272ace545ad6d153c6d09e3a9ff36233,,
1.0,G04-260204-144734-001,G04-260204-144734-001.bmp,G04,2026-02-04T14:47:34,2026-02-04,G04_2026-02-04,1,test,normal,,1025,1281,1,dc87aed63cd4c93c7f6cd0bb9557e4738b154844bb5c8295780b039c6327f5c8,,
1.0,G04-260204-144758-002,G04-260204-144758-002.bmp,G04,2026-02-04T14:47:58,2026-02-04,G04_2026-02-04,2,test,normal,,1025,1281,1,0876207e103912ea43666fe81ac8438ff84f2379a47893045bb7ef8740576e15,,
1.0,G04-260204-144804-003,G04-260204-144804-003.bmp,G04,2026-02-04T14:48:04,2026-02-04,G04_2026-02-04,3,test,normal,,1025,1281,1,b00db9033771fed7f42bc71cf49befa4b9fa3f48a911a5d599fe03453e6bd5c1,,
1.0,G04-260204-144828-004,G04-260204-144828-004.bmp,G04,2026-02-04T14:48:28,2026-02-04,G04_2026-02-04,4,test,normal,,1025,1281,1,9e7633c879ec751eea1fbb0bc64878d8d52cc7b605498d2955d9f8ebc503779a,,
1.0,G04-260204-144835-005,G04-260204-144835-005.bmp,G04,2026-02-04T14:48:35,2026-02-04,G04_2026-02-04,5,test,normal,,1025,1281,1,b44c822b562e5a96cc35c276a82c6c7b3b15e2bf6bd9ce9d8b90b2b608e07003,,
1.0,G04-260204-144858-006,G04-260204-144858-006.bmp,G04,2026-02-04T14:48:58,2026-02-04,G04_2026-02-04,6,test,normal,,1025,1281,1,14cd3f7ae2f0cf5e3f3cd859c204db1522d9cedd060508c67007fc0290b80c8d,,
1.0,G04-260204-144904-007,G04-260204-144904-007.bmp,G04,2026-02-04T14:49:04,2026-02-04,G04_2026-02-04,7,test,normal,,1025,1281,1,1a4c3555df4b85ce7161adc21734354a5fcebdf52778b885ee99bae0c2ee74ae,,
1.0,G04-260204-144928-008,G04-260204-144928-008.bmp,G04,2026-02-04T14:49:28,2026-02-04,G04_2026-02-04,8,test,normal,,1025,1281,1,41db6f4b4078bfa387f0193c20e85009c8b0ee2333c0527e67126b2098a61271,,
1.0,G04-260204-144935-009,G04-260204-144935-009.bmp,G04,2026-02-04T14:49:35,2026-02-04,G04_2026-02-04,9,test,normal,,1025,1281,1,232ecb5e7348e0c6b972a2844bee1f49bea797effd0d51faead53d6f2c59bdf0,,
1.0,G04-260204-144959-010,G04-260204-144959-010.bmp,G04,2026-02-04T14:49:59,2026-02-04,G04_2026-02-04,10,test,normal,,1025,1281,1,bd7616f3302099547bb0b8f39fcea2a613e8e4c71b9879f1bdfff3c09a6d6b28,,
1.0,G04-260204-145005-011,G04-260204-145005-011.bmp,G04,2026-02-04T14:50:05,2026-02-04,G04_2026-02-04,11,test,normal,,1025,1281,1,64686f2891b514e93b0278e219283674ba38d22b4cb218bea225ce06398b7371,,
1.0,G04-260204-145030-012,G04-260204-145030-012.bmp,G04,2026-02-04T14:50:30,2026-02-04,G04_2026-02-04,12,test,normal,,1025,1281,1,91f7bf7d827b66f7fd3d9cd78de22fdda1375f34528a1854dfb6381a64197d27,,
1.0,G04-260204-145037-013,G04-260204-145037-013.bmp,G04,2026-02-04T14:50:37,2026-02-04,G04_2026-02-04,13,test,normal,,1025,1281,1,2db9a2b54815e2cc4c2030fbfdab792146be338a591b984f12ab8e29b2987e63,,
1.0,G04-260204-145059-014,G04-260204-145059-014.bmp,G04,2026-02-04T14:50:59,2026-02-04,G04_2026-02-04,14,test,normal,,1025,1281,1,e93fc5764886ad066246fce9f2f78baf368b2045cb9dae8abbaeaef8c92c23c6,,
1.0,G04-260204-145105-015,G04-260204-145105-015.bmp,G04,2026-02-04T14:51:05,2026-02-04,G04_2026-02-04,15,test,normal,,1025,1281,1,0bf91025c57fb078894ea782ed8af3a6aaa412276ff545d62f2188a4a10bb86d,,
1.0,G04-260204-145129-016,G04-260204-145129-016.bmp,G04,2026-02-04T14:51:29,2026-02-04,G04_2026-02-04,16,test,normal,,1025,1281,1,46be8d60d152b0681235d0eacda0ffadbe43c1f172505bcdf625e38ec36dcdfd,,
1.0,G04-260204-145136-017,G04-260204-145136-017.bmp,G04,2026-02-04T14:51:36,2026-02-04,G04_2026-02-04,17,test,normal,,1025,1281,1,a33f464cd68868a54f3a3ac320791193413e36c001f0d3adcf064f92a5ffeeb0,,
1.0,G04-260204-145159-018,G04-260204-145159-018.bmp,G04,2026-02-04T14:51:59,2026-02-04,G04_2026-02-04,18,test,normal,,1025,1281,1,5a675bdd8e2a1ed7bc722a02c751b3ffe2abe92715ee45b8542b2cc4fcf79761,,
1.0,G04-260204-145206-019,G04-260204-145206-019.bmp,G04,2026-02-04T14:52:06,2026-02-04,G04_2026-02-04,19,test,normal,,1025,1281,1,12f5fe37ea297e5c5503807b270a50e9c330cfe41d3b8b04a75d7bc6620647ba,,
1.0,G04-260204-145229-020,G04-260204-145229-020.bmp,G04,2026-02-04T14:52:29,2026-02-04,G04_2026-02-04,20,test,normal,,1025,1281,1,7b06a690b2029acea4334105e9718d935bc3937608e212cea1a16c8db3496db2,,
1.0,G04-260204-145236-021,G04-260204-145236-021.bmp,G04,2026-02-04T14:52:36,2026-02-04,G04_2026-02-04,21,test,normal,,1025,1281,1,69e38486c6f5f519af0d47c337d728fc4ef470f30d8b5db6714be7c8e40d6207,,
1.0,G04-260204-145259-022,G04-260204-145259-022.bmp,G04,2026-02-04T14:52:59,2026-02-04,G04_2026-02-04,22,test,normal,,1025,1281,1,87362a7f8892333adaf7d69d3584212c5aa4e40a3a377cddfe988b06f36efa69,,
1.0,G04-260204-145309-023,G04-260204-145309-023.bmp,G04,2026-02-04T14:53:09,2026-02-04,G04_2026-02-04,23,test,normal,,1025,1281,1,fa80e6df46f2699ab3cfe96bcf4796096e1791c66223ccdf6138494cbfa2d72a,,
1.0,G04-260204-145329-024,G04-260204-145329-024.bmp,G04,2026-02-04T14:53:29,2026-02-04,G04_2026-02-04,24,test,normal,,1025,1281,1,9b1f44ffe7aa8d26f94c84f3d82faa427302493fdeb106dbcb2d5001e21e78ea,,
1.0,G04-260204-145336-025,G04-260204-145336-025.bmp,G04,2026-02-04T14:53:36,2026-02-04,G04_2026-02-04,25,test,normal,,1025,1281,1,6d201b7e91cf8b7fa46478272682f3fc0b795c0ab62b7a2798b77c3ad1049fe2,,
1.0,G04-260204-145400-026,G04-260204-145400-026.bmp,G04,2026-02-04T14:54:00,2026-02-04,G04_2026-02-04,26,test,normal,,1025,1281,1,991c75afcb847ab40dbf28611eafd83f2b9fc1013d80fa4d1b188236d739c622,,
1.0,G04-260204-145407-027,G04-260204-145407-027.bmp,G04,2026-02-04T14:54:07,2026-02-04,G04_2026-02-04,27,test,normal,,1025,1281,1,e6950e4f36f0ec341c6f640c8e5faf2293193740f79edba8bf9110f5762fb46c,,
1.0,G04-260204-145431-028,G04-260204-145431-028.bmp,G04,2026-02-04T14:54:31,2026-02-04,G04_2026-02-04,28,test,normal,,1025,1281,1,c4a996e6a7a42dc73cfc95b4d8471c41e32b5685adcb135bebe8f42743acce3c,,
1.0,G04-260204-145438-029,G04-260204-145438-029.bmp,G04,2026-02-04T14:54:38,2026-02-04,G04_2026-02-04,29,test,normal,,1025,1281,1,b5a71e9ca9072e42547c7e2022fa0283ef393ec94a462918457e409f3506b367,,
1.0,G04-260204-145500-030,G04-260204-145500-030.bmp,G04,2026-02-04T14:55:00,2026-02-04,G04_2026-02-04,30,test,normal,,1025,1281,1,f282a010b018854d400f28b7b500564c358ebc4ed6384342834aa7665c6dd742,,
1.0,G04-260204-145506-031,G04-260204-145506-031.bmp,G04,2026-02-04T14:55:06,2026-02-04,G04_2026-02-04,31,test,normal,,1025,1281,1,cb32598080da28934325c3905a8fbc0302b4209e9655a5da089387171d1d47d6,,
1.0,G04-260204-145530-032,G04-260204-145530-032.bmp,G04,2026-02-04T14:55:30,2026-02-04,G04_2026-02-04,32,test,normal,,1025,1281,1,2348139472477482b16cf98bc7c027b4b5caebc7a6bc4b67357dd7902c3a56d3,,
1.0,G04-260204-145537-033,G04-260204-145537-033.bmp,G04,2026-02-04T14:55:37,2026-02-04,G04_2026-02-04,33,test,normal,,1025,1281,1,8782bbca42bae1ce08f93da2c741d472d6665e29f7a1fd5e4e644db5eeb85510,,
1.0,G04-260204-145559-034,G04-260204-145559-034.bmp,G04,2026-02-04T14:55:59,2026-02-04,G04_2026-02-04,34,test,normal,,1025,1281,1,149f5b72d7d39d257bfbc7e818fc0a90bae5d360ddf6575356f0813c45eca786,,
1.0,G04-260204-145606-035,G04-260204-145606-035.bmp,G04,2026-02-04T14:56:06,2026-02-04,G04_2026-02-04,35,test,normal,,1025,1281,1,9966d3b1d3b23fbb44a0402e3521e9862611f1b7ee0310349e406c7809953096,,
1.0,G04-260204-145630-036,G04-260204-145630-036.bmp,G04,2026-02-04T14:56:30,2026-02-04,G04_2026-02-04,36,test,normal,,1025,1281,1,1d85df0f1db2030f68f47036ef98a98c3e49e93dbaa085c653be76a45d1fc4a6,,
1.0,G04-260204-145638-037,G04-260204-145638-037.bmp,G04,2026-02-04T14:56:38,2026-02-04,G04_2026-02-04,37,test,normal,,1025,1281,1,e5f23ee5078095ed7768a1adae04d50e45af1e2b5b68f7d1fe2329696695eea3,,
1.0,G04-260204-145700-038,G04-260204-145700-038.bmp,G04,2026-02-04T14:57:00,2026-02-04,G04_2026-02-04,38,test,normal,,1025,1281,1,b15bd4132af1b2c33a7d5775835f0b1af0436335907ea604c57e98ea870f1cb9,,
1.0,G04-260204-145707-039,G04-260204-145707-039.bmp,G04,2026-02-04T14:57:07,2026-02-04,G04_2026-02-04,39,test,normal,,1025,1281,1,d5f235526c487d80058f7b7aef4aac38e7d90508ef01c8aec8a763d8fecb59d8,,
1.0,G04-260204-145729-040,G04-260204-145729-040.bmp,G04,2026-02-04T14:57:29,2026-02-04,G04_2026-02-04,40,test,normal,,1025,1281,1,3808e3d63b87bc69aabd14c95a297e746de6f7377d4e02d2a4425c8a34998c47,,
1.0,G04-260204-145737-041,G04-260204-145737-041.bmp,G04,2026-02-04T14:57:37,2026-02-04,G04_2026-02-04,41,test,normal,,1025,1281,1,9976e461d22c0ac534ddb5e4d0677619c7c70f0613438451d9217a18c6f724f2,,
1.0,G04-260204-145801-042,G04-260204-145801-042.bmp,G04,2026-02-04T14:58:01,2026-02-04,G04_2026-02-04,42,test,normal,,1025,1281,1,9a150edf5d9e7aaee31eb1e023e4db10cdbd89dbdf9c071f14b00f082fef20af,,
1.0,G04-260204-145808-043,G04-260204-145808-043.bmp,G04,2026-02-04T14:58:08,2026-02-04,G04_2026-02-04,43,test,normal,,1025,1281,1,d5db1a073aebfea18bfdca4b76bc51d5bd9799e89e5cbc3f1d14c1eb29713b78,,
1.0,G04-260204-145831-044,G04-260204-145831-044.bmp,G04,2026-02-04T14:58:31,2026-02-04,G04_2026-02-04,44,test,normal,,1025,1281,1,18c7b14b2267e04dbff06a800c582c45af3552cd0ae11f615cd7b4d4b7e552bd,,
1.0,G04-260204-145838-045,G04-260204-145838-045.bmp,G04,2026-02-04T14:58:38,2026-02-04,G04_2026-02-04,45,test,normal,,1025,1281,1,35f42d3268aa8b54e5a24527d8e64b2424566484ac39c137b487169ee59674ba,,
1.0,G04-260204-145902-046,G04-260204-145902-046.bmp,G04,2026-02-04T14:59:02,2026-02-04,G04_2026-02-04,46,test,normal,,1025,1281,1,8f42db0b16f2f9cac694064cfd6d08703c71c008e6af25126f219df8c2b36582,,
1.0,G04-260204-145909-047,G04-260204-145909-047.bmp,G04,2026-02-04T14:59:09,2026-02-04,G04_2026-02-04,47,test,normal,,1025,1281,1,7d9a1a9ea96efa16f718a2ecbfaa17a0d077d001a02e0292b59d08509ce11d52,,
1.0,G04-260204-145932-048,G04-260204-145932-048.bmp,G04,2026-02-04T14:59:32,2026-02-04,G04_2026-02-04,48,test,normal,,1025,1281,1,6da1cc89c4522a0f22d7f09985ffa018fe65a09e83c32989a5735c5c4788458a,,
1.0,G04-260204-145938-049,G04-260204-145938-049.bmp,G04,2026-02-04T14:59:38,2026-02-04,G04_2026-02-04,49,test,normal,,1025,1281,1,a360c8dcb528fa3266428095a327c77de23e6410d23e7e3ad30099876806145c,,
1.0,G04-260204-150001-050,G04-260204-150001-050.bmp,G04,2026-02-04T15:00:01,2026-02-04,G04_2026-02-04,50,test,normal,,1025,1281,1,e3a9285ceec2af02f8becd2f0e5b19d275131a95d6d05470e7b7ff3ad9473ebe,,
1.0,G04-260204-150010-051,G04-260204-150010-051.bmp,G04,2026-02-04T15:00:10,2026-02-04,G04_2026-02-04,51,test,normal,,1025,1281,1,91bf0708a67805938fd58b3e40b25e39431c7d288cf416f3e957bfca30aa2d80,,
1.0,G04-260204-150032-052,G04-260204-150032-052.bmp,G04,2026-02-04T15:00:32,2026-02-04,G04_2026-02-04,52,test,normal,,1025,1281,1,633ff304ab0535fcf61db23d7e13c36513633df257503befd1b6c7c2f1f3ca2f,,
1.0,G04-260204-150038-053,G04-260204-150038-053.bmp,G04,2026-02-04T15:00:38,2026-02-04,G04_2026-02-04,53,test,normal,,1025,1281,1,2d87007f600c58a9ef9d6a0698013cf18f868540f6bc8fdb71589ff3c47b3543,,
1.0,G04-260204-150101-054,G04-260204-150101-054.bmp,G04,2026-02-04T15:01:01,2026-02-04,G04_2026-02-04,54,test,normal,,1025,1281,1,fedf404c6e585530eb1c7572a72728c484c51ee46e81fe3fc5d559ee45d60cc3,,
1.0,G04-260204-150108-055,G04-260204-150108-055.bmp,G04,2026-02-04T15:01:08,2026-02-04,G04_2026-02-04,55,test,normal,,1025,1281,1,e9558f69c95c5301281b1190169ce96ebe02df72b648d9b042b8e5444a3bbd6f,,
1.0,G04-260204-150132-056,G04-260204-150132-056.bmp,G04,2026-02-04T15:01:32,2026-02-04,G04_2026-02-04,56,test,normal,,1025,1281,1,7cf5d740895c4eb2e3cc8aeeb4ac0330b93b1f6eab9681d2677f0d52171e8ff3,,
1.0,G04-260204-150139-057,G04-260204-150139-057.bmp,G04,2026-02-04T15:01:39,2026-02-04,G04_2026-02-04,57,test,normal,,1025,1281,1,872e545b667a4f96086b11a8f33ecbfc6e87a7fa2be2eda05b87d73f9076aa78,,
1.0,G04-260204-150202-058,G04-260204-150202-058.bmp,G04,2026-02-04T15:02:02,2026-02-04,G04_2026-02-04,58,test,normal,,1025,1281,1,4629bef5eac78a84c054dfb4d8d42d2d16da92019fbd0671947b2d334bd97b96,,
1.0,G04-260204-150209-059,G04-260204-150209-059.bmp,G04,2026-02-04T15:02:09,2026-02-04,G04_2026-02-04,59,test,normal,,1025,1281,1,2e7cf2a3bf3195adca752d27af20737e7715c3cdb97d958da9f25b87e086dcc3,,
1.0,G04-260204-150232-060,G04-260204-150232-060.bmp,G04,2026-02-04T15:02:32,2026-02-04,G04_2026-02-04,60,test,normal,,1025,1281,1,2b8208e00c065a6c69acb5133cdd38c67babafe7e0a9df86152ff54245253397,,
1.0,G04-260204-150238-061,G04-260204-150238-061.bmp,G04,2026-02-04T15:02:38,2026-02-04,G04_2026-02-04,61,test,normal,,1025,1281,1,4e153cca8efe882f056649f6f8182fb26b3516b40fdc600b382630759e7164ce,,
1.0,G04-260204-150303-062,G04-260204-150303-062.bmp,G04,2026-02-04T15:03:03,2026-02-04,G04_2026-02-04,62,test,normal,,1025,1281,1,1a8b24a34ae2b5dc179410e55b52b04463654b27e05c46877abe7374abd5059e,,
1.0,G04-260204-150309-063,G04-260204-150309-063.bmp,G04,2026-02-04T15:03:09,2026-02-04,G04_2026-02-04,63,test,normal,,1025,1281,1,56957278e223a5ad010d9d6ceb5ed65a0285c3317899424bc27a78c2137442c9,,
1.0,G04-260204-150332-064,G04-260204-150332-064.bmp,G04,2026-02-04T15:03:32,2026-02-04,G04_2026-02-04,64,test,normal,,1025,1281,1,bcc1bda3fd170dd205aa290dae808fe82cfb45fcc7c5a73b03792264e8b6a475,,
1.0,G04-260204-150339-065,G04-260204-150339-065.bmp,G04,2026-02-04T15:03:39,2026-02-04,G04_2026-02-04,65,test,normal,,1025,1281,1,53ba7309cf9275bd81937a8279cf22203e3fcdb8e1cfe9f376744c30fa1d05b8,,
1.0,G04-260204-150402-066,G04-260204-150402-066.bmp,G04,2026-02-04T15:04:02,2026-02-04,G04_2026-02-04,66,test,normal,,1025,1281,1,3d7b0d362a18c1d762308d59d3653eaf84b2abe1607577068c1c816ce3d97bc3,,
1.0,G04-260204-150409-067,G04-260204-150409-067.bmp,G04,2026-02-04T15:04:09,2026-02-04,G04_2026-02-04,67,test,normal,,1025,1281,1,e9febb05d4d577bdc3dc80897ea7be275f084a4bbf1b517d3f6a3b795b7b96ea,,
1.0,G04-260204-150433-068,G04-260204-150433-068.bmp,G04,2026-02-04T15:04:33,2026-02-04,G04_2026-02-04,68,test,normal,,1025,1281,1,2274dfd1ae9cb7a719b2eac176039ede39056d060428e044e7cf3e13fd995743,,
1.0,G04-260204-150440-069,G04-260204-150440-069.bmp,G04,2026-02-04T15:04:40,2026-02-04,G04_2026-02-04,69,test,normal,,1025,1281,1,7da66a0b6cca85eb49b4349f20b905636ad1f68ea469970d0eca243472905634,,
1.0,G04-260204-150503-070,G04-260204-150503-070.bmp,G04,2026-02-04T15:05:03,2026-02-04,G04_2026-02-04,70,test,normal,,1025,1281,1,80cf7d25b9ec4e5490a507be259f42119c2414b3727d24ff08110c396490535c,,
1.0,G04-260204-150510-071,G04-260204-150510-071.bmp,G04,2026-02-04T15:05:10,2026-02-04,G04_2026-02-04,71,test,normal,,1025,1281,1,4134330652bdba0190b9c6b11b44fd9da8bd94b7300c1d184ae9743e7dce2931,,
1.0,G04-260204-150534-072,G04-260204-150534-072.bmp,G04,2026-02-04T15:05:34,2026-02-04,G04_2026-02-04,72,test,normal,,1025,1281,1,5ce0d4741d314c4cefb3937c0e930787336741ad4bf0122ac864ef2d93e32d47,,
1.0,G04-260204-150540-073,G04-260204-150540-073.bmp,G04,2026-02-04T15:05:40,2026-02-04,G04_2026-02-04,73,test,normal,,1025,1281,1,f57b2aee0a62abae85c2dd850c302dbaa1070de52190bdc18bfad7c0fa982e06,,
1.0,G04-260204-150603-074,G04-260204-150603-074.bmp,G04,2026-02-04T15:06:03,2026-02-04,G04_2026-02-04,74,test,normal,,1025,1281,1,9b0f3f42617632f47a3fb6ab7c9aa183871ad0f60ca5d70e74a3a56e32743f88,,
1.0,G04-260204-150610-075,G04-260204-150610-075.bmp,G04,2026-02-04T15:06:10,2026-02-04,G04_2026-02-04,75,test,normal,,1025,1281,1,811ed1c1ad2473911d7a4a9019c7385b42f1d720bc7af7330b3719b354731628,,
1.0,G04-260204-150633-076,G04-260204-150633-076.bmp,G04,2026-02-04T15:06:33,2026-02-04,G04_2026-02-04,76,test,normal,,1025,1281,1,01e916f4ee8d610f841ad7e52ab57efd0e6feded192b2ad19adcbe0f19709874,,
1.0,G04-260204-150703-077,G04-260204-150703-077.bmp,G04,2026-02-04T15:07:03,2026-02-04,G04_2026-02-04,77,test,normal,,1025,1281,1,8bfe79c8e7a5d9ead8df532208b31571bdbc760df6680ae08473ef2d985bbdf3,,
1.0,G04-260204-150710-078,G04-260204-150710-078.bmp,G04,2026-02-04T15:07:10,2026-02-04,G04_2026-02-04,78,test,normal,,1025,1281,1,e3695c95412c1960722a8e481fdff6a6746ddf74c982faba9f02d58d06d15d12,,
1.0,G04-260204-150734-079,G04-260204-150734-079.bmp,G04,2026-02-04T15:07:34,2026-02-04,G04_2026-02-04,79,test,normal,,1025,1281,1,2dd48a9c665da5b45d6eda601af22b54b9506b603c035e89800ef2f2753e19e7,,
1.0,G04-260204-150741-080,G04-260204-150741-080.bmp,G04,2026-02-04T15:07:41,2026-02-04,G04_2026-02-04,80,test,normal,,1025,1281,1,82a6e5858a7df921f6cedcdca904f0cea57f6769ddffa033580369afa5a07013,,
1.0,G04-260204-150804-081,G04-260204-150804-081.bmp,G04,2026-02-04T15:08:04,2026-02-04,G04_2026-02-04,81,test,normal,,1025,1281,1,e8814971c393fc39c6fd4513521b27d9f9a622b92b8dd9bdc870758560c42e7f,,
1.0,G04-260204-150810-082,G04-260204-150810-082.bmp,G04,2026-02-04T15:08:10,2026-02-04,G04_2026-02-04,82,test,normal,,1025,1281,1,ccea320e5c8df499884c325f06eea5a0d660d9a68e1fb740fcb46a641377f824,,
1.0,G04-260204-150833-083,G04-260204-150833-083.bmp,G04,2026-02-04T15:08:33,2026-02-04,G04_2026-02-04,83,test,normal,,1025,1281,1,1e7eb581b99c80d1b95f9efada4846cbec9a9a690d8c8b36d85ee85decf932ae,,
1.0,G04-260204-150840-084,G04-260204-150840-084.bmp,G04,2026-02-04T15:08:40,2026-02-04,G04_2026-02-04,84,test,normal,,1025,1281,1,6891830df7dcb4f9f070d07461c9ebd637a9683229d66857285e5948453a1be9,,
1.0,G04-260204-150903-085,G04-260204-150903-085.bmp,G04,2026-02-04T15:09:03,2026-02-04,G04_2026-02-04,85,test,normal,,1025,1281,1,0fc008eb0d73ae7dc1cbbc3b505180bc5ab467bd71528955d9f9f1a586772369,,
1.0,G04-260204-150910-086,G04-260204-150910-086.bmp,G04,2026-02-04T15:09:10,2026-02-04,G04_2026-02-04,86,test,normal,,1025,1281,1,cf8709450a89d55ef394738f94710df4be212e15b2ee01b41ea85c52a1b011f8,,
1.0,G04-260204-150934-087,G04-260204-150934-087.bmp,G04,2026-02-04T15:09:34,2026-02-04,G04_2026-02-04,87,test,normal,,1025,1281,1,184aa01d2807a3b4d00fa3448b201b7685b28910c8cf0008624c76a8800d91ab,,
1.0,G04-260204-150941-088,G04-260204-150941-088.bmp,G04,2026-02-04T15:09:41,2026-02-04,G04_2026-02-04,88,test,normal,,1025,1281,1,8c7210e0c2f21323b82ddc113ee4a43586db76d44e373cc806823ef09e51e6a8,,
1.0,G04-260204-151004-089,G04-260204-151004-089.bmp,G04,2026-02-04T15:10:04,2026-02-04,G04_2026-02-04,89,test,normal,,1025,1281,1,f3ec894e84221c441344a450095b0b72e1dafe117cf26bc64523573a724396ed,,
1.0,G04-260204-151011-090,G04-260204-151011-090.bmp,G04,2026-02-04T15:10:11,2026-02-04,G04_2026-02-04,90,test,normal,,1025,1281,1,1dc13bbbc8a75cbfb6c79053258d6ace6cc9dfb40c25ac139ebfb575ba77a523,,
1.0,G04-260204-151034-091,G04-260204-151034-091.bmp,G04,2026-02-04T15:10:34,2026-02-04,G04_2026-02-04,91,test,normal,,1025,1281,1,bcd5d9200508c82d3e100d0de9e260728553f0dadf01b872fb120fa907d19667,,
1.0,G04-260204-151041-092,G04-260204-151041-092.bmp,G04,2026-02-04T15:10:41,2026-02-04,G04_2026-02-04,92,test,normal,,1025,1281,1,89f9a4f67da4aeeabbeab7785c6d8e462bfb85d2b27467c6cd28e8ebbf45219d,,
1.0,G04-260204-151105-093,G04-260204-151105-093.bmp,G04,2026-02-04T15:11:05,2026-02-04,G04_2026-02-04,93,test,normal,,1025,1281,1,e4b1a028f324358cc6813e802dc78430699eaa70be736dd42260491ed8efd3f9,,
1.0,G04-260204-151111-094,G04-260204-151111-094.bmp,G04,2026-02-04T15:11:11,2026-02-04,G04_2026-02-04,94,test,normal,,1025,1281,1,4cc67f12b6d6d0f7f16920cbdf8da2e757e9c67955cb534f25069e6b63af10c9,,
1.0,G04-260204-151134-095,G04-260204-151134-095.bmp,G04,2026-02-04T15:11:34,2026-02-04,G04_2026-02-04,95,test,normal,,1025,1281,1,caf810231ccd30e813e6481e5e9384e2144e3a44d4c7f64db600271326c5c633,,
1.0,G04-260204-151140-096,G04-260204-151140-096.bmp,G04,2026-02-04T15:11:40,2026-02-04,G04_2026-02-04,96,test,normal,,1025,1281,1,c51a72f6c64a7103140df7614c00ee2653f4ed17f33bddfbd34ae117195b53f1,,
1.0,G04-260204-151205-097,G04-260204-151205-097.bmp,G04,2026-02-04T15:12:05,2026-02-04,G04_2026-02-04,97,test,normal,,1025,1281,1,754239f8b076362ff20ab963a7ede2e17f1b75cb6b3cda097bddb19e5080bd49,,
1.0,G04-260204-151212-098,G04-260204-151212-098.bmp,G04,2026-02-04T15:12:12,2026-02-04,G04_2026-02-04,98,test,normal,,1025,1281,1,398019c339f0e5c9cbfec6e9bf4e42a01f3e40bf9280bca376f5ec007d066c24,,
1.0,G04-260204-151236-099,G04-260204-151236-099.bmp,G04,2026-02-04T15:12:36,2026-02-04,G04_2026-02-04,99,test,normal,,1025,1281,1,6b2ffeec3d6f02f70c1d44e48c7f7cf8d329fcef7fad533065cdf3f7eac119a4,,
1.0,G04-260204-151243-100,G04-260204-151243-100.bmp,G04,2026-02-04T15:12:43,2026-02-04,G04_2026-02-04,100,test,normal,,1025,1281,1,081155e31f8d237fb041f22842150ad18c242dbf2d30b132e07ec51c9b33e193,,
1.0,G04-260204-151304-101,G04-260204-151304-101.bmp,G04,2026-02-04T15:13:04,2026-02-04,G04_2026-02-04,101,test,normal,,1025,1281,1,9071147e5fbd4a141e6c79b70c1f1e62703aa7452e0cf3c47e47798c119d8531,,
1.0,G04-260204-151311-102,G04-260204-151311-102.bmp,G04,2026-02-04T15:13:11,2026-02-04,G04_2026-02-04,102,test,normal,,1025,1281,1,bf178c540940254af2671938f312e67f6f34e907e060b3ff2a59a21e05e8fa34,,
1.0,G04-260204-151336-103,G04-260204-151336-103.bmp,G04,2026-02-04T15:13:36,2026-02-04,G04_2026-02-04,103,test,normal,,1025,1281,1,2b3ca9877bbe86e98a2633ac327ee82d6fce95cd808b8a3a3be03713f31f4a2d,,
1.0,G04-260204-151343-104,G04-260204-151343-104.bmp,G04,2026-02-04T15:13:43,2026-02-04,G04_2026-02-04,104,test,normal,,1025,1281,1,cc573650985b9e4de5761717e1085c05146507bc7f2c541e4259e6da7b7c4ed2,,
1.0,G04-260204-151406-105,G04-260204-151406-105.bmp,G04,2026-02-04T15:14:06,2026-02-04,G04_2026-02-04,105,test,normal,,1025,1281,1,1e2c4f1db84b9744e2a93b360db3389bf03a90a997b497b79cab0457f889a19f,,
1.0,G04-260204-151413-106,G04-260204-151413-106.bmp,G04,2026-02-04T15:14:13,2026-02-04,G04_2026-02-04,106,test,normal,,1025,1281,1,2418c6a7b672440406dcd721f12c1297780f4a26026a632ba05ad14e35e51774,,
1.0,G04-260204-151436-107,G04-260204-151436-107.bmp,G04,2026-02-04T15:14:36,2026-02-04,G04_2026-02-04,107,test,normal,,1025,1281,1,084fe6c498283ad19b0bee0573ffb3c2f07fbfe3d4aa3d6672706311654e92af,,
1.0,G04-260204-151442-108,G04-260204-151442-108.bmp,G04,2026-02-04T15:14:42,2026-02-04,G04_2026-02-04,108,test,normal,,1025,1281,1,bfc9a18382fe872e75b6567fbd15d02912f902de6f45e528c8a7ebd86002205c,,
1.0,G04-260204-151505-109,G04-260204-151505-109.bmp,G04,2026-02-04T15:15:05,2026-02-04,G04_2026-02-04,109,test,normal,,1025,1281,1,cf35dc0519b3fe21b5fbec83b543f2a92b7567ee5d723b5e83e9755897f90c46,,
1.0,G04-260204-151511-110,G04-260204-151511-110.bmp,G04,2026-02-04T15:15:11,2026-02-04,G04_2026-02-04,110,test,normal,,1025,1281,1,a6e0bfc18fd046e75de87ab11163f8e1e6ac301925bfde742c8b4ac186b82e52,,
1.0,G04-260204-151535-111,G04-260204-151535-111.bmp,G04,2026-02-04T15:15:35,2026-02-04,G04_2026-02-04,111,test,normal,,1025,1281,1,660823e51ff5d44761704289566863ef2c1be86b23237fb234cc980e66792363,,
1.0,G04-260204-151542-112,G04-260204-151542-112.bmp,G04,2026-02-04T15:15:42,2026-02-04,G04_2026-02-04,112,test,normal,,1025,1281,1,b8858023106776a29fce81997f6342199a64dc1f55563bbdf0c59287f37b0359,,
1.0,G04-260204-151606-113,G04-260204-151606-113.bmp,G04,2026-02-04T15:16:06,2026-02-04,G04_2026-02-04,113,test,normal,,1025,1281,1,6de1d4aaa12117b2823e1696c59579839fc0aad81aaee9b60fda63a54b8cc218,,
1.0,G04-260204-151613-114,G04-260204-151613-114.bmp,G04,2026-02-04T15:16:13,2026-02-04,G04_2026-02-04,114,test,normal,,1025,1281,1,6b77a03d41bfc8401ad6485f747a66c6e0b3f3bd5509cc86336868a91fff6598,,
1.0,G04-260204-151637-115,G04-260204-151637-115.bmp,G04,2026-02-04T15:16:37,2026-02-04,G04_2026-02-04,115,test,normal,,1025,1281,1,e3fe65ddad459114b40bcad2a9b4274b8a0427412c2cf011bf9ee8568b6a535f,,
1.0,G04-260204-151643-116,G04-260204-151643-116.bmp,G04,2026-02-04T15:16:43,2026-02-04,G04_2026-02-04,116,test,normal,,1025,1281,1,1b61687882543a956d67ff01735e0a195526d8d272aaaa922e6852250bedc768,,
1.0,G04-260204-151706-117,G04-260204-151706-117.bmp,G04,2026-02-04T15:17:06,2026-02-04,G04_2026-02-04,117,test,normal,,1025,1281,1,1d8386a1247c7817eea41ef975017219a1da946e95660a84661878cdf7234878,,
1.0,G04-260204-151712-118,G04-260204-151712-118.bmp,G04,2026-02-04T15:17:12,2026-02-04,G04_2026-02-04,118,test,normal,,1025,1281,1,c9dfdef9030773a1f0807adbd11347d48e125709182373f7205537cc6633e1db,,
1.0,G04-260204-151736-119,G04-260204-151736-119.bmp,G04,2026-02-04T15:17:36,2026-02-04,G04_2026-02-04,119,test,normal,,1025,1281,1,5e21a1a0f1f7606b4dc7301d4016aa22a9edfd4cfbda68485b031a1748be3b66,,
1.0,G04-260204-151743-120,G04-260204-151743-120.bmp,G04,2026-02-04T15:17:43,2026-02-04,G04_2026-02-04,120,test,normal,,1025,1281,1,d743c30917cd11369d18dad36e5e68c8f9874e5f0469ea4a9d8d982910f43866,,
1.0,G04-260204-151807-121,G04-260204-151807-121.bmp,G04,2026-02-04T15:18:07,2026-02-04,G04_2026-02-04,121,test,normal,,1025,1281,1,ab870c500a992cf58f8a8db9cf9d146054034ad1a271c052b4cd65ecd0cede9e,,
1.0,G04-260204-151814-122,G04-260204-151814-122.bmp,G04,2026-02-04T15:18:14,2026-02-04,G04_2026-02-04,122,test,normal,,1025,1281,1,379c2713363a88834e6bfe4236e70d8981f5142f1891b38d28251fb4f1951c27,,
1.0,G04-260204-151838-123,G04-260204-151838-123.bmp,G04,2026-02-04T15:18:38,2026-02-04,G04_2026-02-04,123,test,normal,,1025,1281,1,a2ec50c832589d913589fa9dcada13184223fa90d2ceb37f89f2c9f805e3e088,,
1.0,G04-260204-151845-124,G04-260204-151845-124.bmp,G04,2026-02-04T15:18:45,2026-02-04,G04_2026-02-04,124,test,normal,,1025,1281,1,147577d7076ef0a334b924dfc235cb2110b9db38b6309fe57d8e647ccfc17e51,,
1.0,G04-260204-151906-125,G04-260204-151906-125.bmp,G04,2026-02-04T15:19:06,2026-02-04,G04_2026-02-04,125,test,normal,,1025,1281,1,461d3fcab9d438834a89de33f41405c658aa9a38bc694f293638b733710ee284,,
1.0,G04-260204-151913-126,G04-260204-151913-126.bmp,G04,2026-02-04T15:19:13,2026-02-04,G04_2026-02-04,126,test,normal,,1025,1281,1,ed4fdf0450aee1b3e602bdd1b3a1e9c04d903260ae28468d443afa3f3085c118,,
1.0,G04-260204-151936-127,G04-260204-151936-127.bmp,G04,2026-02-04T15:19:36,2026-02-04,G04_2026-02-04,127,test,normal,,1025,1281,1,872c361c699cbeb1b567aa4d94da60a2f29a5aa629dfe536124651e84b260709,,
1.0,G04-260204-151945-128,G04-260204-151945-128.bmp,G04,2026-02-04T15:19:45,2026-02-04,G04_2026-02-04,128,test,normal,,1025,1281,1,36ffd6b21919e79c88d2e57f3bcbe232b4765685641781da7f13e86408558f95,,
1.0,G04-260204-152006-129,G04-260204-152006-129.bmp,G04,2026-02-04T15:20:06,2026-02-04,G04_2026-02-04,129,test,normal,,1025,1281,1,ccfa2675a1aee3cf88c6101c41b2d5530a02c209847b7e906426c85012f8e5ca,,
1.0,G04-260204-152014-130,G04-260204-152014-130.bmp,G04,2026-02-04T15:20:14,2026-02-04,G04_2026-02-04,130,test,normal,,1025,1281,1,4685ea0e23bf8ecf1142ff1d79790ff84f3947960033bfb011abb0f1252a5cd7,,
1.0,G04-260204-152037-131,G04-260204-152037-131.bmp,G04,2026-02-04T15:20:37,2026-02-04,G04_2026-02-04,131,test,normal,,1025,1281,1,a1361c383a7a31bba86abdcdc9fedd3a09b703364a5d63315b0e674fc85b605e,,
1.0,G04-260204-152043-132,G04-260204-152043-132.bmp,G04,2026-02-04T15:20:43,2026-02-04,G04_2026-02-04,132,test,normal,,1025,1281,1,b845e5f6a2898c539d5a6a0edbdd558fe2962452b3131b22255804a6573f050d,,
1.0,G04-260204-152109-133,G04-260204-152109-133.bmp,G04,2026-02-04T15:21:09,2026-02-04,G04_2026-02-04,133,test,normal,,1025,1281,1,ec0798c26b36e976a54515fbc2715ebfee0582fa5b824c2d4e1106e451eb230f,,
1.0,G04-260204-152115-134,G04-260204-152115-134.bmp,G04,2026-02-04T15:21:15,2026-02-04,G04_2026-02-04,134,test,normal,,1025,1281,1,7f7e9ccb952e5dc2bcb69b667ff222d579a195b5baefdefa1988fe8d47f8cf33,,
1.0,G04-260204-152137-135,G04-260204-152137-135.bmp,G04,2026-02-04T15:21:37,2026-02-04,G04_2026-02-04,135,test,normal,,1025,1281,1,9a18451b60be634d2de8f182659e5bbabbdf0b66cf3c114dd7db400718ad91ea,,
1.0,G04-260204-152144-136,G04-260204-152144-136.bmp,G04,2026-02-04T15:21:44,2026-02-04,G04_2026-02-04,136,test,normal,,1025,1281,1,dec3918b112e814fd319be30966d1ce7f06e4052ce4d6712aae6897e08e9ba89,,
1.0,G04-260204-152208-137,G04-260204-152208-137.bmp,G04,2026-02-04T15:22:08,2026-02-04,G04_2026-02-04,137,test,normal,,1025,1281,1,ffbceb97d8276ed6bf93db2a5eddc55e8400e653551d2748858432deccfc2002,,
1.0,G04-260204-152214-138,G04-260204-152214-138.bmp,G04,2026-02-04T15:22:14,2026-02-04,G04_2026-02-04,138,test,normal,,1025,1281,1,0b046be54586408231638dcdeb4b7db84d4d4afb103798e5fbf29f9225223547,,
1.0,G04-260204-152238-139,G04-260204-152238-139.bmp,G04,2026-02-04T15:22:38,2026-02-04,G04_2026-02-04,139,test,normal,,1025,1281,1,e4c6506b1f724c0b8804b5c1323527e61b0b6e65e5acfaf52b52d60eed202745,,
1.0,G04-260204-152245-140,G04-260204-152245-140.bmp,G04,2026-02-04T15:22:45,2026-02-04,G04_2026-02-04,140,test,normal,,1025,1281,1,2e43e6698b80a9c9daaa4ccefc7eb858c8060ff24e1f0a8d044c7346a5cfde25,,
1.0,G04-260204-152308-141,G04-260204-152308-141.bmp,G04,2026-02-04T15:23:08,2026-02-04,G04_2026-02-04,141,test,normal,,1025,1281,1,b87ad1190090a8078415aa10aabb2e1fc530fdd23d7f7c2424145272e8ebf53c,,
1.0,G04-260204-152314-142,G04-260204-152314-142.bmp,G04,2026-02-04T15:23:14,2026-02-04,G04_2026-02-04,142,test,normal,,1025,1281,1,08afdd56b27ca50bf600a702f54a6d8ead7c36a47c41a41c702e05fe5d0c2c9d,,
1.0,G04-260204-152337-143,G04-260204-152337-143.bmp,G04,2026-02-04T15:23:37,2026-02-04,G04_2026-02-04,143,test,normal,,1025,1281,1,b24844dd2735b1cf00192f82e1d6c8a88987da9501f699585c8d45ddb9fe1725,,
1.0,G04-260204-152344-144,G04-260204-152344-144.bmp,G04,2026-02-04T15:23:44,2026-02-04,G04_2026-02-04,144,test,normal,,1025,1281,1,66af049cb1d1adea011fd0c85c8b371f8750d549b29009eee225fb302df82427,,
1.0,G04-260204-152407-145,G04-260204-152407-145.bmp,G04,2026-02-04T15:24:07,2026-02-04,G04_2026-02-04,145,test,normal,,1025,1281,1,cc9832e26a1dd4665efc10c7d5eba4fcd2426994a1cb79e183e49404493d7cef,,
1.0,G04-260204-152414-146,G04-260204-152414-146.bmp,G04,2026-02-04T15:24:14,2026-02-04,G04_2026-02-04,146,test,normal,,1025,1281,1,51fb0daa1cf455e55ec3e4a65b91e5fe17225676c8735632c2b04e094d464d06,,
1.0,G04-260204-152437-147,G04-260204-152437-147.bmp,G04,2026-02-04T15:24:37,2026-02-04,G04_2026-02-04,147,test,normal,,1025,1281,1,c1d8db8f53f29983799d3a3ca18628b7f17e61547547e77cf829a327c645c3b1,,
1.0,G04-260204-152444-148,G04-260204-152444-148.bmp,G04,2026-02-04T15:24:44,2026-02-04,G04_2026-02-04,148,test,normal,,1025,1281,1,9d169d834f803551c01c057af6906e93fcbcc844c00b6e071790012e0eb4ecd3,,
1.0,G04-260204-152508-149,G04-260204-152508-149.bmp,G04,2026-02-04T15:25:08,2026-02-04,G04_2026-02-04,149,test,normal,,1025,1281,1,33f30f1014cd0580cd26f9d9a229fec36aa993473486b0237f93116b981bb28b,,
1.0,G04-260204-152514-150,G04-260204-152514-150.bmp,G04,2026-02-04T15:25:14,2026-02-04,G04_2026-02-04,150,test,normal,,1025,1281,1,9a6e4077aa99164d5ca50e2562f780ac64ea01588b297a5693e8997475b29b93,,
1.0,G04-260204-152539-151,G04-260204-152539-151.bmp,G04,2026-02-04T15:25:39,2026-02-04,G04_2026-02-04,151,test,normal,,1025,1281,1,6148c88087390f7b81cfeeb382f6af2b72b0a9b928522663c1b8689834bf40a9,,
1.0,G04-260204-152546-152,G04-260204-152546-152.bmp,G04,2026-02-04T15:25:46,2026-02-04,G04_2026-02-04,152,test,normal,,1025,1281,1,f4828dc823a72e525daa44f40e6a32f0026faf122865dfa63cbc726443184c9d,,
1.0,G04-260204-152609-153,G04-260204-152609-153.bmp,G04,2026-02-04T15:26:09,2026-02-04,G04_2026-02-04,153,test,normal,,1025,1281,1,6bdfc8d479d721102f9d78995ad498ec95d6b3fda79d4542c02cf9feba932e40,,
1.0,G04-260204-152616-154,G04-260204-152616-154.bmp,G04,2026-02-04T15:26:16,2026-02-04,G04_2026-02-04,154,test,normal,,1025,1281,1,e3858933928aa042053900614f65e26a3759e350e434cddd3b505ec9dba0f867,,
1.0,G04-260204-152638-155,G04-260204-152638-155.bmp,G04,2026-02-04T15:26:38,2026-02-04,G04_2026-02-04,155,test,normal,,1025,1281,1,94ef7949a95f4f8a3b0e602cef8b21f54b30eef1874b3dfdec85016ce04de61c,,
1.0,G04-260204-152645-156,G04-260204-152645-156.bmp,G04,2026-02-04T15:26:45,2026-02-04,G04_2026-02-04,156,test,normal,,1025,1281,1,dc46cc9584908571774bbe5f27184e3fc8c1feb445a7a9f622197bbb1b068856,,
1.0,G04-260204-152710-157,G04-260204-152710-157.bmp,G04,2026-02-04T15:27:10,2026-02-04,G04_2026-02-04,157,test,normal,,1025,1281,1,978a2e978805842826097c3df7ee7811fe1182e403e7e64231207fc57b27ba33,,
1.0,G04-260204-152717-158,G04-260204-152717-158.bmp,G04,2026-02-04T15:27:17,2026-02-04,G04_2026-02-04,158,test,normal,,1025,1281,1,87d642aa77c327e4c9f61d1a0d3c16aeeed00be3a0429314da3ad5c1e05312c1,,
1.0,G04-260204-152738-159,G04-260204-152738-159.bmp,G04,2026-02-04T15:27:38,2026-02-04,G04_2026-02-04,159,test,normal,,1025,1281,1,5a41526c56296546774ca4e1f5cf4735135fc85dacfb77189deeabfd604bef56,,
1.0,G04-260204-152745-160,G04-260204-152745-160.bmp,G04,2026-02-04T15:27:45,2026-02-04,G04_2026-02-04,160,test,normal,,1025,1281,1,c811c80df930c55055f64c7be7394572fe938115d1630748092e145948a73ff9,,
1.0,G04-260204-152808-161,G04-260204-152808-161.bmp,G04,2026-02-04T15:28:08,2026-02-04,G04_2026-02-04,161,test,normal,,1025,1281,1,511a36399c6d23b4565ef9ac951abe1f62b18891ead0917c66b1de78c519ed48,,
1.0,G04-260204-152815-162,G04-260204-152815-162.bmp,G04,2026-02-04T15:28:15,2026-02-04,G04_2026-02-04,162,test,normal,,1025,1281,1,0cd5282a1361defb4cf8dd5da43d8dba8f2a89fc91679190856be37f2ca7f027,,
1.0,G04-260204-152839-163,G04-260204-152839-163.bmp,G04,2026-02-04T15:28:39,2026-02-04,G04_2026-02-04,163,test,normal,,1025,1281,1,2e0b5044f186334a20972eaf2d2c9c2a6149e74ace8f48857324d8d0b1c3e1a9,,
1.0,G04-260204-152846-164,G04-260204-152846-164.bmp,G04,2026-02-04T15:28:46,2026-02-04,G04_2026-02-04,164,test,normal,,1025,1281,1,339b4f9a192633bd5f8d513f379de1a60a37cf05b986a6075806636b07ebd26a,,
1.0,G04-260204-152908-165,G04-260204-152908-165.bmp,G04,2026-02-04T15:29:08,2026-02-04,G04_2026-02-04,165,test,normal,,1025,1281,1,538de954a8ea04a34b75098acc248adb242cd13a88427ad7f97625cae849e0f3,,
1.0,G04-260204-152915-166,G04-260204-152915-166.bmp,G04,2026-02-04T15:29:15,2026-02-04,G04_2026-02-04,166,test,normal,,1025,1281,1,9f2a2bb84ce476e3d9318d584ad56e185c3256cf13b0a51ab4c47913ac69fccd,,
1.0,G04-260204-152939-167,G04-260204-152939-167.bmp,G04,2026-02-04T15:29:39,2026-02-04,G04_2026-02-04,167,test,normal,,1025,1281,1,5395c19eb4ee39ca844b8318b50bfd9b0777c221fa74291c9804fc1ca6a4dc57,,
1.0,G04-260204-152947-168,G04-260204-152947-168.bmp,G04,2026-02-04T15:29:47,2026-02-04,G04_2026-02-04,168,test,normal,,1025,1281,1,b260e2c73ba45fffe578cf6624b43d24c68cef0b25702ee3336f5e549c163eac,,
1.0,G04-260204-153009-169,G04-260204-153009-169.bmp,G04,2026-02-04T15:30:09,2026-02-04,G04_2026-02-04,169,test,normal,,1025,1281,1,148a21851d5ff35b89d463e0d15abc75edad4491976fa8a640f3b2750f7451d4,,
1.0,G04-260204-153016-170,G04-260204-153016-170.bmp,G04,2026-02-04T15:30:16,2026-02-04,G04_2026-02-04,170,test,normal,,1025,1281,1,b6da3368811da7b35bdaab776ac9bd8be3e829d74c09dd8cabc07a8f4f20bb48,,
1.0,G04-260204-153041-171,G04-260204-153041-171.bmp,G04,2026-02-04T15:30:41,2026-02-04,G04_2026-02-04,171,test,normal,,1025,1281,1,1b664cd171dd24b43428394326f32855b673052c959b3fbe564da1d4488e8df6,,
1.0,G04-260204-153048-172,G04-260204-153048-172.bmp,G04,2026-02-04T15:30:48,2026-02-04,G04_2026-02-04,172,test,normal,,1025,1281,1,b6a95fda206cc9d3cf78f128ab63fe441f9d7869a61d1645cc4de07a8107d7c8,,
1.0,G04-260204-153109-173,G04-260204-153109-173.bmp,G04,2026-02-04T15:31:09,2026-02-04,G04_2026-02-04,173,test,normal,,1025,1281,1,0eab322c6528802474741ff2590eb80828d25f3a7b63fafeef5a09709208a689,,
1.0,G04-260204-153116-174,G04-260204-153116-174.bmp,G04,2026-02-04T15:31:16,2026-02-04,G04_2026-02-04,174,test,normal,,1025,1281,1,c0297dce9626c12df61c718f17e96b669df3ebc9ec759287d7a6225a0e298592,,
1.0,G04-260204-153141-175,G04-260204-153141-175.bmp,G04,2026-02-04T15:31:41,2026-02-04,G04_2026-02-04,175,test,normal,,1025,1281,1,15726943b34b1b1d5cf2132140b241a41f3bbc4e89606996ffa6b6449267f11e,,
1.0,G04-260204-153149-176,G04-260204-153149-176.bmp,G04,2026-02-04T15:31:49,2026-02-04,G04_2026-02-04,176,test,normal,,1025,1281,1,f8a843bd017d7636b4fc796f7b82d46ff85c2c27abf87b18dd6910418ac716b5,,
1.0,G04-260204-153210-177,G04-260204-153210-177.bmp,G04,2026-02-04T15:32:10,2026-02-04,G04_2026-02-04,177,test,normal,,1025,1281,1,6c09b3b331b1bbd0816a052dcb98adec345585d3892573ca209d769869b85f0b,,
1.0,G04-260204-153217-178,G04-260204-153217-178.bmp,G04,2026-02-04T15:32:17,2026-02-04,G04_2026-02-04,178,test,normal,,1025,1281,1,894b61a1a9e8eb930f50eae48df9c040eeee02f06a22b1307282feb996f238dd,,
1.0,G04-260204-153240-179,G04-260204-153240-179.bmp,G04,2026-02-04T15:32:40,2026-02-04,G04_2026-02-04,179,test,normal,,1025,1281,1,1549adfe558bdf536a5cbbb3a79426df19dd97953b9b6f0ff724a2de207e5551,,
1.0,G04-260204-153248-180,G04-260204-153248-180.bmp,G04,2026-02-04T15:32:48,2026-02-04,G04_2026-02-04,180,test,normal,,1025,1281,1,f448a921bc5f67ba8934ecb8aa443bc428797dbd26ac197b7ec4753093972ea9,,
1.0,G04-260204-153310-181,G04-260204-153310-181.bmp,G04,2026-02-04T15:33:10,2026-02-04,G04_2026-02-04,181,test,normal,,1025,1281,1,36a5e70dde5971e134fdfd5550160cfaf5ea46f1c1bed138a64b352d2184e78c,,
1.0,G04-260204-153317-182,G04-260204-153317-182.bmp,G04,2026-02-04T15:33:17,2026-02-04,G04_2026-02-04,182,test,normal,,1025,1281,1,0e955930b098a39acddbd4b4146c91272a58adf3e553b29401ea19fb5c8e0cec,,
1.0,G04-260204-153341-183,G04-260204-153341-183.bmp,G04,2026-02-04T15:33:41,2026-02-04,G04_2026-02-04,183,test,normal,,1025,1281,1,5d94c6e13e30052d8285a3a5b725e1fe022ad13054f6ae94f5b425e4808f3e18,,
1.0,G04-260204-153347-184,G04-260204-153347-184.bmp,G04,2026-02-04T15:33:47,2026-02-04,G04_2026-02-04,184,test,normal,,1025,1281,1,a555e32977cb6634cd795d6e8ec2294534dd4348eafed2559b7e6a097b33ce25,,
1.0,G04-260204-153410-185,G04-260204-153410-185.bmp,G04,2026-02-04T15:34:10,2026-02-04,G04_2026-02-04,185,test,normal,,1025,1281,1,e7060870fe163527f7f7ff012ea6e8c143eea526f434cc9029a1369dea480bd9,,
1.0,G04-260204-153417-186,G04-260204-153417-186.bmp,G04,2026-02-04T15:34:17,2026-02-04,G04_2026-02-04,186,test,normal,,1025,1281,1,3a039c5b554355d168302d3960443430c92f70ddc9100ad072897671b79fffa7,,
1.0,G04-260204-153441-187,G04-260204-153441-187.bmp,G04,2026-02-04T15:34:41,2026-02-04,G04_2026-02-04,187,test,normal,,1025,1281,1,2650830c346e31c76d498c117383b09f467981e35ede13a938383a962cd6355e,,
1.0,G04-260204-153447-188,G04-260204-153447-188.bmp,G04,2026-02-04T15:34:47,2026-02-04,G04_2026-02-04,188,test,normal,,1025,1281,1,bc17530f71de49c9f3c4f8e49b3b650d1ecf2ae3c768b8f5bcb2a43d3b49961d,,
1.0,G04-260204-153511-189,G04-260204-153511-189.bmp,G04,2026-02-04T15:35:11,2026-02-04,G04_2026-02-04,189,test,normal,,1025,1281,1,45f37cb55fdbf7f3954ce993e345be6251c0f6cbdbb97c4ce8821a5e81b43dae,,
1.0,G04-260204-153517-190,G04-260204-153517-190.bmp,G04,2026-02-04T15:35:17,2026-02-04,G04_2026-02-04,190,test,normal,,1025,1281,1,cc03afdddc9c7ab886e2c34be4cc3d8f31b2845cca3134d252df126a2c9b1903,,
1.0,G04-260204-153540-191,G04-260204-153540-191.bmp,G04,2026-02-04T15:35:40,2026-02-04,G04_2026-02-04,191,test,normal,,1025,1281,1,54c6513afb7f0e875ae37f0420ba8261fde0c9094437fe5c54e28b28c7315ff8,,
1.0,G04-260204-153547-192,G04-260204-153547-192.bmp,G04,2026-02-04T15:35:47,2026-02-04,G04_2026-02-04,192,test,normal,,1025,1281,1,f5b0535b57572812e7a5af84157444ca410e07df746c9e143ee1c197c6d1d7e9,,
1.0,G04-260204-153610-193,G04-260204-153610-193.bmp,G04,2026-02-04T15:36:10,2026-02-04,G04_2026-02-04,193,test,normal,,1025,1281,1,874adc973dd0724f59656daf0bf91505afa2a630d4cda6b5495408776fce57e2,,
1.0,G04-260204-153617-194,G04-260204-153617-194.bmp,G04,2026-02-04T15:36:17,2026-02-04,G04_2026-02-04,194,test,normal,,1025,1281,1,be7176ace8108d3e7140513d0e1a61266c71cba7f82bb8c1d48dda67140c0afc,,
1.0,G04-260204-153641-195,G04-260204-153641-195.bmp,G04,2026-02-04T15:36:41,2026-02-04,G04_2026-02-04,195,test,normal,,1025,1281,1,31ed142e81719a7c16a1587c598b50d3c309fac349dfd3a94a432f56f3809a2c,,
1.0,G04-260204-153647-196,G04-260204-153647-196.bmp,G04,2026-02-04T15:36:47,2026-02-04,G04_2026-02-04,196,test,normal,,1025,1281,1,f5fe449bf740563640f1f6582fc633e92f7f042e5652cfa9bf3ae84f2c90e3af,,
1.0,G04-260204-153712-197,G04-260204-153712-197.bmp,G04,2026-02-04T15:37:12,2026-02-04,G04_2026-02-04,197,test,normal,,1025,1281,1,f2cac6973680bf45a0cc2739ee7b0647f89646fc8a657879061c0ec8343678c1,,
1.0,G04-260204-153719-198,G04-260204-153719-198.bmp,G04,2026-02-04T15:37:19,2026-02-04,G04_2026-02-04,198,test,normal,,1025,1281,1,a7d9b28d8e7e7e8d2d2fe05e75dd8f4039d2d452fdb29d49af67f23f5180f8e5,,
1.0,G04-260204-153741-199,G04-260204-153741-199.bmp,G04,2026-02-04T15:37:41,2026-02-04,G04_2026-02-04,199,test,normal,,1025,1281,1,7f273c1230c7859b5c4016686c1782dbc1f945eeda04a28fdba69f472f499030,,
1.0,G04-260204-153748-200,G04-260204-153748-200.bmp,G04,2026-02-04T15:37:48,2026-02-04,G04_2026-02-04,200,test,normal,,1025,1281,1,ce844cec17de6ced36ab857a9974cfe6bceaa47f6155668869bc5172aadb37c9,,
1.0,G04-260204-153810-201,G04-260204-153810-201.bmp,G04,2026-02-04T15:38:10,2026-02-04,G04_2026-02-04,201,test,normal,,1025,1281,1,d56ad2b35adc4fa5f712f169a9e528e8aeecd48ea3c4eedd32648d27be418d80,,
1.0,G04-260204-153818-202,G04-260204-153818-202.bmp,G04,2026-02-04T15:38:18,2026-02-04,G04_2026-02-04,202,test,normal,,1025,1281,1,02be32ab67f60ae1aae0e13c6aa92c799ae6f384e600c10095570c7ac1b3e039,,
1.0,G04-260204-153842-203,G04-260204-153842-203.bmp,G04,2026-02-04T15:38:42,2026-02-04,G04_2026-02-04,203,test,normal,,1025,1281,1,3dc6e146bad16c417629e056ee43d07cc321c1b10721cb431b69e690ca00ca2e,,
1.0,G04-260204-153849-204,G04-260204-153849-204.bmp,G04,2026-02-04T15:38:49,2026-02-04,G04_2026-02-04,204,test,normal,,1025,1281,1,e3ba85424cc76f78deff645dd4696d9220dd0529c7c03a5a700326737e528858,,
1.0,G04-260204-153912-205,G04-260204-153912-205.bmp,G04,2026-02-04T15:39:12,2026-02-04,G04_2026-02-04,205,test,normal,,1025,1281,1,a098d8711b2c46930664d4ca8c19ee24654ea3223dc1168be50c17adfd3cf18d,,
1.0,G04-260204-153919-206,G04-260204-153919-206.bmp,G04,2026-02-04T15:39:19,2026-02-04,G04_2026-02-04,206,test,normal,,1025,1281,1,90ac603dccb7967fdbbbdd80ab83f215016ac3e7a7410087be5bac38aed7d9d8,,
1.0,G04-260204-153942-207,G04-260204-153942-207.bmp,G04,2026-02-04T15:39:42,2026-02-04,G04_2026-02-04,207,test,normal,,1025,1281,1,4c6ff47cc348cc1cfec96a06ca1dfb57ac201354caa570f3a83a8fedc895d36d,,
1.0,G04-260204-153949-208,G04-260204-153949-208.bmp,G04,2026-02-04T15:39:49,2026-02-04,G04_2026-02-04,208,test,normal,,1025,1281,1,076184eb7564b0c378c345f26b153666692ec0ae76236cff11de54f18e79041f,,
1.0,G04-260204-154012-209,G04-260204-154012-209.bmp,G04,2026-02-04T15:40:12,2026-02-04,G04_2026-02-04,209,test,normal,,1025,1281,1,801045b7765c6046467ec52016e45b8bf992c39d82d21a7940f1a8bf1d90c680,,
1.0,G04-260204-154018-210,G04-260204-154018-210.bmp,G04,2026-02-04T15:40:18,2026-02-04,G04_2026-02-04,210,test,normal,,1025,1281,1,1bcd23b1a2936498b8460989292acdbe6d5605766a4a8cca32f7a6f2ca83506d,,
1.0,G04-260204-154042-211,G04-260204-154042-211.bmp,G04,2026-02-04T15:40:42,2026-02-04,G04_2026-02-04,211,test,normal,,1025,1281,1,d7e988aa536fd1641265dc1325bd0be502cc5cf60973133d0c03739e95c3f0da,,
1.0,G04-260204-154048-212,G04-260204-154048-212.bmp,G04,2026-02-04T15:40:48,2026-02-04,G04_2026-02-04,212,test,normal,,1025,1281,1,ef67706630a2729e8fe644d4c8b0ded6efe2cee5bd9b138ed2b7074647199dde,,
1.0,G04-260204-154118-213,G04-260204-154118-213.bmp,G04,2026-02-04T15:41:18,2026-02-04,G04_2026-02-04,213,test,normal,,1025,1281,1,c34c815c128b3dababb1e27d155fd7619790fe0ec13ed0790f9c958d810c3e11,,
1.0,G04-260204-154124-214,G04-260204-154124-214.bmp,G04,2026-02-04T15:41:24,2026-02-04,G04_2026-02-04,214,test,normal,,1025,1281,1,e1f7ddf14caf9feb02282ef4d97c489422e6a1a749430f3a71adbff26f566f57,,
1.0,G04-260204-154133-215,G04-260204-154133-215.bmp,G04,2026-02-04T15:41:33,2026-02-04,G04_2026-02-04,215,test,normal,,1025,1281,1,80d3923bc786d490871875640b2e80a6210aa048cfe367456945d247e697d978,,
1.0,G04-260204-154149-216,G04-260204-154149-216.bmp,G04,2026-02-04T15:41:49,2026-02-04,G04_2026-02-04,216,test,normal,,1025,1281,1,5f62133b07804fb8ad0acd49bab567c67cc3354a36cf3ead7cef8285f2ae3740,,
1.0,G04-260204-154212-217,G04-260204-154212-217.bmp,G04,2026-02-04T15:42:12,2026-02-04,G04_2026-02-04,217,test,normal,,1025,1281,1,940837be93f388126455608247bc884d39c20d3b2c99702da6a7605b6e5f6df4,,
1.0,G04-260204-154246-218,G04-260204-154246-218.bmp,G04,2026-02-04T15:42:46,2026-02-04,G04_2026-02-04,218,test,normal,,1025,1281,1,5101a964423cf7e29532cdd90e291d87e70401e4e3510389eeb6b7d37cf947d4,,
1.0,G04-260204-154311-219,G04-260204-154311-219.bmp,G04,2026-02-04T15:43:11,2026-02-04,G04_2026-02-04,219,test,normal,,1025,1281,1,0c6984d266304a804cf555a407a5296ed2b4e4a612429ace77f506899967eb25,,
1.0,G04-260204-154318-220,G04-260204-154318-220.bmp,G04,2026-02-04T15:43:18,2026-02-04,G04_2026-02-04,220,test,normal,,1025,1281,1,c4f273cb937a6351a636365513be98af0bb99afb3aba98358c9a9c7491e327ee,,
1.0,G04-260204-154343-221,G04-260204-154343-221.bmp,G04,2026-02-04T15:43:43,2026-02-04,G04_2026-02-04,221,test,normal,,1025,1281,1,817d9f640cb804fc7f06cdcd4965b58d0cf068d3664ae06f349dfd44bca8bd7c,,
1.0,G04-260204-154350-222,G04-260204-154350-222.bmp,G04,2026-02-04T15:43:50,2026-02-04,G04_2026-02-04,222,test,normal,,1025,1281,1,d15506da77fa48f712a0a021cac92f68cc1598a6335307b7746cf796b3719d2a,,
1.0,G04-260204-154413-223,G04-260204-154413-223.bmp,G04,2026-02-04T15:44:13,2026-02-04,G04_2026-02-04,223,test,normal,,1025,1281,1,087613b0e752dd92faa63d20be05864e2091b7aacb12afe86d5cc4fe433a1975,,
1.0,G04-260204-154419-224,G04-260204-154419-224.bmp,G04,2026-02-04T15:44:19,2026-02-04,G04_2026-02-04,224,test,normal,,1025,1281,1,0e72519382e3bd9449948188cbd40e79a3a7d0077c602f57f3e21a098c8df677,,
1.0,G04-260204-154443-225,G04-260204-154443-225.bmp,G04,2026-02-04T15:44:43,2026-02-04,G04_2026-02-04,225,test,normal,,1025,1281,1,326c821eeb8d3fe78997354a8db3b34acdc596b87f0155c055996e976de25d42,,
1.0,G04-260204-154450-226,G04-260204-154450-226.bmp,G04,2026-02-04T15:44:50,2026-02-04,G04_2026-02-04,226,test,normal,,1025,1281,1,4c19af2d430aedc4944722c71272959998037d11c766fcc67c133645504e9c51,,
1.0,G04-260204-154514-227,G04-260204-154514-227.bmp,G04,2026-02-04T15:45:14,2026-02-04,G04_2026-02-04,227,test,normal,,1025,1281,1,7491bfaca5f35f406aa697431000f5e1c14545ccfceea9b2c4e21088f2d7e1b8,,
1.0,G04-260204-154520-228,G04-260204-154520-228.bmp,G04,2026-02-04T15:45:20,2026-02-04,G04_2026-02-04,228,test,normal,,1025,1281,1,cb2cc1182e2ba54c607cb9fe6074c43738569c0ef68f4f18725090cabce79e61,,
1.0,G04-260204-154544-229,G04-260204-154544-229.bmp,G04,2026-02-04T15:45:44,2026-02-04,G04_2026-02-04,229,test,normal,,1025,1281,1,1032f04e74874f78c7f30fd1f8dcdbf37ac3a24a028d1e2aac7bf5b91f49309a,,
1.0,G04-260204-154551-230,G04-260204-154551-230.bmp,G04,2026-02-04T15:45:51,2026-02-04,G04_2026-02-04,230,test,normal,,1025,1281,1,c274c0b9c1467f7bdc17db6a343bc05b942839e29913f95ef50491468eb0612d,,
1.0,G04-260204-154613-231,G04-260204-154613-231.bmp,G04,2026-02-04T15:46:13,2026-02-04,G04_2026-02-04,231,test,normal,,1025,1281,1,585aac10ae4774b901ce128bfd53c39f33eb2688d0fbcb8247851e519c3ae654,,
1.0,G04-260204-154620-232,G04-260204-154620-232.bmp,G04,2026-02-04T15:46:20,2026-02-04,G04_2026-02-04,232,test,normal,,1025,1281,1,1a123bcd7b82e443d0eb5c0c5183d8fc3d1abff0210982bbc965880a5306e973,,
1.0,G04-260204-154643-233,G04-260204-154643-233.bmp,G04,2026-02-04T15:46:43,2026-02-04,G04_2026-02-04,233,test,normal,,1025,1281,1,8ada36dd9a32c0a8e90040641ecdc0b24fbc4047d1dbe4ff9cc2d978bce6ef8c,,
1.0,G04-260204-154649-234,G04-260204-154649-234.bmp,G04,2026-02-04T15:46:49,2026-02-04,G04_2026-02-04,234,test,normal,,1025,1281,1,7b70266a69a6ba8472a57d1d61f6dc294905cb48aa7b39816325dd39ab0d6351,,
1.0,G04-260204-154713-235,G04-260204-154713-235.bmp,G04,2026-02-04T15:47:13,2026-02-04,G04_2026-02-04,235,test,normal,,1025,1281,1,50ef3f026b3d07b49a2d0cd5e54034aca7ef027fd6f8d80c2b7c911c7eef398d,,
1.0,G04-260204-154720-236,G04-260204-154720-236.bmp,G04,2026-02-04T15:47:20,2026-02-04,G04_2026-02-04,236,test,normal,,1025,1281,1,7b11d1d334a5430a63b59dc2f540ed3eeb27d2d2312bb18cdb0335a0511f0aec,,
1.0,G04-260204-154745-237,G04-260204-154745-237.bmp,G04,2026-02-04T15:47:45,2026-02-04,G04_2026-02-04,237,test,normal,,1025,1281,1,e41e37737f337cf7fd7353ba0bbe7b6104c34ef06276de67b101ed6e9f1140a4,,
1.0,G04-260204-154752-238,G04-260204-154752-238.bmp,G04,2026-02-04T15:47:52,2026-02-04,G04_2026-02-04,238,test,normal,,1025,1281,1,eb5d4c010d49d1a5cca0310e4ecea9739395b7d588ef1d6001b1bde697d7bd16,,
1.0,G04-260204-154813-239,G04-260204-154813-239.bmp,G04,2026-02-04T15:48:13,2026-02-04,G04_2026-02-04,239,test,normal,,1025,1281,1,d4e4b1345b5019432f774ed06873c3471112607c0bc3227a2e1fe4820ff1ceb9,,
1.0,G04-260204-154821-240,G04-260204-154821-240.bmp,G04,2026-02-04T15:48:21,2026-02-04,G04_2026-02-04,240,test,normal,,1025,1281,1,5b077aafd2a91325f6f43d7b9df8f9f65e14bdafcc293ac9b4af0689e39e07dc,,
1.0,G04-260204-154845-241,G04-260204-154845-241.bmp,G04,2026-02-04T15:48:45,2026-02-04,G04_2026-02-04,241,test,normal,,1025,1281,1,ad0bcc962429ed83347f1ff0b5725d492e27c1da5e918e4da90d41728a9e831a,,
1.0,G04-260204-154852-242,G04-260204-154852-242.bmp,G04,2026-02-04T15:48:52,2026-02-04,G04_2026-02-04,242,test,normal,,1025,1281,1,df3fc8a63f3da98ee62d62618d747a410677acf9d3334a2da463802d3c083896,,
1.0,G04-260204-154916-243,G04-260204-154916-243.bmp,G04,2026-02-04T15:49:16,2026-02-04,G04_2026-02-04,243,test,normal,,1025,1281,1,0ab4225a5cc30831a8f09071e2c7f69865d07f6ef7e521acbfa1bee4636604b8,,
1.0,G04-260204-154924-244,G04-260204-154924-244.bmp,G04,2026-02-04T15:49:24,2026-02-04,G04_2026-02-04,244,test,normal,,1025,1281,1,507a2109a52d6feabb52257bdf0c809e6dfe561164d54a3f88f74eb9f14158aa,,
1.0,G04-260204-154944-245,G04-260204-154944-245.bmp,G04,2026-02-04T15:49:44,2026-02-04,G04_2026-02-04,245,test,normal,,1025,1281,1,6c2236ea40a10bdb9b25ee6782467947248bb8a0b67e2b5f251fed70389aac65,,
1.0,G04-260204-154951-246,G04-260204-154951-246.bmp,G04,2026-02-04T15:49:51,2026-02-04,G04_2026-02-04,246,test,normal,,1025,1281,1,b0146af5013bdd1908874f8bb9b5c42f6036388dc094b6447d01d2101ac52679,,
1.0,G04-260204-155013-247,G04-260204-155013-247.bmp,G04,2026-02-04T15:50:13,2026-02-04,G04_2026-02-04,247,test,normal,,1025,1281,1,181a1c6374b67f8903001eb784c141a743669a0d816ff0ae98b1aadd49e5332b,,
1.0,G04-260204-155020-248,G04-260204-155020-248.bmp,G04,2026-02-04T15:50:20,2026-02-04,G04_2026-02-04,248,test,normal,,1025,1281,1,2484ccf095ad486209866e844466b088887380a828dfd3f43a39ec59de2e10b3,,
1.0,G04-260204-155044-249,G04-260204-155044-249.bmp,G04,2026-02-04T15:50:44,2026-02-04,G04_2026-02-04,249,test,normal,,1025,1281,1,5a93783d1681dce4c1782b543b2b734a1bfff0d9ad6234cd0ec1b56f335aa1c1,,
1.0,G04-260204-155050-250,G04-260204-155050-250.bmp,G04,2026-02-04T15:50:50,2026-02-04,G04_2026-02-04,250,test,normal,,1025,1281,1,e175117dd297446cf83ec0c51dde5769becb1d8bf8f1e533643b948d2690e6af,,
1.0,G04-260204-155114-251,G04-260204-155114-251.bmp,G04,2026-02-04T15:51:14,2026-02-04,G04_2026-02-04,251,test,normal,,1025,1281,1,5e4185aaf8bd09fd67264a7c6b8c0c0b6e7d61e6b987f035ce859531d2f3eba4,,
1.0,G04-260204-155121-252,G04-260204-155121-252.bmp,G04,2026-02-04T15:51:21,2026-02-04,G04_2026-02-04,252,test,normal,,1025,1281,1,c96e2d0fd440653f0e7b1b751baa900df5567aca876625d8518fd95735ea38e8,,
1.0,G04-260204-155144-253,G04-260204-155144-253.bmp,G04,2026-02-04T15:51:44,2026-02-04,G04_2026-02-04,253,test,normal,,1025,1281,1,25db7794967f5e27a805a0424fb3f69b9bfde389a3246a70d1f30c5ad6b81f2c,,
1.0,G04-260204-155150-254,G04-260204-155150-254.bmp,G04,2026-02-04T15:51:50,2026-02-04,G04_2026-02-04,254,test,normal,,1025,1281,1,0e02585256816d765e34fe6d380120c98886080b14529ee9a6f79432defc5c47,,
1.0,G04-260204-155216-255,G04-260204-155216-255.bmp,G04,2026-02-04T15:52:16,2026-02-04,G04_2026-02-04,255,test,normal,,1025,1281,1,5714d1a2e6923de5ac07f9817d1a74f97986007940ecf82c183bb90630c34c16,,
1.0,G04-260204-155223-256,G04-260204-155223-256.bmp,G04,2026-02-04T15:52:23,2026-02-04,G04_2026-02-04,256,test,normal,,1025,1281,1,c624204adc2562687d3e73dd9006cf3bf5fd6b4708a25593426c29b5f4d13142,,
1.0,G04-260204-155245-257,G04-260204-155245-257.bmp,G04,2026-02-04T15:52:45,2026-02-04,G04_2026-02-04,257,test,normal,,1025,1281,1,027e07d8771c004fda89e721256b6955b31a48d75ca59df243951b6bd405cbf3,,
1.0,G04-260204-155251-258,G04-260204-155251-258.bmp,G04,2026-02-04T15:52:51,2026-02-04,G04_2026-02-04,258,test,normal,,1025,1281,1,13f35a5b6dcf5bf520905b708d56561c8a1afbc60276366b16e62aa9626ddf5f,,
1.0,G04-260204-155315-259,G04-260204-155315-259.bmp,G04,2026-02-04T15:53:15,2026-02-04,G04_2026-02-04,259,test,normal,,1025,1281,1,68bcb47057835929dfa1b80bf2aa0be2712729fd009af339251283d171cf9f6d,,
1.0,G04-260204-155321-260,G04-260204-155321-260.bmp,G04,2026-02-04T15:53:21,2026-02-04,G04_2026-02-04,260,test,normal,,1025,1281,1,f070a202c138467b0bd824e11b020735fa991ce2423b3525acda20be326fb83b,,
1.0,G04-260204-155346-261,G04-260204-155346-261.bmp,G04,2026-02-04T15:53:46,2026-02-04,G04_2026-02-04,261,test,normal,,1025,1281,1,45ab7fdc0e01793a50900824e4b238fd6ee310c1193f8dc72a1733136a4fc754,,
1.0,G04-260204-155353-262,G04-260204-155353-262.bmp,G04,2026-02-04T15:53:53,2026-02-04,G04_2026-02-04,262,test,normal,,1025,1281,1,52aba44e743f34af5b6439328a650a379123c2f080c72df8b1806ab9cd87ae2b,,
1.0,G04-260204-155416-263,G04-260204-155416-263.bmp,G04,2026-02-04T15:54:16,2026-02-04,G04_2026-02-04,263,test,normal,,1025,1281,1,1ce035c0cfe0c7ca825b965b172fb7d17c9c4a70eebbd0be7efa6cfa0de67da8,,
1.0,G04-260204-155422-264,G04-260204-155422-264.bmp,G04,2026-02-04T15:54:22,2026-02-04,G04_2026-02-04,264,test,normal,,1025,1281,1,c53cbd7cdf33e9e315a207ceae00615e5ea709465ca913126d5680f281c93072,,
1.0,G04-260204-155446-265,G04-260204-155446-265.bmp,G04,2026-02-04T15:54:46,2026-02-04,G04_2026-02-04,265,test,normal,,1025,1281,1,9f016231ab65cadca9f043cdac88846d562935b1d78d7c18aba8c75a8e9f1bd4,,
1.0,G04-260204-155453-266,G04-260204-155453-266.bmp,G04,2026-02-04T15:54:53,2026-02-04,G04_2026-02-04,266,test,normal,,1025,1281,1,f6e53b05af6971065c9859481657e68df493583b0b1fc97c7ae3d126b028fab4,,
1.0,G04-260204-155516-267,G04-260204-155516-267.bmp,G04,2026-02-04T15:55:16,2026-02-04,G04_2026-02-04,267,test,normal,,1025,1281,1,6f8da51683d5edd29cb58b9ad4041d68860c42e29cae8d16c54636137935a957,,
1.0,G04-260204-155523-268,G04-260204-155523-268.bmp,G04,2026-02-04T15:55:23,2026-02-04,G04_2026-02-04,268,test,normal,,1025,1281,1,b4bc3710939d85491ffaa1537bd66b3a1a5b7205217b2564c3338d87086cc18c,,
1.0,G04-260204-155546-269,G04-260204-155546-269.bmp,G04,2026-02-04T15:55:46,2026-02-04,G04_2026-02-04,269,test,normal,,1025,1281,1,ab93f5996b1d8b8200902bd33f32c190b51f3ed270e3e0a9b1cea98653c65f79,,
1.0,G04-260204-155553-270,G04-260204-155553-270.bmp,G04,2026-02-04T15:55:53,2026-02-04,G04_2026-02-04,270,test,normal,,1025,1281,1,990a221536563e49706e2bd95aa2dc8f3e053410ecae7814b063114cbf80b72c,,
1.0,G04-260204-155616-271,G04-260204-155616-271.bmp,G04,2026-02-04T15:56:16,2026-02-04,G04_2026-02-04,271,test,normal,,1025,1281,1,9f9937ad8933f6bb95e61a3aeaa81a1c8923971061055906b0a425dd07f3d01f,,
1.0,G04-260204-155623-272,G04-260204-155623-272.bmp,G04,2026-02-04T15:56:23,2026-02-04,G04_2026-02-04,272,test,normal,,1025,1281,1,a56ead613b453843ae5573208120c795860647560bb16e3e9e3d9dd87e3fb58d,,
1.0,G04-260204-155646-273,G04-260204-155646-273.bmp,G04,2026-02-04T15:56:46,2026-02-04,G04_2026-02-04,273,test,normal,,1025,1281,1,08f1861feb6239f45222db771e57448acf56958fa57ccda24eca9fb71b743949,,
1.0,G04-260204-155652-274,G04-260204-155652-274.bmp,G04,2026-02-04T15:56:52,2026-02-04,G04_2026-02-04,274,test,normal,,1025,1281,1,48a9ca4054aaea69d9d41800cde8ab409c74f586418f4f503490a54181503bd0,,
1.0,G04-260204-155715-275,G04-260204-155715-275.bmp,G04,2026-02-04T15:57:15,2026-02-04,G04_2026-02-04,275,test,normal,,1025,1281,1,5588f8a682474b6ececb51bf9cfc92ae5d4e54f6095821119cec49c946c510f2,,
1.0,G04-260204-155722-276,G04-260204-155722-276.bmp,G04,2026-02-04T15:57:22,2026-02-04,G04_2026-02-04,276,test,normal,,1025,1281,1,6abdc43405d442e8aacd54fa806bcd313c28f9a3737508e110996ec832e0659b,,
1.0,G04-260204-155747-277,G04-260204-155747-277.bmp,G04,2026-02-04T15:57:47,2026-02-04,G04_2026-02-04,277,test,normal,,1025,1281,1,60d9e6b9b764b9c0dcc5e8d4bf8d0106ef0d799df2ef134906abfd5beaf1e9ee,,
1.0,G04-260204-155754-278,G04-260204-155754-278.bmp,G04,2026-02-04T15:57:54,2026-02-04,G04_2026-02-04,278,test,normal,,1025,1281,1,ece04dd2c753ee17900ad3fc2408f570e022b1f0e4f4ec518cd5e46c31bdd29e,,
1.0,G04-260204-155816-279,G04-260204-155816-279.bmp,G04,2026-02-04T15:58:16,2026-02-04,G04_2026-02-04,279,test,normal,,1025,1281,1,957094522d9bc7ac4ac00dfcb381f4c0ab15d515e7700173e87cea3f67e147c2,,
1.0,G04-260204-155824-280,G04-260204-155824-280.bmp,G04,2026-02-04T15:58:24,2026-02-04,G04_2026-02-04,280,test,normal,,1025,1281,1,9bbcd9b0bbdbea3d438ffc5294dffd3f5658027f0608270e7ba6b9ca771b5e88,,
1.0,G04-260204-155846-281,G04-260204-155846-281.bmp,G04,2026-02-04T15:58:46,2026-02-04,G04_2026-02-04,281,test,normal,,1025,1281,1,94d804b1c9432cbf72de09f299479ac84ba2cefe7678244d359d3130d9b16a15,,
1.0,G04-260204-155853-282,G04-260204-155853-282.bmp,G04,2026-02-04T15:58:53,2026-02-04,G04_2026-02-04,282,test,normal,,1025,1281,1,f4b2a9566ca8f3d9ae099d9e6c24b994ad9ea0fd9a25be72dc4807cfd0665bbf,,
1.0,G04-260204-155917-283,G04-260204-155917-283.bmp,G04,2026-02-04T15:59:17,2026-02-04,G04_2026-02-04,283,test,normal,,1025,1281,1,eef26ce94a3e3c30a7e6ff31ce072ab0a5f07f09f94cb8793fa8932bec4b361f,,
1.0,G04-260204-155923-284,G04-260204-155923-284.bmp,G04,2026-02-04T15:59:23,2026-02-04,G04_2026-02-04,284,test,normal,,1025,1281,1,83981f02846a4c9be401510bba712d58a65d6ae0f801b5f558674a32dc6a890b,,
1.0,G04-260204-155947-285,G04-260204-155947-285.bmp,G04,2026-02-04T15:59:47,2026-02-04,G04_2026-02-04,285,test,normal,,1025,1281,1,1823db9ac5eccb883e0b50cd31db3d465bbfdc4038d22c75741da77e65b333d1,,
1.0,G04-260204-155955-286,G04-260204-155955-286.bmp,G04,2026-02-04T15:59:55,2026-02-04,G04_2026-02-04,286,test,normal,,1025,1281,1,c6ac2081d125343fc21d6136d029f60157f1099035f30fd9f32836d9ac68d8e3,,
1.0,G04-260204-160017-287,G04-260204-160017-287.bmp,G04,2026-02-04T16:00:17,2026-02-04,G04_2026-02-04,287,test,normal,,1025,1281,1,25b5eacfc10920345bdf291d28f0aab3f502f22fde2588ad64fdca17bc0f7a77,,
1.0,G04-260204-160024-288,G04-260204-160024-288.bmp,G04,2026-02-04T16:00:24,2026-02-04,G04_2026-02-04,288,test,normal,,1025,1281,1,5d465e3ffb62eb5d5fc7f16490fe6e0df72bdbf76ab6b46035b0020c20822095,,
1.0,G04-260204-160046-289,G04-260204-160046-289.bmp,G04,2026-02-04T16:00:46,2026-02-04,G04_2026-02-04,289,test,normal,,1025,1281,1,68f8c1dcedb47a1e8419ce8c87d237554d68f9cfa4df928524a8b8b06c9b955f,,
1.0,G04-260204-160053-290,G04-260204-160053-290.bmp,G04,2026-02-04T16:00:53,2026-02-04,G04_2026-02-04,290,test,normal,,1025,1281,1,403f29649584f9affe1b5bdea411ff731bb15489b272da48bf7f508cb3911a34,,
1.0,G04-260204-160117-291,G04-260204-160117-291.bmp,G04,2026-02-04T16:01:17,2026-02-04,G04_2026-02-04,291,test,normal,,1025,1281,1,69320af06b3be947ec7be5b3621575783795a1c29a9cd0c7a5afe9fb4d74f9e9,,
1.0,G04-260204-160125-292,G04-260204-160125-292.bmp,G04,2026-02-04T16:01:25,2026-02-04,G04_2026-02-04,292,test,normal,,1025,1281,1,ce98d6f1ccd3a6b5e62ca54bebde8b438f0ca4874140cc33708b98209a40a087,,
1.0,G04-260204-160147-293,G04-260204-160147-293.bmp,G04,2026-02-04T16:01:47,2026-02-04,G04_2026-02-04,293,test,normal,,1025,1281,1,5143c2e44f49afde700936d8f386e7bf298cba32edd49698cdc7252e576e7908,,
1.0,G04-260204-160154-294,G04-260204-160154-294.bmp,G04,2026-02-04T16:01:54,2026-02-04,G04_2026-02-04,294,test,normal,,1025,1281,1,45c9fa950286cd2712de3f95d34dfcb13bce2769f21812ceefc446266593fa1f,,
1.0,G04-260204-160218-295,G04-260204-160218-295.bmp,G04,2026-02-04T16:02:18,2026-02-04,G04_2026-02-04,295,test,normal,,1025,1281,1,59914c2b66ff2c4163d86d25ba3050e41606174e103e81c7e911be277dacf97a,,
1.0,G04-260204-160225-296,G04-260204-160225-296.bmp,G04,2026-02-04T16:02:25,2026-02-04,G04_2026-02-04,296,test,normal,,1025,1281,1,b4923b6c613e0933f71c91a53a6884db42528772d513313de400bcbd08a72adc,,
1.0,G04-260204-160248-297,G04-260204-160248-297.bmp,G04,2026-02-04T16:02:48,2026-02-04,G04_2026-02-04,297,test,normal,,1025,1281,1,f97573e58b8c1e2fee6fd537813eb607fac3670ea26d3bd3efc58a6cab1b1033,,
1.0,G04-260204-160255-298,G04-260204-160255-298.bmp,G04,2026-02-04T16:02:55,2026-02-04,G04_2026-02-04,298,test,normal,,1025,1281,1,3b710dc767b3970b48767860de54766b9b66d149e351e913751c1844a7192d94,,
1.0,G04-260204-160320-299,G04-260204-160320-299.bmp,G04,2026-02-04T16:03:20,2026-02-04,G04_2026-02-04,299,test,normal,,1025,1281,1,a9f7fa721bb5f04f07f3d24fd64004a6966dad72d0c26afc7e4ed1b063d9ee68,,
1.0,G04-260204-160327-300,G04-260204-160327-300.bmp,G04,2026-02-04T16:03:27,2026-02-04,G04_2026-02-04,300,test,normal,,1025,1281,1,fdfe8b40c2b31f501258a4a77d7c8236f736c0436a4b7b58357d906888ac9eda,,
1.0,G04-260204-160349-301,G04-260204-160349-301.bmp,G04,2026-02-04T16:03:49,2026-02-04,G04_2026-02-04,301,test,normal,,1025,1281,1,2fafa5a4471e343500680d1c25a97c9bc47d6483065b9635190cf9ced2ef84cc,,
1.0,G04-260204-160358-302,G04-260204-160358-302.bmp,G04,2026-02-04T16:03:58,2026-02-04,G04_2026-02-04,302,test,normal,,1025,1281,1,806627e2f224c5cc16247cd5b8d1c9a9b31e4b02f1640896d7f1addfcc463739,,
1.0,G04-260204-160418-303,G04-260204-160418-303.bmp,G04,2026-02-04T16:04:18,2026-02-04,G04_2026-02-04,303,test,normal,,1025,1281,1,fd733648e239d75d73f9e3e99dcc7e6346dccb2a05ad1df3b891869548a702bb,,
1.0,G04-260204-160425-304,G04-260204-160425-304.bmp,G04,2026-02-04T16:04:25,2026-02-04,G04_2026-02-04,304,test,normal,,1025,1281,1,f6cd1a25842beefb98712a3ad99b2503776e5dd044d202265f8e778c66beb3d2,,
1.0,G04-260204-160447-305,G04-260204-160447-305.bmp,G04,2026-02-04T16:04:47,2026-02-04,G04_2026-02-04,305,test,normal,,1025,1281,1,b4de1cb31f7aa3b3a13a9c9bcfb12e7218cd6f46e95dc2af5ea849f65c43d3c8,,
1.0,G04-260204-160454-306,G04-260204-160454-306.bmp,G04,2026-02-04T16:04:54,2026-02-04,G04_2026-02-04,306,test,normal,,1025,1281,1,b72c276d7fa8fbc89e6a561e0cd58d10c62fc882849f4d6a1f6491ae4f696a9b,,
1.0,G04-260204-160517-307,G04-260204-160517-307.bmp,G04,2026-02-04T16:05:17,2026-02-04,G04_2026-02-04,307,test,normal,,1025,1281,1,ae7accc282159809b32cf82ed1b400b02c5bd51f0e6f4e8d1f2cc73188efde8c,,
1.0,G04-260204-160524-308,G04-260204-160524-308.bmp,G04,2026-02-04T16:05:24,2026-02-04,G04_2026-02-04,308,test,normal,,1025,1281,1,e00b2d319250425a2c4fd11c11c7849d9dbe6b076658c50c9b3a339695e184cd,,
1.0,G04-260204-160550-309,G04-260204-160550-309.bmp,G04,2026-02-04T16:05:50,2026-02-04,G04_2026-02-04,309,test,normal,,1025,1281,1,9b51ead1378eefc1a84e7a9974267cd02ee5441854e3d7a39e351f4e5017e5ea,,
1.0,G04-260204-160557-310,G04-260204-160557-310.bmp,G04,2026-02-04T16:05:57,2026-02-04,G04_2026-02-04,310,test,normal,,1025,1281,1,40e8e72a0cf8e8885d2210e0722ae9aa3341387ddf1f4898389749209c83e7b1,,
1.0,G04-260204-160620-311,G04-260204-160620-311.bmp,G04,2026-02-04T16:06:20,2026-02-04,G04_2026-02-04,311,test,normal,,1025,1281,1,12e5585d76754ec7cdc66a4aed2dce14e4d99d716c524e3e376cc4179611bb6d,,
1.0,G04-260204-160626-312,G04-260204-160626-312.bmp,G04,2026-02-04T16:06:26,2026-02-04,G04_2026-02-04,312,test,normal,,1025,1281,1,1f82e357561a18c3fa25f36aab60b58b04d20f3202467ee54ec7aeec30fc581c,,
1.0,G04-260204-160650-313,G04-260204-160650-313.bmp,G04,2026-02-04T16:06:50,2026-02-04,G04_2026-02-04,313,test,normal,,1025,1281,1,e43369470bc9cdfc35705cd8b0d0ec3510af5120d4815c7f564813a255ca32e9,,
1.0,G04-260204-160657-314,G04-260204-160657-314.bmp,G04,2026-02-04T16:06:57,2026-02-04,G04_2026-02-04,314,test,normal,,1025,1281,1,c35dc4a387a89ef3109e25cde9fcee4b44feb8b38a9d2677de10645c8216eb3a,,
1.0,G04-260204-160719-315,G04-260204-160719-315.bmp,G04,2026-02-04T16:07:19,2026-02-04,G04_2026-02-04,315,test,normal,,1025,1281,1,f48a0725677b114fd326d3395fadc0e145ae1652f5ebff244f8c2bc75e417b6f,,
1.0,G04-260204-160726-316,G04-260204-160726-316.bmp,G04,2026-02-04T16:07:26,2026-02-04,G04_2026-02-04,316,test,normal,,1025,1281,1,ae8730c25a081d8ec4426f0248121c7e0b98659895cb8e18decf3f23c8a34c92,,
1.0,G04-260204-160749-317,G04-260204-160749-317.bmp,G04,2026-02-04T16:07:49,2026-02-04,G04_2026-02-04,317,test,normal,,1025,1281,1,6e25e476a825555bc1a6d686503d41e9355bac9360269860d2eb03f2fab18748,,
1.0,G04-260204-160756-318,G04-260204-160756-318.bmp,G04,2026-02-04T16:07:56,2026-02-04,G04_2026-02-04,318,test,normal,,1025,1281,1,0538507e34fdb44de1f2d20921128758efb364a07419889b8fc9005a5e020526,,
1.0,G04-260204-160820-319,G04-260204-160820-319.bmp,G04,2026-02-04T16:08:20,2026-02-04,G04_2026-02-04,319,test,normal,,1025,1281,1,3dad2ed4a7a965559fc4b3351b75f66f5e02f253e35d7b0f9fd75d0ee94b9464,,
1.0,G04-260204-160826-320,G04-260204-160826-320.bmp,G04,2026-02-04T16:08:26,2026-02-04,G04_2026-02-04,320,test,normal,,1025,1281,1,21ebb625416ed096f4b00636e0591983c451d488fb110bac8cc6b197fbfe2b67,,
1.0,G04-260204-160849-321,G04-260204-160849-321.bmp,G04,2026-02-04T16:08:49,2026-02-04,G04_2026-02-04,321,test,normal,,1025,1281,1,f87f3af0b52f9895af50169dd8cd6d8d56e3c75e37378ac73ef269b5ae3d3690,,
1.0,G04-260204-160857-322,G04-260204-160857-322.bmp,G04,2026-02-04T16:08:57,2026-02-04,G04_2026-02-04,322,test,normal,,1025,1281,1,c1e9d3832c6955967ed4ac3ac6eff680e6222a62dbc1b30fa4141de00ceaadbb,,
1.0,G04-260204-160920-323,G04-260204-160920-323.bmp,G04,2026-02-04T16:09:20,2026-02-04,G04_2026-02-04,323,test,normal,,1025,1281,1,2f765f145781201bf3bfa64de79b3202a091e2eb7915bd3a2af17cde9d2b80b9,,
1.0,G04-260204-160927-324,G04-260204-160927-324.bmp,G04,2026-02-04T16:09:27,2026-02-04,G04_2026-02-04,324,test,normal,,1025,1281,1,881fb5b4604a6e27c843af8bc574f6be84da04fa7b672cdbda00f8e4e00ca51e,,
1.0,G04-260204-160950-325,G04-260204-160950-325.bmp,G04,2026-02-04T16:09:50,2026-02-04,G04_2026-02-04,325,test,normal,,1025,1281,1,7663a061d369b27d21c29e82c32deb6bc71a86a9e92c2d46bd9fa7d013329b9b,,
1.0,G04-260204-160956-326,G04-260204-160956-326.bmp,G04,2026-02-04T16:09:56,2026-02-04,G04_2026-02-04,326,test,normal,,1025,1281,1,7e9ed07163284c788f7f40500a98010e8009663167b9ae557d55035774b5be35,,
1.0,G04-260204-161020-327,G04-260204-161020-327.bmp,G04,2026-02-04T16:10:20,2026-02-04,G04_2026-02-04,327,test,normal,,1025,1281,1,db3d773e6180f156dcaaae4d86696f737db18672fee6fad9c104e6ede0a9bfd5,,
1.0,G04-260204-161027-328,G04-260204-161027-328.bmp,G04,2026-02-04T16:10:27,2026-02-04,G04_2026-02-04,328,test,normal,,1025,1281,1,b167da3023c93d395884950f6ed1fd3ceab86585df323cd064706f2341a6a35c,,
1.0,G04-260204-161050-329,G04-260204-161050-329.bmp,G04,2026-02-04T16:10:50,2026-02-04,G04_2026-02-04,329,test,normal,,1025,1281,1,f0b5ac7a59626cef0c4678c33fd75a786ad0c7242e77efdff87f01e12285a8de,,
1.0,G04-260204-161057-330,G04-260204-161057-330.bmp,G04,2026-02-04T16:10:57,2026-02-04,G04_2026-02-04,330,test,normal,,1025,1281,1,9be40ed5f27418f6243b0e0380ddfd8e6b895cf8df8cf449aab7d4a2021f3a27,,
1.0,G04-260205-091549-258,G04-260205-091549-258.bmp,G04,2026-02-05T09:15:49,2026-02-05,G04_2026-02-05,258,test,normal,,1025,1281,1,6970ebc201e5ac41603efd50f876ec5bb123524ed6ccaa14f6c2a624fe2ca3ca,isolated_capture,
