schema_version,sample_id,source_relpath,camera_angle,captured_at_local,capture_date,session_id,sequence_no,split,label,defect_type,width,height,channels,source_sha256,quality_flags,notes
1.0,G02-260201-115803-681,G02-260201-115803-681.bmp,G02,2026-02-01T11:58:03,2026-02-01,G02_2026-02-01,681,train,normal,,1025,1281,1,3d622b99d7f8f74ec5ef16dc7f87d7976ccc2223a46ac773bce51ef42aff360e,,
1.0,G02-260201-115814-682,G02-260201-115814-682.bmp,G02,2026-02-01T11:58:14,2026-02-01,G02_2026-02-01,682,train,normal,,1025,1281,1,7febb5c33e29c073a55ad531ba9d055afaddc417b155359c9bb48f14421a015c,,
1.0,G02-260201-115821-683,G02-260201-115821-683.bmp,G02,2026-02-01T11:58:21,2026-02-01,G02_2026-02-01,683,train,normal,,1025,1281,1,e8c287935cebc570187648517e2ff418b22329d0dd35ebbd3488109202e6cb4d,,
1.0,G02-260201-115827-684,G02-260201-115827-684.bmp,G02,2026-02-01T11:58:27,2026-02-01,G02_2026-02-01,684,train,normal,,1025,1281,1,aea38c97df997984bb96774bd269761be316d31094dc0e66cef707548095c9ca,,
1.0,G02-260201-115848-685,G02-260201-115848-685.bmp,G02,2026-02-01T11:58:48,2026-02-01,G02_2026-02-01,685,train,normal,,1025,1281,1,421574fc52d0c68eb96be1f3980b7931e25e414669be436b755c0866c725f081,,
1.0,G02-260201-115919-686,G02-260201-115919-686.bmp,G02,2026-02-01T11:59:19,2026-02-01,G02_2026-02-01,686,train,normal,,1025,1281,1,2dcd209f608c6cd0a68cb58dff199af1f808979ee464743de54025cf761e793f,,
1.0,G02-260201-115925-687,G02-260201-115925-687.bmp,G02,2026-02-01T11:59:25,2026-02-01,G02_2026-02-01,687,train,normal,,1025,1281,1,ad7afcfb355e36dfcc3cbfe0a9d88d8ddc1dd4393670a0fb532625a55f3d77ff,,
1.0,G02-260201-115949-688,G02-260201-115949-688.bmp,G02,2026-02-01T11:59:49,2026-02-01,G02_2026-02-01,688,train,normal,,1025,1281,1,7447477e5349d55af592b0462831009884c2942cce0abd69b0810a022b004d4d,,
1.0,G02-260201-115955-689,G02-260201-115955-689.bmp,G02,2026-02-01T11:59:55,2026-02-01,G02_2026-02-01,689,train,normal,,1025,1281,1,9b0f9838957afa58fb874960660393b73eebed42e19c70ae29c345e863994f64,,
1.0,G02-260201-120020-690,G02-260201-120020-690.bmp,G02,2026-02-01T12:00:20,2026-02-01,G02_2026-02-01,690,train,normal,,1025,1281,1,05fdacc71423c2b8b02eb7ef4d09a61e490efba3858116384c9c213b24ad98e5,,
1.0,G02-260201-120027-691,G02-260201-120027-691.bmp,G02,2026-02-01T12:00:27,2026-02-01,G02_2026-02-01,691,train,normal,,1025,1281,1,88584d99aadc4383d8c4b514ea75870aac95facebfc857522a06d695cc0cd50b,,
1.0,G02-260201-120053-692,G02-260201-120053-692.bmp,G02,2026-02-01T12:00:53,2026-02-01,G02_2026-02-01,692,train,normal,,1025,1281,1,ffa9c9645cb2b37f8543e415dbac21de345690defadca2d546bc1963d3837042,,
1.0,G02-260201-120059-693,G02-260201-120059-693.bmp,G02,2026-02-01T12:00:59,2026-02-01,G02_2026-02-01,693,train,normal,,1025,1281,1,2dd3a4b2b01a7324ef42f4f8ce1aa0487a1ea9d8541d05a493e68f04fe9a82f9,,
1.0,G02-260201-120121-694,G02-260201-120121-694.bmp,G02,2026-02-01T12:01:21,2026-02-01,G02_2026-02-01,694,train,normal,,1025,1281,1,7f3b40ee062d0a73b4891956d6487c2ab87681d30022a2e367af1a00d4f98781,,
1.0,G02-260201-120127-695,G02-260201-120127-695.bmp,G02,2026-02-01T12:01:27,2026-02-01,G02_2026-02-01,695,train,normal,,1025,1281,1,87caab68ae2a46eb900f6729275fb4c36fb32b9385f596a43e5f67c34c39413d,,
1.0,G02-260201-120152-696,G02-260201-120152-696.bmp,G02,2026-02-01T12:01:52,2026-02-01,G02_2026-02-01,696,train,normal,,1025,1281,1,91d1287cf8c435504a15bd7723bd74a099e0442f30a599c869d327d12a45b881,,
1.0,G02-260201-120158-697,G02-260201-120158-697.bmp,G02,2026-02-01T12:01:58,2026-02-01,G02_2026-02-01,697,train,normal,,1025,1281,1,79daa8a53cbfd7af161993c55bbbc92d5687f8224dec5420ba8944313d128fa6,,
1.0,G02-260201-120220-698,G02-260201-120220-698.bmp,G02,2026-02-01T12:02:20,2026-02-01,G02_2026-02-01,698,train,normal,,1025,1281,1,c64ea28172da7470f3e0b0543b9dff9e2b1b39e5a0b3770abe81d1956660f320,,
1.0,G02-260201-120226-699,G02-260201-120226-699.bmp,G02,2026-02-01T12:02:26,2026-02-01,G02_2026-02-01,699,train,normal,,1025,1281,1,e82c9dec36b143d4629ccd4ed2956db56a5b658803a62a1cc659520a28742446,,
1.0,G02-260201-120252-700,G02-260201-120252-700.bmp,G02,2026-02-01T12:02:52,2026-02-01,G02_2026-02-01,700,train,normal,,1025,1281,1,7ec6f840c179f6d6586078da4d54a7e56435b046e668178ce9cd08fd74a8c762,,
1.0,G02-260201-120258-701,G02-260201-120258-701.bmp,G02,2026-02-01T12:02:58,2026-02-01,G02_2026-02-01,701,train,normal,,1025,1281,1,c5104143130d3a8655e1c2ee82a469a071c97c400e5bfda6eb921da0e3e40761,,
1.0,G02-260201-120321-702,G02-260201-120321-702.bmp,G02,2026-02-01T12:03:21,2026-02-01,G02_2026-02-01,702,train,normal,,1025,1281,1,4d7dfa1e6d6d93a0f0393faf0975ff4e04c189cbf73e1018733cb5d63bf24e17,,
1.0,G02-260201-120327-703,G02-260201-120327-703.bmp,G02,2026-02-01T12:03:27,2026-02-01,G02_2026-02-01,703,train,normal,,1025,1281,1,62055d914ab378afcf180b3f954cf6a24eccd2c0e0a5ee05784c20a89ee7a8e2,,
1.0,G02-260201-120351-704,G02-260201-120351-704.bmp,G02,2026-02-01T12:03:51,2026-02-01,G02_2026-02-01,704,train,normal,,1025,1281,1,54f0afcdf45de6f881da3d13d048ccafa041ef2a05591e3363f0123ced0fcd82,,
1.0,G02-260201-120357-705,G02-260201-120357-705.bmp,G02,2026-02-01T12:03:57,2026-02-01,G02_2026-02-01,705,train,normal,,1025,1281,1,d2eca73a6a0069b1a70ec14475b56e332f7a9f754a5de716f8cc9d25f511bae6,,
1.0,G02-260201-120422-706,G02-260201-120422-706.bmp,G02,2026-02-01T12:04:22,2026-02-01,G02_2026-02-01,706,train,normal,,1025,1281,1,5c2dc71b7682106e1b2474fc52acd6895d58fde88e4a6fe8513f86d615116959,,
1.0,G02-260201-120428-707,G02-260201-120428-707.bmp,G02,2026-02-01T12:04:28,2026-02-01,G02_2026-02-01,707,train,normal,,1025,1281,1,096e94ef3865d34c81a9b806ac53964ce0614ddb87511fd58330cf36eea819dd,,
1.0,G02-260201-120452-708,G02-260201-120452-708.bmp,G02,2026-02-01T12:04:52,2026-02-01,G02_2026-02-01,708,train,normal,,1025,1281,1,c539bcec7b45d38c6c3d176e75a934088336d78b6d9161f3f20f021a46a9db75,,
1.0,G02-260201-120458-709,G02-260201-120458-709.bmp,G02,2026-02-01T12:04:58,2026-02-01,G02_2026-02-01,709,train,normal,,1025,1281,1,827fc8bb7a5cfee28e8a1e7bd66e9b910dff6a42085826b62aacfe128e34f455,,
1.0,G02-260201-120522-710,G02-260201-120522-710.bmp,G02,2026-02-01T12:05:22,2026-02-01,G02_2026-02-01,710,train,normal,,1025,1281,1,233e689cb4f066212fc1010666e8aca0184badd962560aefe6c93352b4bf0eb7,,
1.0,G02-260201-120528-711,G02-260201-120528-711.bmp,G02,2026-02-01T12:05:28,2026-02-01,G02_2026-02-01,711,train,normal,,1025,1281,1,62f104b88086dd1d6b2928785c4078d4f4958c45978ee7e0928dc92b696a7b94,,
1.0,G02-260201-120551-712,G02-260201-120551-712.bmp,G02,2026-02-01T12:05:51,2026-02-01,G02_2026-02-01,712,train,normal,,1025,1281,1,9fdef8633894b5617307f1d7ba7e39e52413b05f2be6b7309efc959f5858ba56,,
1.0,G02-260201-120558-713,G02-260201-120558-713.bmp,G02,2026-02-01T12:05:58,2026-02-01,G02_2026-02-01,713,train,normal,,1025,1281,1,050e7a987bc7238f51c047468ad211886a10e15fff12c88c0901dd79facbdfcb,,
1.0,G02-260201-120623-714,G02-260201-120623-714.bmp,G02,2026-02-01T12:06:23,2026-02-01,G02_2026-02-01,714,train,normal,,1025,1281,1,cbc91f84c9bd9461154fb1d145a493ff565a5ff5bceaae3bf7148e5c796aa8d9,,
1.0,G02-260201-120629-715,G02-260201-120629-715.bmp,G02,2026-02-01T12:06:29,2026-02-01,G02_2026-02-01,715,train,normal,,1025,1281,1,ebc8a55dc850e280e461bd82075be2283436160c19f670f31c8898a93478994b,,
1.0,G02-260201-120652-716,G02-260201-120652-716.bmp,G02,2026-02-01T12:06:52,2026-02-01,G02_2026-02-01,716,train,normal,,1025,1281,1,1d3c94e0b2ee05ed62f45e215c9f3bf560e89de067d1356a20a21593b9b5652a,,
1.0,G02-260201-120659-717,G02-260201-120659-717.bmp,G02,2026-02-01T12:06:59,2026-02-01,G02_2026-02-01,717,train,normal,,1025,1281,1,55238d7082796a8237b4202b128455ddcb24b11f8f81c2fdcb2844fca36583cc,,
1.0,G02-260201-120723-718,G02-260201-120723-718.bmp,G02,2026-02-01T12:07:23,2026-02-01,G02_2026-02-01,718,train,normal,,1025,1281,1,39390080cfc42fa17552c0a8ddbb1affdfdcf469ed0d9792191f20cd3b6bb337,,
1.0,G02-260201-120729-719,G02-260201-120729-719.bmp,G02,2026-02-01T12:07:29,2026-02-01,G02_2026-02-01,719,train,normal,,1025,1281,1,cb974f003bc40fc223be38bcd2f598d4ce72bc32ef25cb680df9617243e61a31,,
1.0,G02-260201-120752-720,G02-260201-120752-720.bmp,G02,2026-02-01T12:07:52,2026-02-01,G02_2026-02-01,720,train,normal,,1025,1281,1,59db1032a6a28b69f9dfe55962b55ef23a1e9c59b7f69ffa44373ed9379a919d,,
1.0,G02-260201-120759-721,G02-260201-120759-721.bmp,G02,2026-02-01T12:07:59,2026-02-01,G02_2026-02-01,721,train,normal,,1025,1281,1,6d3a688a5654934addc4b9867f2ca8076ef5cc8d26b456f7871413d967eca8b1,,
1.0,G02-260201-120823-722,G02-260201-120823-722.bmp,G02,2026-02-01T12:08:23,2026-02-01,G02_2026-02-01,722,train,normal,,1025,1281,1,257e67856a7ac7a55266b1d9bdfdb6ca15cc2eeedda11f53af9fd704964871d5,,
1.0,G02-260201-120829-723,G02-260201-120829-723.bmp,G02,2026-02-01T12:08:29,2026-02-01,G02_2026-02-01,723,train,normal,,1025,1281,1,5e65a33aba4a0de6809b718059024c4b84c1930814fa4525f396b9596413c20a,,
1.0,G02-260201-120852-724,G02-260201-120852-724.bmp,G02,2026-02-01T12:08:52,2026-02-01,G02_2026-02-01,724,train,normal,,1025,1281,1,6b40a3bed4b24ab8dc8e293237c29e14cd8ada46acb4503e842a1ae06b7e0037,,
1.0,G02-260201-120859-725,G02-260201-120859-725.bmp,G02,2026-02-01T12:08:59,2026-02-01,G02_2026-02-01,725,train,normal,,1025,1281,1,9f85d55b98c5a482c57e5b9415e1c6d8ff4b12b2bdf82f3141728007254879e2,,
1.0,G02-260201-120922-726,G02-260201-120922-726.bmp,G02,2026-02-01T12:09:22,2026-02-01,G02_2026-02-01,726,train,normal,,1025,1281,1,89d703bf7b09f54ffd081840f604456980fc979a6bea3b5381b7738c396b23bf,,
1.0,G02-260201-120930-727,G02-260201-120930-727.bmp,G02,2026-02-01T12:09:30,2026-02-01,G02_2026-02-01,727,train,normal,,1025,1281,1,7752ca9dc4559ad6b5275056ddc6364f6d50764fcfbe44c6087931db668aaf61,,
1.0,G02-260201-120954-728,G02-260201-120954-728.bmp,G02,2026-02-01T12:09:54,2026-02-01,G02_2026-02-01,728,train,normal,,1025,1281,1,8b2008a64ab23684afb0e8ba9868708430ac10c8f1f077fbf513001d0a6fad6b,,
1.0,G02-260201-121000-729,G02-260201-121000-729.bmp,G02,2026-02-01T12:10:00,2026-02-01,G02_2026-02-01,729,train,normal,,1025,1281,1,b761ad99d20133e92f6432d700ee62a477133d2ffde3d6706745f18a3b5f3c7c,,
1.0,G02-260201-121023-730,G02-260201-121023-730.bmp,G02,2026-02-01T12:10:23,2026-02-01,G02_2026-02-01,730,train,normal,,1025,1281,1,f58245b582aea17f148b7a14bcb29515721db2010676e805916f90ac89fb4e30,,
1.0,G02-260201-121029-731,G02-260201-121029-731.bmp,G02,2026-02-01T12:10:29,2026-02-01,G02_2026-02-01,731,train,normal,,1025,1281,1,ff47cc2f18009990eb2a2c69f4d78b043064160629318a3dc59d27449410459b,,
1.0,G02-260201-121053-732,G02-260201-121053-732.bmp,G02,2026-02-01T12:10:53,2026-02-01,G02_2026-02-01,732,train,normal,,1025,1281,1,4d990bbf9e3cdada399d7f58276e62d15e252040645599cce255ccc0248d23cc,,
1.0,G02-260201-121059-733,G02-260201-121059-733.bmp,G02,2026-02-01T12:10:59,2026-02-01,G02_2026-02-01,733,train,normal,,1025,1281,1,31e0a97ecedbaa6149a1c9ff611a531d8b0caba2f1a4db4bccb7929ddca49338,,
1.0,G02-260201-121122-734,G02-260201-121122-734.bmp,G02,2026-02-01T12:11:22,2026-02-01,G02_2026-02-01,734,train,normal,,1025,1281,1,40d907374bbfdfbd0ebb3f4228fadb3a87998d076e4d07885c279043bc28b339,,
1.0,G02-260201-121129-735,G02-260201-121129-735.bmp,G02,2026-02-01T12:11:29,2026-02-01,G02_2026-02-01,735,train,normal,,1025,1281,1,92876cf355cdb8bbe5e4a57a571bd9d4554c28a9e05139a23894a9ba14f12052,,
1.0,G02-260201-121153-736,G02-260201-121153-736.bmp,G02,2026-02-01T12:11:53,2026-02-01,G02_2026-02-01,736,train,normal,,1025,1281,1,ef98cf42c2c5bced175169a6317ff0a76e58716fc7a6484fe576788e37339ca2,,
1.0,G02-260201-121200-737,G02-260201-121200-737.bmp,G02,2026-02-01T12:12:00,2026-02-01,G02_2026-02-01,737,train,normal,,1025,1281,1,c4836e2c3e37a7d6fcf6263469f81719db9c57f779b4b2abffdf1c884ff509c3,,
1.0,G02-260201-121225-738,G02-260201-121225-738.bmp,G02,2026-02-01T12:12:25,2026-02-01,G02_2026-02-01,738,train,normal,,1025,1281,1,9c26e12c86675ceac160b531926985db85b380162e0dd0101855f127e8a01421,,
1.0,G02-260201-121231-739,G02-260201-121231-739.bmp,G02,2026-02-01T12:12:31,2026-02-01,G02_2026-02-01,739,train,normal,,1025,1281,1,afa40fbd703f854f8d55960d664110278013f546d8a3424ec73d17a6a5f4d1ea,,
1.0,G02-260201-121255-740,G02-260201-121255-740.bmp,G02,2026-02-01T12:12:55,2026-02-01,G02_2026-02-01,740,train,normal,,1025,1281,1,a597a57c98093396eb1a72a81131e13ecd2c045efb34348624489b549afc2193,,
1.0,G02-260201-121301-741,G02-260201-121301-741.bmp,G02,2026-02-01T12:13:01,2026-02-01,G02_2026-02-01,741,train,normal,,1025,1281,1,c5c66b42504bfe61b11152f19586c737dc6206975cbbf3230f9fd60c9c0aadd8,,
1.0,G02-260201-121324-742,G02-260201-121324-742.bmp,G02,2026-02-01T12:13:24,2026-02-01,G02_2026-02-01,742,train,normal,,1025,1281,1,dc253c192c5bd4935231abd805050a9277d1bc05a7a8a76868552f562496a110,,
1.0,G02-260201-121330-743,G02-260201-121330-743.bmp,G02,2026-02-01T12:13:30,2026-02-01,G02_2026-02-01,743,train,normal,,1025,1281,1,356e69bf4b82a2a36a4900c1a591ef9abd711786b9e07d31bdaad4bff9e078f3,,
1.0,G02-260201-121354-744,G02-260201-121354-744.bmp,G02,2026-02-01T12:13:54,2026-02-01,G02_2026-02-01,744,train,normal,,1025,1281,1,c6d72373965ad656a395cfd1a55505ae1e5fae743b1d75cb2ee5b277761fe7c0,,
1.0,G02-260201-121400-745,G02-260201-121400-745.bmp,G02,2026-02-01T12:14:00,2026-02-01,G02_2026-02-01,745,train,normal,,1025,1281,1,a6ea727931c58917b96c4640f25f0a2ca76b4abbacad025aa0bd848f8367e974,,
1.0,G02-260201-121425-746,G02-260201-121425-746.bmp,G02,2026-02-01T12:14:25,2026-02-01,G02_2026-02-01,746,train,normal,,1025,1281,1,341d9686649e241762f1190a589b55801a5ad9c688ae24b4d1d54b66b9337cf0,,
1.0,G02-260201-121431-747,G02-260201-121431-747.bmp,G02,2026-02-01T12:14:31,2026-02-01,G02_2026-02-01,747,train,normal,,1025,1281,1,1e6af45f946eac034fbe8c420f2f18f7654d80a695396327e584b5dd3c46adbe,,
1.0,G02-260201-121454-748,G02-260201-121454-748.bmp,G02,2026-02-01T12:14:54,2026-02-01,G02_2026-02-01,748,train,normal,,1025,1281,1,f88124a740a188ab93cd1f162f582e741ff05c5e6e7d812e77af7e2b4018bd3a,,
1.0,G02-260201-121501-749,G02-260201-121501-749.bmp,G02,2026-02-01T12:15:01,2026-02-01,G02_2026-02-01,749,train,normal,,1025,1281,1,e0a87980aa784d5b2e3cadf0aef810878df9b6c2338896c5c873d06cc5cb1812,,
1.0,G02-260201-121524-750,G02-260201-121524-750.bmp,G02,2026-02-01T12:15:24,2026-02-01,G02_2026-02-01,750,train,normal,,1025,1281,1,67aa9fed21e14b5ab0a17bda8863c0d3e82bea2f43eacbc13437354140430a00,,
1.0,G02-260201-121531-751,G02-260201-121531-751.bmp,G02,2026-02-01T12:15:31,2026-02-01,G02_2026-02-01,751,train,normal,,1025,1281,1,61007b2a07cc01608daed6f66cd3259fa23ce2ce4485171f63229064bd87daf4,,
1.0,G02-260201-121556-752,G02-260201-121556-752.bmp,G02,2026-02-01T12:15:56,2026-02-01,G02_2026-02-01,752,train,normal,,1025,1281,1,8a57e8aff235c3a8882765160a1495ef7e125516e45f39d40886c532355b64f7,,
1.0,G02-260201-121602-753,G02-260201-121602-753.bmp,G02,2026-02-01T12:16:02,2026-02-01,G02_2026-02-01,753,train,normal,,1025,1281,1,87f336cdec8f56350facc4317a960380d71ac2bde881e67608e11fb58341a8a7,,
1.0,G02-260201-121627-754,G02-260201-121627-754.bmp,G02,2026-02-01T12:16:27,2026-02-01,G02_2026-02-01,754,train,normal,,1025,1281,1,eed43a05608961a3fcfc737cae77a31e0a7514cc8e59052df01dbb9504e8f659,,
1.0,G02-260201-121633-755,G02-260201-121633-755.bmp,G02,2026-02-01T12:16:33,2026-02-01,G02_2026-02-01,755,train,normal,,1025,1281,1,696ac1d87ec363819f04f33cfa50bfa5000c97cd97ea30c953935e9090e36ad8,,
1.0,G02-260201-121655-756,G02-260201-121655-756.bmp,G02,2026-02-01T12:16:55,2026-02-01,G02_2026-02-01,756,train,normal,,1025,1281,1,51a62f0b4dddb61c66308e1fb8f0920758667e56aa9b4469ce138426efa767a3,,
1.0,G02-260201-121701-757,G02-260201-121701-757.bmp,G02,2026-02-01T12:17:01,2026-02-01,G02_2026-02-01,757,train,normal,,1025,1281,1,21231197c90998791085b794786529d4815ba182f7807b484958a294f217c6c5,,
1.0,G02-260201-121726-758,G02-260201-121726-758.bmp,G02,2026-02-01T12:17:26,2026-02-01,G02_2026-02-01,758,train,normal,,1025,1281,1,6e0efd973125c5424373bbdce39d7838e041a06d730ff5e020a03cea8614ef6c,,
1.0,G02-260201-121732-759,G02-260201-121732-759.bmp,G02,2026-02-01T12:17:32,2026-02-01,G02_2026-02-01,759,train,normal,,1025,1281,1,894cff2dbd94daab3fc464804ce6db89d45b1e37f9f779b591e67b1347484c96,,
1.0,G02-260201-121755-760,G02-260201-121755-760.bmp,G02,2026-02-01T12:17:55,2026-02-01,G02_2026-02-01,760,train,normal,,1025,1281,1,b324ef04d38d4389c4685967959ab528b495a0a8bb768af87d60b53254ef0cce,,
1.0,G02-260201-121802-761,G02-260201-121802-761.bmp,G02,2026-02-01T12:18:02,2026-02-01,G02_2026-02-01,761,train,normal,,1025,1281,1,8fe6441e138c217f1e21e5212415b12b1e5f677cf6fbfd1dc21372ad831acdde,,
1.0,G02-260201-121823-762,G02-260201-121823-762.bmp,G02,2026-02-01T12:18:23,2026-02-01,G02_2026-02-01,762,train,normal,,1025,1281,1,bf0beded930b872be4558efec73922be16cb12c651a196d5a77dab950e836c7e,,
1.0,G02-260201-121830-763,G02-260201-121830-763.bmp,G02,2026-02-01T12:18:30,2026-02-01,G02_2026-02-01,763,train,normal,,1025,1281,1,d25ac432f3b87606880f7dd9a845eb02ced08a735a47e74d1c63f1316651c42c,,
1.0,G02-260201-121857-764,G02-260201-121857-764.bmp,G02,2026-02-01T12:18:57,2026-02-01,G02_2026-02-01,764,train,normal,,1025,1281,1,a58e122679dfc448e97dce0d5284d7d20642dca3f3b55e66e849f57f1a08844e,,
1.0,G02-260201-121903-765,G02-260201-121903-765.bmp,G02,2026-02-01T12:19:03,2026-02-01,G02_2026-02-01,765,train,normal,,1025,1281,1,4915c0d6281fa376316e92eea93ed61b1dc3e00988551ff170a6977c390730e0,,
1.0,G02-260201-121926-766,G02-260201-121926-766.bmp,G02,2026-02-01T12:19:26,2026-02-01,G02_2026-02-01,766,train,normal,,1025,1281,1,fa9b097ca22058a4f66678476744877de5929647a50e5abadad1837ef36c77cd,,
1.0,G02-260201-121932-767,G02-260201-121932-767.bmp,G02,2026-02-01T12:19:32,2026-02-01,G02_2026-02-01,767,train,normal,,1025,1281,1,a5b849dddb3c8a463a5cd526de55694603ba22e1e27370978c0dc4fde9175dee,,
1.0,G02-260201-121956-768,G02-260201-121956-768.bmp,G02,2026-02-01T12:19:56,2026-02-01,G02_2026-02-01,768,train,normal,,1025,1281,1,9742eb9322c46d86fd75638ecd7e6974106b34113869de86d91950bf86110ecd,,
1.0,G02-260201-122002-769,G02-260201-122002-769.bmp,G02,2026-02-01T12:20:02,2026-02-01,G02_2026-02-01,769,train,normal,,1025,1281,1,70dafbdb09355ac770fc575bd6bfc145d7632000d539dfd8cc97cbcd5922eadb,,
1.0,G02-260201-122026-770,G02-260201-122026-770.bmp,G02,2026-02-01T12:20:26,2026-02-01,G02_2026-02-01,770,train,normal,,1025,1281,1,54641c68c99a2d63ba34693b23bf96ab27a1e538b5e16085652dff2c327c7ef0,,
1.0,G02-260201-122033-771,G02-260201-122033-771.bmp,G02,2026-02-01T12:20:33,2026-02-01,G02_2026-02-01,771,train,normal,,1025,1281,1,5722d142e146abb9a054c2ddbfb824279fae224795c01e70d27333fbc8fb7381,,
1.0,G02-260201-122051-772,G02-260201-122051-772.bmp,G02,2026-02-01T12:20:51,2026-02-01,G02_2026-02-01,772,train,normal,,1025,1281,1,2f77d74f1a9afa4ab60b937eba019da148c70d2d2f2e1d44166f16ebc18df7bb,,
1.0,G02-260201-122131-773,G02-260201-122131-773.bmp,G02,2026-02-01T12:21:31,2026-02-01,G02_2026-02-01,773,train,normal,,1025,1281,1,6243437da0357c88074a96703bdaad5a9878a7baf21639573ed70e2b3c5d02bf,,
1.0,G02-260201-122137-774,G02-260201-122137-774.bmp,G02,2026-02-01T12:21:37,2026-02-01,G02_2026-02-01,774,train,normal,,1025,1281,1,d35e2315aa69c27de02a5d5a9f6a074cea76ee2e387706ea4ad09d889d65518b,,
1.0,G02-260201-122144-775,G02-260201-122144-775.bmp,G02,2026-02-01T12:21:44,2026-02-01,G02_2026-02-01,775,train,normal,,1025,1281,1,11b2449613675ba2257bae29d73bc32ad1e411ce754ce4f7538a498f99b1b12b,,
1.0,G02-260201-122158-776,G02-260201-122158-776.bmp,G02,2026-02-01T12:21:58,2026-02-01,G02_2026-02-01,776,train,normal,,1025,1281,1,72782b8f08a1fd55d32f5dec6a9057a507d853fcdc6e97ff026c1786498d86e1,,
1.0,G02-260201-122204-777,G02-260201-122204-777.bmp,G02,2026-02-01T12:22:04,2026-02-01,G02_2026-02-01,777,train,normal,,1025,1281,1,88080c5fc18f83626dcec24b368a97478a635dd8931095f2be3c30499e7d511d,,
1.0,G02-260201-122226-778,G02-260201-122226-778.bmp,G02,2026-02-01T12:22:26,2026-02-01,G02_2026-02-01,778,train,normal,,1025,1281,1,16895d18a88d39c86ee974e499545fb44655b031fc26c690f10bb298dc5d8a13,,
1.0,G02-260201-122233-779,G02-260201-122233-779.bmp,G02,2026-02-01T12:22:33,2026-02-01,G02_2026-02-01,779,train,normal,,1025,1281,1,82aab4b008b2f226509d4a0c9b56bcb5aa3b3942909d0bc258b50afb162634ad,,
1.0,G02-260201-122257-780,G02-260201-122257-780.bmp,G02,2026-02-01T12:22:57,2026-02-01,G02_2026-02-01,780,train,normal,,1025,1281,1,3d571546bd0cfe1266ea27dfd87f3ab83f582325b00d5be7fb1d82a5719dc6ca,,
1.0,G02-260201-122303-781,G02-260201-122303-781.bmp,G02,2026-02-01T12:23:03,2026-02-01,G02_2026-02-01,781,train,normal,,1025,1281,1,e4e26569dd9763085b72c99f1ea07448fe9afa42b0d7a9693a52f1468ec088e2,,
1.0,G02-260201-122329-782,G02-260201-122329-782.bmp,G02,2026-02-01T12:23:29,2026-02-01,G02_2026-02-01,782,train,normal,,1025,1281,1,4373a611acccfea7bb17cf92046fac99b93e8858d0add7ec0d45c70ed63e17da,,
1.0,G02-260201-122336-783,G02-260201-122336-783.bmp,G02,2026-02-01T12:23:36,2026-02-01,G02_2026-02-01,783,train,normal,,1025,1281,1,290415fe440c2cc499bc9d4dc48a74b2b582bdfb42dd02e7ce7574e4bf94a50c,,
1.0,G02-260201-122358-784,G02-260201-122358-784.bmp,G02,2026-02-01T12:23:58,2026-02-01,G02_2026-02-01,784,train,normal,,1025,1281,1,1d6ab614d9bcb8fdf93101da069e6dcb4d1b02fbc4a5018ccd7761dd8ce63d3a,,
1.0,G02-260201-122405-785,G02-260201-122405-785.bmp,G02,2026-02-01T12:24:05,2026-02-01,G02_2026-02-01,785,train,normal,,1025,1281,1,f80332aba08b82713fc14c4680cac668b7b1f6bc71af3e0d2d8bfb66bc562cfa,,
1.0,G02-260201-122428-786,G02-260201-122428-786.bmp,G02,2026-02-01T12:24:28,2026-02-01,G02_2026-02-01,786,train,normal,,1025,1281,1,9fe71834aad0b6788386e45238d7dfa3c6b2997567be082a31e4eb4fd1158ffb,,
1.0,G02-260201-122434-787,G02-260201-122434-787.bmp,G02,2026-02-01T12:24:34,2026-02-01,G02_2026-02-01,787,train,normal,,1025,1281,1,44d574672c475eb38d2b71f93a2eabe30fe4cafab7a3381d5e0dedc3525bb06f,,
1.0,G02-260201-122459-788,G02-260201-122459-788.bmp,G02,2026-02-01T12:24:59,2026-02-01,G02_2026-02-01,788,train,normal,,1025,1281,1,06bcc28514715d57e72213c26717a3324c126126afed9300077b5b88d6f6250b,,
1.0,G02-260201-122505-789,G02-260201-122505-789.bmp,G02,2026-02-01T12:25:05,2026-02-01,G02_2026-02-01,789,train,normal,,1025,1281,1,4fc9924851b74b1afba83ad190d02578569458e576fbd89629d15fca35672257,,
1.0,G02-260201-122535-790,G02-260201-122535-790.bmp,G02,2026-02-01T12:25:35,2026-02-01,G02_2026-02-01,790,train,normal,,1025,1281,1,9ef1d6d5d95d0a1d61e52875894f8fa1441919681fda4c5fde1571290cd5bc18,,
1.0,G02-260201-122541-791,G02-260201-122541-791.bmp,G02,2026-02-01T12:25:41,2026-02-01,G02_2026-02-01,791,train,normal,,1025,1281,1,5d18116e6bf694a43216752c2553e61d6ff4daf84a83c0bc46ba0b63b4777daa,,
1.0,G02-260201-122547-792,G02-260201-122547-792.bmp,G02,2026-02-01T12:25:47,2026-02-01,G02_2026-02-01,792,train,normal,,1025,1281,1,4b7072b50e8de1ad6fe91a6e01381b89dc778808b96ee5ec2854178962a8ccaf,,
1.0,G02-260201-122558-793,G02-260201-122558-793.bmp,G02,2026-02-01T12:25:58,2026-02-01,G02_2026-02-01,793,train,normal,,1025,1281,1,0d7f1f65eb6ec1175e541a6e59ec4df9a5a633191b3af73eb0c634a0aa75b7c7,,
1.0,G02-260201-122628-794,G02-260201-122628-794.bmp,G02,2026-02-01T12:26:28,2026-02-01,G02_2026-02-01,794,train,normal,,1025,1281,1,53398b35026cfeda6a9b2393a0f98b2f7cc7cfee6e39e128a0ef8776097af6ce,,
1.0,G02-260201-122634-795,G02-260201-122634-795.bmp,G02,2026-02-01T12:26:34,2026-02-01,G02_2026-02-01,795,train,normal,,1025,1281,1,e33cfd4a982ea51bff3e16bda3708dd4cdfd9bbf23db96f3fb0afe84a394d134,,
1.0,G02-260201-122658-796,G02-260201-122658-796.bmp,G02,2026-02-01T12:26:58,2026-02-01,G02_2026-02-01,796,train,normal,,1025,1281,1,48d6ab98a20d93d1dcca834112db4377f95430a4141e41613c3ecc1ce04c2aaa,,
1.0,G02-260201-122705-797,G02-260201-122705-797.bmp,G02,2026-02-01T12:27:05,2026-02-01,G02_2026-02-01,797,train,normal,,1025,1281,1,fe4dc9669cf20390c424dbe896446b6fab6c37cce029570dcfd74eaab5a0d82e,,
1.0,G02-260201-122728-798,G02-260201-122728-798.bmp,G02,2026-02-01T12:27:28,2026-02-01,G02_2026-02-01,798,train,normal,,1025,1281,1,60b6119dda101d1cb01ac43388cafadb109a8d241edbc67924827aa408905c28,,
1.0,G02-260201-122735-799,G02-260201-122735-799.bmp,G02,2026-02-01T12:27:35,2026-02-01,G02_2026-02-01,799,train,normal,,1025,1281,1,ec26edbc46e99f33c0dfe0ac6b13df269fc61caf96b2dce651cfda957a5ae007,,
1.0,G02-260201-122759-800,G02-260201-122759-800.bmp,G02,2026-02-01T12:27:59,2026-02-01,G02_2026-02-01,800,train,normal,,1025,1281,1,6dfd6a9266cab35cebb2c9bf24d48b1f1379bf72029a77bd85b1affd2659febf,,
1.0,G02-260201-122805-801,G02-260201-122805-801.bmp,G02,2026-02-01T12:28:05,2026-02-01,G02_2026-02-01,801,train,normal,,1025,1281,1,8d6569b7af3f6bbaf27e714e8f325c435af28d795acd4eb25121467da58890e8,,
1.0,G02-260201-122831-802,G02-260201-122831-802.bmp,G02,2026-02-01T12:28:31,2026-02-01,G02_2026-02-01,802,train,normal,,1025,1281,1,ec21552e86aa47ce548b1cd6dd03d1dc0e667723abd0175e55c4cc5908629846,,
1.0,G02-260201-122837-803,G02-260201-122837-803.bmp,G02,2026-02-01T12:28:37,2026-02-01,G02_2026-02-01,803,train,normal,,1025,1281,1,2ea66cfc25ea9ea001104921d55d969a8891e169f17d6ea46be0077f59cf375d,,
1.0,G02-260201-122900-804,G02-260201-122900-804.bmp,G02,2026-02-01T12:29:00,2026-02-01,G02_2026-02-01,804,train,normal,,1025,1281,1,f6d2bf715acb50c4f26fde08072bf3dcbde8643aa6a8e14f804c528f6da10b8a,,
1.0,G02-260201-122906-805,G02-260201-122906-805.bmp,G02,2026-02-01T12:29:06,2026-02-01,G02_2026-02-01,805,train,normal,,1025,1281,1,3bd8ae54ea5f921314b205ff2d57fdb31ee274f0b234540c975ace37f8479910,,
1.0,G02-260201-122929-806,G02-260201-122929-806.bmp,G02,2026-02-01T12:29:29,2026-02-01,G02_2026-02-01,806,train,normal,,1025,1281,1,46976fb11d3c816ade5d23be46cf169046040a2bb559fa3cc9ebb1a7bdeb9fe0,,
1.0,G02-260201-122936-807,G02-260201-122936-807.bmp,G02,2026-02-01T12:29:36,2026-02-01,G02_2026-02-01,807,train,normal,,1025,1281,1,37039e3b92f78b34b3e6276196fd37c6ded16b06cb0450e5207a955826ec1aeb,,
1.0,G02-260201-123000-808,G02-260201-123000-808.bmp,G02,2026-02-01T12:30:00,2026-02-01,G02_2026-02-01,808,train,normal,,1025,1281,1,f5a84d19c281835268bb721319f16bd2b140618dbacd099924d1597cb0fcc66f,,
1.0,G02-260201-123007-809,G02-260201-123007-809.bmp,G02,2026-02-01T12:30:07,2026-02-01,G02_2026-02-01,809,train,normal,,1025,1281,1,aa769b28399b10c09d2f25431f8aab0c0b4c54828377a6796b3845073f97b99b,,
1.0,G02-260201-123026-810,G02-260201-123026-810.bmp,G02,2026-02-01T12:30:26,2026-02-01,G02_2026-02-01,810,train,normal,,1025,1281,1,7e46db89e8c633287d198201727a1637134d099b5a861f9edfe97ddf88a48298,,
1.0,G02-260201-123057-811,G02-260201-123057-811.bmp,G02,2026-02-01T12:30:57,2026-02-01,G02_2026-02-01,811,train,normal,,1025,1281,1,f721003f9b067a54d809476ac1c9dd3d09e09a2ade0647b19ded039e5d86c530,,
1.0,G02-260201-123104-812,G02-260201-123104-812.bmp,G02,2026-02-01T12:31:04,2026-02-01,G02_2026-02-01,812,train,normal,,1025,1281,1,018bfe0eb82bb29e3322fa84bb0fc97168373a4e286032cd042ff7e402371b73,,
1.0,G02-260201-123110-813,G02-260201-123110-813.bmp,G02,2026-02-01T12:31:10,2026-02-01,G02_2026-02-01,813,train,normal,,1025,1281,1,b8e4196ed1c131d69517fffbddf3a55c8afeb1af9faf853276356d86fcb1f4f8,,
1.0,G02-260201-123129-814,G02-260201-123129-814.bmp,G02,2026-02-01T12:31:29,2026-02-01,G02_2026-02-01,814,train,normal,,1025,1281,1,74f86f6187b7f1b1d33cd01b6f1f704da52d787daa448d63e647df76031f937f,,
1.0,G02-260201-123136-815,G02-260201-123136-815.bmp,G02,2026-02-01T12:31:36,2026-02-01,G02_2026-02-01,815,train,normal,,1025,1281,1,5174066bc9d401cfd09488be29542e15d48d5633c10d8afaad149559793fc168,,
1.0,G02-260201-123200-816,G02-260201-123200-816.bmp,G02,2026-02-01T12:32:00,2026-02-01,G02_2026-02-01,816,train,normal,,1025,1281,1,abb54db43bcf053b3667fd5b8d845dae4c0dd94ba79d9f3acbb16b15fb59f1ca,,
1.0,G02-260201-123206-817,G02-260201-123206-817.bmp,G02,2026-02-01T12:32:06,2026-02-01,G02_2026-02-01,817,train,normal,,1025,1281,1,a3673e61bc3d0dd0ed873d9782de3474d59e63b98de504c90c5ef8fb06de17ee,,
1.0,G02-260201-123229-818,G02-260201-123229-818.bmp,G02,2026-02-01T12:32:29,2026-02-01,G02_2026-02-01,818,train,normal,,1025,1281,1,44346cb5ce759e734428f45026c2dc8bf7de6a4b162157a3254086040021000f,,
1.0,G02-260201-123235-819,G02-260201-123235-819.bmp,G02,2026-02-01T12:32:35,2026-02-01,G02_2026-02-01,819,train,normal,,1025,1281,1,1857c0626d3efdd382b0795c6e8a618e7a575f329a2d355d829e14fd7d1b07a4,,
1.0,G02-260201-123258-820,G02-260201-123258-820.bmp,G02,2026-02-01T12:32:58,2026-02-01,G02_2026-02-01,820,train,normal,,1025,1281,1,b072439e11062de2682f95bdc3ba93f6a179385b92023db94f279c42c8c5b6ae,,
1.0,G02-260201-123305-821,G02-260201-123305-821.bmp,G02,2026-02-01T12:33:05,2026-02-01,G02_2026-02-01,821,train,normal,,1025,1281,1,698c019bdaa49a96df8cde56e7349febb848b5e00d80d49b014761c18bb4b998,,
1.0,G02-260201-123330-822,G02-260201-123330-822.bmp,G02,2026-02-01T12:33:30,2026-02-01,G02_2026-02-01,822,train,normal,,1025,1281,1,15c7dd8da1c36a79341273eef197e77697de5a2434a72b928f7f1fd92f4e553b,,
1.0,G02-260201-123338-823,G02-260201-123338-823.bmp,G02,2026-02-01T12:33:38,2026-02-01,G02_2026-02-01,823,train,normal,,1025,1281,1,048c70eb614101fcb72f32fcccfa85607c7da6f1b08a64262948238bbf9b3f9c,,
1.0,G02-260201-123358-824,G02-260201-123358-824.bmp,G02,2026-02-01T12:33:58,2026-02-01,G02_2026-02-01,824,train,normal,,1025,1281,1,d704a483b45c9b98bd348ef3f3df89e19314ce99f9e7c28faeb092904f30163a,,
1.0,G02-260201-123412-825,G02-260201-123412-825.bmp,G02,2026-02-01T12:34:12,2026-02-01,G02_2026-02-01,825,train,normal,,1025,1281,1,dc56dbbe100461b1a9624972aee8e212aa7a177d187763a3dbe3bc10c2f410de,,
1.0,G02-260201-123434-826,G02-260201-123434-826.bmp,G02,2026-02-01T12:34:34,2026-02-01,G02_2026-02-01,826,train,normal,,1025,1281,1,159c303d89db8668193cb0c9ab55a578c7e9fd3edfc8afb73d2f8cd123df5a03,,
1.0,G02-260201-123441-827,G02-260201-123441-827.bmp,G02,2026-02-01T12:34:41,2026-02-01,G02_2026-02-01,827,train,normal,,1025,1281,1,b22e2d1b57d7f365fdd740563c541bdad9be109459974c94cfb17c35c09ec07c,,
1.0,G02-260201-123503-828,G02-260201-123503-828.bmp,G02,2026-02-01T12:35:03,2026-02-01,G02_2026-02-01,828,train,normal,,1025,1281,1,ff7ae6623988cdfb1295807714aec8d98eb520b7f5a72a57471f77f9af0608da,,
1.0,G02-260201-123509-829,G02-260201-123509-829.bmp,G02,2026-02-01T12:35:09,2026-02-01,G02_2026-02-01,829,train,normal,,1025,1281,1,1054805389f6fe9d9d60cc94546ab4e0de3d6cdb8a6b4ac09305762e73a0363c,,
1.0,G02-260201-123532-830,G02-260201-123532-830.bmp,G02,2026-02-01T12:35:32,2026-02-01,G02_2026-02-01,830,train,normal,,1025,1281,1,c231f8564e6b4ffb0b2f14ba8b5cbd159021442b235e00bf46bdaa883a9c030d,,
1.0,G02-260201-123538-831,G02-260201-123538-831.bmp,G02,2026-02-01T12:35:38,2026-02-01,G02_2026-02-01,831,train,normal,,1025,1281,1,a92ab478f41d9cfd2c562a853aef29bb5a98aac53d3217239853a6ee1c7f6e7e,,
1.0,G02-260201-123601-832,G02-260201-123601-832.bmp,G02,2026-02-01T12:36:01,2026-02-01,G02_2026-02-01,832,train,normal,,1025,1281,1,ad11d60188154d83d0e9548fa823bd08f33b8e60a7050a76ae525a2a804edd8f,,
1.0,G02-260201-123607-833,G02-260201-123607-833.bmp,G02,2026-02-01T12:36:07,2026-02-01,G02_2026-02-01,833,train,normal,,1025,1281,1,594615ec22f8d3328203e06c54d97f73827a5c179ee122cec5d2186f09c347ae,,
1.0,G02-260201-123633-834,G02-260201-123633-834.bmp,G02,2026-02-01T12:36:33,2026-02-01,G02_2026-02-01,834,train,normal,,1025,1281,1,9b758e9e5ecd14e2eab2c25062fb98063d84516bbb70bdf3334ac38599f41b1e,,
1.0,G02-260201-123639-835,G02-260201-123639-835.bmp,G02,2026-02-01T12:36:39,2026-02-01,G02_2026-02-01,835,train,normal,,1025,1281,1,735bd94bf2836bcd4b76a21549e94afb2db428358d622f37fbc9f31dc4ed5849,,
1.0,G02-260201-123703-836,G02-260201-123703-836.bmp,G02,2026-02-01T12:37:03,2026-02-01,G02_2026-02-01,836,train,normal,,1025,1281,1,6dbc105b8ddb6713dbebe69827898e171ab8bf27439c3241aae4f9671a3055d9,,
1.0,G02-260201-123709-837,G02-260201-123709-837.bmp,G02,2026-02-01T12:37:09,2026-02-01,G02_2026-02-01,837,train,normal,,1025,1281,1,c6efee68db690f2ff7019f2d3db9012acb837cfde23d903443ad024a359fdab9,,
1.0,G02-260201-123731-838,G02-260201-123731-838.bmp,G02,2026-02-01T12:37:31,2026-02-01,G02_2026-02-01,838,train,normal,,1025,1281,1,d7b5cfbbf3cf34dcb45f1150759ec369267b8d9f79d47b68181e7a5d84c4f68b,,
1.0,G02-260201-123740-839,G02-260201-123740-839.bmp,G02,2026-02-01T12:37:40,2026-02-01,G02_2026-02-01,839,train,normal,,1025,1281,1,31eb82663e36e2be379439ae577ea5903c1e1cef3cc4bb7e5bf27a8f930015b0,,
1.0,G02-260201-123757-840,G02-260201-123757-840.bmp,G02,2026-02-01T12:37:57,2026-02-01,G02_2026-02-01,840,train,normal,,1025,1281,1,f7433b1367aa9655cb9f676a4355b4f9ab698beb9ee1e3cd55cede59feaf164f,,
1.0,G02-260201-123835-841,G02-260201-123835-841.bmp,G02,2026-02-01T12:38:35,2026-02-01,G02_2026-02-01,841,train,normal,,1025,1281,1,b2425e3bde703b1666c47108185d13c2cb3220741f6a8699b7464c886bdd1346,,
1.0,G02-260201-123842-842,G02-260201-123842-842.bmp,G02,2026-02-01T12:38:42,2026-02-01,G02_2026-02-01,842,train,normal,,1025,1281,1,451543a18cb3bde2fbe18563c16be95e0dc6d4d549932a467ee8f1d352915f7c,,
1.0,G02-260201-123849-843,G02-260201-123849-843.bmp,G02,2026-02-01T12:38:49,2026-02-01,G02_2026-02-01,843,train,normal,,1025,1281,1,0d399a958244d1cb87a67b25effc74e5eb3a5b7ec845441c66cf7d238c64ca03,,
1.0,G02-260201-123905-844,G02-260201-123905-844.bmp,G02,2026-02-01T12:39:05,2026-02-01,G02_2026-02-01,844,train,normal,,1025,1281,1,2f1ffd51284fb377b3194fcd977224443560c48d2e71d39f25096b7c5cc20226,,
1.0,G02-260201-123911-845,G02-260201-123911-845.bmp,G02,2026-02-01T12:39:11,2026-02-01,G02_2026-02-01,845,train,normal,,1025,1281,1,348ee09824c858a08dd23e00187d1934b897b4080fb7fc644197eabe6e2e9f71,,
1.0,G02-260201-123933-846,G02-260201-123933-846.bmp,G02,2026-02-01T12:39:33,2026-02-01,G02_2026-02-01,846,train,normal,,1025,1281,1,401357b7e1f661987ea602f080ab63ef9a3d2546ccc18b683b46d621738fb872,,
1.0,G02-260201-123939-847,G02-260201-123939-847.bmp,G02,2026-02-01T12:39:39,2026-02-01,G02_2026-02-01,847,train,normal,,1025,1281,1,339df419e9e5640691238f5a3769cd8f0536d8997efecba7427aedbb5ec88f6a,,
1.0,G02-260201-124007-848,G02-260201-124007-848.bmp,G02,2026-02-01T12:40:07,2026-02-01,G02_2026-02-01,848,train,normal,,1025,1281,1,700dddade5c66e2bc6a597313c12307db6f3ec21f23194dbeb833ebdb02e1942,,
1.0,G02-260201-124013-849,G02-260201-124013-849.bmp,G02,2026-02-01T12:40:13,2026-02-01,G02_2026-02-01,849,train,normal,,1025,1281,1,6caac5a668feb292cd65128fb51075a2ffd8feeff1831cf88e7dce5423dda4d9,,
1.0,G02-260201-124033-850,G02-260201-124033-850.bmp,G02,2026-02-01T12:40:33,2026-02-01,G02_2026-02-01,850,train,normal,,1025,1281,1,cd427ca2664b2307e432110a293c90693c9313200acce876da939b86a45eddc8,,
1.0,G02-260201-124039-851,G02-260201-124039-851.bmp,G02,2026-02-01T12:40:39,2026-02-01,G02_2026-02-01,851,train,normal,,1025,1281,1,344a7eeca7f05658abf69b46eff6daf3529f62b5e172cce8c8a7ddc21abfb3bf,,
1.0,G02-260201-124105-852,G02-260201-124105-852.bmp,G02,2026-02-01T12:41:05,2026-02-01,G02_2026-02-01,852,train,normal,,1025,1281,1,09542941051f0c7525266f560a6da4358f4e0f7dcb70fbeeb1f5b69da4df5c48,,
1.0,G02-260201-124111-853,G02-260201-124111-853.bmp,G02,2026-02-01T12:41:11,2026-02-01,G02_2026-02-01,853,train,normal,,1025,1281,1,cd63162aa1afa6ef7107827f34de85f2b05fd620a83f1f28311f28960aad864f,,
1.0,G02-260201-124133-854,G02-260201-124133-854.bmp,G02,2026-02-01T12:41:33,2026-02-01,G02_2026-02-01,854,train,normal,,1025,1281,1,0248c753ed4676960519e555dc8edc84a9e9ad901bfe9c1f9257e65cfad505cb,,
1.0,G02-260201-124143-855,G02-260201-124143-855.bmp,G02,2026-02-01T12:41:43,2026-02-01,G02_2026-02-01,855,train,normal,,1025,1281,1,4c0965bf3c73b1ac5c4f7ff39f8119b958f78fbdb2bff81b0552caabf5980612,,
1.0,G02-260201-124206-856,G02-260201-124206-856.bmp,G02,2026-02-01T12:42:06,2026-02-01,G02_2026-02-01,856,train,normal,,1025,1281,1,47f6a61d6783d95984cf9dfbebcee0b80e9e903651b9e5e86731dea6e417e63d,,
1.0,G02-260201-124213-857,G02-260201-124213-857.bmp,G02,2026-02-01T12:42:13,2026-02-01,G02_2026-02-01,857,train,normal,,1025,1281,1,0b9eb9be774cc0b5f71f9c01707c5e99d60f3f6bd86d0c9cb8b1a754820ff98c,,
1.0,G02-260201-124234-858,G02-260201-124234-858.bmp,G02,2026-02-01T12:42:34,2026-02-01,G02_2026-02-01,858,train,normal,,1025,1281,1,37de0ef71c53e3e8744b2a61328ab188beba6a89424bf4dc22592ee6442ec583,,
1.0,G02-260201-124240-859,G02-260201-124240-859.bmp,G02,2026-02-01T12:42:40,2026-02-01,G02_2026-02-01,859,train,normal,,1025,1281,1,bd6080b156ebf1269615a4a44306f7ab157b15c32e8f79c78a1836d1a70175c8,,
1.0,G02-260201-124303-860,G02-260201-124303-860.bmp,G02,2026-02-01T12:43:03,2026-02-01,G02_2026-02-01,860,train,normal,,1025,1281,1,9f6c17c5b8aa9985b75a556f8282c96db2b7bad6ebc383d35f76808e48fbba51,,
1.0,G02-260201-124310-861,G02-260201-124310-861.bmp,G02,2026-02-01T12:43:10,2026-02-01,G02_2026-02-01,861,train,normal,,1025,1281,1,a8b1b81a4525d715a1303ea0ff0b0f4e1bc92874b8043562a2e1dddb91bd25d7,,
1.0,G02-260201-124334-862,G02-260201-124334-862.bmp,G02,2026-02-01T12:43:34,2026-02-01,G02_2026-02-01,862,train,normal,,1025,1281,1,d4d166c0e8084f2c11546cf27dd89409201c0672dc41fba498cb430fbdaaddbc,,
1.0,G02-260201-124340-863,G02-260201-124340-863.bmp,G02,2026-02-01T12:43:40,2026-02-01,G02_2026-02-01,863,train,normal,,1025,1281,1,6db518dbdb4aefecc0044024e3de50c7ad1431eb81e2c3e7aaf208126e816235,,
1.0,G02-260201-124405-864,G02-260201-124405-864.bmp,G02,2026-02-01T12:44:05,2026-02-01,G02_2026-02-01,864,train,normal,,1025,1281,1,139bfd478e6755f5e4fae5899415dc502e8e9494d9f0a8dd7bf8776b9d1d1f30,,
1.0,G02-260201-124412-865,G02-260201-124412-865.bmp,G02,2026-02-01T12:44:12,2026-02-01,G02_2026-02-01,865,train,normal,,1025,1281,1,b9652bcbc65067e894a37e02f6398d2225c6e411612b94cba4538a1882f08fe3,,
1.0,G02-260201-124434-866,G02-260201-124434-866.bmp,G02,2026-02-01T12:44:34,2026-02-01,G02_2026-02-01,866,train,normal,,1025,1281,1,1ab9de690442dfe8b845020431c4b582714505273a4c13f48a6f00b491cf64af,,
1.0,G02-260201-124441-867,G02-260201-124441-867.bmp,G02,2026-02-01T12:44:41,2026-02-01,G02_2026-02-01,867,train,normal,,1025,1281,1,c9182dfac1a3d426b7fd3800fabf2d9742634cbb2ade17adced13126dea55999,,
1.0,G02-260201-124506-868,G02-260201-124506-868.bmp,G02,2026-02-01T12:45:06,2026-02-01,G02_2026-02-01,868,train,normal,,1025,1281,1,a80a761e567edc592dcf51fa5e78155cf3097627a7da0a164358d1eac3d13f93,,
1.0,G02-260201-124512-869,G02-260201-124512-869.bmp,G02,2026-02-01T12:45:12,2026-02-01,G02_2026-02-01,869,train,normal,,1025,1281,1,1baf69199c4e7dbaf5812c67532914c499b81b7c4563e226fe9b0a7b3a0aab7e,,
1.0,G02-260201-124533-870,G02-260201-124533-870.bmp,G02,2026-02-01T12:45:33,2026-02-01,G02_2026-02-01,870,train,normal,,1025,1281,1,d3d4c103372d1d8ac85526984df88466757dfe2a6d770e65daeb551c2c215ca4,,
1.0,G02-260201-124540-871,G02-260201-124540-871.bmp,G02,2026-02-01T12:45:40,2026-02-01,G02_2026-02-01,871,train,normal,,1025,1281,1,31d97e87433b1c4c20048c4a27a0d4d781f0a6413e08ae0e1e57c9eb4984f18a,,
1.0,G02-260201-124605-872,G02-260201-124605-872.bmp,G02,2026-02-01T12:46:05,2026-02-01,G02_2026-02-01,872,train,normal,,1025,1281,1,719955918a44518af68e387021670efc7f24e1f67297584a9d23dba25fd01fde,,
1.0,G02-260201-124611-873,G02-260201-124611-873.bmp,G02,2026-02-01T12:46:11,2026-02-01,G02_2026-02-01,873,train,normal,,1025,1281,1,1830eee1e05ff1673b98b3c8da39ca8184c2a0fd6b5acc9b0177597f771cb46d,,
1.0,G02-260201-124635-874,G02-260201-124635-874.bmp,G02,2026-02-01T12:46:35,2026-02-01,G02_2026-02-01,874,train,normal,,1025,1281,1,9c977ab9fdec1f688fdb0ed8e8284965a3d68a4069915fc68aa1a648f3f4e940,,
1.0,G02-260201-124641-875,G02-260201-124641-875.bmp,G02,2026-02-01T12:46:41,2026-02-01,G02_2026-02-01,875,train,normal,,1025,1281,1,a13ee23b7d78d3da8d6e55b6fa255c5818e4bf0b04aa91b775f11de38cabfc84,,
1.0,G02-260201-124704-876,G02-260201-124704-876.bmp,G02,2026-02-01T12:47:04,2026-02-01,G02_2026-02-01,876,train,normal,,1025,1281,1,e6a8cead30f1c3ae055e34a94550420331dd8f6638093cb8c9aa65e6a8a07327,,
1.0,G02-260201-124711-877,G02-260201-124711-877.bmp,G02,2026-02-01T12:47:11,2026-02-01,G02_2026-02-01,877,train,normal,,1025,1281,1,911b58d3213c0488bb6e0e613a4a112f9ea3f08afcfd30a75756484f07a7d6c7,,
1.0,G02-260201-124729-878,G02-260201-124729-878.bmp,G02,2026-02-01T12:47:29,2026-02-01,G02_2026-02-01,878,train,normal,,1025,1281,1,7d6008ea8e5e31c516fc692f22ce047f990e393e811f21bbbb4fd454ac56fb70,,
1.0,G02-260201-124802-879,G02-260201-124802-879.bmp,G02,2026-02-01T12:48:02,2026-02-01,G02_2026-02-01,879,train,normal,,1025,1281,1,5932b15e231eed8ef862ab6b31e2b52eeb406b35f3eb19c28cb9931feb29e53c,,
1.0,G02-260201-124808-880,G02-260201-124808-880.bmp,G02,2026-02-01T12:48:08,2026-02-01,G02_2026-02-01,880,train,normal,,1025,1281,1,7636d3d36426a40db39d85833967e04192ff9ee69bec90e3d46e95d80e07ef8f,,
1.0,G02-260201-124848-881,G02-260201-124848-881.bmp,G02,2026-02-01T12:48:48,2026-02-01,G02_2026-02-01,881,train,normal,,1025,1281,1,8184a4b3de78b6e95694d0477302048ced2d498f2f2d881cd48b3b5caba711d8,,
1.0,G02-260201-124854-882,G02-260201-124854-882.bmp,G02,2026-02-01T12:48:54,2026-02-01,G02_2026-02-01,882,train,normal,,1025,1281,1,50c09d65228b747ecfb279d939841d3db35731ddc8b472d48bb712101023d263,,
1.0,G02-260201-124900-883,G02-260201-124900-883.bmp,G02,2026-02-01T12:49:00,2026-02-01,G02_2026-02-01,883,train,normal,,1025,1281,1,308fea29f192894090cc61eb92ae9bdcd161f2bb888b9e7dd71b35853d95abf4,,
1.0,G02-260201-124920-884,G02-260201-124920-884.bmp,G02,2026-02-01T12:49:20,2026-02-01,G02_2026-02-01,884,train,normal,,1025,1281,1,47618c122d30029b7261d7728e4c2fb178528dd839124982a16c232de3ff3af4,,
1.0,G02-260201-124926-885,G02-260201-124926-885.bmp,G02,2026-02-01T12:49:26,2026-02-01,G02_2026-02-01,885,train,normal,,1025,1281,1,17e9b233514137e8994055fe8be062902c2f8ec7862d26789a1641827b7e715e,,
1.0,G02-260201-124933-886,G02-260201-124933-886.bmp,G02,2026-02-01T12:49:33,2026-02-01,G02_2026-02-01,886,train,normal,,1025,1281,1,56d84aa2a0efa68df4791e3533bcacba72f8fee7923977bf8d905ae36de36068,,
1.0,G02-260201-125011-887,G02-260201-125011-887.bmp,G02,2026-02-01T12:50:11,2026-02-01,G02_2026-02-01,887,train,normal,,1025,1281,1,984a9b96c0c20fbe4ecd3fbfd489ee718e1e9f8e30e80f46a82e1396f14a52be,,
1.0,G02-260201-125017-888,G02-260201-125017-888.bmp,G02,2026-02-01T12:50:17,2026-02-01,G02_2026-02-01,888,train,normal,,1025,1281,1,d2da17daa1d3cf81fcbad9e2a7e6ef7cff703eda44191d28413e5b5e76614087,,
1.0,G02-260201-125025-889,G02-260201-125025-889.bmp,G02,2026-02-01T12:50:25,2026-02-01,G02_2026-02-01,889,train,normal,,1025,1281,1,1330be0bc0484874bb83e20b5a7e8891e91d92faceaa162de2589c143bef82d7,,
1.0,G02-260201-125037-890,G02-260201-125037-890.bmp,G02,2026-02-01T12:50:37,2026-02-01,G02_2026-02-01,890,train,normal,,1025,1281,1,41dbebf164c4c0b9f7c264b0babcc7e94d634b6827eb5831f2adf69f0f38d7ae,,
1.0,G02-260201-125043-891,G02-260201-125043-891.bmp,G02,2026-02-01T12:50:43,2026-02-01,G02_2026-02-01,891,train,normal,,1025,1281,1,d76bb7dc19349ca743f1f21374612efbc517c167c509e8c857d17bef6d46c9ec,,
1.0,G02-260201-125100-892,G02-260201-125100-892.bmp,G02,2026-02-01T12:51:00,2026-02-01,G02_2026-02-01,892,train,normal,,1025,1281,1,c480ab3a0e63cae32b926b82badcde7e6b3047370f09740306900b041160b2a9,,
1.0,G02-260201-125118-893,G02-260201-125118-893.bmp,G02,2026-02-01T12:51:18,2026-02-01,G02_2026-02-01,893,train,normal,,1025,1281,1,cd563a1c1667dab204f7527cf687db88715dbe30bd039ae4f31d2a6725f281d5,,
1.0,G02-260201-125139-894,G02-260201-125139-894.bmp,G02,2026-02-01T12:51:39,2026-02-01,G02_2026-02-01,894,train,normal,,1025,1281,1,afc4e3efccddb51350518434b406ee61ce8173533495004d36980005c1d79037,,
1.0,G02-260201-125146-895,G02-260201-125146-895.bmp,G02,2026-02-01T12:51:46,2026-02-01,G02_2026-02-01,895,train,normal,,1025,1281,1,b130376d9cb11533de81f9de92e0032eb372e039ef5327bdf6591e9af1f04381,,
1.0,G02-260201-125208-896,G02-260201-125208-896.bmp,G02,2026-02-01T12:52:08,2026-02-01,G02_2026-02-01,896,train,normal,,1025,1281,1,5c3b5448cfc1a67196d7f69510cddb57ac0e8ef713b313ac765d0930a598c842,,
1.0,G02-260201-125214-897,G02-260201-125214-897.bmp,G02,2026-02-01T12:52:14,2026-02-01,G02_2026-02-01,897,train,normal,,1025,1281,1,1bf36a2b7d2122be70f79c5cbb2ebeab1ba7768c1fe901dad7c1ce334a9d56e9,,
1.0,G02-260201-125238-898,G02-260201-125238-898.bmp,G02,2026-02-01T12:52:38,2026-02-01,G02_2026-02-01,898,train,normal,,1025,1281,1,b1276f471ddc65f38545d5f7797b89d9153e899dbe119afefb682753fbc2aa45,,
1.0,G02-260201-125244-899,G02-260201-125244-899.bmp,G02,2026-02-01T12:52:44,2026-02-01,G02_2026-02-01,899,train,normal,,1025,1281,1,eab47926b627945b1ad01146334c8e003cd9ec067381038c1f03b6b232ee6e00,,
1.0,G02-260201-125306-900,G02-260201-125306-900.bmp,G02,2026-02-01T12:53:06,2026-02-01,G02_2026-02-01,900,train,normal,,1025,1281,1,b88b131a103e5758a8eba75748c0b318b08731b334ede2e1e75bfec8690a3adf,,
1.0,G02-260201-125313-901,G02-260201-125313-901.bmp,G02,2026-02-01T12:53:13,2026-02-01,G02_2026-02-01,901,train,normal,,1025,1281,1,da95c3980402db4cbc7cb0980a58550a11f7e87ba9887a13a877a67d1c3adc13,,
1.0,G02-260201-125337-902,G02-260201-125337-902.bmp,G02,2026-02-01T12:53:37,2026-02-01,G02_2026-02-01,902,train,normal,,1025,1281,1,b2852300e5af45194e99c057a544663c915cce6980f6f50ac42f166de4700322,,
1.0,G02-260201-125343-903,G02-260201-125343-903.bmp,G02,2026-02-01T12:53:43,2026-02-01,G02_2026-02-01,903,train,normal,,1025,1281,1,7735bb0ed218f808cfd227207b93240808cdce4b2e5751552addde8b0781a7e2,,
1.0,G02-260201-125407-904,G02-260201-125407-904.bmp,G02,2026-02-01T12:54:07,2026-02-01,G02_2026-02-01,904,train,normal,,1025,1281,1,54166d87042f56868fd4ce27a2bffbad34905d528e88f5304b6a44d7da9b5fd3,,
1.0,G02-260201-125414-905,G02-260201-125414-905.bmp,G02,2026-02-01T12:54:14,2026-02-01,G02_2026-02-01,905,train,normal,,1025,1281,1,213a2ba6e9191a0825a09979ae29fc36189e909436e7c82aa9ed99fdb9b8ea9f,,
1.0,G02-260201-125436-906,G02-260201-125436-906.bmp,G02,2026-02-01T12:54:36,2026-02-01,G02_2026-02-01,906,train,normal,,1025,1281,1,38b46fdcb568a5314d4acf5d87ba0c6e571738ebb4ff3532c22d4e064c6bf8af,,
1.0,G02-260201-125443-907,G02-260201-125443-907.bmp,G02,2026-02-01T12:54:43,2026-02-01,G02_2026-02-01,907,train,normal,,1025,1281,1,09a94788823dd685d9df72f0b066286b6f4c39bb8b7ca73b1e5c27b7aa07b040,,
1.0,G02-260201-125507-908,G02-260201-125507-908.bmp,G02,2026-02-01T12:55:07,2026-02-01,G02_2026-02-01,908,train,normal,,1025,1281,1,3390c8cddcc1e8c592b29933f6f97602960d06e4d583df8a1d5397997e18ea84,,
1.0,G02-260201-125514-909,G02-260201-125514-909.bmp,G02,2026-02-01T12:55:14,2026-02-01,G02_2026-02-01,909,train,normal,,1025,1281,1,8cdf18d56ecf67b5c8f85f1c12757ba51d789d1ae89f0fa0f237995712dd1c52,,
1.0,G02-260201-125538-910,G02-260201-125538-910.bmp,G02,2026-02-01T12:55:38,2026-02-01,G02_2026-02-01,910,train,normal,,1025,1281,1,f26dbfb9e7449f130a00dce6220f027bb3030ed89d4a9db16a96b696f59b7f3c,,
1.0,G02-260201-125545-911,G02-260201-125545-911.bmp,G02,2026-02-01T12:55:45,2026-02-01,G02_2026-02-01,911,train,normal,,1025,1281,1,0d01ba7533e3e5fe36cc8ab435a9b1b3a46c9ef5212df2fe04bd518eab368b6f,,
1.0,G02-260201-125607-912,G02-260201-125607-912.bmp,G02,2026-02-01T12:56:07,2026-02-01,G02_2026-02-01,912,train,normal,,1025,1281,1,56fc21cfab4bc16a232ae2f7acc3f49b991851f046658a0f282de118f0e49d19,,
1.0,G02-260201-125613-913,G02-260201-125613-913.bmp,G02,2026-02-01T12:56:13,2026-02-01,G02_2026-02-01,913,train,normal,,1025,1281,1,169a7d457d3b8c235cea128901d13183dd341daf93eed4220551deb731992868,,
1.0,G02-260201-125639-914,G02-260201-125639-914.bmp,G02,2026-02-01T12:56:39,2026-02-01,G02_2026-02-01,914,train,normal,,1025,1281,1,335e93ed398021a0bb649982f3a6fb222671e02e84c4f189b2f447f2838ecfd4,,
1.0,G02-260201-125645-915,G02-260201-125645-915.bmp,G02,2026-02-01T12:56:45,2026-02-01,G02_2026-02-01,915,train,normal,,1025,1281,1,74d2cc05a323de3a564d3856fbab76ff04e0c0e1bf20ea4f9536b8335b333aca,,
1.0,G02-260201-125707-916,G02-260201-125707-916.bmp,G02,2026-02-01T12:57:07,2026-02-01,G02_2026-02-01,916,train,normal,,1025,1281,1,51dcc36e9b35d3c8c0750afd2a8e2d6307e84744b9684a8dd23de9f15bde7fe2,,
1.0,G02-260201-125714-917,G02-260201-125714-917.bmp,G02,2026-02-01T12:57:14,2026-02-01,G02_2026-02-01,917,train,normal,,1025,1281,1,a2252e8d78433ff9cc29cf8a129654ac1f6edf65d8e120ed3269fabc7ac2b71c,,
1.0,G02-260201-125738-918,G02-260201-125738-918.bmp,G02,2026-02-01T12:57:38,2026-02-01,G02_2026-02-01,918,train,normal,,1025,1281,1,22a9257b1ae25d58a28eb05c7578b044e8eaa2099a1574cf330c807124893ba3,,
1.0,G02-260201-125745-919,G02-260201-125745-919.bmp,G02,2026-02-01T12:57:45,2026-02-01,G02_2026-02-01,919,train,normal,,1025,1281,1,aa67f9218ecbb06973788f89d770cdd88289aef041fec6923b0d2c0be517959e,,
1.0,G02-260201-125802-920,G02-260201-125802-920.bmp,G02,2026-02-01T12:58:02,2026-02-01,G02_2026-02-01,920,train,normal,,1025,1281,1,d6a8718d69855fff2f192eeee99848511ee1deca87d9b7022fe004cdf5c68d2f,,
1.0,G02-260201-125842-921,G02-260201-125842-921.bmp,G02,2026-02-01T12:58:42,2026-02-01,G02_2026-02-01,921,train,normal,,1025,1281,1,ad7beab67478e3de2f5b2c5477f85dc55652f731ff317a68cb8de31e42abdcdd,,
1.0,G02-260201-125849-922,G02-260201-125849-922.bmp,G02,2026-02-01T12:58:49,2026-02-01,G02_2026-02-01,922,train,normal,,1025,1281,1,2fd58dafa239a9467d206cb52b26d5aa300d47e39b28df047c87446c5bc7a9b6,,
1.0,G02-260201-125857-923,G02-260201-125857-923.bmp,G02,2026-02-01T12:58:57,2026-02-01,G02_2026-02-01,923,train,normal,,1025,1281,1,4082bb9688a0c6822b1b9dd1d7c1e7a5fb9ab2e5f3b73afa294ee24d1b915721,,
1.0,G02-260201-125912-924,G02-260201-125912-924.bmp,G02,2026-02-01T12:59:12,2026-02-01,G02_2026-02-01,924,train,normal,,1025,1281,1,f7f45b16e610e076faa547031303b9a44f8f55923b42e8ee99540e07f0d6e488,,
1.0,G02-260201-125918-925,G02-260201-125918-925.bmp,G02,2026-02-01T12:59:18,2026-02-01,G02_2026-02-01,925,train,normal,,1025,1281,1,a153abed975572568260aafcc040fa47c3d1a27a2e48da0085b30b5df637a09e,,
1.0,G02-260201-125945-926,G02-260201-125945-926.bmp,G02,2026-02-01T12:59:45,2026-02-01,G02_2026-02-01,926,train,normal,,1025,1281,1,829961976b439a8a9a069626ae1a3871d3864d63cdb50795905633abc51f290a,,
1.0,G02-260201-125952-927,G02-260201-125952-927.bmp,G02,2026-02-01T12:59:52,2026-02-01,G02_2026-02-01,927,train,normal,,1025,1281,1,31d01a0702e35a4dafcd515eda02b725319004bce747a2858ac02e8aaf8ac552,,
1.0,G02-260201-130005-928,G02-260201-130005-928.bmp,G02,2026-02-01T13:00:05,2026-02-01,G02_2026-02-01,928,train,normal,,1025,1281,1,4c315caa7c865519a9033ca97b866604d51bbcadb4ffb0d99b2365962b6b6e89,,
1.0,G02-260201-130036-929,G02-260201-130036-929.bmp,G02,2026-02-01T13:00:36,2026-02-01,G02_2026-02-01,929,train,normal,,1025,1281,1,c75699800ede5932fccd2d5784b9995fee6b7284ffebc35a0237d114dd6a765f,,
1.0,G02-260201-130105-930,G02-260201-130105-930.bmp,G02,2026-02-01T13:01:05,2026-02-01,G02_2026-02-01,930,train,normal,,1025,1281,1,752f7260ca0c76b24760c5503b496a19d870681a8a8d15959a6e03095e4ed329,,
1.0,G02-260201-130112-931,G02-260201-130112-931.bmp,G02,2026-02-01T13:01:12,2026-02-01,G02_2026-02-01,931,train,normal,,1025,1281,1,06e4891b86bdd4840811d1c4a020f08418eb04ddbfa11343f7623061ec8a867d,,
1.0,G02-260201-130118-932,G02-260201-130118-932.bmp,G02,2026-02-01T13:01:18,2026-02-01,G02_2026-02-01,932,train,normal,,1025,1281,1,9665187897ca5c483316837142b0698a90f141e51a2ad3394351a6049b39b90f,,
1.0,G02-260201-130126-933,G02-260201-130126-933.bmp,G02,2026-02-01T13:01:26,2026-02-01,G02_2026-02-01,933,train,normal,,1025,1281,1,0c909a449f3cf16f522c51de6f601c8700189a7adfd77382d5f54f66ce44f0a8,,
1.0,G02-260201-130143-934,G02-260201-130143-934.bmp,G02,2026-02-01T13:01:43,2026-02-01,G02_2026-02-01,934,train,normal,,1025,1281,1,72130577d209db89471859252287be36d4c5f182e0d8498ed2ba49235eea7a03,,
1.0,G02-260201-130149-935,G02-260201-130149-935.bmp,G02,2026-02-01T13:01:49,2026-02-01,G02_2026-02-01,935,train,normal,,1025,1281,1,1c449dc449bd0581d07fcc75ca1663a11a812425bfc6fc78dbd37eeee354e882,,
1.0,G02-260201-130208-936,G02-260201-130208-936.bmp,G02,2026-02-01T13:02:08,2026-02-01,G02_2026-02-01,936,train,normal,,1025,1281,1,8a6ca83d97b5e044c036678adab70eefe69d6132dca0e4ec21d507346503b908,,
1.0,G02-260201-130215-937,G02-260201-130215-937.bmp,G02,2026-02-01T13:02:15,2026-02-01,G02_2026-02-01,937,train,normal,,1025,1281,1,795c360c241251d4d7afe1e8ef01a9a681bb5a14357778e53e724cea2004307c,,
1.0,G02-260201-130240-938,G02-260201-130240-938.bmp,G02,2026-02-01T13:02:40,2026-02-01,G02_2026-02-01,938,train,normal,,1025,1281,1,6a41ddf1f637ea94c8e9e8bce406d8ff04954a11587ffe4ff2e254810f242841,,
1.0,G02-260201-130246-939,G02-260201-130246-939.bmp,G02,2026-02-01T13:02:46,2026-02-01,G02_2026-02-01,939,train,normal,,1025,1281,1,c2d50edf06f7d1d8198bbe434318c9b473cff5273cbd1b059029a73b87cea6d5,,
1.0,G02-260201-130309-940,G02-260201-130309-940.bmp,G02,2026-02-01T13:03:09,2026-02-01,G02_2026-02-01,940,train,normal,,1025,1281,1,5e2758542e57b177f1acf9b25bc02936db24fd931f4a33b82aa16bcbbf313c5c,,
1.0,G02-260201-130315-941,G02-260201-130315-941.bmp,G02,2026-02-01T13:03:15,2026-02-01,G02_2026-02-01,941,train,normal,,1025,1281,1,ad534028e9206b09b7a20b115249e6e41af3b69f21a9146915da0cf802d6f94a,,
1.0,G02-260201-130340-942,G02-260201-130340-942.bmp,G02,2026-02-01T13:03:40,2026-02-01,G02_2026-02-01,942,train,normal,,1025,1281,1,6dce7cca5172a0595859ae3308c5454dc8a679d4749520cf091e284e09b61646,,
1.0,G02-260201-130347-943,G02-260201-130347-943.bmp,G02,2026-02-01T13:03:47,2026-02-01,G02_2026-02-01,943,train,normal,,1025,1281,1,6021a5e0754fbf59cac0188991397d63a95b51a98468e072984bebac22a34308,,
1.0,G02-260201-130410-944,G02-260201-130410-944.bmp,G02,2026-02-01T13:04:10,2026-02-01,G02_2026-02-01,944,train,normal,,1025,1281,1,56959d3c9bb772793f1d2fcf236f98c279b6cdaba4d2ecdefbd328a876fa9ce1,,
1.0,G02-260201-130416-945,G02-260201-130416-945.bmp,G02,2026-02-01T13:04:16,2026-02-01,G02_2026-02-01,945,train,normal,,1025,1281,1,b5b032056ff3d443e4d8c5b45be3ff157f3d4e9890a458177e18e54eeee855df,,
1.0,G02-260201-130435-946,G02-260201-130435-946.bmp,G02,2026-02-01T13:04:35,2026-02-01,G02_2026-02-01,946,train,normal,,1025,1281,1,c788bd61711285d8c24fb235afa61d85090a8b0b22970b208117dc4af36ed519,,
1.0,G02-260201-130513-947,G02-260201-130513-947.bmp,G02,2026-02-01T13:05:13,2026-02-01,G02_2026-02-01,947,train,normal,,1025,1281,1,a498b1c8828ffbaa5422210adb86c895d3ac5dfac380d60c4d55527fe8e96978,,
1.0,G02-260201-130520-948,G02-260201-130520-948.bmp,G02,2026-02-01T13:05:20,2026-02-01,G02_2026-02-01,948,train,normal,,1025,1281,1,d0b9a47115c486795883b0ddf8100911e7742bafb39acbf622230d6026f4fed8,,
1.0,G02-260201-130527-949,G02-260201-130527-949.bmp,G02,2026-02-01T13:05:27,2026-02-01,G02_2026-02-01,949,train,normal,,1025,1281,1,85807636812acf59b058f1fea1bc6e3a80110e130ea833c6410e9e157530b46a,,
1.0,G02-260201-130542-950,G02-260201-130542-950.bmp,G02,2026-02-01T13:05:42,2026-02-01,G02_2026-02-01,950,train,normal,,1025,1281,1,7f4a99968a4a1c1776489b703a712bd9a1d86ad3aa37bb957692177512a2a270,,
1.0,G02-260201-130548-951,G02-260201-130548-951.bmp,G02,2026-02-01T13:05:48,2026-02-01,G02_2026-02-01,951,train,normal,,1025,1281,1,151a3d4ed7505b4874fc4572dc034e3965420a030dd93fbad3d8eeef8cb637a3,,
1.0,G02-260201-130610-952,G02-260201-130610-952.bmp,G02,2026-02-01T13:06:10,2026-02-01,G02_2026-02-01,952,train,normal,,1025,1281,1,9584eca0b0092a6c1c40a592fc6cb344ed6c9bfdbbc7a8637609021df763a940,,
1.0,G02-260201-130616-953,G02-260201-130616-953.bmp,G02,2026-02-01T13:06:16,2026-02-01,G02_2026-02-01,953,train,normal,,1025,1281,1,21da24432e96f64400cc21687cb135708407e722cd5231a31e7df3f1f0d1ed4d,,
1.0,G02-260201-130640-954,G02-260201-130640-954.bmp,G02,2026-02-01T13:06:40,2026-02-01,G02_2026-02-01,954,train,normal,,1025,1281,1,11656cd514176fe804e7c1b307b6a09dca178551f455f464f0b949be63906a40,,
1.0,G02-260201-130648-955,G02-260201-130648-955.bmp,G02,2026-02-01T13:06:48,2026-02-01,G02_2026-02-01,955,train,normal,,1025,1281,1,08e238416c3761c7f9f7bf9339015a4b547d38826e4a236730fbead63d937fa1,,
1.0,G02-260201-130705-956,G02-260201-130705-956.bmp,G02,2026-02-01T13:07:05,2026-02-01,G02_2026-02-01,956,train,normal,,1025,1281,1,024b68956be544d08ce5f28366b193b32289f53719b92cf788aa25f64ddbbd0e,,
1.0,G02-260201-130743-957,G02-260201-130743-957.bmp,G02,2026-02-01T13:07:43,2026-02-01,G02_2026-02-01,957,train,normal,,1025,1281,1,d837339a93ad3c7b97774e95815c480a80d2068cdd641701a5e38f39826eeb8b,,
1.0,G02-260201-130750-958,G02-260201-130750-958.bmp,G02,2026-02-01T13:07:50,2026-02-01,G02_2026-02-01,958,train,normal,,1025,1281,1,d1e9edcfcd3477b2ef9ee2fffc5f456274544ff2b7b1062996aa7fe0ca474f27,,
1.0,G02-260201-130757-959,G02-260201-130757-959.bmp,G02,2026-02-01T13:07:57,2026-02-01,G02_2026-02-01,959,train,normal,,1025,1281,1,1a6e777778200015899e9dc54b0fdcdbb18ce00b594823f23d1eebe5b703d5ba,,
1.0,G02-260201-130814-960,G02-260201-130814-960.bmp,G02,2026-02-01T13:08:14,2026-02-01,G02_2026-02-01,960,train,normal,,1025,1281,1,fd16b693d2a0863eea3d5c0c48dba08b887755ededa9db485f6810d640198b6b,,
1.0,G02-260201-130821-961,G02-260201-130821-961.bmp,G02,2026-02-01T13:08:21,2026-02-01,G02_2026-02-01,961,train,normal,,1025,1281,1,dc9f290d2743f6947a32be9387ec490dc6b4bad5216d51a770b95f7bee2210e0,,
1.0,G02-260201-130840-962,G02-260201-130840-962.bmp,G02,2026-02-01T13:08:40,2026-02-01,G02_2026-02-01,962,train,normal,,1025,1281,1,c384c8a09954c9e06b4d6c76aa097a834246993e7739a184cb826458b0d4b0a1,,
1.0,G02-260201-130847-963,G02-260201-130847-963.bmp,G02,2026-02-01T13:08:47,2026-02-01,G02_2026-02-01,963,train,normal,,1025,1281,1,e7f7cb1b1f86020f2021e8315d3ce7b6dec9594820bf8ffed9117e0fa75e7a33,,
1.0,G02-260201-130913-964,G02-260201-130913-964.bmp,G02,2026-02-01T13:09:13,2026-02-01,G02_2026-02-01,964,train,normal,,1025,1281,1,25ce87106cc5f2a725c250bf03f6753a74570a372b8707637db3ddee82d34e7f,,
1.0,G02-260201-130919-965,G02-260201-130919-965.bmp,G02,2026-02-01T13:09:19,2026-02-01,G02_2026-02-01,965,train,normal,,1025,1281,1,ac82f6e06d1595618a31b6bf8089a8b9eddd5f82a161f912582701a983ac3555,,
1.0,G02-260201-130941-966,G02-260201-130941-966.bmp,G02,2026-02-01T13:09:41,2026-02-01,G02_2026-02-01,966,train,normal,,1025,1281,1,d10094a4827f63ec36f7e85eefc0ecccb76cf714acf00849a8d6c55ea4321a84,,
1.0,G02-260201-130948-967,G02-260201-130948-967.bmp,G02,2026-02-01T13:09:48,2026-02-01,G02_2026-02-01,967,train,normal,,1025,1281,1,968bdefc7fe07db3f815054910e49dca83a3fb3e22b564352ce7201e2e45ba3e,,
1.0,G02-260201-131006-968,G02-260201-131006-968.bmp,G02,2026-02-01T13:10:06,2026-02-01,G02_2026-02-01,968,train,normal,,1025,1281,1,5463c7265bd887d92af7b1b325e442d8e1d6bd824ef1f2a327725228e264632d,,
1.0,G02-260201-131045-969,G02-260201-131045-969.bmp,G02,2026-02-01T13:10:45,2026-02-01,G02_2026-02-01,969,train,normal,,1025,1281,1,a07284d2ba6b10907162540a98b6fd247ffe247f728a353e3234114038f8d23a,,
1.0,G02-260201-131053-970,G02-260201-131053-970.bmp,G02,2026-02-01T13:10:53,2026-02-01,G02_2026-02-01,970,train,normal,,1025,1281,1,84f81dd0c5d0df23fbe003a4f987c4a0e6bd8dfe81806895c305bddc93be5458,,
1.0,G02-260201-131059-971,G02-260201-131059-971.bmp,G02,2026-02-01T13:10:59,2026-02-01,G02_2026-02-01,971,train,normal,,1025,1281,1,da2980b8ab48b66b43d84b265c8d70031bc2abf5fa2316433e467bbf56d7fe66,,
1.0,G02-260201-131133-972,G02-260201-131133-972.bmp,G02,2026-02-01T13:11:33,2026-02-01,G02_2026-02-01,972,train,normal,,1025,1281,1,1bc18ce69b904bb6469513a335e98ae350bce8d339f868a3a16654e1e816756f,,
1.0,G02-260201-131140-973,G02-260201-131140-973.bmp,G02,2026-02-01T13:11:40,2026-02-01,G02_2026-02-01,973,train,normal,,1025,1281,1,3e233d6f9613b9452feef8bdf373243b256b26479d16840a1b90497e34bb59b6,,
1.0,G02-260201-131158-974,G02-260201-131158-974.bmp,G02,2026-02-01T13:11:58,2026-02-01,G02_2026-02-01,974,train,normal,,1025,1281,1,196e79207cdfc3962b833a58676b27829e9d27a47321644c568c247666cd0cc6,,
1.0,G02-260201-131204-975,G02-260201-131204-975.bmp,G02,2026-02-01T13:12:04,2026-02-01,G02_2026-02-01,975,train,normal,,1025,1281,1,3b1bcbc70262feeeb596f1248bfe4b18b3b0285762bd16e9e90db02744cf1886,,
1.0,G02-260201-131215-976,G02-260201-131215-976.bmp,G02,2026-02-01T13:12:15,2026-02-01,G02_2026-02-01,976,train,normal,,1025,1281,1,93d573616f2e20ed7afddc401ced0888ae7e73857a8b61fe09cf0eaefde8f556,,
1.0,G02-260201-131221-977,G02-260201-131221-977.bmp,G02,2026-02-01T13:12:21,2026-02-01,G02_2026-02-01,977,train,normal,,1025,1281,1,027dc016bd5c6637b10c80a16a95b7d7163ed815226dcedc175ca7dcef41bdd7,,
1.0,G02-260201-131241-978,G02-260201-131241-978.bmp,G02,2026-02-01T13:12:41,2026-02-01,G02_2026-02-01,978,train,normal,,1025,1281,1,7162376a0d159e08632495e7b2fc01166bfc4b1ca00cabe145303849ad1af223,,
1.0,G02-260201-131248-979,G02-260201-131248-979.bmp,G02,2026-02-01T13:12:48,2026-02-01,G02_2026-02-01,979,train,normal,,1025,1281,1,0bed7b342f5747d2744458a308a851e98c997d606d1357d880728dae5bfd1a2f,,
1.0,G02-260201-131307-980,G02-260201-131307-980.bmp,G02,2026-02-01T13:13:07,2026-02-01,G02_2026-02-01,980,train,normal,,1025,1281,1,c7a29995f49a3230d66c153ee621ae209d26b98a5eb6dcb8d222255685ff399c,,
1.0,G02-260201-131330-981,G02-260201-131330-981.bmp,G02,2026-02-01T13:13:30,2026-02-01,G02_2026-02-01,981,train,normal,,1025,1281,1,272b1985133309434899e066912f5e50a9211ad9f2ebc802a90754bc2bd63404,,
1.0,G02-260201-131346-982,G02-260201-131346-982.bmp,G02,2026-02-01T13:13:46,2026-02-01,G02_2026-02-01,982,train,normal,,1025,1281,1,bcbaab1d0a0cabc6038e036c4863151b7e19ebe780ff2862a081863bfb1cc00e,,
1.0,G02-260201-131352-983,G02-260201-131352-983.bmp,G02,2026-02-01T13:13:52,2026-02-01,G02_2026-02-01,983,train,normal,,1025,1281,1,9ef05d6be63f1b903ac22e6b9dbac7514c269911e12371e08de2486e64267ab4,,
1.0,G02-260201-131417-984,G02-260201-131417-984.bmp,G02,2026-02-01T13:14:17,2026-02-01,G02_2026-02-01,984,train,normal,,1025,1281,1,8723f9a8c8069bc409ec03856ffbf62e0b3d0afdb85d577d0ee1c71e8d41af79,,
1.0,G02-260201-131423-985,G02-260201-131423-985.bmp,G02,2026-02-01T13:14:23,2026-02-01,G02_2026-02-01,985,train,normal,,1025,1281,1,f3df39ca7b8ea75ebb427392454befc0b643599ed4a2e6ecd5206addfd8ecc23,,
1.0,G02-260201-131438-986,G02-260201-131438-986.bmp,G02,2026-02-01T13:14:38,2026-02-01,G02_2026-02-01,986,train,normal,,1025,1281,1,238ac31c94d082738d031a24c4936e563be041e307fbd8ad300c393c5578106c,,
1.0,G02-260201-131459-987,G02-260201-131459-987.bmp,G02,2026-02-01T13:14:59,2026-02-01,G02_2026-02-01,987,train,normal,,1025,1281,1,85de24088dcce052dc0cd3c2152b46a01f1b1aff6542f443bcedc7cff352bd78,,
1.0,G02-260201-131515-988,G02-260201-131515-988.bmp,G02,2026-02-01T13:15:15,2026-02-01,G02_2026-02-01,988,train,normal,,1025,1281,1,5117386b07b5553cca460317a7f04a796d39ea768d441e1cd6dfe83282c0ad31,,
1.0,G02-260201-131521-989,G02-260201-131521-989.bmp,G02,2026-02-01T13:15:21,2026-02-01,G02_2026-02-01,989,train,normal,,1025,1281,1,457061dbcc34e2b671bfa2b5a53938396e70cf21cba88a8fb3e4672d5e2ee425,,
1.0,G02-260201-131544-990,G02-260201-131544-990.bmp,G02,2026-02-01T13:15:44,2026-02-01,G02_2026-02-01,990,train,normal,,1025,1281,1,896b30e3a029fe28e47b066fc8f6210920459d6fd4ebe6e704b954820e16d1b0,,
1.0,G02-260201-131551-991,G02-260201-131551-991.bmp,G02,2026-02-01T13:15:51,2026-02-01,G02_2026-02-01,991,train,normal,,1025,1281,1,ffe4f5c4f6f18a5cc15fb89f7116e3dff8bb2644add3b8659f50197c56bfef00,,
1.0,G02-260201-131613-992,G02-260201-131613-992.bmp,G02,2026-02-01T13:16:13,2026-02-01,G02_2026-02-01,992,train,normal,,1025,1281,1,c0551456c3e3e5c0036d188568c10de9219b6c0f5b6d8dfbb91ad69c775d5a12,,
1.0,G02-260201-131619-993,G02-260201-131619-993.bmp,G02,2026-02-01T13:16:19,2026-02-01,G02_2026-02-01,993,train,normal,,1025,1281,1,3c80964136915c69546914887c15d19366d3dab62f82385f31b45e19b6d8aeb4,,
1.0,G02-260201-131637-994,G02-260201-131637-994.bmp,G02,2026-02-01T13:16:37,2026-02-01,G02_2026-02-01,994,train,normal,,1025,1281,1,f3af4b2920241065923e3b8ab01c55d0eeb724d04530ee883fd3c886505da551,,
1.0,G02-260201-131659-995,G02-260201-131659-995.bmp,G02,2026-02-01T13:16:59,2026-02-01,G02_2026-02-01,995,train,normal,,1025,1281,1,fd728fa0253f3185bfe984c84c7a8bdca7e421b162a73239e314ff0e9249f13e,,
1.0,G02-260201-131709-996,G02-260201-131709-996.bmp,G02,2026-02-01T13:17:09,2026-02-01,G02_2026-02-01,996,train,normal,,1025,1281,1,a8b8f4a0b0eb562063b873a19384dc9e8090e5b48030b0ba59c9e9c1c91e863f,,
1.0,G02-260201-131732-997,G02-260201-131732-997.bmp,G02,2026-02-01T13:17:32,2026-02-01,G02_2026-02-01,997,train,normal,,1025,1281,1,1cd3b27393483532789bbd62b126885544a8f39ce274c9e0c0a961ad526151ee,,
1.0,G02-260201-131750-998,G02-260201-131750-998.bmp,G02,2026-02-01T13:17:50,2026-02-01,G02_2026-02-01,998,train,normal,,1025,1281,1,b4c8484f373ccd57d27b12d013553905d3eb8051f16b07d5da933be8bf4b9dd4,,
1.0,G02-260201-131756-999,G02-260201-131756-999.bmp,G02,2026-02-01T13:17:56,2026-02-01,G02_2026-02-01,999,train,normal,,1025,1281,1,40e7aa2d97863dfbbf921639849eae553fc8e3a122386681bda79d98884e3fbe,,
1.0,G02-260201-131816-000,G02-260201-131816-000.bmp,G02,2026-02-01T13:18:16,2026-02-01,G02_2026-02-01,0,train,normal,,1025,1281,1,926ba3ec8285bcf68489fd111ac835d013b9145a8a06787c4ee7af37c9eaa0bf,,
1.0,G02-260201-131823-001,G02-260201-131823-001.bmp,G02,2026-02-01T13:18:23,2026-02-01,G02_2026-02-01,1,train,normal,,1025,1281,1,470f922264fae706cfffd642e9db59948bc2708737a9849b4dbacd94ad2d4c5c,,
1.0,G02-260201-131847-002,G02-260201-131847-002.bmp,G02,2026-02-01T13:18:47,2026-02-01,G02_2026-02-01,2,train,normal,,1025,1281,1,b993387d1c46ebabce33d13cf27ba1c3a5d38c2340a98c5b3f4b3d61dd7ce7dd,,
1.0,G02-260201-131853-003,G02-260201-131853-003.bmp,G02,2026-02-01T13:18:53,2026-02-01,G02_2026-02-01,3,train,normal,,1025,1281,1,00e6834c9e3621d2a3f04df99ebe3fdcc5657303ed9303b6dce6c99705543f01,,
1.0,G02-260201-131915-004,G02-260201-131915-004.bmp,G02,2026-02-01T13:19:15,2026-02-01,G02_2026-02-01,4,train,normal,,1025,1281,1,7405f63967663ecd6469228cbe8b231bfb8869bd4c4c27587cace4dcb93a2f63,,
1.0,G02-260201-131924-005,G02-260201-131924-005.bmp,G02,2026-02-01T13:19:24,2026-02-01,G02_2026-02-01,5,train,normal,,1025,1281,1,8accc73bbc4eafd9ce1aa7f1d6f6b20a00ddba5b62888b2fdf984690a331352a,,
1.0,G02-260201-131938-006,G02-260201-131938-006.bmp,G02,2026-02-01T13:19:38,2026-02-01,G02_2026-02-01,6,train,normal,,1025,1281,1,087e47cc260b384ef50be850beda348f9660b5ff7627368998382090dff43c69,,
1.0,G02-260201-132018-007,G02-260201-132018-007.bmp,G02,2026-02-01T13:20:18,2026-02-01,G02_2026-02-01,7,train,normal,,1025,1281,1,8e84d2f1e36e02c312d9ca7d2b1882348527ac340333e1cc6f51abccbc63cacb,,
1.0,G02-260201-132030-008,G02-260201-132030-008.bmp,G02,2026-02-01T13:20:30,2026-02-01,G02_2026-02-01,8,train,normal,,1025,1281,1,72a824922c06c97ef51331792897706571e8f4cbcb73bfbb98ca260b89baadf7,,
1.0,G02-260201-132037-009,G02-260201-132037-009.bmp,G02,2026-02-01T13:20:37,2026-02-01,G02_2026-02-01,9,train,normal,,1025,1281,1,f1c8b542cb84dea2f6e35018d02ba18d9d1167d65000ec8479203e5e978a35e8,,
1.0,G02-260201-132048-010,G02-260201-132048-010.bmp,G02,2026-02-01T13:20:48,2026-02-01,G02_2026-02-01,10,train,normal,,1025,1281,1,9ab09cc597ea6ac1f983f0cb837fd81a0cda1ee2ca5be5571fdf377d8a347583,,
1.0,G02-260201-132054-011,G02-260201-132054-011.bmp,G02,2026-02-01T13:20:54,2026-02-01,G02_2026-02-01,11,train,normal,,1025,1281,1,fa0133011ae8dcd71502159f98d4d31cc43b414d2cf798aa0498b42b30bd0542,,
1.0,G02-260201-132114-012,G02-260201-132114-012.bmp,G02,2026-02-01T13:21:14,2026-02-01,G02_2026-02-01,12,train,normal,,1025,1281,1,c908b85cab0b1fe1e099430da9e1389652857c932f1aab7ba1ebae2abfbc30c8,,
1.0,G02-260201-132123-013,G02-260201-132123-013.bmp,G02,2026-02-01T13:21:23,2026-02-01,G02_2026-02-01,13,train,normal,,1025,1281,1,49f4a47854c486fc463f5b75af817a4e936496ffb93ebb902bffd69944822437,,
1.0,G02-260201-132146-014,G02-260201-132146-014.bmp,G02,2026-02-01T13:21:46,2026-02-01,G02_2026-02-01,14,train,normal,,1025,1281,1,3132d6e65e405ae80b918f52d6f948c932f9bf7bed6980b87ced1644b55bd51f,,
1.0,G02-260201-132152-015,G02-260201-132152-015.bmp,G02,2026-02-01T13:21:52,2026-02-01,G02_2026-02-01,15,train,normal,,1025,1281,1,ce77be51834f28ed91f27c81827415c5c636a3b32f0476b3c0df60637d76c587,,
1.0,G02-260201-132216-016,G02-260201-132216-016.bmp,G02,2026-02-01T13:22:16,2026-02-01,G02_2026-02-01,16,train,normal,,1025,1281,1,f6277266824103ce4feab9bdaf114cec619478a4658bf71edbffebea6e64a9d2,,
1.0,G02-260201-132223-017,G02-260201-132223-017.bmp,G02,2026-02-01T13:22:23,2026-02-01,G02_2026-02-01,17,train,normal,,1025,1281,1,c445d0a25033652d2186ac5bfb0ea70279e640cd7a543382ff38503bd9e63862,,
1.0,G02-260201-132245-018,G02-260201-132245-018.bmp,G02,2026-02-01T13:22:45,2026-02-01,G02_2026-02-01,18,train,normal,,1025,1281,1,a47cfc9dfa412031728d9fb359d06b0f302936ecc5e362190198dfe70e784688,,
1.0,G02-260201-132252-019,G02-260201-132252-019.bmp,G02,2026-02-01T13:22:52,2026-02-01,G02_2026-02-01,19,train,normal,,1025,1281,1,7da4449943d7ae8b768fe142bd77bf609336b19118061dbcdfb03672900586cb,,
1.0,G02-260201-132315-020,G02-260201-132315-020.bmp,G02,2026-02-01T13:23:15,2026-02-01,G02_2026-02-01,20,train,normal,,1025,1281,1,288ad248a16e169527c2508d944bd7a690bb6a34a37b1f190919707b13b54e9e,,
1.0,G02-260201-132322-021,G02-260201-132322-021.bmp,G02,2026-02-01T13:23:22,2026-02-01,G02_2026-02-01,21,train,normal,,1025,1281,1,30b9a0dcd28efb4cbbaecbdfab5585593060be0230d9c6cc04d9bc187b991c52,,
1.0,G02-260201-132344-022,G02-260201-132344-022.bmp,G02,2026-02-01T13:23:44,2026-02-01,G02_2026-02-01,22,train,normal,,1025,1281,1,ac360ab714eacc4677e75a873e26f265d040df5026d8f0c528753ad592ae3ec5,,
1.0,G02-260201-132352-023,G02-260201-132352-023.bmp,G02,2026-02-01T13:23:52,2026-02-01,G02_2026-02-01,23,train,normal,,1025,1281,1,58213542399952edbec9ab00ed7b9f1db4677cd24a724c611dc571e428807217,,
1.0,G02-260201-132412-024,G02-260201-132412-024.bmp,G02,2026-02-01T13:24:12,2026-02-01,G02_2026-02-01,24,train,normal,,1025,1281,1,57da77bcd7ab612b6df0a36dd9320bf95c2cfa6caf0c2fa133785fb91b4531f4,,
1.0,G02-260201-132436-025,G02-260201-132436-025.bmp,G02,2026-02-01T13:24:36,2026-02-01,G02_2026-02-01,25,train,normal,,1025,1281,1,38808cf76cb1df8cdc5ff6018e801cc9b7b03b2caff11aadb94c13de4c5b54be,,
1.0,G02-260201-132449-026,G02-260201-132449-026.bmp,G02,2026-02-01T13:24:49,2026-02-01,G02_2026-02-01,26,train,normal,,1025,1281,1,aee212ff9e063dc4b56cda32cf2d574b82d92d5a91adc788e8a45dcd16a9f0fb,,
1.0,G02-260201-132456-027,G02-260201-132456-027.bmp,G02,2026-02-01T13:24:56,2026-02-01,G02_2026-02-01,27,train,normal,,1025,1281,1,ad955453b4d9c1e3b96892b36f631cba8f38b491ac31f69c157fec170dea971c,,
1.0,G02-260201-132519-028,G02-260201-132519-028.bmp,G02,2026-02-01T13:25:19,2026-02-01,G02_2026-02-01,28,train,normal,,1025,1281,1,3451ce822d113103615cfeb5b376fd44c936d47bf3593d7da80c887ee5b5d35a,,
1.0,G02-260201-132525-029,G02-260201-132525-029.bmp,G02,2026-02-01T13:25:25,2026-02-01,G02_2026-02-01,29,train,normal,,1025,1281,1,52bf097deb1110f0c9b664c3c62ea8012990ea157ae061ec58219771fc45259a,,
1.0,G02-260201-132547-030,G02-260201-132547-030.bmp,G02,2026-02-01T13:25:47,2026-02-01,G02_2026-02-01,30,train,normal,,1025,1281,1,5af9e53c788423f1c6ec86c45c518aa37017feb429e3df4a3410f7b910de60fb,,
1.0,G02-260201-132554-031,G02-260201-132554-031.bmp,G02,2026-02-01T13:25:54,2026-02-01,G02_2026-02-01,31,train,normal,,1025,1281,1,2b16e6749ba24ba20551dc27189f34dec67279e51ad52e699eca881978851d37,,
1.0,G02-260201-132617-032,G02-260201-132617-032.bmp,G02,2026-02-01T13:26:17,2026-02-01,G02_2026-02-01,32,train,normal,,1025,1281,1,368c731017ebf2a328b4d29932144b1b983cceca8b6c53173dc896c872761b19,,
1.0,G02-260201-132623-033,G02-260201-132623-033.bmp,G02,2026-02-01T13:26:23,2026-02-01,G02_2026-02-01,33,train,normal,,1025,1281,1,36aa892cf62e4eca4f238857784c3a882c99745a694110a03513558ccb39543d,,
1.0,G02-260201-132647-034,G02-260201-132647-034.bmp,G02,2026-02-01T13:26:47,2026-02-01,G02_2026-02-01,34,train,normal,,1025,1281,1,1b9cb60cd3d4da192bafdbafb1cf287ffd8f31e03225db7cafdf01b9f2a69c64,,
1.0,G02-260201-132653-035,G02-260201-132653-035.bmp,G02,2026-02-01T13:26:53,2026-02-01,G02_2026-02-01,35,train,normal,,1025,1281,1,66dcb0fef8f578ae2c2a8c3833d90831036e4be4375c6cce0d227c2c1fa0494e,,
1.0,G02-260201-132710-036,G02-260201-132710-036.bmp,G02,2026-02-01T13:27:10,2026-02-01,G02_2026-02-01,36,train,normal,,1025,1281,1,a4f13302afff53782e324825294aa14ad5d6891a91b20a7bbe2e3f2fe03addd8,,
1.0,G02-260201-132750-037,G02-260201-132750-037.bmp,G02,2026-02-01T13:27:50,2026-02-01,G02_2026-02-01,37,train,normal,,1025,1281,1,db76c004cb2333dc5d47a60216f950b87179aeb3abc81910960ae7189c3d29d6,,
1.0,G02-260201-132757-038,G02-260201-132757-038.bmp,G02,2026-02-01T13:27:57,2026-02-01,G02_2026-02-01,38,train,normal,,1025,1281,1,949ee69bb33bd040415ee23fe9df1fbf28086c862b54a7318eb7091e129adaff,,
1.0,G02-260201-132804-039,G02-260201-132804-039.bmp,G02,2026-02-01T13:28:04,2026-02-01,G02_2026-02-01,39,train,normal,,1025,1281,1,9183aafb9a15a3515f85002534582c8d7b7a35ccfa4793d750350ec3e475ef32,,
1.0,G02-260201-132820-040,G02-260201-132820-040.bmp,G02,2026-02-01T13:28:20,2026-02-01,G02_2026-02-01,40,train,normal,,1025,1281,1,83bdd6fdcd609b106dcdef4f6d67c361b069beadaebe10478f57cfea7f0c4a66,,
1.0,G02-260201-132826-041,G02-260201-132826-041.bmp,G02,2026-02-01T13:28:26,2026-02-01,G02_2026-02-01,41,train,normal,,1025,1281,1,a16ef6c4f76e9abd483a5b0402ce91d735ba3f7bf74c643f13f89cc2889342fb,,
1.0,G02-260201-132840-042,G02-260201-132840-042.bmp,G02,2026-02-01T13:28:40,2026-02-01,G02_2026-02-01,42,train,normal,,1025,1281,1,b8f80a8fa5c7c17683442347f89fd3733ac7218d3fa3fc0351445ee7ccef027a,,
1.0,G02-260201-132905-043,G02-260201-132905-043.bmp,G02,2026-02-01T13:29:05,2026-02-01,G02_2026-02-01,43,train,normal,,1025,1281,1,f61de8375795ab349308456fb99d33c9a99de8a7d74504777b1fafe016921bf3,,
1.0,G02-260201-132914-044,G02-260201-132914-044.bmp,G02,2026-02-01T13:29:14,2026-02-01,G02_2026-02-01,44,train,normal,,1025,1281,1,b319057beecde64d81ff9935eb643789a2ce4d11b97fffc77afa703ba4e3e44c,,
1.0,G02-260201-132943-045,G02-260201-132943-045.bmp,G02,2026-02-01T13:29:43,2026-02-01,G02_2026-02-01,45,train,normal,,1025,1281,1,29f4fb2d97255beed46f8533a61211de199c40c387600d1b6f9daadb7a762fb6,,
1.0,G02-260201-132953-046,G02-260201-132953-046.bmp,G02,2026-02-01T13:29:53,2026-02-01,G02_2026-02-01,46,train,normal,,1025,1281,1,3b1dded184be6ad7da4201181b4698f81afb4e77c66f883bf036115c90d71eb6,,
1.0,G02-260201-133006-047,G02-260201-133006-047.bmp,G02,2026-02-01T13:30:06,2026-02-01,G02_2026-02-01,47,train,normal,,1025,1281,1,fca6d531993ed7b8b5369a002f812b78300af465d34eea92fb730c1ce2c9b5a5,,
1.0,G02-260201-133018-048,G02-260201-133018-048.bmp,G02,2026-02-01T13:30:18,2026-02-01,G02_2026-02-01,48,train,normal,,1025,1281,1,46e10916def28eb6c76c6086ad5929800534dfac5f781477272ebea21903e56d,,
1.0,G02-260201-133025-049,G02-260201-133025-049.bmp,G02,2026-02-01T13:30:25,2026-02-01,G02_2026-02-01,49,train,normal,,1025,1281,1,5928494e3feefbd45891d5e0cd5855b493680a42ddb275c4363a874d1bd46272,,
1.0,G02-260201-133041-050,G02-260201-133041-050.bmp,G02,2026-02-01T13:30:41,2026-02-01,G02_2026-02-01,50,train,normal,,1025,1281,1,4070074ef1091223f387d14b23de5e922b9bb7059fb527d9bb502bf15ed97f65,,
1.0,G02-260201-133121-051,G02-260201-133121-051.bmp,G02,2026-02-01T13:31:21,2026-02-01,G02_2026-02-01,51,train,normal,,1025,1281,1,6852313091eab785a938818037933d2b3c1eb4e158e71de7140974cba45def49,,
1.0,G02-260201-133127-052,G02-260201-133127-052.bmp,G02,2026-02-01T13:31:27,2026-02-01,G02_2026-02-01,52,train,normal,,1025,1281,1,152f4099f7f5ebf1577a536f5e339afe8c9a0b39031a36aea671847e92dfc081,,
1.0,G02-260201-133135-053,G02-260201-133135-053.bmp,G02,2026-02-01T13:31:35,2026-02-01,G02_2026-02-01,53,train,normal,,1025,1281,1,12e17d41fcd0c5fe0e352c0400262c4359e90ab72e36fa2ec57730efc1431c7a,,
1.0,G02-260201-133151-054,G02-260201-133151-054.bmp,G02,2026-02-01T13:31:51,2026-02-01,G02_2026-02-01,54,train,normal,,1025,1281,1,95d737f955cb3d5597e7fe1e2533e80f99de58b41b9e24ddbd35277e52f1eddb,,
1.0,G02-260201-133157-055,G02-260201-133157-055.bmp,G02,2026-02-01T13:31:57,2026-02-01,G02_2026-02-01,55,train,normal,,1025,1281,1,fde937b8814025039a29a150e1655f1d695de95a478482499262f5428adff74d,,
1.0,G02-260201-133217-056,G02-260201-133217-056.bmp,G02,2026-02-01T13:32:17,2026-02-01,G02_2026-02-01,56,train,normal,,1025,1281,1,c9d92743e986ada384e2ed6d38241a76ea0304911d1e955d74509b1ebb931758,,
1.0,G02-260201-133243-057,G02-260201-133243-057.bmp,G02,2026-02-01T13:32:43,2026-02-01,G02_2026-02-01,57,train,normal,,1025,1281,1,1bfcb8ccfd4bd55f3113ee2bbd9523e94f3ef5ea30bd5b1729d6456b0ced70c4,,
1.0,G02-260201-133323-058,G02-260201-133323-058.bmp,G02,2026-02-01T13:33:23,2026-02-01,G02_2026-02-01,58,train,normal,,1025,1281,1,ef630b24094589f616a7d74855cf6d208fd9a197ef320e9457b654ea3fffc92a,,
1.0,G02-260201-133329-059,G02-260201-133329-059.bmp,G02,2026-02-01T13:33:29,2026-02-01,G02_2026-02-01,59,train,normal,,1025,1281,1,e8681bf4e9076c6fc85888aac2ce08edd91ee5c9552a2649e8a705c3a8a4e939,,
1.0,G02-260201-133335-060,G02-260201-133335-060.bmp,G02,2026-02-01T13:33:35,2026-02-01,G02_2026-02-01,60,train,normal,,1025,1281,1,f9ddf2e9207091ea5a1901732ca14ff21aae2ae84492f745e4353106539cf491,,
1.0,G02-260201-133350-061,G02-260201-133350-061.bmp,G02,2026-02-01T13:33:50,2026-02-01,G02_2026-02-01,61,train,normal,,1025,1281,1,fdcb6b6d496518dd2c0487ba9b777f5d3ce5fb74064916b8dc3820c0df4bb3bb,,
1.0,G02-260201-133357-062,G02-260201-133357-062.bmp,G02,2026-02-01T13:33:57,2026-02-01,G02_2026-02-01,62,train,normal,,1025,1281,1,08f0af66f224f03c6e30310ba038507ed6a49bae5815b87f659d7d7cb1e47d67,,
1.0,G02-260201-133417-063,G02-260201-133417-063.bmp,G02,2026-02-01T13:34:17,2026-02-01,G02_2026-02-01,63,train,normal,,1025,1281,1,2586a2bb1fc421a4665a0b2d2105271fd1944145bebcf417cc26677588dd5814,,
1.0,G02-260201-133425-064,G02-260201-133425-064.bmp,G02,2026-02-01T13:34:25,2026-02-01,G02_2026-02-01,64,train,normal,,1025,1281,1,30f759d9eb463fa0fbd7e99d85948110a189911b323c6784ebf1c2a28f50fa44,,
1.0,G02-260201-133444-065,G02-260201-133444-065.bmp,G02,2026-02-01T13:34:44,2026-02-01,G02_2026-02-01,65,train,normal,,1025,1281,1,6473648e97b195843d65cf7fcb4172fb9f87956778c2219fb33e5c15beb9baa4,,
1.0,G02-260201-133522-066,G02-260201-133522-066.bmp,G02,2026-02-01T13:35:22,2026-02-01,G02_2026-02-01,66,train,normal,,1025,1281,1,cfdd339b7c807506ae67c81db7b0eacc7354eba9e9867514053d1d739e6cd6e0,,
1.0,G02-260201-133528-067,G02-260201-133528-067.bmp,G02,2026-02-01T13:35:28,2026-02-01,G02_2026-02-01,67,train,normal,,1025,1281,1,672bb58937c8ba65792d5ed5d789bf2a19197e4024d5e88c5238fe8388f072c9,,
1.0,G02-260201-133536-068,G02-260201-133536-068.bmp,G02,2026-02-01T13:35:36,2026-02-01,G02_2026-02-01,68,train,normal,,1025,1281,1,83c1cfdeb1f4ceeb062fd9a0262b53465cc14720b6fdbde2eb9712b32658cbbf,,
1.0,G02-260201-133550-069,G02-260201-133550-069.bmp,G02,2026-02-01T13:35:50,2026-02-01,G02_2026-02-01,69,train,normal,,1025,1281,1,0f9642e65e204a8b470524211d45fad1557f67e5f00d138721e8d210d8ce578d,,
1.0,G02-260201-133557-070,G02-260201-133557-070.bmp,G02,2026-02-01T13:35:57,2026-02-01,G02_2026-02-01,70,train,normal,,1025,1281,1,be5fc526601a4d8af6b8a2a7c23822e785b0ad7d1621cf7ef233a7e76d798561,,
1.0,G02-260201-133613-071,G02-260201-133613-071.bmp,G02,2026-02-01T13:36:13,2026-02-01,G02_2026-02-01,71,train,normal,,1025,1281,1,e8cc3fee2f437f1e8f81ca273d9cf718f7a1dbeae4be64d86307b8c1d4d5e38b,,
1.0,G02-260201-133653-072,G02-260201-133653-072.bmp,G02,2026-02-01T13:36:53,2026-02-01,G02_2026-02-01,72,train,normal,,1025,1281,1,8819dbf22304dce64024bb6e74790003849f2292cc5c4cc516e8a6fc8e7d5507,,
1.0,G02-260201-133659-073,G02-260201-133659-073.bmp,G02,2026-02-01T13:36:59,2026-02-01,G02_2026-02-01,73,train,normal,,1025,1281,1,c630d22aaef9816fea045e918a32a98711ddac598ddb41c943be6adca8ad62fd,,
1.0,G02-260201-133706-074,G02-260201-133706-074.bmp,G02,2026-02-01T13:37:06,2026-02-01,G02_2026-02-01,74,train,normal,,1025,1281,1,a713e0cc1d823fff2b3c7cd205e2e4ffc7c1606e55289e819833d31830724219,,
1.0,G02-260201-133736-075,G02-260201-133736-075.bmp,G02,2026-02-01T13:37:36,2026-02-01,G02_2026-02-01,75,train,normal,,1025,1281,1,a0be1c39df0fd4e82a58e7370fef669954fa4345a725fa4fd0d98a896ff84b78,,
1.0,G02-260201-133742-076,G02-260201-133742-076.bmp,G02,2026-02-01T13:37:42,2026-02-01,G02_2026-02-01,76,train,normal,,1025,1281,1,6a4f13d174514696496a4d276b4f133d80eb9c2f663d190769ec434e95e4eb61,,
1.0,G02-260201-133749-077,G02-260201-133749-077.bmp,G02,2026-02-01T13:37:49,2026-02-01,G02_2026-02-01,77,train,normal,,1025,1281,1,d78992eb6ea69a17b41b1053d0a11ef589b731b3cbb65a1cc4e319700d70657f,,
1.0,G02-260201-133807-078,G02-260201-133807-078.bmp,G02,2026-02-01T13:38:07,2026-02-01,G02_2026-02-01,78,train,normal,,1025,1281,1,0984a7adaf9d6a3318706c6eb5e9a1de66c70646c664755a9b46803d11d7c5c0,,
1.0,G02-260201-133848-079,G02-260201-133848-079.bmp,G02,2026-02-01T13:38:48,2026-02-01,G02_2026-02-01,79,train,normal,,1025,1281,1,d0eab0c517e6cae1ad400402b4845481e7cd4b089dfc885a0c6bc1a92a3d03b9,,
1.0,G02-260201-133854-080,G02-260201-133854-080.bmp,G02,2026-02-01T13:38:54,2026-02-01,G02_2026-02-01,80,train,normal,,1025,1281,1,248bd07a3ca3da08efe56757ef6020333075fbf45850749996cfcc9c8fcbbd20,,
1.0,G02-260201-133901-081,G02-260201-133901-081.bmp,G02,2026-02-01T13:39:01,2026-02-01,G02_2026-02-01,81,train,normal,,1025,1281,1,b253b91ea2a0b61bceb4d1822eed0aefab5a7234261e95282113503f66e192a3,,
1.0,G02-260201-133907-082,G02-260201-133907-082.bmp,G02,2026-02-01T13:39:07,2026-02-01,G02_2026-02-01,82,train,normal,,1025,1281,1,594001732b7289aae441f7f74854c30535d2e68ffa61f30c08a8ef9c02736ae7,,
1.0,G02-260201-133926-083,G02-260201-133926-083.bmp,G02,2026-02-01T13:39:26,2026-02-01,G02_2026-02-01,83,train,normal,,1025,1281,1,4f1c75e45e92ed11645eb0f9412b79a8ce9dd2e9be712f068e21dce7a42fdcba,,
1.0,G02-260201-133932-084,G02-260201-133932-084.bmp,G02,2026-02-01T13:39:32,2026-02-01,G02_2026-02-01,84,train,normal,,1025,1281,1,bc8c03aed3f9dcf0473f288af6012ad1d34fa85598c660eb82e0eaf62e91c347,,
1.0,G02-260201-134018-085,G02-260201-134018-085.bmp,G02,2026-02-01T13:40:18,2026-02-01,G02_2026-02-01,85,train,normal,,1025,1281,1,242a4c43e8ef101a3babbedd152154b2c7c2831992c38896f64d6f36091b5225,,
1.0,G02-260201-134024-086,G02-260201-134024-086.bmp,G02,2026-02-01T13:40:24,2026-02-01,G02_2026-02-01,86,train,normal,,1025,1281,1,2c604ad9b3ba87cc1c41e60b60e6c0b003eca4074d4ffa36d86e2f6f2121dc93,,
1.0,G02-260201-134030-087,G02-260201-134030-087.bmp,G02,2026-02-01T13:40:30,2026-02-01,G02_2026-02-01,87,train,normal,,1025,1281,1,630324de3458bb33945d3dc1040d1c1a6ffdcbf02b931b1294476d747cea4f94,,
1.0,G02-260201-134037-088,G02-260201-134037-088.bmp,G02,2026-02-01T13:40:37,2026-02-01,G02_2026-02-01,88,train,normal,,1025,1281,1,2cfe9117ffec076a6a9983e577588f7e460ce6c45f6ba6dc58fe0ed03b763389,,
1.0,G02-260201-134056-089,G02-260201-134056-089.bmp,G02,2026-02-01T13:40:56,2026-02-01,G02_2026-02-01,89,train,normal,,1025,1281,1,0837dfcde45f70e63ef98994b219e41da1e74c7c533c7cb9870946ccb3d2276d,,
1.0,G02-260201-134102-090,G02-260201-134102-090.bmp,G02,2026-02-01T13:41:02,2026-02-01,G02_2026-02-01,90,train,normal,,1025,1281,1,4f65894503532496fd727f71f85f21a22cba012884d6fd9b937dc8753b239cda,,
1.0,G02-260201-134146-091,G02-260201-134146-091.bmp,G02,2026-02-01T13:41:46,2026-02-01,G02_2026-02-01,91,train,normal,,1025,1281,1,29aa91b2ea5ab7d7b163c3a3f1452a803681e1a76b87f852c472069dfa2a843c,,
1.0,G02-260201-134153-092,G02-260201-134153-092.bmp,G02,2026-02-01T13:41:53,2026-02-01,G02_2026-02-01,92,train,normal,,1025,1281,1,0d795044dbca70ed57b74680bf97aeaca71dd0c7ddbdf3511506e12429cf6a17,,
1.0,G02-260201-134200-093,G02-260201-134200-093.bmp,G02,2026-02-01T13:42:00,2026-02-01,G02_2026-02-01,93,train,normal,,1025,1281,1,83ce506d3e5628f556bc8aa14fa3a1c8bb94e43285b3e0ad667b13830c833a2c,,
1.0,G02-260201-134208-094,G02-260201-134208-094.bmp,G02,2026-02-01T13:42:08,2026-02-01,G02_2026-02-01,94,train,normal,,1025,1281,1,e0a408e87d50fa5a46916f3edba13200f40600dd2ce81209a585ad279557774d,,
1.0,G02-260201-134224-095,G02-260201-134224-095.bmp,G02,2026-02-01T13:42:24,2026-02-01,G02_2026-02-01,95,train,normal,,1025,1281,1,b7c3dc1872803f7a0b46708d3f07456e89adb2f88ef64edde1ec8833b240d1af,,
1.0,G02-260201-134230-096,G02-260201-134230-096.bmp,G02,2026-02-01T13:42:30,2026-02-01,G02_2026-02-01,96,train,normal,,1025,1281,1,8c6e9cea59df482781ddf49fa6b7af91e6d719268af67a370648533c57d7ee23,,
1.0,G02-260201-134319-097,G02-260201-134319-097.bmp,G02,2026-02-01T13:43:19,2026-02-01,G02_2026-02-01,97,train,normal,,1025,1281,1,75082c54386d527ed8f95b41ae3cf93ac3da3466f0db4a01df3e3a175059f6bd,,
1.0,G02-260201-134325-098,G02-260201-134325-098.bmp,G02,2026-02-01T13:43:25,2026-02-01,G02_2026-02-01,98,train,normal,,1025,1281,1,cf725ecaa740d9d69edb9e8496844836f973b55ec3e431d00d70813735a46be5,,
1.0,G02-260201-134331-099,G02-260201-134331-099.bmp,G02,2026-02-01T13:43:31,2026-02-01,G02_2026-02-01,99,train,normal,,1025,1281,1,02d51652831a2cfe7dc2ba339efbaa80c1010e959e322f86b1123cf58b5d9a32,,
1.0,G02-260201-134338-100,G02-260201-134338-100.bmp,G02,2026-02-01T13:43:38,2026-02-01,G02_2026-02-01,100,train,normal,,1025,1281,1,79be5c1b1bafceb0cc3792853541990675d60c2e102aa12fbc4be393b7fbb5c1,,
1.0,G02-260201-134354-101,G02-260201-134354-101.bmp,G02,2026-02-01T13:43:54,2026-02-01,G02_2026-02-01,101,train,normal,,1025,1281,1,c6159d9021da1fc80b4710bd1e1f9979ec4dd14d861d4e3e524c11af663bf659,,
1.0,G02-260201-134401-102,G02-260201-134401-102.bmp,G02,2026-02-01T13:44:01,2026-02-01,G02_2026-02-01,102,train,normal,,1025,1281,1,29282c278f4c9343f8df0542ecd6102405ff407465c4f954a96c3bd40aa0a5ed,,
1.0,G02-260201-134421-103,G02-260201-134421-103.bmp,G02,2026-02-01T13:44:21,2026-02-01,G02_2026-02-01,103,train,normal,,1025,1281,1,be70d4bfdaaa3161043c54f4f29c524c1d0ba27b60d0a53018e99fdd55e44700,,
1.0,G02-260201-134429-104,G02-260201-134429-104.bmp,G02,2026-02-01T13:44:29,2026-02-01,G02_2026-02-01,104,train,normal,,1025,1281,1,5991c18492187c9d4fb2325f4dc2c5ac68860d3725ed46966345baee0910323e,,
1.0,G02-260201-134450-105,G02-260201-134450-105.bmp,G02,2026-02-01T13:44:50,2026-02-01,G02_2026-02-01,105,train,normal,,1025,1281,1,40920cf2e7f5f9593a3e4e552ef5a4780bc4bf702aeb81c76fed0eefbcf8f365,,
1.0,G02-260201-134518-106,G02-260201-134518-106.bmp,G02,2026-02-01T13:45:18,2026-02-01,G02_2026-02-01,106,train,normal,,1025,1281,1,323597828c513f17ade234931c592ef511a8f28a18519cf333ae41c0509bd027,,
1.0,G02-260201-134548-107,G02-260201-134548-107.bmp,G02,2026-02-01T13:45:48,2026-02-01,G02_2026-02-01,107,train,normal,,1025,1281,1,77c758fdcb22fbc3bc680c0d56ec298eb826894059a68afa41bf55e57ae7af22,,
1.0,G02-260201-134554-108,G02-260201-134554-108.bmp,G02,2026-02-01T13:45:54,2026-02-01,G02_2026-02-01,108,train,normal,,1025,1281,1,53e33eaf72cd837cb7762e0b9d10cc5261452796867edd9236006f20ad975575,,
1.0,G02-260201-134601-109,G02-260201-134601-109.bmp,G02,2026-02-01T13:46:01,2026-02-01,G02_2026-02-01,109,train,normal,,1025,1281,1,456d5bbb5dad3d423b7cf27a7b4f957c664fdb6b5a5ec292e95d87f4841ca95f,,
1.0,G02-260201-134607-110,G02-260201-134607-110.bmp,G02,2026-02-01T13:46:07,2026-02-01,G02_2026-02-01,110,train,normal,,1025,1281,1,ffa24c045655d1be993c39cf5d68edd8f059da3c5724e815b29503821ac64918,,
1.0,G02-260201-134625-111,G02-260201-134625-111.bmp,G02,2026-02-01T13:46:25,2026-02-01,G02_2026-02-01,111,train,normal,,1025,1281,1,2546b7cf9bc01c90f4c4d2f4de2575dec842ddbc8de68ac624cdd481ca7c2924,,
1.0,G02-260201-134631-112,G02-260201-134631-112.bmp,G02,2026-02-01T13:46:31,2026-02-01,G02_2026-02-01,112,train,normal,,1025,1281,1,0c5e390dad0a283ff14e2ae3349300bacf3cbae204a0a3a82212bad490f82027,,
1.0,G02-260201-134651-113,G02-260201-134651-113.bmp,G02,2026-02-01T13:46:51,2026-02-01,G02_2026-02-01,113,train,normal,,1025,1281,1,704cc5d5c9e0a72879669096c981ad02bb24ae2f8407f56cea4203b7fc352f50,,
1.0,G02-260201-134658-114,G02-260201-134658-114.bmp,G02,2026-02-01T13:46:58,2026-02-01,G02_2026-02-01,114,train,normal,,1025,1281,1,aa017386f9cf648b04cee7f84c518a2d0c2927354fb712ce60413a8481e00429,,
1.0,G02-260201-134716-115,G02-260201-134716-115.bmp,G02,2026-02-01T13:47:16,2026-02-01,G02_2026-02-01,115,train,normal,,1025,1281,1,0bc4e27c1c2d4f2d59575f6051595b7bc2857361b154f253cfbf3438e2778f8d,,
1.0,G02-260201-134757-116,G02-260201-134757-116.bmp,G02,2026-02-01T13:47:57,2026-02-01,G02_2026-02-01,116,train,normal,,1025,1281,1,47241356312411459f0411e640a7a77fb339ed990a7f6e593b960f7002c74844,,
1.0,G02-260201-134803-117,G02-260201-134803-117.bmp,G02,2026-02-01T13:48:03,2026-02-01,G02_2026-02-01,117,train,normal,,1025,1281,1,06b2d76600008c61558dac0387516903fca38da426c8a43484c86d91faaf3f39,,
1.0,G02-260201-134810-118,G02-260201-134810-118.bmp,G02,2026-02-01T13:48:10,2026-02-01,G02_2026-02-01,118,train,normal,,1025,1281,1,0b3cda5b79c928b1ab4aa4258bfda0c32f103e9d1c6d44deb2692246494bb39c,,
1.0,G02-260201-134841-119,G02-260201-134841-119.bmp,G02,2026-02-01T13:48:41,2026-02-01,G02_2026-02-01,119,train,normal,,1025,1281,1,d65372ee6cf8c89303f2f64614bc02c0363da84fbbf6d5be02ec06157434a41b,,
1.0,G02-260201-134847-120,G02-260201-134847-120.bmp,G02,2026-02-01T13:48:47,2026-02-01,G02_2026-02-01,120,train,normal,,1025,1281,1,2114b415e14aff33cf21aef1210e0ad85082a1fb16ba33594b2d803f6c5dce72,,
1.0,G02-260201-134855-121,G02-260201-134855-121.bmp,G02,2026-02-01T13:48:55,2026-02-01,G02_2026-02-01,121,train,normal,,1025,1281,1,e32042be01b6d98a1095d6bae3bd6d730b99e92dad938301efaa08478a7d9e76,,
1.0,G02-260201-134901-122,G02-260201-134901-122.bmp,G02,2026-02-01T13:49:01,2026-02-01,G02_2026-02-01,122,train,normal,,1025,1281,1,c61e1a4ec1be5a761c297dd58c8f8e35cbfb6acb3d9b7e6bd8139be2f03a1f83,,
1.0,G02-260201-134927-123,G02-260201-134927-123.bmp,G02,2026-02-01T13:49:27,2026-02-01,G02_2026-02-01,123,train,normal,,1025,1281,1,10b5857f913207c718a54c0d70fce8bfa1196c360e322e4bfff4915f62418953,,
1.0,G02-260201-134933-124,G02-260201-134933-124.bmp,G02,2026-02-01T13:49:33,2026-02-01,G02_2026-02-01,124,train,normal,,1025,1281,1,ce4e0e9506942c4679180072f9d4f30f2b2f6a84926dce138cc60cd6867d7c58,,
1.0,G02-260201-135021-125,G02-260201-135021-125.bmp,G02,2026-02-01T13:50:21,2026-02-01,G02_2026-02-01,125,train,normal,,1025,1281,1,b0575a9aba67aa7763ada2d57992e714cb048ac76ba635dc8a7dde71953a332c,,
1.0,G02-260201-135027-126,G02-260201-135027-126.bmp,G02,2026-02-01T13:50:27,2026-02-01,G02_2026-02-01,126,train,normal,,1025,1281,1,a745d5dae37f788f9c015136aeede066a99d10f9c0d00a39ff9b1de164a48259,,
1.0,G02-260201-135034-127,G02-260201-135034-127.bmp,G02,2026-02-01T13:50:34,2026-02-01,G02_2026-02-01,127,train,normal,,1025,1281,1,e75aa57b6952264bf5bfd30c6a47ebb3f25a53839abb23e270344507925118d6,,
1.0,G02-260201-135043-128,G02-260201-135043-128.bmp,G02,2026-02-01T13:50:43,2026-02-01,G02_2026-02-01,128,train,normal,,1025,1281,1,159823565e2da0275b452b258e0bc8aca7366b66dff2bb235513aa3f4951b068,,
1.0,G02-260201-135102-129,G02-260201-135102-129.bmp,G02,2026-02-01T13:51:02,2026-02-01,G02_2026-02-01,129,train,normal,,1025,1281,1,7efdedc9a9fec8f9343cbc5a56963908d877538c86c0905529cec9b2b8d10462,,
1.0,G02-260201-135110-130,G02-260201-135110-130.bmp,G02,2026-02-01T13:51:10,2026-02-01,G02_2026-02-01,130,train,normal,,1025,1281,1,344804f0934eab7dd4b8d7a85df939dfe34ff41cae64c12aa1017b7a75f5a08d,,
1.0,G02-260201-135119-131,G02-260201-135119-131.bmp,G02,2026-02-01T13:51:19,2026-02-01,G02_2026-02-01,131,train,normal,,1025,1281,1,93cd1683adbfb51ea52e5e09cdbaaf3aba146cdfc90fc20db78d6bebe9553927,,
1.0,G02-260201-135158-132,G02-260201-135158-132.bmp,G02,2026-02-01T13:51:58,2026-02-01,G02_2026-02-01,132,train,normal,,1025,1281,1,27480b17e4cb3ce9ca7c6953c30482b7bb6af0264bdfa01fd0221c77f161d874,,
1.0,G02-260201-135206-133,G02-260201-135206-133.bmp,G02,2026-02-01T13:52:06,2026-02-01,G02_2026-02-01,133,train,normal,,1025,1281,1,970a247445a367710e109814af787f7f8cd5720d8158a4fc3cc337e59c6185f4,,
1.0,G02-260201-135212-134,G02-260201-135212-134.bmp,G02,2026-02-01T13:52:12,2026-02-01,G02_2026-02-01,134,train,normal,,1025,1281,1,e2dab5ba55d40319be7fa03334dac18b10fb8d0029885aef379d1702aa042fed,,
1.0,G02-260201-135239-135,G02-260201-135239-135.bmp,G02,2026-02-01T13:52:39,2026-02-01,G02_2026-02-01,135,train,normal,,1025,1281,1,93708aa0132bfd7083a8416c92cc62a454863710aa0d60398c9f37db91f18cf8,,
1.0,G02-260201-135246-136,G02-260201-135246-136.bmp,G02,2026-02-01T13:52:46,2026-02-01,G02_2026-02-01,136,train,normal,,1025,1281,1,6d6d29c9a6bd47ac96fa1e165d4077d7210058e2f917ade92a75fae0d3880aa0,,
1.0,G02-260201-135252-137,G02-260201-135252-137.bmp,G02,2026-02-01T13:52:52,2026-02-01,G02_2026-02-01,137,train,normal,,1025,1281,1,ef5178ea3ff9d7dae813ee146a4344ef202941a3820f3810de8cbc58a7e846b4,,
1.0,G02-260201-135313-138,G02-260201-135313-138.bmp,G02,2026-02-01T13:53:13,2026-02-01,G02_2026-02-01,138,train,normal,,1025,1281,1,f6fd0f313fc174ce1afd99bfc0057171db5a3e91f2025947d911ff28c98ef13d,,
1.0,G02-260201-135326-139,G02-260201-135326-139.bmp,G02,2026-02-01T13:53:26,2026-02-01,G02_2026-02-01,139,train,normal,,1025,1281,1,fd0343896d69f4348cce15a936e945321a2aa4971aa00a56ace7a0557f35388a,,
1.0,G02-260201-135332-140,G02-260201-135332-140.bmp,G02,2026-02-01T13:53:32,2026-02-01,G02_2026-02-01,140,train,normal,,1025,1281,1,2325fe090038b8c8d684842d5a46ec011cda73e9d8c80c7a8c7aad774ebd2876,,
1.0,G02-260201-135354-141,G02-260201-135354-141.bmp,G02,2026-02-01T13:53:54,2026-02-01,G02_2026-02-01,141,train,normal,,1025,1281,1,066f13feea73633d701478fb546efd5cf8969a5bddc414a8c468910e598a4951,,
1.0,G02-260201-135401-142,G02-260201-135401-142.bmp,G02,2026-02-01T13:54:01,2026-02-01,G02_2026-02-01,142,train,normal,,1025,1281,1,dc9d567413f2c94ceb6e291fdbb8d42982bc9c7b4109966a3347aeca2dd78811,,
1.0,G02-260201-135425-143,G02-260201-135425-143.bmp,G02,2026-02-01T13:54:25,2026-02-01,G02_2026-02-01,143,train,normal,,1025,1281,1,f8f929e40a782da38d68327b3628746e7b57567ce80cda270533fcb60301114e,,
1.0,G02-260201-135433-144,G02-260201-135433-144.bmp,G02,2026-02-01T13:54:33,2026-02-01,G02_2026-02-01,144,train,normal,,1025,1281,1,6b62428fe1ed14914ea43ca7f86574a95aa0a6eb54214cc75947abd103a48b46,,
1.0,G02-260201-135456-145,G02-260201-135456-145.bmp,G02,2026-02-01T13:54:56,2026-02-01,G02_2026-02-01,145,train,normal,,1025,1281,1,43f5cc647afdb69cf611be29e6742690dd2639c416d69f2ab8ba0ce85e1b41f7,,
1.0,G02-260201-135503-146,G02-260201-135503-146.bmp,G02,2026-02-01T13:55:03,2026-02-01,G02_2026-02-01,146,train,normal,,1025,1281,1,580d49a031cc24d850a887ef3beeac890529e14fa7d6e9f52861e34d51c0fc81,,
1.0,G02-260201-135531-147,G02-260201-135531-147.bmp,G02,2026-02-01T13:55:31,2026-02-01,G02_2026-02-01,147,train,normal,,1025,1281,1,2d7ef0492655354a349e92541b22fb9108166b682ea621de10a28b5e97817c5f,,
1.0,G02-260201-135537-148,G02-260201-135537-148.bmp,G02,2026-02-01T13:55:37,2026-02-01,G02_2026-02-01,148,train,normal,,1025,1281,1,a6e7c355273293c36de1df718347025579953bc960c85106feb9e8afb273ea38,,
1.0,G02-260201-135557-149,G02-260201-135557-149.bmp,G02,2026-02-01T13:55:57,2026-02-01,G02_2026-02-01,149,train,normal,,1025,1281,1,605f616b1ba7f1e26209cbc4765dd03e8e38b01e31b1e84f7f5550ecae349f6c,,
1.0,G02-260201-135603-150,G02-260201-135603-150.bmp,G02,2026-02-01T13:56:03,2026-02-01,G02_2026-02-01,150,train,normal,,1025,1281,1,d161c4df6fb75b51284c7f09c96db28b58996b194b3d962a476f8dc4331d295e,,
1.0,G02-260201-135626-151,G02-260201-135626-151.bmp,G02,2026-02-01T13:56:26,2026-02-01,G02_2026-02-01,151,train,normal,,1025,1281,1,c5dc0363adef6ad1fb7a75f9c466e6cc33b5e3bd0d70449acd18f5b760d73859,,
1.0,G02-260201-135632-152,G02-260201-135632-152.bmp,G02,2026-02-01T13:56:32,2026-02-01,G02_2026-02-01,152,train,normal,,1025,1281,1,9757da0e37cb0f485a8e98a9d62d24a6be005d944639b4459d5748ff482cf71f,,
1.0,G02-260201-135655-153,G02-260201-135655-153.bmp,G02,2026-02-01T13:56:55,2026-02-01,G02_2026-02-01,153,train,normal,,1025,1281,1,b26b714569a62e3e737099fa5caa7be07976ce5c3a3990110277346f888e1bfc,,
1.0,G02-260201-135701-154,G02-260201-135701-154.bmp,G02,2026-02-01T13:57:01,2026-02-01,G02_2026-02-01,154,train,normal,,1025,1281,1,976f575567b51a9bcfb7669317c9b27a23beddb41d90c3d5ad4bb0582e4d5932,,
1.0,G02-260201-135724-155,G02-260201-135724-155.bmp,G02,2026-02-01T13:57:24,2026-02-01,G02_2026-02-01,155,train,normal,,1025,1281,1,b2dbf6cb520f94ff0a96fafbaceb9d968b4bfa02db9916f624d14b9cfce91c66,,
1.0,G02-260201-135731-156,G02-260201-135731-156.bmp,G02,2026-02-01T13:57:31,2026-02-01,G02_2026-02-01,156,train,normal,,1025,1281,1,8af5fca467d35f2846bfc562843e81d5b37312cb9a532e1edd13e035e5fcc9d4,,
1.0,G02-260201-135755-157,G02-260201-135755-157.bmp,G02,2026-02-01T13:57:55,2026-02-01,G02_2026-02-01,157,train,normal,,1025,1281,1,95d9bdc74415b2ba8a8c5b618a0340b975fa90e45ce0c7c5e2e77666d5c87581,,
1.0,G02-260201-135802-158,G02-260201-135802-158.bmp,G02,2026-02-01T13:58:02,2026-02-01,G02_2026-02-01,158,train,normal,,1025,1281,1,4fcc4b64feedb6d990dde9601e00c826083e61230c5cdbdfaabbe4d1b02bc63f,,
1.0,G02-260201-135826-159,G02-260201-135826-159.bmp,G02,2026-02-01T13:58:26,2026-02-01,G02_2026-02-01,159,train,normal,,1025,1281,1,4a4e1c92bd66533693b0715af9002a77da753ab863f1857d97232a878b6de3e2,,
1.0,G02-260201-135833-160,G02-260201-135833-160.bmp,G02,2026-02-01T13:58:33,2026-02-01,G02_2026-02-01,160,train,normal,,1025,1281,1,2da4be0b7a97fcbf0e35221fd00bed42b788bfcaabfac91b887c88fb86d9b62f,,
1.0,G02-260201-135859-161,G02-260201-135859-161.bmp,G02,2026-02-01T13:58:59,2026-02-01,G02_2026-02-01,161,train,normal,,1025,1281,1,c723cebf1ea13e84eb3b202f6fc8a367d138bacb6afd69e41025c0226ce3bfc3,,
1.0,G02-260201-135905-162,G02-260201-135905-162.bmp,G02,2026-02-01T13:59:05,2026-02-01,G02_2026-02-01,162,train,normal,,1025,1281,1,27fabdb8d42c133f21a586759dc625ef9ee5ee2b2b713571bbee01c1f7061486,,
1.0,G02-260201-135925-163,G02-260201-135925-163.bmp,G02,2026-02-01T13:59:25,2026-02-01,G02_2026-02-01,163,train,normal,,1025,1281,1,bf857d312934b337c9be64d9a909a3e8de43ecf655a27d7da1cea86fff0f2903,,
1.0,G02-260201-135947-164,G02-260201-135947-164.bmp,G02,2026-02-01T13:59:47,2026-02-01,G02_2026-02-01,164,train,normal,,1025,1281,1,621f7d12e9cefd60ed2ef964030312db4ac2ba6d45f8992293a5f786b6d00ebb,,
1.0,G02-260201-135959-165,G02-260201-135959-165.bmp,G02,2026-02-01T13:59:59,2026-02-01,G02_2026-02-01,165,train,normal,,1025,1281,1,a99f8523ee289859148c1878fba0bc16c863e9d92097a7baf401956bd588afb0,,
1.0,G02-260201-140005-166,G02-260201-140005-166.bmp,G02,2026-02-01T14:00:05,2026-02-01,G02_2026-02-01,166,train,normal,,1025,1281,1,a9be67b43f23fb1cd021a6cdd3286fac9359f12afb5c2074595a6199a98ec7c6,,
1.0,G02-260201-140028-167,G02-260201-140028-167.bmp,G02,2026-02-01T14:00:28,2026-02-01,G02_2026-02-01,167,train,normal,,1025,1281,1,da4b431f7e2aa08129befca400b8ba7bee0a048cf412e362c2bc32aa7769fb06,,
1.0,G02-260201-140034-168,G02-260201-140034-168.bmp,G02,2026-02-01T14:00:34,2026-02-01,G02_2026-02-01,168,train,normal,,1025,1281,1,4ecf6971efe796b532d2ed6cd9fa46f84d4b4bb2489f20d7af7cd8f8327ff45e,,
1.0,G02-260201-140057-169,G02-260201-140057-169.bmp,G02,2026-02-01T14:00:57,2026-02-01,G02_2026-02-01,169,train,normal,,1025,1281,1,c05df09bb9d3888ecd783d3e96ec349d86bcbb360b7c9cb8e23d2c8b58c56144,,
1.0,G02-260201-140103-170,G02-260201-140103-170.bmp,G02,2026-02-01T14:01:03,2026-02-01,G02_2026-02-01,170,train,normal,,1025,1281,1,db6e611458d7fdc153e9f597f03387ec0823424204b0eb74a046662c7f751243,,
1.0,G02-260201-140134-171,G02-260201-140134-171.bmp,G02,2026-02-01T14:01:34,2026-02-01,G02_2026-02-01,171,train,normal,,1025,1281,1,a088f3ae18247435d9acc0883fe940c801eca94853e06df5d598dbe1a440c704,,
1.0,G02-260201-140143-172,G02-260201-140143-172.bmp,G02,2026-02-01T14:01:43,2026-02-01,G02_2026-02-01,172,train,normal,,1025,1281,1,394063ac6fdd28a1bea484539732dc05ff13093c0741c0a79b9fcffbb40080f1,,
1.0,G02-260201-140156-173,G02-260201-140156-173.bmp,G02,2026-02-01T14:01:56,2026-02-01,G02_2026-02-01,173,train,normal,,1025,1281,1,6721deab797db86a57bc91dffbcca06e489ea20e5401c0040462fbba48dc2f88,,
1.0,G02-260201-140228-174,G02-260201-140228-174.bmp,G02,2026-02-01T14:02:28,2026-02-01,G02_2026-02-01,174,train,normal,,1025,1281,1,c76d66ae17cd4a3d583a88793514b2ebcd6531717251882b523c8fc03f963fe5,,
1.0,G02-260201-140235-175,G02-260201-140235-175.bmp,G02,2026-02-01T14:02:35,2026-02-01,G02_2026-02-01,175,train,normal,,1025,1281,1,91fa26fed9dfd80952249908403c3d89a546e304ff5d1ce092c16e81e89820a8,,
1.0,G02-260201-140243-176,G02-260201-140243-176.bmp,G02,2026-02-01T14:02:43,2026-02-01,G02_2026-02-01,176,train,normal,,1025,1281,1,dc21021d7a8eb8c37ff2b0e962ddfeec78664e3d816202296a121dbdd5712954,,
1.0,G02-260201-140300-177,G02-260201-140300-177.bmp,G02,2026-02-01T14:03:00,2026-02-01,G02_2026-02-01,177,train,normal,,1025,1281,1,558240c73ff1ad4facec6bc7bbac355b11d573408b0c7af4d97c170949d5a7d0,,
1.0,G02-260201-140306-178,G02-260201-140306-178.bmp,G02,2026-02-01T14:03:06,2026-02-01,G02_2026-02-01,178,train,normal,,1025,1281,1,f5c57846c2ab417f0f4e9b92ad707adaf92bb15c5b0e51ca6b54ff7ac5e3bcf2,,
1.0,G02-260201-140330-179,G02-260201-140330-179.bmp,G02,2026-02-01T14:03:30,2026-02-01,G02_2026-02-01,179,train,normal,,1025,1281,1,308f8415eca489125ed488128280ccefacedcd8e4169fac7e79fe979d076ffc4,,
1.0,G02-260201-140336-180,G02-260201-140336-180.bmp,G02,2026-02-01T14:03:36,2026-02-01,G02_2026-02-01,180,train,normal,,1025,1281,1,094967c7c74fb8b2759495a424747cd35479a864c7d7b31b7584461bc512df8f,,
1.0,G02-260201-140356-181,G02-260201-140356-181.bmp,G02,2026-02-01T14:03:56,2026-02-01,G02_2026-02-01,181,train,normal,,1025,1281,1,6c06d66aac0b8332b968023cc16b093e8b5266895c4e70c5b102733abf36c436,,
1.0,G02-260201-140403-182,G02-260201-140403-182.bmp,G02,2026-02-01T14:04:03,2026-02-01,G02_2026-02-01,182,train,normal,,1025,1281,1,a5a931befcf1b19aaa7d15ae748ccf165cfdfbd16c1821d355c27d32d9e13daa,,
1.0,G02-260201-140427-183,G02-260201-140427-183.bmp,G02,2026-02-01T14:04:27,2026-02-01,G02_2026-02-01,183,train,normal,,1025,1281,1,5d4afd5c27747815cbd831bae27740722c3b69417056806f05de4ed0983d8158,,
1.0,G02-260201-140433-184,G02-260201-140433-184.bmp,G02,2026-02-01T14:04:33,2026-02-01,G02_2026-02-01,184,train,normal,,1025,1281,1,93933b490064c7a7727fa466238ca7ef7710ffc4ff9fdb8aed9b3e50f2817742,,
1.0,G02-260201-140459-185,G02-260201-140459-185.bmp,G02,2026-02-01T14:04:59,2026-02-01,G02_2026-02-01,185,train,normal,,1025,1281,1,6e9f936389d8e6644c98d2df2d2d216118b9cc81bf116b585085459bb1da79e2,,
1.0,G02-260201-140505-186,G02-260201-140505-186.bmp,G02,2026-02-01T14:05:05,2026-02-01,G02_2026-02-01,186,train,normal,,1025,1281,1,a4aa93de66ae6ac364e67734bf8d867eaac1041d514e3fab61cd1df734235e20,,
1.0,G02-260201-140521-187,G02-260201-140521-187.bmp,G02,2026-02-01T14:05:21,2026-02-01,G02_2026-02-01,187,train,normal,,1025,1281,1,a4046f021aeebe3d666015513d1213b54403d437b94307249d27d8a6102d9b10,,
1.0,G02-260201-140601-188,G02-260201-140601-188.bmp,G02,2026-02-01T14:06:01,2026-02-01,G02_2026-02-01,188,train,normal,,1025,1281,1,f0ddc2331273a73692f9c31ba47955e780a2746f0bfe9fe56ebeadefeea11751,,
1.0,G02-260201-140607-189,G02-260201-140607-189.bmp,G02,2026-02-01T14:06:07,2026-02-01,G02_2026-02-01,189,train,normal,,1025,1281,1,063fa3aee9a2ed5572265443155c25394bfd5989482b2b64f7ba6226e1de2937,,
1.0,G02-260201-140614-190,G02-260201-140614-190.bmp,G02,2026-02-01T14:06:14,2026-02-01,G02_2026-02-01,190,train,normal,,1025,1281,1,2d4ba22fc6f4fa237e8fc2bf9110802a0681ff5f8a5e6bbab8d453616f669334,,
1.0,G02-260201-140632-191,G02-260201-140632-191.bmp,G02,2026-02-01T14:06:32,2026-02-01,G02_2026-02-01,191,train,normal,,1025,1281,1,4612641433276f09f5cf176478b766c86071004da973a4a4dc43d15a65277c77,,
1.0,G02-260201-140639-192,G02-260201-140639-192.bmp,G02,2026-02-01T14:06:39,2026-02-01,G02_2026-02-01,192,train,normal,,1025,1281,1,0d5b14ec77a410efd3cf49820790488d95f35e56d86b3fd45d224e8daeedca83,,
1.0,G02-260201-140700-193,G02-260201-140700-193.bmp,G02,2026-02-01T14:07:00,2026-02-01,G02_2026-02-01,193,train,normal,,1025,1281,1,cc05da79d147a38ab48cdaed9690c4783e3173a0c33f763ecb9cae1e5c466f11,,
1.0,G02-260201-140706-194,G02-260201-140706-194.bmp,G02,2026-02-01T14:07:06,2026-02-01,G02_2026-02-01,194,train,normal,,1025,1281,1,523500e694c094143d1c791ec80b45215ca8033d36f17b0619445cefbe1f967a,,
1.0,G02-260201-140728-195,G02-260201-140728-195.bmp,G02,2026-02-01T14:07:28,2026-02-01,G02_2026-02-01,195,train,normal,,1025,1281,1,28c36d1257c70dd49da22aab8ebc0e4b3c28112c10a1b10301ef4cd7d82e8355,,
1.0,G02-260201-140734-196,G02-260201-140734-196.bmp,G02,2026-02-01T14:07:34,2026-02-01,G02_2026-02-01,196,train,normal,,1025,1281,1,446a87e319b31833f451ea6cc6051392e25d002fe3bc10411102aac7e733e88c,,
1.0,G02-260201-140758-197,G02-260201-140758-197.bmp,G02,2026-02-01T14:07:58,2026-02-01,G02_2026-02-01,197,train,normal,,1025,1281,1,3b175fac145e1edac6b72e0c16e6d3feb74a9e22bde9bffd455649e0680b54d6,,
1.0,G02-260201-140806-198,G02-260201-140806-198.bmp,G02,2026-02-01T14:08:06,2026-02-01,G02_2026-02-01,198,train,normal,,1025,1281,1,593be4457aac57af14bc90956f28cf5bb23d13f1ad9e71d415520b78e3f53423,,
1.0,G02-260201-140832-199,G02-260201-140832-199.bmp,G02,2026-02-01T14:08:32,2026-02-01,G02_2026-02-01,199,train,normal,,1025,1281,1,d3aa841a39a431cf2f49d7e2bd89cd6040655f5d970d380d6ae95fb4f82dadef,,
1.0,G02-260201-140838-200,G02-260201-140838-200.bmp,G02,2026-02-01T14:08:38,2026-02-01,G02_2026-02-01,200,train,normal,,1025,1281,1,b7889d425793f8f265aadec64173c31dd4e49cc6ae0a22d2ae49d825e7086528,,
1.0,G02-260201-140920-201,G02-260201-140920-201.bmp,G02,2026-02-01T14:09:20,2026-02-01,G02_2026-02-01,201,train,normal,,1025,1281,1,80f4851cd3de04e20039f1dcedd078f93ffb086058a5d46ab970df1aa0d8e7b2,,
1.0,G02-260201-140933-202,G02-260201-140933-202.bmp,G02,2026-02-01T14:09:33,2026-02-01,G02_2026-02-01,202,train,normal,,1025,1281,1,18b1a8f13080681528a4c08baade7ee50708a6e753e296d321d53af71c38681f,,
1.0,G02-260201-141000-203,G02-260201-141000-203.bmp,G02,2026-02-01T14:10:00,2026-02-01,G02_2026-02-01,203,train,normal,,1025,1281,1,c4ac170b8fec7fda02963e41b5c7d459490806285043d29bf315cff6a085394f,,
1.0,G02-260201-141030-204,G02-260201-141030-204.bmp,G02,2026-02-01T14:10:30,2026-02-01,G02_2026-02-01,204,train,normal,,1025,1281,1,0361b20e521a4bb2d4d6da93f87cd9a9338c819f19a783156b424958b850a12a,,
1.0,G02-260201-141037-205,G02-260201-141037-205.bmp,G02,2026-02-01T14:10:37,2026-02-01,G02_2026-02-01,205,train,normal,,1025,1281,1,f99fd40e2fb7dc2e2074644892b513a78912e92588faf305d2cdfef2133bcbf4,,
1.0,G02-260201-141100-206,G02-260201-141100-206.bmp,G02,2026-02-01T14:11:00,2026-02-01,G02_2026-02-01,206,train,normal,,1025,1281,1,0e70be88d74eaec1974aa89c877a5de29415cdfb36b1be6c90863a85cf4084a8,,
1.0,G02-260201-141106-207,G02-260201-141106-207.bmp,G02,2026-02-01T14:11:06,2026-02-01,G02_2026-02-01,207,train,normal,,1025,1281,1,0e878ea7795cf45021e67423dd273daa1835997da61d6f200e60892aa89f29cc,,
1.0,G02-260201-141130-208,G02-260201-141130-208.bmp,G02,2026-02-01T14:11:30,2026-02-01,G02_2026-02-01,208,train,normal,,1025,1281,1,91ee5ef66ce4ead05b3a2aa66915046290ba22b18aeee7557c861ca649126e16,,
1.0,G02-260201-141136-209,G02-260201-141136-209.bmp,G02,2026-02-01T14:11:36,2026-02-01,G02_2026-02-01,209,train,normal,,1025,1281,1,9d6400ea92e4327faea10e59a8c27b123286aa293ae9bf42425f19a11369f495,,
1.0,G02-260201-141200-210,G02-260201-141200-210.bmp,G02,2026-02-01T14:12:00,2026-02-01,G02_2026-02-01,210,train,normal,,1025,1281,1,fc0832f4030d51fc4bdc6d9ae64484034a80e8233c0937143c6fed93f8f86980,,
1.0,G02-260201-141206-211,G02-260201-141206-211.bmp,G02,2026-02-01T14:12:06,2026-02-01,G02_2026-02-01,211,train,normal,,1025,1281,1,a648c92cd1f146133fc8ddba16af98ea09b1e0e68f4b7855763f69c30aa629c0,,
1.0,G02-260201-141234-212,G02-260201-141234-212.bmp,G02,2026-02-01T14:12:34,2026-02-01,G02_2026-02-01,212,train,normal,,1025,1281,1,8a08ad913e1731e20eef80c003e54b440ec80934102827e64ba833ef8dfb3945,,
1.0,G02-260201-141240-213,G02-260201-141240-213.bmp,G02,2026-02-01T14:12:40,2026-02-01,G02_2026-02-01,213,train,normal,,1025,1281,1,529b8c875f07a0fb55d1f3ed85b1ccf0450547e131493c24505631ec07894673,,
1.0,G02-260201-141303-214,G02-260201-141303-214.bmp,G02,2026-02-01T14:13:03,2026-02-01,G02_2026-02-01,214,train,normal,,1025,1281,1,20f3ed81ce111e628ceb067d578b5e78c6ce64a7591c861ff475fa9c54c4de4a,,
1.0,G02-260201-141310-215,G02-260201-141310-215.bmp,G02,2026-02-01T14:13:10,2026-02-01,G02_2026-02-01,215,train,normal,,1025,1281,1,a799aa2ad897262482a880c355d984e9a1d13fa7d89bfe8fa6e600bbb38e2216,,
1.0,G02-260201-141331-216,G02-260201-141331-216.bmp,G02,2026-02-01T14:13:31,2026-02-01,G02_2026-02-01,216,train,normal,,1025,1281,1,e67efd4a812a4c86769b777300f4cdc9dbb6d54c5597ebf1bf933adedbdde9c0,,
1.0,G02-260201-141337-217,G02-260201-141337-217.bmp,G02,2026-02-01T14:13:37,2026-02-01,G02_2026-02-01,217,train,normal,,1025,1281,1,aa921af13e4f6c8941375fa0ce30adbf0ba5cf4fb58758503ecdac601ed59631,,
1.0,G02-260201-141400-218,G02-260201-141400-218.bmp,G02,2026-02-01T14:14:00,2026-02-01,G02_2026-02-01,218,train,normal,,1025,1281,1,6a7a6c1aa799660ead34452745246c60a715869bde89536a969cd874dfa59c69,,
1.0,G02-260201-141406-219,G02-260201-141406-219.bmp,G02,2026-02-01T14:14:06,2026-02-01,G02_2026-02-01,219,train,normal,,1025,1281,1,6ee1f05b0201059b04224d4c49c454d8b6a9f6c81508ec127d3c98174a70f361,,
1.0,G02-260201-141429-220,G02-260201-141429-220.bmp,G02,2026-02-01T14:14:29,2026-02-01,G02_2026-02-01,220,train,normal,,1025,1281,1,82a7ae299daf64ac88f870fb129387a3ae4c0cb0c943a385e99b517e9c1c3d51,,
1.0,G02-260201-141435-221,G02-260201-141435-221.bmp,G02,2026-02-01T14:14:35,2026-02-01,G02_2026-02-01,221,train,normal,,1025,1281,1,f366860b0691fbb7f8fa50258a2ce663593f7d553968a08e19a511be8a5170a2,,
1.0,G02-260201-141500-222,G02-260201-141500-222.bmp,G02,2026-02-01T14:15:00,2026-02-01,G02_2026-02-01,222,train,normal,,1025,1281,1,9f64288d0170580491cab2f00ae4839ab65de35f1bbb3ea121233b961a88bcd2,,
1.0,G02-260201-141506-223,G02-260201-141506-223.bmp,G02,2026-02-01T14:15:06,2026-02-01,G02_2026-02-01,223,train,normal,,1025,1281,1,f9014793a285bfde074deca24a9b174600fdadbdfedbfec1d609bef22826d523,,
1.0,G02-260201-141532-224,G02-260201-141532-224.bmp,G02,2026-02-01T14:15:32,2026-02-01,G02_2026-02-01,224,train,normal,,1025,1281,1,a89b3010cfd076cbf7976062885ecd12bf6b568879ab6359e37c130c0d0cd328,,
1.0,G02-260201-141539-225,G02-260201-141539-225.bmp,G02,2026-02-01T14:15:39,2026-02-01,G02_2026-02-01,225,train,normal,,1025,1281,1,b7fff6ee68ff17b6fa9a38fa1b388cd05b2734c52ca2d4ad85de6445c2f824ad,,
1.0,G02-260201-141602-226,G02-260201-141602-226.bmp,G02,2026-02-01T14:16:02,2026-02-01,G02_2026-02-01,226,train,normal,,1025,1281,1,a64c81eadc9de47cab293ed18ee369562fca3dc82cb159977015236992955cab,,
1.0,G02-260201-141608-227,G02-260201-141608-227.bmp,G02,2026-02-01T14:16:08,2026-02-01,G02_2026-02-01,227,train,normal,,1025,1281,1,f47cf090963da00e351b413b47392fa9ff78f10344b0d8c4e23fa739f9accffb,,
1.0,G02-260201-141632-228,G02-260201-141632-228.bmp,G02,2026-02-01T14:16:32,2026-02-01,G02_2026-02-01,228,train,normal,,1025,1281,1,d809aa790486dd035f0305a3d9c383b2c44cc5d99bbfd8af8d0e02fe4666af4a,,
1.0,G02-260201-141638-229,G02-260201-141638-229.bmp,G02,2026-02-01T14:16:38,2026-02-01,G02_2026-02-01,229,train,normal,,1025,1281,1,dfc80c12a605e5d080b84f3f17dcea2926d47e159fa13d4101f418c0e2b1be22,,
1.0,G02-260201-141702-230,G02-260201-141702-230.bmp,G02,2026-02-01T14:17:02,2026-02-01,G02_2026-02-01,230,train,normal,,1025,1281,1,e28e8a04066d2f2f0d578a8ad28970ac6fb7e230a86fbfe183702759cb01abba,,
1.0,G02-260201-141708-231,G02-260201-141708-231.bmp,G02,2026-02-01T14:17:08,2026-02-01,G02_2026-02-01,231,train,normal,,1025,1281,1,e6bcbc52bcc483fca1429d9231def684d4363f08e8f429f4216c67f56a7260e4,,
1.0,G02-260201-141730-232,G02-260201-141730-232.bmp,G02,2026-02-01T14:17:30,2026-02-01,G02_2026-02-01,232,train,normal,,1025,1281,1,db1d09c5fe53f40eb5f114b7973a2e8aa3315617c95a5722c2e6c710b6bf47eb,,
1.0,G02-260201-141736-233,G02-260201-141736-233.bmp,G02,2026-02-01T14:17:36,2026-02-01,G02_2026-02-01,233,train,normal,,1025,1281,1,eaba26c3d139629cc2d2ac05bc30c194756545236e0ceb255795e4eda64ccf0d,,
1.0,G02-260201-141800-234,G02-260201-141800-234.bmp,G02,2026-02-01T14:18:00,2026-02-01,G02_2026-02-01,234,train,normal,,1025,1281,1,bb128f179ada802b67b9145d79ad690391e5a6b36ceb398d8a5c5acdc165b603,,
1.0,G02-260201-141806-235,G02-260201-141806-235.bmp,G02,2026-02-01T14:18:06,2026-02-01,G02_2026-02-01,235,train,normal,,1025,1281,1,542e70f66e0e0cdbf3caa6ff98ea4e3287398b48dab3f0204a353911c4d9b842,,
1.0,G02-260201-141830-236,G02-260201-141830-236.bmp,G02,2026-02-01T14:18:30,2026-02-01,G02_2026-02-01,236,train,normal,,1025,1281,1,2722275a53e7dbb4c051f8baf3e3f3951c3d4b56d819cd0a9cba77a315d9d32b,,
1.0,G02-260201-141837-237,G02-260201-141837-237.bmp,G02,2026-02-01T14:18:37,2026-02-01,G02_2026-02-01,237,train,normal,,1025,1281,1,62a59c2438a3e0f225996fc688b0b50de1cd78abe85b96b134ecf74443ae7fb7,,
1.0,G02-260201-141904-238,G02-260201-141904-238.bmp,G02,2026-02-01T14:19:04,2026-02-01,G02_2026-02-01,238,train,normal,,1025,1281,1,73175cc5ca0377a690b612eff06f67fed375b05d89bcf62bf9ea1c85ff04316b,,
1.0,G02-260201-141910-239,G02-260201-141910-239.bmp,G02,2026-02-01T14:19:10,2026-02-01,G02_2026-02-01,239,train,normal,,1025,1281,1,50c31e0e4264e0f9e0671b7c0732e8790b0d3e59fc11c823822c7c9d61eed3bd,,
1.0,G02-260201-141930-240,G02-260201-141930-240.bmp,G02,2026-02-01T14:19:30,2026-02-01,G02_2026-02-01,240,train,normal,,1025,1281,1,6b3030f638aca89b8acd6b2fda82d5fb3ed9cb4b003478f9ef681a67e7250945,,
1.0,G02-260201-141937-241,G02-260201-141937-241.bmp,G02,2026-02-01T14:19:37,2026-02-01,G02_2026-02-01,241,train,normal,,1025,1281,1,3c6f546f31d53f9794b9d4a938a8d2a3aaaaa0d6d996232e758d3fef3dc30bc7,,
1.0,G02-260201-142002-242,G02-260201-142002-242.bmp,G02,2026-02-01T14:20:02,2026-02-01,G02_2026-02-01,242,train,normal,,1025,1281,1,b7b60a28c7462ad2cfe46655f85e2f23c70a020a11b8b0d5763f4bed39194bc0,,
1.0,G02-260201-142008-243,G02-260201-142008-243.bmp,G02,2026-02-01T14:20:08,2026-02-01,G02_2026-02-01,243,train,normal,,1025,1281,1,9883f1e2971324b0fe5ba17877de89caa3653dc407b54dbf94ab567f7c3332bd,,
1.0,G02-260201-142032-244,G02-260201-142032-244.bmp,G02,2026-02-01T14:20:32,2026-02-01,G02_2026-02-01,244,train,normal,,1025,1281,1,71e4f8b6d0dbacb350c94160c19feb4d5034d9b97ec737c04a0f15c05f3c1124,,
1.0,G02-260201-142038-245,G02-260201-142038-245.bmp,G02,2026-02-01T14:20:38,2026-02-01,G02_2026-02-01,245,train,normal,,1025,1281,1,4ef39127ec6b92b0ee974459c297fc73063abf2ba52d5f286f7e3c952f10bbf0,,
1.0,G02-260201-142102-246,G02-260201-142102-246.bmp,G02,2026-02-01T14:21:02,2026-02-01,G02_2026-02-01,246,train,normal,,1025,1281,1,391fd147249b33d5c6f85ba549334eb2043ed470a7c35a1a891f5de84b0d7207,,
1.0,G02-260201-142108-247,G02-260201-142108-247.bmp,G02,2026-02-01T14:21:08,2026-02-01,G02_2026-02-01,247,train,normal,,1025,1281,1,db99e8f9d684820baa9f37932703d2e8fd36ae5523d8e0e82af904f77bf816b6,,
1.0,G02-260201-142135-248,G02-260201-142135-248.bmp,G02,2026-02-01T14:21:35,2026-02-01,G02_2026-02-01,248,train,normal,,1025,1281,1,70f2ec63470e834f6b2eb037a6fd45b84b2191b362a6445e452edef9de01d9fd,,
1.0,G02-260201-142141-249,G02-260201-142141-249.bmp,G02,2026-02-01T14:21:41,2026-02-01,G02_2026-02-01,249,train,normal,,1025,1281,1,1a5616501bb9d53601e742e4eddda52c466f2a624e598c85e30f05041ccb9a06,,
1.0,G02-260201-142156-250,G02-260201-142156-250.bmp,G02,2026-02-01T14:21:56,2026-02-01,G02_2026-02-01,250,train,normal,,1025,1281,1,ae2bb82b45de419a3f49ca17fd6e30dd3b744af6aa66984dac92d4949ad9db52,,
1.0,G02-260201-142234-251,G02-260201-142234-251.bmp,G02,2026-02-01T14:22:34,2026-02-01,G02_2026-02-01,251,train,normal,,1025,1281,1,04cad82e3543977f6f56fc6bdc6467f3cc83a69ed6d27afc578a9a48e3388953,,
1.0,G02-260201-142242-252,G02-260201-142242-252.bmp,G02,2026-02-01T14:22:42,2026-02-01,G02_2026-02-01,252,train,normal,,1025,1281,1,da42dd32687f610a87d6b7e2d8d51d5bc9a5d913de54e5cdd77496bc31a542aa,,
1.0,G02-260201-142249-253,G02-260201-142249-253.bmp,G02,2026-02-01T14:22:49,2026-02-01,G02_2026-02-01,253,train,normal,,1025,1281,1,5b91bc2ba138ced4882c0b6c319b4ba86fbfc91c74e32c0ddfa7f22dc266dc1a,,
1.0,G02-260201-142304-254,G02-260201-142304-254.bmp,G02,2026-02-01T14:23:04,2026-02-01,G02_2026-02-01,254,train,normal,,1025,1281,1,c0a55511070a2453bef4d2fa66d527d19c497fbb8b9e156ee546789087d56381,,
1.0,G02-260201-142311-255,G02-260201-142311-255.bmp,G02,2026-02-01T14:23:11,2026-02-01,G02_2026-02-01,255,train,normal,,1025,1281,1,1b41b4dec68c44ed8e97210d98e8615d4ebfce4f4b8353e1e691eff0db2b0e55,,
1.0,G02-260201-142332-256,G02-260201-142332-256.bmp,G02,2026-02-01T14:23:32,2026-02-01,G02_2026-02-01,256,train,normal,,1025,1281,1,27af35ab258828109f33b4100b95c88944cbb638152576177f9ee50cf9d5732a,,
1.0,G02-260201-142338-257,G02-260201-142338-257.bmp,G02,2026-02-01T14:23:38,2026-02-01,G02_2026-02-01,257,train,normal,,1025,1281,1,9f5db315bdb377e715973666402872cc530ec27be2d54e56e7831ba63f495a97,,
1.0,G02-260201-142404-258,G02-260201-142404-258.bmp,G02,2026-02-01T14:24:04,2026-02-01,G02_2026-02-01,258,train,normal,,1025,1281,1,3c352e9f8a6d6c391ff57e51a26302cd96a2beabde49826762a801e53a42bf7f,,
1.0,G02-260201-142410-259,G02-260201-142410-259.bmp,G02,2026-02-01T14:24:10,2026-02-01,G02_2026-02-01,259,train,normal,,1025,1281,1,6ed2b3114c6dc968eb2bc6cca2203dda5d5a7c582afc403e7c21ff5f416bd1ea,,
1.0,G02-260201-142434-260,G02-260201-142434-260.bmp,G02,2026-02-01T14:24:34,2026-02-01,G02_2026-02-01,260,train,normal,,1025,1281,1,4d83153e6f8c8ed1c65bc290e0184bb76bf801fd6ca00dc6121f212d27b7e63c,,
1.0,G02-260201-142440-261,G02-260201-142440-261.bmp,G02,2026-02-01T14:24:40,2026-02-01,G02_2026-02-01,261,train,normal,,1025,1281,1,18ae12658d38120e9d03154d05edc1f55d5d690adabf90eedb5f0ae7dbf6d177,,
1.0,G02-260201-142501-262,G02-260201-142501-262.bmp,G02,2026-02-01T14:25:01,2026-02-01,G02_2026-02-01,262,train,normal,,1025,1281,1,21346fe5e392944147b324314bf42924376da9d843c28a531d2f1ec7e151b157,,
1.0,G02-260201-142508-263,G02-260201-142508-263.bmp,G02,2026-02-01T14:25:08,2026-02-01,G02_2026-02-01,263,train,normal,,1025,1281,1,5fff6cc77cc285fe75f1ad4955813f727a8b9bd026e62be34f28ad9e66722697,,
1.0,G02-260201-142533-264,G02-260201-142533-264.bmp,G02,2026-02-01T14:25:33,2026-02-01,G02_2026-02-01,264,train,normal,,1025,1281,1,3c36ae46501fa1691f82aa4c779791f180d1e8dc4efad90b63e3d48b280dce23,,
1.0,G02-260201-142539-265,G02-260201-142539-265.bmp,G02,2026-02-01T14:25:39,2026-02-01,G02_2026-02-01,265,train,normal,,1025,1281,1,ec85a5dd09ce4d66222eb372a4adee062760508551c9671ec7481b5b9c2348e2,,
1.0,G02-260201-142603-266,G02-260201-142603-266.bmp,G02,2026-02-01T14:26:03,2026-02-01,G02_2026-02-01,266,train,normal,,1025,1281,1,97408adc83e1fcc6006749f02ca271dc8400be2c5485b7fce606b46f0fc0cb27,,
1.0,G02-260201-142609-267,G02-260201-142609-267.bmp,G02,2026-02-01T14:26:09,2026-02-01,G02_2026-02-01,267,train,normal,,1025,1281,1,5093101563e6ca516b5dbea8c066f0851f00b871b5efb6537ae77dc6c91eb36f,,
1.0,G02-260201-142633-268,G02-260201-142633-268.bmp,G02,2026-02-01T14:26:33,2026-02-01,G02_2026-02-01,268,train,normal,,1025,1281,1,be66feb538002ca934eb56feb67bfe609239825993e93e4cb7fd5c920cb3d19f,,
1.0,G02-260201-142639-269,G02-260201-142639-269.bmp,G02,2026-02-01T14:26:39,2026-02-01,G02_2026-02-01,269,train,normal,,1025,1281,1,c6d062a52f45e0f96d7527720eb360938404c8b38520c843c5044218758ec726,,
1.0,G02-260201-142702-270,G02-260201-142702-270.bmp,G02,2026-02-01T14:27:02,2026-02-01,G02_2026-02-01,270,train,normal,,1025,1281,1,89df52de237ba8a5d40a4a277c6ddf523f71de89234da2ff4040aee5b8cfceb5,,
1.0,G02-260201-142709-271,G02-260201-142709-271.bmp,G02,2026-02-01T14:27:09,2026-02-01,G02_2026-02-01,271,train,normal,,1025,1281,1,4051f33a8c528e987518afbd825f0ec6686eb6b406c5721343d3d0e8e73c62c5,,
1.0,G02-260201-142734-272,G02-260201-142734-272.bmp,G02,2026-02-01T14:27:34,2026-02-01,G02_2026-02-01,272,train,normal,,1025,1281,1,ac93d1c813995c11c27a6ba9861d58374694a7f32f1eb56d685dc84a3159ba80,,
1.0,G02-260201-142740-273,G02-260201-142740-273.bmp,G02,2026-02-01T14:27:40,2026-02-01,G02_2026-02-01,273,train,normal,,1025,1281,1,0d7f812b6961ca04c4db1f81b5df20ba55e25d4066a31c11e6eba990ac05a392,,
1.0,G02-260201-142803-274,G02-260201-142803-274.bmp,G02,2026-02-01T14:28:03,2026-02-01,G02_2026-02-01,274,train,normal,,1025,1281,1,981708657cd903fc624e51311a6e3a0b0ede187179ecc540ab3b667f5dc06bd9,,
1.0,G02-260201-142809-275,G02-260201-142809-275.bmp,G02,2026-02-01T14:28:09,2026-02-01,G02_2026-02-01,275,train,normal,,1025,1281,1,ab3f5b0787d597eff3a3b19a181577980044257bca90f3426c8be8dbcfa100c9,,
1.0,G02-260201-142834-276,G02-260201-142834-276.bmp,G02,2026-02-01T14:28:34,2026-02-01,G02_2026-02-01,276,train,normal,,1025,1281,1,1014277bf4491d316849cc24edd89f8f94d68ca6d60a622385e37d7bee70ea35,,
1.0,G02-260201-142840-277,G02-260201-142840-277.bmp,G02,2026-02-01T14:28:40,2026-02-01,G02_2026-02-01,277,train,normal,,1025,1281,1,230a7f00dcb000092fc93b56c115039db4b08f71e16fe1932d95f96e18180af4,,
1.0,G02-260201-142905-278,G02-260201-142905-278.bmp,G02,2026-02-01T14:29:05,2026-02-01,G02_2026-02-01,278,train,normal,,1025,1281,1,1c36f336348a44f2c6ea6569416f03e20c2f76c2816d99b059e2ee74856310c1,,
1.0,G02-260201-142911-279,G02-260201-142911-279.bmp,G02,2026-02-01T14:29:11,2026-02-01,G02_2026-02-01,279,train,normal,,1025,1281,1,7722566dfacf5c7e0bb7ae3c0d8366994c1d957827c7605294a8f82d99737964,,
1.0,G02-260201-142935-280,G02-260201-142935-280.bmp,G02,2026-02-01T14:29:35,2026-02-01,G02_2026-02-01,280,train,normal,,1025,1281,1,44dbde6221fcaf0223a7ec1121e6e45fc5c56a4f1b9374fb1a3767bff8a11a78,,
1.0,G02-260201-142941-281,G02-260201-142941-281.bmp,G02,2026-02-01T14:29:41,2026-02-01,G02_2026-02-01,281,train,normal,,1025,1281,1,ae72dec14aef100b828eaf61aaa67f4378df03e530cffb99643c049e14767514,,
1.0,G02-260201-143005-282,G02-260201-143005-282.bmp,G02,2026-02-01T14:30:05,2026-02-01,G02_2026-02-01,282,train,normal,,1025,1281,1,6a2e2a8d795e7f6eb6fe68196c5a6ef7793500a5258eb94c4d272b2c95297614,,
1.0,G02-260201-143011-283,G02-260201-143011-283.bmp,G02,2026-02-01T14:30:11,2026-02-01,G02_2026-02-01,283,train,normal,,1025,1281,1,06e7cc450dac411f1e6cd1d7a587bb6b73ecc34b4f387b49a60cc1a6e37d399d,,
1.0,G02-260201-143036-284,G02-260201-143036-284.bmp,G02,2026-02-01T14:30:36,2026-02-01,G02_2026-02-01,284,train,normal,,1025,1281,1,4b69bd267abdf72f69dd10cfb115853942c3041d782157b87807ce9f9b112b33,,
1.0,G02-260201-143042-285,G02-260201-143042-285.bmp,G02,2026-02-01T14:30:42,2026-02-01,G02_2026-02-01,285,train,normal,,1025,1281,1,08e9c4ceb3c0d341b3807278b3b2ae3b5e7a623f6521cfb9a6ebaff5a498166f,,
1.0,G02-260201-143107-286,G02-260201-143107-286.bmp,G02,2026-02-01T14:31:07,2026-02-01,G02_2026-02-01,286,train,normal,,1025,1281,1,ff45c3bc925fca6c27d6dbb98a290dd88aa0481532ca5c5135f0c36c443958c6,,
1.0,G02-260201-143113-287,G02-260201-143113-287.bmp,G02,2026-02-01T14:31:13,2026-02-01,G02_2026-02-01,287,train,normal,,1025,1281,1,7ad6c33819a88fd443b6a3998d1a6e5cb4f30b7cb097dc5cb641d7f3d837662d,,
1.0,G02-260201-143136-288,G02-260201-143136-288.bmp,G02,2026-02-01T14:31:36,2026-02-01,G02_2026-02-01,288,train,normal,,1025,1281,1,e36ec908176affb40be44e3c1f03413d9f6ed17c9d85ae4681eb9f68a06bfcb4,,
1.0,G02-260201-143142-289,G02-260201-143142-289.bmp,G02,2026-02-01T14:31:42,2026-02-01,G02_2026-02-01,289,train,normal,,1025,1281,1,35336dacdea5f635d5a2ae93def82de42788e871b08188ffc4b11ca8fb953c7e,,
1.0,G02-260201-143206-290,G02-260201-143206-290.bmp,G02,2026-02-01T14:32:06,2026-02-01,G02_2026-02-01,290,train,normal,,1025,1281,1,ef08b5f3ee92214d9fd8036568bb41e2823ad8b0e0f97803b5fc9e9077551629,,
1.0,G02-260201-143212-291,G02-260201-143212-291.bmp,G02,2026-02-01T14:32:12,2026-02-01,G02_2026-02-01,291,train,normal,,1025,1281,1,0a98909cfcd7c2be3890b43f06aa544cb15150799f929606402fd3d2ab69efaf,,
1.0,G02-260201-143236-292,G02-260201-143236-292.bmp,G02,2026-02-01T14:32:36,2026-02-01,G02_2026-02-01,292,train,normal,,1025,1281,1,5e7d44ffaefa38b0ccde1c7dd95b1e3ff0f527b382216a5396ba151556c23a73,,
1.0,G02-260201-143242-293,G02-260201-143242-293.bmp,G02,2026-02-01T14:32:42,2026-02-01,G02_2026-02-01,293,train,normal,,1025,1281,1,9046847e009518b52e75ecc17910034a4cb71dabcf3e09440e5895d7c3b69527,,
1.0,G02-260201-143312-294,G02-260201-143312-294.bmp,G02,2026-02-01T14:33:12,2026-02-01,G02_2026-02-01,294,train,normal,,1025,1281,1,54b32300cc8da7650cb9f5dd95480cd4b346be20ead880385803ae292ab32771,,
1.0,G02-260201-143318-295,G02-260201-143318-295.bmp,G02,2026-02-01T14:33:18,2026-02-01,G02_2026-02-01,295,train,normal,,1025,1281,1,a88a047e25a1766d2780bcd855cef6313c63c23fd5dcce553096944c860732dc,,
1.0,G02-260201-143338-296,G02-260201-143338-296.bmp,G02,2026-02-01T14:33:38,2026-02-01,G02_2026-02-01,296,train,normal,,1025,1281,1,53d6204879333ec2eaab6f65df20d7e8972cc32ca54d79e8f1a89ef1b97cb726,,
1.0,G02-260201-143344-297,G02-260201-143344-297.bmp,G02,2026-02-01T14:33:44,2026-02-01,G02_2026-02-01,297,train,normal,,1025,1281,1,7ddbce670e980f4390da2bfadf8f7270fb8f024978b8383fc4b02b8f7b5b4a2a,,
1.0,G02-260201-143407-298,G02-260201-143407-298.bmp,G02,2026-02-01T14:34:07,2026-02-01,G02_2026-02-01,298,train,normal,,1025,1281,1,4386de61d7b08530e8b6b94d48197fe1316b35571fabb995dc2fc1c768b3ab7e,,
1.0,G02-260201-143413-299,G02-260201-143413-299.bmp,G02,2026-02-01T14:34:13,2026-02-01,G02_2026-02-01,299,train,normal,,1025,1281,1,9b30da2dde9092eb3898268ac9aa4f6acb5c65410db99bea21e6043baf487556,,
1.0,G02-260201-143435-300,G02-260201-143435-300.bmp,G02,2026-02-01T14:34:35,2026-02-01,G02_2026-02-01,300,train,normal,,1025,1281,1,f02295f409788658f9e4781992b9c21225550e0cd1c4b4ad1918692336078404,,
1.0,G02-260201-143443-301,G02-260201-143443-301.bmp,G02,2026-02-01T14:34:43,2026-02-01,G02_2026-02-01,301,train,normal,,1025,1281,1,097da07631680b37923934ef9082fc01a7a2d497de0451a5a4cba88a9d3b96a6,,
1.0,G02-260201-143508-302,G02-260201-143508-302.bmp,G02,2026-02-01T14:35:08,2026-02-01,G02_2026-02-01,302,train,normal,,1025,1281,1,28d508dc4eba43ec82a02033e76bf552438e1b9f81b1336a03c7abb983332cf6,,
1.0,G02-260201-143514-303,G02-260201-143514-303.bmp,G02,2026-02-01T14:35:14,2026-02-01,G02_2026-02-01,303,train,normal,,1025,1281,1,b3fa7e4ec3cfcdc3669ded46a64ac4eefb5641ef8332a1d39f93745910264a0c,,
1.0,G02-260201-143538-304,G02-260201-143538-304.bmp,G02,2026-02-01T14:35:38,2026-02-01,G02_2026-02-01,304,train,normal,,1025,1281,1,a2674d2ca3c812665e67a4998a7ddc9d169de2815e3f32e8f17265cc5c9a49ba,,
1.0,G02-260201-143544-305,G02-260201-143544-305.bmp,G02,2026-02-01T14:35:44,2026-02-01,G02_2026-02-01,305,train,normal,,1025,1281,1,e3a0ee1eb0b07d27a5a36a1110237f4e5c4c1fc8c7d38b2581b9c5b78a4d5dc3,,
1.0,G02-260201-143607-306,G02-260201-143607-306.bmp,G02,2026-02-01T14:36:07,2026-02-01,G02_2026-02-01,306,train,normal,,1025,1281,1,e9f992cee865c6e1f086eca75fe251c9f33898c035857d60cdaaa8c9dfc34e09,,
1.0,G02-260201-143614-307,G02-260201-143614-307.bmp,G02,2026-02-01T14:36:14,2026-02-01,G02_2026-02-01,307,train,normal,,1025,1281,1,f57f182f2201d911a34f5098635f554d5c86a837b7955beb30330ea1c57715e1,,
1.0,G02-260201-143637-308,G02-260201-143637-308.bmp,G02,2026-02-01T14:36:37,2026-02-01,G02_2026-02-01,308,train,normal,,1025,1281,1,ebf19262a72a217d37c9926252209ec8548dcb1f1b9d055ea2be1e969955af7b,,
1.0,G02-260201-143643-309,G02-260201-143643-309.bmp,G02,2026-02-01T14:36:43,2026-02-01,G02_2026-02-01,309,train,normal,,1025,1281,1,b48c02570d9b744b5480273e6d0c89acf6adf7c5451238fe13a1cab4771d8740,,
1.0,G02-260201-143706-310,G02-260201-143706-310.bmp,G02,2026-02-01T14:37:06,2026-02-01,G02_2026-02-01,310,train,normal,,1025,1281,1,3901bea098b5a3d7934979200103f6789366a1d5f1bd655b5ebac4924a7027db,,
1.0,G02-260201-143713-311,G02-260201-143713-311.bmp,G02,2026-02-01T14:37:13,2026-02-01,G02_2026-02-01,311,train,normal,,1025,1281,1,225487079938e5ff57cc4c526cf3453f3d95a8a15bdc3c2fb562f601a69d7b1c,,
1.0,G02-260201-143738-312,G02-260201-143738-312.bmp,G02,2026-02-01T14:37:38,2026-02-01,G02_2026-02-01,312,train,normal,,1025,1281,1,5ade21fc1a190972ab54317f474f43ad16db4f92d2771b046335a6404928d2ba,,
1.0,G02-260201-143744-313,G02-260201-143744-313.bmp,G02,2026-02-01T14:37:44,2026-02-01,G02_2026-02-01,313,train,normal,,1025,1281,1,5e35733d645af38ceb354b1d4830eca46a352386b40f951949b252bb4ea8d6e0,,
1.0,G02-260201-143808-314,G02-260201-143808-314.bmp,G02,2026-02-01T14:38:08,2026-02-01,G02_2026-02-01,314,train,normal,,1025,1281,1,99538337c3420ef6dad15ef4a708a36549be49709c61a8acbc341031638dafe2,,
1.0,G02-260201-143814-315,G02-260201-143814-315.bmp,G02,2026-02-01T14:38:14,2026-02-01,G02_2026-02-01,315,train,normal,,1025,1281,1,5877452a70a38ce4a8ab9488e385626b72ac678a7ad9b4f54e754385b58a3d97,,
1.0,G02-260201-143831-316,G02-260201-143831-316.bmp,G02,2026-02-01T14:38:31,2026-02-01,G02_2026-02-01,316,train,normal,,1025,1281,1,18945a8d348450fa75b7a4d9d433e120973a25bb42afd998ba4b024260c5f84d,,
1.0,G02-260201-143852-317,G02-260201-143852-317.bmp,G02,2026-02-01T14:38:52,2026-02-01,G02_2026-02-01,317,train,normal,,1025,1281,1,f624a33991dde268ade75e058919d4aca940851c1a32f32893af6e8a0c011235,,
1.0,G02-260201-143910-318,G02-260201-143910-318.bmp,G02,2026-02-01T14:39:10,2026-02-01,G02_2026-02-01,318,train,normal,,1025,1281,1,5be11d480a0319819d0e5100e7a173fe89221a4145cb08a0ac312cc419aaabe3,,
1.0,G02-260201-143916-319,G02-260201-143916-319.bmp,G02,2026-02-01T14:39:16,2026-02-01,G02_2026-02-01,319,train,normal,,1025,1281,1,2f7b264dbc92d44cb3f327949888137ad012d3f45bc3a43929fe9a9ad41dc14c,,
1.0,G02-260201-143938-320,G02-260201-143938-320.bmp,G02,2026-02-01T14:39:38,2026-02-01,G02_2026-02-01,320,train,normal,,1025,1281,1,9217ed1e96696228e295b09294dd1c5e5957e9a75f222a2499c0d8bb0c5605cc,,
1.0,G02-260201-143944-321,G02-260201-143944-321.bmp,G02,2026-02-01T14:39:44,2026-02-01,G02_2026-02-01,321,train,normal,,1025,1281,1,2e8ef6391877c6f2614e021e54d22cb490eaca4263f5e0eeca0e9ab4f689cd5d,,
1.0,G02-260201-144007-322,G02-260201-144007-322.bmp,G02,2026-02-01T14:40:07,2026-02-01,G02_2026-02-01,322,train,normal,,1025,1281,1,9e125cb2e182e315958ba4b1a953f7350cd529f3bdb72e9c6512077f64c88a14,,
1.0,G02-260201-144013-323,G02-260201-144013-323.bmp,G02,2026-02-01T14:40:13,2026-02-01,G02_2026-02-01,323,train,normal,,1025,1281,1,c84adef93bf31380dd6a5c12080ed65af618b6800822872ce480d341af41e55a,,
1.0,G02-260201-144036-324,G02-260201-144036-324.bmp,G02,2026-02-01T14:40:36,2026-02-01,G02_2026-02-01,324,train,normal,,1025,1281,1,de8b8641944172951f0eb87e7cfc24458401b3966c944bc35ccc174f0add6a54,,
1.0,G02-260201-144043-325,G02-260201-144043-325.bmp,G02,2026-02-01T14:40:43,2026-02-01,G02_2026-02-01,325,train,normal,,1025,1281,1,fac285d1cb1ebc52710ada3b8fd3b5fa23aa7f2fed1ce3b85c0928fce23274f2,,
1.0,G02-260201-144108-326,G02-260201-144108-326.bmp,G02,2026-02-01T14:41:08,2026-02-01,G02_2026-02-01,326,train,normal,,1025,1281,1,d1b9e449dbcedc2f83f4d2f71258daec7352c278368a5f89073095a89c368e12,,
1.0,G02-260201-144115-327,G02-260201-144115-327.bmp,G02,2026-02-01T14:41:15,2026-02-01,G02_2026-02-01,327,train,normal,,1025,1281,1,0fd03b7822021473a6a4724266429e367c67abdee4efaddbba69552da4c7e1ac,,
1.0,G02-260201-144135-328,G02-260201-144135-328.bmp,G02,2026-02-01T14:41:35,2026-02-01,G02_2026-02-01,328,train,normal,,1025,1281,1,7eb797943122d8fd3b58f591542b67b0c09315b0860172fe7e1ee5c89f247c18,,
1.0,G02-260201-144146-329,G02-260201-144146-329.bmp,G02,2026-02-01T14:41:46,2026-02-01,G02_2026-02-01,329,train,normal,,1025,1281,1,25a749bd3c7e60f83dfeb7cc0018eba01d1c1168dc258eab290d4fa19abb33de,,
1.0,G02-260201-144210-330,G02-260201-144210-330.bmp,G02,2026-02-01T14:42:10,2026-02-01,G02_2026-02-01,330,train,normal,,1025,1281,1,7bf8cba48be26b5d4b51133bc5f279a054709c4e6161cee32513579c136cb306,,
1.0,G02-260201-144217-331,G02-260201-144217-331.bmp,G02,2026-02-01T14:42:17,2026-02-01,G02_2026-02-01,331,train,normal,,1025,1281,1,ce74fc1eb9cd7ca8c027945f5981fa568db8cb81f5dfe05d6004a1510f72cf2d,,
1.0,G02-260201-144239-332,G02-260201-144239-332.bmp,G02,2026-02-01T14:42:39,2026-02-01,G02_2026-02-01,332,train,normal,,1025,1281,1,341349e3d83c639ca0bdd12de725fca887a5eae342dcbc7ccac05282736f9db2,,
1.0,G02-260201-144245-333,G02-260201-144245-333.bmp,G02,2026-02-01T14:42:45,2026-02-01,G02_2026-02-01,333,train,normal,,1025,1281,1,b2ae6c252dfc04997ef81205bff3c614ba48dbee045ff814bf493b5ae027fca0,,
1.0,G02-260201-144312-334,G02-260201-144312-334.bmp,G02,2026-02-01T14:43:12,2026-02-01,G02_2026-02-01,334,train,normal,,1025,1281,1,861d4db54e78b9b13e84807e6c7565242856b612a6a73d492d5e4c087c5038fa,,
1.0,G02-260201-144318-335,G02-260201-144318-335.bmp,G02,2026-02-01T14:43:18,2026-02-01,G02_2026-02-01,335,train,normal,,1025,1281,1,6ff074f935c3041a4fa6321b4a8117c7da056c34325e06ea34f7a438851d53dc,,
1.0,G02-260201-144343-336,G02-260201-144343-336.bmp,G02,2026-02-01T14:43:43,2026-02-01,G02_2026-02-01,336,train,normal,,1025,1281,1,05dda6668863b5f3c44417521032ec8fbb3ba88102b5c0caca357881875d402e,,
1.0,G02-260201-144349-337,G02-260201-144349-337.bmp,G02,2026-02-01T14:43:49,2026-02-01,G02_2026-02-01,337,train,normal,,1025,1281,1,3c82c5656b6e1a5fbe510351781c8ac9034f960852cd2d1c3394618e7db7f079,,
1.0,G02-260201-144410-338,G02-260201-144410-338.bmp,G02,2026-02-01T14:44:10,2026-02-01,G02_2026-02-01,338,train,normal,,1025,1281,1,829a0748e76c11478b01820c118a21457e795d8ee6b469c5135485f091ec192d,,
1.0,G02-260201-144417-339,G02-260201-144417-339.bmp,G02,2026-02-01T14:44:17,2026-02-01,G02_2026-02-01,339,train,normal,,1025,1281,1,7cb7da39bb1903b8ecdb5ba42db1678d6e4a33651630a266dc5e09b789eb19d7,,
1.0,G02-260201-144443-340,G02-260201-144443-340.bmp,G02,2026-02-01T14:44:43,2026-02-01,G02_2026-02-01,340,train,normal,,1025,1281,1,f18f351882b22040f468a2a26e109bae0b62ace3eb395e0b5aa32a8174831a8a,,
1.0,G02-260201-144449-341,G02-260201-144449-341.bmp,G02,2026-02-01T14:44:49,2026-02-01,G02_2026-02-01,341,train,normal,,1025,1281,1,d285002a239534f8a30677f57c130dda9fe3f1880537830f6b590e3f43da3f4b,,
1.0,G02-260201-144510-342,G02-260201-144510-342.bmp,G02,2026-02-01T14:45:10,2026-02-01,G02_2026-02-01,342,train,normal,,1025,1281,1,51c1fde8c993face26eaffd0831373305b1a33b397e6b4c4f260547b604e6e46,,
1.0,G02-260201-144517-343,G02-260201-144517-343.bmp,G02,2026-02-01T14:45:17,2026-02-01,G02_2026-02-01,343,train,normal,,1025,1281,1,2b39593d7701b56cadd063b9a31a721e544d77b5a929758338314d4ebe833305,,
1.0,G02-260201-144540-344,G02-260201-144540-344.bmp,G02,2026-02-01T14:45:40,2026-02-01,G02_2026-02-01,344,train,normal,,1025,1281,1,4194aa5d7026f0005502d926e3c91c152dbfcf9cecde60294a548d74c95fa036,,
1.0,G02-260201-144546-345,G02-260201-144546-345.bmp,G02,2026-02-01T14:45:46,2026-02-01,G02_2026-02-01,345,train,normal,,1025,1281,1,04045e331a0fa8e954e3150df11c9d154bc2ee164f9349aad3bf8ff054fb8880,,
1.0,G02-260201-144608-346,G02-260201-144608-346.bmp,G02,2026-02-01T14:46:08,2026-02-01,G02_2026-02-01,346,train,normal,,1025,1281,1,b9046e3536401e69367379afe81b45c17237eb0219398c05149f4147346fdd45,,
1.0,G02-260201-144614-347,G02-260201-144614-347.bmp,G02,2026-02-01T14:46:14,2026-02-01,G02_2026-02-01,347,train,normal,,1025,1281,1,3f60af7125890948ba43678d8e0d92070b49ff68c085458b8d03ac26b2bb6b26,,
1.0,G02-260201-144640-348,G02-260201-144640-348.bmp,G02,2026-02-01T14:46:40,2026-02-01,G02_2026-02-01,348,train,normal,,1025,1281,1,41fec4034884886feb3b4c1ab2b3db2d459af012be4fd4eb3f2ae93cc7b091f2,,
1.0,G02-260201-144647-349,G02-260201-144647-349.bmp,G02,2026-02-01T14:46:47,2026-02-01,G02_2026-02-01,349,train,normal,,1025,1281,1,02c21ad1fab4ffbbf06b983a4bdd148e2ef7509f1ebcbaa375e3a8a816d6a44f,,
1.0,G02-260201-144709-350,G02-260201-144709-350.bmp,G02,2026-02-01T14:47:09,2026-02-01,G02_2026-02-01,350,train,normal,,1025,1281,1,1522732de686910fe101b33c1d4c0bed923d910ffa9008c809c1622edf10fb96,,
1.0,G02-260201-144715-351,G02-260201-144715-351.bmp,G02,2026-02-01T14:47:15,2026-02-01,G02_2026-02-01,351,train,normal,,1025,1281,1,4bbc2745846f6f046963959f1051adc6211fe5f5241cca780538a717d0ce9bb8,,
1.0,G02-260201-144741-352,G02-260201-144741-352.bmp,G02,2026-02-01T14:47:41,2026-02-01,G02_2026-02-01,352,train,normal,,1025,1281,1,c4b0a8056ff2322edb185ef25502f447e96dc519d7d6167cd994871c7951344f,,
1.0,G02-260201-144747-353,G02-260201-144747-353.bmp,G02,2026-02-01T14:47:47,2026-02-01,G02_2026-02-01,353,train,normal,,1025,1281,1,ffc0eb846efc81e17da0e9c209362e363fd92a65b5c7cf8521cf175f8d658f70,,
1.0,G02-260201-144810-354,G02-260201-144810-354.bmp,G02,2026-02-01T14:48:10,2026-02-01,G02_2026-02-01,354,train,normal,,1025,1281,1,1ea99090e02ff9eb12902d70ebd4540d0c1097d694fc45f7ec283ab858f1cbe4,,
1.0,G02-260201-144816-355,G02-260201-144816-355.bmp,G02,2026-02-01T14:48:16,2026-02-01,G02_2026-02-01,355,train,normal,,1025,1281,1,0371259452eb35326638bf386896841e0f8c252c4cdeb24c26333a01a51626aa,,
1.0,G02-260201-144841-356,G02-260201-144841-356.bmp,G02,2026-02-01T14:48:41,2026-02-01,G02_2026-02-01,356,train,normal,,1025,1281,1,3341f51491b91f9563010b8ae87d22f546c67c19c3e56b3e36768d7a3bc8b3e1,,
1.0,G02-260201-144847-357,G02-260201-144847-357.bmp,G02,2026-02-01T14:48:47,2026-02-01,G02_2026-02-01,357,train,normal,,1025,1281,1,1c685b8a282dbace273a4e755b0d14377044b56bf7014fe64a5a30876aac9450,,
1.0,G02-260201-144909-358,G02-260201-144909-358.bmp,G02,2026-02-01T14:49:09,2026-02-01,G02_2026-02-01,358,train,normal,,1025,1281,1,25fefa3c728d042e087cc5d8bb7126dfdae5b54bf6b16c8114f0ca3991412120,,
1.0,G02-260201-144916-359,G02-260201-144916-359.bmp,G02,2026-02-01T14:49:16,2026-02-01,G02_2026-02-01,359,train,normal,,1025,1281,1,04895caf98c9233e58c5af78baf0a19fb7cbf1a52c0fe3f9aef56cb4e9362559,,
1.0,G02-260201-144940-360,G02-260201-144940-360.bmp,G02,2026-02-01T14:49:40,2026-02-01,G02_2026-02-01,360,train,normal,,1025,1281,1,e63b6ea40facf91a5192cfc0a06bb502446d9cad722e316951f0a84526d23cc9,,
1.0,G02-260201-144946-361,G02-260201-144946-361.bmp,G02,2026-02-01T14:49:46,2026-02-01,G02_2026-02-01,361,train,normal,,1025,1281,1,4de50c21956216c6eb9d982667501c2cf90dd255e063f28a18699e1509c1fdf5,,
1.0,G02-260201-145011-362,G02-260201-145011-362.bmp,G02,2026-02-01T14:50:11,2026-02-01,G02_2026-02-01,362,train,normal,,1025,1281,1,cdea89ec1c432d75f807c3193c0f37fec0b765069b8ea940f78122d4d50ab996,,
1.0,G02-260201-145017-363,G02-260201-145017-363.bmp,G02,2026-02-01T14:50:17,2026-02-01,G02_2026-02-01,363,train,normal,,1025,1281,1,ae693c569fc35daa3b46fba78eac24ed7261e9fee0d3f36c849060223fcfec9e,,
1.0,G02-260201-145039-364,G02-260201-145039-364.bmp,G02,2026-02-01T14:50:39,2026-02-01,G02_2026-02-01,364,train,normal,,1025,1281,1,7b80f1b221d20f106993a506bff65db9b0199515ee20bfe9aa502924277ebdc0,,
1.0,G02-260201-145045-365,G02-260201-145045-365.bmp,G02,2026-02-01T14:50:45,2026-02-01,G02_2026-02-01,365,train,normal,,1025,1281,1,73531ab35716c752606e125415984bd7f59a61f710c67f1fd6050f8a265369f2,,
1.0,G02-260201-145111-366,G02-260201-145111-366.bmp,G02,2026-02-01T14:51:11,2026-02-01,G02_2026-02-01,366,train,normal,,1025,1281,1,6c9feeba73471e7fedb29bb09349f79f406e2043118a99ad72335e1eb2a71d1d,,
1.0,G02-260201-145118-367,G02-260201-145118-367.bmp,G02,2026-02-01T14:51:18,2026-02-01,G02_2026-02-01,367,train,normal,,1025,1281,1,b4ff699508e31c923b560ca24bd90323973ec1f2ec1a2de26c425aaffd96ca06,,
1.0,G02-260201-145140-368,G02-260201-145140-368.bmp,G02,2026-02-01T14:51:40,2026-02-01,G02_2026-02-01,368,train,normal,,1025,1281,1,0f0e73c016c4ff253e94354dba72a684046401ee97ca10dcc7c22693b667b95f,,
1.0,G02-260201-145147-369,G02-260201-145147-369.bmp,G02,2026-02-01T14:51:47,2026-02-01,G02_2026-02-01,369,train,normal,,1025,1281,1,fcd614c43ce9c77e75ef4d5f37276a7e2f1985e208de960cdaef391b979f7b8e,,
1.0,G02-260201-145212-370,G02-260201-145212-370.bmp,G02,2026-02-01T14:52:12,2026-02-01,G02_2026-02-01,370,train,normal,,1025,1281,1,f623fd5ee1da162f8551734f312c2c0bde80f32dcfb06fdb4f98b2c1faacdc19,,
1.0,G02-260201-145218-371,G02-260201-145218-371.bmp,G02,2026-02-01T14:52:18,2026-02-01,G02_2026-02-01,371,train,normal,,1025,1281,1,84ed58bea6583fdf61355b82e3c61abb6fcfc8b9108519fc59022c2da2d79891,,
1.0,G02-260201-145303-372,G02-260201-145303-372.bmp,G02,2026-02-01T14:53:03,2026-02-01,G02_2026-02-01,372,train,normal,,1025,1281,1,8c3ac248eef1b876d35e8598c837d20f30b0b27336e87ad41e0cd282e0844474,,
1.0,G02-260201-145339-373,G02-260201-145339-373.bmp,G02,2026-02-01T14:53:39,2026-02-01,G02_2026-02-01,373,train,normal,,1025,1281,1,c7cb4b52f8157db883033c807b08ae9a3aea2bc5fbec4ddc4c5cf97085cd5533,,
1.0,G02-260201-145357-374,G02-260201-145357-374.bmp,G02,2026-02-01T14:53:57,2026-02-01,G02_2026-02-01,374,train,normal,,1025,1281,1,4491c31b9eceb0817fdc13b2ed3861e2a271525f3411fa3174cfa6bca76612eb,,
1.0,G02-260201-145403-375,G02-260201-145403-375.bmp,G02,2026-02-01T14:54:03,2026-02-01,G02_2026-02-01,375,train,normal,,1025,1281,1,2e8e732b2fd3884c649fac3ec7a418a46d4f1d4f481fa3fd6ccf974076d98174,,
1.0,G02-260201-145417-376,G02-260201-145417-376.bmp,G02,2026-02-01T14:54:17,2026-02-01,G02_2026-02-01,376,train,normal,,1025,1281,1,2786a6fe42021493659715e0a5a9e180e5eac12fccca321fe3e1846d1786575d,,
1.0,G02-260201-145423-377,G02-260201-145423-377.bmp,G02,2026-02-01T14:54:23,2026-02-01,G02_2026-02-01,377,train,normal,,1025,1281,1,27c57814a727654b49267b44457493d3a6e6bd96381d984d2b440f77b9e4acee,,
1.0,G02-260201-145430-378,G02-260201-145430-378.bmp,G02,2026-02-01T14:54:30,2026-02-01,G02_2026-02-01,378,train,normal,,1025,1281,1,f89510270e88290125a49baf14aa089e4dfc548625cb5d893e3f48ffeebd9e30,,
1.0,G02-260201-145439-379,G02-260201-145439-379.bmp,G02,2026-02-01T14:54:39,2026-02-01,G02_2026-02-01,379,train,normal,,1025,1281,1,cb5391fee7b1e28c149ddc27beb3e01c1856875fd5afb794dd07e58fccd32060,,
1.0,G02-260201-145446-380,G02-260201-145446-380.bmp,G02,2026-02-01T14:54:46,2026-02-01,G02_2026-02-01,380,train,normal,,1025,1281,1,e4408bc761e3a40faea67f9e1e42a46479718825d6b5404257f9826376e5bfa3,,
1.0,G02-260201-145452-381,G02-260201-145452-381.bmp,G02,2026-02-01T14:54:52,2026-02-01,G02_2026-02-01,381,train,normal,,1025,1281,1,01d411dee345f1412ae72c3d951d1b7f31e787e8a93b071cc4a9161f4584c9a6,,
1.0,G02-260201-145511-382,G02-260201-145511-382.bmp,G02,2026-02-01T14:55:11,2026-02-01,G02_2026-02-01,382,train,normal,,1025,1281,1,a3f824a7184c67d45c807e932c2dd44426bb640e835dc3010febb5c84a876633,,
1.0,G02-260201-145517-383,G02-260201-145517-383.bmp,G02,2026-02-01T14:55:17,2026-02-01,G02_2026-02-01,383,train,normal,,1025,1281,1,4a4371dd2b7ce0d74d3aa1f8994dee76fd813673021cb49956327e4d4ff9f263,,
1.0,G02-260201-145541-384,G02-260201-145541-384.bmp,G02,2026-02-01T14:55:41,2026-02-01,G02_2026-02-01,384,train,normal,,1025,1281,1,99043f50b14b0764e550e71cf1b968a04e65cc90a1108050d63777c21770ff6c,,
1.0,G02-260201-145616-386,G02-260201-145616-386.bmp,G02,2026-02-01T14:56:16,2026-02-01,G02_2026-02-01,386,train,normal,,1025,1281,1,2625b1796e6047647f5d4888de190331264a08667211bb03b6361fd29cce776a,,
1.0,G02-260201-145623-387,G02-260201-145623-387.bmp,G02,2026-02-01T14:56:23,2026-02-01,G02_2026-02-01,387,train,normal,,1025,1281,1,9033580ebd497ae5e3d1d35dbf528a978028d932dbb3a3495f11b7872f1b6680,,
1.0,G02-260201-145648-388,G02-260201-145648-388.bmp,G02,2026-02-01T14:56:48,2026-02-01,G02_2026-02-01,388,train,normal,,1025,1281,1,b6de27fb9c668dc1a543e87e099d22253acbe592bdc2244981c3c170f67360b2,,
1.0,G02-260201-145654-389,G02-260201-145654-389.bmp,G02,2026-02-01T14:56:54,2026-02-01,G02_2026-02-01,389,train,normal,,1025,1281,1,01dd77ef24d7665350e122ff135cfc279fd3e19326602831dcbf992da9023f78,,
1.0,G02-260201-145714-390,G02-260201-145714-390.bmp,G02,2026-02-01T14:57:14,2026-02-01,G02_2026-02-01,390,train,normal,,1025,1281,1,d0fbf6f9f659556b89b7227bd5a4a2b201e139a481321a7bbb81cc39d54bb234,,
1.0,G02-260201-145721-391,G02-260201-145721-391.bmp,G02,2026-02-01T14:57:21,2026-02-01,G02_2026-02-01,391,train,normal,,1025,1281,1,fa90bf2030148424ec5c19f8fbcbf81467abafa35a3a4197e753e2fdf2f56a6e,,
1.0,G02-260201-145742-392,G02-260201-145742-392.bmp,G02,2026-02-01T14:57:42,2026-02-01,G02_2026-02-01,392,train,normal,,1025,1281,1,cbde78ca00e6ab71f06a265116f92b608cad8295be90a74eb15cda4c603d2cea,,
1.0,G02-260201-145749-393,G02-260201-145749-393.bmp,G02,2026-02-01T14:57:49,2026-02-01,G02_2026-02-01,393,train,normal,,1025,1281,1,d060eccdfefef27e246594c81f2d269b478eb1e51d3ef663d8c227954c4decdb,,
1.0,G02-260201-145812-394,G02-260201-145812-394.bmp,G02,2026-02-01T14:58:12,2026-02-01,G02_2026-02-01,394,train,normal,,1025,1281,1,4509f54793cbc4c48e296009a51fbfdf6209baf9bc5580b8f8bfd0df6786412e,,
1.0,G02-260201-145818-395,G02-260201-145818-395.bmp,G02,2026-02-01T14:58:18,2026-02-01,G02_2026-02-01,395,train,normal,,1025,1281,1,f9c4c042cf4f54b2db183ebdb63191ca35c110a7671c319c583fe2c36cd66ffe,,
1.0,G02-260201-145842-396,G02-260201-145842-396.bmp,G02,2026-02-01T14:58:42,2026-02-01,G02_2026-02-01,396,train,normal,,1025,1281,1,e9b290486404bbbca4546e16c6f07c232cb4da614029c4979b43309b1d1cbfdc,,
1.0,G02-260201-145848-397,G02-260201-145848-397.bmp,G02,2026-02-01T14:58:48,2026-02-01,G02_2026-02-01,397,train,normal,,1025,1281,1,2a8303ac925d23166ade3eaffcd9969b25b0191095da74953effc04583e5123d,,
1.0,G02-260201-145913-398,G02-260201-145913-398.bmp,G02,2026-02-01T14:59:13,2026-02-01,G02_2026-02-01,398,train,normal,,1025,1281,1,c6550ce858f3e00bcdb60d3b5cfb3d1d04efb0d3303f9c724765095f94d6f4e4,,
1.0,G02-260201-145919-399,G02-260201-145919-399.bmp,G02,2026-02-01T14:59:19,2026-02-01,G02_2026-02-01,399,train,normal,,1025,1281,1,05dc2dfb7b0821a0e32b28a557c4b843b2b227a13d6c171669e67333aeac7094,,
1.0,G02-260201-145944-400,G02-260201-145944-400.bmp,G02,2026-02-01T14:59:44,2026-02-01,G02_2026-02-01,400,train,normal,,1025,1281,1,24eac6b88dad8b6271f6b837b08f36a445f39966ebe912b2990c43dec125a52b,,
1.0,G02-260201-145950-401,G02-260201-145950-401.bmp,G02,2026-02-01T14:59:50,2026-02-01,G02_2026-02-01,401,train,normal,,1025,1281,1,163b103a12aeb4584049dfa872085c07b0350ad0075e2422e2bb556c2c485e57,,
1.0,G02-260201-150014-402,G02-260201-150014-402.bmp,G02,2026-02-01T15:00:14,2026-02-01,G02_2026-02-01,402,train,normal,,1025,1281,1,379614020a15023ba8695960928e63b222d6e306d29d5d448b87e7a97f98d7c3,,
1.0,G02-260201-150020-403,G02-260201-150020-403.bmp,G02,2026-02-01T15:00:20,2026-02-01,G02_2026-02-01,403,train,normal,,1025,1281,1,8bc40956d384f3938e97e79977aa3907402bedb4a008d61f0ad5b3d5bd299b64,,
1.0,G02-260201-150044-404,G02-260201-150044-404.bmp,G02,2026-02-01T15:00:44,2026-02-01,G02_2026-02-01,404,train,normal,,1025,1281,1,aba2439797f7f658a15d99ee1c5584f126382e1a0e2714bc710ef22351d9e668,,
1.0,G02-260201-150050-405,G02-260201-150050-405.bmp,G02,2026-02-01T15:00:50,2026-02-01,G02_2026-02-01,405,train,normal,,1025,1281,1,79d3737035c893a92d12470828135752eaf376c8fdb8491cffb8134ac62badf4,,
1.0,G02-260201-150113-406,G02-260201-150113-406.bmp,G02,2026-02-01T15:01:13,2026-02-01,G02_2026-02-01,406,train,normal,,1025,1281,1,eef170f00a09dfa4862ce7d7c579fbfdd25ff0f90daf3460ba5e9b15626b3224,,
1.0,G02-260201-150120-407,G02-260201-150120-407.bmp,G02,2026-02-01T15:01:20,2026-02-01,G02_2026-02-01,407,train,normal,,1025,1281,1,1fdcf573b8ea4e60cd1435c9df2452068573c99e8877f7c6848e4574291a7ee2,,
1.0,G02-260201-150142-408,G02-260201-150142-408.bmp,G02,2026-02-01T15:01:42,2026-02-01,G02_2026-02-01,408,train,normal,,1025,1281,1,523de43985a7a748e8c0708f5938e9d7fa2da6e5e6123dc54849fbd1c33ef57f,,
1.0,G02-260201-150148-409,G02-260201-150148-409.bmp,G02,2026-02-01T15:01:48,2026-02-01,G02_2026-02-01,409,train,normal,,1025,1281,1,addf6880ac8fe0446db9b495251ed0eb8da58a5743b3bc6305e4d5a4bae17dc6,,
1.0,G02-260201-150214-410,G02-260201-150214-410.bmp,G02,2026-02-01T15:02:14,2026-02-01,G02_2026-02-01,410,train,normal,,1025,1281,1,b4e0d31acd179e54ca893c0327d6230e80bc1c5afb8aa8d97b22dca8dde4d892,,
1.0,G02-260201-150221-411,G02-260201-150221-411.bmp,G02,2026-02-01T15:02:21,2026-02-01,G02_2026-02-01,411,train,normal,,1025,1281,1,ed9ae973c1abfc7cd0a380a4505c8fade9465817d7c2b6865ad744818c6998c6,,
1.0,G02-260201-150243-412,G02-260201-150243-412.bmp,G02,2026-02-01T15:02:43,2026-02-01,G02_2026-02-01,412,train,normal,,1025,1281,1,35300dba7ff6c33b6930ce75858929f8983c4882c6f35cab76b7e4a53b11a2f4,,
1.0,G02-260201-150249-413,G02-260201-150249-413.bmp,G02,2026-02-01T15:02:49,2026-02-01,G02_2026-02-01,413,train,normal,,1025,1281,1,a866f94db04863428645085e7385f0addd2b2c01994df2e5c7251912a6d90eae,,
1.0,G02-260201-150315-414,G02-260201-150315-414.bmp,G02,2026-02-01T15:03:15,2026-02-01,G02_2026-02-01,414,train,normal,,1025,1281,1,635bd83277dcd43d85fecbc128ec840d61f6c178ec604332c2d7126872f533fd,,
1.0,G02-260201-150321-415,G02-260201-150321-415.bmp,G02,2026-02-01T15:03:21,2026-02-01,G02_2026-02-01,415,train,normal,,1025,1281,1,2f6431673ac553a57d422405d0f708193255ed73d3767085b77d934bf5011305,,
1.0,G02-260201-150344-416,G02-260201-150344-416.bmp,G02,2026-02-01T15:03:44,2026-02-01,G02_2026-02-01,416,train,normal,,1025,1281,1,ec676b0bb3176591959a2af4f7d549e81eaf67b04a5ded1e78fc85dee2cd952e,,
1.0,G02-260201-150351-417,G02-260201-150351-417.bmp,G02,2026-02-01T15:03:51,2026-02-01,G02_2026-02-01,417,train,normal,,1025,1281,1,4e3fc6afd6adb03ef2c57a0fde6a189391006ba025be06885845a9d766b94c7c,,
1.0,G02-260201-150414-418,G02-260201-150414-418.bmp,G02,2026-02-01T15:04:14,2026-02-01,G02_2026-02-01,418,train,normal,,1025,1281,1,1a6f3c90330e23ce8455f3e9ef2e1f886b1544d3ebb885a73ade2119743e12e3,,
1.0,G02-260201-150420-419,G02-260201-150420-419.bmp,G02,2026-02-01T15:04:20,2026-02-01,G02_2026-02-01,419,train,normal,,1025,1281,1,a25bcff1a62433bc6b7b3e5f0c491577c2bea2d94bb885936f3beecca8dbeb84,,
1.0,G02-260201-150443-420,G02-260201-150443-420.bmp,G02,2026-02-01T15:04:43,2026-02-01,G02_2026-02-01,420,train,normal,,1025,1281,1,3669ce1a5a749c14e4341f0724343173dcc97ee30a753a552e531304dc68b19f,,
1.0,G02-260201-150451-421,G02-260201-150451-421.bmp,G02,2026-02-01T15:04:51,2026-02-01,G02_2026-02-01,421,train,normal,,1025,1281,1,1922a2adc5b6415f23bc49a002c1aa9da54f36160104d579c9d140d772e9e87b,,
1.0,G02-260201-150517-422,G02-260201-150517-422.bmp,G02,2026-02-01T15:05:17,2026-02-01,G02_2026-02-01,422,train,normal,,1025,1281,1,209f07a94e6247cf32b6d1e951e4f2548ddac49f838240f3b1905492ffd63a79,,
1.0,G02-260201-150523-423,G02-260201-150523-423.bmp,G02,2026-02-01T15:05:23,2026-02-01,G02_2026-02-01,423,train,normal,,1025,1281,1,3c9bc62ad90816e9c416b8557e185c3779959f2e878d5b0eed8aff0b90e21af2,,
1.0,G02-260201-150547-424,G02-260201-150547-424.bmp,G02,2026-02-01T15:05:47,2026-02-01,G02_2026-02-01,424,train,normal,,1025,1281,1,ed7a20cbe1251fd2dc7ee20de7497d040125c90dc4de401e42119ca3274cd592,,
1.0,G02-260201-150553-425,G02-260201-150553-425.bmp,G02,2026-02-01T15:05:53,2026-02-01,G02_2026-02-01,425,train,normal,,1025,1281,1,a618a20a341c2c34acc084cf98301b8436ad503beb64829f3934f5cc7b9a8ce9,,
1.0,G02-260201-150615-426,G02-260201-150615-426.bmp,G02,2026-02-01T15:06:15,2026-02-01,G02_2026-02-01,426,train,normal,,1025,1281,1,733c8119d084759c2d65b8e54521e754566ac759c23ef05ae302ba6efd55260b,,
1.0,G02-260201-150622-427,G02-260201-150622-427.bmp,G02,2026-02-01T15:06:22,2026-02-01,G02_2026-02-01,427,train,normal,,1025,1281,1,051751d5f2ab62d74f76e7abb7cd4a617be01ba255c1255892a700966ae941a1,,
1.0,G02-260201-150645-428,G02-260201-150645-428.bmp,G02,2026-02-01T15:06:45,2026-02-01,G02_2026-02-01,428,train,normal,,1025,1281,1,ef96ffaffc9b4019f37ee137fcbbf44b7aa644e84eb4e0fc8ea8504d266ebb09,,
1.0,G02-260201-150652-429,G02-260201-150652-429.bmp,G02,2026-02-01T15:06:52,2026-02-01,G02_2026-02-01,429,train,normal,,1025,1281,1,a0e2707d3baa6e1de384f31850a3443b3cfc81e9b18c291495c07718f24c36bc,,
1.0,G02-260201-150713-430,G02-260201-150713-430.bmp,G02,2026-02-01T15:07:13,2026-02-01,G02_2026-02-01,430,train,normal,,1025,1281,1,92c3bde4162bb1e530c325531dcdc5e19198455ec93edfad4131a0499a7414fb,,
1.0,G02-260201-150720-431,G02-260201-150720-431.bmp,G02,2026-02-01T15:07:20,2026-02-01,G02_2026-02-01,431,train,normal,,1025,1281,1,28dbce0eb4503e89f6ea580efc065d339ad4a00948a7074c6b89234324440ef6,,
1.0,G02-260201-150746-432,G02-260201-150746-432.bmp,G02,2026-02-01T15:07:46,2026-02-01,G02_2026-02-01,432,train,normal,,1025,1281,1,b6586a682ab1f237852bb353ed4c1c3bd3ae960a7716849644d21c38bf3dea96,,
1.0,G02-260201-150752-433,G02-260201-150752-433.bmp,G02,2026-02-01T15:07:52,2026-02-01,G02_2026-02-01,433,train,normal,,1025,1281,1,2b097e280bda545602bef0623510fbbea26b6f9d5e97cd0254af5fc750ccaae4,,
1.0,G02-260201-150816-434,G02-260201-150816-434.bmp,G02,2026-02-01T15:08:16,2026-02-01,G02_2026-02-01,434,train,normal,,1025,1281,1,dee97e6e16069e3c6809fc80d9c6048382dbd2d7bb22144abc2bd5da45b338f4,,
1.0,G02-260201-150822-435,G02-260201-150822-435.bmp,G02,2026-02-01T15:08:22,2026-02-01,G02_2026-02-01,435,train,normal,,1025,1281,1,3e949eb8d40bedbc3f2e93d338ca9b8a94d4e58d8acf3be0310255bfa4ec39c3,,
1.0,G02-260201-150846-436,G02-260201-150846-436.bmp,G02,2026-02-01T15:08:46,2026-02-01,G02_2026-02-01,436,train,normal,,1025,1281,1,386c1654b1e649f65cc41c8eb929cc7db1e15e236f0f24857e7e6c68ccdf515e,,
1.0,G02-260201-150852-437,G02-260201-150852-437.bmp,G02,2026-02-01T15:08:52,2026-02-01,G02_2026-02-01,437,train,normal,,1025,1281,1,59947eeb318507b263f5d740ea87278ed16613691a32f92b7b667172c7bbb024,,
1.0,G02-260201-150921-438,G02-260201-150921-438.bmp,G02,2026-02-01T15:09:21,2026-02-01,G02_2026-02-01,438,train,normal,,1025,1281,1,003243c3b89bfe4bdd5a2378c4948f73b8b8b2b5c442d0318fdb00a6d8eb3f26,,
1.0,G02-260201-150927-439,G02-260201-150927-439.bmp,G02,2026-02-01T15:09:27,2026-02-01,G02_2026-02-01,439,train,normal,,1025,1281,1,d6a5324ac77f0442ff0800c0cd2d542c0b8030d4fb147bc4fe25c6b2107e23f4,,
1.0,G02-260201-150946-440,G02-260201-150946-440.bmp,G02,2026-02-01T15:09:46,2026-02-01,G02_2026-02-01,440,train,normal,,1025,1281,1,0eace5c9e5f0355d525e3e18f59ea007e1d2143c0d62f717ecb1c217f0662ee1,,
1.0,G02-260201-150953-441,G02-260201-150953-441.bmp,G02,2026-02-01T15:09:53,2026-02-01,G02_2026-02-01,441,train,normal,,1025,1281,1,736e545a88a0ac99a1a40f66fa14ffee99c96144c3cbde012258302530a983dd,,
1.0,G02-260201-151016-442,G02-260201-151016-442.bmp,G02,2026-02-01T15:10:16,2026-02-01,G02_2026-02-01,442,train,normal,,1025,1281,1,d2dad9c0d8e32e531ac988f901b2809ac1eedebf38fb09462aa22c0fc0a80f6e,,
1.0,G02-260201-151023-443,G02-260201-151023-443.bmp,G02,2026-02-01T15:10:23,2026-02-01,G02_2026-02-01,443,train,normal,,1025,1281,1,5abc6b2102f8fb183b4db15183b6a3d3d5c19c0c58e34f65cbb0809202cf4075,,
1.0,G02-260201-151045-444,G02-260201-151045-444.bmp,G02,2026-02-01T15:10:45,2026-02-01,G02_2026-02-01,444,train,normal,,1025,1281,1,7490397d85a143313c7278ed6118cbe6f4846f473027efb4e9b2be08546dc428,,
1.0,G02-260201-151051-445,G02-260201-151051-445.bmp,G02,2026-02-01T15:10:51,2026-02-01,G02_2026-02-01,445,train,normal,,1025,1281,1,89d09038c562b82803eea6e22441f3940a588b09646829daca97ac796682257c,,
1.0,G02-260201-151116-446,G02-260201-151116-446.bmp,G02,2026-02-01T15:11:16,2026-02-01,G02_2026-02-01,446,train,normal,,1025,1281,1,b0d85ce5feed0ff68a1048f337fb829adab80e0b7839165eb4daf92cfd013d1d,,
1.0,G02-260201-151122-447,G02-260201-151122-447.bmp,G02,2026-02-01T15:11:22,2026-02-01,G02_2026-02-01,447,train,normal,,1025,1281,1,432f92802d3a3bd35a8602a139fa8757e03d68d5663250122c34fea4c5bd57f7,,
1.0,G02-260201-151145-448,G02-260201-151145-448.bmp,G02,2026-02-01T15:11:45,2026-02-01,G02_2026-02-01,448,train,normal,,1025,1281,1,3469507aece18c40b9425a220030bc54e68d869dbbb8d4c59fd5c667a8cda82b,,
1.0,G02-260201-151152-449,G02-260201-151152-449.bmp,G02,2026-02-01T15:11:52,2026-02-01,G02_2026-02-01,449,train,normal,,1025,1281,1,172748f859d781455124a6f004c4d1771a044a3fc92e8ece9ad37d63afd2b6e4,,
1.0,G02-260201-151215-450,G02-260201-151215-450.bmp,G02,2026-02-01T15:12:15,2026-02-01,G02_2026-02-01,450,train,normal,,1025,1281,1,abcad43d59eeb9d0b7970e11aad66fd8fcf5e6c122df0e5ecc74fb278babc15a,,
1.0,G02-260201-151222-451,G02-260201-151222-451.bmp,G02,2026-02-01T15:12:22,2026-02-01,G02_2026-02-01,451,train,normal,,1025,1281,1,0e4a121a79bd08c44b8ee64b95ba4222d84cb5c50a82ec88540c4fee9b87dc64,,
1.0,G02-260201-151245-452,G02-260201-151245-452.bmp,G02,2026-02-01T15:12:45,2026-02-01,G02_2026-02-01,452,train,normal,,1025,1281,1,8313c25af24989bdba1bfa740e381e35f3ec69fb3499c21527f6b24bd51a5e9a,,
1.0,G02-260201-151252-453,G02-260201-151252-453.bmp,G02,2026-02-01T15:12:52,2026-02-01,G02_2026-02-01,453,train,normal,,1025,1281,1,c739d7e9d2c97351604afcd6e65ba013a41545ffc415a5a6a0034a9fed5bad60,,
1.0,G02-260201-151315-454,G02-260201-151315-454.bmp,G02,2026-02-01T15:13:15,2026-02-01,G02_2026-02-01,454,train,normal,,1025,1281,1,94a21dbc6eaec46ca8376660f50bb37550f7b579d5afc03795825e047b4b3e95,,
1.0,G02-260201-151322-455,G02-260201-151322-455.bmp,G02,2026-02-01T15:13:22,2026-02-01,G02_2026-02-01,455,train,normal,,1025,1281,1,f463fd1a1e3e74e6337a14d1ccae7d89cddbcac0da59c693a0440bf0469c2bf3,,
1.0,G02-260201-151347-456,G02-260201-151347-456.bmp,G02,2026-02-01T15:13:47,2026-02-01,G02_2026-02-01,456,train,normal,,1025,1281,1,beb545b738a14441b00bdc78304e0af8d0e0e0b5a57debcd079ab0378eb92c15,,
1.0,G02-260201-151353-457,G02-260201-151353-457.bmp,G02,2026-02-01T15:13:53,2026-02-01,G02_2026-02-01,457,train,normal,,1025,1281,1,5ac13449a29326ff4be1d48d3c4c0196d51b4172794637fb0dd3111e2926e7d5,,
1.0,G02-260201-151415-458,G02-260201-151415-458.bmp,G02,2026-02-01T15:14:15,2026-02-01,G02_2026-02-01,458,train,normal,,1025,1281,1,fbb00bb4be7f408764c6b6b7fd7ea52429133b471e5c42ea4ef3a69c55c0f6f6,,
1.0,G02-260201-151421-459,G02-260201-151421-459.bmp,G02,2026-02-01T15:14:21,2026-02-01,G02_2026-02-01,459,train,normal,,1025,1281,1,f7d8f4a8bff25bbe9b94637feceeefb7fce03717414a22d7daf09b70c8be84de,,
1.0,G02-260201-151447-460,G02-260201-151447-460.bmp,G02,2026-02-01T15:14:47,2026-02-01,G02_2026-02-01,460,train,normal,,1025,1281,1,7120cece912050dfe3bcfd45031d65aa8507a2b142ee166cd4e5513311877828,,
1.0,G02-260201-151453-461,G02-260201-151453-461.bmp,G02,2026-02-01T15:14:53,2026-02-01,G02_2026-02-01,461,train,normal,,1025,1281,1,9ab433de4b6e685a6d3c82320df9633dcfa8d92ec4cde7f8c3f2fb636cd0172c,,
1.0,G02-260201-151518-462,G02-260201-151518-462.bmp,G02,2026-02-01T15:15:18,2026-02-01,G02_2026-02-01,462,train,normal,,1025,1281,1,6f5fd5f9e044c903d5e8d1116ae0421abd6f7443866b9bdc29d3ff3a2070dca0,,
1.0,G02-260201-151524-463,G02-260201-151524-463.bmp,G02,2026-02-01T15:15:24,2026-02-01,G02_2026-02-01,463,train,normal,,1025,1281,1,657aefd3cdf404f94c7a27f10e0de6c7a3ee1077b251353bcd0f55ae5daf8e43,,
1.0,G02-260201-151546-464,G02-260201-151546-464.bmp,G02,2026-02-01T15:15:46,2026-02-01,G02_2026-02-01,464,train,normal,,1025,1281,1,b4846d2cd82363dc9dfc6788ee586fb7c118975bf0b10a2a007e23c3158283e4,,
1.0,G02-260201-151553-465,G02-260201-151553-465.bmp,G02,2026-02-01T15:15:53,2026-02-01,G02_2026-02-01,465,train,normal,,1025,1281,1,5b2615eb81c037dc86fec53cc8ef41a315bcf76d5c5ea20a50da3be8da7b5d74,,
1.0,G02-260201-151618-466,G02-260201-151618-466.bmp,G02,2026-02-01T15:16:18,2026-02-01,G02_2026-02-01,466,train,normal,,1025,1281,1,ca2f11e916202a9102b3b11fb8c93ee4499b6b942cff39e1e96c72abecf41402,,
1.0,G02-260201-151624-467,G02-260201-151624-467.bmp,G02,2026-02-01T15:16:24,2026-02-01,G02_2026-02-01,467,train,normal,,1025,1281,1,f253eebc3535a5db56ad18cbd30eff834c706c34b5be12797a56ecfa25c69f1b,,
1.0,G02-260201-151647-468,G02-260201-151647-468.bmp,G02,2026-02-01T15:16:47,2026-02-01,G02_2026-02-01,468,train,normal,,1025,1281,1,a33d1bbd8f45d9df4ff56db9f56e0db9fa2faeb1fde6126926f158c7898d0735,,
1.0,G02-260201-151653-469,G02-260201-151653-469.bmp,G02,2026-02-01T15:16:53,2026-02-01,G02_2026-02-01,469,train,normal,,1025,1281,1,8dbabbc0f5d932296d196447ce0d4af13c30df3fb9da13332f34ad989d5e072a,,
1.0,G02-260201-151717-470,G02-260201-151717-470.bmp,G02,2026-02-01T15:17:17,2026-02-01,G02_2026-02-01,470,train,normal,,1025,1281,1,baff59e78fd70c6ac18aacc15609dd42a68ab4a82107f9cd3707b8aad37b001a,,
1.0,G02-260201-151723-471,G02-260201-151723-471.bmp,G02,2026-02-01T15:17:23,2026-02-01,G02_2026-02-01,471,train,normal,,1025,1281,1,77670e67319fdde87a182baf4cb74fd102fabea6bde4fa0b8661f8160aa91ce8,,
1.0,G02-260201-151748-472,G02-260201-151748-472.bmp,G02,2026-02-01T15:17:48,2026-02-01,G02_2026-02-01,472,train,normal,,1025,1281,1,0d4f65e878356f2a1525f4677b0b94f94b83ae8114bfb988563cc46bf14a414e,,
1.0,G02-260201-151755-473,G02-260201-151755-473.bmp,G02,2026-02-01T15:17:55,2026-02-01,G02_2026-02-01,473,train,normal,,1025,1281,1,dd8a8bdcc75ee0fce99a3dd05e1881243c4d73dd9ca3e0ab7eab8e1fd16ce00e,,
1.0,G02-260201-151818-474,G02-260201-151818-474.bmp,G02,2026-02-01T15:18:18,2026-02-01,G02_2026-02-01,474,train,normal,,1025,1281,1,39a091ac64ab099b6a08cf8f8e8c1e856776028b4f31c7d8f3385a0ac8a4aecd,,
1.0,G02-260201-151824-475,G02-260201-151824-475.bmp,G02,2026-02-01T15:18:24,2026-02-01,G02_2026-02-01,475,train,normal,,1025,1281,1,31de7ecd950c9b11ad4eeb708e5f0dd2a71887c5f54eb0ccf181737eb90e8093,,
1.0,G02-260201-151848-476,G02-260201-151848-476.bmp,G02,2026-02-01T15:18:48,2026-02-01,G02_2026-02-01,476,train,normal,,1025,1281,1,c426b2a99c372c83e2993106f7d89f1ffbd990f27b468c85953829238078ced8,,
1.0,G02-260201-151854-477,G02-260201-151854-477.bmp,G02,2026-02-01T15:18:54,2026-02-01,G02_2026-02-01,477,train,normal,,1025,1281,1,1c05fdaf742e5e9412d8eef44330dcccb9307bf90b4f796c81007c9b9289853a,,
1.0,G02-260201-151912-478,G02-260201-151912-478.bmp,G02,2026-02-01T15:19:12,2026-02-01,G02_2026-02-01,478,train,normal,,1025,1281,1,df2016634371720210f5bbe88c52ff1da5e74a8c90adfbe7f5fdcc99d2fbc30f,,
1.0,G02-260201-151950-479,G02-260201-151950-479.bmp,G02,2026-02-01T15:19:50,2026-02-01,G02_2026-02-01,479,train,normal,,1025,1281,1,83abda7c2321298a0dcb36ff78a212c76cde76aaad999b48d7a84cc3d2457e74,,
1.0,G02-260201-151957-480,G02-260201-151957-480.bmp,G02,2026-02-01T15:19:57,2026-02-01,G02_2026-02-01,480,train,normal,,1025,1281,1,d88924a148ab50e936d2481cedf6331221ebe60d369f74dc9685871db0abef32,,
1.0,G02-260201-152004-481,G02-260201-152004-481.bmp,G02,2026-02-01T15:20:04,2026-02-01,G02_2026-02-01,481,train,normal,,1025,1281,1,5704ac2c65d5643022d427edde1d9b8f6b456b499f17b3005c8441a1da026149,,
1.0,G02-260201-152021-482,G02-260201-152021-482.bmp,G02,2026-02-01T15:20:21,2026-02-01,G02_2026-02-01,482,train,normal,,1025,1281,1,8203e1f365ad1343f9c0f0daac742c8b935c493c68c65a6e57373ba25395092a,,
1.0,G02-260201-152027-483,G02-260201-152027-483.bmp,G02,2026-02-01T15:20:27,2026-02-01,G02_2026-02-01,483,train,normal,,1025,1281,1,500b9d58073b02922f55207c6e681c71da446df61aaab1ddea4a39e858e34db3,,
1.0,G02-260201-152048-484,G02-260201-152048-484.bmp,G02,2026-02-01T15:20:48,2026-02-01,G02_2026-02-01,484,train,normal,,1025,1281,1,5dd2b264a4c9e753f83a1fce4c3afb99685b413111fd45f7c80f7382a13cd25f,,
1.0,G02-260201-152054-485,G02-260201-152054-485.bmp,G02,2026-02-01T15:20:54,2026-02-01,G02_2026-02-01,485,train,normal,,1025,1281,1,0519d1d1e7e7962ea25a8c33c3f9a9d83b33e04814dc48444979b3ae05875667,,
1.0,G02-260201-152118-486,G02-260201-152118-486.bmp,G02,2026-02-01T15:21:18,2026-02-01,G02_2026-02-01,486,train,normal,,1025,1281,1,749f389e74a08a2841959bb38849f4a74969422596a52dddb13f8ec955a31e12,,
1.0,G02-260201-152124-487,G02-260201-152124-487.bmp,G02,2026-02-01T15:21:24,2026-02-01,G02_2026-02-01,487,train,normal,,1025,1281,1,cd438cede4359abf01a72bac6171a1bd26f940f2fd29ccf0f464f30060e51299,,
1.0,G02-260201-152149-488,G02-260201-152149-488.bmp,G02,2026-02-01T15:21:49,2026-02-01,G02_2026-02-01,488,train,normal,,1025,1281,1,2d788a47fd631f60dcf9936ab820b13a099047694aa85f9647257071b23fcfed,,
1.0,G02-260201-152155-489,G02-260201-152155-489.bmp,G02,2026-02-01T15:21:55,2026-02-01,G02_2026-02-01,489,train,normal,,1025,1281,1,fe18d3f9fef208a5fd947d4d2f0c46c5b38ecf60795d2a1fe595c00db13f8889,,
1.0,G02-260201-152221-490,G02-260201-152221-490.bmp,G02,2026-02-01T15:22:21,2026-02-01,G02_2026-02-01,490,train,normal,,1025,1281,1,026a2da60db8c59308382ec98bed5a267411bda0c3cfc69eed4943bbc2f75885,,
1.0,G02-260201-152227-491,G02-260201-152227-491.bmp,G02,2026-02-01T15:22:27,2026-02-01,G02_2026-02-01,491,train,normal,,1025,1281,1,bead40f0406b431b8277589f1eb8abfc5129136136a7e2c7f20fa088100a0d32,,
1.0,G02-260201-152249-492,G02-260201-152249-492.bmp,G02,2026-02-01T15:22:49,2026-02-01,G02_2026-02-01,492,train,normal,,1025,1281,1,cbcff926c4f3db1429215bccad06cf4d55b3ea1e02628980d7ffb2467105b0f6,,
1.0,G02-260201-152256-493,G02-260201-152256-493.bmp,G02,2026-02-01T15:22:56,2026-02-01,G02_2026-02-01,493,train,normal,,1025,1281,1,3624e179e5103279e7d05fa1e4a07fe831455516ae7e3539c254efa32711644b,,
1.0,G02-260201-152320-494,G02-260201-152320-494.bmp,G02,2026-02-01T15:23:20,2026-02-01,G02_2026-02-01,494,train,normal,,1025,1281,1,7277d590b9c4d0d8d6e9ebe64c3365c400874a31288b2ee4205396bb3d0f6134,,
1.0,G02-260201-152326-495,G02-260201-152326-495.bmp,G02,2026-02-01T15:23:26,2026-02-01,G02_2026-02-01,495,train,normal,,1025,1281,1,dd239d1c13b273ef1cf6b9412e8dd10ea18769568452aae0f2dc1c905e4ea782,,
1.0,G02-260201-152350-496,G02-260201-152350-496.bmp,G02,2026-02-01T15:23:50,2026-02-01,G02_2026-02-01,496,train,normal,,1025,1281,1,90062cf7023fa1affc33522ee57687112ad5f9865dc919fd1748c90d9123acc6,,
1.0,G02-260201-152356-497,G02-260201-152356-497.bmp,G02,2026-02-01T15:23:56,2026-02-01,G02_2026-02-01,497,train,normal,,1025,1281,1,b04133130c893d66acd1edfd6fb0a9c1111a2715a391b3715479f6a0c2d6175b,,
1.0,G02-260201-152419-498,G02-260201-152419-498.bmp,G02,2026-02-01T15:24:19,2026-02-01,G02_2026-02-01,498,train,normal,,1025,1281,1,a23e4b2c43ef933796acf7b99beddd667e80ad6e09ce0fd04d459dce2b18af60,,
1.0,G02-260201-152425-499,G02-260201-152425-499.bmp,G02,2026-02-01T15:24:25,2026-02-01,G02_2026-02-01,499,train,normal,,1025,1281,1,e90b0320fd502f728f5d0a48aaf40126ebdab79f9be5504b519febc5b1ad8f03,,
1.0,G02-260201-152450-500,G02-260201-152450-500.bmp,G02,2026-02-01T15:24:50,2026-02-01,G02_2026-02-01,500,train,normal,,1025,1281,1,b74668431106c58eace676ee0e5f89a350ccfdde16efbb854cef381aa274ee1e,,
1.0,G02-260201-152456-501,G02-260201-152456-501.bmp,G02,2026-02-01T15:24:56,2026-02-01,G02_2026-02-01,501,train,normal,,1025,1281,1,c8afa0abbc9cf1e292e42a2d2b916dd549d4188bd319f2c7669ecf2556d0b9b0,,
1.0,G02-260201-152520-502,G02-260201-152520-502.bmp,G02,2026-02-01T15:25:20,2026-02-01,G02_2026-02-01,502,train,normal,,1025,1281,1,c59303009577a9c25857388ef20a42b499b11f0fe2428487b0f85e699f242434,,
1.0,G02-260201-152526-503,G02-260201-152526-503.bmp,G02,2026-02-01T15:25:26,2026-02-01,G02_2026-02-01,503,train,normal,,1025,1281,1,37ce0219484a8cd161f4d453980126dd8811736a08415104cb8ee2e58682feb0,,
1.0,G02-260201-152546-504,G02-260201-152546-504.bmp,G02,2026-02-01T15:25:46,2026-02-01,G02_2026-02-01,504,train,normal,,1025,1281,1,2dc64c985b83a83873b29b3c659ae08ea248b95533b03801a212d2bbe6edd40f,,
1.0,G02-260201-152606-505,G02-260201-152606-505.bmp,G02,2026-02-01T15:26:06,2026-02-01,G02_2026-02-01,505,train,normal,,1025,1281,1,46139e51f9e62e6cee2461853ca147851ce50868f3d4c82624658263663292a7,,
1.0,G02-260201-152622-506,G02-260201-152622-506.bmp,G02,2026-02-01T15:26:22,2026-02-01,G02_2026-02-01,506,train,normal,,1025,1281,1,fe48dacf4a49effd667650cba2cbabc5be81f729970847c6003a044237c05819,,
1.0,G02-260201-152628-507,G02-260201-152628-507.bmp,G02,2026-02-01T15:26:28,2026-02-01,G02_2026-02-01,507,train,normal,,1025,1281,1,33f0f26f6eb94c26d836b0de9af279d1a92975ffe93cd1523fd20865cbfd5723,,
1.0,G02-260201-152651-508,G02-260201-152651-508.bmp,G02,2026-02-01T15:26:51,2026-02-01,G02_2026-02-01,508,train,normal,,1025,1281,1,058ea29e32b79832c6292e4da428e2e7f8c2125ecc8b39bdb20ec070c6ce213d,,
1.0,G02-260201-152657-509,G02-260201-152657-509.bmp,G02,2026-02-01T15:26:57,2026-02-01,G02_2026-02-01,509,train,normal,,1025,1281,1,f19c5a926d54d97c083ecb5316dee9d46d0a12633602fabf500654738b3def27,,
1.0,G02-260201-152718-510,G02-260201-152718-510.bmp,G02,2026-02-01T15:27:18,2026-02-01,G02_2026-02-01,510,train,normal,,1025,1281,1,9476476679821e44982223ea156d03c43d571146c6a37dd0125129628a320e5f,,
1.0,G02-260201-152724-511,G02-260201-152724-511.bmp,G02,2026-02-01T15:27:24,2026-02-01,G02_2026-02-01,511,train,normal,,1025,1281,1,49d2afa1be545668e590c885fdb58fe36fc7f2663400700a7c3347f8359a1f09,,
1.0,G02-260201-152749-512,G02-260201-152749-512.bmp,G02,2026-02-01T15:27:49,2026-02-01,G02_2026-02-01,512,train,normal,,1025,1281,1,b1f9ba74623798c0dff0e0ab7fad3f348b67dee6c0f3a38a7e50a1d6474c25fb,,
1.0,G02-260201-152756-513,G02-260201-152756-513.bmp,G02,2026-02-01T15:27:56,2026-02-01,G02_2026-02-01,513,train,normal,,1025,1281,1,1585c339c5a44276e4bc3282aa6b0fab3444aa769b75e2b6329b55e91fdf99ef,,
1.0,G02-260201-152821-514,G02-260201-152821-514.bmp,G02,2026-02-01T15:28:21,2026-02-01,G02_2026-02-01,514,train,normal,,1025,1281,1,9a69cba65abdc8c7cf82933c4c56d04b3c9534ef47ce54e9848bcd7326cddd6a,,
1.0,G02-260201-152828-515,G02-260201-152828-515.bmp,G02,2026-02-01T15:28:28,2026-02-01,G02_2026-02-01,515,train,normal,,1025,1281,1,78cdf087d40efdc6ac0c1c9c18f92ed02ba6528f1a5fcbe1b86b9fb7ce50e129,,
1.0,G02-260201-152851-516,G02-260201-152851-516.bmp,G02,2026-02-01T15:28:51,2026-02-01,G02_2026-02-01,516,train,normal,,1025,1281,1,f144122853c36839b36eb58b08139d955c2f123fef7cb150522cfeee96e25cfb,,
1.0,G02-260201-152858-517,G02-260201-152858-517.bmp,G02,2026-02-01T15:28:58,2026-02-01,G02_2026-02-01,517,train,normal,,1025,1281,1,fc8e4846496ff4c461cde70d5bbd20b98ff81088342bb3c630e3da09fbc36e33,,
1.0,G02-260201-152921-518,G02-260201-152921-518.bmp,G02,2026-02-01T15:29:21,2026-02-01,G02_2026-02-01,518,train,normal,,1025,1281,1,9b9f6446cc43a16e67c515025c31930e827afe2bf2157aec21577267690aab9d,,
1.0,G02-260201-152927-519,G02-260201-152927-519.bmp,G02,2026-02-01T15:29:27,2026-02-01,G02_2026-02-01,519,train,normal,,1025,1281,1,1af49004950765577e890456a1c03a3bec298f332d4bb8b90abd599d263dab6e,,
1.0,G02-260201-152952-520,G02-260201-152952-520.bmp,G02,2026-02-01T15:29:52,2026-02-01,G02_2026-02-01,520,train,normal,,1025,1281,1,cdea64c4fa03643c35976f817bc01a40c8af13da0aa2916fd0efb9fae89120cc,,
1.0,G02-260201-152959-521,G02-260201-152959-521.bmp,G02,2026-02-01T15:29:59,2026-02-01,G02_2026-02-01,521,train,normal,,1025,1281,1,0c303ac2d5e41612e43e01c70f4c5250ad36a65909cef52e343a98d8ac0336b5,,
1.0,G02-260201-153020-522,G02-260201-153020-522.bmp,G02,2026-02-01T15:30:20,2026-02-01,G02_2026-02-01,522,train,normal,,1025,1281,1,6958085f39edf48c7e1685c5cd952c3f640e404057bfb49bf97988032c554be2,,
1.0,G02-260201-153026-523,G02-260201-153026-523.bmp,G02,2026-02-01T15:30:26,2026-02-01,G02_2026-02-01,523,train,normal,,1025,1281,1,781704a012d00141c9beaecbdd60a42f65592cdc76983c625a3e12481551ca13,,
1.0,G02-260201-153051-524,G02-260201-153051-524.bmp,G02,2026-02-01T15:30:51,2026-02-01,G02_2026-02-01,524,train,normal,,1025,1281,1,723577e8bb92307fb9966efa0ba53086fb75b5ed228b1b40485f52e78579cb5e,,
1.0,G02-260201-153120-525,G02-260201-153120-525.bmp,G02,2026-02-01T15:31:20,2026-02-01,G02_2026-02-01,525,train,normal,,1025,1281,1,b1907c900774d169664eabb9aa54711df7934c652104172791c890c8753923bf,,
1.0,G02-260201-153126-526,G02-260201-153126-526.bmp,G02,2026-02-01T15:31:26,2026-02-01,G02_2026-02-01,526,train,normal,,1025,1281,1,7a83d9c10117a0e8d19c31790fe40b47ea4f3f216ce0bae1df52a821b1d8916c,,
1.0,G02-260201-153151-527,G02-260201-153151-527.bmp,G02,2026-02-01T15:31:51,2026-02-01,G02_2026-02-01,527,train,normal,,1025,1281,1,b0e3cae9f08751941ccb5543cee845b4300fc555c0f6e02f6c7ccf60380d4492,,
1.0,G02-260201-153157-528,G02-260201-153157-528.bmp,G02,2026-02-01T15:31:57,2026-02-01,G02_2026-02-01,528,train,normal,,1025,1281,1,a04a268acd034f28cf08841d334db64fdbff2495feb37c2022861d1acc9af7b8,,
1.0,G02-260201-153223-529,G02-260201-153223-529.bmp,G02,2026-02-01T15:32:23,2026-02-01,G02_2026-02-01,529,train,normal,,1025,1281,1,46159393fd8413e6d4fad80282ed1b59ec64e4faf8f8e0b26e7b5dfffd762589,,
1.0,G02-260201-153229-530,G02-260201-153229-530.bmp,G02,2026-02-01T15:32:29,2026-02-01,G02_2026-02-01,530,train,normal,,1025,1281,1,a716098c7f11e042855854883e6f926404525feae0e58a8186ef4661fecf0d25,,
1.0,G02-260201-153251-531,G02-260201-153251-531.bmp,G02,2026-02-01T15:32:51,2026-02-01,G02_2026-02-01,531,train,normal,,1025,1281,1,0d7bd2f40fb8325ab1d8f034324f383b44160fee4f198876356f86f6d49c1a5b,,
1.0,G02-260201-153258-532,G02-260201-153258-532.bmp,G02,2026-02-01T15:32:58,2026-02-01,G02_2026-02-01,532,train,normal,,1025,1281,1,189260bb093585606448485a5c20e5a6a1f5b1b45ff3b88007045f9ad96a8994,,
1.0,G02-260201-153323-533,G02-260201-153323-533.bmp,G02,2026-02-01T15:33:23,2026-02-01,G02_2026-02-01,533,train,normal,,1025,1281,1,9ba4d977d544460297df6e747aa356c4b9ed7e044f99b1cbe874303e82a1ee0c,,
1.0,G02-260201-153330-534,G02-260201-153330-534.bmp,G02,2026-02-01T15:33:30,2026-02-01,G02_2026-02-01,534,train,normal,,1025,1281,1,482b6a9e34ad9d1692d4e14e092c36958420120a143d8679bab5dbc3d94fe6bf,,
1.0,G02-260201-153353-535,G02-260201-153353-535.bmp,G02,2026-02-01T15:33:53,2026-02-01,G02_2026-02-01,535,train,normal,,1025,1281,1,139ce1653b056c0096c162280822bcc1ce97e796e0ad3cb4893ce3b7ed06cfa1,,
1.0,G02-260201-153359-536,G02-260201-153359-536.bmp,G02,2026-02-01T15:33:59,2026-02-01,G02_2026-02-01,536,train,normal,,1025,1281,1,62b2edb07a453bc3873b79e1cbf04512dd4b1f543375ef008043f2c808fd3144,,
1.0,G02-260201-153422-537,G02-260201-153422-537.bmp,G02,2026-02-01T15:34:22,2026-02-01,G02_2026-02-01,537,train,normal,,1025,1281,1,7b379b869aece3ae5285cfba42c0c8885d0de4d78eb2abc17c2bfaf97251bd8b,,
1.0,G02-260201-153428-538,G02-260201-153428-538.bmp,G02,2026-02-01T15:34:28,2026-02-01,G02_2026-02-01,538,train,normal,,1025,1281,1,30ec4d1085e748f621e59299544317537f94bdfa3d095c539c5ee5f04c60264a,,
1.0,G02-260201-153451-539,G02-260201-153451-539.bmp,G02,2026-02-01T15:34:51,2026-02-01,G02_2026-02-01,539,train,normal,,1025,1281,1,148791880049d0851614985844b9e2db91abd5c7416d6be29005779d50b5d570,,
1.0,G02-260201-153458-540,G02-260201-153458-540.bmp,G02,2026-02-01T15:34:58,2026-02-01,G02_2026-02-01,540,train,normal,,1025,1281,1,7c09faf7ee5ed09e60115bcb6e5391781dd996ba3164368b088dbf862703f527,,
1.0,G02-260201-153522-541,G02-260201-153522-541.bmp,G02,2026-02-01T15:35:22,2026-02-01,G02_2026-02-01,541,train,normal,,1025,1281,1,1671fa6287cd5ecc4f11bcbbdf407f146b1e8e4f21518d2c73db815958fc20b3,,
1.0,G02-260201-153529-542,G02-260201-153529-542.bmp,G02,2026-02-01T15:35:29,2026-02-01,G02_2026-02-01,542,train,normal,,1025,1281,1,8b7627b519bdfd7714f6cc2a60bd1c9b9df3ce350b161e0e363a08a071c6ee3a,,
1.0,G02-260201-153552-543,G02-260201-153552-543.bmp,G02,2026-02-01T15:35:52,2026-02-01,G02_2026-02-01,543,train,normal,,1025,1281,1,cc968c47fbc1d064e37a1ba64039556868d839fe7df41efb04ac048082d90cba,,
1.0,G02-260201-153558-544,G02-260201-153558-544.bmp,G02,2026-02-01T15:35:58,2026-02-01,G02_2026-02-01,544,train,normal,,1025,1281,1,6e5f9ef69551c57822fbca100bfafae531f32659b92c45c0703747d3aca0ce95,,
1.0,G02-260201-153622-545,G02-260201-153622-545.bmp,G02,2026-02-01T15:36:22,2026-02-01,G02_2026-02-01,545,train,normal,,1025,1281,1,11fa74d1a6af63de48e6ed448dd0e59d02e461b2345f62df717b20d4c2a884b5,,
1.0,G02-260201-153629-546,G02-260201-153629-546.bmp,G02,2026-02-01T15:36:29,2026-02-01,G02_2026-02-01,546,train,normal,,1025,1281,1,7c43218bbb1ab41d81421173d4f69fd571d9f14fe279064f2c4b5df662799816,,
1.0,G02-260201-153654-547,G02-260201-153654-547.bmp,G02,2026-02-01T15:36:54,2026-02-01,G02_2026-02-01,547,train,normal,,1025,1281,1,c5e3c41dc01cddea65e1bc5013c4f6db3b13fa6468d742e06e68a196efa66518,,
1.0,G02-260201-153701-548,G02-260201-153701-548.bmp,G02,2026-02-01T15:37:01,2026-02-01,G02_2026-02-01,548,train,normal,,1025,1281,1,8e6e2a93a1c6ce66eef28f4e94ce9145a16281d2a3a6dcfad00e8d3100fb3609,,
1.0,G02-260201-153723-549,G02-260201-153723-549.bmp,G02,2026-02-01T15:37:23,2026-02-01,G02_2026-02-01,549,train,normal,,1025,1281,1,b52544c3c11928dcd16faf7983d74307a668ce6af1294f90df0af51cc26baef8,,
1.0,G02-260201-153730-550,G02-260201-153730-550.bmp,G02,2026-02-01T15:37:30,2026-02-01,G02_2026-02-01,550,train,normal,,1025,1281,1,fc684e3ea9762e3f84434f4f5f491ae2a8f1c5721eafc9f2c0b5e93ca479594a,,
1.0,G02-260201-153754-551,G02-260201-153754-551.bmp,G02,2026-02-01T15:37:54,2026-02-01,G02_2026-02-01,551,train,normal,,1025,1281,1,933fff382acbb113eb6d2382dd3d269026ae568169c77fb90806d4bb21bd4e6c,,
1.0,G02-260201-153800-552,G02-260201-153800-552.bmp,G02,2026-02-01T15:38:00,2026-02-01,G02_2026-02-01,552,train,normal,,1025,1281,1,2f3e3a8311d1d640e83063d6bcc1f47d0b067678159e9cdb7ff0ffdb3e6c8eaa,,
1.0,G02-260201-153824-553,G02-260201-153824-553.bmp,G02,2026-02-01T15:38:24,2026-02-01,G02_2026-02-01,553,train,normal,,1025,1281,1,3d8f3601a844b1ed215b296fcaecc1fd149156e49f39998f6f395ac7e99c1b45,,
1.0,G02-260201-153830-554,G02-260201-153830-554.bmp,G02,2026-02-01T15:38:30,2026-02-01,G02_2026-02-01,554,train,normal,,1025,1281,1,0dd047059ead7fc18927328d49c2687cccff76e30fb931d332285cde7b497a41,,
1.0,G02-260201-153855-555,G02-260201-153855-555.bmp,G02,2026-02-01T15:38:55,2026-02-01,G02_2026-02-01,555,train,normal,,1025,1281,1,33bf9430f21396d8cdbaef4adc3489c25db188f2bd2d6d0df5677a7091d33d34,,
1.0,G02-260201-153901-556,G02-260201-153901-556.bmp,G02,2026-02-01T15:39:01,2026-02-01,G02_2026-02-01,556,train,normal,,1025,1281,1,c2b8e531587c147cf797b1fa0def347a156c6db46e9305ea2e010bcb1c0216fd,,
1.0,G02-260201-153924-557,G02-260201-153924-557.bmp,G02,2026-02-01T15:39:24,2026-02-01,G02_2026-02-01,557,train,normal,,1025,1281,1,14f13ee5233aeb5d2a291e58ffa406490deea2737ab9f20ad7309e87dc513510,,
1.0,G02-260201-153930-558,G02-260201-153930-558.bmp,G02,2026-02-01T15:39:30,2026-02-01,G02_2026-02-01,558,train,normal,,1025,1281,1,f0a4be628012d11ec8f844a27811245ff67ef20bed7e51cea246e9b00bbdaa9f,,
1.0,G02-260201-153954-559,G02-260201-153954-559.bmp,G02,2026-02-01T15:39:54,2026-02-01,G02_2026-02-01,559,train,normal,,1025,1281,1,09dc06b0aa19ba1d0e004634b4ab471c0bd53cd56c835cdc97c2c3980b7bec12,,
1.0,G02-260201-154000-560,G02-260201-154000-560.bmp,G02,2026-02-01T15:40:00,2026-02-01,G02_2026-02-01,560,train,normal,,1025,1281,1,b638424440535caf4db70ef66deeea1b55974324c181431ffefb72665608fabc,,
1.0,G02-260201-154024-561,G02-260201-154024-561.bmp,G02,2026-02-01T15:40:24,2026-02-01,G02_2026-02-01,561,train,normal,,1025,1281,1,baf486a83361d812875b7d91df1f1b1554242f685ce0294ced72b8fab0d8fd1d,,
1.0,G02-260201-154030-562,G02-260201-154030-562.bmp,G02,2026-02-01T15:40:30,2026-02-01,G02_2026-02-01,562,train,normal,,1025,1281,1,594f056d88bf08f3e68f7f8e17ca903d02ddd114a13fba591cdddfde1cb996b2,,
1.0,G02-260201-154053-563,G02-260201-154053-563.bmp,G02,2026-02-01T15:40:53,2026-02-01,G02_2026-02-01,563,train,normal,,1025,1281,1,9d710a4e1d7c889d01c7f8d6e4a7ad8dee8094e6816b23a026d0e2726c58f6b1,,
1.0,G02-260201-154100-564,G02-260201-154100-564.bmp,G02,2026-02-01T15:41:00,2026-02-01,G02_2026-02-01,564,train,normal,,1025,1281,1,4101ed084af752657a418a24a75e830d37ae9200ffe9d1fb76467465ed1f78f8,,
1.0,G02-260201-154125-565,G02-260201-154125-565.bmp,G02,2026-02-01T15:41:25,2026-02-01,G02_2026-02-01,565,train,normal,,1025,1281,1,629a8071e10a6c6b6cdd7ec6d48d510242f48e12e360a2c4f5abc58575d3c789,,
1.0,G02-260201-154131-566,G02-260201-154131-566.bmp,G02,2026-02-01T15:41:31,2026-02-01,G02_2026-02-01,566,train,normal,,1025,1281,1,778c0c7ac2d6106ad2341abea2df9a8578b71ae7d08251f508ab6b5fef94caf6,,
1.0,G02-260201-154154-567,G02-260201-154154-567.bmp,G02,2026-02-01T15:41:54,2026-02-01,G02_2026-02-01,567,train,normal,,1025,1281,1,1d9350e4223afece84dc84544e26350eca19de20b3962451d25ca73206d57ab3,,
1.0,G02-260201-154201-568,G02-260201-154201-568.bmp,G02,2026-02-01T15:42:01,2026-02-01,G02_2026-02-01,568,train,normal,,1025,1281,1,293d95518fcaf370d4152f78383644cea0e2735fc7858f5b980f4f887350f973,,
1.0,G02-260201-154223-569,G02-260201-154223-569.bmp,G02,2026-02-01T15:42:23,2026-02-01,G02_2026-02-01,569,train,normal,,1025,1281,1,d5f782644871388173ea6c64a9777fc20dd1628eed0065a901b44dfc5feb810c,,
1.0,G02-260201-154229-570,G02-260201-154229-570.bmp,G02,2026-02-01T15:42:29,2026-02-01,G02_2026-02-01,570,train,normal,,1025,1281,1,f3851176311c147ea72c2243ba13f766d5e444302cd9aad81ade162cc58015c4,,
1.0,G02-260201-154254-571,G02-260201-154254-571.bmp,G02,2026-02-01T15:42:54,2026-02-01,G02_2026-02-01,571,train,normal,,1025,1281,1,2d57b3544dd0b657b1faccd94409e31849e722f2af8a035e28f6bfbf84298fd6,,
1.0,G02-260201-154300-572,G02-260201-154300-572.bmp,G02,2026-02-01T15:43:00,2026-02-01,G02_2026-02-01,572,train,normal,,1025,1281,1,46d4701f9980934c030eef8af256629085a8a5cd27f936ba3f2638efcb1a351e,,
1.0,G02-260201-154326-573,G02-260201-154326-573.bmp,G02,2026-02-01T15:43:26,2026-02-01,G02_2026-02-01,573,train,normal,,1025,1281,1,1ea2d2e004d9aa21e3e18294341f5b0982c2522c7c3745d1712d465a1b50069b,,
1.0,G02-260201-154333-574,G02-260201-154333-574.bmp,G02,2026-02-01T15:43:33,2026-02-01,G02_2026-02-01,574,train,normal,,1025,1281,1,dae37d26d2caf154a043f3aef97b94b0b8a72d0d8f46888e567f1f3df19da4f9,,
1.0,G02-260201-154355-575,G02-260201-154355-575.bmp,G02,2026-02-01T15:43:55,2026-02-01,G02_2026-02-01,575,train,normal,,1025,1281,1,feddee6b9cdf7ff4e10bf888c59cd8f1a0197d76287d5781a05652bb03a2b4c3,,
1.0,G02-260201-154401-576,G02-260201-154401-576.bmp,G02,2026-02-01T15:44:01,2026-02-01,G02_2026-02-01,576,train,normal,,1025,1281,1,1902b6e7b6cfa7ac4f1b0d11278df8972b950c99a8a4600297bf9ee370fc303f,,
1.0,G02-260201-154428-577,G02-260201-154428-577.bmp,G02,2026-02-01T15:44:28,2026-02-01,G02_2026-02-01,577,train,normal,,1025,1281,1,48501f1de45e225619b3bd2a33700f1cddd736171a110df2f376be8aad066a87,,
1.0,G02-260201-154434-578,G02-260201-154434-578.bmp,G02,2026-02-01T15:44:34,2026-02-01,G02_2026-02-01,578,train,normal,,1025,1281,1,6b626278968e75639185ffcbdbcfd9b09dfd4654f2a959868558d233d8eb64a7,,
1.0,G02-260201-154455-579,G02-260201-154455-579.bmp,G02,2026-02-01T15:44:55,2026-02-01,G02_2026-02-01,579,train,normal,,1025,1281,1,44a231abe5dcd3a3da507e407e836e696f9cd948afcb8da090a22c6b0ed21eed,,
1.0,G02-260201-154502-580,G02-260201-154502-580.bmp,G02,2026-02-01T15:45:02,2026-02-01,G02_2026-02-01,580,train,normal,,1025,1281,1,f3950cbc80c5a5bb197e7b9852a07585a74e05db9c53ab1c4da17e32a8dab73b,,
1.0,G02-260201-154526-581,G02-260201-154526-581.bmp,G02,2026-02-01T15:45:26,2026-02-01,G02_2026-02-01,581,train,normal,,1025,1281,1,44e4763d0726e325e48b0e3f36443ca110ab7d559a6f76afe73fbcb73fe0195a,,
1.0,G02-260201-154533-582,G02-260201-154533-582.bmp,G02,2026-02-01T15:45:33,2026-02-01,G02_2026-02-01,582,train,normal,,1025,1281,1,51f83154977c3a10fb4beeb2541eacd0f4ed0467a47b9aa188e3b4eb5053a5ea,,
1.0,G02-260201-154555-583,G02-260201-154555-583.bmp,G02,2026-02-01T15:45:55,2026-02-01,G02_2026-02-01,583,train,normal,,1025,1281,1,f9819cb0bdc719172a96bc4d8690f976c114fecf553e808b1ee2a2eaebf531fb,,
1.0,G02-260201-154602-584,G02-260201-154602-584.bmp,G02,2026-02-01T15:46:02,2026-02-01,G02_2026-02-01,584,train,normal,,1025,1281,1,f606903cfe5c42ad81e7ab05d2efb48546972ca0b359d34f1b90947eb57f635c,,
1.0,G02-260201-154625-585,G02-260201-154625-585.bmp,G02,2026-02-01T15:46:25,2026-02-01,G02_2026-02-01,585,train,normal,,1025,1281,1,e2400565676dcb4f0e5a2721265b09bc3ceb7995aa28d2d4104e01ee3f6284c1,,
1.0,G02-260201-154631-586,G02-260201-154631-586.bmp,G02,2026-02-01T15:46:31,2026-02-01,G02_2026-02-01,586,train,normal,,1025,1281,1,715d44022385c849090aeb0810fc94dcee4cbdf58cb22f1bde6acd639a05ceb4,,
1.0,G02-260201-154656-587,G02-260201-154656-587.bmp,G02,2026-02-01T15:46:56,2026-02-01,G02_2026-02-01,587,train,normal,,1025,1281,1,a5d68b7775bac3cf52e048551afcd7574d75107bb669282a10e899bb317845b3,,
1.0,G02-260201-154702-588,G02-260201-154702-588.bmp,G02,2026-02-01T15:47:02,2026-02-01,G02_2026-02-01,588,train,normal,,1025,1281,1,f25c4565b778d41078b39e42713a46f410c06209835224f4d09febe1f838dd25,,
1.0,G02-260201-154724-589,G02-260201-154724-589.bmp,G02,2026-02-01T15:47:24,2026-02-01,G02_2026-02-01,589,train,normal,,1025,1281,1,654ba8110426c220619755595d23e48cb33bbbf37c088613652593ac313432d0,,
1.0,G02-260201-154731-590,G02-260201-154731-590.bmp,G02,2026-02-01T15:47:31,2026-02-01,G02_2026-02-01,590,train,normal,,1025,1281,1,5a83d9817963e7367c4e1c09de0169d62cf341da6157c8564d2c3590cae8b673,,
1.0,G02-260201-154756-591,G02-260201-154756-591.bmp,G02,2026-02-01T15:47:56,2026-02-01,G02_2026-02-01,591,train,normal,,1025,1281,1,868d03c8faa4ecd52fe44fb67ff30b821395a1c0c2134f7418e78a88c98a1dc3,,
1.0,G02-260201-154803-592,G02-260201-154803-592.bmp,G02,2026-02-01T15:48:03,2026-02-01,G02_2026-02-01,592,train,normal,,1025,1281,1,b8cd8f8c4e4d8c26facea77d4b6f38c8908eb52c1be76a5e004631036ea7ae89,,
1.0,G02-260201-154823-593,G02-260201-154823-593.bmp,G02,2026-02-01T15:48:23,2026-02-01,G02_2026-02-01,593,train,normal,,1025,1281,1,5441927ecca285edab2bcdd93e5726b92e7a8d135f8aa6e0c2cd6e8ad46791c5,,
1.0,G02-260201-154829-594,G02-260201-154829-594.bmp,G02,2026-02-01T15:48:29,2026-02-01,G02_2026-02-01,594,train,normal,,1025,1281,1,e31a842b098362278d09303a3b3177c60a3b94cdaea480430a68670edd864dab,,
1.0,G02-260201-154856-595,G02-260201-154856-595.bmp,G02,2026-02-01T15:48:56,2026-02-01,G02_2026-02-01,595,train,normal,,1025,1281,1,ac93ce524a7fbcd78988eb3f2dfa64cc883c998ea13525b327def2c02e04085d,,
1.0,G02-260201-154903-596,G02-260201-154903-596.bmp,G02,2026-02-01T15:49:03,2026-02-01,G02_2026-02-01,596,train,normal,,1025,1281,1,4c2b5befd10185cdbeb19868d78877692c825e76edc772d33455b653192c5e4c,,
1.0,G02-260201-154956-597,G02-260201-154956-597.bmp,G02,2026-02-01T15:49:56,2026-02-01,G02_2026-02-01,597,train,normal,,1025,1281,1,1ddead0cd061c9a6b977828639e5be1bc411b9dd3c83df5cd7619e8ce844282a,,
1.0,G02-260201-155002-598,G02-260201-155002-598.bmp,G02,2026-02-01T15:50:02,2026-02-01,G02_2026-02-01,598,train,normal,,1025,1281,1,a88a77693bae07769c02b853b6a8aaaaacf9bd9e535d4155b2a78b93c1c308d7,,
1.0,G02-260201-155027-599,G02-260201-155027-599.bmp,G02,2026-02-01T15:50:27,2026-02-01,G02_2026-02-01,599,train,normal,,1025,1281,1,1ed1f1e457ade1bcc763f37889e2fb2a6114a23a853d0cd2bad3ce06d8ad41b6,,
1.0,G02-260201-155033-600,G02-260201-155033-600.bmp,G02,2026-02-01T15:50:33,2026-02-01,G02_2026-02-01,600,train,normal,,1025,1281,1,c024b77dd59aa4520146ddb1f49aa6ec15acc13d25a707bf80d472500eaad5d4,,
1.0,G02-260201-155055-601,G02-260201-155055-601.bmp,G02,2026-02-01T15:50:55,2026-02-01,G02_2026-02-01,601,train,normal,,1025,1281,1,afd0a1c90e6f57fdd91ecb1019eb9717112abd3ddc3af2db5f091d95e4aaafad,,
1.0,G02-260201-155101-602,G02-260201-155101-602.bmp,G02,2026-02-01T15:51:01,2026-02-01,G02_2026-02-01,602,train,normal,,1025,1281,1,038591e7d7b912fc9fe375ce13fcf909749676c079ff897948ce72ba34651865,,
1.0,G02-260201-155128-603,G02-260201-155128-603.bmp,G02,2026-02-01T15:51:28,2026-02-01,G02_2026-02-01,603,train,normal,,1025,1281,1,b0fc94bd8ff77b1e4e008a24a7f6426685711a3e25afc48dbd5240bc5fea4ee7,,
1.0,G02-260201-155134-604,G02-260201-155134-604.bmp,G02,2026-02-01T15:51:34,2026-02-01,G02_2026-02-01,604,train,normal,,1025,1281,1,5e1217f9774559269190d856d41b2e56f57a62e677286e958fe75c1f5997c5dc,,
1.0,G02-260201-155157-605,G02-260201-155157-605.bmp,G02,2026-02-01T15:51:57,2026-02-01,G02_2026-02-01,605,train,normal,,1025,1281,1,f493073cf9c575dfb5781c734401888c7276cc65a8f6c2ec115be817f70a1d1a,,
1.0,G02-260201-155203-606,G02-260201-155203-606.bmp,G02,2026-02-01T15:52:03,2026-02-01,G02_2026-02-01,606,train,normal,,1025,1281,1,24b5dbfe8d0b4cd01d86e4a759d94bc3f2d8f77a1ae972145260dcd562ec547f,,
1.0,G02-260201-155227-607,G02-260201-155227-607.bmp,G02,2026-02-01T15:52:27,2026-02-01,G02_2026-02-01,607,train,normal,,1025,1281,1,36d48fa83ff4fc26af74b8d1e61462e05f252aa1c0a4a5b2ff6ac845097fbc28,,
1.0,G02-260201-155233-608,G02-260201-155233-608.bmp,G02,2026-02-01T15:52:33,2026-02-01,G02_2026-02-01,608,train,normal,,1025,1281,1,49426df44e77fab25ef6bfd3cff3ef816fabcc87202dc87790d5b1bbc53d2b03,,
1.0,G02-260201-155255-609,G02-260201-155255-609.bmp,G02,2026-02-01T15:52:55,2026-02-01,G02_2026-02-01,609,train,normal,,1025,1281,1,8295aa2154b2ce803d459a735c84ea66be318cbae19e9167c83e8c01841ea0cf,,
1.0,G02-260201-155301-610,G02-260201-155301-610.bmp,G02,2026-02-01T15:53:01,2026-02-01,G02_2026-02-01,610,train,normal,,1025,1281,1,be96d28d346aacd2e46a695ba023adcf6423e315f1ab867c353cce3fb08a0416,,
1.0,G02-260201-155327-611,G02-260201-155327-611.bmp,G02,2026-02-01T15:53:27,2026-02-01,G02_2026-02-01,611,train,normal,,1025,1281,1,3309ffcf3e8a11b2e73982f13fee94bbf755d9b4898cca3caaf56e363ff15371,,
1.0,G02-260201-155333-612,G02-260201-155333-612.bmp,G02,2026-02-01T15:53:33,2026-02-01,G02_2026-02-01,612,train,normal,,1025,1281,1,8155329cf0c530d0f4804f68a567092d96cca58d548190b644d314900123a149,,
1.0,G02-260201-155356-613,G02-260201-155356-613.bmp,G02,2026-02-01T15:53:56,2026-02-01,G02_2026-02-01,613,train,normal,,1025,1281,1,f1b37a0830df4cc1994fdde501a336c21f36e6295e4ea6d22913f25d8c912d94,,
1.0,G02-260201-155403-614,G02-260201-155403-614.bmp,G02,2026-02-01T15:54:03,2026-02-01,G02_2026-02-01,614,train,normal,,1025,1281,1,65f127b80b2dbf36aef15a2ee56c26cb4b1ce0af17d387c41ab0407a6a4c1c9e,,
1.0,G02-260201-155428-615,G02-260201-155428-615.bmp,G02,2026-02-01T15:54:28,2026-02-01,G02_2026-02-01,615,train,normal,,1025,1281,1,27deef980af25c5b347502a226b5f6ca7061447d7422fc9053c3caeca96cc8cc,,
1.0,G02-260201-155434-616,G02-260201-155434-616.bmp,G02,2026-02-01T15:54:34,2026-02-01,G02_2026-02-01,616,train,normal,,1025,1281,1,ba310a57113fbfd4edec9a47e9825a794ddd93e2459a7554c647e82ebd2a6404,,
1.0,G02-260201-155459-617,G02-260201-155459-617.bmp,G02,2026-02-01T15:54:59,2026-02-01,G02_2026-02-01,617,train,normal,,1025,1281,1,cdd9f66591ec22fd951230a96018a64688d1e1dfd00a84e143f66db307ebb026,,
1.0,G02-260201-155505-618,G02-260201-155505-618.bmp,G02,2026-02-01T15:55:05,2026-02-01,G02_2026-02-01,618,train,normal,,1025,1281,1,52b5cacc2a1b66f3aeb62f7b1f2b05489f4c0b9aa8213a6baaf7fefb597be4d7,,
1.0,G02-260201-155527-619,G02-260201-155527-619.bmp,G02,2026-02-01T15:55:27,2026-02-01,G02_2026-02-01,619,train,normal,,1025,1281,1,87fbc3b755c5112c9b5fa62279ed912e99ed629511e547e67a1572a20802e78d,,
1.0,G02-260201-155533-620,G02-260201-155533-620.bmp,G02,2026-02-01T15:55:33,2026-02-01,G02_2026-02-01,620,train,normal,,1025,1281,1,834baeb88bae0360408a2995860cd35b08fbdb2e510fdfee6f6d7b733c320d47,,
1.0,G02-260201-155557-621,G02-260201-155557-621.bmp,G02,2026-02-01T15:55:57,2026-02-01,G02_2026-02-01,621,train,normal,,1025,1281,1,015813f241c8dc61d6859974400066dfae7362e01b3cbeff577a3456e016d449,,
1.0,G02-260201-155603-622,G02-260201-155603-622.bmp,G02,2026-02-01T15:56:03,2026-02-01,G02_2026-02-01,622,train,normal,,1025,1281,1,6e175678d0063adc57b1dabcdf6da61bbe166643b42a4cad8aba7777c12221b0,,
1.0,G02-260201-155627-623,G02-260201-155627-623.bmp,G02,2026-02-01T15:56:27,2026-02-01,G02_2026-02-01,623,train,normal,,1025,1281,1,8550e51cb11f204cae9e76f23de2d9da0f2e3cc52fc0ce06c96d68ec6394aa1d,,
1.0,G02-260201-155634-624,G02-260201-155634-624.bmp,G02,2026-02-01T15:56:34,2026-02-01,G02_2026-02-01,624,train,normal,,1025,1281,1,5d0abc3fede4778d4677b16a6e512c7320e0286c756dba1adb0941246641f83f,,
1.0,G02-260201-155658-625,G02-260201-155658-625.bmp,G02,2026-02-01T15:56:58,2026-02-01,G02_2026-02-01,625,train,normal,,1025,1281,1,47e7171beb576b0505f6f3ef2697e9d54db0e97d918c3f6ec97d44aecfd674c9,,
1.0,G02-260201-155704-626,G02-260201-155704-626.bmp,G02,2026-02-01T15:57:04,2026-02-01,G02_2026-02-01,626,train,normal,,1025,1281,1,99249963f9e348c4ad573bd0525ade1c41c005312a3ce9a30da5401be3f9cf72,,
1.0,G02-260201-155730-627,G02-260201-155730-627.bmp,G02,2026-02-01T15:57:30,2026-02-01,G02_2026-02-01,627,train,normal,,1025,1281,1,ff4c790a3057c9414bb5f1b58db25c46f0da68ed49c67cc12dc3fb17d6bd1de0,,
1.0,G02-260201-155737-628,G02-260201-155737-628.bmp,G02,2026-02-01T15:57:37,2026-02-01,G02_2026-02-01,628,train,normal,,1025,1281,1,c885ba4f142d68482a197fb3db2c26065adaedda68b473a637789203d9f60b84,,
1.0,G02-260201-155759-629,G02-260201-155759-629.bmp,G02,2026-02-01T15:57:59,2026-02-01,G02_2026-02-01,629,train,normal,,1025,1281,1,5366b699e2a20635e1a7b37c2ace55324245c3c12feb6f6471465ebaa982dc9d,,
1.0,G02-260201-155806-630,G02-260201-155806-630.bmp,G02,2026-02-01T15:58:06,2026-02-01,G02_2026-02-01,630,train,normal,,1025,1281,1,0a9f782a6b7eea7cb702a5ad3b218d85ed868646d7bd3db7a032f01ca7813ca1,,
1.0,G02-260201-155830-631,G02-260201-155830-631.bmp,G02,2026-02-01T15:58:30,2026-02-01,G02_2026-02-01,631,train,normal,,1025,1281,1,6f42dbf95c048f76d9ef419d9da4c5b355b75b1354faf15e3ce1527fca908499,,
1.0,G02-260201-155836-632,G02-260201-155836-632.bmp,G02,2026-02-01T15:58:36,2026-02-01,G02_2026-02-01,632,train,normal,,1025,1281,1,7050ebd87e2906fe3de8bedcf95e749713560484f7c84e3617a59c449c920d9c,,
1.0,G02-260201-155859-633,G02-260201-155859-633.bmp,G02,2026-02-01T15:58:59,2026-02-01,G02_2026-02-01,633,train,normal,,1025,1281,1,f0c39847d8d093ace624bfffee401cbe84fdde4cef6af174b8d69d736540a732,,
1.0,G02-260201-155905-634,G02-260201-155905-634.bmp,G02,2026-02-01T15:59:05,2026-02-01,G02_2026-02-01,634,train,normal,,1025,1281,1,1b4563588db340fa9cd5d0bd37eda4a8f73d642990fdccaeecda4234395edd65,,
1.0,G02-260201-155927-635,G02-260201-155927-635.bmp,G02,2026-02-01T15:59:27,2026-02-01,G02_2026-02-01,635,train,normal,,1025,1281,1,5ffc064b01de91d676ae985149d5dc4073c822cc9627936fd7bdb3b0c4892f62,,
1.0,G02-260201-155934-636,G02-260201-155934-636.bmp,G02,2026-02-01T15:59:34,2026-02-01,G02_2026-02-01,636,train,normal,,1025,1281,1,0535ea6cbc0570cbb026c540f8a3824aa5a364ce890c6bf12ed2c7face7f4543,,
1.0,G02-260201-155959-637,G02-260201-155959-637.bmp,G02,2026-02-01T15:59:59,2026-02-01,G02_2026-02-01,637,train,normal,,1025,1281,1,216d265fc6b2561287b308215477a053ce6850beca391362f62416c9a7a20601,,
1.0,G02-260201-160005-638,G02-260201-160005-638.bmp,G02,2026-02-01T16:00:05,2026-02-01,G02_2026-02-01,638,train,normal,,1025,1281,1,0ba46e2b5462d148d290f87303d723a7681e5f7c857b0782bb8d6ff6dfebc6d4,,
1.0,G02-260201-160031-639,G02-260201-160031-639.bmp,G02,2026-02-01T16:00:31,2026-02-01,G02_2026-02-01,639,train,normal,,1025,1281,1,3232d4cbfd180042293b1fcdb468d0ef526d58ea27f15efb00ac9710b977ede0,,
1.0,G02-260201-160037-640,G02-260201-160037-640.bmp,G02,2026-02-01T16:00:37,2026-02-01,G02_2026-02-01,640,train,normal,,1025,1281,1,a61148f969bc5c024c5bf1541eed4781e83dc4eab3dc19220c1d6ce98563243a,,
1.0,G02-260201-160100-641,G02-260201-160100-641.bmp,G02,2026-02-01T16:01:00,2026-02-01,G02_2026-02-01,641,train,normal,,1025,1281,1,ab9f8e636ec34a2c738b4f0dec7656a541945e013f0abdbbc25f995256d19102,,
1.0,G02-260201-160106-642,G02-260201-160106-642.bmp,G02,2026-02-01T16:01:06,2026-02-01,G02_2026-02-01,642,train,normal,,1025,1281,1,f2f38f14c47883db9508f401bdac138b5da843ee1599dfe243e2a01f1a46fcaa,,
1.0,G02-260201-160136-643,G02-260201-160136-643.bmp,G02,2026-02-01T16:01:36,2026-02-01,G02_2026-02-01,643,train,normal,,1025,1281,1,637c448f3dc4903c6708c2e5c8a27a1f11ae1b6934bacd38aae2ed9e8e3a80f1,,
1.0,G02-260201-160142-644,G02-260201-160142-644.bmp,G02,2026-02-01T16:01:42,2026-02-01,G02_2026-02-01,644,train,normal,,1025,1281,1,e72280dd2723a48711a1a63f5730eb6c69910708a2b7151e72c7cc29a65204d4,,
1.0,G02-260201-160200-645,G02-260201-160200-645.bmp,G02,2026-02-01T16:02:00,2026-02-01,G02_2026-02-01,645,train,normal,,1025,1281,1,38c453f0c056e0fac36cb7b200107ed9faa11d18025cfa9c11b90a0163125f5f,,
1.0,G02-260201-160207-646,G02-260201-160207-646.bmp,G02,2026-02-01T16:02:07,2026-02-01,G02_2026-02-01,646,train,normal,,1025,1281,1,76c52732e31b3681fd89513afd06db6757bef01cfdb8bfdf61631673e88c69a9,,
1.0,G02-260201-160231-647,G02-260201-160231-647.bmp,G02,2026-02-01T16:02:31,2026-02-01,G02_2026-02-01,647,train,normal,,1025,1281,1,d5369cfb0c40c1e227029e31949ff1d935dd1f83d3c721af79b9383a9d978f44,,
1.0,G02-260201-160238-648,G02-260201-160238-648.bmp,G02,2026-02-01T16:02:38,2026-02-01,G02_2026-02-01,648,train,normal,,1025,1281,1,f42f21f48f99acba31c94e477d7ff370dddea400c8d81c15230e3ecf8f9dc2de,,
1.0,G02-260201-160300-649,G02-260201-160300-649.bmp,G02,2026-02-01T16:03:00,2026-02-01,G02_2026-02-01,649,train,normal,,1025,1281,1,78df71bf6c00270b363209879f7f69ee491955ec9a679d22efabca512ee36c3c,,
1.0,G02-260201-160306-650,G02-260201-160306-650.bmp,G02,2026-02-01T16:03:06,2026-02-01,G02_2026-02-01,650,train,normal,,1025,1281,1,6b7ac724d7d1fe2a0050216e1541f3f7b89b34f6ef871c3919f8b5c10e64940b,,
1.0,G02-260201-160331-651,G02-260201-160331-651.bmp,G02,2026-02-01T16:03:31,2026-02-01,G02_2026-02-01,651,train,normal,,1025,1281,1,1ed51148d7e1cefda7fead691dedd11b643f09f422414d0a3f7d213190933ba5,,
1.0,G02-260201-160337-652,G02-260201-160337-652.bmp,G02,2026-02-01T16:03:37,2026-02-01,G02_2026-02-01,652,train,normal,,1025,1281,1,bce936b1b90bbd7fdbd269cfd0d91e112be22d12b6fc4174adb9570fa354c6a1,,
1.0,G02-260201-160400-653,G02-260201-160400-653.bmp,G02,2026-02-01T16:04:00,2026-02-01,G02_2026-02-01,653,train,normal,,1025,1281,1,231f7ba55108320b7baeca1ea388be451eb1723b93849268e41e6d2f6fb10966,,
1.0,G02-260201-160406-654,G02-260201-160406-654.bmp,G02,2026-02-01T16:04:06,2026-02-01,G02_2026-02-01,654,train,normal,,1025,1281,1,e4a649dd5c5b9ff7cd8bd3b391dd3e7940b33bbc51be281057ad2fa49d5a87c2,,
1.0,G02-260201-160431-655,G02-260201-160431-655.bmp,G02,2026-02-01T16:04:31,2026-02-01,G02_2026-02-01,655,train,normal,,1025,1281,1,79aeef88bd5b11fe162946cf1e5a1e9bfd21858710df1443bf05a379eaa166aa,,
1.0,G02-260201-160438-656,G02-260201-160438-656.bmp,G02,2026-02-01T16:04:38,2026-02-01,G02_2026-02-01,656,train,normal,,1025,1281,1,15ee3863cdb27e23388fd9882ac77b50fe8d36b4c44abeaef804951b362403f8,,
1.0,G02-260201-160455-657,G02-260201-160455-657.bmp,G02,2026-02-01T16:04:55,2026-02-01,G02_2026-02-01,657,train,normal,,1025,1281,1,87443fbc746910000a0db2db656a88c6c67fdb7e71c6bfccb6c79a134aada169,,
1.0,G02-260201-160531-658,G02-260201-160531-658.bmp,G02,2026-02-01T16:05:31,2026-02-01,G02_2026-02-01,658,train,normal,,1025,1281,1,639d11135556632d2bae2018f129ddfc2331134f400e92c9d4bd4423fbf5e474,,
1.0,G02-260201-160537-659,G02-260201-160537-659.bmp,G02,2026-02-01T16:05:37,2026-02-01,G02_2026-02-01,659,train,normal,,1025,1281,1,6092649ac8abd87df9766ae014765d366afe34a71a630d8b37d5efbfe08e8742,,
1.0,G02-260201-160545-660,G02-260201-160545-660.bmp,G02,2026-02-01T16:05:45,2026-02-01,G02_2026-02-01,660,train,normal,,1025,1281,1,4c13f76ec09dd0470fc15ffb43d82f32c6c84b9cb7b5671bbde714db5e8ab421,,
1.0,G02-260201-160602-661,G02-260201-160602-661.bmp,G02,2026-02-01T16:06:02,2026-02-01,G02_2026-02-01,661,train,normal,,1025,1281,1,95e24d60d6234f69a33254c3b58651fd04ffa7eb08152779b66e511d11fcae63,,
1.0,G02-260201-160608-662,G02-260201-160608-662.bmp,G02,2026-02-01T16:06:08,2026-02-01,G02_2026-02-01,662,train,normal,,1025,1281,1,c43db3ce4a58143352527e5d53ff22ce92a8cc525bb4d2860212d806a9694a36,,
1.0,G02-260201-160630-663,G02-260201-160630-663.bmp,G02,2026-02-01T16:06:30,2026-02-01,G02_2026-02-01,663,train,normal,,1025,1281,1,5f17ae2834a8c4b1c16099614e5acc8fc87d910bb2b5128e6a6dab4bc9470000,,
1.0,G02-260201-160637-664,G02-260201-160637-664.bmp,G02,2026-02-01T16:06:37,2026-02-01,G02_2026-02-01,664,train,normal,,1025,1281,1,95417ddea20c2e0a521885b43de03e0a9e2cc5a6cc551deff3d3c5ed24d2a31d,,
1.0,G02-260201-160659-665,G02-260201-160659-665.bmp,G02,2026-02-01T16:06:59,2026-02-01,G02_2026-02-01,665,train,normal,,1025,1281,1,85721b7c46450b74286203daa7781a970b1fa2effeeb402276295a7359e70163,,
1.0,G02-260201-160706-666,G02-260201-160706-666.bmp,G02,2026-02-01T16:07:06,2026-02-01,G02_2026-02-01,666,train,normal,,1025,1281,1,fcb98e8ad633971645709a01c41cc7411ad32c35aac77aab064cd24cbe0f812f,,
1.0,G02-260201-160730-667,G02-260201-160730-667.bmp,G02,2026-02-01T16:07:30,2026-02-01,G02_2026-02-01,667,train,normal,,1025,1281,1,94767d63610075f2826b39b1d5fd1c0b527afd38df869cedd723508fec8a9cb7,,
1.0,G02-260201-160736-668,G02-260201-160736-668.bmp,G02,2026-02-01T16:07:36,2026-02-01,G02_2026-02-01,668,train,normal,,1025,1281,1,3e1b4c7c9090f9397578c3102fd7626d2015e855d70e0cf9deb2930898fe3da6,,
1.0,G02-260201-160801-669,G02-260201-160801-669.bmp,G02,2026-02-01T16:08:01,2026-02-01,G02_2026-02-01,669,train,normal,,1025,1281,1,406ca172d334d7eb979f3febb5e3017e378bd9533e9addb4451711f275671450,,
1.0,G02-260201-160807-670,G02-260201-160807-670.bmp,G02,2026-02-01T16:08:07,2026-02-01,G02_2026-02-01,670,train,normal,,1025,1281,1,a42ff472656221078458be00122c87b8b8a72d44f77d052601267b44d23ca3bd,,
1.0,G02-260201-160832-671,G02-260201-160832-671.bmp,G02,2026-02-01T16:08:32,2026-02-01,G02_2026-02-01,671,train,normal,,1025,1281,1,3c5bbf1a952c0d4fd0ec9752b0bc2899a79a31b89e342acb821018b8233764fa,,
1.0,G02-260201-160838-672,G02-260201-160838-672.bmp,G02,2026-02-01T16:08:38,2026-02-01,G02_2026-02-01,672,train,normal,,1025,1281,1,561a92ebec0cb1794b29c714453f7893f671f225d6b8d6eb4c70cb60943ce0ee,,
1.0,G02-260201-160900-673,G02-260201-160900-673.bmp,G02,2026-02-01T16:09:00,2026-02-01,G02_2026-02-01,673,train,normal,,1025,1281,1,c6f95d49fb1957fd0bdbd63a52d46d08e5d305c79e46327df43834effffded16,,
1.0,G02-260201-160906-674,G02-260201-160906-674.bmp,G02,2026-02-01T16:09:06,2026-02-01,G02_2026-02-01,674,train,normal,,1025,1281,1,82a329fa5792805058bedc536f6bf369fca82693062e0fb9673d219e142f6cf0,,
1.0,G02-260201-160931-675,G02-260201-160931-675.bmp,G02,2026-02-01T16:09:31,2026-02-01,G02_2026-02-01,675,train,normal,,1025,1281,1,2c71ba58462e40ed15b6d2af26028308e3a91f2f2c16c575131de6c000be29d5,,
1.0,G02-260201-160938-676,G02-260201-160938-676.bmp,G02,2026-02-01T16:09:38,2026-02-01,G02_2026-02-01,676,train,normal,,1025,1281,1,09414d379a7e4165c1268a6080ba42a0c38bf4b7af76b7275f3c625401537303,,
1.0,G02-260201-161001-677,G02-260201-161001-677.bmp,G02,2026-02-01T16:10:01,2026-02-01,G02_2026-02-01,677,train,normal,,1025,1281,1,0b415121092df2cb7a6e8d064d446566090783cc880155a9c313fdc9d80ebd43,,
1.0,G02-260201-161008-678,G02-260201-161008-678.bmp,G02,2026-02-01T16:10:08,2026-02-01,G02_2026-02-01,678,train,normal,,1025,1281,1,27fcc5ba4d54906bdb6b45835b745613de1b07bb6477e0e63c58146989e89922,,
1.0,G02-260201-161032-679,G02-260201-161032-679.bmp,G02,2026-02-01T16:10:32,2026-02-01,G02_2026-02-01,679,train,normal,,1025,1281,1,5e3fa92268e1ba858516d184dc05c44db7de4e6c966285d3e9f231c38621bf12,,
1.0,G02-260201-161039-680,G02-260201-161039-680.bmp,G02,2026-02-01T16:10:39,2026-02-01,G02_2026-02-01,680,train,normal,,1025,1281,1,68eff8827e5d6d6693ebe15df3ca1c33a2963bc53b40492699d2fbbfc59de050,,
1.0,G02-260201-161102-681,G02-260201-161102-681.bmp,G02,2026-02-01T16:11:02,2026-02-01,G02_2026-02-01,681,train,normal,,1025,1281,1,5517275640a09317151e6a66181bebede71fba79987687634c076f6ba27c09e5,,
1.0,G02-260201-161108-682,G02-260201-161108-682.bmp,G02,2026-02-01T16:11:08,2026-02-01,G02_2026-02-01,682,train,normal,,1025,1281,1,bf4e578b080437231a3e9a90fe83458f3661d2cae6a748d681cefa581fc4c029,,
1.0,G02-260201-161132-683,G02-260201-161132-683.bmp,G02,2026-02-01T16:11:32,2026-02-01,G02_2026-02-01,683,train,normal,,1025,1281,1,cc1975136de9e085f477d3eac73377519fbd91969664be84fa8b96b382e4ccc2,,
1.0,G02-260201-161138-684,G02-260201-161138-684.bmp,G02,2026-02-01T16:11:38,2026-02-01,G02_2026-02-01,684,train,normal,,1025,1281,1,088be966f22ef2b115d16c09fe9c723863526bcd55655d049073d600c759744d,,
1.0,G02-260202-115623-876,G02-260202-115623-876.bmp,G02,2026-02-02T11:56:23,2026-02-02,G02_2026-02-02,876,train,normal,,1025,1281,1,06afbfcdcc64d4880f3481d58d1b9afb61195964829584ba942d75d764363477,,
1.0,G02-260202-115629-877,G02-260202-115629-877.bmp,G02,2026-02-02T11:56:29,2026-02-02,G02_2026-02-02,877,train,normal,,1025,1281,1,d35a7fe7b3da06bb18c3e18c6937b856e6a6e7036212b1b2166639748b13ffbc,,
1.0,G02-260202-115652-878,G02-260202-115652-878.bmp,G02,2026-02-02T11:56:52,2026-02-02,G02_2026-02-02,878,train,normal,,1025,1281,1,c62536e06b5b8faa0a193bce9e1b46c3d19d89221760155bca31c8df2ab61d5e,,
1.0,G02-260202-115658-879,G02-260202-115658-879.bmp,G02,2026-02-02T11:56:58,2026-02-02,G02_2026-02-02,879,train,normal,,1025,1281,1,9555106f3c4f13524d38db034baba00895ce9b61ac08deac286a83b9795215b5,,
1.0,G02-260202-115723-880,G02-260202-115723-880.bmp,G02,2026-02-02T11:57:23,2026-02-02,G02_2026-02-02,880,train,normal,,1025,1281,1,97a381394fb4c1d1a02fa1aced0a2de8431613518d255d585ea8e9fd77f0dd92,,
1.0,G02-260202-115730-881,G02-260202-115730-881.bmp,G02,2026-02-02T11:57:30,2026-02-02,G02_2026-02-02,881,train,normal,,1025,1281,1,a830c4830a5c366982b7e7f6c9b029228178e188f72da2a9a9414d455485154f,,
1.0,G02-260202-115752-882,G02-260202-115752-882.bmp,G02,2026-02-02T11:57:52,2026-02-02,G02_2026-02-02,882,train,normal,,1025,1281,1,d0065587731b00d9b1513d6118af737995ab95e3f5f5f0d14829c8a88bb7e519,,
1.0,G02-260202-115758-883,G02-260202-115758-883.bmp,G02,2026-02-02T11:57:58,2026-02-02,G02_2026-02-02,883,train,normal,,1025,1281,1,1dd36b914356589dcf09f9033af7c6693190fa35165998328e98fb47272ad57f,,
1.0,G02-260202-115823-884,G02-260202-115823-884.bmp,G02,2026-02-02T11:58:23,2026-02-02,G02_2026-02-02,884,train,normal,,1025,1281,1,e9c3ab54381d607be4a40a880732dc20b7dc528334afacaa3c058f9883258fae,,
1.0,G02-260202-115830-885,G02-260202-115830-885.bmp,G02,2026-02-02T11:58:30,2026-02-02,G02_2026-02-02,885,train,normal,,1025,1281,1,42d2ded74a7323aec077bf811904c2e88166637a46db6ef8617cec729e1835a5,,
1.0,G02-260202-115851-886,G02-260202-115851-886.bmp,G02,2026-02-02T11:58:51,2026-02-02,G02_2026-02-02,886,train,normal,,1025,1281,1,189d3422f16b47065c8828ec9fc66109987c908aba9496fbbc8e79c13ae33feb,,
1.0,G02-260202-115909-887,G02-260202-115909-887.bmp,G02,2026-02-02T11:59:09,2026-02-02,G02_2026-02-02,887,train,normal,,1025,1281,1,f2c1b386e464e66e595f5ec2a28b938d34b2e714c8be03d710baebf1de01433d,,
1.0,G02-260202-115926-888,G02-260202-115926-888.bmp,G02,2026-02-02T11:59:26,2026-02-02,G02_2026-02-02,888,train,normal,,1025,1281,1,e56e314921464bb6dd15b984f402ae28bb7794ebd29a8bf62b97f0995fcf750c,,
1.0,G02-260202-115933-889,G02-260202-115933-889.bmp,G02,2026-02-02T11:59:33,2026-02-02,G02_2026-02-02,889,train,normal,,1025,1281,1,12d83bb6ce5259e929b8c4efdc6a46642a3df40c46c5bfc0ceba33eeeb7d36bc,,
1.0,G02-260202-115954-890,G02-260202-115954-890.bmp,G02,2026-02-02T11:59:54,2026-02-02,G02_2026-02-02,890,train,normal,,1025,1281,1,46e0713dbcb24d86349c7647960c018c5583bb2535bf3f0ab8cd68fa2a6aa772,,
1.0,G02-260202-120001-891,G02-260202-120001-891.bmp,G02,2026-02-02T12:00:01,2026-02-02,G02_2026-02-02,891,train,normal,,1025,1281,1,ea8fb535f4922620d61aabf42345b7a87546c3d9d54c9272ca4282282cb76746,,
1.0,G02-260202-120023-892,G02-260202-120023-892.bmp,G02,2026-02-02T12:00:23,2026-02-02,G02_2026-02-02,892,train,normal,,1025,1281,1,0e0354b4a88c0ce027254aaa4a5aab20acfff936d904b443494c0e07141ef6b2,,
1.0,G02-260202-120029-893,G02-260202-120029-893.bmp,G02,2026-02-02T12:00:29,2026-02-02,G02_2026-02-02,893,train,normal,,1025,1281,1,2b4ebfc761b8528101bd7fdccaa4728ec35b6aebd7dbba84c95a0c363eafef69,,
1.0,G02-260202-120051-894,G02-260202-120051-894.bmp,G02,2026-02-02T12:00:51,2026-02-02,G02_2026-02-02,894,train,normal,,1025,1281,1,2ed65fee704d152a6d8fb6f38baed7556dd24288fefc0754cd4e38f7343bee4a,,
1.0,G02-260202-120057-895,G02-260202-120057-895.bmp,G02,2026-02-02T12:00:57,2026-02-02,G02_2026-02-02,895,train,normal,,1025,1281,1,86bb69ec8c1b818f09cb21c3eb80a5ef2ca9913f291abe2cc547004215cd7deb,,
1.0,G02-260202-120122-896,G02-260202-120122-896.bmp,G02,2026-02-02T12:01:22,2026-02-02,G02_2026-02-02,896,train,normal,,1025,1281,1,d35c4cd67282c3562fa61a7ec0e5854da4c77aade9f265d297796598ba273753,,
1.0,G02-260202-120128-897,G02-260202-120128-897.bmp,G02,2026-02-02T12:01:28,2026-02-02,G02_2026-02-02,897,train,normal,,1025,1281,1,f0c133e7e44e5ab4d179441105fd2a2f9ada37c80fedab7e544ba91eebd02cd0,,
1.0,G02-260202-120153-898,G02-260202-120153-898.bmp,G02,2026-02-02T12:01:53,2026-02-02,G02_2026-02-02,898,train,normal,,1025,1281,1,e3ffb65aff166ea721c02b265142bb93b82c626c4a2ae752042a5ca79f80744b,,
1.0,G02-260202-120200-899,G02-260202-120200-899.bmp,G02,2026-02-02T12:02:00,2026-02-02,G02_2026-02-02,899,train,normal,,1025,1281,1,c2e2fbab0740e4d9228560f55ad4dd85a8e72746a48ead9646f9ed638996d572,,
1.0,G02-260202-120224-900,G02-260202-120224-900.bmp,G02,2026-02-02T12:02:24,2026-02-02,G02_2026-02-02,900,train,normal,,1025,1281,1,10fee8ad7eaaa776c9c7a1f2a62226b612a22af77b5241068e52a0aef56caf2c,,
1.0,G02-260202-120230-901,G02-260202-120230-901.bmp,G02,2026-02-02T12:02:30,2026-02-02,G02_2026-02-02,901,train,normal,,1025,1281,1,650aa52a15b46ba434cc502c2b49e0a753e0670d9a5a4947270b17f68464643a,,
1.0,G02-260202-120259-902,G02-260202-120259-902.bmp,G02,2026-02-02T12:02:59,2026-02-02,G02_2026-02-02,902,train,normal,,1025,1281,1,6cda2d261b04b427c4d56d66bd90ac1cda426d329e9772c613727b6c7d564dc5,,
1.0,G02-260202-120316-904,G02-260202-120316-904.bmp,G02,2026-02-02T12:03:16,2026-02-02,G02_2026-02-02,904,train,normal,,1025,1281,1,96aef12c021682528bc21a865dfc253c42dbe96af0caf71c4958fcc8771c64df,,
1.0,G02-260202-120322-905,G02-260202-120322-905.bmp,G02,2026-02-02T12:03:22,2026-02-02,G02_2026-02-02,905,train,normal,,1025,1281,1,96bcf2991be22e08c17ade5b6e5c4567445fd04b4c89185be89d2c98c3c1bfca,,
1.0,G02-260202-120352-906,G02-260202-120352-906.bmp,G02,2026-02-02T12:03:52,2026-02-02,G02_2026-02-02,906,train,normal,,1025,1281,1,74290f5a140a40deeafbf7f425deebbc82be53be133026d0dc3a2f56f9f99690,,
1.0,G02-260202-120424-908,G02-260202-120424-908.bmp,G02,2026-02-02T12:04:24,2026-02-02,G02_2026-02-02,908,train,normal,,1025,1281,1,aef9ef7354795f8821354879224d1f2170063d437a8f9c0e39b9cfcd1aec9a94,,
1.0,G02-260202-120431-909,G02-260202-120431-909.bmp,G02,2026-02-02T12:04:31,2026-02-02,G02_2026-02-02,909,train,normal,,1025,1281,1,b6d6237597e9305d7aada72cfbb780f26b340346b9b81e4c765c04280a1080fc,,
1.0,G02-260202-120454-910,G02-260202-120454-910.bmp,G02,2026-02-02T12:04:54,2026-02-02,G02_2026-02-02,910,train,normal,,1025,1281,1,34e1863209dea481905a2167eee6f7e67623f12f0a315e64a99929cf43cd7354,,
1.0,G02-260202-120500-911,G02-260202-120500-911.bmp,G02,2026-02-02T12:05:00,2026-02-02,G02_2026-02-02,911,train,normal,,1025,1281,1,1872555e086a21691a73e1ae5d08fa7ba5e04049582682c938ca8bf528716847,,
1.0,G02-260202-120523-912,G02-260202-120523-912.bmp,G02,2026-02-02T12:05:23,2026-02-02,G02_2026-02-02,912,train,normal,,1025,1281,1,2477ba1396a6ff664a50a42afad7fa2c05169e31120a7288d957ec1f39d4ce8a,,
1.0,G02-260202-120529-913,G02-260202-120529-913.bmp,G02,2026-02-02T12:05:29,2026-02-02,G02_2026-02-02,913,train,normal,,1025,1281,1,360d7438547986042b72f2001bf391b7cc22ca04dc33cb8f548c5f241b7e66fd,,
1.0,G02-260202-120554-914,G02-260202-120554-914.bmp,G02,2026-02-02T12:05:54,2026-02-02,G02_2026-02-02,914,train,normal,,1025,1281,1,746ab684240aa9c0fd63763ff8c1a93506cc48598347e3df92bc4a2c15c6a2b3,,
1.0,G02-260202-120601-915,G02-260202-120601-915.bmp,G02,2026-02-02T12:06:01,2026-02-02,G02_2026-02-02,915,train,normal,,1025,1281,1,57731ab3ec8d0a9c0ba04dd16fc15ab5a32b815d054d7765588327bdcb013d0f,,
1.0,G02-260202-120625-916,G02-260202-120625-916.bmp,G02,2026-02-02T12:06:25,2026-02-02,G02_2026-02-02,916,train,normal,,1025,1281,1,aa4408aa7665ba8bd220eb92dea106c7117e445f03b21222c2dbc888501738af,,
1.0,G02-260202-120632-917,G02-260202-120632-917.bmp,G02,2026-02-02T12:06:32,2026-02-02,G02_2026-02-02,917,train,normal,,1025,1281,1,5ff38b3b87f2e7e96c755672c829d0f014d075148ae9fb93a86c6a1b138227ca,,
1.0,G02-260202-120655-918,G02-260202-120655-918.bmp,G02,2026-02-02T12:06:55,2026-02-02,G02_2026-02-02,918,train,normal,,1025,1281,1,27cc0d6961c224d1d4271450e6ab0c12342b01b140ba084c8b2b703559d27ebe,,
1.0,G02-260202-120701-919,G02-260202-120701-919.bmp,G02,2026-02-02T12:07:01,2026-02-02,G02_2026-02-02,919,train,normal,,1025,1281,1,5307785bda71068cf4b70faa9db8237543e4a2037523c3983a0b5d4025da0ebf,,
1.0,G02-260202-120722-920,G02-260202-120722-920.bmp,G02,2026-02-02T12:07:22,2026-02-02,G02_2026-02-02,920,train,normal,,1025,1281,1,ce9fada88532f63e9fb1d778e505a21bbd9175d61c9b6bb24fe5158b70aba676,,
1.0,G02-260202-120729-921,G02-260202-120729-921.bmp,G02,2026-02-02T12:07:29,2026-02-02,G02_2026-02-02,921,train,normal,,1025,1281,1,3ff02043b07ce93dd56034a5def08d3b2ea1e8f9355e4754dd5fdfcca724d5e6,,
1.0,G02-260202-120755-922,G02-260202-120755-922.bmp,G02,2026-02-02T12:07:55,2026-02-02,G02_2026-02-02,922,train,normal,,1025,1281,1,d6f0bb3d6d3d399238965249e497e0630aa3eaef65259ed6fa723abca9c9c2a1,,
1.0,G02-260202-120802-923,G02-260202-120802-923.bmp,G02,2026-02-02T12:08:02,2026-02-02,G02_2026-02-02,923,train,normal,,1025,1281,1,a79277b8655a74a4b76ff6d200d8fa48740d6dc5102ff524dd97b56121b927dd,,
1.0,G02-260202-120825-924,G02-260202-120825-924.bmp,G02,2026-02-02T12:08:25,2026-02-02,G02_2026-02-02,924,train,normal,,1025,1281,1,ca58740e7fc5bd4a402a897e439ff6ba2ee3ebe85ed7e7c2d0d1c72f3bd145a9,,
1.0,G02-260202-120832-925,G02-260202-120832-925.bmp,G02,2026-02-02T12:08:32,2026-02-02,G02_2026-02-02,925,train,normal,,1025,1281,1,844af0d7de5a15c464fc78a8d0c9610c26e4ab1789a0a179832046768aa05227,,
1.0,G02-260202-120853-926,G02-260202-120853-926.bmp,G02,2026-02-02T12:08:53,2026-02-02,G02_2026-02-02,926,train,normal,,1025,1281,1,f3a6aff169bb7aec7b9ab22d6ffbf30952d832a929aef9078f7ce81aa3850098,,
1.0,G02-260202-120859-927,G02-260202-120859-927.bmp,G02,2026-02-02T12:08:59,2026-02-02,G02_2026-02-02,927,train,normal,,1025,1281,1,57fb6a7db37694bd16f85434721aa4044f0af8b395028243a278ca84c8a073b8,,
1.0,G02-260202-120920-928,G02-260202-120920-928.bmp,G02,2026-02-02T12:09:20,2026-02-02,G02_2026-02-02,928,train,normal,,1025,1281,1,45d5f4b6eaccaf60b10b6d5588640f98660846f31a7b60c46316b30fb7a02893,,
1.0,G02-260202-120933-929,G02-260202-120933-929.bmp,G02,2026-02-02T12:09:33,2026-02-02,G02_2026-02-02,929,train,normal,,1025,1281,1,2738fee489f4a9751b6aae20ac5fbbfd86c647654a56cca33e4d4f5de62a1f5d,,
1.0,G02-260202-120955-930,G02-260202-120955-930.bmp,G02,2026-02-02T12:09:55,2026-02-02,G02_2026-02-02,930,train,normal,,1025,1281,1,71c0cf8bc3cc7f5c009814b570a9194e7a1868d98c7a618f58339e51c3f0a5c6,,
1.0,G02-260202-121001-931,G02-260202-121001-931.bmp,G02,2026-02-02T12:10:01,2026-02-02,G02_2026-02-02,931,train,normal,,1025,1281,1,862c7600943f7f1ca40b000fcefbbb78a5c1eb00a132bc4018c4ca2709ede08b,,
1.0,G02-260202-121031-932,G02-260202-121031-932.bmp,G02,2026-02-02T12:10:31,2026-02-02,G02_2026-02-02,932,train,normal,,1025,1281,1,83bb921aa4243edc3c469b035e866115d427c5fea315d7f3fb8725d106c11e09,,
1.0,G02-260202-121037-933,G02-260202-121037-933.bmp,G02,2026-02-02T12:10:37,2026-02-02,G02_2026-02-02,933,train,normal,,1025,1281,1,96a2949c2bf5e61f50b1962d26795fa2fd8e858c91bd4655f9eb8bfb05ae658f,,
1.0,G02-260202-121055-934,G02-260202-121055-934.bmp,G02,2026-02-02T12:10:55,2026-02-02,G02_2026-02-02,934,train,normal,,1025,1281,1,13568d257b3dc604149efb1e4b439fe6a4f7dc3eeef851dab939bfd69ef2a3e3,,
1.0,G02-260202-121102-935,G02-260202-121102-935.bmp,G02,2026-02-02T12:11:02,2026-02-02,G02_2026-02-02,935,train,normal,,1025,1281,1,673eb027c80ca1009df5a5f90e533c8d4dfab42a0a5d62e9765723e563a9cfcd,,
1.0,G02-260202-121126-936,G02-260202-121126-936.bmp,G02,2026-02-02T12:11:26,2026-02-02,G02_2026-02-02,936,train,normal,,1025,1281,1,67af32699d76a431460876b632231f865dd263148815ea5285c0c1028b5cdee4,,
1.0,G02-260202-121132-937,G02-260202-121132-937.bmp,G02,2026-02-02T12:11:32,2026-02-02,G02_2026-02-02,937,train,normal,,1025,1281,1,0d95dec333b57d344b7dac525b32e899677359b801ef6884b3f1723aa6d0b120,,
1.0,G02-260202-121154-938,G02-260202-121154-938.bmp,G02,2026-02-02T12:11:54,2026-02-02,G02_2026-02-02,938,train,normal,,1025,1281,1,a7618fa10e2b4df211dc2d9bc3cbcf2d786f5f8c1986616a1855ca5b69dc251b,,
1.0,G02-260202-121201-939,G02-260202-121201-939.bmp,G02,2026-02-02T12:12:01,2026-02-02,G02_2026-02-02,939,train,normal,,1025,1281,1,72d06acb1d61e3f164efeddfd9480601e828199780a650e26716179685466cf0,,
1.0,G02-260202-121225-940,G02-260202-121225-940.bmp,G02,2026-02-02T12:12:25,2026-02-02,G02_2026-02-02,940,train,normal,,1025,1281,1,ddf1a19b684ee80de0a7319b38e446a37d5ef49e76c2312cc8e2f2c0e247a63c,,
1.0,G02-260202-121231-941,G02-260202-121231-941.bmp,G02,2026-02-02T12:12:31,2026-02-02,G02_2026-02-02,941,train,normal,,1025,1281,1,8247dd8069fc27a70c983d3c1978ab325a928ba8a844e95308b1abadc87170ed,,
1.0,G02-260202-121254-942,G02-260202-121254-942.bmp,G02,2026-02-02T12:12:54,2026-02-02,G02_2026-02-02,942,train,normal,,1025,1281,1,67b865f75b6fa0edf134ad6ecaec4870722cc8df4ce958a7c6545df6bd629d5f,,
1.0,G02-260202-121300-943,G02-260202-121300-943.bmp,G02,2026-02-02T12:13:00,2026-02-02,G02_2026-02-02,943,train,normal,,1025,1281,1,1968c4b4b88839c3ffeac3ca8074c46f5c0da0d949640bdf5420cde4e10aa2aa,,
1.0,G02-260202-121326-944,G02-260202-121326-944.bmp,G02,2026-02-02T12:13:26,2026-02-02,G02_2026-02-02,944,train,normal,,1025,1281,1,bc08f50790daf0ec13f9108b0fac143297a2aca610ed6022f4c2ce18c9d7f04d,,
1.0,G02-260202-121332-945,G02-260202-121332-945.bmp,G02,2026-02-02T12:13:32,2026-02-02,G02_2026-02-02,945,train,normal,,1025,1281,1,fbebbfb4aaf9d3b605281db3304af5b786fee76350b090ce68b410020f40b60f,,
1.0,G02-260202-121422-946,G02-260202-121422-946.bmp,G02,2026-02-02T12:14:22,2026-02-02,G02_2026-02-02,946,train,normal,,1025,1281,1,1ebfd3cf77e0028c04962abb74f7d51287fb3961915ff463e4ce81e48df79181,,
1.0,G02-260202-121423-947,G02-260202-121423-947.bmp,G02,2026-02-02T12:14:23,2026-02-02,G02_2026-02-02,947,train,normal,,1025,1281,1,7c17eae8a2554df1afa0cd8e9d46474ffbea4965941c4911cb17c4c4dc1357de,,
1.0,G02-260202-121437-948,G02-260202-121437-948.bmp,G02,2026-02-02T12:14:37,2026-02-02,G02_2026-02-02,948,train,normal,,1025,1281,1,1878f61108272fb6cb25e7f394f05b00d3f64462f2f197d6430dbbe3fdde5607,,
1.0,G02-260202-121443-949,G02-260202-121443-949.bmp,G02,2026-02-02T12:14:43,2026-02-02,G02_2026-02-02,949,train,normal,,1025,1281,1,01958f6924d1480f227d4714857f2a6ac6238a9c9b81b19c2a3ca150f1801fa9,,
1.0,G02-260202-121456-950,G02-260202-121456-950.bmp,G02,2026-02-02T12:14:56,2026-02-02,G02_2026-02-02,950,train,normal,,1025,1281,1,5ec149a7464b4c401b76dc2cd26a275307db9df045aebd7f3c8b1481a2fdb73d,,
1.0,G02-260202-121502-951,G02-260202-121502-951.bmp,G02,2026-02-02T12:15:02,2026-02-02,G02_2026-02-02,951,train,normal,,1025,1281,1,22ee853801ed225f5a979678747f79126255e19515f58e949e81d53e3eb674fb,,
1.0,G02-260202-121524-952,G02-260202-121524-952.bmp,G02,2026-02-02T12:15:24,2026-02-02,G02_2026-02-02,952,train,normal,,1025,1281,1,3099ee9ead1e9fb37646ed2bdc6d3d06247eebf7ebf7f0140f0f8214c3f832e2,,
1.0,G02-260202-121530-953,G02-260202-121530-953.bmp,G02,2026-02-02T12:15:30,2026-02-02,G02_2026-02-02,953,train,normal,,1025,1281,1,bef8b8cda9f96bad271889f41b9e1de381f47b347145c8752d17d99e7688d21e,,
1.0,G02-260202-121555-954,G02-260202-121555-954.bmp,G02,2026-02-02T12:15:55,2026-02-02,G02_2026-02-02,954,train,normal,,1025,1281,1,b0fe515f4ff01adc5326b041af035f6db7261abf576bbea025450620c10c2c6a,,
1.0,G02-260202-121601-955,G02-260202-121601-955.bmp,G02,2026-02-02T12:16:01,2026-02-02,G02_2026-02-02,955,train,normal,,1025,1281,1,ec1eb073859678d8bca0de28c9c9b06b4756b2c8c894ecbbf62c3e64397e04eb,,
1.0,G02-260202-121624-956,G02-260202-121624-956.bmp,G02,2026-02-02T12:16:24,2026-02-02,G02_2026-02-02,956,train,normal,,1025,1281,1,d9e2409fab5d2070404e8a80d7ad1515798fa1ce89413d2e88b4edbfa8a77770,,
1.0,G02-260202-121631-957,G02-260202-121631-957.bmp,G02,2026-02-02T12:16:31,2026-02-02,G02_2026-02-02,957,train,normal,,1025,1281,1,e09973757ee2c3f1e2d1d646c586ef48fafb16df017bd69f92d1edb92d82f225,,
1.0,G02-260202-121656-958,G02-260202-121656-958.bmp,G02,2026-02-02T12:16:56,2026-02-02,G02_2026-02-02,958,train,normal,,1025,1281,1,6179467a6181ccbc7ac1de585fe59dac04e741be231caead655050cde393a012,,
1.0,G02-260202-121703-959,G02-260202-121703-959.bmp,G02,2026-02-02T12:17:03,2026-02-02,G02_2026-02-02,959,train,normal,,1025,1281,1,629b2cd0a74b03d2fc8bf14b11af2a3ddee03813341810d070301a69b8b301d6,,
1.0,G02-260202-121726-960,G02-260202-121726-960.bmp,G02,2026-02-02T12:17:26,2026-02-02,G02_2026-02-02,960,train,normal,,1025,1281,1,2cc87637694fa903a9f95ac3d807457db17d825ed5933b321b5f993bab680cd0,,
1.0,G02-260202-121732-961,G02-260202-121732-961.bmp,G02,2026-02-02T12:17:32,2026-02-02,G02_2026-02-02,961,train,normal,,1025,1281,1,ba5a184f58af59ad71d1f5783f26bc3de86a73f20b1664f739620f8a28abb3be,,
1.0,G02-260202-121756-962,G02-260202-121756-962.bmp,G02,2026-02-02T12:17:56,2026-02-02,G02_2026-02-02,962,train,normal,,1025,1281,1,33599f1510a5c0b09ef7315446698328876bb112f2576867bd893484a24fe4d7,,
1.0,G02-260202-121802-963,G02-260202-121802-963.bmp,G02,2026-02-02T12:18:02,2026-02-02,G02_2026-02-02,963,train,normal,,1025,1281,1,212f7993fc2ca1fe78dfe5a651d41a5e690504134583dc9366e4d6fe690545de,,
1.0,G02-260202-121825-964,G02-260202-121825-964.bmp,G02,2026-02-02T12:18:25,2026-02-02,G02_2026-02-02,964,train,normal,,1025,1281,1,57ec36ac4deef0724b7863232d8b46bbf36712bcb86629a80c95f3bc2b01e410,,
1.0,G02-260202-121833-965,G02-260202-121833-965.bmp,G02,2026-02-02T12:18:33,2026-02-02,G02_2026-02-02,965,train,normal,,1025,1281,1,4e3759f4362e2904ff9b25289e63bcc1b3b4b84eed13b2438bea76c8086b7852,,
1.0,G02-260202-121857-966,G02-260202-121857-966.bmp,G02,2026-02-02T12:18:57,2026-02-02,G02_2026-02-02,966,train,normal,,1025,1281,1,f71d8d49bbef5d3168072718e491ee1d0520ad2326aa351f3b15a3d2e5fd5657,,
1.0,G02-260202-121904-967,G02-260202-121904-967.bmp,G02,2026-02-02T12:19:04,2026-02-02,G02_2026-02-02,967,train,normal,,1025,1281,1,17296e23ab0784dfbc437980e237c5be7578458bdaf45e3d0893a28f2ca653d8,,
1.0,G02-260202-121925-968,G02-260202-121925-968.bmp,G02,2026-02-02T12:19:25,2026-02-02,G02_2026-02-02,968,train,normal,,1025,1281,1,ec2d27a28e4c788fdc2318fca1a67c3e7411c1481bb54fbdcb5d183e87f8d832,,
1.0,G02-260202-121932-969,G02-260202-121932-969.bmp,G02,2026-02-02T12:19:32,2026-02-02,G02_2026-02-02,969,train,normal,,1025,1281,1,37732936e6aacba63f486a6146d25237cc11d38d0e3378060cad823cbc69f2d4,,
1.0,G02-260202-121955-970,G02-260202-121955-970.bmp,G02,2026-02-02T12:19:55,2026-02-02,G02_2026-02-02,970,train,normal,,1025,1281,1,6c6a2fdce586f62af83e28923b9f708e30191475f127c53c2025032488b85707,,
1.0,G02-260202-121959-971,G02-260202-121959-971.bmp,G02,2026-02-02T12:19:59,2026-02-02,G02_2026-02-02,971,train,normal,,1025,1281,1,e19c71b6fbc82b9603aeba5e16108e441551f42b98e05fdf18e4c4ce31ff88ed,,
1.0,G02-260202-122006-972,G02-260202-122006-972.bmp,G02,2026-02-02T12:20:06,2026-02-02,G02_2026-02-02,972,train,normal,,1025,1281,1,2f2a9d80ad2c90aef3e4a4350119b0f426e85bad79607154b930d96409f9f7b0,,
1.0,G02-260202-122012-973,G02-260202-122012-973.bmp,G02,2026-02-02T12:20:12,2026-02-02,G02_2026-02-02,973,train,normal,,1025,1281,1,42a5627482d86ddb35093d5f6947c354a0fb2961c2433c64bed550bbf0edab35,,
1.0,G02-260202-122025-974,G02-260202-122025-974.bmp,G02,2026-02-02T12:20:25,2026-02-02,G02_2026-02-02,974,train,normal,,1025,1281,1,a9a3c8c05882839628fa3ac3c179f205f056e137d011ccac9d7c07c0cafd6214,,
1.0,G02-260202-122031-975,G02-260202-122031-975.bmp,G02,2026-02-02T12:20:31,2026-02-02,G02_2026-02-02,975,train,normal,,1025,1281,1,0d3f90585e60bf9eb9c665e4f99e798296c45b037117ca472c86ed50100dd706,,
1.0,G02-260202-122055-977,G02-260202-122055-977.bmp,G02,2026-02-02T12:20:55,2026-02-02,G02_2026-02-02,977,train,normal,,1025,1281,1,83ef82b8f0417d8b04ec7bb4e42fdb60279fedcfd3b9ece7d07c19f152fb09e3,,
1.0,G02-260202-122101-978,G02-260202-122101-978.bmp,G02,2026-02-02T12:21:01,2026-02-02,G02_2026-02-02,978,train,normal,,1025,1281,1,85b2e05dcd0dab80e8cdbcee4ec1ba6c3c0067758238bc413035edb4a82e1065,,
1.0,G02-260202-122125-979,G02-260202-122125-979.bmp,G02,2026-02-02T12:21:25,2026-02-02,G02_2026-02-02,979,train,normal,,1025,1281,1,cf29048d6a4e1884a600fc61cb663c274f5cee06b71f3d35c4019d517a1dadd6,,
1.0,G02-260202-122132-980,G02-260202-122132-980.bmp,G02,2026-02-02T12:21:32,2026-02-02,G02_2026-02-02,980,train,normal,,1025,1281,1,5ae3af5eb5e26feae94d2fcb84e5967de03d75fbb85863c7243d988516a08d2d,,
1.0,G02-260202-122155-981,G02-260202-122155-981.bmp,G02,2026-02-02T12:21:55,2026-02-02,G02_2026-02-02,981,train,normal,,1025,1281,1,89087d205bb3de87297f60b7bf62e850aca947249fab5adb8b535889eea3562c,,
1.0,G02-260202-122202-982,G02-260202-122202-982.bmp,G02,2026-02-02T12:22:02,2026-02-02,G02_2026-02-02,982,train,normal,,1025,1281,1,61eaac539419eeb421fa39ddbc50016b0231f56be7485fb139649d3dc673f17e,,
1.0,G02-260202-122225-983,G02-260202-122225-983.bmp,G02,2026-02-02T12:22:25,2026-02-02,G02_2026-02-02,983,train,normal,,1025,1281,1,01a691641be8b00ffcf09da7f4f5e4f3bd61b5819e8d9d45b623e0e13ca0cbbb,,
1.0,G02-260202-122231-984,G02-260202-122231-984.bmp,G02,2026-02-02T12:22:31,2026-02-02,G02_2026-02-02,984,train,normal,,1025,1281,1,d231052a9435bc3be41f8ada395bc05b1b37c742036a9339c7b2ba216384136e,,
1.0,G02-260202-122255-985,G02-260202-122255-985.bmp,G02,2026-02-02T12:22:55,2026-02-02,G02_2026-02-02,985,train,normal,,1025,1281,1,e7c0ecd6945cfda525e682ea9f93c8076b19d2812f3bb60ac60a8ebd3ae22dd0,,
1.0,G02-260202-122302-986,G02-260202-122302-986.bmp,G02,2026-02-02T12:23:02,2026-02-02,G02_2026-02-02,986,train,normal,,1025,1281,1,7cc7fd1c732a9966c568d3751fd64250de24356b019f705ba5e05d97bb9d622d,,
1.0,G02-260202-122328-987,G02-260202-122328-987.bmp,G02,2026-02-02T12:23:28,2026-02-02,G02_2026-02-02,987,train,normal,,1025,1281,1,54a120812e03f46565ae22c48080d1ce52f540d3d540644a9f3847e0cb4bf998,,
1.0,G02-260202-122334-988,G02-260202-122334-988.bmp,G02,2026-02-02T12:23:34,2026-02-02,G02_2026-02-02,988,train,normal,,1025,1281,1,d793c4e0bbe830fc3e1b8ad5ded36dc508d48154de8f2db5b9ccb1d5a0013540,,
1.0,G02-260202-122358-989,G02-260202-122358-989.bmp,G02,2026-02-02T12:23:58,2026-02-02,G02_2026-02-02,989,train,normal,,1025,1281,1,9bd194e44266cf9588539b60adaed7a3fc4684cdfac319e5d7fd22efc57877d8,,
1.0,G02-260202-122405-990,G02-260202-122405-990.bmp,G02,2026-02-02T12:24:05,2026-02-02,G02_2026-02-02,990,train,normal,,1025,1281,1,0c43e11a513c8eb7d168e43820a0e9de532807c8ceacdbc6229e28d4507ee733,,
1.0,G02-260202-122426-991,G02-260202-122426-991.bmp,G02,2026-02-02T12:24:26,2026-02-02,G02_2026-02-02,991,train,normal,,1025,1281,1,0f691313bf667d85c4941b8fa11eb941b542f08deb1f5a96c6cf70cbea2ab800,,
1.0,G02-260202-122433-992,G02-260202-122433-992.bmp,G02,2026-02-02T12:24:33,2026-02-02,G02_2026-02-02,992,train,normal,,1025,1281,1,d881726b8dd72653b9aefe3926df66294acd5029589236ad4931547246646062,,
1.0,G02-260202-122504-993,G02-260202-122504-993.bmp,G02,2026-02-02T12:25:04,2026-02-02,G02_2026-02-02,993,train,normal,,1025,1281,1,f75b52c857078685d69a94933b700565ed15aea633ff3585b29222b33238de0a,,
1.0,G02-260202-122512-994,G02-260202-122512-994.bmp,G02,2026-02-02T12:25:12,2026-02-02,G02_2026-02-02,994,train,normal,,1025,1281,1,1421fa1ed60b644dcb033da19d2d98a17c452dd69dfb5b8cbef92d58f19fcb75,,
1.0,G02-260202-122530-995,G02-260202-122530-995.bmp,G02,2026-02-02T12:25:30,2026-02-02,G02_2026-02-02,995,train,normal,,1025,1281,1,433d3bac90cd07f3a200db3defbcd240ce782cbad4fdc66199b1bc776bb89f86,,
1.0,G02-260202-122536-996,G02-260202-122536-996.bmp,G02,2026-02-02T12:25:36,2026-02-02,G02_2026-02-02,996,train,normal,,1025,1281,1,652959c58b825a057269ba821376a65b00105f7387327e579cda92d2def6057a,,
1.0,G02-260202-122558-997,G02-260202-122558-997.bmp,G02,2026-02-02T12:25:58,2026-02-02,G02_2026-02-02,997,train,normal,,1025,1281,1,d42fa155b3c05dca302c64cad9992755018c81bc11f4d292de24faa8e557b2bc,,
1.0,G02-260202-122604-998,G02-260202-122604-998.bmp,G02,2026-02-02T12:26:04,2026-02-02,G02_2026-02-02,998,train,normal,,1025,1281,1,2bf234bdfbcc8acbcb49bfc6818cac116c9c810c064280afe3b4a54dc1d4f02d,,
1.0,G02-260202-122625-999,G02-260202-122625-999.bmp,G02,2026-02-02T12:26:25,2026-02-02,G02_2026-02-02,999,train,normal,,1025,1281,1,751b9c26c5720188cb097d4aa0c8f7056d79acce60033e8ff959f2e7b402fb57,,
1.0,G02-260202-122631-000,G02-260202-122631-000.bmp,G02,2026-02-02T12:26:31,2026-02-02,G02_2026-02-02,0,train,normal,,1025,1281,1,ed496881244273309a7c3272d8bd924d9c54a38496594478fcfd9498ec877b74,,
1.0,G02-260202-122658-001,G02-260202-122658-001.bmp,G02,2026-02-02T12:26:58,2026-02-02,G02_2026-02-02,1,train,normal,,1025,1281,1,c5555cd84458e15b8753dd76a741227e6b886dd91f096a7df09d97bfb9c6e8ed,,
1.0,G02-260202-122704-002,G02-260202-122704-002.bmp,G02,2026-02-02T12:27:04,2026-02-02,G02_2026-02-02,2,train,normal,,1025,1281,1,07dba8a1fe48e6254482603d113ea12787893cfeaed9fdf89e238034d1571db0,,
1.0,G02-260202-122726-003,G02-260202-122726-003.bmp,G02,2026-02-02T12:27:26,2026-02-02,G02_2026-02-02,3,train,normal,,1025,1281,1,360dbdf037117b6a2e354aad634ea763006d5fb6f669e7d1e529ae36fc214ee3,,
1.0,G02-260202-122734-004,G02-260202-122734-004.bmp,G02,2026-02-02T12:27:34,2026-02-02,G02_2026-02-02,4,train,normal,,1025,1281,1,fa319346354eda330345b03eee8eaee77f8d8636a5051fffd13dccf7f1b2b496,,
1.0,G02-260202-122800-005,G02-260202-122800-005.bmp,G02,2026-02-02T12:28:00,2026-02-02,G02_2026-02-02,5,train,normal,,1025,1281,1,6e7d6e182088314b691d737fbf550e76c9587e6757f9a1748be2f733823cd8de,,
1.0,G02-260202-122806-006,G02-260202-122806-006.bmp,G02,2026-02-02T12:28:06,2026-02-02,G02_2026-02-02,6,train,normal,,1025,1281,1,870d7e2d49323e7a157cb1f418f7cf1d4a3902eae070d84228da0e718c5b20bd,,
1.0,G02-260202-122828-007,G02-260202-122828-007.bmp,G02,2026-02-02T12:28:28,2026-02-02,G02_2026-02-02,7,train,normal,,1025,1281,1,bd23922f661b89f5e5243e7c10fb4300bd018ac329f08035404f6cac770af43e,,
1.0,G02-260202-122834-008,G02-260202-122834-008.bmp,G02,2026-02-02T12:28:34,2026-02-02,G02_2026-02-02,8,train,normal,,1025,1281,1,731ccbb57d083e4114afc3ce1cb33b58daae1edea0ae92dc2bb6f2cd94964787,,
1.0,G02-260202-122858-009,G02-260202-122858-009.bmp,G02,2026-02-02T12:28:58,2026-02-02,G02_2026-02-02,9,train,normal,,1025,1281,1,0ba6995b86d36eec454e6ec6739f7885c1b44db4f6f8a2bb03467342143bc945,,
1.0,G02-260202-122904-010,G02-260202-122904-010.bmp,G02,2026-02-02T12:29:04,2026-02-02,G02_2026-02-02,10,train,normal,,1025,1281,1,dc0b61b18503b1598b43d74df80311a21fe2a8d8b7d73417d480ef647916e916,,
1.0,G02-260202-122926-011,G02-260202-122926-011.bmp,G02,2026-02-02T12:29:26,2026-02-02,G02_2026-02-02,11,train,normal,,1025,1281,1,9c66c109458f64a905ea1573391ccdc83dc1d98bf52281499c2e577c9ec3b019,,
1.0,G02-260202-122933-012,G02-260202-122933-012.bmp,G02,2026-02-02T12:29:33,2026-02-02,G02_2026-02-02,12,train,normal,,1025,1281,1,bff96ff3bde3a971a38b591097e3dc9482e38f2ff15e9e33cc700fcd793c8927,,
1.0,G02-260202-123000-013,G02-260202-123000-013.bmp,G02,2026-02-02T12:30:00,2026-02-02,G02_2026-02-02,13,train,normal,,1025,1281,1,9b81f1631c3ae5100f37d6815c13867dc3a7c4ed3658b5d578182c736e1c7ab7,,
1.0,G02-260202-123006-014,G02-260202-123006-014.bmp,G02,2026-02-02T12:30:06,2026-02-02,G02_2026-02-02,14,train,normal,,1025,1281,1,dde863f3f87fa321d3a8c7d460be48a3ea16c2f43c2ec8dc2aa99db0c451663e,,
1.0,G02-260202-123028-015,G02-260202-123028-015.bmp,G02,2026-02-02T12:30:28,2026-02-02,G02_2026-02-02,15,train,normal,,1025,1281,1,9ffe705bf0561c7f01f334b9b56d72a0b65afaddab1283e7325d071112463d46,,
1.0,G02-260202-123035-016,G02-260202-123035-016.bmp,G02,2026-02-02T12:30:35,2026-02-02,G02_2026-02-02,16,train,normal,,1025,1281,1,ca59727a0ea243fa21d48d2a56ec554d8864467c1b58f9166c2eaaea74ba115f,,
1.0,G02-260202-123058-017,G02-260202-123058-017.bmp,G02,2026-02-02T12:30:58,2026-02-02,G02_2026-02-02,17,train,normal,,1025,1281,1,11fba6ccee99a0271f6e746257631c89bf3a4c38bd5efae559462568544511ca,,
1.0,G02-260202-123105-018,G02-260202-123105-018.bmp,G02,2026-02-02T12:31:05,2026-02-02,G02_2026-02-02,18,train,normal,,1025,1281,1,19a56b18eba582d9ffc94fbec6ab69dad9eeabd70746921bb9d2f0cbf5437cef,,
1.0,G02-260202-123128-019,G02-260202-123128-019.bmp,G02,2026-02-02T12:31:28,2026-02-02,G02_2026-02-02,19,train,normal,,1025,1281,1,834a97ae44fc7e4afd7e071582018a8bce70c53d8cb2f34765366d520f7b7c93,,
1.0,G02-260202-123135-020,G02-260202-123135-020.bmp,G02,2026-02-02T12:31:35,2026-02-02,G02_2026-02-02,20,train,normal,,1025,1281,1,d9d11af1d37e2cad8cbd6d9f01143979401ef54abb15779a9f0af8bf9c3f8fa2,,
1.0,G02-260202-123158-021,G02-260202-123158-021.bmp,G02,2026-02-02T12:31:58,2026-02-02,G02_2026-02-02,21,train,normal,,1025,1281,1,86a51ebd1b138e21a420d76fa04c67efccfdc8b199f3bf0fea0399a8e9292511,,
1.0,G02-260202-123205-022,G02-260202-123205-022.bmp,G02,2026-02-02T12:32:05,2026-02-02,G02_2026-02-02,22,train,normal,,1025,1281,1,2be6ad5471ea3458711c10a9cdf7682a2d21fb930123063f07f0341f4b2a3846,,
1.0,G02-260202-123227-023,G02-260202-123227-023.bmp,G02,2026-02-02T12:32:27,2026-02-02,G02_2026-02-02,23,train,normal,,1025,1281,1,e04d7a3844734698642f9c12174f0145dc71c247fc99fcde4ff3c7c6bfcdf196,,
1.0,G02-260202-123233-024,G02-260202-123233-024.bmp,G02,2026-02-02T12:32:33,2026-02-02,G02_2026-02-02,24,train,normal,,1025,1281,1,9bce6d5b650b35495d0af42cb21d7ca2f5519be75015e19c0842cc8a84d727a2,,
1.0,G02-260202-123258-025,G02-260202-123258-025.bmp,G02,2026-02-02T12:32:58,2026-02-02,G02_2026-02-02,25,train,normal,,1025,1281,1,69d0af3ac56d28d1963848673b3751353e79df114865657b9ad16bfeadd1e11c,,
1.0,G02-260202-123304-026,G02-260202-123304-026.bmp,G02,2026-02-02T12:33:04,2026-02-02,G02_2026-02-02,26,train,normal,,1025,1281,1,d024ab2403627e825db6218aacd9f9e70f555fed422d15446b1432632a80778f,,
1.0,G02-260202-123327-027,G02-260202-123327-027.bmp,G02,2026-02-02T12:33:27,2026-02-02,G02_2026-02-02,27,train,normal,,1025,1281,1,bbf692c8ff5d8c2f6d98091a07db9be4431d4fde955a15b78730a5d7a917b4c7,,
1.0,G02-260202-123334-028,G02-260202-123334-028.bmp,G02,2026-02-02T12:33:34,2026-02-02,G02_2026-02-02,28,train,normal,,1025,1281,1,9cd25b17f80529afb1f4491f543c7d56c54ca2f8c82411501402bc85283d97ac,,
1.0,G02-260202-123400-029,G02-260202-123400-029.bmp,G02,2026-02-02T12:34:00,2026-02-02,G02_2026-02-02,29,train,normal,,1025,1281,1,22b80c97a1dd10810779e1852b0fa91f2c2ff2f15486dd85c10f6354874e605b,,
1.0,G02-260202-123406-030,G02-260202-123406-030.bmp,G02,2026-02-02T12:34:06,2026-02-02,G02_2026-02-02,30,train,normal,,1025,1281,1,c3bc13bcb3f7d744d912e7d9ce275cc6e9f5abdc0c22a7c66cda8dbfed4e4a2a,,
1.0,G02-260202-123429-031,G02-260202-123429-031.bmp,G02,2026-02-02T12:34:29,2026-02-02,G02_2026-02-02,31,train,normal,,1025,1281,1,df22f7f70ba77ec5811e49efc3fd4be5e1350787a9d462315a122a876a6af3ba,,
1.0,G02-260202-123436-032,G02-260202-123436-032.bmp,G02,2026-02-02T12:34:36,2026-02-02,G02_2026-02-02,32,train,normal,,1025,1281,1,dc39d196e9a4a29c4d5a3cbadb62ce28368fefb464d2eb818d7493b7d858b07c,,
1.0,G02-260202-123458-033,G02-260202-123458-033.bmp,G02,2026-02-02T12:34:58,2026-02-02,G02_2026-02-02,33,train,normal,,1025,1281,1,44ad41b59f221113950c0a0cb5b84a15ba9c0268ed0890aaeb0ef8181ea51e4b,,
1.0,G02-260202-123504-034,G02-260202-123504-034.bmp,G02,2026-02-02T12:35:04,2026-02-02,G02_2026-02-02,34,train,normal,,1025,1281,1,756644b786cc7ec5092c39f946cfde4560af6eb214beb244915a628e40fc8cb5,,
1.0,G02-260202-123528-035,G02-260202-123528-035.bmp,G02,2026-02-02T12:35:28,2026-02-02,G02_2026-02-02,35,train,normal,,1025,1281,1,c3e8f5ea6b7cbcce8a7aa56f5393465b95e06b66bc8629f5aedb3bf4489b26bb,,
1.0,G02-260202-123535-036,G02-260202-123535-036.bmp,G02,2026-02-02T12:35:35,2026-02-02,G02_2026-02-02,36,train,normal,,1025,1281,1,ab61d1644746fd8da7b58787fc7ebc2083d365b5164da1d0f09d1223f8c67296,,
1.0,G02-260202-123559-037,G02-260202-123559-037.bmp,G02,2026-02-02T12:35:59,2026-02-02,G02_2026-02-02,37,train,normal,,1025,1281,1,edeee32770ff4db7de732f40837fee0197ec1f22e0f34ea8fa4dab04715c37f5,,
1.0,G02-260202-123605-038,G02-260202-123605-038.bmp,G02,2026-02-02T12:36:05,2026-02-02,G02_2026-02-02,38,train,normal,,1025,1281,1,8ee446616c3c2c7566d2555daa57d1377bae30b53c6ef71d966250189620861a,,
1.0,G02-260202-123627-039,G02-260202-123627-039.bmp,G02,2026-02-02T12:36:27,2026-02-02,G02_2026-02-02,39,train,normal,,1025,1281,1,64e8d051ea911e6b26b2370bdfcb7802f5f89f44b98002a0e74849cd29e6e52e,,
1.0,G02-260202-123634-040,G02-260202-123634-040.bmp,G02,2026-02-02T12:36:34,2026-02-02,G02_2026-02-02,40,train,normal,,1025,1281,1,fbcf18d043e5410550803b925ad2f296bdce2647a8d587cb72879ef21159e6e2,,
1.0,G02-260202-123651-041,G02-260202-123651-041.bmp,G02,2026-02-02T12:36:51,2026-02-02,G02_2026-02-02,41,train,normal,,1025,1281,1,b3cfc6aa8defaba4cf824d02eeecd10655989e33002b5f3cd5e447ca16aeb5d8,,
1.0,G02-260202-123728-042,G02-260202-123728-042.bmp,G02,2026-02-02T12:37:28,2026-02-02,G02_2026-02-02,42,train,normal,,1025,1281,1,7bf28af0d56662108fae256fc91fd32f2a7ebf52c66fe1dfedce32e8f4406c30,,
1.0,G02-260202-123735-043,G02-260202-123735-043.bmp,G02,2026-02-02T12:37:35,2026-02-02,G02_2026-02-02,43,train,normal,,1025,1281,1,48a2e8a66cc8fb5e683ff41eb5b085c845fd9217d8c9279fc2f2d83d46df213f,,
1.0,G02-260202-123741-044,G02-260202-123741-044.bmp,G02,2026-02-02T12:37:41,2026-02-02,G02_2026-02-02,44,train,normal,,1025,1281,1,7b1b7491c8a8febb719923f4bd515307c24b5417acdd6efb4bdf892a70248825,,
1.0,G02-260202-123759-045,G02-260202-123759-045.bmp,G02,2026-02-02T12:37:59,2026-02-02,G02_2026-02-02,45,train,normal,,1025,1281,1,04eddcade171b1eb276f3932e6a6e776c283fedcd5556d41720e740d3e65f70e,,
1.0,G02-260202-123806-046,G02-260202-123806-046.bmp,G02,2026-02-02T12:38:06,2026-02-02,G02_2026-02-02,46,train,normal,,1025,1281,1,fd8b9129db67848129fd02eb6ed53a6441d26cc847187f69189fa1a8d71de4d5,,
1.0,G02-260202-123829-047,G02-260202-123829-047.bmp,G02,2026-02-02T12:38:29,2026-02-02,G02_2026-02-02,47,train,normal,,1025,1281,1,74320775ecb4c69721add018bd3d3c08260721be013f4faafd8788335f5356a0,,
1.0,G02-260202-123835-048,G02-260202-123835-048.bmp,G02,2026-02-02T12:38:35,2026-02-02,G02_2026-02-02,48,train,normal,,1025,1281,1,77ba9bfdd2e7c596fafa1fb9f073a108fd3b42dbdc20a8254db2571c0c6d486b,,
1.0,G02-260202-123858-049,G02-260202-123858-049.bmp,G02,2026-02-02T12:38:58,2026-02-02,G02_2026-02-02,49,train,normal,,1025,1281,1,fe05549aa0b46440a811f0061444426abcadb6eeba8578de29823d87d35d3e1d,,
1.0,G02-260202-123905-050,G02-260202-123905-050.bmp,G02,2026-02-02T12:39:05,2026-02-02,G02_2026-02-02,50,train,normal,,1025,1281,1,34fa1e6f5a74cd8ce4c7917606f00958243d12b8325072a07ff9c4399915eec7,,
1.0,G02-260202-123928-051,G02-260202-123928-051.bmp,G02,2026-02-02T12:39:28,2026-02-02,G02_2026-02-02,51,train,normal,,1025,1281,1,1e25fbc8bd6e909bf0dab391876c8b7e43713842326c029b0ca558c7e786f34b,,
1.0,G02-260202-123935-052,G02-260202-123935-052.bmp,G02,2026-02-02T12:39:35,2026-02-02,G02_2026-02-02,52,train,normal,,1025,1281,1,02d3e6c6c9ec639ce3909d90e0273bc32a5aded0b75403e3cfb72c713d20c12e,,
1.0,G02-260202-123957-053,G02-260202-123957-053.bmp,G02,2026-02-02T12:39:57,2026-02-02,G02_2026-02-02,53,train,normal,,1025,1281,1,aed1b8d8d3f09846f050db4cf9191f95e5004cce913fa1b4b71692de8a1d262a,,
1.0,G02-260202-124003-054,G02-260202-124003-054.bmp,G02,2026-02-02T12:40:03,2026-02-02,G02_2026-02-02,54,train,normal,,1025,1281,1,15d2f4f562e4f4eccb1293840083952e239bf3709d69a9d8f2cac29a72fb8499,,
1.0,G02-260202-124027-055,G02-260202-124027-055.bmp,G02,2026-02-02T12:40:27,2026-02-02,G02_2026-02-02,55,train,normal,,1025,1281,1,f2f72d4c0716c3412bed9dba5506742a64cf4a2ee5f2b5ec4bffa97022a2d9b9,,
1.0,G02-260202-124033-056,G02-260202-124033-056.bmp,G02,2026-02-02T12:40:33,2026-02-02,G02_2026-02-02,56,train,normal,,1025,1281,1,d71a07a1a8a82b719b647a04d9baf152d864c00d71c4b9ae1f7b9e55e3c2b79f,,
1.0,G02-260202-124052-057,G02-260202-124052-057.bmp,G02,2026-02-02T12:40:52,2026-02-02,G02_2026-02-02,57,train,normal,,1025,1281,1,23320211457c07d13c8c8d24444b664434b6fa3ccfbf62db9d500704822dd3d1,,
1.0,G02-260202-124117-058,G02-260202-124117-058.bmp,G02,2026-02-02T12:41:17,2026-02-02,G02_2026-02-02,58,train,normal,,1025,1281,1,b4658a0b299e5eb21db467c12fd8972611433efa22122ac09d2f389fc5115415,,
1.0,G02-260202-124133-059,G02-260202-124133-059.bmp,G02,2026-02-02T12:41:33,2026-02-02,G02_2026-02-02,59,train,normal,,1025,1281,1,d8f6ede2254e3c10be7ff908249b8a6129ff50e0d114be2f82f6a6b5ad4ced51,,
1.0,G02-260202-124144-060,G02-260202-124144-060.bmp,G02,2026-02-02T12:41:44,2026-02-02,G02_2026-02-02,60,train,normal,,1025,1281,1,3759816ac9f03196b465ba0b57e45cd538f17822b8dea0eded701e64279c7283,,
1.0,G02-260202-124201-061,G02-260202-124201-061.bmp,G02,2026-02-02T12:42:01,2026-02-02,G02_2026-02-02,61,train,normal,,1025,1281,1,0585b98db2928166a1b1888db1543a0ae5fa0c089f102b7a020b6b1246570f9e,,
1.0,G02-260202-124207-062,G02-260202-124207-062.bmp,G02,2026-02-02T12:42:07,2026-02-02,G02_2026-02-02,62,train,normal,,1025,1281,1,0f10850994bae6d71b9b11344a7cc7c49afbca5b07bca57cb4c372fd2bb46f87,,
1.0,G02-260202-124224-063,G02-260202-124224-063.bmp,G02,2026-02-02T12:42:24,2026-02-02,G02_2026-02-02,63,train,normal,,1025,1281,1,1b16d123856bc87df9c0db8c2e8e3721753a2139b587e41c2a8c414a8c2f3fbe,,
1.0,G02-260202-124238-064,G02-260202-124238-064.bmp,G02,2026-02-02T12:42:38,2026-02-02,G02_2026-02-02,64,train,normal,,1025,1281,1,adc5587b98872d48b84c3507ad8b6ec13cc052201e46b6f449b5f7b74430ceab,,
1.0,G02-260202-124301-065,G02-260202-124301-065.bmp,G02,2026-02-02T12:43:01,2026-02-02,G02_2026-02-02,65,train,normal,,1025,1281,1,11012d1011279bac599c86f8ef682098cd8be6d3949b39c44e0a6a251adc59e4,,
1.0,G02-260202-124308-066,G02-260202-124308-066.bmp,G02,2026-02-02T12:43:08,2026-02-02,G02_2026-02-02,66,train,normal,,1025,1281,1,9b3d76e95e2bee99ae3579b64677de8b96873afc676a9b41623c8b284e6cb098,,
1.0,G02-260202-124334-067,G02-260202-124334-067.bmp,G02,2026-02-02T12:43:34,2026-02-02,G02_2026-02-02,67,train,normal,,1025,1281,1,9c126d897bb8436135e4bf5f218bba2eb3383d32b5d9c71a905a51a931c9de27,,
1.0,G02-260202-124340-068,G02-260202-124340-068.bmp,G02,2026-02-02T12:43:40,2026-02-02,G02_2026-02-02,68,train,normal,,1025,1281,1,2ac4fa32cdd14222ac3c4c7ade9e9aabf43ebc8d1be32672a54fe12ced4befdc,,
1.0,G02-260202-124401-069,G02-260202-124401-069.bmp,G02,2026-02-02T12:44:01,2026-02-02,G02_2026-02-02,69,train,normal,,1025,1281,1,bb59587d372826e04ad9ea3fd04ff7dd56a4b28db8a42512c872251d3d542def,,
1.0,G02-260202-124409-070,G02-260202-124409-070.bmp,G02,2026-02-02T12:44:09,2026-02-02,G02_2026-02-02,70,train,normal,,1025,1281,1,cca8aea3d9ca2f7b7e6a94757ee30f5aa9c3de3171e55ea60eddc24b452afb62,,
1.0,G02-260202-124446-071,G02-260202-124446-071.bmp,G02,2026-02-02T12:44:46,2026-02-02,G02_2026-02-02,71,train,normal,,1025,1281,1,195c9a9ca99d8c33b59674c5eeefd56ac80501539b8330042eee6c906a520d6c,,
1.0,G02-260202-124453-072,G02-260202-124453-072.bmp,G02,2026-02-02T12:44:53,2026-02-02,G02_2026-02-02,72,train,normal,,1025,1281,1,01c96466dfd8b7e15219a9ed08da57b9320afbc26f86a33fd04c46276346ee61,,
1.0,G02-260202-124512-073,G02-260202-124512-073.bmp,G02,2026-02-02T12:45:12,2026-02-02,G02_2026-02-02,73,train,normal,,1025,1281,1,fa802add7d5469830e718eacac11e7c3761cc2ec3ba83a1b67b9b6c9bc4c52e9,,
1.0,G02-260202-124531-074,G02-260202-124531-074.bmp,G02,2026-02-02T12:45:31,2026-02-02,G02_2026-02-02,74,train,normal,,1025,1281,1,add9b05edc795e39f4d12e3c4faebdc599ea500b8422d4bf38ba3c0275fa9660,,
1.0,G02-260202-124542-075,G02-260202-124542-075.bmp,G02,2026-02-02T12:45:42,2026-02-02,G02_2026-02-02,75,train,normal,,1025,1281,1,452433a185b521feceb2eece43c95a3d546274cc1de20c19068f9f24265c4193,,
1.0,G02-260202-124549-076,G02-260202-124549-076.bmp,G02,2026-02-02T12:45:49,2026-02-02,G02_2026-02-02,76,train,normal,,1025,1281,1,f119b5aaddfe3e55a3a9b728f1ed26265239793147b1d8539dbaeee2fd65dfac,,
1.0,G02-260202-124601-077,G02-260202-124601-077.bmp,G02,2026-02-02T12:46:01,2026-02-02,G02_2026-02-02,77,train,normal,,1025,1281,1,1ef18df61c1773a07d6d641305face286ae2a0a82de9ffda6943cc213533257b,,
1.0,G02-260202-124607-078,G02-260202-124607-078.bmp,G02,2026-02-02T12:46:07,2026-02-02,G02_2026-02-02,78,train,normal,,1025,1281,1,0118ed16782b19a6c2b13200993a0d07cf4e400124d543c8fd9695a1408160d5,,
1.0,G02-260202-124629-079,G02-260202-124629-079.bmp,G02,2026-02-02T12:46:29,2026-02-02,G02_2026-02-02,79,train,normal,,1025,1281,1,be1f9ff22a705bdb1bb361b13c03af1918f77b53cc2ba0ca5f9c036b9c1bfd9f,,
1.0,G02-260202-124635-080,G02-260202-124635-080.bmp,G02,2026-02-02T12:46:35,2026-02-02,G02_2026-02-02,80,train,normal,,1025,1281,1,591f1c212e569c1e9b32fc27d6042fccbed4362d15d82f4ee710d065ab1eda4d,,
1.0,G02-260202-124700-081,G02-260202-124700-081.bmp,G02,2026-02-02T12:47:00,2026-02-02,G02_2026-02-02,81,train,normal,,1025,1281,1,722d6a71d689617baccae09c013e6cb7e0882b90ccb5fc2afdf68ee552e987f8,,
1.0,G02-260202-124706-082,G02-260202-124706-082.bmp,G02,2026-02-02T12:47:06,2026-02-02,G02_2026-02-02,82,train,normal,,1025,1281,1,0c86a33345d5bc023a73473e44af5cbab23cb9aceeca68133d06b12f27b693c6,,
1.0,G02-260202-124729-083,G02-260202-124729-083.bmp,G02,2026-02-02T12:47:29,2026-02-02,G02_2026-02-02,83,train,normal,,1025,1281,1,b8624ed8ad46b124c32afee82f8694b682c21cc018af9781eb93eb87cb85a48a,,
1.0,G02-260202-124736-084,G02-260202-124736-084.bmp,G02,2026-02-02T12:47:36,2026-02-02,G02_2026-02-02,84,train,normal,,1025,1281,1,c6b4dfcde9d83ea225ff49dfcb7896db7e30d337434547f39d7f0d0a0592662f,,
1.0,G02-260202-124801-085,G02-260202-124801-085.bmp,G02,2026-02-02T12:48:01,2026-02-02,G02_2026-02-02,85,train,normal,,1025,1281,1,3e8006a2f511d80d8b179dbfbba21737dc98626ed7203af1b6dccbf5d763ceb4,,
1.0,G02-260202-124807-086,G02-260202-124807-086.bmp,G02,2026-02-02T12:48:07,2026-02-02,G02_2026-02-02,86,train,normal,,1025,1281,1,86bac9327ff1ba4338ccdaeda33ac86d004dda42502f3b5e49f6412ebd7a0c82,,
1.0,G02-260202-124830-087,G02-260202-124830-087.bmp,G02,2026-02-02T12:48:30,2026-02-02,G02_2026-02-02,87,train,normal,,1025,1281,1,b840f5a9efbf9131c548b5c9f2c9873ea7715686e9052430ab164ca01470b4f6,,
1.0,G02-260202-124836-088,G02-260202-124836-088.bmp,G02,2026-02-02T12:48:36,2026-02-02,G02_2026-02-02,88,train,normal,,1025,1281,1,7c0c4162976d484b76c3f6f94c6335842c706ff5986aeafae240776cb37e10c2,,
1.0,G02-260202-124858-089,G02-260202-124858-089.bmp,G02,2026-02-02T12:48:58,2026-02-02,G02_2026-02-02,89,train,normal,,1025,1281,1,557edc20c4a0de220d82563438d04cd74be76745739723b7adc62e8c906cd508,,
1.0,G02-260202-124904-090,G02-260202-124904-090.bmp,G02,2026-02-02T12:49:04,2026-02-02,G02_2026-02-02,90,train,normal,,1025,1281,1,e0b87bb881ae9a4591c0e0882bc49fd1fe34beed0a84e2a016975bde7a44dae0,,
1.0,G02-260202-124928-091,G02-260202-124928-091.bmp,G02,2026-02-02T12:49:28,2026-02-02,G02_2026-02-02,91,train,normal,,1025,1281,1,330bd4c9fbca7e0e334d8ea44bab7dba9f51d596cd524396bbc02f45b355faa0,,
1.0,G02-260202-124935-092,G02-260202-124935-092.bmp,G02,2026-02-02T12:49:35,2026-02-02,G02_2026-02-02,92,train,normal,,1025,1281,1,637ff17de12a68eefd4774f3160f51771e270639936a5595e35c9eeea9fa822b,,
1.0,G02-260202-124958-093,G02-260202-124958-093.bmp,G02,2026-02-02T12:49:58,2026-02-02,G02_2026-02-02,93,train,normal,,1025,1281,1,e0b6ca9e044ca9525060a4377522f01b169e145a85d83897ab1d60794a352515,,
1.0,G02-260202-125004-094,G02-260202-125004-094.bmp,G02,2026-02-02T12:50:04,2026-02-02,G02_2026-02-02,94,train,normal,,1025,1281,1,a5cbe3f687e942f94b8d056599f8757bdff7a73ecb7879d1ec2ee4a717e935c6,,
1.0,G02-260202-125022-095,G02-260202-125022-095.bmp,G02,2026-02-02T12:50:22,2026-02-02,G02_2026-02-02,95,train,normal,,1025,1281,1,3f050f39302e6e16ce3843924361fbedce35471218273a52cc14aa2dd030530b,,
1.0,G02-260202-125040-096,G02-260202-125040-096.bmp,G02,2026-02-02T12:50:40,2026-02-02,G02_2026-02-02,96,train,normal,,1025,1281,1,a035c41f0a265262f637e825b37cb4bcb6f5e6e4e79ec4d0d9f92e81cf9d5c71,,
1.0,G02-260202-125055-097,G02-260202-125055-097.bmp,G02,2026-02-02T12:50:55,2026-02-02,G02_2026-02-02,97,train,normal,,1025,1281,1,2e31c6470bba5c2a07baef3b7cede57ed3ea7ec2428e5fa6c6fdb6a0dd225f85,,
1.0,G02-260202-125132-098,G02-260202-125132-098.bmp,G02,2026-02-02T12:51:32,2026-02-02,G02_2026-02-02,98,train,normal,,1025,1281,1,8b0e00fe30d5ac1edfdb82730bd104e96e2907258dc3b6b42aa4786af25293e2,,
1.0,G02-260202-125144-099,G02-260202-125144-099.bmp,G02,2026-02-02T12:51:44,2026-02-02,G02_2026-02-02,99,train,normal,,1025,1281,1,fd2ae3c78a83ba018c160cb70520c68d27bcc7bf9555c1f018245164962d71b1,,
1.0,G02-260202-125150-100,G02-260202-125150-100.bmp,G02,2026-02-02T12:51:50,2026-02-02,G02_2026-02-02,100,train,normal,,1025,1281,1,465908645ed831069449477371bf48aa94556d03518ab40eccc8266ac3e83b3a,,
1.0,G02-260202-125202-101,G02-260202-125202-101.bmp,G02,2026-02-02T12:52:02,2026-02-02,G02_2026-02-02,101,train,normal,,1025,1281,1,3e4d08a1e8eec032f98e3b154f8e5e8b93d55e788e67fd68d9b054ded86402c4,,
1.0,G02-260202-125208-102,G02-260202-125208-102.bmp,G02,2026-02-02T12:52:08,2026-02-02,G02_2026-02-02,102,train,normal,,1025,1281,1,0d90048d4041ece0f50cb0795a950d67f626f0922f5149c27467d8828aad4de4,,
1.0,G02-260202-125229-103,G02-260202-125229-103.bmp,G02,2026-02-02T12:52:29,2026-02-02,G02_2026-02-02,103,train,normal,,1025,1281,1,cd99701852a0089e502220054fc48c451826f1a552706fa3eeaa2dfb7a3f1456,,
1.0,G02-260202-125236-104,G02-260202-125236-104.bmp,G02,2026-02-02T12:52:36,2026-02-02,G02_2026-02-02,104,train,normal,,1025,1281,1,131a34f751d39de9b4d41ab7c70f0067bf6b4c001418d08189dc6f1dfca3951a,,
1.0,G02-260202-125302-105,G02-260202-125302-105.bmp,G02,2026-02-02T12:53:02,2026-02-02,G02_2026-02-02,105,train,normal,,1025,1281,1,8e18982f1070c39fc0d630b50f30fb11fe38c9f2f2090230f8cafe95557446f7,,
1.0,G02-260202-125308-106,G02-260202-125308-106.bmp,G02,2026-02-02T12:53:08,2026-02-02,G02_2026-02-02,106,train,normal,,1025,1281,1,d6c0f8eae3751f64f87254861328754d38355892bac946138e426b9b83b06f07,,
1.0,G02-260202-125331-107,G02-260202-125331-107.bmp,G02,2026-02-02T12:53:31,2026-02-02,G02_2026-02-02,107,train,normal,,1025,1281,1,176e2a9d6ca0edc84e3098fc79c3f322911379a60b46ed87753212f06c097593,,
1.0,G02-260202-125337-108,G02-260202-125337-108.bmp,G02,2026-02-02T12:53:37,2026-02-02,G02_2026-02-02,108,train,normal,,1025,1281,1,c9c992780f07aef4c2beddafc35dc07123efb2918cda2f13ae97cc0078d19de9,,
1.0,G02-260202-125359-109,G02-260202-125359-109.bmp,G02,2026-02-02T12:53:59,2026-02-02,G02_2026-02-02,109,train,normal,,1025,1281,1,30c042d8750ff432ecfa0ae22383e3be4c8383a2dd5da403dd6b6c6f84aa7bc7,,
1.0,G02-260202-125407-110,G02-260202-125407-110.bmp,G02,2026-02-02T12:54:07,2026-02-02,G02_2026-02-02,110,train,normal,,1025,1281,1,c396882dd3b76815e7dfad91e6c2a5d99bf3543b8ccc9156ce5f6a1959cf04d2,,
1.0,G02-260202-125432-111,G02-260202-125432-111.bmp,G02,2026-02-02T12:54:32,2026-02-02,G02_2026-02-02,111,train,normal,,1025,1281,1,369d39c1da777911feeffe5242bc655bc853d245a06fee76c683fded388e1079,,
1.0,G02-260202-125438-112,G02-260202-125438-112.bmp,G02,2026-02-02T12:54:38,2026-02-02,G02_2026-02-02,112,train,normal,,1025,1281,1,494b8b323cf961291e1fac7a3285d9d67d2b971d6cdbc3679b4e13e997bfa5c3,,
1.0,G02-260202-125459-113,G02-260202-125459-113.bmp,G02,2026-02-02T12:54:59,2026-02-02,G02_2026-02-02,113,train,normal,,1025,1281,1,c5efec30c84f7c4cb3f942e9ce115d117791b5dc1839f58c327d41f311a5d978,,
1.0,G02-260202-125505-114,G02-260202-125505-114.bmp,G02,2026-02-02T12:55:05,2026-02-02,G02_2026-02-02,114,train,normal,,1025,1281,1,92bfaf1be234d9a8766c678db17b1ac18105ad70e797b5c847006f0fc65293e5,,
1.0,G02-260202-125531-115,G02-260202-125531-115.bmp,G02,2026-02-02T12:55:31,2026-02-02,G02_2026-02-02,115,train,normal,,1025,1281,1,198e4f31c1217318ff3d517ea37713207a6ee54a2759fabe9101ca7889a8b287,,
1.0,G02-260202-125537-116,G02-260202-125537-116.bmp,G02,2026-02-02T12:55:37,2026-02-02,G02_2026-02-02,116,train,normal,,1025,1281,1,cf140f02389ceb42202863705881cf86150732d38a1aabddd7c8f6b21975c560,,
1.0,G02-260202-125558-117,G02-260202-125558-117.bmp,G02,2026-02-02T12:55:58,2026-02-02,G02_2026-02-02,117,train,normal,,1025,1281,1,31ef15698d4933763b73f020939d5657057ff597a8527747e3321f8cf18427e9,,
1.0,G02-260202-125605-118,G02-260202-125605-118.bmp,G02,2026-02-02T12:56:05,2026-02-02,G02_2026-02-02,118,train,normal,,1025,1281,1,66c4b922a930322184195f2c83a303f0df26c02cf7d4184bde1925b11fab6141,,
1.0,G02-260202-125629-119,G02-260202-125629-119.bmp,G02,2026-02-02T12:56:29,2026-02-02,G02_2026-02-02,119,train,normal,,1025,1281,1,6d0d361b08e56cc1187c4ca706a9aee9f0bb922f04ff40e7985966a501b10be2,,
1.0,G02-260202-125635-120,G02-260202-125635-120.bmp,G02,2026-02-02T12:56:35,2026-02-02,G02_2026-02-02,120,train,normal,,1025,1281,1,f488305eccc0ea2f4eeabdc0de2fc09815d4b3f83dd76b84a0fa04cae505e559,,
1.0,G02-260202-125701-121,G02-260202-125701-121.bmp,G02,2026-02-02T12:57:01,2026-02-02,G02_2026-02-02,121,train,normal,,1025,1281,1,334dfb6766805cb28f1d33e99ffc759d8558b383f3c19591cd870590ba4d2e0d,,
1.0,G02-260202-125707-122,G02-260202-125707-122.bmp,G02,2026-02-02T12:57:07,2026-02-02,G02_2026-02-02,122,train,normal,,1025,1281,1,de2c12a2103faa337ad2ecd09fe932e9798866c8cdae7a86c02a75eb69f705cf,,
1.0,G02-260202-125729-123,G02-260202-125729-123.bmp,G02,2026-02-02T12:57:29,2026-02-02,G02_2026-02-02,123,train,normal,,1025,1281,1,1f833f88f643c426ccf2dba747b93a1319a431c6379be118627af4825d25056a,,
1.0,G02-260202-125736-124,G02-260202-125736-124.bmp,G02,2026-02-02T12:57:36,2026-02-02,G02_2026-02-02,124,train,normal,,1025,1281,1,829c33c7357f110af45c7c8ea1dcfd7790c8471f3297acab437e8ea997f980bb,,
1.0,G02-260202-125800-125,G02-260202-125800-125.bmp,G02,2026-02-02T12:58:00,2026-02-02,G02_2026-02-02,125,train,normal,,1025,1281,1,6f1b730c1d079edf829b449cb72376227d98e72031af64e953c864fd30de260a,,
1.0,G02-260202-125806-126,G02-260202-125806-126.bmp,G02,2026-02-02T12:58:06,2026-02-02,G02_2026-02-02,126,train,normal,,1025,1281,1,ed66d97e3f9514055b0e5e11873f85ba21f91b84737c63547fddcb2ae67652c4,,
1.0,G02-260202-125830-127,G02-260202-125830-127.bmp,G02,2026-02-02T12:58:30,2026-02-02,G02_2026-02-02,127,train,normal,,1025,1281,1,6e43f5e4d3dfcc394d41d89f4d9f74210bcf8933956893a8e8601a2c88539fd0,,
1.0,G02-260202-125836-128,G02-260202-125836-128.bmp,G02,2026-02-02T12:58:36,2026-02-02,G02_2026-02-02,128,train,normal,,1025,1281,1,bfeb05baa0e0bd734b29715213453f908e24c666d4909c43f8e6626a9250e308,,
1.0,G02-260202-125901-129,G02-260202-125901-129.bmp,G02,2026-02-02T12:59:01,2026-02-02,G02_2026-02-02,129,train,normal,,1025,1281,1,cdae4f6c832ec02dbca76fa96ca434a390b015344af1f9394de85664f026a948,,
1.0,G02-260202-125907-130,G02-260202-125907-130.bmp,G02,2026-02-02T12:59:07,2026-02-02,G02_2026-02-02,130,train,normal,,1025,1281,1,5929f279e8584b07e71c53ea658622368ada35f301b9d153b3d277ee5c712cfd,,
1.0,G02-260202-125930-131,G02-260202-125930-131.bmp,G02,2026-02-02T12:59:30,2026-02-02,G02_2026-02-02,131,train,normal,,1025,1281,1,8d784a702f81a87da38ed88157d417ac27d5d7f98becadb9e3fc5e2b17898a17,,
1.0,G02-260202-125936-132,G02-260202-125936-132.bmp,G02,2026-02-02T12:59:36,2026-02-02,G02_2026-02-02,132,train,normal,,1025,1281,1,3786cb8aa96d7649a06200868837ce310cd383f7e44ff8011aca7d627baaa266,,
1.0,G02-260202-130001-133,G02-260202-130001-133.bmp,G02,2026-02-02T13:00:01,2026-02-02,G02_2026-02-02,133,train,normal,,1025,1281,1,b2208fc239187a029af08eae39193d61e9f322fa5dcade6e227151969eeacc66,,
1.0,G02-260202-130007-134,G02-260202-130007-134.bmp,G02,2026-02-02T13:00:07,2026-02-02,G02_2026-02-02,134,train,normal,,1025,1281,1,0d140049bd396d697cc97fe1ef10a8dbaed528c0a1bdfb08ebe4a4216b5f8337,,
1.0,G02-260202-130024-135,G02-260202-130024-135.bmp,G02,2026-02-02T13:00:24,2026-02-02,G02_2026-02-02,135,train,normal,,1025,1281,1,ca626a50acdaa3f20b073b86e6a098ae565ed47f206327e5bfd6a90a0c12ae5d,,
1.0,G02-260202-130102-136,G02-260202-130102-136.bmp,G02,2026-02-02T13:01:02,2026-02-02,G02_2026-02-02,136,train,normal,,1025,1281,1,54f634d25e0726b6f58c986d7b7a10d0584a3db1a62472893103dfe1129e8488,,
1.0,G02-260202-130108-137,G02-260202-130108-137.bmp,G02,2026-02-02T13:01:08,2026-02-02,G02_2026-02-02,137,train,normal,,1025,1281,1,c965d5aa4e87366d314fbe56ea89f2e9d9b5bffd2cfcff793097c9c456ade47e,,
1.0,G02-260202-130116-138,G02-260202-130116-138.bmp,G02,2026-02-02T13:01:16,2026-02-02,G02_2026-02-02,138,train,normal,,1025,1281,1,10f508828ae72d892558924ab6ef223c3521ac6f41fa0e958ffd7e6058fc6130,,
1.0,G02-260202-130425-139,G02-260202-130425-139.bmp,G02,2026-02-02T13:04:25,2026-02-02,G02_2026-02-02,139,train,normal,,1025,1281,1,45a41c866b949d353b0a2d8c3d993b3ff1f44dd8fec504d5e3033cfab72585f4,,
1.0,G02-260202-130433-140,G02-260202-130433-140.bmp,G02,2026-02-02T13:04:33,2026-02-02,G02_2026-02-02,140,train,normal,,1025,1281,1,0a05fb2eb88ca72169747255551109c6c4862d07d7cd1fe5b9fd715d67a0e6ac,,
1.0,G02-260202-130442-141,G02-260202-130442-141.bmp,G02,2026-02-02T13:04:42,2026-02-02,G02_2026-02-02,141,train,normal,,1025,1281,1,e2e6876480e6151d727f6109ca945ecd46ef5b51038776c9ec65b9267ee0f5ad,,
1.0,G02-260202-130503-142,G02-260202-130503-142.bmp,G02,2026-02-02T13:05:03,2026-02-02,G02_2026-02-02,142,train,normal,,1025,1281,1,f492c87572dafe48e0d5cf1ec399369885e4ac859ca16819c27a726fc645c4f6,,
1.0,G02-260202-130509-143,G02-260202-130509-143.bmp,G02,2026-02-02T13:05:09,2026-02-02,G02_2026-02-02,143,train,normal,,1025,1281,1,9fa8f0af80e0ee1ca80c3a06010e4cfc75b7c911f0662e07caf488b50f79f8cb,,
1.0,G02-260202-130531-144,G02-260202-130531-144.bmp,G02,2026-02-02T13:05:31,2026-02-02,G02_2026-02-02,144,train,normal,,1025,1281,1,9952765e4b9f0ce67382f61b6f6389cac3b5ff322219ab8877051c0487f17784,,
1.0,G02-260202-130538-145,G02-260202-130538-145.bmp,G02,2026-02-02T13:05:38,2026-02-02,G02_2026-02-02,145,train,normal,,1025,1281,1,7dd7322ffa91d0d8ada32dfdf9f39a15daf34ce552af2f6afa34ab609fcffe5d,,
1.0,G02-260202-130556-146,G02-260202-130556-146.bmp,G02,2026-02-02T13:05:56,2026-02-02,G02_2026-02-02,146,train,normal,,1025,1281,1,5d7f48f37ff732fe62487fa1d6adbcce253d3a525b7932caaa7e6126821bad91,,
1.0,G02-260202-130636-147,G02-260202-130636-147.bmp,G02,2026-02-02T13:06:36,2026-02-02,G02_2026-02-02,147,train,normal,,1025,1281,1,73ba98f873d8d03330c230a4a36495775283429b7a4735e6f9815277767abf17,,
1.0,G02-260202-130642-148,G02-260202-130642-148.bmp,G02,2026-02-02T13:06:42,2026-02-02,G02_2026-02-02,148,train,normal,,1025,1281,1,275022d6c3e21f19561feed8b2fab9e18b0e08ff5befe33f91c0bf2c7c962747,,
1.0,G02-260202-130650-149,G02-260202-130650-149.bmp,G02,2026-02-02T13:06:50,2026-02-02,G02_2026-02-02,149,train,normal,,1025,1281,1,7e586167d61db9f013f35016973ac1e53f3e80a1c688c96d3bc079a1f4942a63,,
1.0,G02-260202-130712-150,G02-260202-130712-150.bmp,G02,2026-02-02T13:07:12,2026-02-02,G02_2026-02-02,150,train,normal,,1025,1281,1,d86555c35ce31bf867d745d98dbb004f5116660e20b7320a28ced92c06a4ee64,,
1.0,G02-260202-130721-151,G02-260202-130721-151.bmp,G02,2026-02-02T13:07:21,2026-02-02,G02_2026-02-02,151,train,normal,,1025,1281,1,ad7897d7102a8f17a71cbb20464b78bd35dfaee233e299815f7cc6bbed4efc9b,,
1.0,G02-260202-130731-152,G02-260202-130731-152.bmp,G02,2026-02-02T13:07:31,2026-02-02,G02_2026-02-02,152,train,normal,,1025,1281,1,5500f550a27f93afc27b5dbc0652c91146f328a882834855c27b9a7ab7052ec3,,
1.0,G02-260202-130737-153,G02-260202-130737-153.bmp,G02,2026-02-02T13:07:37,2026-02-02,G02_2026-02-02,153,train,normal,,1025,1281,1,902b5f7f31e108b8453d672f17e6f139f35a3f96446ca3a0a210070ebbe3de47,,
1.0,G02-260202-130803-154,G02-260202-130803-154.bmp,G02,2026-02-02T13:08:03,2026-02-02,G02_2026-02-02,154,train,normal,,1025,1281,1,0f882ad2d98411087807034b8c0b46fc1ece16317b07f4aef366e412d8cb3f28,,
1.0,G02-260202-130809-155,G02-260202-130809-155.bmp,G02,2026-02-02T13:08:09,2026-02-02,G02_2026-02-02,155,train,normal,,1025,1281,1,c890e4cde1dfb3cb33d68bb11ea71813d56c1e374246107c2d3615d39dbf9cb3,,
1.0,G02-260202-130821-156,G02-260202-130821-156.bmp,G02,2026-02-02T13:08:21,2026-02-02,G02_2026-02-02,156,train,normal,,1025,1281,1,3457e11c297381fdd4ffcd142e43f67dcd52f783d950fbf60767d13b523f7d67,,
1.0,G02-260202-130827-157,G02-260202-130827-157.bmp,G02,2026-02-02T13:08:27,2026-02-02,G02_2026-02-02,157,train,normal,,1025,1281,1,90477a537593bfecdf58136590ae90110c062ccd9d3627f928f60144e061ab0b,,
1.0,G02-260202-130833-158,G02-260202-130833-158.bmp,G02,2026-02-02T13:08:33,2026-02-02,G02_2026-02-02,158,train,normal,,1025,1281,1,6f02855fd83d1cff01dcf8a99a43627ccb18cb79bb0752b449fdafabf1e8ed17,,
1.0,G02-260202-130929-159,G02-260202-130929-159.bmp,G02,2026-02-02T13:09:29,2026-02-02,G02_2026-02-02,159,train,normal,,1025,1281,1,79070c4a9aeee09a7b1f34541a75140951860657dd9e728b32d3582df8488c79,,
1.0,G02-260202-130936-160,G02-260202-130936-160.bmp,G02,2026-02-02T13:09:36,2026-02-02,G02_2026-02-02,160,train,normal,,1025,1281,1,a0b8eb96e245b888b6f2c2b22e189cf69da60a286fb36d325d85f29a2e3af1ec,,
1.0,G02-260202-130942-161,G02-260202-130942-161.bmp,G02,2026-02-02T13:09:42,2026-02-02,G02_2026-02-02,161,train,normal,,1025,1281,1,897b8ce19329e1e6a4ce8330cd35aabb56115dd1f660092f0a93757fb84b2b13,,
1.0,G02-260202-131008-162,G02-260202-131008-162.bmp,G02,2026-02-02T13:10:08,2026-02-02,G02_2026-02-02,162,train,normal,,1025,1281,1,afe161cd4b95c847354f7adf9e6ac318d334760448d3ff7445745454f2a5fdc6,,
1.0,G02-260202-131018-163,G02-260202-131018-163.bmp,G02,2026-02-02T13:10:18,2026-02-02,G02_2026-02-02,163,train,normal,,1025,1281,1,9f5a545cdaa4bbf7f3805d512f117b809c3c706c3d35a5dd12449269e0d19b92,,
1.0,G02-260202-131030-164,G02-260202-131030-164.bmp,G02,2026-02-02T13:10:30,2026-02-02,G02_2026-02-02,164,train,normal,,1025,1281,1,97f4b74fd40be23db58892a93a73f11aa09119d7c2789bdc96d654a79ecbfb37,,
1.0,G02-260202-131036-165,G02-260202-131036-165.bmp,G02,2026-02-02T13:10:36,2026-02-02,G02_2026-02-02,165,train,normal,,1025,1281,1,9ba151391e5a079bd5a958e1921c10b3b6d8ed3470e23ad8445cf48b8c6a8c58,,
1.0,G02-260202-131043-166,G02-260202-131043-166.bmp,G02,2026-02-02T13:10:43,2026-02-02,G02_2026-02-02,166,train,normal,,1025,1281,1,9664b68822d72684b2f40fb3368000fade03806bad8a2a8948a4c96e18eaadab,,
1.0,G02-260202-131115-167,G02-260202-131115-167.bmp,G02,2026-02-02T13:11:15,2026-02-02,G02_2026-02-02,167,train,normal,,1025,1281,1,aa2d4b00478d3cf8d9bd5c442696048de1b04735df3bd09b2951fbba7365a8b0,,
1.0,G02-260202-131122-168,G02-260202-131122-168.bmp,G02,2026-02-02T13:11:22,2026-02-02,G02_2026-02-02,168,train,normal,,1025,1281,1,4332be99ee81f7782b4c7aa331feb7b6a3a43db46892f93e4a90ea4efdb4aa49,,
1.0,G02-260202-131128-169,G02-260202-131128-169.bmp,G02,2026-02-02T13:11:28,2026-02-02,G02_2026-02-02,169,train,normal,,1025,1281,1,22aee4fcd49b809aacb3c0276fb916d32d8157de459f501a36e953758a80264b,,
1.0,G02-260202-131157-170,G02-260202-131157-170.bmp,G02,2026-02-02T13:11:57,2026-02-02,G02_2026-02-02,170,train,normal,,1025,1281,1,e85dacb8ce682b1ea0d913633043659398690030a19f41def1eb3fcad8fa32a7,,
1.0,G02-260202-131208-171,G02-260202-131208-171.bmp,G02,2026-02-02T13:12:08,2026-02-02,G02_2026-02-02,171,train,normal,,1025,1281,1,79601817950d4d490c6e66bf332dbfb369e74b46b438713b0374f0c86576eaed,,
1.0,G02-260202-131219-172,G02-260202-131219-172.bmp,G02,2026-02-02T13:12:19,2026-02-02,G02_2026-02-02,172,train,normal,,1025,1281,1,4729b5f6ca300f17a4a7cd36bbe315dd214cad089f8d3ca65881243f757eb62c,,
1.0,G02-260202-131225-173,G02-260202-131225-173.bmp,G02,2026-02-02T13:12:25,2026-02-02,G02_2026-02-02,173,train,normal,,1025,1281,1,13bc8428bbad2b99a3ed5aee3e942e9f82eb084d4cc4e2f3787ff1e27812893a,,
1.0,G02-260202-131231-174,G02-260202-131231-174.bmp,G02,2026-02-02T13:12:31,2026-02-02,G02_2026-02-02,174,train,normal,,1025,1281,1,e2315e59ebb22f1ea7ddeac012b956db01a334a896f718a4347f4b0817b81fd2,,
1.0,G02-260202-131304-175,G02-260202-131304-175.bmp,G02,2026-02-02T13:13:04,2026-02-02,G02_2026-02-02,175,train,normal,,1025,1281,1,05f6a29fc8df30f892db953dff904283298cd161ee7bf7873fd69d27c9db4735,,
1.0,G02-260202-131333-176,G02-260202-131333-176.bmp,G02,2026-02-02T13:13:33,2026-02-02,G02_2026-02-02,176,train,normal,,1025,1281,1,471f5281f02f2f40118b843c8aad5c3ffcbb93e5e230c67ea267cbb196d04515,,
1.0,G02-260202-131339-177,G02-260202-131339-177.bmp,G02,2026-02-02T13:13:39,2026-02-02,G02_2026-02-02,177,train,normal,,1025,1281,1,26dbe25effe5942707ebe9b55dc85a7df782f51dbf394831ae47d5f08ded3246,,
1.0,G02-260202-131402-178,G02-260202-131402-178.bmp,G02,2026-02-02T13:14:02,2026-02-02,G02_2026-02-02,178,train,normal,,1025,1281,1,c3603e1743d88097e570509f56734312d8039ef0feb798309c507c1f5e507eef,,
1.0,G02-260202-131408-179,G02-260202-131408-179.bmp,G02,2026-02-02T13:14:08,2026-02-02,G02_2026-02-02,179,train,normal,,1025,1281,1,1aaf2792b889405dd20f0729375aea664cac36af2b4e2508a26d850f45350637,,
1.0,G02-260202-131429-180,G02-260202-131429-180.bmp,G02,2026-02-02T13:14:29,2026-02-02,G02_2026-02-02,180,train,normal,,1025,1281,1,6e2d8e173e95285fe522f0d4ae60bc57450f61a614989bf45b8dbf6fb527e264,,
1.0,G02-260202-131506-181,G02-260202-131506-181.bmp,G02,2026-02-02T13:15:06,2026-02-02,G02_2026-02-02,181,train,normal,,1025,1281,1,72537dd7bf98159e6100ba3fec7fccb2fb1f4a676f8ff3ae76407df1787f703d,,
1.0,G02-260202-131512-182,G02-260202-131512-182.bmp,G02,2026-02-02T13:15:12,2026-02-02,G02_2026-02-02,182,train,normal,,1025,1281,1,ec3bbd58fdf9a206aff489329e66891e766b6c5243b1a4ffe2a1b304d849dc27,,
1.0,G02-260202-131520-183,G02-260202-131520-183.bmp,G02,2026-02-02T13:15:20,2026-02-02,G02_2026-02-02,183,train,normal,,1025,1281,1,907d8febbe8410ae647be934b15ea4049ac3d80258e24ddeebbc7f3b20c86ebb,,
1.0,G02-260202-131533-184,G02-260202-131533-184.bmp,G02,2026-02-02T13:15:33,2026-02-02,G02_2026-02-02,184,train,normal,,1025,1281,1,7e2f1684ee4715bff005cd2b82178c74303b0340519e71802c4a3291006e12b9,,
1.0,G02-260202-131539-185,G02-260202-131539-185.bmp,G02,2026-02-02T13:15:39,2026-02-02,G02_2026-02-02,185,train,normal,,1025,1281,1,83bb57560e90bb2173e62ac3cd817eef7614a62ee00373369da599fd75bb988e,,
1.0,G02-260202-131608-186,G02-260202-131608-186.bmp,G02,2026-02-02T13:16:08,2026-02-02,G02_2026-02-02,186,train,normal,,1025,1281,1,0473c106953620df57d4cca94b6da1a2362f8b97d045a459968a63c857774f7c,,
1.0,G02-260202-131620-187,G02-260202-131620-187.bmp,G02,2026-02-02T13:16:20,2026-02-02,G02_2026-02-02,187,train,normal,,1025,1281,1,7ce35df948c5ffb2f2630248e6aec537cb713e6103b0e79c5b40904b5a20f2ca,,
1.0,G02-260202-131629-188,G02-260202-131629-188.bmp,G02,2026-02-02T13:16:29,2026-02-02,G02_2026-02-02,188,train,normal,,1025,1281,1,f8ebae7fd040af393f30db175666c607c34d84356a9d35aa53e24b011942c4b8,,
1.0,G02-260202-131635-189,G02-260202-131635-189.bmp,G02,2026-02-02T13:16:35,2026-02-02,G02_2026-02-02,189,train,normal,,1025,1281,1,65fcafb9ad6c9e2d5166236558afeb8b73f9f79a027ec1ce81b7a13e4edf094f,,
1.0,G02-260202-131643-190,G02-260202-131643-190.bmp,G02,2026-02-02T13:16:43,2026-02-02,G02_2026-02-02,190,train,normal,,1025,1281,1,a4ca1dccab5a04fb1f3c5aef519e826618353275f9b945f7ec9bb193caaa0683,,
1.0,G02-260202-131700-191,G02-260202-131700-191.bmp,G02,2026-02-02T13:17:00,2026-02-02,G02_2026-02-02,191,train,normal,,1025,1281,1,e1f137850f74fc217cd4c55d6664dab0b5b1ca99a67069f2c3f48f1812ec5348,,
1.0,G02-260202-131713-192,G02-260202-131713-192.bmp,G02,2026-02-02T13:17:13,2026-02-02,G02_2026-02-02,192,train,normal,,1025,1281,1,f47920bd947ba1c4b7abf20d476e2d30dfa4c8cd014f44d6e055fa43a6a4aaf6,,
1.0,G02-260202-131720-193,G02-260202-131720-193.bmp,G02,2026-02-02T13:17:20,2026-02-02,G02_2026-02-02,193,train,normal,,1025,1281,1,931ae732d5719b5320bd2273bfbb0f10c805461b6366ad7f76d6dd2811fa72a8,,
1.0,G02-260202-131726-194,G02-260202-131726-194.bmp,G02,2026-02-02T13:17:26,2026-02-02,G02_2026-02-02,194,train,normal,,1025,1281,1,b41d0851b645200034df2f904a9b27651765502fd307631084c8d17775b7c746,,
1.0,G02-260202-131756-195,G02-260202-131756-195.bmp,G02,2026-02-02T13:17:56,2026-02-02,G02_2026-02-02,195,train,normal,,1025,1281,1,85e3c3426c52d2ade16cbb3d4c7fdc17f3e59ad7287cf6310d6deeb11ff50757,,
1.0,G02-260202-131828-196,G02-260202-131828-196.bmp,G02,2026-02-02T13:18:28,2026-02-02,G02_2026-02-02,196,train,normal,,1025,1281,1,99e74074339422f09d7efdfb2d323d2bf31044fd51d3020e14b40097582934c1,,
1.0,G02-260202-131835-197,G02-260202-131835-197.bmp,G02,2026-02-02T13:18:35,2026-02-02,G02_2026-02-02,197,train,normal,,1025,1281,1,13e56c43b06b1237be906e0380746fbfaa2896703b9060ef8ad4667e014b11a7,,
1.0,G02-260202-131903-198,G02-260202-131903-198.bmp,G02,2026-02-02T13:19:03,2026-02-02,G02_2026-02-02,198,train,normal,,1025,1281,1,ce332ea6100d1c1a2f5043a31b0329060790a4ceb51f89f99a4b62c5df46caea,,
1.0,G02-260202-131909-199,G02-260202-131909-199.bmp,G02,2026-02-02T13:19:09,2026-02-02,G02_2026-02-02,199,train,normal,,1025,1281,1,546e391982fec6608c8d49d63a7b754dceb16fea816f6ef71944acaeb4d8e221,,
1.0,G02-260202-131938-200,G02-260202-131938-200.bmp,G02,2026-02-02T13:19:38,2026-02-02,G02_2026-02-02,200,train,normal,,1025,1281,1,6095fc3f9f0581984c6e7071e2cdb889e79d0441b4a05bc82a5f63582bd2461e,,
1.0,G02-260202-131948-201,G02-260202-131948-201.bmp,G02,2026-02-02T13:19:48,2026-02-02,G02_2026-02-02,201,train,normal,,1025,1281,1,b309c37955465656984ae247e623960522db18e06758909d2125ef53102cf4f5,,
1.0,G02-260202-131955-202,G02-260202-131955-202.bmp,G02,2026-02-02T13:19:55,2026-02-02,G02_2026-02-02,202,train,normal,,1025,1281,1,2f86a180924e34e3281c80e956017b93aa0f5572b1adf8f6da8808c1ce07c90e,,
1.0,G02-260202-132001-203,G02-260202-132001-203.bmp,G02,2026-02-02T13:20:01,2026-02-02,G02_2026-02-02,203,train,normal,,1025,1281,1,0fef0cb35909ca9d0df210e28a49c0bb58fbad248434f91974688e7e2e70e4d9,,
1.0,G02-260202-132034-204,G02-260202-132034-204.bmp,G02,2026-02-02T13:20:34,2026-02-02,G02_2026-02-02,204,train,normal,,1025,1281,1,2e714a421cf7946ce766af4febffc44ea66e2c24c564282fa3be568d1bb09559,,
1.0,G02-260202-132103-206,G02-260202-132103-206.bmp,G02,2026-02-02T13:21:03,2026-02-02,G02_2026-02-02,206,train,normal,,1025,1281,1,c5836d741f6a0fa54b37863f37ad24c2ad63c1c1836e75314b8c16cfc1b7fd65,,
1.0,G02-260202-132109-207,G02-260202-132109-207.bmp,G02,2026-02-02T13:21:09,2026-02-02,G02_2026-02-02,207,train,normal,,1025,1281,1,11b94f9a133d9ca777f4b653b2b65d38d8230299ec23934431c357f28ee6f9cd,,
1.0,G02-260202-132132-208,G02-260202-132132-208.bmp,G02,2026-02-02T13:21:32,2026-02-02,G02_2026-02-02,208,train,normal,,1025,1281,1,571366e805c9ee10767bd9d1d228b54695716abab9fe5feeed5ccdec8691872f,,
1.0,G02-260202-132138-209,G02-260202-132138-209.bmp,G02,2026-02-02T13:21:38,2026-02-02,G02_2026-02-02,209,train,normal,,1025,1281,1,dab7d7ae7fcc61984018ae1252a95d5c2e8c55a95a0210f38451509d561411c4,,
1.0,G02-260202-132204-210,G02-260202-132204-210.bmp,G02,2026-02-02T13:22:04,2026-02-02,G02_2026-02-02,210,train,normal,,1025,1281,1,ca85e3a3e4f7033086db6d848ad86ca5a0c507b9bd2342ba549e6d291ecf17a8,,
1.0,G02-260202-132210-211,G02-260202-132210-211.bmp,G02,2026-02-02T13:22:10,2026-02-02,G02_2026-02-02,211,train,normal,,1025,1281,1,5b3033ae6bec449460c6be17c2dca4d53d1f4ee24ae996d2a5d4daa7b9588a4d,,
1.0,G02-260202-132232-212,G02-260202-132232-212.bmp,G02,2026-02-02T13:22:32,2026-02-02,G02_2026-02-02,212,train,normal,,1025,1281,1,85fd8bfbc0bd9b90daa56f55b2ee9bb9078efdcf615a57ffb59fe2eba1f86b3c,,
1.0,G02-260202-132238-213,G02-260202-132238-213.bmp,G02,2026-02-02T13:22:38,2026-02-02,G02_2026-02-02,213,train,normal,,1025,1281,1,5bf93164e191ca8bff63a85871eafdc2e28162ff76b079f9f44e40a4c2b86ae7,,
1.0,G02-260202-132302-214,G02-260202-132302-214.bmp,G02,2026-02-02T13:23:02,2026-02-02,G02_2026-02-02,214,train,normal,,1025,1281,1,4af70b07c3f9c49e33f76f8fbff1bfecea062a2c51dc3b0ba82f2359a47915ce,,
1.0,G02-260202-132308-215,G02-260202-132308-215.bmp,G02,2026-02-02T13:23:08,2026-02-02,G02_2026-02-02,215,train,normal,,1025,1281,1,0375762ad2b5a696206b426e97fc26c8035c16bc13c913463a3371d30d6a42d1,,
1.0,G02-260202-132333-216,G02-260202-132333-216.bmp,G02,2026-02-02T13:23:33,2026-02-02,G02_2026-02-02,216,train,normal,,1025,1281,1,cb5794924027400f0e8111d18e9b180a3c157dc0f24f5f7fb4720a54eb1dca54,,
1.0,G02-260202-132340-217,G02-260202-132340-217.bmp,G02,2026-02-02T13:23:40,2026-02-02,G02_2026-02-02,217,train,normal,,1025,1281,1,18c4c6a9b0837817c06c5d84c3fe1a05489a86319b4c6e4838e072340c39eef0,,
1.0,G02-260202-132405-218,G02-260202-132405-218.bmp,G02,2026-02-02T13:24:05,2026-02-02,G02_2026-02-02,218,train,normal,,1025,1281,1,87b2ccd9c1749d7882c4198cb0097afc068b239c74745c9b3b64bf692350c057,,
1.0,G02-260202-132411-219,G02-260202-132411-219.bmp,G02,2026-02-02T13:24:11,2026-02-02,G02_2026-02-02,219,train,normal,,1025,1281,1,0257ba8c713fc4240c7a068ba5a2105005e7f766ac75d660ad557162d888192b,,
1.0,G02-260202-132434-220,G02-260202-132434-220.bmp,G02,2026-02-02T13:24:34,2026-02-02,G02_2026-02-02,220,train,normal,,1025,1281,1,a835594ff81ebec52f9791b529ea33050e242b55145eae4a1e468638a9acfd86,,
1.0,G02-260202-132440-221,G02-260202-132440-221.bmp,G02,2026-02-02T13:24:40,2026-02-02,G02_2026-02-02,221,train,normal,,1025,1281,1,b1bf1fd9022123893191e3ffea07841a7583f680bfc816e8a51114d6eb83d265,,
1.0,G02-260202-132456-222,G02-260202-132456-222.bmp,G02,2026-02-02T13:24:56,2026-02-02,G02_2026-02-02,222,train,normal,,1025,1281,1,d82d12b44bf7c6df4e37443e61855fd024a2c3bfa45fa2d7be5bfdf69b88cd00,,
1.0,G02-260202-132520-223,G02-260202-132520-223.bmp,G02,2026-02-02T13:25:20,2026-02-02,G02_2026-02-02,223,train,normal,,1025,1281,1,5f1f1ac73544b46f438c9676439565cc8284ecbed0bc9024ec8f06ad7774fd32,,
1.0,G02-260202-132535-224,G02-260202-132535-224.bmp,G02,2026-02-02T13:25:35,2026-02-02,G02_2026-02-02,224,train,normal,,1025,1281,1,16b1fd1f862237c72e2eb65ce1a612684124bae19ba6e7618bb1d84e2f5be396,,
1.0,G02-260202-132542-225,G02-260202-132542-225.bmp,G02,2026-02-02T13:25:42,2026-02-02,G02_2026-02-02,225,train,normal,,1025,1281,1,53550b31bfe55b5df76aa8139b1f9aceb87e2019b342532ce542c7d928aae004,,
1.0,G02-260202-132605-226,G02-260202-132605-226.bmp,G02,2026-02-02T13:26:05,2026-02-02,G02_2026-02-02,226,train,normal,,1025,1281,1,3fb39addf1bcdfc8d08fbb9269ef43371f507d0adfd5109898e01ff8d465211a,,
1.0,G02-260202-132611-227,G02-260202-132611-227.bmp,G02,2026-02-02T13:26:11,2026-02-02,G02_2026-02-02,227,train,normal,,1025,1281,1,8086d18504112b004acfaf46f11ce7dd3ef8d13ac23abd9373181a2a50a900ba,,
1.0,G02-260202-132636-228,G02-260202-132636-228.bmp,G02,2026-02-02T13:26:36,2026-02-02,G02_2026-02-02,228,train,normal,,1025,1281,1,1f67d69dc04aa03bb051abcdb07663bd1714e2bbf6ec28f0a0ac5cf28f0f6fb7,,
1.0,G02-260202-132642-229,G02-260202-132642-229.bmp,G02,2026-02-02T13:26:42,2026-02-02,G02_2026-02-02,229,train,normal,,1025,1281,1,feeb8683ef7a4f73a1945096d7c422a5162d46aba94aae6569bd2ee81e1127be,,
1.0,G02-260202-132705-230,G02-260202-132705-230.bmp,G02,2026-02-02T13:27:05,2026-02-02,G02_2026-02-02,230,train,normal,,1025,1281,1,3f97da7386d67bc3752e2713d2167b81cf6bf1a27e6d0bf48faa59da6a60a9ff,,
1.0,G02-260202-132712-231,G02-260202-132712-231.bmp,G02,2026-02-02T13:27:12,2026-02-02,G02_2026-02-02,231,train,normal,,1025,1281,1,83a3dfbb8e40669a852e39943ea71572abdc917d09ef9044456d0c528288c2cd,,
1.0,G02-260202-132736-232,G02-260202-132736-232.bmp,G02,2026-02-02T13:27:36,2026-02-02,G02_2026-02-02,232,train,normal,,1025,1281,1,9fa04ffcaa04c0bf4f452f6841f6beeeca3ffdb737744bbff17180ccee89ac15,,
1.0,G02-260202-132742-233,G02-260202-132742-233.bmp,G02,2026-02-02T13:27:42,2026-02-02,G02_2026-02-02,233,train,normal,,1025,1281,1,cf05ef4da6ad7dc3656aa24cc2afab6675d8eda91f8976e01f1ff498e835f073,,
1.0,G02-260202-132805-234,G02-260202-132805-234.bmp,G02,2026-02-02T13:28:05,2026-02-02,G02_2026-02-02,234,train,normal,,1025,1281,1,7b6ebd1445e10190916af8731a6d4cee502d5cc6211679e2d60ee4eabfb984ef,,
1.0,G02-260202-132811-235,G02-260202-132811-235.bmp,G02,2026-02-02T13:28:11,2026-02-02,G02_2026-02-02,235,train,normal,,1025,1281,1,0e58203291bcae6d38f8ec197ced88a75504db46d39547fa7a456b09c198490c,,
1.0,G02-260202-132835-236,G02-260202-132835-236.bmp,G02,2026-02-02T13:28:35,2026-02-02,G02_2026-02-02,236,train,normal,,1025,1281,1,32cce98eedd98bd747a8379afb48afc10e4b82dab9a678661c94e44f5a757dfd,,
1.0,G02-260202-132841-237,G02-260202-132841-237.bmp,G02,2026-02-02T13:28:41,2026-02-02,G02_2026-02-02,237,train,normal,,1025,1281,1,5ba656bc35444d971f6d299a22a20677334fd05c427c3a6551b49f96e6ef6de1,,
1.0,G02-260202-132905-238,G02-260202-132905-238.bmp,G02,2026-02-02T13:29:05,2026-02-02,G02_2026-02-02,238,train,normal,,1025,1281,1,4128918ea858095f216882e9ecd84500a140031cb7fb3026252e5dcd2e97b998,,
1.0,G02-260202-132911-239,G02-260202-132911-239.bmp,G02,2026-02-02T13:29:11,2026-02-02,G02_2026-02-02,239,train,normal,,1025,1281,1,f8ae37721adb5b66a34a2f8c7336e478c2a9b4f0cbdb73a66a9eed1146260ab0,,
1.0,G02-260202-132932-240,G02-260202-132932-240.bmp,G02,2026-02-02T13:29:32,2026-02-02,G02_2026-02-02,240,train,normal,,1025,1281,1,04a5ac30c779c04fb834ebc27180f53e4f2e0f90b652be5d8ba09dcf1aecd3a3,,
1.0,G02-260202-132939-241,G02-260202-132939-241.bmp,G02,2026-02-02T13:29:39,2026-02-02,G02_2026-02-02,241,train,normal,,1025,1281,1,a46acc98a8cc9afe2dcbd6bc34e78eb2c0015ed3a4d9269839faec80addc9b81,,
1.0,G02-260202-133003-242,G02-260202-133003-242.bmp,G02,2026-02-02T13:30:03,2026-02-02,G02_2026-02-02,242,train,normal,,1025,1281,1,e6f02fcf2ee3897b5f3bf143f936d5456b324b817df556ca298319206803b108,,
1.0,G02-260202-133009-243,G02-260202-133009-243.bmp,G02,2026-02-02T13:30:09,2026-02-02,G02_2026-02-02,243,train,normal,,1025,1281,1,1de55f8f64ed127179dd514909f573964b6995cf92dc04551a7420e949e9b00a,,
1.0,G02-260202-133031-244,G02-260202-133031-244.bmp,G02,2026-02-02T13:30:31,2026-02-02,G02_2026-02-02,244,train,normal,,1025,1281,1,790bd526e23703f1efe83f142bac7d21ca42871762c1cc795cd7e608e7e8eaf5,,
1.0,G02-260202-133043-245,G02-260202-133043-245.bmp,G02,2026-02-02T13:30:43,2026-02-02,G02_2026-02-02,245,train,normal,,1025,1281,1,44f13cfcc12e10712084d44eea3ae2c1a3dc0fe65cffa31447b45f8c158c9a39,,
1.0,G02-260202-133106-246,G02-260202-133106-246.bmp,G02,2026-02-02T13:31:06,2026-02-02,G02_2026-02-02,246,train,normal,,1025,1281,1,16f624942354f66956534aaa96ba11a3acbbba251d0914e2d6b43d227c1a2b84,,
1.0,G02-260202-133112-247,G02-260202-133112-247.bmp,G02,2026-02-02T13:31:12,2026-02-02,G02_2026-02-02,247,train,normal,,1025,1281,1,1b99e1d3bb2d4e4dc34cb7f11b390ead48f9ab22c8a2c0441f9d13a07a275c2d,,
1.0,G02-260202-133135-248,G02-260202-133135-248.bmp,G02,2026-02-02T13:31:35,2026-02-02,G02_2026-02-02,248,train,normal,,1025,1281,1,620f5e012ce52a2b6a8fb746b4f4a57e0b910f746463124b9441366f4b82d0e3,,
1.0,G02-260202-133141-249,G02-260202-133141-249.bmp,G02,2026-02-02T13:31:41,2026-02-02,G02_2026-02-02,249,train,normal,,1025,1281,1,5d1bad60362139fdcdad5dd070b54cba3c5463b04b478e68994a2883a1871dfb,,
1.0,G02-260202-133205-250,G02-260202-133205-250.bmp,G02,2026-02-02T13:32:05,2026-02-02,G02_2026-02-02,250,train,normal,,1025,1281,1,08813e6592ae003544ec92e86f570e287ca8fbbff6c52661b895a83920d63ccb,,
1.0,G02-260202-133211-251,G02-260202-133211-251.bmp,G02,2026-02-02T13:32:11,2026-02-02,G02_2026-02-02,251,train,normal,,1025,1281,1,5ec3f3e0ec5a800f0216716e9e2a9fc81c61f66f5a7b11763fad32ed0562043e,,
1.0,G02-260202-133235-252,G02-260202-133235-252.bmp,G02,2026-02-02T13:32:35,2026-02-02,G02_2026-02-02,252,train,normal,,1025,1281,1,05a5cb92be10359089961c45b117c41e755ab5b629cb8bb973461f297bfa6d37,,
1.0,G02-260202-133241-253,G02-260202-133241-253.bmp,G02,2026-02-02T13:32:41,2026-02-02,G02_2026-02-02,253,train,normal,,1025,1281,1,b44b69275e69af0b1b0389a41d8bbd4529f9c2f86bacdbc8f3ce8627e8b644b6,,
1.0,G02-260202-133306-254,G02-260202-133306-254.bmp,G02,2026-02-02T13:33:06,2026-02-02,G02_2026-02-02,254,train,normal,,1025,1281,1,8cc2e235f32e0c63d7c75f0a3ab57b76feec846402137969cefe0e164263c9a0,,
1.0,G02-260202-133312-255,G02-260202-133312-255.bmp,G02,2026-02-02T13:33:12,2026-02-02,G02_2026-02-02,255,train,normal,,1025,1281,1,e1d9b60bd0d5fee4f23d91d2aac8c4d853cc7a1de7b9c06894a26a9f42824e8e,,
1.0,G02-260202-133330-256,G02-260202-133330-256.bmp,G02,2026-02-02T13:33:30,2026-02-02,G02_2026-02-02,256,train,normal,,1025,1281,1,49266afb3a7e05928fae6f808d5b68a993dfd820bec42f0e624ff48f419b52fd,,
1.0,G02-260202-133357-257,G02-260202-133357-257.bmp,G02,2026-02-02T13:33:57,2026-02-02,G02_2026-02-02,257,train,normal,,1025,1281,1,a741870ce002ba137544d66df4913d22fe259a47091e82b7d192d1a69febecbd,,
1.0,G02-260202-133426-258,G02-260202-133426-258.bmp,G02,2026-02-02T13:34:26,2026-02-02,G02_2026-02-02,258,train,normal,,1025,1281,1,e453d10a0744a97557eb3dedb9759f7b43d41ac83e6dcf8112a53183a38886cf,,
1.0,G02-260202-133436-259,G02-260202-133436-259.bmp,G02,2026-02-02T13:34:36,2026-02-02,G02_2026-02-02,259,train,normal,,1025,1281,1,a5047e746ba8d5e9e29fce95ceb830dc075946b7fb81a4e2b00b62d33f5b101f,,
1.0,G02-260202-133444-260,G02-260202-133444-260.bmp,G02,2026-02-02T13:34:44,2026-02-02,G02_2026-02-02,260,train,normal,,1025,1281,1,6fabd0318ed743d3578a5602a97273d80eecca014d0e46f2c3c74da47f585393,,
1.0,G02-260202-133506-261,G02-260202-133506-261.bmp,G02,2026-02-02T13:35:06,2026-02-02,G02_2026-02-02,261,train,normal,,1025,1281,1,fcebd26dbb4702562f56bf0b7863ec3572b5bcfe69d047f5d81018a8c59ff4e0,,
1.0,G02-260202-133512-262,G02-260202-133512-262.bmp,G02,2026-02-02T13:35:12,2026-02-02,G02_2026-02-02,262,train,normal,,1025,1281,1,eef03b7fd221070aaf30cd3b9bb8c51a4341d669ad5126a8d5a99b0bc16a168c,,
1.0,G02-260202-133536-263,G02-260202-133536-263.bmp,G02,2026-02-02T13:35:36,2026-02-02,G02_2026-02-02,263,train,normal,,1025,1281,1,d5b7f686005cfd6aba612d74d1e9f38146a4419b39e203625a7943f42a5ae371,,
1.0,G02-260202-133543-264,G02-260202-133543-264.bmp,G02,2026-02-02T13:35:43,2026-02-02,G02_2026-02-02,264,train,normal,,1025,1281,1,16eb652abb352c1ddcf97d67e7bba76857b088d54d760d3b253aeebc48e0868a,,
1.0,G02-260202-133605-265,G02-260202-133605-265.bmp,G02,2026-02-02T13:36:05,2026-02-02,G02_2026-02-02,265,train,normal,,1025,1281,1,bdeac0a39a1cb52c98a1fa4e4bc07cb597e22531ed1d0b624ec93f2fd39d1d47,,
1.0,G02-260202-133611-266,G02-260202-133611-266.bmp,G02,2026-02-02T13:36:11,2026-02-02,G02_2026-02-02,266,train,normal,,1025,1281,1,9d7894ce98ead7caa6f466d20c344515aad2b1498d667b38741e3845737507cd,,
1.0,G02-260202-133636-267,G02-260202-133636-267.bmp,G02,2026-02-02T13:36:36,2026-02-02,G02_2026-02-02,267,train,normal,,1025,1281,1,b5f87efc6b5724a1d0881b3079e7ee46a41de2b5aef2681c0f90db034232ffa8,,
1.0,G02-260202-133644-268,G02-260202-133644-268.bmp,G02,2026-02-02T13:36:44,2026-02-02,G02_2026-02-02,268,train,normal,,1025,1281,1,3592b5cd14f205a438e020bf90032294c6dc5292a3a9a264e28deef2e6d5aba7,,
1.0,G02-260202-133701-269,G02-260202-133701-269.bmp,G02,2026-02-02T13:37:01,2026-02-02,G02_2026-02-02,269,train,normal,,1025,1281,1,0cebda0c88ee36216a286ba35a410b3ee8baf12c01bc65c9b4fc9dac6dc6c63c,,
1.0,G02-260202-133738-270,G02-260202-133738-270.bmp,G02,2026-02-02T13:37:38,2026-02-02,G02_2026-02-02,270,train,normal,,1025,1281,1,ca07297929c27b1d0950788127f9b2b59dbe882ba888ba814a53f0a6a725792e,,
1.0,G02-260202-133748-271,G02-260202-133748-271.bmp,G02,2026-02-02T13:37:48,2026-02-02,G02_2026-02-02,271,train,normal,,1025,1281,1,43108131c95e5caf95d7a72ff622641482196400602080d0468162168db12de5,,
1.0,G02-260202-133756-272,G02-260202-133756-272.bmp,G02,2026-02-02T13:37:56,2026-02-02,G02_2026-02-02,272,train,normal,,1025,1281,1,236df1b5036f135f31a282474fedfd5a54144548462ae76d876b2c87359113db,,
1.0,G02-260202-133808-273,G02-260202-133808-273.bmp,G02,2026-02-02T13:38:08,2026-02-02,G02_2026-02-02,273,train,normal,,1025,1281,1,4753c078671bf151aa93ff828594baca23876089be8fef5cd60b04cd3521525a,,
1.0,G02-260202-133815-274,G02-260202-133815-274.bmp,G02,2026-02-02T13:38:15,2026-02-02,G02_2026-02-02,274,train,normal,,1025,1281,1,dd434102a4c32c2bde28b85eea880c43e77ca71a333dafcf5eb53ddf575c5906,,
1.0,G02-260202-133834-275,G02-260202-133834-275.bmp,G02,2026-02-02T13:38:34,2026-02-02,G02_2026-02-02,275,train,normal,,1025,1281,1,de385908bf8bd3b597f639dc82d30286357463a5f9a21d875d1cedded9beab20,,
1.0,G02-260202-133841-276,G02-260202-133841-276.bmp,G02,2026-02-02T13:38:41,2026-02-02,G02_2026-02-02,276,train,normal,,1025,1281,1,7d587f590939a2bce568a5559e1d137847c3d4b2ca067807f320c1b99447bac0,,
1.0,G02-260202-133905-277,G02-260202-133905-277.bmp,G02,2026-02-02T13:39:05,2026-02-02,G02_2026-02-02,277,train,normal,,1025,1281,1,9c63558e891e2d7f8eaf5cc929b5a0f429ea54c58bbfbbb46236271afe227fb6,,
1.0,G02-260202-133911-278,G02-260202-133911-278.bmp,G02,2026-02-02T13:39:11,2026-02-02,G02_2026-02-02,278,train,normal,,1025,1281,1,af765c692d44785fd332132ffd0a818c1e199ed5cf7af05efe53c21d8ea796ac,,
1.0,G02-260202-133935-279,G02-260202-133935-279.bmp,G02,2026-02-02T13:39:35,2026-02-02,G02_2026-02-02,279,train,normal,,1025,1281,1,0ba167dba6fc41ff9a5a7311eae7cf9ce9ca09515797cda54606a3435c6525be,,
1.0,G02-260202-133941-280,G02-260202-133941-280.bmp,G02,2026-02-02T13:39:41,2026-02-02,G02_2026-02-02,280,train,normal,,1025,1281,1,9f0ad0c6cc6688f15c31e7786e6f8b7aabb3340c914d3ad5be5f94185c278e38,,
1.0,G02-260202-134005-281,G02-260202-134005-281.bmp,G02,2026-02-02T13:40:05,2026-02-02,G02_2026-02-02,281,train,normal,,1025,1281,1,4b4e17397e82a9e0cc029f9251c536ec6d4e68ad1b2e779846777b7692f3c03e,,
1.0,G02-260202-134011-282,G02-260202-134011-282.bmp,G02,2026-02-02T13:40:11,2026-02-02,G02_2026-02-02,282,train,normal,,1025,1281,1,2f9fd4d9d7431c4bfc0024635d037302e9a374b302a708d09e7e6ef258785849,,
1.0,G02-260202-134029-283,G02-260202-134029-283.bmp,G02,2026-02-02T13:40:29,2026-02-02,G02_2026-02-02,283,train,normal,,1025,1281,1,a3f5e14f8316a6031e6e51c3f160e0c313f4ff6605cccdce12bef91c90cc40f7,,
1.0,G02-260202-134107-284,G02-260202-134107-284.bmp,G02,2026-02-02T13:41:07,2026-02-02,G02_2026-02-02,284,train,normal,,1025,1281,1,f8ced8deec5e7f361e3430b0867b5c1168a19e25247d892d37c9fa4aca7586fc,,
1.0,G02-260202-134113-285,G02-260202-134113-285.bmp,G02,2026-02-02T13:41:13,2026-02-02,G02_2026-02-02,285,train,normal,,1025,1281,1,327810cb28a86cb5f950f1609c636fff6db13f2777770841fa69a400d8755663,,
1.0,G02-260202-134122-286,G02-260202-134122-286.bmp,G02,2026-02-02T13:41:22,2026-02-02,G02_2026-02-02,286,train,normal,,1025,1281,1,563a621cb23a69d56fd742fcace23f9a136449aa8677e2c9e72bce0fedc84cfd,,
1.0,G02-260202-134139-287,G02-260202-134139-287.bmp,G02,2026-02-02T13:41:39,2026-02-02,G02_2026-02-02,287,train,normal,,1025,1281,1,a12c1811cd43f19ce965cf6093730659a272c3001e2af70ef7f8b49a257cda05,,
1.0,G02-260202-134145-288,G02-260202-134145-288.bmp,G02,2026-02-02T13:41:45,2026-02-02,G02_2026-02-02,288,train,normal,,1025,1281,1,cd5ee55a21496aed46fb81e261f1dc37699b0d7454a23c8b3976a5e62a067484,,
1.0,G02-260202-134206-289,G02-260202-134206-289.bmp,G02,2026-02-02T13:42:06,2026-02-02,G02_2026-02-02,289,train,normal,,1025,1281,1,9a3042293754f9ac602d92a09db425a9d0b8b276b6d773dcf63361227b9aabc4,,
1.0,G02-260202-134213-290,G02-260202-134213-290.bmp,G02,2026-02-02T13:42:13,2026-02-02,G02_2026-02-02,290,train,normal,,1025,1281,1,9c39cc595a9c14aa2f86f3eb6a21b28e3dd8b208f8d00cc21ee744c69dc5f9f7,,
1.0,G02-260202-134237-291,G02-260202-134237-291.bmp,G02,2026-02-02T13:42:37,2026-02-02,G02_2026-02-02,291,train,normal,,1025,1281,1,72a223d6d2546ec99f9b095c8301663fbdfb19e63878af5c73f8fc843f5824e5,,
1.0,G02-260202-134243-292,G02-260202-134243-292.bmp,G02,2026-02-02T13:42:43,2026-02-02,G02_2026-02-02,292,train,normal,,1025,1281,1,17033f69d6fb53542f7209caf44a1b6f777abf5cbffd5600190d77a658166837,,
1.0,G02-260202-134304-293,G02-260202-134304-293.bmp,G02,2026-02-02T13:43:04,2026-02-02,G02_2026-02-02,293,train,normal,,1025,1281,1,150636d205627425876c61e03167a572fe70b081d543ebe5dbc0a5980ca1fc1e,,
1.0,G02-260202-134311-294,G02-260202-134311-294.bmp,G02,2026-02-02T13:43:11,2026-02-02,G02_2026-02-02,294,train,normal,,1025,1281,1,a802268199f3cd6752a5eacb903dbdde926bea134bf000db3fe847435b7905ba,,
1.0,G02-260202-134422-295,G02-260202-134422-295.bmp,G02,2026-02-02T13:44:22,2026-02-02,G02_2026-02-02,295,train,normal,,1025,1281,1,bae261afdc4281b4ae65a8b98feb6e2bc66844c68ebdd01a9ebe070921d22067,,
1.0,G02-260202-134752-296,G02-260202-134752-296.bmp,G02,2026-02-02T13:47:52,2026-02-02,G02_2026-02-02,296,train,normal,,1025,1281,1,bf56a8166dec0e3498953b55010fb50972cdc7b434aa42ad3b6c990b28651ccf,,
1.0,G02-260202-134807-297,G02-260202-134807-297.bmp,G02,2026-02-02T13:48:07,2026-02-02,G02_2026-02-02,297,train,normal,,1025,1281,1,67a9633772094b42a9058fcace60d0ac7222611fc3b81f2f456072c45aabe95c,,
1.0,G02-260202-134816-298,G02-260202-134816-298.bmp,G02,2026-02-02T13:48:16,2026-02-02,G02_2026-02-02,298,train,normal,,1025,1281,1,c86f2b31f5afb11c3842cf9e603474071a052977ba747319e60482417190f0d3,,
1.0,G02-260202-134823-299,G02-260202-134823-299.bmp,G02,2026-02-02T13:48:23,2026-02-02,G02_2026-02-02,299,train,normal,,1025,1281,1,9e164794ecaa670580c5905c39593329700c2fcc20bf6b43d4573a87839d8561,,
1.0,G02-260202-134829-300,G02-260202-134829-300.bmp,G02,2026-02-02T13:48:29,2026-02-02,G02_2026-02-02,300,train,normal,,1025,1281,1,e439480984bee1b3d5805400f705469204d8e0c2d9a4d9c2c298a9e105c7bb98,,
1.0,G02-260202-134837-301,G02-260202-134837-301.bmp,G02,2026-02-02T13:48:37,2026-02-02,G02_2026-02-02,301,train,normal,,1025,1281,1,f7453617c31e07bfb7c671370d44b259c408d36c079b1aa8e5b120724b12dca9,,
1.0,G02-260202-134853-302,G02-260202-134853-302.bmp,G02,2026-02-02T13:48:53,2026-02-02,G02_2026-02-02,302,train,normal,,1025,1281,1,10a9f798955d3b31d0e92a374a3cc303df4639bc1579960580a00bc1090ddb18,,
1.0,G02-260202-134900-303,G02-260202-134900-303.bmp,G02,2026-02-02T13:49:00,2026-02-02,G02_2026-02-02,303,train,normal,,1025,1281,1,8a0f8735dc7def839ab1921a49c42be01037a26832d9f797914c239c793fd4e0,,
1.0,G02-260202-134906-304,G02-260202-134906-304.bmp,G02,2026-02-02T13:49:06,2026-02-02,G02_2026-02-02,304,train,normal,,1025,1281,1,49b4055b010237be891fa9b199959e8ff3467d275a42ebb52ce60ff71b37c1f9,,
1.0,G02-260202-134916-305,G02-260202-134916-305.bmp,G02,2026-02-02T13:49:16,2026-02-02,G02_2026-02-02,305,train,normal,,1025,1281,1,85ce09ae599609470ffe33caff00adcc23087030a951b2aac3f8d0660115db6c,,
1.0,G02-260202-134924-306,G02-260202-134924-306.bmp,G02,2026-02-02T13:49:24,2026-02-02,G02_2026-02-02,306,train,normal,,1025,1281,1,05a1989b3cc682dcef5b654c6c4098dd4bba50c1680e067c6267ee5628f2adf4,,
1.0,G02-260202-134940-307,G02-260202-134940-307.bmp,G02,2026-02-02T13:49:40,2026-02-02,G02_2026-02-02,307,train,normal,,1025,1281,1,9fb8cd6a192b8885ead8fa8638b7822c7a33b2fafc4c9e1aff538f4557f5cade,,
1.0,G02-260202-134947-308,G02-260202-134947-308.bmp,G02,2026-02-02T13:49:47,2026-02-02,G02_2026-02-02,308,train,normal,,1025,1281,1,f44edd0479a05d1abc1a3db9d1c27fc114aa9eb122f92b7f089cb42758b3ee5a,,
1.0,G02-260202-134959-309,G02-260202-134959-309.bmp,G02,2026-02-02T13:49:59,2026-02-02,G02_2026-02-02,309,train,normal,,1025,1281,1,e13b027858817351dae922c461dc9cc98b7989c1ebabaed1812894ca36f80762,,
1.0,G02-260202-135008-310,G02-260202-135008-310.bmp,G02,2026-02-02T13:50:08,2026-02-02,G02_2026-02-02,310,train,normal,,1025,1281,1,a01c021d82a31903ad0ed342fbc5d62dfb1a84cfc83dd8415c68dfcfb01bd2d8,,
1.0,G02-260202-135017-311,G02-260202-135017-311.bmp,G02,2026-02-02T13:50:17,2026-02-02,G02_2026-02-02,311,train,normal,,1025,1281,1,60cd45d991b653eef4cfdd81ed68ecf3c0af8cd7ae088cec5dbf2fe8045c1e93,,
1.0,G02-260202-135023-312,G02-260202-135023-312.bmp,G02,2026-02-02T13:50:23,2026-02-02,G02_2026-02-02,312,train,normal,,1025,1281,1,f6419aa5fed723f7d95511717274ed694bad7b18e4ab08acaca152a14804ffb7,,
1.0,G02-260202-135055-313,G02-260202-135055-313.bmp,G02,2026-02-02T13:50:55,2026-02-02,G02_2026-02-02,313,train,normal,,1025,1281,1,961a0b4842028ed3dfd855b2b967edf96dcd122d3de26c5f6a70dbc3c5576d9c,,
1.0,G02-260202-135101-314,G02-260202-135101-314.bmp,G02,2026-02-02T13:51:01,2026-02-02,G02_2026-02-02,314,train,normal,,1025,1281,1,961d8cb9082e6ab298116b55c4729790785cd8882cfa11f149b0b826f0da02d4,,
1.0,G02-260202-135115-315,G02-260202-135115-315.bmp,G02,2026-02-02T13:51:15,2026-02-02,G02_2026-02-02,315,train,normal,,1025,1281,1,b0b91e7f29ff8251f6a9c8e8b0e33d8f2f87132120c5502524f1667c55d62da8,,
1.0,G02-260202-135122-316,G02-260202-135122-316.bmp,G02,2026-02-02T13:51:22,2026-02-02,G02_2026-02-02,316,train,normal,,1025,1281,1,98225ba3dead8782478c130d62da8155e53f85f254609ef8f0ef393fe8e7e410,,
1.0,G02-260202-135130-317,G02-260202-135130-317.bmp,G02,2026-02-02T13:51:30,2026-02-02,G02_2026-02-02,317,train,normal,,1025,1281,1,e305bf3158b2b2dfbb77e166cb342dd8d3d65b70fa9eddfafa4712261c87ce24,,
1.0,G02-260202-135138-318,G02-260202-135138-318.bmp,G02,2026-02-02T13:51:38,2026-02-02,G02_2026-02-02,318,train,normal,,1025,1281,1,dc4c26428d1220df4012546773abef2e778718081ac181e2183e8a882993934a,,
1.0,G02-260202-135149-319,G02-260202-135149-319.bmp,G02,2026-02-02T13:51:49,2026-02-02,G02_2026-02-02,319,train,normal,,1025,1281,1,45ca7ae59cf14e5d08bc47907f9b118a79bbe21570e4a5ffdcbbcc94045cf660,,
1.0,G02-260202-135158-320,G02-260202-135158-320.bmp,G02,2026-02-02T13:51:58,2026-02-02,G02_2026-02-02,320,train,normal,,1025,1281,1,7b3d0e3f04dc25a0b6b007b7acc8eaff62ddcb4d5830ed5c8971af3ac398182a,,
1.0,G02-260202-135211-321,G02-260202-135211-321.bmp,G02,2026-02-02T13:52:11,2026-02-02,G02_2026-02-02,321,train,normal,,1025,1281,1,08abc5d59898950b73b806600f3c167d05b6afb7a993c23e81b52b3d932f79b3,,
1.0,G02-260202-135219-322,G02-260202-135219-322.bmp,G02,2026-02-02T13:52:19,2026-02-02,G02_2026-02-02,322,train,normal,,1025,1281,1,13c0e27f7b9de7cefc39aa35e3e8aa9bd416718386075e534e5e9d826e04ca56,,
1.0,G02-260202-135233-323,G02-260202-135233-323.bmp,G02,2026-02-02T13:52:33,2026-02-02,G02_2026-02-02,323,train,normal,,1025,1281,1,d8122c617ace02a7880fb72a6ffeaff3129c95f9b69601432b6cb999245f8901,,
1.0,G02-260202-135240-324,G02-260202-135240-324.bmp,G02,2026-02-02T13:52:40,2026-02-02,G02_2026-02-02,324,train,normal,,1025,1281,1,2cf4eb50673605045fba94663d18fa6d9f7c92ae8d03739120155eae74d03eca,,
1.0,G02-260202-135249-325,G02-260202-135249-325.bmp,G02,2026-02-02T13:52:49,2026-02-02,G02_2026-02-02,325,train,normal,,1025,1281,1,3c51ecda298791d239ce6e88454ac3b2d16bb8e342866d453483905adb8853ea,,
1.0,G02-260202-135259-326,G02-260202-135259-326.bmp,G02,2026-02-02T13:52:59,2026-02-02,G02_2026-02-02,326,train,normal,,1025,1281,1,31b2904b71bac4e23a56a6c62b3e5dccd432a5c8894021ddeca4742c276fb113,,
1.0,G02-260202-135305-327,G02-260202-135305-327.bmp,G02,2026-02-02T13:53:05,2026-02-02,G02_2026-02-02,327,train,normal,,1025,1281,1,c45a58667da9d54cd2a7a5ae5820acdeb4defe1012dd48281846a53ac5630276,,
1.0,G02-260202-135312-328,G02-260202-135312-328.bmp,G02,2026-02-02T13:53:12,2026-02-02,G02_2026-02-02,328,train,normal,,1025,1281,1,0880e5256ab02ef1c365b89baec85d5016d6484094174b951afe07d0d7848e7b,,
1.0,G02-260202-135331-329,G02-260202-135331-329.bmp,G02,2026-02-02T13:53:31,2026-02-02,G02_2026-02-02,329,train,normal,,1025,1281,1,2f9a3bb68da3e82dc9298850ccd04a91922f60d6b122ed8014f93e7c63571f78,,
1.0,G02-260202-135337-330,G02-260202-135337-330.bmp,G02,2026-02-02T13:53:37,2026-02-02,G02_2026-02-02,330,train,normal,,1025,1281,1,570e7f9a991a52ae078ed965ac3aa2ed2cbb9d7d25ec5b01176ea5ebfe336c1a,,
1.0,G02-260202-135408-331,G02-260202-135408-331.bmp,G02,2026-02-02T13:54:08,2026-02-02,G02_2026-02-02,331,train,normal,,1025,1281,1,694d6782fc4cb222c1d4ba6cf50019b2d26950e24705d6771fe09c3626b33d3b,,
1.0,G02-260202-135415-332,G02-260202-135415-332.bmp,G02,2026-02-02T13:54:15,2026-02-02,G02_2026-02-02,332,train,normal,,1025,1281,1,4edf0fe6e305276653f4ad4e6ca684327069ee572347ebfdcda1fc9f5f55bb70,,
1.0,G02-260202-135436-333,G02-260202-135436-333.bmp,G02,2026-02-02T13:54:36,2026-02-02,G02_2026-02-02,333,train,normal,,1025,1281,1,f58e8d6a681860254055feccf84a8a9b00de7898e243e59cd2df39cf61188075,,
1.0,G02-260202-135442-334,G02-260202-135442-334.bmp,G02,2026-02-02T13:54:42,2026-02-02,G02_2026-02-02,334,train,normal,,1025,1281,1,149e5ad1f1b9a96e015996883bc7db35ee7bebe0d9734ac821f0d1cd091fc636,,
1.0,G02-260202-135506-335,G02-260202-135506-335.bmp,G02,2026-02-02T13:55:06,2026-02-02,G02_2026-02-02,335,train,normal,,1025,1281,1,610f354abc94ebb87d8f87f5e16e7520493bfa6f52993c0579173d7c274bc523,,
1.0,G02-260202-135513-336,G02-260202-135513-336.bmp,G02,2026-02-02T13:55:13,2026-02-02,G02_2026-02-02,336,train,normal,,1025,1281,1,3060d69dbd32ab20505dd293b201808efead3da25871e5c318d385928d061ada,,
1.0,G02-260202-135537-337,G02-260202-135537-337.bmp,G02,2026-02-02T13:55:37,2026-02-02,G02_2026-02-02,337,train,normal,,1025,1281,1,7413514320a70ec7ea4b0bf0c9d3e323abd80c5f5b273d19331cba980d5f53a1,,
1.0,G02-260202-135544-338,G02-260202-135544-338.bmp,G02,2026-02-02T13:55:44,2026-02-02,G02_2026-02-02,338,train,normal,,1025,1281,1,a2c6a7b08e2b108f934a621d8b258f50ab728ead045e31a4e4b748309e9f1bf0,,
1.0,G02-260202-135605-339,G02-260202-135605-339.bmp,G02,2026-02-02T13:56:05,2026-02-02,G02_2026-02-02,339,train,normal,,1025,1281,1,a844b9eb7d42707121ef592782410fc2a11721c3f77357fe29b72e416a212cdb,,
1.0,G02-260202-135612-340,G02-260202-135612-340.bmp,G02,2026-02-02T13:56:12,2026-02-02,G02_2026-02-02,340,train,normal,,1025,1281,1,3288102a83c41a5ee0788de3ed875cac59f2b5235eeb9dabcf416d67366c164c,,
1.0,G02-260202-135637-341,G02-260202-135637-341.bmp,G02,2026-02-02T13:56:37,2026-02-02,G02_2026-02-02,341,train,normal,,1025,1281,1,9c0bda014529010059d36a09dbfc125e9a2c6e59d117dffd3effc140391bb1fd,,
1.0,G02-260202-135643-342,G02-260202-135643-342.bmp,G02,2026-02-02T13:56:43,2026-02-02,G02_2026-02-02,342,train,normal,,1025,1281,1,ad4896666e293579fb59a78add120e31f09af6b29a0df4644b94a0692c743e4b,,
1.0,G02-260202-135706-343,G02-260202-135706-343.bmp,G02,2026-02-02T13:57:06,2026-02-02,G02_2026-02-02,343,train,normal,,1025,1281,1,0c154ae618b98b9c76937f459da9fbeabbc36c238e11c328406864c1548fc42a,,
1.0,G02-260202-135712-344,G02-260202-135712-344.bmp,G02,2026-02-02T13:57:12,2026-02-02,G02_2026-02-02,344,train,normal,,1025,1281,1,f8e49591467500a46759810de253401faed19d487f42a50e01431541b085077b,,
1.0,G02-260202-135735-345,G02-260202-135735-345.bmp,G02,2026-02-02T13:57:35,2026-02-02,G02_2026-02-02,345,train,normal,,1025,1281,1,11cb7ab859a0321b56c735210dee422c48c39a58d710a3fe2fb5952908128215,,
1.0,G02-260202-135807-346,G02-260202-135807-346.bmp,G02,2026-02-02T13:58:07,2026-02-02,G02_2026-02-02,346,train,normal,,1025,1281,1,f73f56a5e780a2d7e5c53c29ebc2e4d64cf257ffb3bbe30b243f88de04b45f7b,,
1.0,G02-260202-135813-347,G02-260202-135813-347.bmp,G02,2026-02-02T13:58:13,2026-02-02,G02_2026-02-02,347,train,normal,,1025,1281,1,7958531a725f1888be94a9b0497fe4da4d5fcdc0a9ea8c18e147208bfa3fcadb,,
1.0,G02-260202-135838-348,G02-260202-135838-348.bmp,G02,2026-02-02T13:58:38,2026-02-02,G02_2026-02-02,348,train,normal,,1025,1281,1,68542835eaf27125aae31f1e9fc32da80820a1b614b7be017d67d136ba282389,,
1.0,G02-260202-135844-349,G02-260202-135844-349.bmp,G02,2026-02-02T13:58:44,2026-02-02,G02_2026-02-02,349,train,normal,,1025,1281,1,13af274cac66acaab0a3209483b97782ad357080779469f49d343b02ef444186,,
1.0,G02-260202-135904-350,G02-260202-135904-350.bmp,G02,2026-02-02T13:59:04,2026-02-02,G02_2026-02-02,350,train,normal,,1025,1281,1,e5ab0b56ea72da9fa3e0a54e1e0531f88f85c76b329b70255944e7d192fac248,,
1.0,G02-260202-135910-351,G02-260202-135910-351.bmp,G02,2026-02-02T13:59:10,2026-02-02,G02_2026-02-02,351,train,normal,,1025,1281,1,492908686785a3a57e9418630dce9eda6a250505b9f7152ba39d196662fcb4d1,,
1.0,G02-260202-135937-352,G02-260202-135937-352.bmp,G02,2026-02-02T13:59:37,2026-02-02,G02_2026-02-02,352,train,normal,,1025,1281,1,4ac0afa5fb06f7bed1c72cf3dfba7afd467c9901f1af0bb93e9acf4f6af4fc1a,,
1.0,G02-260202-135943-353,G02-260202-135943-353.bmp,G02,2026-02-02T13:59:43,2026-02-02,G02_2026-02-02,353,train,normal,,1025,1281,1,287fa93480bbb25e3c99501a7a6c854d1cf21d43bcc955cdae04dbd77fd7e592,,
1.0,G02-260202-140008-354,G02-260202-140008-354.bmp,G02,2026-02-02T14:00:08,2026-02-02,G02_2026-02-02,354,train,normal,,1025,1281,1,0ef1921ed4fa611dc8763902c5340df06660d8fb661a3324888ce19e5a5cca98,,
1.0,G02-260202-140014-355,G02-260202-140014-355.bmp,G02,2026-02-02T14:00:14,2026-02-02,G02_2026-02-02,355,train,normal,,1025,1281,1,33cbe5ee223a5c7ff104ecdb3c3517d4abccaa80cc9b3547b051cef3a11cbadc,,
1.0,G02-260202-140038-356,G02-260202-140038-356.bmp,G02,2026-02-02T14:00:38,2026-02-02,G02_2026-02-02,356,train,normal,,1025,1281,1,03b26aec0478dae571458960fdf76ec6142252b0d9e26811296d37bdb347d85a,,
1.0,G02-260202-140045-357,G02-260202-140045-357.bmp,G02,2026-02-02T14:00:45,2026-02-02,G02_2026-02-02,357,train,normal,,1025,1281,1,2c04211e5df1dd229d42c147f2ce6f2562c2f276f4cc6696f0c273b5b530f535,,
1.0,G02-260202-140109-358,G02-260202-140109-358.bmp,G02,2026-02-02T14:01:09,2026-02-02,G02_2026-02-02,358,train,normal,,1025,1281,1,2eabab302b0788473804f923211261083c7ba5a8e84d9735fca0df5e06b1a65e,,
1.0,G02-260202-140115-359,G02-260202-140115-359.bmp,G02,2026-02-02T14:01:15,2026-02-02,G02_2026-02-02,359,train,normal,,1025,1281,1,14c7a905c114fa0a6991dd794dfaeb7f11ee2bf986aa867716c436d755c509bb,,
1.0,G02-260202-140138-360,G02-260202-140138-360.bmp,G02,2026-02-02T14:01:38,2026-02-02,G02_2026-02-02,360,train,normal,,1025,1281,1,f0c7aea9f4f2fd2cad474be6ce6ee5dae1dc1ef4086c48e571a4d0914ed9e8e7,,
1.0,G02-260202-140147-361,G02-260202-140147-361.bmp,G02,2026-02-02T14:01:47,2026-02-02,G02_2026-02-02,361,train,normal,,1025,1281,1,db124121c5b4d29dfcfdc08f99f0a53dcbc1ab1e02c2b0f9d759ded47fe91890,,
1.0,G02-260202-140205-362,G02-260202-140205-362.bmp,G02,2026-02-02T14:02:05,2026-02-02,G02_2026-02-02,362,train,normal,,1025,1281,1,efed1660cd6d937f2561f21fb8780742adc9c62958faad0ebcd16bf78e413852,,
1.0,G02-260202-140211-363,G02-260202-140211-363.bmp,G02,2026-02-02T14:02:11,2026-02-02,G02_2026-02-02,363,train,normal,,1025,1281,1,b2cb91a2644700db52b50c410d0fb59cff955858277bf1dd71a265cc265b1959,,
1.0,G02-260202-140242-364,G02-260202-140242-364.bmp,G02,2026-02-02T14:02:42,2026-02-02,G02_2026-02-02,364,train,normal,,1025,1281,1,83111be5a7a763fa43b806d3e76134d116f2aba5bdf1894776b7d659f55a5ebd,,
1.0,G02-260202-140249-365,G02-260202-140249-365.bmp,G02,2026-02-02T14:02:49,2026-02-02,G02_2026-02-02,365,train,normal,,1025,1281,1,b18b3b4b608bf8bf2742c95e3f3e301c2553cf6a4c8e99deb47fd24c0ef98ef1,,
1.0,G02-260202-140255-366,G02-260202-140255-366.bmp,G02,2026-02-02T14:02:55,2026-02-02,G02_2026-02-02,366,train,normal,,1025,1281,1,2a7473f33484ef0e07dcec523806409a07f92a4e730e9bee1bcb549b10aec5de,,
1.0,G02-260202-140306-367,G02-260202-140306-367.bmp,G02,2026-02-02T14:03:06,2026-02-02,G02_2026-02-02,367,train,normal,,1025,1281,1,d0919614b56e9ff9cb9a08752a889242afebe84a5b20a56672968ab420883512,,
1.0,G02-260202-140337-368,G02-260202-140337-368.bmp,G02,2026-02-02T14:03:37,2026-02-02,G02_2026-02-02,368,train,normal,,1025,1281,1,751f3c99277202630f0634decb23699e32c54fe141535e9b06998cf5096cbd6e,,
1.0,G02-260202-140343-369,G02-260202-140343-369.bmp,G02,2026-02-02T14:03:43,2026-02-02,G02_2026-02-02,369,train,normal,,1025,1281,1,feeb5dba76cd775e3fb561e9c2a11bee123f992d88022bb514204ad948fa6f97,,
1.0,G02-260202-140408-370,G02-260202-140408-370.bmp,G02,2026-02-02T14:04:08,2026-02-02,G02_2026-02-02,370,train,normal,,1025,1281,1,f737bd82bc5d1002686267a4712e4d33589a139b1c300bd96e7e5b4ebe28be1e,,
1.0,G02-260202-140445-371,G02-260202-140445-371.bmp,G02,2026-02-02T14:04:45,2026-02-02,G02_2026-02-02,371,train,normal,,1025,1281,1,a7aa23d4fba520749a8cc833ef6b0ba3d47219c2a4fef288bb18f40c29a88c32,,
1.0,G02-260202-140452-372,G02-260202-140452-372.bmp,G02,2026-02-02T14:04:52,2026-02-02,G02_2026-02-02,372,train,normal,,1025,1281,1,d526ae5c2cf0568177f307a37aa2e8caf407916ab65fa39f16e8c5dc6e09d997,,
1.0,G02-260202-140458-373,G02-260202-140458-373.bmp,G02,2026-02-02T14:04:58,2026-02-02,G02_2026-02-02,373,train,normal,,1025,1281,1,ee69c50a001cba3dafcb26a9bd0b63308bb5bd50ac2e8d3bf72eb044544158ca,,
1.0,G02-260202-140535-374,G02-260202-140535-374.bmp,G02,2026-02-02T14:05:35,2026-02-02,G02_2026-02-02,374,train,normal,,1025,1281,1,c2de2d1ac7fff508b3e741aed68f88eb20021b540c1bb17b0fafd856edc19d01,,
1.0,G02-260202-140541-375,G02-260202-140541-375.bmp,G02,2026-02-02T14:05:41,2026-02-02,G02_2026-02-02,375,train,normal,,1025,1281,1,6993f54f63b1d6d22171bffd50ee3d54ffc5a5c49ac6a15ef9fa38e26e5f5271,,
1.0,G02-260202-140608-376,G02-260202-140608-376.bmp,G02,2026-02-02T14:06:08,2026-02-02,G02_2026-02-02,376,train,normal,,1025,1281,1,aa3f35578b57a763f0e63e408500b06753b3b77cba4385830265f8beb5c26da3,,
1.0,G02-260202-140614-377,G02-260202-140614-377.bmp,G02,2026-02-02T14:06:14,2026-02-02,G02_2026-02-02,377,train,normal,,1025,1281,1,619133f6e7191660c75dfe73707b466521c6634ebecd75c76a2cf93eb10e549c,,
1.0,G02-260202-140635-378,G02-260202-140635-378.bmp,G02,2026-02-02T14:06:35,2026-02-02,G02_2026-02-02,378,train,normal,,1025,1281,1,910c2f82c30f3e7aa84b582a048957470187b2e5c2fea1ddaf5b687cced40493,,
1.0,G02-260202-140642-379,G02-260202-140642-379.bmp,G02,2026-02-02T14:06:42,2026-02-02,G02_2026-02-02,379,train,normal,,1025,1281,1,0916e62b5b07c9982641e7f52b571911d5194f6dbe1928c9dd9b62a34eaf1c01,,
1.0,G02-260202-140707-380,G02-260202-140707-380.bmp,G02,2026-02-02T14:07:07,2026-02-02,G02_2026-02-02,380,train,normal,,1025,1281,1,a1f606ec934e515ff1bec1f122fa57d99dbf6deb672f02fe29ef47bb78f49ba2,,
1.0,G02-260202-140713-381,G02-260202-140713-381.bmp,G02,2026-02-02T14:07:13,2026-02-02,G02_2026-02-02,381,train,normal,,1025,1281,1,f109a7d9adaffbeee8ceb3463d80f8aef4b40e8b6933f647591f5e5546030e2b,,
1.0,G02-260202-140742-382,G02-260202-140742-382.bmp,G02,2026-02-02T14:07:42,2026-02-02,G02_2026-02-02,382,train,normal,,1025,1281,1,367c6bf7814b63614017eb3ca5faa60e25e1157ca556019d478b934a1c9b34ef,,
1.0,G02-260202-140748-383,G02-260202-140748-383.bmp,G02,2026-02-02T14:07:48,2026-02-02,G02_2026-02-02,383,train,normal,,1025,1281,1,5803b52e4046a0650a31a8d549152e9d0c3b187cc0c6d0f1f148509fe39cab7c,,
1.0,G02-260202-140755-384,G02-260202-140755-384.bmp,G02,2026-02-02T14:07:55,2026-02-02,G02_2026-02-02,384,train,normal,,1025,1281,1,0fbe8f68105a45467e68b946656af016589a2815c55a0210c217643164a01b3e,,
1.0,G02-260202-140812-385,G02-260202-140812-385.bmp,G02,2026-02-02T14:08:12,2026-02-02,G02_2026-02-02,385,train,normal,,1025,1281,1,82600d7d2dd6d959077b9e11702ef957c3bbdebe3ea6671f40f677fd1cd8747e,,
1.0,G02-260202-140818-386,G02-260202-140818-386.bmp,G02,2026-02-02T14:08:18,2026-02-02,G02_2026-02-02,386,train,normal,,1025,1281,1,ffa8c9361720baab2f437ed4ed2f1052c349894f2bda96593d13ed49ffa77652,,
1.0,G02-260202-141232-387,G02-260202-141232-387.bmp,G02,2026-02-02T14:12:32,2026-02-02,G02_2026-02-02,387,train,normal,,1025,1281,1,37860eabd594c9c8e021a28867941720ff0f84da0e94877b2267d86e809e8615,,
1.0,G02-260202-141400-388,G02-260202-141400-388.bmp,G02,2026-02-02T14:14:00,2026-02-02,G02_2026-02-02,388,train,normal,,1025,1281,1,d61e1e120dc92166d62b8ed0239fe4fa5a223e96331a4ecdb695fa948908401c,,
1.0,G02-260202-141407-389,G02-260202-141407-389.bmp,G02,2026-02-02T14:14:07,2026-02-02,G02_2026-02-02,389,train,normal,,1025,1281,1,c8ca6780ed878acda5a79e9707ef159dc1d4ccde696a6c1b0e83f894e5021033,,
1.0,G02-260202-141419-390,G02-260202-141419-390.bmp,G02,2026-02-02T14:14:19,2026-02-02,G02_2026-02-02,390,train,normal,,1025,1281,1,e44ae38be40c2c1c64f8a4170e93f6946b4a510aa311777a65dafc0887923cf0,,
1.0,G02-260202-141425-391,G02-260202-141425-391.bmp,G02,2026-02-02T14:14:25,2026-02-02,G02_2026-02-02,391,train,normal,,1025,1281,1,58ad935ec9b082f77f1a1d93ac898cdaaddca6661c08b9f2d1f9f7f9384b0933,,
1.0,G02-260202-141433-392,G02-260202-141433-392.bmp,G02,2026-02-02T14:14:33,2026-02-02,G02_2026-02-02,392,train,normal,,1025,1281,1,a9872bf349fee689fa5730d68f094256d61036915cedf9177217d2fc4983df05,,
1.0,G02-260202-141446-393,G02-260202-141446-393.bmp,G02,2026-02-02T14:14:46,2026-02-02,G02_2026-02-02,393,train,normal,,1025,1281,1,aff7e52d1215b72fab6e3d91cf0dc5ed74e9995b7a516ad02e0f9161d5448076,,
1.0,G02-260202-141453-394,G02-260202-141453-394.bmp,G02,2026-02-02T14:14:53,2026-02-02,G02_2026-02-02,394,train,normal,,1025,1281,1,b5953e5e281eea46bed1198fd7c42214f4866fe585d5bd042c576e760959c190,,
1.0,G02-260202-141459-395,G02-260202-141459-395.bmp,G02,2026-02-02T14:14:59,2026-02-02,G02_2026-02-02,395,train,normal,,1025,1281,1,412dc9a3630b69807e803318df486d1cfe1ce638a0ef539eb7d470b22d850ba5,,
1.0,G02-260202-141514-396,G02-260202-141514-396.bmp,G02,2026-02-02T14:15:14,2026-02-02,G02_2026-02-02,396,train,normal,,1025,1281,1,00af2e0498efc015e74340d95e4b41681a72df11c4d6db7d258de87223615b04,,
1.0,G02-260202-141521-397,G02-260202-141521-397.bmp,G02,2026-02-02T14:15:21,2026-02-02,G02_2026-02-02,397,train,normal,,1025,1281,1,1a380a921444b62c144e51331bef889e51b54c893d264c4dbfb6e63e22474847,,
1.0,G02-260202-141529-398,G02-260202-141529-398.bmp,G02,2026-02-02T14:15:29,2026-02-02,G02_2026-02-02,398,train,normal,,1025,1281,1,b6a578032c65a6eccc8b083cc46253f41124e4bff9a5ab0ce0f26d9e8086fc1a,,
1.0,G02-260202-141538-399,G02-260202-141538-399.bmp,G02,2026-02-02T14:15:38,2026-02-02,G02_2026-02-02,399,train,normal,,1025,1281,1,23fbd809dfd89ef6bb8d8d13c7211dca73a14af9803a301b9564b6ab74d8e742,,
1.0,G02-260202-141544-400,G02-260202-141544-400.bmp,G02,2026-02-02T14:15:44,2026-02-02,G02_2026-02-02,400,train,normal,,1025,1281,1,f8051381f918c0744a01d27d72c65000e89904e02c71c87baacf410ac921a16e,,
1.0,G02-260202-141554-401,G02-260202-141554-401.bmp,G02,2026-02-02T14:15:54,2026-02-02,G02_2026-02-02,401,train,normal,,1025,1281,1,ad4c1cf9f181c0854586866334f753c872a3d5a734b413b53cff74952eb02129,,
1.0,G02-260202-141609-402,G02-260202-141609-402.bmp,G02,2026-02-02T14:16:09,2026-02-02,G02_2026-02-02,402,train,normal,,1025,1281,1,6b2428518dc250822e7baedfa0f2a068d5c254ca0eb4d1b12e536e9014bf06cc,,
1.0,G02-260202-141615-403,G02-260202-141615-403.bmp,G02,2026-02-02T14:16:15,2026-02-02,G02_2026-02-02,403,train,normal,,1025,1281,1,b4c9403ec033cc92ee666f46906a8255a97989a647a86f251dbafce0b8e7ae6f,,
1.0,G02-260202-141628-404,G02-260202-141628-404.bmp,G02,2026-02-02T14:16:28,2026-02-02,G02_2026-02-02,404,train,normal,,1025,1281,1,0d06ed244832927c27537a78f3043f9b418d9c95ec659eb568df98abe221fc8d,,
1.0,G02-260202-141637-405,G02-260202-141637-405.bmp,G02,2026-02-02T14:16:37,2026-02-02,G02_2026-02-02,405,train,normal,,1025,1281,1,5e25d3d06ef65f98ad31aa99f524d1fc2bce164b0f3cc8c56a416b02ab88b941,,
1.0,G02-260202-141644-406,G02-260202-141644-406.bmp,G02,2026-02-02T14:16:44,2026-02-02,G02_2026-02-02,406,train,normal,,1025,1281,1,b7e44aa0f5d60d550bfe41801d67c1f574d1918819f947dd85ca1119fbed63eb,,
1.0,G02-260202-141650-407,G02-260202-141650-407.bmp,G02,2026-02-02T14:16:50,2026-02-02,G02_2026-02-02,407,train,normal,,1025,1281,1,f40ebfca9cfd09806b8222299958962c21645e89c623a69e1faea69aa8eefeb0,,
1.0,G02-260202-141658-408,G02-260202-141658-408.bmp,G02,2026-02-02T14:16:58,2026-02-02,G02_2026-02-02,408,train,normal,,1025,1281,1,e89c0c0dc5831ec3e02426228857b894124d031c7afe48db1f4c8e0158e2a740,,
1.0,G02-260202-141708-409,G02-260202-141708-409.bmp,G02,2026-02-02T14:17:08,2026-02-02,G02_2026-02-02,409,train,normal,,1025,1281,1,6a6777b6588025a905e7f3d2e87d27c50389d722c282a05ceeab74431fe002ea,,
1.0,G02-260202-141723-410,G02-260202-141723-410.bmp,G02,2026-02-02T14:17:23,2026-02-02,G02_2026-02-02,410,train,normal,,1025,1281,1,e73f2ac7af0a80b193d4046003dc3b4b73f61c8d6aa78d9bf2f21009f62095a6,,
1.0,G02-260202-141729-411,G02-260202-141729-411.bmp,G02,2026-02-02T14:17:29,2026-02-02,G02_2026-02-02,411,train,normal,,1025,1281,1,1834eb1bf033e1de2329193d852567aaafff2e47728a9829326e6e2d91b9870e,,
1.0,G02-260202-141745-413,G02-260202-141745-413.bmp,G02,2026-02-02T14:17:45,2026-02-02,G02_2026-02-02,413,train,normal,,1025,1281,1,5ed82f375681d2d60cd44b48b6bd7bfb189279d3602c7577de65e76ef7edaa39,,
1.0,G02-260202-141754-414,G02-260202-141754-414.bmp,G02,2026-02-02T14:17:54,2026-02-02,G02_2026-02-02,414,train,normal,,1025,1281,1,b15ce70b5f0f129dbae75097f0e37e4268dbaff78b7d45d68e5eda94850bd58f,,
1.0,G02-260202-141813-415,G02-260202-141813-415.bmp,G02,2026-02-02T14:18:13,2026-02-02,G02_2026-02-02,415,train,normal,,1025,1281,1,c5724090a01a20fa53e707e5f469e2892d29b4e00f1e5e96459c62141f28cc42,,
1.0,G02-260202-141819-416,G02-260202-141819-416.bmp,G02,2026-02-02T14:18:19,2026-02-02,G02_2026-02-02,416,train,normal,,1025,1281,1,00a6f3b74d675b5f8fe91fc597914c9fedc396ef81c5acb761882dde3fc4aa02,,
1.0,G02-260202-141826-417,G02-260202-141826-417.bmp,G02,2026-02-02T14:18:26,2026-02-02,G02_2026-02-02,417,train,normal,,1025,1281,1,1200568d4dcd93754eb5f65d72d572135e154f11623245cbbb708aacd94dbd03,,
1.0,G02-260202-141834-418,G02-260202-141834-418.bmp,G02,2026-02-02T14:18:34,2026-02-02,G02_2026-02-02,418,train,normal,,1025,1281,1,461f813a20648070c53682cfc32f808c24b83cfabb241066ed282dca4197f7fd,,
1.0,G02-260202-141843-419,G02-260202-141843-419.bmp,G02,2026-02-02T14:18:43,2026-02-02,G02_2026-02-02,419,train,normal,,1025,1281,1,9341f528f2d14b6c046d0afb22cd68dcc47c85ee6c37451b221d8fa164634362,,
1.0,G02-260202-141855-420,G02-260202-141855-420.bmp,G02,2026-02-02T14:18:55,2026-02-02,G02_2026-02-02,420,train,normal,,1025,1281,1,66bf508517655ce2ddf3607d9bb24110c349e8a15a3d6fae2d040a86471971c6,,
1.0,G02-260202-141903-421,G02-260202-141903-421.bmp,G02,2026-02-02T14:19:03,2026-02-02,G02_2026-02-02,421,train,normal,,1025,1281,1,3b976a6c4136f0a6233b643f0559c50fb3d9c3b54ef0cb6fd412cddaa677ab29,,
1.0,G02-260202-141918-422,G02-260202-141918-422.bmp,G02,2026-02-02T14:19:18,2026-02-02,G02_2026-02-02,422,train,normal,,1025,1281,1,c3d53a6e6905a7da901f50b7c23d495ee6eed55b5ebe8565ccde2d15bc2ba9bf,,
1.0,G02-260202-141924-423,G02-260202-141924-423.bmp,G02,2026-02-02T14:19:24,2026-02-02,G02_2026-02-02,423,train,normal,,1025,1281,1,a03804b79884dc09d2d2a31d704af8df40af4eb8a72fedfe5b1fa53906a1237a,,
1.0,G02-260202-141933-424,G02-260202-141933-424.bmp,G02,2026-02-02T14:19:33,2026-02-02,G02_2026-02-02,424,train,normal,,1025,1281,1,04340bc14cb7a45673cdd4a2e882ca5e3639d54396456e85d4a77a169eecc4de,,
1.0,G02-260202-141943-425,G02-260202-141943-425.bmp,G02,2026-02-02T14:19:43,2026-02-02,G02_2026-02-02,425,train,normal,,1025,1281,1,b5546a904c2eb508f5e3250086f0b1744c9638e3df25068e89bd04fa0efc0f22,,
1.0,G02-260202-141955-426,G02-260202-141955-426.bmp,G02,2026-02-02T14:19:55,2026-02-02,G02_2026-02-02,426,train,normal,,1025,1281,1,b9a03acc22ea51283987eb55df0aa8dccca2b488e8569aa0e5bcd0876efbaa2e,,
1.0,G02-260202-142004-427,G02-260202-142004-427.bmp,G02,2026-02-02T14:20:04,2026-02-02,G02_2026-02-02,427,train,normal,,1025,1281,1,1d613bc8b9ce30705e6cc4e3274385bc30b170334e2f0cfbfbacec57c40a125b,,
1.0,G02-260202-142014-428,G02-260202-142014-428.bmp,G02,2026-02-02T14:20:14,2026-02-02,G02_2026-02-02,428,train,normal,,1025,1281,1,42068a68e29198c9200fe3324246d5ad9ba7d6763c14ef372cba6ca62ef3dc4e,,
1.0,G02-260202-142020-429,G02-260202-142020-429.bmp,G02,2026-02-02T14:20:20,2026-02-02,G02_2026-02-02,429,train,normal,,1025,1281,1,417f4f58c019cbff3e8c2e561606f803919b89164dbd26e65b78c6849eac2c8c,,
1.0,G02-260202-142027-430,G02-260202-142027-430.bmp,G02,2026-02-02T14:20:27,2026-02-02,G02_2026-02-02,430,train,normal,,1025,1281,1,75a97aee9e455ce550e94e2848f68fcfdddc947b9a59e58b1240d62979b6abe4,,
1.0,G02-260202-142040-431,G02-260202-142040-431.bmp,G02,2026-02-02T14:20:40,2026-02-02,G02_2026-02-02,431,train,normal,,1025,1281,1,41dd46006825c3b79886ba97d12258ddacbd3f5270c9012fd0742063ff77da01,,
1.0,G02-260202-142110-433,G02-260202-142110-433.bmp,G02,2026-02-02T14:21:10,2026-02-02,G02_2026-02-02,433,train,normal,,1025,1281,1,9469a1fc435d4c9c08a3034ddefccb37a817ccec7ca7192f8b092a000172c7cb,,
1.0,G02-260202-142117-434,G02-260202-142117-434.bmp,G02,2026-02-02T14:21:17,2026-02-02,G02_2026-02-02,434,train,normal,,1025,1281,1,c0e344075db954e510fdd9a518c6898f2ef56609f618a83145979d57a998cfe4,,
1.0,G02-260202-142140-435,G02-260202-142140-435.bmp,G02,2026-02-02T14:21:40,2026-02-02,G02_2026-02-02,435,train,normal,,1025,1281,1,2509f076a8375fa85f6959191b5dd4fd704044628968990fb75f897f95f7a716,,
1.0,G02-260202-142147-436,G02-260202-142147-436.bmp,G02,2026-02-02T14:21:47,2026-02-02,G02_2026-02-02,436,train,normal,,1025,1281,1,0d67dc0c72d4d54e99f8818635fca5f3327e4e97626098d00d80158616c17ba4,,
1.0,G02-260202-142210-437,G02-260202-142210-437.bmp,G02,2026-02-02T14:22:10,2026-02-02,G02_2026-02-02,437,train,normal,,1025,1281,1,dfce784754e7219a5fa4646102b4c7c93ec6bf18947479473927a3bcc9520f56,,
1.0,G02-260202-142216-438,G02-260202-142216-438.bmp,G02,2026-02-02T14:22:16,2026-02-02,G02_2026-02-02,438,train,normal,,1025,1281,1,f41483eab726e2b062ed2e38183b10c6f1edfb656c52ff6ed306314d7c69891e,,
1.0,G02-260202-142234-439,G02-260202-142234-439.bmp,G02,2026-02-02T14:22:34,2026-02-02,G02_2026-02-02,439,train,normal,,1025,1281,1,f1fac58d31dd4a45ef5cc64dc5f86a8ae3964dc99cd8fd3bb5bb71e02d04729c,,
1.0,G02-260202-142240-440,G02-260202-142240-440.bmp,G02,2026-02-02T14:22:40,2026-02-02,G02_2026-02-02,440,train,normal,,1025,1281,1,010e540918dba083b9c8ce11b3ff4d2e32a02abc80077e336ae71192a1297b55,,
1.0,G02-260202-142302-441,G02-260202-142302-441.bmp,G02,2026-02-02T14:23:02,2026-02-02,G02_2026-02-02,441,train,normal,,1025,1281,1,aa120f779b32589408b5108a4849fd7b4bc22f2d26782e91e4f0db1850c1ac4c,,
1.0,G02-260202-142314-442,G02-260202-142314-442.bmp,G02,2026-02-02T14:23:14,2026-02-02,G02_2026-02-02,442,train,normal,,1025,1281,1,bbe13c97619bcb469ab5237316975e8cfc09f217c8e609e32969d01f1f778ea1,,
1.0,G02-260202-142323-443,G02-260202-142323-443.bmp,G02,2026-02-02T14:23:23,2026-02-02,G02_2026-02-02,443,train,normal,,1025,1281,1,be034b6baeae1bfbbb35eb32a1083e313fc5223b1395117011e24b46be5e32f0,,
1.0,G02-260202-142338-444,G02-260202-142338-444.bmp,G02,2026-02-02T14:23:38,2026-02-02,G02_2026-02-02,444,train,normal,,1025,1281,1,d0ae9e8a173ebfcdfc07b8eaaf4f42764bcae7c7158d0ba41a6a984f9c11335f,,
1.0,G02-260202-142404-445,G02-260202-142404-445.bmp,G02,2026-02-02T14:24:04,2026-02-02,G02_2026-02-02,445,train,normal,,1025,1281,1,cad73daae80859c25d192233c41a76f417d059b52ddf01e470f0c5e07bd638b4,,
1.0,G02-260202-142410-446,G02-260202-142410-446.bmp,G02,2026-02-02T14:24:10,2026-02-02,G02_2026-02-02,446,train,normal,,1025,1281,1,6c2dd6a769d7cb5a581fc5080f059b31e70c6a440fd0520f20d03afd4bd441d2,,
1.0,G02-260202-142439-447,G02-260202-142439-447.bmp,G02,2026-02-02T14:24:39,2026-02-02,G02_2026-02-02,447,train,normal,,1025,1281,1,9c7d6945b0381daf0b5429c48945506e28868680aa96f0c46d35f3cfdc7888d4,,
1.0,G02-260202-142445-448,G02-260202-142445-448.bmp,G02,2026-02-02T14:24:45,2026-02-02,G02_2026-02-02,448,train,normal,,1025,1281,1,38208e1b1000bc1b47f67bc70692500fb5cc2d04abfbca1bcc3083f3a018a5e1,,
1.0,G02-260202-142510-449,G02-260202-142510-449.bmp,G02,2026-02-02T14:25:10,2026-02-02,G02_2026-02-02,449,train,normal,,1025,1281,1,993cf84abd718413586f1ba4c3ef1f5d063ae3417f29bfb8c5bb7d1811d0c2b3,,
1.0,G02-260202-142517-450,G02-260202-142517-450.bmp,G02,2026-02-02T14:25:17,2026-02-02,G02_2026-02-02,450,train,normal,,1025,1281,1,b45e411f73aa599e3c8afb7dba692ad35ae2d931c4d0a54e110f861e33725a6e,,
1.0,G02-260202-142541-451,G02-260202-142541-451.bmp,G02,2026-02-02T14:25:41,2026-02-02,G02_2026-02-02,451,train,normal,,1025,1281,1,c6c3aec235afe3294eeac872f8f2a69c97ce282f6979e6935287fa30aef28785,,
1.0,G02-260202-142548-452,G02-260202-142548-452.bmp,G02,2026-02-02T14:25:48,2026-02-02,G02_2026-02-02,452,train,normal,,1025,1281,1,69fbce20211402e7f665ca958b754fbcb464f3077a45fc2f31d311d285cc607a,,
1.0,G02-260202-142608-453,G02-260202-142608-453.bmp,G02,2026-02-02T14:26:08,2026-02-02,G02_2026-02-02,453,train,normal,,1025,1281,1,c5d517c102e2090bf0b5fe617d3d5467bc1c0e5309f71070a9ec3e6a0693a89c,,
1.0,G02-260202-142615-454,G02-260202-142615-454.bmp,G02,2026-02-02T14:26:15,2026-02-02,G02_2026-02-02,454,train,normal,,1025,1281,1,8abbe98a2ff0b1aec1884384e6fa165c5c24b7abf7c4d8264d30ec3fb849e9b4,,
1.0,G02-260202-142637-455,G02-260202-142637-455.bmp,G02,2026-02-02T14:26:37,2026-02-02,G02_2026-02-02,455,train,normal,,1025,1281,1,d8eaf86d195ad11baffb6670a020b2360103aa52e4e9cf075607cdabfa9bea41,,
1.0,G02-260202-142643-456,G02-260202-142643-456.bmp,G02,2026-02-02T14:26:43,2026-02-02,G02_2026-02-02,456,train,normal,,1025,1281,1,e6d768460026a31ed1f92df0e18ec361fba462070624edbf6b3685d9bd4012b6,,
1.0,G02-260202-142707-457,G02-260202-142707-457.bmp,G02,2026-02-02T14:27:07,2026-02-02,G02_2026-02-02,457,train,normal,,1025,1281,1,8292cd7b78710f9ea2c55392d4c19709644109ce515ffaaf0d0b4a1a6f9a4778,,
1.0,G02-260202-142713-458,G02-260202-142713-458.bmp,G02,2026-02-02T14:27:13,2026-02-02,G02_2026-02-02,458,train,normal,,1025,1281,1,8af7ea7bb9a202d065d1918f4e68ea2e9e30d1221e0fade0f9f7f20d31b4443d,,
1.0,G02-260202-142734-459,G02-260202-142734-459.bmp,G02,2026-02-02T14:27:34,2026-02-02,G02_2026-02-02,459,train,normal,,1025,1281,1,38148c5ec3bcf4c1788b4e1b2169f7e1486e9c3097397a2785093cc3d3bffda6,,
1.0,G02-260202-142740-460,G02-260202-142740-460.bmp,G02,2026-02-02T14:27:40,2026-02-02,G02_2026-02-02,460,train,normal,,1025,1281,1,7655371761918c9187127315aade639d87836ef3ce20ad5202e12fd93e8a6539,,
1.0,G02-260202-142803-461,G02-260202-142803-461.bmp,G02,2026-02-02T14:28:03,2026-02-02,G02_2026-02-02,461,train,normal,,1025,1281,1,4c7ae7f77d6d51ab31e2ff1acd05f106f1bc766b44155da8d628eb8ad5beb7e4,,
1.0,G02-260202-142809-462,G02-260202-142809-462.bmp,G02,2026-02-02T14:28:09,2026-02-02,G02_2026-02-02,462,train,normal,,1025,1281,1,d5eb9a79a359577798734032be387b2a7a962eab72c30f94a9127138b68cceeb,,
1.0,G02-260202-142833-463,G02-260202-142833-463.bmp,G02,2026-02-02T14:28:33,2026-02-02,G02_2026-02-02,463,train,normal,,1025,1281,1,dd1cd74f4742d845d10444ab60409692bb10e5ccc249cc615caf5e0fa1cc3599,,
1.0,G02-260202-142840-464,G02-260202-142840-464.bmp,G02,2026-02-02T14:28:40,2026-02-02,G02_2026-02-02,464,train,normal,,1025,1281,1,66dd970f6cd0467a307ab8e38de1be689b5c6a0e37268730ae9e8cadc98a93c2,,
1.0,G02-260202-142857-465,G02-260202-142857-465.bmp,G02,2026-02-02T14:28:57,2026-02-02,G02_2026-02-02,465,train,normal,,1025,1281,1,4d6f70e13b35c3c8ff2c41bcd488b28e13ceea7171f520479faec0e306227a7f,,
1.0,G02-260202-142913-466,G02-260202-142913-466.bmp,G02,2026-02-02T14:29:13,2026-02-02,G02_2026-02-02,466,train,normal,,1025,1281,1,c2a249784a26fadeacbb7cee1ff9747116e4832c6e5646a3606c54e60dd80873,,
1.0,G02-260202-142946-467,G02-260202-142946-467.bmp,G02,2026-02-02T14:29:46,2026-02-02,G02_2026-02-02,467,train,normal,,1025,1281,1,cc0a04e37cdb45a06462ae4e7502989f192a20d8b04e6c27e685ad938d507a9c,,
1.0,G02-260202-142952-468,G02-260202-142952-468.bmp,G02,2026-02-02T14:29:52,2026-02-02,G02_2026-02-02,468,train,normal,,1025,1281,1,d40791d15c8594e6eebaa13492a7bfb712325ef1c196bb0c59ef0910c5093f1d,,
1.0,G02-260202-143010-469,G02-260202-143010-469.bmp,G02,2026-02-02T14:30:10,2026-02-02,G02_2026-02-02,469,train,normal,,1025,1281,1,1b40264b89af6754aeab484c476f5b942bd8d11cb8ba5d41a70ef7401e29ed30,,
1.0,G02-260202-143016-470,G02-260202-143016-470.bmp,G02,2026-02-02T14:30:16,2026-02-02,G02_2026-02-02,470,train,normal,,1025,1281,1,e7bf1bf4427b1e7333aaf3f66b455fa14a9e0d0b40103f52b308410a4fee746b,,
1.0,G02-260202-143040-471,G02-260202-143040-471.bmp,G02,2026-02-02T14:30:40,2026-02-02,G02_2026-02-02,471,train,normal,,1025,1281,1,608d714b9d4628cffd51df1e34ae2d679e3ea7fbfa7cd89371e4eeb44b74cb43,,
1.0,G02-260202-143047-472,G02-260202-143047-472.bmp,G02,2026-02-02T14:30:47,2026-02-02,G02_2026-02-02,472,train,normal,,1025,1281,1,b8026625954b42eae274ad0828c0fee4b29f0bd53eeb64ff45d42201c419c36e,,
1.0,G02-260202-143109-473,G02-260202-143109-473.bmp,G02,2026-02-02T14:31:09,2026-02-02,G02_2026-02-02,473,train,normal,,1025,1281,1,99b3383652ad99e55ee0536fb6688b109d2e8f1b06958a718e58f27a91647214,,
1.0,G02-260202-143115-474,G02-260202-143115-474.bmp,G02,2026-02-02T14:31:15,2026-02-02,G02_2026-02-02,474,train,normal,,1025,1281,1,c9899e573a7344f360fb90d7790299716681525d9b980210e0cfc8046e612c14,,
1.0,G02-260202-143142-475,G02-260202-143142-475.bmp,G02,2026-02-02T14:31:42,2026-02-02,G02_2026-02-02,475,train,normal,,1025,1281,1,d3bed7e9bcb924963e388297a192efff5eef546c5ee63a4b0927c3a9cfa62206,,
1.0,G02-260202-143148-476,G02-260202-143148-476.bmp,G02,2026-02-02T14:31:48,2026-02-02,G02_2026-02-02,476,train,normal,,1025,1281,1,b4d5aae966c732746bd2a82ab779657bb57760d8a758c9c6c1c69f334bc66f5e,,
1.0,G02-260202-143211-477,G02-260202-143211-477.bmp,G02,2026-02-02T14:32:11,2026-02-02,G02_2026-02-02,477,train,normal,,1025,1281,1,2fbcd632dd040857510c188e99724431863fdb9f83aa3404c9a6a8885522ceb6,,
1.0,G02-260202-143217-478,G02-260202-143217-478.bmp,G02,2026-02-02T14:32:17,2026-02-02,G02_2026-02-02,478,train,normal,,1025,1281,1,2ee675096a9b6cf31bda64db7cf6160d9ffc7bdbb975d6dcf601660f5faf8c01,,
1.0,G02-260202-143238-479,G02-260202-143238-479.bmp,G02,2026-02-02T14:32:38,2026-02-02,G02_2026-02-02,479,train,normal,,1025,1281,1,7402b80b006b736019997d24f0eccdd4a4860b57e2e62ec5805b46770ea9ba26,,
1.0,G02-260202-143244-480,G02-260202-143244-480.bmp,G02,2026-02-02T14:32:44,2026-02-02,G02_2026-02-02,480,train,normal,,1025,1281,1,11630fdd5a6fa7ac71425a2f4911596b29833ad0f0e94abe2d4106d13a6df635,,
1.0,G02-260202-143309-481,G02-260202-143309-481.bmp,G02,2026-02-02T14:33:09,2026-02-02,G02_2026-02-02,481,train,normal,,1025,1281,1,b58eb28cf5bb39c587025b32463c4508c7ab9c69ac26487e4b87d0fcc7b6bb10,,
1.0,G02-260202-143315-482,G02-260202-143315-482.bmp,G02,2026-02-02T14:33:15,2026-02-02,G02_2026-02-02,482,train,normal,,1025,1281,1,d2a75d0176eb68c8f740327ab84aea595d9a9a39a37e37201c6a6e306444322d,,
1.0,G02-260202-143342-483,G02-260202-143342-483.bmp,G02,2026-02-02T14:33:42,2026-02-02,G02_2026-02-02,483,train,normal,,1025,1281,1,b6e92e1802e5f212386fcae1c91a22a19fcd05dca3c0623710cf2fab2ef9f5d4,,
1.0,G02-260202-143348-484,G02-260202-143348-484.bmp,G02,2026-02-02T14:33:48,2026-02-02,G02_2026-02-02,484,train,normal,,1025,1281,1,78e771edc6bd2fa890869266432b1961934d69ccc5032dfc88ba8f8f9c85b309,,
1.0,G02-260202-143410-485,G02-260202-143410-485.bmp,G02,2026-02-02T14:34:10,2026-02-02,G02_2026-02-02,485,train,normal,,1025,1281,1,75305203bee30d718aa72b007f7c63fdf0e67deaea6fcc3c24c33058c879ae53,,
1.0,G02-260202-143416-486,G02-260202-143416-486.bmp,G02,2026-02-02T14:34:16,2026-02-02,G02_2026-02-02,486,train,normal,,1025,1281,1,1203f53b8d557368044e5646f3cbde33b7506cd73a8d1ae9f6b33e29faabdd93,,
1.0,G02-260202-143442-487,G02-260202-143442-487.bmp,G02,2026-02-02T14:34:42,2026-02-02,G02_2026-02-02,487,train,normal,,1025,1281,1,6f811e7b6e0678be0e337343040f42776d37c4d9f5481c18cdf9c89e2416ed31,,
1.0,G02-260202-143449-488,G02-260202-143449-488.bmp,G02,2026-02-02T14:34:49,2026-02-02,G02_2026-02-02,488,train,normal,,1025,1281,1,46c05e09594070b771922a660f0e0c1ea84ebafc25e5924e217131b3a7bc7ccb,,
1.0,G02-260202-143509-489,G02-260202-143509-489.bmp,G02,2026-02-02T14:35:09,2026-02-02,G02_2026-02-02,489,train,normal,,1025,1281,1,7c773d429b4a54b6302e8bb5fc4e1a526e2e104c79a9954438aedfe525946ea2,,
1.0,G02-260202-143516-490,G02-260202-143516-490.bmp,G02,2026-02-02T14:35:16,2026-02-02,G02_2026-02-02,490,train,normal,,1025,1281,1,2af4c29a6bc0b9fc3102ddfb612cb24bd204f8d52f26b113329211bf7a26cdd1,,
1.0,G02-260202-143541-491,G02-260202-143541-491.bmp,G02,2026-02-02T14:35:41,2026-02-02,G02_2026-02-02,491,train,normal,,1025,1281,1,d47d447c8507f8720696000ff023fba90a69ded4058933979709c64ba313f956,,
1.0,G02-260202-143547-492,G02-260202-143547-492.bmp,G02,2026-02-02T14:35:47,2026-02-02,G02_2026-02-02,492,train,normal,,1025,1281,1,6ce2d4f3f70ed536467c45ee9fab12e9a44dc2153867da407331021a56c08e17,,
1.0,G02-260202-143611-493,G02-260202-143611-493.bmp,G02,2026-02-02T14:36:11,2026-02-02,G02_2026-02-02,493,train,normal,,1025,1281,1,1b13e0dc513c19a68213c59aefb93229f002a11804c5e7b3391740ffc7b7972c,,
1.0,G02-260202-143618-494,G02-260202-143618-494.bmp,G02,2026-02-02T14:36:18,2026-02-02,G02_2026-02-02,494,train,normal,,1025,1281,1,77e052d59fbf5f64404a22a7ab4a9bb8367ac27524b93ddbdc25cdb877b6beb2,,
1.0,G02-260202-143641-495,G02-260202-143641-495.bmp,G02,2026-02-02T14:36:41,2026-02-02,G02_2026-02-02,495,train,normal,,1025,1281,1,a9faf9494b717e8f5f36193c08b610818f7cf5452effc4f2db6c116bca0c5251,,
1.0,G02-260202-143648-496,G02-260202-143648-496.bmp,G02,2026-02-02T14:36:48,2026-02-02,G02_2026-02-02,496,train,normal,,1025,1281,1,df53cab1fdadc4f2ad1bdbb95c68ac4fbed6c6c32c9ae4274bb0a48a2d94aa22,,
1.0,G02-260202-143712-497,G02-260202-143712-497.bmp,G02,2026-02-02T14:37:12,2026-02-02,G02_2026-02-02,497,train,normal,,1025,1281,1,175bd2d36dacc4b7cdeb021b02dfa3675c366361420f226eda96d31a1ba8d6a6,,
1.0,G02-260202-143718-498,G02-260202-143718-498.bmp,G02,2026-02-02T14:37:18,2026-02-02,G02_2026-02-02,498,train,normal,,1025,1281,1,8f2a2656f312512710e4c33957f14c35f87b7033c380a0c911b49571df804a5b,,
1.0,G02-260202-143740-499,G02-260202-143740-499.bmp,G02,2026-02-02T14:37:40,2026-02-02,G02_2026-02-02,499,train,normal,,1025,1281,1,26a60b2334ceb73a9a08a30d9b4e3cf355344dfdcac889cbf36de1e4dc860314,,
1.0,G02-260202-143747-500,G02-260202-143747-500.bmp,G02,2026-02-02T14:37:47,2026-02-02,G02_2026-02-02,500,train,normal,,1025,1281,1,7d5ab350fa4a1172ed764d1484e48889ce207564896ebe7c01c04dbcef29adec,,
1.0,G02-260202-143812-501,G02-260202-143812-501.bmp,G02,2026-02-02T14:38:12,2026-02-02,G02_2026-02-02,501,train,normal,,1025,1281,1,1f0b3adece103db32259528a81f5bde8cff0106a9e97bef785602f67e0497834,,
1.0,G02-260202-143818-502,G02-260202-143818-502.bmp,G02,2026-02-02T14:38:18,2026-02-02,G02_2026-02-02,502,train,normal,,1025,1281,1,6c2333e21fcfe2d3a85af0d17b028d1e56eb742ae59ceb2416e05fb0fd3c63bd,,
1.0,G02-260202-143842-503,G02-260202-143842-503.bmp,G02,2026-02-02T14:38:42,2026-02-02,G02_2026-02-02,503,train,normal,,1025,1281,1,69b3a38f88bd2f08a318b8aadc16fddc52698c31bcb81922df2d278cfeb33a24,,
1.0,G02-260202-143849-504,G02-260202-143849-504.bmp,G02,2026-02-02T14:38:49,2026-02-02,G02_2026-02-02,504,train,normal,,1025,1281,1,7350c8b57f4b363c70a237969bd40518a34ecd3a8d2dd43770c6c0523b507e01,,
1.0,G02-260202-143911-505,G02-260202-143911-505.bmp,G02,2026-02-02T14:39:11,2026-02-02,G02_2026-02-02,505,train,normal,,1025,1281,1,fe10ff59fc73871b9f3864c60f0bfc8bd99999b339efd0fb55bbb7e00190c397,,
1.0,G02-260202-143917-506,G02-260202-143917-506.bmp,G02,2026-02-02T14:39:17,2026-02-02,G02_2026-02-02,506,train,normal,,1025,1281,1,baaeccd2d5888ecf1185b2ef1a81fdc93c58fe0b343b8283ed36514a1a9c72a1,,
1.0,G02-260202-143942-507,G02-260202-143942-507.bmp,G02,2026-02-02T14:39:42,2026-02-02,G02_2026-02-02,507,train,normal,,1025,1281,1,7442a8fef2f1e6359a221a797da32638011f358d0d24b1268162bdc56aa255ed,,
1.0,G02-260202-143949-508,G02-260202-143949-508.bmp,G02,2026-02-02T14:39:49,2026-02-02,G02_2026-02-02,508,train,normal,,1025,1281,1,1b730e31183966615f4b10b27c62f1114f74d59c10337c39462cdf7c4d5d2cdf,,
1.0,G02-260202-144014-509,G02-260202-144014-509.bmp,G02,2026-02-02T14:40:14,2026-02-02,G02_2026-02-02,509,train,normal,,1025,1281,1,011b028c2250e36599c15a7fb1f105ec3b8b6bfd60c38f9b0b1398f7aacf6964,,
1.0,G02-260202-144020-510,G02-260202-144020-510.bmp,G02,2026-02-02T14:40:20,2026-02-02,G02_2026-02-02,510,train,normal,,1025,1281,1,c17cc60b059d86768df238681fb771fb3bf0ae1eec5c4fadf5164a186a3b3d2b,,
1.0,G02-260202-144042-511,G02-260202-144042-511.bmp,G02,2026-02-02T14:40:42,2026-02-02,G02_2026-02-02,511,train,normal,,1025,1281,1,43d5d76f0e3860b417201b4eed3996bfcfce11c792359efd98c9d64d79a36df6,,
1.0,G02-260202-144048-512,G02-260202-144048-512.bmp,G02,2026-02-02T14:40:48,2026-02-02,G02_2026-02-02,512,train,normal,,1025,1281,1,065b592bd5a6c80d481db3bdae3863fa28a62510bfc9eba4d273cca0f72ed7e0,,
1.0,G02-260202-144113-513,G02-260202-144113-513.bmp,G02,2026-02-02T14:41:13,2026-02-02,G02_2026-02-02,513,train,normal,,1025,1281,1,160adfadce3f7d73cbe8fb82b54746450f05eb21e0582a1a4ae85e6ed1a94974,,
1.0,G02-260202-144119-514,G02-260202-144119-514.bmp,G02,2026-02-02T14:41:19,2026-02-02,G02_2026-02-02,514,train,normal,,1025,1281,1,aa2165b841ebb121b8f05d0dce5a8fcaf807f471325502a33adf729d276afeeb,,
1.0,G02-260202-144141-515,G02-260202-144141-515.bmp,G02,2026-02-02T14:41:41,2026-02-02,G02_2026-02-02,515,train,normal,,1025,1281,1,628fed9ae077c0922827c793875b3510eb9f726d30e837eeefb537cc217b0aba,,
1.0,G02-260202-144147-516,G02-260202-144147-516.bmp,G02,2026-02-02T14:41:47,2026-02-02,G02_2026-02-02,516,train,normal,,1025,1281,1,54408a8c298aadc1d4e9af7a8ca20dba7825c42bbf655142b790d166f066183e,,
1.0,G02-260202-144211-517,G02-260202-144211-517.bmp,G02,2026-02-02T14:42:11,2026-02-02,G02_2026-02-02,517,train,normal,,1025,1281,1,4acae6d4730bc449e8984fcc6074edfa4b4b26766982898fec228a9996f9e3f2,,
1.0,G02-260202-144218-518,G02-260202-144218-518.bmp,G02,2026-02-02T14:42:18,2026-02-02,G02_2026-02-02,518,train,normal,,1025,1281,1,99891e0535ab92a9ffbb11a3242cb5694db083f598d7741863b7b43961834293,,
1.0,G02-260202-144243-519,G02-260202-144243-519.bmp,G02,2026-02-02T14:42:43,2026-02-02,G02_2026-02-02,519,train,normal,,1025,1281,1,cad2758a2a866c2cda087145542907e752e329fddeea8523193c6263528898a0,,
1.0,G02-260202-144251-520,G02-260202-144251-520.bmp,G02,2026-02-02T14:42:51,2026-02-02,G02_2026-02-02,520,train,normal,,1025,1281,1,8434a51fe97a678f56268f1100183031ec2e61bc0e84b2531682ad6cad6cdf9c,,
1.0,G02-260202-144307-521,G02-260202-144307-521.bmp,G02,2026-02-02T14:43:07,2026-02-02,G02_2026-02-02,521,train,normal,,1025,1281,1,52789b884946026702cebbc0d13bcc164ff23eb44d8985698225d0d795535d33,,
1.0,G02-260202-144314-522,G02-260202-144314-522.bmp,G02,2026-02-02T14:43:14,2026-02-02,G02_2026-02-02,522,train,normal,,1025,1281,1,e72bd92bd47ddd0d83e36fd2af379562d54bcde1b8b7e00f9a2405985131e7dc,,
1.0,G02-260202-144342-523,G02-260202-144342-523.bmp,G02,2026-02-02T14:43:42,2026-02-02,G02_2026-02-02,523,train,normal,,1025,1281,1,f9ea4a21156efe04abb7833fe955a7c6010b6181f246567c51612eac23a3a5b9,,
1.0,G02-260202-144348-524,G02-260202-144348-524.bmp,G02,2026-02-02T14:43:48,2026-02-02,G02_2026-02-02,524,train,normal,,1025,1281,1,7f501520b16b86d3d8a9c70a58bc748d5fb522412aa116ad0ceeb7b8b18c36fa,,
1.0,G02-260202-144412-525,G02-260202-144412-525.bmp,G02,2026-02-02T14:44:12,2026-02-02,G02_2026-02-02,525,train,normal,,1025,1281,1,99d28fc39fb404135b021d5f42d33199e970a4bead44ee5429cd5cd268a832ce,,
1.0,G02-260202-144421-526,G02-260202-144421-526.bmp,G02,2026-02-02T14:44:21,2026-02-02,G02_2026-02-02,526,train,normal,,1025,1281,1,153a2f7738b6fe7514ef9ebb5267680df91c251e2f300a4ba8939a9700075d54,,
1.0,G02-260202-144439-527,G02-260202-144439-527.bmp,G02,2026-02-02T14:44:39,2026-02-02,G02_2026-02-02,527,train,normal,,1025,1281,1,af8c9106f48ea43f922bd94de84a43550cd73395f23446e06e43d2369ea43d8d,,
1.0,G02-260202-144446-528,G02-260202-144446-528.bmp,G02,2026-02-02T14:44:46,2026-02-02,G02_2026-02-02,528,train,normal,,1025,1281,1,c8bb2858bf000b56e5c520899894c0957458b8c2461ce4f3627ed3c59b15a297,,
1.0,G02-260202-144510-529,G02-260202-144510-529.bmp,G02,2026-02-02T14:45:10,2026-02-02,G02_2026-02-02,529,train,normal,,1025,1281,1,ee96616887c49c6c764be424163794cda491665b39ad5b91e3c773a6f284fbb1,,
1.0,G02-260202-144516-530,G02-260202-144516-530.bmp,G02,2026-02-02T14:45:16,2026-02-02,G02_2026-02-02,530,train,normal,,1025,1281,1,6eefff753b67337d1645ac8f5087103467095426ae77be966515a9cfa9536777,,
1.0,G02-260202-144542-531,G02-260202-144542-531.bmp,G02,2026-02-02T14:45:42,2026-02-02,G02_2026-02-02,531,train,normal,,1025,1281,1,f7b1dc6bdaf64be9611918601927b03a1d61952b2c09e13408b288455994f82c,,
1.0,G02-260202-144551-532,G02-260202-144551-532.bmp,G02,2026-02-02T14:45:51,2026-02-02,G02_2026-02-02,532,train,normal,,1025,1281,1,cbc13a195822ad590d1e7e0c7f442dba105c3f1fb5037a7769c2b6997aab67a8,,
1.0,G02-260202-144608-533,G02-260202-144608-533.bmp,G02,2026-02-02T14:46:08,2026-02-02,G02_2026-02-02,533,train,normal,,1025,1281,1,b64c24a863c10bb676786c4fdb0c0a8550f1040532ec518a9d532b0bbf9604be,,
1.0,G02-260202-144615-534,G02-260202-144615-534.bmp,G02,2026-02-02T14:46:15,2026-02-02,G02_2026-02-02,534,train,normal,,1025,1281,1,386dadc4a35dab621db7ff0b66ae953b4b318c6a5a0efaa52e781260e1c538ea,,
1.0,G02-260202-144643-535,G02-260202-144643-535.bmp,G02,2026-02-02T14:46:43,2026-02-02,G02_2026-02-02,535,train,normal,,1025,1281,1,b03eaeb251f09ebecf9c90ea4e59481f3f8e0215482ab77678fab5ad4b668026,,
1.0,G02-260202-144649-536,G02-260202-144649-536.bmp,G02,2026-02-02T14:46:49,2026-02-02,G02_2026-02-02,536,train,normal,,1025,1281,1,8cbfb1b4a77d2899c408612028333a95452aeed9fbf951d59eab48507f6772aa,,
1.0,G02-260202-144712-537,G02-260202-144712-537.bmp,G02,2026-02-02T14:47:12,2026-02-02,G02_2026-02-02,537,train,normal,,1025,1281,1,bd104ae8d425f1da1d240b1c1f88007ff51bb833b618d3426ff77337cca6b99f,,
1.0,G02-260202-144718-538,G02-260202-144718-538.bmp,G02,2026-02-02T14:47:18,2026-02-02,G02_2026-02-02,538,train,normal,,1025,1281,1,feccbb593085e43cccf021c91fd5e32cf22beb075dfa335ea7d0bb428176a1d6,,
1.0,G02-260202-144741-539,G02-260202-144741-539.bmp,G02,2026-02-02T14:47:41,2026-02-02,G02_2026-02-02,539,train,normal,,1025,1281,1,0f3d9f3f8b1045d3ef7fa966b60e96aacae35f49a1585c8096b4593718cdc31c,,
1.0,G02-260202-144748-540,G02-260202-144748-540.bmp,G02,2026-02-02T14:47:48,2026-02-02,G02_2026-02-02,540,train,normal,,1025,1281,1,72ba433b9e809a26d4dd8e5961b9b47313952141f67eb3ad85bd3bbc72c7aec7,,
1.0,G02-260202-144812-541,G02-260202-144812-541.bmp,G02,2026-02-02T14:48:12,2026-02-02,G02_2026-02-02,541,train,normal,,1025,1281,1,3ebeaa7e2909007286b3b1ae5646cace4178404ed38bbce0d78dcae3a3ba5be9,,
1.0,G02-260202-144819-542,G02-260202-144819-542.bmp,G02,2026-02-02T14:48:19,2026-02-02,G02_2026-02-02,542,train,normal,,1025,1281,1,acbbb8a11b7617bc7c66e4618267e8b27d9c3d5c6f9efc9aa9d7fbee018b524f,,
1.0,G02-260202-144843-543,G02-260202-144843-543.bmp,G02,2026-02-02T14:48:43,2026-02-02,G02_2026-02-02,543,train,normal,,1025,1281,1,35d349fd8686e3d1fd4a873f8bc2a82ace0af69cc1a6f04463b38e74ab4601f2,,
1.0,G02-260202-144849-544,G02-260202-144849-544.bmp,G02,2026-02-02T14:48:49,2026-02-02,G02_2026-02-02,544,train,normal,,1025,1281,1,e4cb07c4dca9d3f96be8cf984fa0f55a1ea1f51adf265bb2df11fc8779050651,,
1.0,G02-260202-144915-545,G02-260202-144915-545.bmp,G02,2026-02-02T14:49:15,2026-02-02,G02_2026-02-02,545,train,normal,,1025,1281,1,756e853b2b38bcc4953133eaadb9520c660d8aaf5b6e8af3bf66b7797033383f,,
1.0,G02-260202-144921-546,G02-260202-144921-546.bmp,G02,2026-02-02T14:49:21,2026-02-02,G02_2026-02-02,546,train,normal,,1025,1281,1,7a39ed9410449c497cf5dbf8ed122e33cc4e8c73bf7fd39e2793f2c851b59ac3,,
1.0,G02-260202-144943-547,G02-260202-144943-547.bmp,G02,2026-02-02T14:49:43,2026-02-02,G02_2026-02-02,547,train,normal,,1025,1281,1,b92363055ff12bc36ee75170d1085e39908cfa793960c5dcfc0604837fc78245,,
1.0,G02-260202-144949-548,G02-260202-144949-548.bmp,G02,2026-02-02T14:49:49,2026-02-02,G02_2026-02-02,548,train,normal,,1025,1281,1,f2e9fca189b1aed3a056fdc8693cc7d175d1102454b7210fc66842165e6d5cd3,,
1.0,G02-260202-145015-549,G02-260202-145015-549.bmp,G02,2026-02-02T14:50:15,2026-02-02,G02_2026-02-02,549,train,normal,,1025,1281,1,623698311da0248a70deb84936ccc49d3e028159e5b0a6c210c4914a5e589cd5,,
1.0,G02-260202-145021-550,G02-260202-145021-550.bmp,G02,2026-02-02T14:50:21,2026-02-02,G02_2026-02-02,550,train,normal,,1025,1281,1,5546dbb65da118d3553c329061ec555ab2d83a6bce375e1ba290a815f0d18027,,
1.0,G02-260202-145045-551,G02-260202-145045-551.bmp,G02,2026-02-02T14:50:45,2026-02-02,G02_2026-02-02,551,train,normal,,1025,1281,1,801170e063bc3f47615b44b33d6d3ee0b8e455102bb1565618e8814afb9e532e,,
1.0,G02-260202-145051-552,G02-260202-145051-552.bmp,G02,2026-02-02T14:50:51,2026-02-02,G02_2026-02-02,552,train,normal,,1025,1281,1,74b4a5a7e8e051ee6ceefa3f67508786fe50e4d229bc358528aa111ec8c5be4b,,
1.0,G02-260202-145138-553,G02-260202-145138-553.bmp,G02,2026-02-02T14:51:38,2026-02-02,G02_2026-02-02,553,train,normal,,1025,1281,1,293f47910981d0b1a4e5ea55bbb74cd4833d39ecd23940a4767e41b3ed4f4cf8,,
1.0,G02-260202-145141-554,G02-260202-145141-554.bmp,G02,2026-02-02T14:51:41,2026-02-02,G02_2026-02-02,554,train,normal,,1025,1281,1,4a3be1b380c6516a0b6fe6e5f6fe95033240ef20b8285f7021ac686f2129eb8a,,
1.0,G02-260202-145215-555,G02-260202-145215-555.bmp,G02,2026-02-02T14:52:15,2026-02-02,G02_2026-02-02,555,train,normal,,1025,1281,1,d3dddfca64bbc840d4786e816209ad7f65bbe9a0bbbb157718f35bd7d2629d67,,
1.0,G02-260202-145221-557,G02-260202-145221-557.bmp,G02,2026-02-02T14:52:21,2026-02-02,G02_2026-02-02,557,train,normal,,1025,1281,1,b1032362b04b971f1b4842b9e90305ac4a5cc6ca3d78a459257d155680f0359f,,
1.0,G02-260202-145227-558,G02-260202-145227-558.bmp,G02,2026-02-02T14:52:27,2026-02-02,G02_2026-02-02,558,train,normal,,1025,1281,1,746c43e3de3c81842971f3342071f9054647cac9ecef71a932eb809e2755922c,,
1.0,G02-260202-145245-559,G02-260202-145245-559.bmp,G02,2026-02-02T14:52:45,2026-02-02,G02_2026-02-02,559,train,normal,,1025,1281,1,8d8decdfa4a37be5b80d666b4d52927019990f9b57f77929ddc2cd1483abf0a9,,
1.0,G02-260202-145251-560,G02-260202-145251-560.bmp,G02,2026-02-02T14:52:51,2026-02-02,G02_2026-02-02,560,train,normal,,1025,1281,1,d9492f780d91dd2e7cb4f99ddaab0ea8321b75017d2934bd3a93bb877b021002,,
1.0,G02-260202-145312-561,G02-260202-145312-561.bmp,G02,2026-02-02T14:53:12,2026-02-02,G02_2026-02-02,561,train,normal,,1025,1281,1,0c87f0ecf16bdb3cd191c47ee0c4a243998e541823604592f684128884fe37bc,,
1.0,G02-260202-145319-562,G02-260202-145319-562.bmp,G02,2026-02-02T14:53:19,2026-02-02,G02_2026-02-02,562,train,normal,,1025,1281,1,3598c5fd90da55909999cd423ea4e59c233ae9b98e6dfb6b4680c3c3f42960c1,,
1.0,G02-260202-145342-563,G02-260202-145342-563.bmp,G02,2026-02-02T14:53:42,2026-02-02,G02_2026-02-02,563,train,normal,,1025,1281,1,55b5feb0a4f13c555489c35b9c9ef4dee10d973272245e0abd3da67c36c80819,,
1.0,G02-260202-145349-564,G02-260202-145349-564.bmp,G02,2026-02-02T14:53:49,2026-02-02,G02_2026-02-02,564,train,normal,,1025,1281,1,b03e777438830879514679f0d459403ea7bdb07d7f93fb9d8591ae139adcb28e,,
1.0,G02-260202-145409-565,G02-260202-145409-565.bmp,G02,2026-02-02T14:54:09,2026-02-02,G02_2026-02-02,565,train,normal,,1025,1281,1,d221c4fba7fb0c4c488a7bcbd0dbb7bf7cf5b718160c5fc5a1f44497903ad011,,
1.0,G02-260202-145415-566,G02-260202-145415-566.bmp,G02,2026-02-02T14:54:15,2026-02-02,G02_2026-02-02,566,train,normal,,1025,1281,1,c23750bfe6cacdc24dfa8a6a9cd3fe9d33aadbb24dbf3dce000514e11bc9a09a,,
1.0,G02-260202-145439-567,G02-260202-145439-567.bmp,G02,2026-02-02T14:54:39,2026-02-02,G02_2026-02-02,567,train,normal,,1025,1281,1,1bb931a6a0ac9b5c239d44549e9f9afe6aeefa314efef843b111b4b4c8aba37b,,
1.0,G02-260202-145445-568,G02-260202-145445-568.bmp,G02,2026-02-02T14:54:45,2026-02-02,G02_2026-02-02,568,train,normal,,1025,1281,1,db8699763351301b7a4312824382f43ee2a1deb39cc697130e51f77e522613be,,
1.0,G02-260202-145513-569,G02-260202-145513-569.bmp,G02,2026-02-02T14:55:13,2026-02-02,G02_2026-02-02,569,train,normal,,1025,1281,1,d9e9ed238d394caf31fb3fd73cf5d17e7a9523f16723229cf861be6f44bb840f,,
1.0,G02-260202-145519-570,G02-260202-145519-570.bmp,G02,2026-02-02T14:55:19,2026-02-02,G02_2026-02-02,570,train,normal,,1025,1281,1,f0174d41c7aaa64c777a81166d76d444f0ac6bdfa3c6e36677cbfc8d60dc3a3d,,
1.0,G02-260202-145542-571,G02-260202-145542-571.bmp,G02,2026-02-02T14:55:42,2026-02-02,G02_2026-02-02,571,train,normal,,1025,1281,1,01917ba053aa3a1a85ce4186ffadbf40156a3b3436fb25d1d79bd994aaf0e400,,
1.0,G02-260202-145548-572,G02-260202-145548-572.bmp,G02,2026-02-02T14:55:48,2026-02-02,G02_2026-02-02,572,train,normal,,1025,1281,1,f3032e5cacc6cdb65042100ed6edc751b4a3d07db7cd1a00f002fe402d454ece,,
1.0,G02-260202-145608-573,G02-260202-145608-573.bmp,G02,2026-02-02T14:56:08,2026-02-02,G02_2026-02-02,573,train,normal,,1025,1281,1,14612309efa0611096a2fbfc42e863b4f5a769fe1b7565786cf1713995c65f92,,
1.0,G02-260202-145614-574,G02-260202-145614-574.bmp,G02,2026-02-02T14:56:14,2026-02-02,G02_2026-02-02,574,train,normal,,1025,1281,1,2bb29b8c6980e73e3ad317e2971ec57721a564cc44d3ccfab4ca7901c7e4f886,,
1.0,G02-260202-145644-575,G02-260202-145644-575.bmp,G02,2026-02-02T14:56:44,2026-02-02,G02_2026-02-02,575,train,normal,,1025,1281,1,5f846c87c1a9a03eb97e302b51385dd80a58eab33b98b1e1db43e707d85d558c,,
1.0,G02-260202-145650-576,G02-260202-145650-576.bmp,G02,2026-02-02T14:56:50,2026-02-02,G02_2026-02-02,576,train,normal,,1025,1281,1,4c7a73e3e4fb65119375e471bec839aac60d5e7353db82ab1caaf89d24f8b053,,
1.0,G02-260202-145713-577,G02-260202-145713-577.bmp,G02,2026-02-02T14:57:13,2026-02-02,G02_2026-02-02,577,train,normal,,1025,1281,1,338f1af7e30945e83d018899664ad14f025f71dee9222eb71bf7afa940acd6de,,
1.0,G02-260202-145719-578,G02-260202-145719-578.bmp,G02,2026-02-02T14:57:19,2026-02-02,G02_2026-02-02,578,train,normal,,1025,1281,1,cae70d5d9664c5e6bbf346ea939f00486172c9404483433dc3c691efef4d4bdf,,
1.0,G02-260202-145745-579,G02-260202-145745-579.bmp,G02,2026-02-02T14:57:45,2026-02-02,G02_2026-02-02,579,train,normal,,1025,1281,1,8a1283288c6aed9af1877b3d8e2363fab2ebd1d380df20a1180b2cd0f7972469,,
1.0,G02-260202-145751-580,G02-260202-145751-580.bmp,G02,2026-02-02T14:57:51,2026-02-02,G02_2026-02-02,580,train,normal,,1025,1281,1,959034d89c80353d2ccf5cacc3461ba3359399df64eb35dcd39af5d0a0be6e59,,
1.0,G02-260202-145815-581,G02-260202-145815-581.bmp,G02,2026-02-02T14:58:15,2026-02-02,G02_2026-02-02,581,train,normal,,1025,1281,1,9b938a6e1d687f61a6f4c4d1c3ee5f93d485151b61493dc4565edb8137a6b5f5,,
1.0,G02-260202-145822-582,G02-260202-145822-582.bmp,G02,2026-02-02T14:58:22,2026-02-02,G02_2026-02-02,582,train,normal,,1025,1281,1,7ca6318cf0a2c8c387ee4233c2b366cc9e471046ce188da75f032bbfa62a7bd7,,
1.0,G02-260202-145841-583,G02-260202-145841-583.bmp,G02,2026-02-02T14:58:41,2026-02-02,G02_2026-02-02,583,train,normal,,1025,1281,1,f5194ca8ffd9a72cd9af66ec2ac1f78a5e6784d7d75f24a19766fd9c1fbc38ac,,
1.0,G02-260202-145848-584,G02-260202-145848-584.bmp,G02,2026-02-02T14:58:48,2026-02-02,G02_2026-02-02,584,train,normal,,1025,1281,1,53bc259e4c5d28fbfbb6f4aa235a605d4b019ae1791df0c8c72920c10196a28d,,
1.0,G02-260202-145913-585,G02-260202-145913-585.bmp,G02,2026-02-02T14:59:13,2026-02-02,G02_2026-02-02,585,train,normal,,1025,1281,1,5d59839d5c74057cb17ab85151e93b71ae0d36e4f84f3e0d395bcce85e3f17a1,,
1.0,G02-260202-145920-586,G02-260202-145920-586.bmp,G02,2026-02-02T14:59:20,2026-02-02,G02_2026-02-02,586,train,normal,,1025,1281,1,8b4bfa94eafba441b31987b6d19798e15095febf06a346cf2e35473a44f29cb2,,
1.0,G02-260202-145940-587,G02-260202-145940-587.bmp,G02,2026-02-02T14:59:40,2026-02-02,G02_2026-02-02,587,train,normal,,1025,1281,1,dd4da02068c7f27c7886f415a095679f52efea46d5247ea01e905c2ce4e2d914,,
1.0,G02-260202-145946-588,G02-260202-145946-588.bmp,G02,2026-02-02T14:59:46,2026-02-02,G02_2026-02-02,588,train,normal,,1025,1281,1,e7bf6152328a967dc17bc6a7746bdff1f01f8e9f86c3531e1efcd89ca0ad48e8,,
1.0,G02-260202-150012-589,G02-260202-150012-589.bmp,G02,2026-02-02T15:00:12,2026-02-02,G02_2026-02-02,589,train,normal,,1025,1281,1,c7d8198288fbb9ed5280faf9fc12fc203a65b0696ae90384e7da4663eae3096d,,
1.0,G02-260202-150019-590,G02-260202-150019-590.bmp,G02,2026-02-02T15:00:19,2026-02-02,G02_2026-02-02,590,train,normal,,1025,1281,1,1e0eef36090eabad4d978ae5d26490873bfd559b8591a54149252e0b0d9f7bc3,,
1.0,G02-260202-150043-591,G02-260202-150043-591.bmp,G02,2026-02-02T15:00:43,2026-02-02,G02_2026-02-02,591,train,normal,,1025,1281,1,203630378f506b53db4b5ec31e5fd34054b0fa13477ddca8bb809120dc284c46,,
1.0,G02-260202-150050-592,G02-260202-150050-592.bmp,G02,2026-02-02T15:00:50,2026-02-02,G02_2026-02-02,592,train,normal,,1025,1281,1,9a4be1f5de9262406da71aa115ec9295811df9c900348362e5f2823176662407,,
1.0,G02-260202-150115-593,G02-260202-150115-593.bmp,G02,2026-02-02T15:01:15,2026-02-02,G02_2026-02-02,593,train,normal,,1025,1281,1,56919b3ab60d60e4d45eb4d45feb9fbe59f4f69ea1ae731ed4b5a0719762ad88,,
1.0,G02-260202-150121-594,G02-260202-150121-594.bmp,G02,2026-02-02T15:01:21,2026-02-02,G02_2026-02-02,594,train,normal,,1025,1281,1,127355fa0a6398157b36a6d773fdf7cb3c92d83479afa009fb929a48d3ed75a7,,
1.0,G02-260202-150144-595,G02-260202-150144-595.bmp,G02,2026-02-02T15:01:44,2026-02-02,G02_2026-02-02,595,train,normal,,1025,1281,1,9c597a4be3b4f10f0968e6e615a39927673624dd14a0d5ec92838993a5eeaa90,,
1.0,G02-260202-150151-596,G02-260202-150151-596.bmp,G02,2026-02-02T15:01:51,2026-02-02,G02_2026-02-02,596,train,normal,,1025,1281,1,d6cee6289445cc46f9320ee149dfa4d26f32679464efdc9ea0b957230fd700b6,,
1.0,G02-260202-150215-597,G02-260202-150215-597.bmp,G02,2026-02-02T15:02:15,2026-02-02,G02_2026-02-02,597,train,normal,,1025,1281,1,8f872f0e5ceda39930ff5341acc4bbf865dc5344260f32d5e9629e16995b729f,,
1.0,G02-260202-150222-598,G02-260202-150222-598.bmp,G02,2026-02-02T15:02:22,2026-02-02,G02_2026-02-02,598,train,normal,,1025,1281,1,5c351410ff95d0b57235668ab140bf3704e46286c3a15b27746c5e0320e62350,,
1.0,G02-260202-150244-599,G02-260202-150244-599.bmp,G02,2026-02-02T15:02:44,2026-02-02,G02_2026-02-02,599,train,normal,,1025,1281,1,b494faf699ca09123d68f6f9d0a5e0c4469fab2ded9109dec4b601c560fc3fb0,,
1.0,G02-260202-150251-600,G02-260202-150251-600.bmp,G02,2026-02-02T15:02:51,2026-02-02,G02_2026-02-02,600,train,normal,,1025,1281,1,708dc6f96e35c9b1114904c8c50589b16d401e6deca3dea608522593de563b04,,
1.0,G02-260202-150313-601,G02-260202-150313-601.bmp,G02,2026-02-02T15:03:13,2026-02-02,G02_2026-02-02,601,train,normal,,1025,1281,1,61b6e8523a237fda7ca2f98831cfbc38f06ba3a225307da573d5908ec4b19070,,
1.0,G02-260202-150319-602,G02-260202-150319-602.bmp,G02,2026-02-02T15:03:19,2026-02-02,G02_2026-02-02,602,train,normal,,1025,1281,1,76eb40f85c0bd578a8c8f25f983fc8bda6abe5e2e5d80038f86d1a17ec5ebd64,,
1.0,G02-260202-150345-603,G02-260202-150345-603.bmp,G02,2026-02-02T15:03:45,2026-02-02,G02_2026-02-02,603,train,normal,,1025,1281,1,3cf97be37d7fd41fd71ed3ea2cdbe91b4b592f3f500c6e3b3e5f7126f37217d1,,
1.0,G02-260202-150351-604,G02-260202-150351-604.bmp,G02,2026-02-02T15:03:51,2026-02-02,G02_2026-02-02,604,train,normal,,1025,1281,1,8adb0745cde5d8c944d4d79d978fd84d50d8fe9dcaad209e67b64d6a90b2f7fb,,
1.0,G02-260202-150413-605,G02-260202-150413-605.bmp,G02,2026-02-02T15:04:13,2026-02-02,G02_2026-02-02,605,train,normal,,1025,1281,1,02b15290d32339c98802d55758101103a78b0d277d2e4a5a88629a6f5fb7d261,,
1.0,G02-260202-150420-606,G02-260202-150420-606.bmp,G02,2026-02-02T15:04:20,2026-02-02,G02_2026-02-02,606,train,normal,,1025,1281,1,1ff9631319e7d3f4e0344cf33e95554e974dfe64ecdc438eaf61d8b949e42dd3,,
1.0,G02-260202-150446-607,G02-260202-150446-607.bmp,G02,2026-02-02T15:04:46,2026-02-02,G02_2026-02-02,607,train,normal,,1025,1281,1,8ba879839c3a0fb45378ac77033babd5ace29a469a9d95d83f5801286c82985f,,
1.0,G02-260202-150452-608,G02-260202-150452-608.bmp,G02,2026-02-02T15:04:52,2026-02-02,G02_2026-02-02,608,train,normal,,1025,1281,1,16fe0030bae12875e9bbed7360d9c8fd5706ae43fc3ccf0a089dec36727b0825,,
1.0,G02-260202-150515-609,G02-260202-150515-609.bmp,G02,2026-02-02T15:05:15,2026-02-02,G02_2026-02-02,609,train,normal,,1025,1281,1,11973960ed63adf07c01b8cf76e3a40aeb4ebc9b0076fa7ff32fc4cc1a1f2835,,
1.0,G02-260202-150521-610,G02-260202-150521-610.bmp,G02,2026-02-02T15:05:21,2026-02-02,G02_2026-02-02,610,train,normal,,1025,1281,1,4c99057becf77f952c536cb3d903a10f650e2c1ccf8eb4af1c7961272e8e6a53,,
1.0,G02-260202-150542-611,G02-260202-150542-611.bmp,G02,2026-02-02T15:05:42,2026-02-02,G02_2026-02-02,611,train,normal,,1025,1281,1,f7808cddf54e476e3494e944aa8da01869c97770b157ebf8e16e2063f8d0404a,,
1.0,G02-260202-150548-612,G02-260202-150548-612.bmp,G02,2026-02-02T15:05:48,2026-02-02,G02_2026-02-02,612,train,normal,,1025,1281,1,92cb820ea9d1d457cab5b69a607e58df33b3f0d93710e23fda57a2b86cabefe0,,
1.0,G02-260202-150611-613,G02-260202-150611-613.bmp,G02,2026-02-02T15:06:11,2026-02-02,G02_2026-02-02,613,train,normal,,1025,1281,1,9c09af9e06ae0ae7508b9d4ef39a03fedc76f2372b00370e5209f38cb697f746,,
1.0,G02-260202-150618-614,G02-260202-150618-614.bmp,G02,2026-02-02T15:06:18,2026-02-02,G02_2026-02-02,614,train,normal,,1025,1281,1,a613bf837d8985980fa3b2bfd41b55ceb8f42fa4f8f3e90e4e0fc4b6adf1b604,,
1.0,G02-260202-150641-615,G02-260202-150641-615.bmp,G02,2026-02-02T15:06:41,2026-02-02,G02_2026-02-02,615,train,normal,,1025,1281,1,8b7f1cd4a8d734812ae0af462b84d1a44d03e834ef573fac34076b6b9ebdeed9,,
1.0,G02-260202-150648-616,G02-260202-150648-616.bmp,G02,2026-02-02T15:06:48,2026-02-02,G02_2026-02-02,616,train,normal,,1025,1281,1,351a404f4eb83a35b91a5315e3a69ee72421d41d6552646946271fa17b3deaff,,
1.0,G02-260202-150713-617,G02-260202-150713-617.bmp,G02,2026-02-02T15:07:13,2026-02-02,G02_2026-02-02,617,train,normal,,1025,1281,1,4bc1536f17fd4d46db5169326ac1f6dabe155f265f57946b5233b7212997f0cc,,
1.0,G02-260202-150719-618,G02-260202-150719-618.bmp,G02,2026-02-02T15:07:19,2026-02-02,G02_2026-02-02,618,train,normal,,1025,1281,1,ab505cc7f46ffd7a6970ae6caa944904582f43e4d069b03e4267ea3638dcb27a,,
1.0,G02-260202-150743-619,G02-260202-150743-619.bmp,G02,2026-02-02T15:07:43,2026-02-02,G02_2026-02-02,619,train,normal,,1025,1281,1,812712ebc8279516ff404a223c354bf61c9f4d4de87bf3de181b83dc0711dc0a,,
1.0,G02-260202-150750-620,G02-260202-150750-620.bmp,G02,2026-02-02T15:07:50,2026-02-02,G02_2026-02-02,620,train,normal,,1025,1281,1,1b7606f95477a0d7b83f5346e9f668b6ce4127e82ed22000c8ebea3c5eb7cd3a,,
1.0,G02-260202-150815-621,G02-260202-150815-621.bmp,G02,2026-02-02T15:08:15,2026-02-02,G02_2026-02-02,621,train,normal,,1025,1281,1,84b89937bc26f60ce10c8e78c30d87e59abfb110d666855b9677db8dc06d0a51,,
1.0,G02-260202-150822-622,G02-260202-150822-622.bmp,G02,2026-02-02T15:08:22,2026-02-02,G02_2026-02-02,622,train,normal,,1025,1281,1,ba4cce90a988cbd46bb60b56daba22907338291d16db09fe3daaa18635c15dc7,,
1.0,G02-260202-150845-623,G02-260202-150845-623.bmp,G02,2026-02-02T15:08:45,2026-02-02,G02_2026-02-02,623,train,normal,,1025,1281,1,5157276e445e5c89d884a0a48ddab0ca84494720ece6b80edf4720516381116a,,
1.0,G02-260202-150852-624,G02-260202-150852-624.bmp,G02,2026-02-02T15:08:52,2026-02-02,G02_2026-02-02,624,train,normal,,1025,1281,1,ab2e6121ab94110ecb35a0711b2e0c15a9e9a0873ea88779dba2a1b0f8d8d97b,,
1.0,G02-260202-150915-625,G02-260202-150915-625.bmp,G02,2026-02-02T15:09:15,2026-02-02,G02_2026-02-02,625,train,normal,,1025,1281,1,50b06cec988f9b977faa17457bd0636b2ea1ee00f5671d62035c3ecc7efc9594,,
1.0,G02-260202-150921-626,G02-260202-150921-626.bmp,G02,2026-02-02T15:09:21,2026-02-02,G02_2026-02-02,626,train,normal,,1025,1281,1,0fe1156567075af4111c9895768b3c4d33a7b77fa708ab8051405489875db5a3,,
1.0,G02-260202-150946-627,G02-260202-150946-627.bmp,G02,2026-02-02T15:09:46,2026-02-02,G02_2026-02-02,627,train,normal,,1025,1281,1,557bdb1e5e8d2b750945302a1f847b901e809056614e826137d64b262408180c,,
1.0,G02-260202-150952-628,G02-260202-150952-628.bmp,G02,2026-02-02T15:09:52,2026-02-02,G02_2026-02-02,628,train,normal,,1025,1281,1,81df6a2bf5c777cde9c5c463282071b1d7f5aaeaae1e2aad9d65d437800b2771,,
1.0,G02-260202-151015-629,G02-260202-151015-629.bmp,G02,2026-02-02T15:10:15,2026-02-02,G02_2026-02-02,629,train,normal,,1025,1281,1,9063510b37475b7004535f090eba19608a09270ad3a04c63f2aa886e328427b5,,
1.0,G02-260202-151021-630,G02-260202-151021-630.bmp,G02,2026-02-02T15:10:21,2026-02-02,G02_2026-02-02,630,train,normal,,1025,1281,1,b86bb38a1ded831f97349adb131d006552dbb167c7140685f872f930ffedbd73,,
1.0,G02-260202-151046-631,G02-260202-151046-631.bmp,G02,2026-02-02T15:10:46,2026-02-02,G02_2026-02-02,631,train,normal,,1025,1281,1,4ee77f66feda256a2a8abc2abbece5e706cd59d67c4e67bba7ae0c0d3efdb4ff,,
1.0,G02-260202-151053-632,G02-260202-151053-632.bmp,G02,2026-02-02T15:10:53,2026-02-02,G02_2026-02-02,632,train,normal,,1025,1281,1,aa76d164b24d27c73d64418b96996bc6d8bb116aef74b137c1855979a0f44e9e,,
1.0,G02-260202-151115-633,G02-260202-151115-633.bmp,G02,2026-02-02T15:11:15,2026-02-02,G02_2026-02-02,633,train,normal,,1025,1281,1,6861e4ec0262fcb3c213aebdd4f7f21c00fe9b7a2b884279fa57bf58a207f457,,
1.0,G02-260202-151121-634,G02-260202-151121-634.bmp,G02,2026-02-02T15:11:21,2026-02-02,G02_2026-02-02,634,train,normal,,1025,1281,1,e83273ba9c01db60cd999b3034c4d1b1d984a0d158a2cd9dffd7daf7efaaaea7,,
1.0,G02-260202-151146-635,G02-260202-151146-635.bmp,G02,2026-02-02T15:11:46,2026-02-02,G02_2026-02-02,635,train,normal,,1025,1281,1,d4d053d4be31a94488434fcaf0aab67c8eadffdb4032b73e295c78fb210f1487,,
1.0,G02-260202-151152-636,G02-260202-151152-636.bmp,G02,2026-02-02T15:11:52,2026-02-02,G02_2026-02-02,636,train,normal,,1025,1281,1,09362a1379ce62b3d42fbde5a17cb4217dc691151be30b0fea9d9cbafd61111f,,
1.0,G02-260202-151214-637,G02-260202-151214-637.bmp,G02,2026-02-02T15:12:14,2026-02-02,G02_2026-02-02,637,train,normal,,1025,1281,1,525a68a2c1c60184f85831bddd6dd1f6c7e48e19f9ddff26ab6db138df943394,,
1.0,G02-260202-151221-638,G02-260202-151221-638.bmp,G02,2026-02-02T15:12:21,2026-02-02,G02_2026-02-02,638,train,normal,,1025,1281,1,44efbf8865f0a4a31ea8e200d6cf8ad19e60eda424f767354ac43a5b9b6fa4b9,,
1.0,G02-260202-151245-639,G02-260202-151245-639.bmp,G02,2026-02-02T15:12:45,2026-02-02,G02_2026-02-02,639,train,normal,,1025,1281,1,05c6b79e1d511ade1d29254ba559988c5533eb85ad5e64b1e1f4b9abd20c2a49,,
1.0,G02-260202-151252-640,G02-260202-151252-640.bmp,G02,2026-02-02T15:12:52,2026-02-02,G02_2026-02-02,640,train,normal,,1025,1281,1,7f51d5b792b6c4bf417aa2acc52041edeca7e95f33ccd6e7183972059fae0730,,
1.0,G02-260202-151314-641,G02-260202-151314-641.bmp,G02,2026-02-02T15:13:14,2026-02-02,G02_2026-02-02,641,train,normal,,1025,1281,1,dd093a4411b1f724135639aa830e59aaa005e2e95fe2f2699ef2b3f47140ec30,,
1.0,G02-260202-151321-642,G02-260202-151321-642.bmp,G02,2026-02-02T15:13:21,2026-02-02,G02_2026-02-02,642,train,normal,,1025,1281,1,199d1673b3c3607199d30afb43da05bb895cad6eaae07ba450a71a1424d44c01,,
1.0,G02-260202-151345-643,G02-260202-151345-643.bmp,G02,2026-02-02T15:13:45,2026-02-02,G02_2026-02-02,643,train,normal,,1025,1281,1,a106ddac2f49d949bd5bd2c75839bb09c5f8b17ef0c7025e484d0772b9b0c32c,,
1.0,G02-260202-151352-644,G02-260202-151352-644.bmp,G02,2026-02-02T15:13:52,2026-02-02,G02_2026-02-02,644,train,normal,,1025,1281,1,d151c88835db3d38e7b9d0ab28d198ba8be3704bc16a88ed42e7b7f03d862232,,
1.0,G02-260202-151415-645,G02-260202-151415-645.bmp,G02,2026-02-02T15:14:15,2026-02-02,G02_2026-02-02,645,train,normal,,1025,1281,1,3d94b1513f42f5e1f62ec30191b3c74f6c215efa909104c2e7104fa202af8fc4,,
1.0,G02-260202-151422-646,G02-260202-151422-646.bmp,G02,2026-02-02T15:14:22,2026-02-02,G02_2026-02-02,646,train,normal,,1025,1281,1,4253b49d684f1896f2af13f4f03d9d551d00754a6286778ad0385044a2014a31,,
1.0,G02-260202-151444-647,G02-260202-151444-647.bmp,G02,2026-02-02T15:14:44,2026-02-02,G02_2026-02-02,647,train,normal,,1025,1281,1,f1fe398ff00f2c73d12f056e238f2e5e7033f327965bfece2fd66bddef085159,,
1.0,G02-260202-151450-648,G02-260202-151450-648.bmp,G02,2026-02-02T15:14:50,2026-02-02,G02_2026-02-02,648,train,normal,,1025,1281,1,be5e91f12bbef02a16bfc2a444ce2461be0b761aa046ba261890aeaf8bd5a9a3,,
1.0,G02-260202-151513-649,G02-260202-151513-649.bmp,G02,2026-02-02T15:15:13,2026-02-02,G02_2026-02-02,649,train,normal,,1025,1281,1,6f8181764781af9d9c9c52c3f470a55b0b774e3223e841df3ba3be5b7b514ba7,,
1.0,G02-260202-151519-650,G02-260202-151519-650.bmp,G02,2026-02-02T15:15:19,2026-02-02,G02_2026-02-02,650,train,normal,,1025,1281,1,b5e159b3cbf484565db1ae10eddf073924e6213170f626f9eb182f1db96a3db1,,
1.0,G02-260202-151543-651,G02-260202-151543-651.bmp,G02,2026-02-02T15:15:43,2026-02-02,G02_2026-02-02,651,train,normal,,1025,1281,1,4333476e16ccfb695e08743b693cf0ce8af81ad89ce76a6d0fe98fa32e7ad72e,,
1.0,G02-260202-151550-652,G02-260202-151550-652.bmp,G02,2026-02-02T15:15:50,2026-02-02,G02_2026-02-02,652,train,normal,,1025,1281,1,cfe8fa62fd6a33f5d036f2729de567a77b5e61f8dc6b978a9da9d49aa1e53734,,
1.0,G02-260202-151615-653,G02-260202-151615-653.bmp,G02,2026-02-02T15:16:15,2026-02-02,G02_2026-02-02,653,train,normal,,1025,1281,1,b8b8eaa6da2be1b92976fb95ef79eafa04475e8492c78f382051e378c21bbcec,,
1.0,G02-260202-151622-654,G02-260202-151622-654.bmp,G02,2026-02-02T15:16:22,2026-02-02,G02_2026-02-02,654,train,normal,,1025,1281,1,595091117858b6bbf37441f9f729f85f02cb00e532baf1c124dca4b5b1bc8955,,
1.0,G02-260202-151646-655,G02-260202-151646-655.bmp,G02,2026-02-02T15:16:46,2026-02-02,G02_2026-02-02,655,train,normal,,1025,1281,1,399593684ba7c8686b9c29431278867e17f23349e3cb1dd479cc948f91169e38,,
1.0,G02-260202-151652-656,G02-260202-151652-656.bmp,G02,2026-02-02T15:16:52,2026-02-02,G02_2026-02-02,656,train,normal,,1025,1281,1,f84b5a591279e7e9de3c384474b685a36ceb1fe5c4fb900c5b76f4da342503de,,
1.0,G02-260202-151716-657,G02-260202-151716-657.bmp,G02,2026-02-02T15:17:16,2026-02-02,G02_2026-02-02,657,train,normal,,1025,1281,1,f8242cd9b95871bc5285aa88db92883b38f2ca04105c73367975487a6fa214d8,,
1.0,G02-260202-151722-658,G02-260202-151722-658.bmp,G02,2026-02-02T15:17:22,2026-02-02,G02_2026-02-02,658,train,normal,,1025,1281,1,f1be5e4c7d574ff58d321768b3639686949d75f57f1af9b2961bde7069ab29fe,,
1.0,G02-260202-151745-659,G02-260202-151745-659.bmp,G02,2026-02-02T15:17:45,2026-02-02,G02_2026-02-02,659,train,normal,,1025,1281,1,ec62164adb648c283282381dfe98b45f591dfaa504cceed7a69731d22a3abc94,,
1.0,G02-260202-151751-660,G02-260202-151751-660.bmp,G02,2026-02-02T15:17:51,2026-02-02,G02_2026-02-02,660,train,normal,,1025,1281,1,065340f8766ed559d0ec139ba05d8d3cb55f8825967bc7cbe315ef6da5b470e6,,
1.0,G02-260202-151816-661,G02-260202-151816-661.bmp,G02,2026-02-02T15:18:16,2026-02-02,G02_2026-02-02,661,train,normal,,1025,1281,1,3e81531f457468dc78d2a35623ce3d903491901c2961b6ab846bcccf49b8518e,,
1.0,G02-260202-151823-662,G02-260202-151823-662.bmp,G02,2026-02-02T15:18:23,2026-02-02,G02_2026-02-02,662,train,normal,,1025,1281,1,7a751641b3064b644509651aa8b798efea6cc2b680e5ba6af39833ba147eca27,,
1.0,G02-260202-151847-663,G02-260202-151847-663.bmp,G02,2026-02-02T15:18:47,2026-02-02,G02_2026-02-02,663,train,normal,,1025,1281,1,63373730d2c11605bb302def3b915b34c3ca5f49cdebc7a1182fa25b1d6ce24c,,
1.0,G02-260202-151853-664,G02-260202-151853-664.bmp,G02,2026-02-02T15:18:53,2026-02-02,G02_2026-02-02,664,train,normal,,1025,1281,1,d8da426b4c34da9d526e4d731fc5efb71b9f8dc9eee32e5969ecb9683591d850,,
1.0,G02-260202-151917-665,G02-260202-151917-665.bmp,G02,2026-02-02T15:19:17,2026-02-02,G02_2026-02-02,665,train,normal,,1025,1281,1,0137e6d2201d552d739c382fb630cdac95643159bf8e32fe1b64ce3fbff902a2,,
1.0,G02-260202-151924-666,G02-260202-151924-666.bmp,G02,2026-02-02T15:19:24,2026-02-02,G02_2026-02-02,666,train,normal,,1025,1281,1,9343fd3d7bdcc2d6868602d20690c6c779867419eccf2a2be382e7e3f98e95fc,,
1.0,G02-260202-151947-667,G02-260202-151947-667.bmp,G02,2026-02-02T15:19:47,2026-02-02,G02_2026-02-02,667,train,normal,,1025,1281,1,9ea5ca91efafe86fc4d305633665998e18fd4d26f6d0f1a344b6f95d76e43d92,,
1.0,G02-260202-151953-668,G02-260202-151953-668.bmp,G02,2026-02-02T15:19:53,2026-02-02,G02_2026-02-02,668,train,normal,,1025,1281,1,38c6cbf70dc7a9f554c0c8e95fb50261a42943eef2462f42f1b4fd9f6b17a12a,,
1.0,G02-260202-152016-669,G02-260202-152016-669.bmp,G02,2026-02-02T15:20:16,2026-02-02,G02_2026-02-02,669,train,normal,,1025,1281,1,669bd3cdc739a6ccbe03b6a59325c33ff4b3828a8b83c9d6d3c803e88dc89904,,
1.0,G02-260202-152022-670,G02-260202-152022-670.bmp,G02,2026-02-02T15:20:22,2026-02-02,G02_2026-02-02,670,train,normal,,1025,1281,1,2eed89243d63cc1e174648bd87744f2330a0fc2c98eed0952a7bb1c1f5b7117f,,
1.0,G02-260202-152046-671,G02-260202-152046-671.bmp,G02,2026-02-02T15:20:46,2026-02-02,G02_2026-02-02,671,train,normal,,1025,1281,1,990ae413e4bfae5a96804182bedf19d44b0c23ce96401e4046c811be5b246622,,
1.0,G02-260202-152053-672,G02-260202-152053-672.bmp,G02,2026-02-02T15:20:53,2026-02-02,G02_2026-02-02,672,train,normal,,1025,1281,1,d5c93335e9e9ae85f5e45ac1db99098b13dcc8366a2dd0f9b8ed3efb2aa7caa8,,
1.0,G02-260202-152117-673,G02-260202-152117-673.bmp,G02,2026-02-02T15:21:17,2026-02-02,G02_2026-02-02,673,train,normal,,1025,1281,1,aa626c93c9f237c95777c34cda2e4740e4e060ae5579e9c7e99057febf2e0cdd,,
1.0,G02-260202-152123-674,G02-260202-152123-674.bmp,G02,2026-02-02T15:21:23,2026-02-02,G02_2026-02-02,674,train,normal,,1025,1281,1,a96a63d02068495e49e8ff5aba1212dc22f8a88ea7133bd42054ee971f7b9d0a,,
1.0,G02-260202-152146-675,G02-260202-152146-675.bmp,G02,2026-02-02T15:21:46,2026-02-02,G02_2026-02-02,675,train,normal,,1025,1281,1,5939d1dd0e2328533c529a2f5843d0e051478c035e3fdf10f848dd30f1d3d217,,
1.0,G02-260202-152153-676,G02-260202-152153-676.bmp,G02,2026-02-02T15:21:53,2026-02-02,G02_2026-02-02,676,train,normal,,1025,1281,1,b0041f143d4a47d70e3c261e460b767078357ee74f5c81a8fb4d8a40fcf73d90,,
1.0,G02-260202-152214-677,G02-260202-152214-677.bmp,G02,2026-02-02T15:22:14,2026-02-02,G02_2026-02-02,677,train,normal,,1025,1281,1,8504c7d638e8ebb82590dee96f504add61db9f80fac020260cbe0abad323347c,,
1.0,G02-260202-152221-678,G02-260202-152221-678.bmp,G02,2026-02-02T15:22:21,2026-02-02,G02_2026-02-02,678,train,normal,,1025,1281,1,a89d0c202f14fbe7b2b89a0161ea5dd4314037c411d36c867426479467943443,,
1.0,G02-260202-152246-679,G02-260202-152246-679.bmp,G02,2026-02-02T15:22:46,2026-02-02,G02_2026-02-02,679,train,normal,,1025,1281,1,97d8d3b6164e1605ef552460ed07e7366100655a015612e2693eab6b85f8bd53,,
1.0,G02-260202-152253-680,G02-260202-152253-680.bmp,G02,2026-02-02T15:22:53,2026-02-02,G02_2026-02-02,680,train,normal,,1025,1281,1,5853894185647220a93c2dba55a00d58ac80f731ecbac2df49f2ec495ce9b7f1,,
1.0,G02-260202-152315-681,G02-260202-152315-681.bmp,G02,2026-02-02T15:23:15,2026-02-02,G02_2026-02-02,681,train,normal,,1025,1281,1,bc0b226c9d5c633ee5214d2ae34836494651fbada85fa42342e2ae8cb62d7633,,
1.0,G02-260202-152321-682,G02-260202-152321-682.bmp,G02,2026-02-02T15:23:21,2026-02-02,G02_2026-02-02,682,train,normal,,1025,1281,1,96346a93ca9a02734bde2dad4e7b2cf8d3d37c96e261c3e9527aa59314aa4b34,,
1.0,G02-260202-152346-683,G02-260202-152346-683.bmp,G02,2026-02-02T15:23:46,2026-02-02,G02_2026-02-02,683,train,normal,,1025,1281,1,6688d2a3b99a94876e6b0f7f44e8153b03e07151cf4ff77fa39325f01262bc34,,
1.0,G02-260202-152352-684,G02-260202-152352-684.bmp,G02,2026-02-02T15:23:52,2026-02-02,G02_2026-02-02,684,train,normal,,1025,1281,1,634e3a1b95a1782176daaa222dbc6c3ceec9998da3482a33fcf01bd2aeca7ab4,,
1.0,G02-260202-152414-685,G02-260202-152414-685.bmp,G02,2026-02-02T15:24:14,2026-02-02,G02_2026-02-02,685,train,normal,,1025,1281,1,68f025e2e9717f5a2439f9f8ebe2fbbc2b2fa7b77e00e2e064bb6024243ddc0f,,
1.0,G02-260202-152420-686,G02-260202-152420-686.bmp,G02,2026-02-02T15:24:20,2026-02-02,G02_2026-02-02,686,train,normal,,1025,1281,1,7cb8946a139d4d57512db99f3f2befb67706e03c76d5a68d0b3bdcf55855dfe1,,
1.0,G02-260202-152447-687,G02-260202-152447-687.bmp,G02,2026-02-02T15:24:47,2026-02-02,G02_2026-02-02,687,train,normal,,1025,1281,1,399e843f503dc4650d9a9f1ac69e46a303e5d40f77e0a84e2f9d12db3c70ce3e,,
1.0,G02-260202-152453-688,G02-260202-152453-688.bmp,G02,2026-02-02T15:24:53,2026-02-02,G02_2026-02-02,688,train,normal,,1025,1281,1,53f7feb3b01b455a6dad31ced94bda17cba42d90f1a72100403f5e6e280f4c92,,
1.0,G02-260202-152519-689,G02-260202-152519-689.bmp,G02,2026-02-02T15:25:19,2026-02-02,G02_2026-02-02,689,train,normal,,1025,1281,1,5615ab9e98b11972afe3a4584dbdf9f799c68bceaef8393495b1f3b2c3c2581d,,
1.0,G02-260202-152525-690,G02-260202-152525-690.bmp,G02,2026-02-02T15:25:25,2026-02-02,G02_2026-02-02,690,train,normal,,1025,1281,1,f875a4fc889d2a0c1cf577248c3e57b165bfb9832027a36de2cb9082060467c6,,
1.0,G02-260202-152548-691,G02-260202-152548-691.bmp,G02,2026-02-02T15:25:48,2026-02-02,G02_2026-02-02,691,train,normal,,1025,1281,1,4b8154781e376e5a3694704af2724aba81a84fb99e8403c16d499e0ce30b605e,,
1.0,G02-260202-152554-692,G02-260202-152554-692.bmp,G02,2026-02-02T15:25:54,2026-02-02,G02_2026-02-02,692,train,normal,,1025,1281,1,474f86445f8be5ce19f2c0faaddcca0a22d87e5a86f38dd8be794e3f12d77a52,,
1.0,G02-260202-152615-693,G02-260202-152615-693.bmp,G02,2026-02-02T15:26:15,2026-02-02,G02_2026-02-02,693,train,normal,,1025,1281,1,6f63e507af62a89af57f4c3e2ba311c6a886f25b5c7f6325c94d3f9c4c36f490,,
1.0,G02-260202-152621-694,G02-260202-152621-694.bmp,G02,2026-02-02T15:26:21,2026-02-02,G02_2026-02-02,694,train,normal,,1025,1281,1,75bbd9c6304ac672c73f3f6eca4d9035c149d5664ef117b9213d36f81dc5d024,,
1.0,G02-260202-152643-695,G02-260202-152643-695.bmp,G02,2026-02-02T15:26:43,2026-02-02,G02_2026-02-02,695,train,normal,,1025,1281,1,09ab3d0fb4fcdebe54b7816c3c3eb2ab5249ff04c27c95caa813e3bb866126bf,,
1.0,G02-260202-152649-696,G02-260202-152649-696.bmp,G02,2026-02-02T15:26:49,2026-02-02,G02_2026-02-02,696,train,normal,,1025,1281,1,3afc6799fba362aa73d6b52fa4de48af8967de7ff53d6e49c51524da29afc555,,
1.0,G02-260202-152716-697,G02-260202-152716-697.bmp,G02,2026-02-02T15:27:16,2026-02-02,G02_2026-02-02,697,train,normal,,1025,1281,1,4f9c7f85f8bf3969cf058f35ce07ccd168fe6954a61c181028f2ee58f4fe957f,,
1.0,G02-260202-152722-698,G02-260202-152722-698.bmp,G02,2026-02-02T15:27:22,2026-02-02,G02_2026-02-02,698,train,normal,,1025,1281,1,302dc5073dfea976479a7447ff9773e6ca3a8b3c2b5e5796997d0d9057b3f977,,
1.0,G02-260202-152748-699,G02-260202-152748-699.bmp,G02,2026-02-02T15:27:48,2026-02-02,G02_2026-02-02,699,train,normal,,1025,1281,1,14b4f129e3d85415519ef23a9e9935096190d90b064e98213e49f155faf78168,,
1.0,G02-260202-152754-700,G02-260202-152754-700.bmp,G02,2026-02-02T15:27:54,2026-02-02,G02_2026-02-02,700,train,normal,,1025,1281,1,d5ccbe47f9fa8454643fda142001825d50f6ed4fbc84b5ec53b7b25a842f9b62,,
1.0,G02-260202-152818-701,G02-260202-152818-701.bmp,G02,2026-02-02T15:28:18,2026-02-02,G02_2026-02-02,701,train,normal,,1025,1281,1,5f640f80a03c0d3ab0f550b1f6a71e6f2c01ff138c124f6cfb5cac86d130431b,,
1.0,G02-260202-152825-702,G02-260202-152825-702.bmp,G02,2026-02-02T15:28:25,2026-02-02,G02_2026-02-02,702,train,normal,,1025,1281,1,8aa72a543fde71c5e3ee9b32a11c7113767fa9603f9dd81b9b6e5ae9d0b0b097,,
1.0,G02-260202-152848-703,G02-260202-152848-703.bmp,G02,2026-02-02T15:28:48,2026-02-02,G02_2026-02-02,703,train,normal,,1025,1281,1,6310a3dee7a082129f79806a8a77d1787cfbdba2d42f24c6065d2be29989a9c0,,
1.0,G02-260202-152854-704,G02-260202-152854-704.bmp,G02,2026-02-02T15:28:54,2026-02-02,G02_2026-02-02,704,train,normal,,1025,1281,1,19406d67ca5d33d5e6425f1db926e528da994a21b2d44d6aaf8719bd9cd29dce,,
1.0,G02-260202-152917-705,G02-260202-152917-705.bmp,G02,2026-02-02T15:29:17,2026-02-02,G02_2026-02-02,705,train,normal,,1025,1281,1,3ace9f8c8294741d558c515f3619e15109ecadfccc92a67f730feb1dd48b40fd,,
1.0,G02-260202-152926-706,G02-260202-152926-706.bmp,G02,2026-02-02T15:29:26,2026-02-02,G02_2026-02-02,706,train,normal,,1025,1281,1,45b8585f50ab490169099bd46eac36a2b9ce723fdb44fb83317165d046eeb34f,,
1.0,G02-260202-152940-707,G02-260202-152940-707.bmp,G02,2026-02-02T15:29:40,2026-02-02,G02_2026-02-02,707,train,normal,,1025,1281,1,7537df5a0ac29b101440bb77f512027d84e0d2eb684f3d866f624b6322084624,,
1.0,G02-260202-152946-708,G02-260202-152946-708.bmp,G02,2026-02-02T15:29:46,2026-02-02,G02_2026-02-02,708,train,normal,,1025,1281,1,d9237a225e4fa7c1598ebcd63f621f735806d152c8d079a6d8925789c88a4d84,,
1.0,G02-260202-153010-709,G02-260202-153010-709.bmp,G02,2026-02-02T15:30:10,2026-02-02,G02_2026-02-02,709,train,normal,,1025,1281,1,6ada712d765c2e556880daa3f1d03c088256f42446620a1f8226ae6ccf969411,,
1.0,G02-260202-153017-710,G02-260202-153017-710.bmp,G02,2026-02-02T15:30:17,2026-02-02,G02_2026-02-02,710,train,normal,,1025,1281,1,7c1ca65e4c11dfd3575012df64da09a1664b70d23861ae9695535c4426e9626b,,
1.0,G02-260202-153046-711,G02-260202-153046-711.bmp,G02,2026-02-02T15:30:46,2026-02-02,G02_2026-02-02,711,train,normal,,1025,1281,1,ff1227e39cf53830d2c2f9ddd195d82191fa5f710b0885ab6458167eed71a996,,
1.0,G02-260202-153053-712,G02-260202-153053-712.bmp,G02,2026-02-02T15:30:53,2026-02-02,G02_2026-02-02,712,train,normal,,1025,1281,1,783625f8752e8cdef02fa7c45ca5b312ab70696c058e9a82a3d67840ce691408,,
1.0,G02-260202-153118-713,G02-260202-153118-713.bmp,G02,2026-02-02T15:31:18,2026-02-02,G02_2026-02-02,713,train,normal,,1025,1281,1,67b4767af70a09f8f279631ff72d2bb1be45ed20f5fb25ff4e673794a82316f1,,
1.0,G02-260202-153124-714,G02-260202-153124-714.bmp,G02,2026-02-02T15:31:24,2026-02-02,G02_2026-02-02,714,train,normal,,1025,1281,1,55566a16df55f7b216a56ea5dee987bed60a2b5ee8e9643845484b8d86c86dcc,,
1.0,G02-260202-153148-715,G02-260202-153148-715.bmp,G02,2026-02-02T15:31:48,2026-02-02,G02_2026-02-02,715,train,normal,,1025,1281,1,80df2b52536d4bc433523ab6afc537007d26ee420c3aa082d1aec08cd0656c4f,,
1.0,G02-260202-153157-716,G02-260202-153157-716.bmp,G02,2026-02-02T15:31:57,2026-02-02,G02_2026-02-02,716,train,normal,,1025,1281,1,626959d0b02a824e197436eb526847d9bbcc5ef04e5146f6c91508f7a8f31b26,,
1.0,G02-260202-153212-717,G02-260202-153212-717.bmp,G02,2026-02-02T15:32:12,2026-02-02,G02_2026-02-02,717,train,normal,,1025,1281,1,f0611e84326cc4f5ca76a9e9938273cab9c5f76143fce540538538f0e36176e6,,
1.0,G02-260202-153219-718,G02-260202-153219-718.bmp,G02,2026-02-02T15:32:19,2026-02-02,G02_2026-02-02,718,train,normal,,1025,1281,1,2252f0b752c2d1ab8af8e1eeef2e29deb69b751f4aaeb1df3955c61cba138704,,
1.0,G02-260202-153250-719,G02-260202-153250-719.bmp,G02,2026-02-02T15:32:50,2026-02-02,G02_2026-02-02,719,train,normal,,1025,1281,1,faaa708e315ad266aa9aa68bbda0473c97086f405d8e7124c81648371be39cb5,,
1.0,G02-260202-153256-720,G02-260202-153256-720.bmp,G02,2026-02-02T15:32:56,2026-02-02,G02_2026-02-02,720,train,normal,,1025,1281,1,013ba956456c46d0e1a65b22e2bd8833ff287e9a887cb074bc8243d6cad0ae26,,
1.0,G02-260202-153325-721,G02-260202-153325-721.bmp,G02,2026-02-02T15:33:25,2026-02-02,G02_2026-02-02,721,train,normal,,1025,1281,1,2f488ea30c27504f881cf76b282561a452fc09eafad36e14951a58939b2aa02a,,
1.0,G02-260202-153331-722,G02-260202-153331-722.bmp,G02,2026-02-02T15:33:31,2026-02-02,G02_2026-02-02,722,train,normal,,1025,1281,1,fd1d107bf04a0e69f35fb6723bbba898ad9c73ba25ba545c1284c9f0d74ff28e,,
1.0,G02-260202-153338-723,G02-260202-153338-723.bmp,G02,2026-02-02T15:33:38,2026-02-02,G02_2026-02-02,723,train,normal,,1025,1281,1,73c3ca128401a5cf8d95fdb7105505ddc6b73b5247f39ae5fd98a426cb02389a,,
1.0,G02-260202-153347-724,G02-260202-153347-724.bmp,G02,2026-02-02T15:33:47,2026-02-02,G02_2026-02-02,724,train,normal,,1025,1281,1,e1ba8f6157d2f8f457c3a09d3e1e56e7752d7c86c26e9b57e9b00cd5e915d737,,
1.0,G02-260202-153415-725,G02-260202-153415-725.bmp,G02,2026-02-02T15:34:15,2026-02-02,G02_2026-02-02,725,train,normal,,1025,1281,1,ca2a6c4a8d9529803fb517f04ddfd0f564690968cece8cf1073578e4c05baaaf,,
1.0,G02-260202-153422-726,G02-260202-153422-726.bmp,G02,2026-02-02T15:34:22,2026-02-02,G02_2026-02-02,726,train,normal,,1025,1281,1,8ca078a254e4d0536d6b5e62ab95c9d839bd957f5754c88b396a3b8c3cc316e1,,
1.0,G02-260202-153447-727,G02-260202-153447-727.bmp,G02,2026-02-02T15:34:47,2026-02-02,G02_2026-02-02,727,train,normal,,1025,1281,1,3383245996acc20f257b8ace597af0c9b123000d23149c4e8f183a46f390bb11,,
1.0,G02-260202-153454-728,G02-260202-153454-728.bmp,G02,2026-02-02T15:34:54,2026-02-02,G02_2026-02-02,728,train,normal,,1025,1281,1,8e75477fd8c29c0f1397c3a0552b08aa837b71dc47133d64e101c2af7fffd5c6,,
1.0,G02-260202-153518-729,G02-260202-153518-729.bmp,G02,2026-02-02T15:35:18,2026-02-02,G02_2026-02-02,729,train,normal,,1025,1281,1,ab90aa0e2eef4f61d8545021d52b341714374e23628f425f545608fa5666b489,,
1.0,G02-260202-153525-730,G02-260202-153525-730.bmp,G02,2026-02-02T15:35:25,2026-02-02,G02_2026-02-02,730,train,normal,,1025,1281,1,c9c5066d0de4db317668814d62529813f6c726eb12134133b9abceed3b86c22a,,
1.0,G02-260202-153549-731,G02-260202-153549-731.bmp,G02,2026-02-02T15:35:49,2026-02-02,G02_2026-02-02,731,train,normal,,1025,1281,1,e1a3001eae31b2acccc40a63d3ddf03de1f42758f02bb4a0f9345e2e78bfc118,,
1.0,G02-260202-153555-732,G02-260202-153555-732.bmp,G02,2026-02-02T15:35:55,2026-02-02,G02_2026-02-02,732,train,normal,,1025,1281,1,14ff33c0b6c61bdda27e4c9f65e7bcb12825a0dc3716bb8bcda672b8dfea1d15,,
1.0,G02-260202-153617-733,G02-260202-153617-733.bmp,G02,2026-02-02T15:36:17,2026-02-02,G02_2026-02-02,733,train,normal,,1025,1281,1,a768252eb60860547fa78d093f8a7eedc2a450b7e849583c656bdc60ea2eb846,,
1.0,G02-260202-153623-734,G02-260202-153623-734.bmp,G02,2026-02-02T15:36:23,2026-02-02,G02_2026-02-02,734,train,normal,,1025,1281,1,4404574243e4910dde31b14813014ac46475f09222f810b6873780bcbdf67928,,
1.0,G02-260202-153643-735,G02-260202-153643-735.bmp,G02,2026-02-02T15:36:43,2026-02-02,G02_2026-02-02,735,train,normal,,1025,1281,1,24b64485439601a2b4fe9e225a3814d69d00fce91d25c2490bb6feac6e9c9097,,
1.0,G02-260202-153650-736,G02-260202-153650-736.bmp,G02,2026-02-02T15:36:50,2026-02-02,G02_2026-02-02,736,train,normal,,1025,1281,1,18492cac09beea2ea8c1fe79d01cba098bb0a2f7c391f9ed037b1cf6c7529fd7,,
1.0,G02-260202-153713-737,G02-260202-153713-737.bmp,G02,2026-02-02T15:37:13,2026-02-02,G02_2026-02-02,737,train,normal,,1025,1281,1,6b46270483028db12de8bd7b783e4ee7e5c7e8017e9ce110e2434737206da6cd,,
1.0,G02-260202-153722-738,G02-260202-153722-738.bmp,G02,2026-02-02T15:37:22,2026-02-02,G02_2026-02-02,738,train,normal,,1025,1281,1,2b6c8f5194195f71d1bd3d43344ea1854ad3a96b18bbc34c0d0cfade3976d903,,
1.0,G02-260202-153748-739,G02-260202-153748-739.bmp,G02,2026-02-02T15:37:48,2026-02-02,G02_2026-02-02,739,train,normal,,1025,1281,1,9d0ea8e18359560ce4b01c59cbd09788637158e6fd6fb747e20fbdae8608f4cd,,
1.0,G02-260202-153755-740,G02-260202-153755-740.bmp,G02,2026-02-02T15:37:55,2026-02-02,G02_2026-02-02,740,train,normal,,1025,1281,1,5b327a62b98c52f2b634d49f778a0edf2718856303cdd9be83a13f1aa8257877,,
1.0,G02-260202-153817-741,G02-260202-153817-741.bmp,G02,2026-02-02T15:38:17,2026-02-02,G02_2026-02-02,741,train,normal,,1025,1281,1,cd4053ba4f513f99fa2f66e0236951c062c3744389df53aea7d3bf02a577ba99,,
1.0,G02-260202-153824-742,G02-260202-153824-742.bmp,G02,2026-02-02T15:38:24,2026-02-02,G02_2026-02-02,742,train,normal,,1025,1281,1,b8bf2a1e4f523b1e1294ddc63785579e731f4330f69dd54a78490f0bb4f0707d,,
1.0,G02-260202-153848-743,G02-260202-153848-743.bmp,G02,2026-02-02T15:38:48,2026-02-02,G02_2026-02-02,743,train,normal,,1025,1281,1,923ecc61e5aff5330f1eb69c0e1ce807d41eec9217483087ab438c503b422a1e,,
1.0,G02-260202-153854-744,G02-260202-153854-744.bmp,G02,2026-02-02T15:38:54,2026-02-02,G02_2026-02-02,744,train,normal,,1025,1281,1,6bef8e9b25ec0579bb03be27c6f4acf55e5c8b84e8111829ff3d0f8b9332b0c9,,
1.0,G02-260202-153919-745,G02-260202-153919-745.bmp,G02,2026-02-02T15:39:19,2026-02-02,G02_2026-02-02,745,train,normal,,1025,1281,1,eac027ad83384fc1468c1c8026b1893f08431717227a10014177b553feba9db2,,
1.0,G02-260202-153925-746,G02-260202-153925-746.bmp,G02,2026-02-02T15:39:25,2026-02-02,G02_2026-02-02,746,train,normal,,1025,1281,1,0cedde47f306e5ec520f2bd267becb075789e2add50fa0772b554a83bcc42b9f,,
1.0,G02-260202-153947-747,G02-260202-153947-747.bmp,G02,2026-02-02T15:39:47,2026-02-02,G02_2026-02-02,747,train,normal,,1025,1281,1,c67fbfe1e9d1b8b65c96875d524d068757f2152af6e801dd64843d931e4fca20,,
1.0,G02-260202-153953-748,G02-260202-153953-748.bmp,G02,2026-02-02T15:39:53,2026-02-02,G02_2026-02-02,748,train,normal,,1025,1281,1,bfa0acaa0632fd51810761f24b5d5c9489a3c9c62f6fb57db9861bab68851389,,
1.0,G02-260202-154018-749,G02-260202-154018-749.bmp,G02,2026-02-02T15:40:18,2026-02-02,G02_2026-02-02,749,train,normal,,1025,1281,1,31bd27a2cc877fc29070bf9da8c309d32517bf34eb2e9abe750105b38f822166,,
1.0,G02-260202-154025-750,G02-260202-154025-750.bmp,G02,2026-02-02T15:40:25,2026-02-02,G02_2026-02-02,750,train,normal,,1025,1281,1,2cba4700aa20f48f0544965e5355172787e4dfd955881bb3782bf9144be44dda,,
1.0,G02-260202-154045-751,G02-260202-154045-751.bmp,G02,2026-02-02T15:40:45,2026-02-02,G02_2026-02-02,751,train,normal,,1025,1281,1,e14b6213bfce97409ccca3bfa3920341c955f6ee8362402551b18d92ebf3e93f,,
1.0,G02-260202-154051-752,G02-260202-154051-752.bmp,G02,2026-02-02T15:40:51,2026-02-02,G02_2026-02-02,752,train,normal,,1025,1281,1,0237bfb5ef0b2334821346f0d40aed1ccb6f272156a8ce82002d016554f9fc60,,
1.0,G02-260202-154118-753,G02-260202-154118-753.bmp,G02,2026-02-02T15:41:18,2026-02-02,G02_2026-02-02,753,train,normal,,1025,1281,1,82ffb468505b0e8c820ffd8a79279f942f9f8b452fa2170ccc0fb5de27aa57cd,,
1.0,G02-260202-154125-754,G02-260202-154125-754.bmp,G02,2026-02-02T15:41:25,2026-02-02,G02_2026-02-02,754,train,normal,,1025,1281,1,0ad796fa9edfcce0e20f1be9893d06b56d73750fc1a5ac069c588a311b18157e,,
1.0,G02-260202-154150-755,G02-260202-154150-755.bmp,G02,2026-02-02T15:41:50,2026-02-02,G02_2026-02-02,755,train,normal,,1025,1281,1,8686dbcb2ba75199bc86e1ad91d698a45b3e9ceb80d953ec91209db5912eed0c,,
1.0,G02-260202-154157-756,G02-260202-154157-756.bmp,G02,2026-02-02T15:41:57,2026-02-02,G02_2026-02-02,756,train,normal,,1025,1281,1,560b86a48a9deb5097f30251d9464000ba0b4dd79c26baecacd6235b71af3e1a,,
1.0,G02-260202-154219-757,G02-260202-154219-757.bmp,G02,2026-02-02T15:42:19,2026-02-02,G02_2026-02-02,757,train,normal,,1025,1281,1,961b1798bfbe2ab9aa4e86f6c3e47c752b7012fff392f6c64125d0eba189e95d,,
1.0,G02-260202-154225-758,G02-260202-154225-758.bmp,G02,2026-02-02T15:42:25,2026-02-02,G02_2026-02-02,758,train,normal,,1025,1281,1,236e65ee7378f6b4130967fccede86516577b2217aa47861cdae5aadb6d647b8,,
1.0,G02-260202-154247-759,G02-260202-154247-759.bmp,G02,2026-02-02T15:42:47,2026-02-02,G02_2026-02-02,759,train,normal,,1025,1281,1,d943e139ac33aabbf0aff50b35362329bba9890f3173f578b69a9bc8640e5cc3,,
1.0,G02-260202-154253-760,G02-260202-154253-760.bmp,G02,2026-02-02T15:42:53,2026-02-02,G02_2026-02-02,760,train,normal,,1025,1281,1,2f9caad5b9e38cba272957c7fb789884562b3da848f9084bcecb183741c27e7a,,
1.0,G02-260202-154320-761,G02-260202-154320-761.bmp,G02,2026-02-02T15:43:20,2026-02-02,G02_2026-02-02,761,train,normal,,1025,1281,1,ad62238c4961d3f5e9a5ddae6807c1aa11597a368b99e2a7c4bb408060a91b82,,
1.0,G02-260202-154326-762,G02-260202-154326-762.bmp,G02,2026-02-02T15:43:26,2026-02-02,G02_2026-02-02,762,train,normal,,1025,1281,1,684869f1babf1a93ffdc10bd55c49fa26d6fe18305cd6b1f642ede043ed8d70d,,
1.0,G02-260202-154349-763,G02-260202-154349-763.bmp,G02,2026-02-02T15:43:49,2026-02-02,G02_2026-02-02,763,train,normal,,1025,1281,1,ad0c8f2c544eeb24c3723cc1e3f9bd624671aa9976551ddb0c12ce61a616130c,,
1.0,G02-260202-154356-764,G02-260202-154356-764.bmp,G02,2026-02-02T15:43:56,2026-02-02,G02_2026-02-02,764,train,normal,,1025,1281,1,5822ef504b108c50670b488d5b08d1b6dab326daa72c2495953c3ac3d00cbad2,,
1.0,G02-260202-154418-765,G02-260202-154418-765.bmp,G02,2026-02-02T15:44:18,2026-02-02,G02_2026-02-02,765,train,normal,,1025,1281,1,1136d3ce9119228df7648dcf5f92e0da20160c1b4702a77b60c090fc0501f151,,
1.0,G02-260202-154424-766,G02-260202-154424-766.bmp,G02,2026-02-02T15:44:24,2026-02-02,G02_2026-02-02,766,train,normal,,1025,1281,1,6ac5685c1b1ca230ab1db987dc1338333e043c6824410d34ce1c058afb0adb2e,,
1.0,G02-260202-154448-767,G02-260202-154448-767.bmp,G02,2026-02-02T15:44:48,2026-02-02,G02_2026-02-02,767,train,normal,,1025,1281,1,41f287f73963c6933a54beaf91bead01b8d0186c4bb068d3787fff96ba716466,,
1.0,G02-260202-154454-768,G02-260202-154454-768.bmp,G02,2026-02-02T15:44:54,2026-02-02,G02_2026-02-02,768,train,normal,,1025,1281,1,db5d40005796d229ae6f394adabed3fb6491dd8da0f7a72b2588191ccc45387f,,
1.0,G02-260202-154520-769,G02-260202-154520-769.bmp,G02,2026-02-02T15:45:20,2026-02-02,G02_2026-02-02,769,train,normal,,1025,1281,1,84cfdaca4884c09bc9354c9b85fb5c05430538eff2c30ab1a710fad966d1de38,,
1.0,G02-260202-154526-770,G02-260202-154526-770.bmp,G02,2026-02-02T15:45:26,2026-02-02,G02_2026-02-02,770,train,normal,,1025,1281,1,007527a6cc3197a3c442a1bf9c0f025a34b4bdeefad12225ec74ebe99e23abd4,,
1.0,G02-260202-154548-771,G02-260202-154548-771.bmp,G02,2026-02-02T15:45:48,2026-02-02,G02_2026-02-02,771,train,normal,,1025,1281,1,5d10399e61350a9ce6c71c961c57bc24858199a326ad793158046ebf97d8bb3f,,
1.0,G02-260202-154615-773,G02-260202-154615-773.bmp,G02,2026-02-02T15:46:15,2026-02-02,G02_2026-02-02,773,train,normal,,1025,1281,1,0ddae9f54ddcbe81b26b7104b9af7c05400ca390c82d3e0063cbb1ef1de5c4ce,,
1.0,G02-260202-154621-774,G02-260202-154621-774.bmp,G02,2026-02-02T15:46:21,2026-02-02,G02_2026-02-02,774,train,normal,,1025,1281,1,a438dac7a8801217c23d73144afecff864dd33b81f3bd78b6bcc5c032a1a9597,,
1.0,G02-260202-154648-775,G02-260202-154648-775.bmp,G02,2026-02-02T15:46:48,2026-02-02,G02_2026-02-02,775,train,normal,,1025,1281,1,4abc96f39336f8e6849bc800f22fe36a6cd455e0721fb083b91b02a1df4051fc,,
1.0,G02-260202-154654-776,G02-260202-154654-776.bmp,G02,2026-02-02T15:46:54,2026-02-02,G02_2026-02-02,776,train,normal,,1025,1281,1,3f3a335b0b27584bd5c0f81eb83bbd20f0d10989abb37a24fab33dfb5d4f3038,,
1.0,G02-260202-154719-777,G02-260202-154719-777.bmp,G02,2026-02-02T15:47:19,2026-02-02,G02_2026-02-02,777,train,normal,,1025,1281,1,409a46ed6654de46ca8845ecb17cfe300129d84446ffa00b827291d36aeabd8f,,
1.0,G02-260202-154725-778,G02-260202-154725-778.bmp,G02,2026-02-02T15:47:25,2026-02-02,G02_2026-02-02,778,train,normal,,1025,1281,1,76f94ddd295793adea094ee80f9061847b72ffac55b6694e0d0d2432f5d09f5c,,
1.0,G02-260202-154750-779,G02-260202-154750-779.bmp,G02,2026-02-02T15:47:50,2026-02-02,G02_2026-02-02,779,train,normal,,1025,1281,1,2b8afa0ff39889d45345661a830175ed3aa19cb5efef2d0b83a7764a350eb40a,,
1.0,G02-260202-154756-780,G02-260202-154756-780.bmp,G02,2026-02-02T15:47:56,2026-02-02,G02_2026-02-02,780,train,normal,,1025,1281,1,e141df0dee93780e3186a4e324eb395adcbf2b7bc83e8af3f3136efbd834c5d4,,
1.0,G02-260202-154819-781,G02-260202-154819-781.bmp,G02,2026-02-02T15:48:19,2026-02-02,G02_2026-02-02,781,train,normal,,1025,1281,1,5d62c2758a37f721863a3bfb5e0b190c3e432ca89921029bf29367d8db341c0d,,
1.0,G02-260202-154825-782,G02-260202-154825-782.bmp,G02,2026-02-02T15:48:25,2026-02-02,G02_2026-02-02,782,train,normal,,1025,1281,1,73e7acd045bcda6b2aca98fde5ee92bd032543601c59cd515c08c70b55737f28,,
1.0,G02-260202-154846-783,G02-260202-154846-783.bmp,G02,2026-02-02T15:48:46,2026-02-02,G02_2026-02-02,783,train,normal,,1025,1281,1,e871cfad06fbb25f1a018516179b9508c5a48940be0464d5f94675efc103c9b9,,
1.0,G02-260202-154854-784,G02-260202-154854-784.bmp,G02,2026-02-02T15:48:54,2026-02-02,G02_2026-02-02,784,train,normal,,1025,1281,1,81ddb945f1664611a854f155b0a49cd02360ef2bcd0523c2e61e0ca6c9a8cc54,,
1.0,G02-260202-154918-785,G02-260202-154918-785.bmp,G02,2026-02-02T15:49:18,2026-02-02,G02_2026-02-02,785,train,normal,,1025,1281,1,a9eaa491ad930e5fa5336aa83cf188a22cc479f8299ff2ea2d38edcfae10139e,,
1.0,G02-260202-154924-786,G02-260202-154924-786.bmp,G02,2026-02-02T15:49:24,2026-02-02,G02_2026-02-02,786,train,normal,,1025,1281,1,8836fe1d5c4b64bcaabe4d0844167e45450a2a65212c1e678587d90327007bcc,,
1.0,G02-260202-154948-787,G02-260202-154948-787.bmp,G02,2026-02-02T15:49:48,2026-02-02,G02_2026-02-02,787,train,normal,,1025,1281,1,e7496ee6eb13d43a0d642b06c1d554f990f52e96fe266e44a60fd8c6c649d212,,
1.0,G02-260202-154955-788,G02-260202-154955-788.bmp,G02,2026-02-02T15:49:55,2026-02-02,G02_2026-02-02,788,train,normal,,1025,1281,1,c5d61f2bb4c6bf3cfb948ceca4da8826eb5cd481b1a1a7829206e11ea0d6c682,,
1.0,G02-260202-155017-789,G02-260202-155017-789.bmp,G02,2026-02-02T15:50:17,2026-02-02,G02_2026-02-02,789,train,normal,,1025,1281,1,e1a76b9d3626bd30286feb1d2d3eca730cbf1442b17d56b022efee437fea13ae,,
1.0,G02-260202-155023-790,G02-260202-155023-790.bmp,G02,2026-02-02T15:50:23,2026-02-02,G02_2026-02-02,790,train,normal,,1025,1281,1,553c4131e848b98585173f52351474c0c2d728766a81c123b13802a56f112351,,
1.0,G02-260202-155049-791,G02-260202-155049-791.bmp,G02,2026-02-02T15:50:49,2026-02-02,G02_2026-02-02,791,train,normal,,1025,1281,1,d27fafed903cd870f4725192921dbae9fd9ed4d059c901e989764aae3bbddf1c,,
1.0,G02-260202-155055-792,G02-260202-155055-792.bmp,G02,2026-02-02T15:50:55,2026-02-02,G02_2026-02-02,792,train,normal,,1025,1281,1,d4deb7f68a69e39a7118c8c4ea8647b83556804295df83bd12feb9b4c53dd61e,,
1.0,G02-260202-155121-793,G02-260202-155121-793.bmp,G02,2026-02-02T15:51:21,2026-02-02,G02_2026-02-02,793,train,normal,,1025,1281,1,10dd7d5131fba44492d4eaef5f3114bf204d999879ce9483793e8231912bc3be,,
1.0,G02-260202-155128-794,G02-260202-155128-794.bmp,G02,2026-02-02T15:51:28,2026-02-02,G02_2026-02-02,794,train,normal,,1025,1281,1,aa69c9df748d3d4f85c0d875527aff83f87ef3c7385d95efda8cfb6bd6638289,,
1.0,G02-260202-155150-795,G02-260202-155150-795.bmp,G02,2026-02-02T15:51:50,2026-02-02,G02_2026-02-02,795,train,normal,,1025,1281,1,4460f418a79a4ed5cd1c477ea3ba074230df7a4183573d2254d4a204a3c7ea77,,
1.0,G02-260202-155156-796,G02-260202-155156-796.bmp,G02,2026-02-02T15:51:56,2026-02-02,G02_2026-02-02,796,train,normal,,1025,1281,1,1b97b453bc49a03eec0f7e746a76553dbc77d9f2b7eaa4f160cd3efc8cde5140,,
1.0,G02-260202-155216-797,G02-260202-155216-797.bmp,G02,2026-02-02T15:52:16,2026-02-02,G02_2026-02-02,797,train,normal,,1025,1281,1,bafb03add0ba6a1f97647c5cef0b4fb36309b05639ea38686fbe930f2ef15319,,
1.0,G02-260202-155223-798,G02-260202-155223-798.bmp,G02,2026-02-02T15:52:23,2026-02-02,G02_2026-02-02,798,train,normal,,1025,1281,1,cede797215b7b4e2e51fd892d1fe5f81e42854a9fdbb5ad2a827bccf78df04d3,,
1.0,G02-260202-155244-799,G02-260202-155244-799.bmp,G02,2026-02-02T15:52:44,2026-02-02,G02_2026-02-02,799,train,normal,,1025,1281,1,1e9b9d0444e53d6b57045f8c7b6a8453d95d44181f01399f39ece760739f35d1,,
1.0,G02-260202-155251-800,G02-260202-155251-800.bmp,G02,2026-02-02T15:52:51,2026-02-02,G02_2026-02-02,800,train,normal,,1025,1281,1,0f41d2e12497daa4c2b5399b6b992cbde342c6e0728da35897775dca465754fa,,
1.0,G02-260202-155318-801,G02-260202-155318-801.bmp,G02,2026-02-02T15:53:18,2026-02-02,G02_2026-02-02,801,train,normal,,1025,1281,1,adf2218571cc2f79ab268759dfca0e666481aa0225b05413cf005c1d0f3ab60a,,
1.0,G02-260202-155325-802,G02-260202-155325-802.bmp,G02,2026-02-02T15:53:25,2026-02-02,G02_2026-02-02,802,train,normal,,1025,1281,1,3c919df7d7a17d7789e94ef214872708c137437a775b74eef54090b1d43390d7,,
1.0,G02-260202-155350-803,G02-260202-155350-803.bmp,G02,2026-02-02T15:53:50,2026-02-02,G02_2026-02-02,803,train,normal,,1025,1281,1,e920f366a976fc5d9a832d241956f6c350b5d56639be3eb9136d5423526cc31d,,
1.0,G02-260202-155359-804,G02-260202-155359-804.bmp,G02,2026-02-02T15:53:59,2026-02-02,G02_2026-02-02,804,train,normal,,1025,1281,1,dff62217723d6f70a0cb98ada6270ed17d2c69fe479c3f67c75eb349c351700c,,
1.0,G02-260202-155412-805,G02-260202-155412-805.bmp,G02,2026-02-02T15:54:12,2026-02-02,G02_2026-02-02,805,train,normal,,1025,1281,1,68c126e650a18ad8dd309165e64528ab19dd5b48ac891a5ade3de1175ddfcd45,,
1.0,G02-260202-155420-806,G02-260202-155420-806.bmp,G02,2026-02-02T15:54:20,2026-02-02,G02_2026-02-02,806,train,normal,,1025,1281,1,939b060f1f41124195b2c8f542e46afb39cbe99907cb822500d38cd1566cd1d5,,
1.0,G02-260202-155444-807,G02-260202-155444-807.bmp,G02,2026-02-02T15:54:44,2026-02-02,G02_2026-02-02,807,train,normal,,1025,1281,1,5256f2e4f82b818cabb023334ead81e5e350dcae806393ee4e1cffd4625867e0,,
1.0,G02-260202-155520-808,G02-260202-155520-808.bmp,G02,2026-02-02T15:55:20,2026-02-02,G02_2026-02-02,808,train,normal,,1025,1281,1,26dcd4cbac4797a858180e7409e9d93eee3f2a0277feb1693beedc53c821c34b,,
1.0,G02-260202-155526-809,G02-260202-155526-809.bmp,G02,2026-02-02T15:55:26,2026-02-02,G02_2026-02-02,809,train,normal,,1025,1281,1,82f312294f72dbf9021843e90110893671bc1988ccf5057fa0939b70a227993b,,
1.0,G02-260202-155549-810,G02-260202-155549-810.bmp,G02,2026-02-02T15:55:49,2026-02-02,G02_2026-02-02,810,train,normal,,1025,1281,1,d625755fb31e330452c2fe1ef8a286bbd1547b0459722ed09517169656ea0f00,,
1.0,G02-260202-155555-811,G02-260202-155555-811.bmp,G02,2026-02-02T15:55:55,2026-02-02,G02_2026-02-02,811,train,normal,,1025,1281,1,01393790396798a28733b2db7111396434aa7c59042947ed85c4b143db5f8318,,
1.0,G02-260202-155622-812,G02-260202-155622-812.bmp,G02,2026-02-02T15:56:22,2026-02-02,G02_2026-02-02,812,train,normal,,1025,1281,1,844a0c9b1e1c2b5e487dd1a74646766465dda8f725cc45c8d2cdcf4bee0e0ee0,,
1.0,G02-260202-155628-813,G02-260202-155628-813.bmp,G02,2026-02-02T15:56:28,2026-02-02,G02_2026-02-02,813,train,normal,,1025,1281,1,6443ae20acc9b15bb3518e653fe5077bb2239293a3a2ad7eecc62b936134f0b2,,
1.0,G02-260202-155652-814,G02-260202-155652-814.bmp,G02,2026-02-02T15:56:52,2026-02-02,G02_2026-02-02,814,train,normal,,1025,1281,1,33734d5f167e233a5eff8140ce3a5c59df947f42b51720ddeff7614f0f9bd392,,
1.0,G02-260202-155658-815,G02-260202-155658-815.bmp,G02,2026-02-02T15:56:58,2026-02-02,G02_2026-02-02,815,train,normal,,1025,1281,1,3784f91a5a7e9812ff80f4082f655d1deec38d1334111c04a739eedc1bfce07a,,
1.0,G02-260202-155723-816,G02-260202-155723-816.bmp,G02,2026-02-02T15:57:23,2026-02-02,G02_2026-02-02,816,train,normal,,1025,1281,1,18c08d18f7c9d0ad76f20892c989cf08fa00fd51d7d7f5d94aff56462b01bbea,,
1.0,G02-260202-155729-817,G02-260202-155729-817.bmp,G02,2026-02-02T15:57:29,2026-02-02,G02_2026-02-02,817,train,normal,,1025,1281,1,bd1a663ebd8a068bc632dc0624093f242709769d41fcf71c96bbcd30031fe9c9,,
1.0,G02-260202-155751-818,G02-260202-155751-818.bmp,G02,2026-02-02T15:57:51,2026-02-02,G02_2026-02-02,818,train,normal,,1025,1281,1,8665fe8430aa522be58521dc354107138efc9b69279508cc70f6f91be244201e,,
1.0,G02-260202-155757-819,G02-260202-155757-819.bmp,G02,2026-02-02T15:57:57,2026-02-02,G02_2026-02-02,819,train,normal,,1025,1281,1,91314129f46e4ac7f91ebda55ea40edf4cda629e6e815c1989b95de179cb61da,,
1.0,G02-260202-155821-820,G02-260202-155821-820.bmp,G02,2026-02-02T15:58:21,2026-02-02,G02_2026-02-02,820,train,normal,,1025,1281,1,22d1c5fa5251dbdbbb0f4b689d8264f7dcec2c7858ff7b49a438c3f6d7a5b2c9,,
1.0,G02-260202-155827-821,G02-260202-155827-821.bmp,G02,2026-02-02T15:58:27,2026-02-02,G02_2026-02-02,821,train,normal,,1025,1281,1,960df12c783036e0b4a509521a063e8db58539146c467155f8e9db14ab7af2a6,,
1.0,G02-260202-155851-822,G02-260202-155851-822.bmp,G02,2026-02-02T15:58:51,2026-02-02,G02_2026-02-02,822,train,normal,,1025,1281,1,570410e27d885d75b457d0bcd1c8803353285d0584197543b13dd8e60c917dcc,,
1.0,G02-260202-155858-823,G02-260202-155858-823.bmp,G02,2026-02-02T15:58:58,2026-02-02,G02_2026-02-02,823,train,normal,,1025,1281,1,ef3758150c3ef647e1dc967118d1d11189d1c30ae0766ddb204fc48681da1c38,,
1.0,G02-260202-155919-824,G02-260202-155919-824.bmp,G02,2026-02-02T15:59:19,2026-02-02,G02_2026-02-02,824,train,normal,,1025,1281,1,a33ad9976d7d17c600e946820ac0aae6549b0be5ea2cba891b6099f930417aa4,,
1.0,G02-260202-155925-825,G02-260202-155925-825.bmp,G02,2026-02-02T15:59:25,2026-02-02,G02_2026-02-02,825,train,normal,,1025,1281,1,2c90880bbeac4279ed98eee3b9e44c239fee1eaf379f8096d2ac867e80d90704,,
1.0,G02-260202-155955-826,G02-260202-155955-826.bmp,G02,2026-02-02T15:59:55,2026-02-02,G02_2026-02-02,826,train,normal,,1025,1281,1,3dbde0cdb449dbad6dd8f3a8f8d0d5b74a2eac074a8a7d88d27cce155f804bb2,,
1.0,G02-260202-160008-827,G02-260202-160008-827.bmp,G02,2026-02-02T16:00:08,2026-02-02,G02_2026-02-02,827,train,normal,,1025,1281,1,90607bf97b7778ef46df2f75445f5c44861d59e647336a7ccafcbe1f50334cc6,,
1.0,G02-260202-160022-828,G02-260202-160022-828.bmp,G02,2026-02-02T16:00:22,2026-02-02,G02_2026-02-02,828,train,normal,,1025,1281,1,c69c9ba954024258ad60259b721c64c175053c8d22f4759d533414f833d133ee,,
1.0,G02-260202-160028-829,G02-260202-160028-829.bmp,G02,2026-02-02T16:00:28,2026-02-02,G02_2026-02-02,829,train,normal,,1025,1281,1,a2fd7eb713c8a6da0ff432e5531da20a9e2748e285025779903a3c5055614ee9,,
1.0,G02-260202-160052-830,G02-260202-160052-830.bmp,G02,2026-02-02T16:00:52,2026-02-02,G02_2026-02-02,830,train,normal,,1025,1281,1,f024d0b70653e9936d7d6e5b7e0bf87ba9f4e26aebc9e174a2d919237e1abc54,,
1.0,G02-260202-160058-831,G02-260202-160058-831.bmp,G02,2026-02-02T16:00:58,2026-02-02,G02_2026-02-02,831,train,normal,,1025,1281,1,95852881f318c1548144218379aaa95a3a3a0f774f173ba6b634f7548280b88e,,
1.0,G02-260202-160120-832,G02-260202-160120-832.bmp,G02,2026-02-02T16:01:20,2026-02-02,G02_2026-02-02,832,train,normal,,1025,1281,1,ce6da05c8237d436c8208b3187a21e18e420a1a9d636462d1c555f75ec3ea1fa,,
1.0,G02-260202-160126-833,G02-260202-160126-833.bmp,G02,2026-02-02T16:01:26,2026-02-02,G02_2026-02-02,833,train,normal,,1025,1281,1,4bf6d3f4affa0099905a5c3a9fa56adeebf4a3d6df734cb6d8f1023a9d9eac00,,
1.0,G02-260202-160151-834,G02-260202-160151-834.bmp,G02,2026-02-02T16:01:51,2026-02-02,G02_2026-02-02,834,train,normal,,1025,1281,1,8dad3c73dd4e8d51c245fb90fd1f357d0fca78956e85adee1360b4f34eff13a4,,
1.0,G02-260202-160158-835,G02-260202-160158-835.bmp,G02,2026-02-02T16:01:58,2026-02-02,G02_2026-02-02,835,train,normal,,1025,1281,1,8d660c04a5df8409c29a351ffd599b62f2091c4bb5bcd1ee0a325f0ac00876eb,,
1.0,G02-260202-160221-836,G02-260202-160221-836.bmp,G02,2026-02-02T16:02:21,2026-02-02,G02_2026-02-02,836,train,normal,,1025,1281,1,0d27dab7a6b93e201271c6e0274882d8aa46b64ea1f203cbcae8b60e7433506c,,
1.0,G02-260202-160228-837,G02-260202-160228-837.bmp,G02,2026-02-02T16:02:28,2026-02-02,G02_2026-02-02,837,train,normal,,1025,1281,1,f53bacfb79f79cce1207a4b1db614fe1941b3976876c01ecadd092afd6d64ab5,,
1.0,G02-260202-160250-838,G02-260202-160250-838.bmp,G02,2026-02-02T16:02:50,2026-02-02,G02_2026-02-02,838,train,normal,,1025,1281,1,70630e98815e7d824cfa9ea44d0e318ad331d806505af0dce4b0b78c8bf734bb,,
1.0,G02-260202-160257-839,G02-260202-160257-839.bmp,G02,2026-02-02T16:02:57,2026-02-02,G02_2026-02-02,839,train,normal,,1025,1281,1,8070bf84d989980d06e8a30663aff3dd7bcfc786657cc8d054e4f34222939422,,
1.0,G02-260202-160321-840,G02-260202-160321-840.bmp,G02,2026-02-02T16:03:21,2026-02-02,G02_2026-02-02,840,train,normal,,1025,1281,1,08e5cff7b20c78e6f82d41ac1e996f5304b2d7d88d7adacd3e4a8288365d658d,,
1.0,G02-260202-160327-841,G02-260202-160327-841.bmp,G02,2026-02-02T16:03:27,2026-02-02,G02_2026-02-02,841,train,normal,,1025,1281,1,4dd6a58e41ccf21af23825313e1848a4de0d28825b55ab8416787524fc67cc9f,,
1.0,G02-260202-160350-842,G02-260202-160350-842.bmp,G02,2026-02-02T16:03:50,2026-02-02,G02_2026-02-02,842,train,normal,,1025,1281,1,e64fe11a78d46b7cc9e173c96b292292638468c37161b732f0a6d169dadb5787,,
1.0,G02-260202-160356-843,G02-260202-160356-843.bmp,G02,2026-02-02T16:03:56,2026-02-02,G02_2026-02-02,843,train,normal,,1025,1281,1,7c47d429ce90037614e22a805deaad3aa8a00a0f33eb9c64e8c364185e9cb659,,
1.0,G02-260202-160450-844,G02-260202-160450-844.bmp,G02,2026-02-02T16:04:50,2026-02-02,G02_2026-02-02,844,train,normal,,1025,1281,1,6c8a2d30e6973713a3b576fcebe147abb69a24a9f6800bb07f200128f2ee1bbf,,
1.0,G02-260202-160457-845,G02-260202-160457-845.bmp,G02,2026-02-02T16:04:57,2026-02-02,G02_2026-02-02,845,train,normal,,1025,1281,1,e4df9b52e3433aa2bcbcc935179f0762624a4181405d42081fa0d37c3dfe91e7,,
1.0,G02-260202-160523-846,G02-260202-160523-846.bmp,G02,2026-02-02T16:05:23,2026-02-02,G02_2026-02-02,846,train,normal,,1025,1281,1,dcfadb41cfb1d0e7ed61a92a97af383088fddb17aa9338db67b87dd5f67030ff,,
1.0,G02-260202-160529-847,G02-260202-160529-847.bmp,G02,2026-02-02T16:05:29,2026-02-02,G02_2026-02-02,847,train,normal,,1025,1281,1,feaf3f789ec3cccea07ce7adddec6caa07409247253d1f468e218926967d9f11,,
1.0,G02-260202-160553-848,G02-260202-160553-848.bmp,G02,2026-02-02T16:05:53,2026-02-02,G02_2026-02-02,848,train,normal,,1025,1281,1,7978c272c2b9f5cf71c3f873ceca3fc416ecac4819828f93e6504d63b08bcfa4,,
1.0,G02-260202-160559-849,G02-260202-160559-849.bmp,G02,2026-02-02T16:05:59,2026-02-02,G02_2026-02-02,849,train,normal,,1025,1281,1,665feb60eb4b5b9e5a61a23a42e6ec8e799bed8de9e942858c16b62b9a673874,,
1.0,G02-260202-160622-850,G02-260202-160622-850.bmp,G02,2026-02-02T16:06:22,2026-02-02,G02_2026-02-02,850,train,normal,,1025,1281,1,60c7c6c97023529e4dd8b4eccd218477bb6af24833284dabd88f7d5d0e2c99a7,,
1.0,G02-260202-160628-851,G02-260202-160628-851.bmp,G02,2026-02-02T16:06:28,2026-02-02,G02_2026-02-02,851,train,normal,,1025,1281,1,46cb7c4fb778747d6c80df0451b0c9587e954ebec340be101136677256fb3cbe,,
1.0,G02-260202-160651-852,G02-260202-160651-852.bmp,G02,2026-02-02T16:06:51,2026-02-02,G02_2026-02-02,852,train,normal,,1025,1281,1,dc15d47c17fff87f6b4a7010c547817e4abf4037a49cdc891d91a227b291d6cb,,
1.0,G02-260202-160657-853,G02-260202-160657-853.bmp,G02,2026-02-02T16:06:57,2026-02-02,G02_2026-02-02,853,train,normal,,1025,1281,1,0ea16efcfc59427f8a1c579c730dec95881d941b1ee255c2682744bdfa420230,,
1.0,G02-260202-160721-854,G02-260202-160721-854.bmp,G02,2026-02-02T16:07:21,2026-02-02,G02_2026-02-02,854,train,normal,,1025,1281,1,d35c25e429a232d04c708b507f438909c2cb587d49449a8042815e5d3da4c0b6,,
1.0,G02-260202-160727-855,G02-260202-160727-855.bmp,G02,2026-02-02T16:07:27,2026-02-02,G02_2026-02-02,855,train,normal,,1025,1281,1,2d191f0dd8539060d8e5deb1d27e1ea08f85cd8815d0948880f5b885b5f1e013,,
1.0,G02-260202-160759-857,G02-260202-160759-857.bmp,G02,2026-02-02T16:07:59,2026-02-02,G02_2026-02-02,857,train,normal,,1025,1281,1,605ac466594a327b98a6c1017198c9e7fe423a3ef83a5ab8aec174bfa29ec8db,,
1.0,G02-260202-160823-858,G02-260202-160823-858.bmp,G02,2026-02-02T16:08:23,2026-02-02,G02_2026-02-02,858,train,normal,,1025,1281,1,1952e5bc05985d0268eb08501597b442590bbcf2c1b02e2145adc4c4889ed647,,
1.0,G02-260202-160830-859,G02-260202-160830-859.bmp,G02,2026-02-02T16:08:30,2026-02-02,G02_2026-02-02,859,train,normal,,1025,1281,1,13ad7a44ca266cb78962c020e2d40af7c7fd6d78815575eef8e18d1f420f58a2,,
1.0,G02-260202-160851-860,G02-260202-160851-860.bmp,G02,2026-02-02T16:08:51,2026-02-02,G02_2026-02-02,860,train,normal,,1025,1281,1,15017d2af8188cb4df50bb59dd4674838095a4724a9be807c11684602b7281e0,,
1.0,G02-260202-160857-861,G02-260202-160857-861.bmp,G02,2026-02-02T16:08:57,2026-02-02,G02_2026-02-02,861,train,normal,,1025,1281,1,a87894210f6a3266879efcffa87ab814f22d8e41f695261267604560c7da286f,,
1.0,G02-260202-160917-862,G02-260202-160917-862.bmp,G02,2026-02-02T16:09:17,2026-02-02,G02_2026-02-02,862,train,normal,,1025,1281,1,b9f020e34fd9779ed74e9243ba95902763b3a31385175e57a0d3d4bb5fc87f34,,
1.0,G02-260202-160923-863,G02-260202-160923-863.bmp,G02,2026-02-02T16:09:23,2026-02-02,G02_2026-02-02,863,train,normal,,1025,1281,1,4e87731960adfa745dda871b022a705154830394ef7511a43aa9ab8eb568f4ce,,
1.0,G02-260202-160945-864,G02-260202-160945-864.bmp,G02,2026-02-02T16:09:45,2026-02-02,G02_2026-02-02,864,train,normal,,1025,1281,1,2562206c14f544e6cc3673f007bec6f03fa195baf0206c5410df34f912309f53,,
1.0,G02-260202-160952-865,G02-260202-160952-865.bmp,G02,2026-02-02T16:09:52,2026-02-02,G02_2026-02-02,865,train,normal,,1025,1281,1,344be7419df2afadf8a225ade1928f500d089e1d62127927c23d0cb0f4035d3e,,
1.0,G02-260202-161016-866,G02-260202-161016-866.bmp,G02,2026-02-02T16:10:16,2026-02-02,G02_2026-02-02,866,train,normal,,1025,1281,1,824852b78a96ee3848c5f79746d642a2aa58fd20ec1a9b6d8f81c1b34d782de9,,
1.0,G02-260202-161023-867,G02-260202-161023-867.bmp,G02,2026-02-02T16:10:23,2026-02-02,G02_2026-02-02,867,train,normal,,1025,1281,1,20ff16aa35d989a12713838504a8f82a3b954afe2603ebf18e22088c060339c7,,
1.0,G02-260202-161052-868,G02-260202-161052-868.bmp,G02,2026-02-02T16:10:52,2026-02-02,G02_2026-02-02,868,train,normal,,1025,1281,1,b82a86f8d8f9365ee5b611364c019ca51a24d41dc8a82c457f482ecfb3a22231,,
1.0,G02-260202-161058-869,G02-260202-161058-869.bmp,G02,2026-02-02T16:10:58,2026-02-02,G02_2026-02-02,869,train,normal,,1025,1281,1,2715b64becd61c01a4771e87119d7d3824fe02470773634e6bba8103460a134c,,
1.0,G02-260202-161122-870,G02-260202-161122-870.bmp,G02,2026-02-02T16:11:22,2026-02-02,G02_2026-02-02,870,train,normal,,1025,1281,1,4b1a31ef79a3c63ad2d3493ef2315894c608db6a849fef3157b2799acdc009e4,,
1.0,G02-260202-161128-871,G02-260202-161128-871.bmp,G02,2026-02-02T16:11:28,2026-02-02,G02_2026-02-02,871,train,normal,,1025,1281,1,61257bc8f3227896d405fa8603ba593cbf8169e5775c95d42e30cf8963bce38c,,
1.0,G02-260202-161154-872,G02-260202-161154-872.bmp,G02,2026-02-02T16:11:54,2026-02-02,G02_2026-02-02,872,train,normal,,1025,1281,1,9903c3ac5bce3442469da3ff12b756db0ee2442a9b3fd0334f7d4f23ced8af46,,
1.0,G02-260202-161201-873,G02-260202-161201-873.bmp,G02,2026-02-02T16:12:01,2026-02-02,G02_2026-02-02,873,train,normal,,1025,1281,1,46055d306a790f5cf67a70c24b89ff9bce9e0396c8eed3993d8d205f8573c16e,,
1.0,G02-260202-161215-874,G02-260202-161215-874.bmp,G02,2026-02-02T16:12:15,2026-02-02,G02_2026-02-02,874,train,normal,,1025,1281,1,e60b498e7ea86765fdeaf8f9871022f97109f276a109392586e76412136b22c9,,
1.0,G02-260202-161223-875,G02-260202-161223-875.bmp,G02,2026-02-02T16:12:23,2026-02-02,G02_2026-02-02,875,train,normal,,1025,1281,1,d4a82e5a0f7d77583925b6b50a83f9c5169fd82365b13c29b60e1fc0085421ab,,
1.0,G02-260203-082641-481,G02-260203-082641-481.bmp,G02,2026-02-03T08:26:41,2026-02-03,G02_2026-02-03,481,val,normal,,1025,1281,1,bf50139060e7caf4218ff59a4b9f55bef1ae3bc67008d8f2843d4aa669f62f04,,
1.0,G02-260203-082655-482,G02-260203-082655-482.bmp,G02,2026-02-03T08:26:55,2026-02-03,G02_2026-02-03,482,val,normal,,1025,1281,1,60bd4fdd1ec4b720c3e64b57d26278c04490f116ca249760909f43454e34d573,,
1.0,G02-260203-082708-483,G02-260203-082708-483.bmp,G02,2026-02-03T08:27:08,2026-02-03,G02_2026-02-03,483,val,normal,,1025,1281,1,5a51804891a56c8806fcc9070ddf06c496821c99111a115f0c7e883aff615071,,
1.0,G02-260203-082725-484,G02-260203-082725-484.bmp,G02,2026-02-03T08:27:25,2026-02-03,G02_2026-02-03,484,val,normal,,1025,1281,1,145450e2227bd59293b0a3227f895bc3f9068d57d9c981b7d3992c2ac03fe1e9,,
1.0,G02-260203-082738-485,G02-260203-082738-485.bmp,G02,2026-02-03T08:27:38,2026-02-03,G02_2026-02-03,485,val,normal,,1025,1281,1,ec44d09f4e72cba4a14143d97e4c8d709a5a057f1c93f207d0d1931006bd7108,,
1.0,G02-260203-082756-486,G02-260203-082756-486.bmp,G02,2026-02-03T08:27:56,2026-02-03,G02_2026-02-03,486,val,normal,,1025,1281,1,a7553ad8f10c251c636fd3e4dad3b06bff2d6d768024fa8c9d7bbb095d6db7ad,,
1.0,G02-260203-082808-487,G02-260203-082808-487.bmp,G02,2026-02-03T08:28:08,2026-02-03,G02_2026-02-03,487,val,normal,,1025,1281,1,5a49a41916cce9d689500ce4ceffdbf2b09da9d1d4042b16aa87b9fd943b55d2,,
1.0,G02-260203-082824-488,G02-260203-082824-488.bmp,G02,2026-02-03T08:28:24,2026-02-03,G02_2026-02-03,488,val,normal,,1025,1281,1,9ab5d3bcca4a65324e88d7d313494213a43de37d35f8cfacf231d94e5d267097,,
1.0,G02-260203-082835-489,G02-260203-082835-489.bmp,G02,2026-02-03T08:28:35,2026-02-03,G02_2026-02-03,489,val,normal,,1025,1281,1,f34e7ef07d8b31cb63eb3d0c39a27d23bc1570039b9c757fc0f8def1241c225e,,
1.0,G02-260203-082858-490,G02-260203-082858-490.bmp,G02,2026-02-03T08:28:58,2026-02-03,G02_2026-02-03,490,val,normal,,1025,1281,1,36cd67a0a3af09da15ab2e2421996811a45bfc0766b1a54cd29f20eb611f4fe0,,
1.0,G02-260203-082907-491,G02-260203-082907-491.bmp,G02,2026-02-03T08:29:07,2026-02-03,G02_2026-02-03,491,val,normal,,1025,1281,1,81556f6559aa9638fb2342a3b6bae5d52fbc7223b2a7d21bda47dcd2bd4f095a,,
1.0,G02-260203-082926-492,G02-260203-082926-492.bmp,G02,2026-02-03T08:29:26,2026-02-03,G02_2026-02-03,492,val,normal,,1025,1281,1,ae3a0d8505dafdd79e6eb915cacb9e240fbbead94580c3955eafb02e932cb2cd,,
1.0,G02-260203-082940-493,G02-260203-082940-493.bmp,G02,2026-02-03T08:29:40,2026-02-03,G02_2026-02-03,493,val,normal,,1025,1281,1,35f90023edec75b163b226d48af7c04a96352c1bf1216ee5014b5fc4b52187a9,,
1.0,G02-260203-082955-494,G02-260203-082955-494.bmp,G02,2026-02-03T08:29:55,2026-02-03,G02_2026-02-03,494,val,normal,,1025,1281,1,fc3f4a62aa58123914a031ccb4b0dc83f87968183394b573c7e245fed71f8bc2,,
1.0,G02-260203-083004-495,G02-260203-083004-495.bmp,G02,2026-02-03T08:30:04,2026-02-03,G02_2026-02-03,495,val,normal,,1025,1281,1,7ef722789a493827e0726894d57129f78cd4cb5c268190e626042a82075f4a44,,
1.0,G02-260203-083027-496,G02-260203-083027-496.bmp,G02,2026-02-03T08:30:27,2026-02-03,G02_2026-02-03,496,val,normal,,1025,1281,1,25263246cbc3f1242f9745e571426244c1dd4979b2f021ae7a6e99c3851e9888,,
1.0,G02-260203-083037-497,G02-260203-083037-497.bmp,G02,2026-02-03T08:30:37,2026-02-03,G02_2026-02-03,497,val,normal,,1025,1281,1,900da388edecce64f7d3a8770eab64eabfa163a81843d59e6205fab0d796363c,,
1.0,G02-260203-083056-498,G02-260203-083056-498.bmp,G02,2026-02-03T08:30:56,2026-02-03,G02_2026-02-03,498,val,normal,,1025,1281,1,d33207fb8f65576720a192d91ee515ac152bddd4150d8b439b34379ec63de0e4,,
1.0,G02-260203-083108-499,G02-260203-083108-499.bmp,G02,2026-02-03T08:31:08,2026-02-03,G02_2026-02-03,499,val,normal,,1025,1281,1,f070e279bfed5c694fdbc0fe9d2a9895fe51c4ca648c7c9517e56556ed0a78d4,,
1.0,G02-260203-083127-500,G02-260203-083127-500.bmp,G02,2026-02-03T08:31:27,2026-02-03,G02_2026-02-03,500,val,normal,,1025,1281,1,400ee2289543a074530d4e242156d6faf1af9bc229c4881f9ce5d1be8efff459,,
1.0,G02-260203-083139-501,G02-260203-083139-501.bmp,G02,2026-02-03T08:31:39,2026-02-03,G02_2026-02-03,501,val,normal,,1025,1281,1,b55bb7df3e3d2109412cf9a9b4dd0920a16c9829172535ed0aabe5174e0ddcff,,
1.0,G02-260203-083156-502,G02-260203-083156-502.bmp,G02,2026-02-03T08:31:56,2026-02-03,G02_2026-02-03,502,val,normal,,1025,1281,1,91267946f64b9f9970c180291bd819afe3c499b6f3f99705707b623cffcc2512,,
1.0,G02-260203-083206-503,G02-260203-083206-503.bmp,G02,2026-02-03T08:32:06,2026-02-03,G02_2026-02-03,503,val,normal,,1025,1281,1,48982afd7a83acdf5a8fb6d25bef0f06b128a246a66dd4ded44eb79b4903d9bf,,
1.0,G02-260203-083229-504,G02-260203-083229-504.bmp,G02,2026-02-03T08:32:29,2026-02-03,G02_2026-02-03,504,val,normal,,1025,1281,1,ff6539b1149a28a8c90014e5494db82a47d687970a69aef6c970d42701ed1a40,,
1.0,G02-260203-083237-505,G02-260203-083237-505.bmp,G02,2026-02-03T08:32:37,2026-02-03,G02_2026-02-03,505,val,normal,,1025,1281,1,12dffbf3a636d491ed53c0cea53c7602af79859f9b196bc8aa1065f04deee194,,
1.0,G02-260203-083257-506,G02-260203-083257-506.bmp,G02,2026-02-03T08:32:57,2026-02-03,G02_2026-02-03,506,val,normal,,1025,1281,1,98c5ee8774319bbc0142a71dc765a117c8caaab16f6ed4cf03708ff692c42950,,
1.0,G02-260203-083328-507,G02-260203-083328-507.bmp,G02,2026-02-03T08:33:28,2026-02-03,G02_2026-02-03,507,val,normal,,1025,1281,1,18e58d0a43cdd8061df6d1a84797a4ee4b7c5522b9a7ee68cf6b30878c2de1d8,,
1.0,G02-260203-083336-508,G02-260203-083336-508.bmp,G02,2026-02-03T08:33:36,2026-02-03,G02_2026-02-03,508,val,normal,,1025,1281,1,d54a0ce644a4eb10300f5a20d31af4ff6f2ff86ed0acdb0cf172009419b12a1c,,
1.0,G02-260203-083358-509,G02-260203-083358-509.bmp,G02,2026-02-03T08:33:58,2026-02-03,G02_2026-02-03,509,val,normal,,1025,1281,1,5e5de46b7e05253e9414ec72fd55e2d1861698d2301b7ec9681dc37549860e1c,,
1.0,G02-260203-083415-510,G02-260203-083415-510.bmp,G02,2026-02-03T08:34:15,2026-02-03,G02_2026-02-03,510,val,normal,,1025,1281,1,078dd314c29051938d41da59cc2658810837b022352b581b29cb69edcaa7ad12,,
1.0,G02-260203-083430-511,G02-260203-083430-511.bmp,G02,2026-02-03T08:34:30,2026-02-03,G02_2026-02-03,511,val,normal,,1025,1281,1,2d3a3ebb7c86819e07d5efaebf973f297beff59503be911e27c5aebe1d321ee6,,
1.0,G02-260203-083458-512,G02-260203-083458-512.bmp,G02,2026-02-03T08:34:58,2026-02-03,G02_2026-02-03,512,val,normal,,1025,1281,1,186393c89c3aa003eded5e0800cf4238d7bb8ebf8cce9cfc04eaf2781b803227,,
1.0,G02-260203-083507-513,G02-260203-083507-513.bmp,G02,2026-02-03T08:35:07,2026-02-03,G02_2026-02-03,513,val,normal,,1025,1281,1,e0b0cb60235d210afdb8adea864995d7a522ceb9249e1fc9c3e7c7d9261ab808,,
1.0,G02-260203-083528-514,G02-260203-083528-514.bmp,G02,2026-02-03T08:35:28,2026-02-03,G02_2026-02-03,514,val,normal,,1025,1281,1,ae8023a02b0140114cba0854921cc2e1f6efba9994e6cc1b6ba47b85a77710c5,,
1.0,G02-260203-083544-515,G02-260203-083544-515.bmp,G02,2026-02-03T08:35:44,2026-02-03,G02_2026-02-03,515,val,normal,,1025,1281,1,a4bfa37cab18486dac92fcbe5c0611caa5a5b878cd5572d66e0a4b3309382541,,
1.0,G02-260203-083602-516,G02-260203-083602-516.bmp,G02,2026-02-03T08:36:02,2026-02-03,G02_2026-02-03,516,val,normal,,1025,1281,1,c3a10333dec88ba7b7cfcf0957dcdba3f6d446111f0e9a9429a70fd0efd26f39,,
1.0,G02-260203-083617-517,G02-260203-083617-517.bmp,G02,2026-02-03T08:36:17,2026-02-03,G02_2026-02-03,517,val,normal,,1025,1281,1,06cebdbd904d30583f88593581c5c211c19cae0f7b59d5d5b615ad75130e422c,,
1.0,G02-260203-083630-518,G02-260203-083630-518.bmp,G02,2026-02-03T08:36:30,2026-02-03,G02_2026-02-03,518,val,normal,,1025,1281,1,8b7032724bd30e5a9a647175cc2da71f21827f10620ad45e13524ae2cd6fb05a,,
1.0,G02-260203-083641-519,G02-260203-083641-519.bmp,G02,2026-02-03T08:36:41,2026-02-03,G02_2026-02-03,519,val,normal,,1025,1281,1,4a2b3140ec28a7c73ef8f5ab43c99b2d2f56933004681a361061f35d0825395c,,
1.0,G02-260203-083701-520,G02-260203-083701-520.bmp,G02,2026-02-03T08:37:01,2026-02-03,G02_2026-02-03,520,val,normal,,1025,1281,1,6197c133917dbdbee0fc5f0c73f2bc38ae9668730fcea490e8e805a25fba940f,,
1.0,G02-260203-083711-521,G02-260203-083711-521.bmp,G02,2026-02-03T08:37:11,2026-02-03,G02_2026-02-03,521,val,normal,,1025,1281,1,7d40a66a59ec17f5b6726906fc9ca621804be6b8361ebad573f15e2e371cc159,,
1.0,G02-260203-083733-522,G02-260203-083733-522.bmp,G02,2026-02-03T08:37:33,2026-02-03,G02_2026-02-03,522,val,normal,,1025,1281,1,c2d3cb39332a17f8d46bb1f6db0d4e94fc5121c8180d7a45db8e2c01711c274f,,
1.0,G02-260203-083746-523,G02-260203-083746-523.bmp,G02,2026-02-03T08:37:46,2026-02-03,G02_2026-02-03,523,val,normal,,1025,1281,1,b1a846aa268a06b31dc6300bf0695bc32e37557ab876a63e62cca82e5b8f4b9f,,
1.0,G02-260203-083801-524,G02-260203-083801-524.bmp,G02,2026-02-03T08:38:01,2026-02-03,G02_2026-02-03,524,val,normal,,1025,1281,1,7e4de37f98f2ab888c90fad61c240c5b7dcd42eb58bc40f887aec9f0fb5d445f,,
1.0,G02-260203-083814-525,G02-260203-083814-525.bmp,G02,2026-02-03T08:38:14,2026-02-03,G02_2026-02-03,525,val,normal,,1025,1281,1,61a05e6f20bafa0404281ee1f6a0b034e65c867a774b567c46f2f76bf477444e,,
1.0,G02-260203-083830-526,G02-260203-083830-526.bmp,G02,2026-02-03T08:38:30,2026-02-03,G02_2026-02-03,526,val,normal,,1025,1281,1,2fd1c292fe565a040d82cc217ac1c019d9bf7ed98afa6d0f67a050eeaec59b10,,
1.0,G02-260203-083836-527,G02-260203-083836-527.bmp,G02,2026-02-03T08:38:36,2026-02-03,G02_2026-02-03,527,val,normal,,1025,1281,1,29b3942406731fc27c62c1254fd2f491f041d25191f6abc596124b40f4294f8f,,
1.0,G02-260203-083901-528,G02-260203-083901-528.bmp,G02,2026-02-03T08:39:01,2026-02-03,G02_2026-02-03,528,val,normal,,1025,1281,1,12e455b4245b640088dfb31f44593224a096e099261f69ea58ba2941ce8e06ad,,
1.0,G02-260203-083913-529,G02-260203-083913-529.bmp,G02,2026-02-03T08:39:13,2026-02-03,G02_2026-02-03,529,val,normal,,1025,1281,1,ce227705dcbbdeab3085f85bae3f2ce09f0c7709e81a8cf1db2f8a9824e0bdce,,
1.0,G02-260203-083931-530,G02-260203-083931-530.bmp,G02,2026-02-03T08:39:31,2026-02-03,G02_2026-02-03,530,val,normal,,1025,1281,1,18baf3d346cc4034cd4f7d1866b84b1c4ed12f6951024b0c38755a60827286c9,,
1.0,G02-260203-083943-531,G02-260203-083943-531.bmp,G02,2026-02-03T08:39:43,2026-02-03,G02_2026-02-03,531,val,normal,,1025,1281,1,47242bf35eab6fb7166c5297c6e9719927860d3e363ec9e5b6e0a681af6c76aa,,
1.0,G02-260203-084000-532,G02-260203-084000-532.bmp,G02,2026-02-03T08:40:00,2026-02-03,G02_2026-02-03,532,val,normal,,1025,1281,1,69585f8109105f27e221d42b233b1721ace682b87375851ff38b9e950aac00b9,,
1.0,G02-260203-084011-533,G02-260203-084011-533.bmp,G02,2026-02-03T08:40:11,2026-02-03,G02_2026-02-03,533,val,normal,,1025,1281,1,a67f4c42cc7963b9322706e16facf8e08adcd0fd8763d6144b1e8f414fbc924e,,
1.0,G02-260203-084034-534,G02-260203-084034-534.bmp,G02,2026-02-03T08:40:34,2026-02-03,G02_2026-02-03,534,val,normal,,1025,1281,1,0c1ae617e7e93a6f79b877d3c6bfab7d7f07c1155722d0f73cde43575514db1a,,
1.0,G02-260203-084044-535,G02-260203-084044-535.bmp,G02,2026-02-03T08:40:44,2026-02-03,G02_2026-02-03,535,val,normal,,1025,1281,1,0ed8327b6577eac175ee1d7344ce62eeb6d3190e48db175cd3b6805616404328,,
1.0,G02-260203-084102-536,G02-260203-084102-536.bmp,G02,2026-02-03T08:41:02,2026-02-03,G02_2026-02-03,536,val,normal,,1025,1281,1,53083b34a0c7ed5c9821af790d72c3e55093d380cdd3f09e0406b140a3208792,,
1.0,G02-260203-084110-537,G02-260203-084110-537.bmp,G02,2026-02-03T08:41:10,2026-02-03,G02_2026-02-03,537,val,normal,,1025,1281,1,3fd72edc9c6c63cde0a0299da3e8e23416081ef553e5671a615d55ef9896630c,,
1.0,G02-260203-084134-538,G02-260203-084134-538.bmp,G02,2026-02-03T08:41:34,2026-02-03,G02_2026-02-03,538,val,normal,,1025,1281,1,a392a1d9c7be2cef5968c7ec140d59ce0f492b225439f3d7580ef41e00e1a25f,,
1.0,G02-260203-084146-539,G02-260203-084146-539.bmp,G02,2026-02-03T08:41:46,2026-02-03,G02_2026-02-03,539,val,normal,,1025,1281,1,259f630ecd4768c3c3d1b08d815d706a38b7be7cb33233f4d2419ef18ab45b34,,
1.0,G02-260203-084203-540,G02-260203-084203-540.bmp,G02,2026-02-03T08:42:03,2026-02-03,G02_2026-02-03,540,val,normal,,1025,1281,1,c69981ce076a281d21bc5e1a3a28c04189b86ef4a362c3d0128678d9580f7252,,
1.0,G02-260203-084218-541,G02-260203-084218-541.bmp,G02,2026-02-03T08:42:18,2026-02-03,G02_2026-02-03,541,val,normal,,1025,1281,1,0a2635a15ff41dac600c3bd234e7e7dbac9d05e3d4dc2e57a9847407b0e1cefe,,
1.0,G02-260203-084233-542,G02-260203-084233-542.bmp,G02,2026-02-03T08:42:33,2026-02-03,G02_2026-02-03,542,val,normal,,1025,1281,1,33d0b6b7b1aa67c01fe34985112a7530626208db386a6635428bd0f41050d659,,
1.0,G02-260203-084249-543,G02-260203-084249-543.bmp,G02,2026-02-03T08:42:49,2026-02-03,G02_2026-02-03,543,val,normal,,1025,1281,1,53cdeb43437d5c31a419d8e0f3ed000743d45bf743216e52c83dd8066653b85d,,
1.0,G02-260203-084303-544,G02-260203-084303-544.bmp,G02,2026-02-03T08:43:03,2026-02-03,G02_2026-02-03,544,val,normal,,1025,1281,1,3b95be745bfc38d905368dc2f07958dd6bbe8decb526f507d7064479a3a3e6a5,,
1.0,G02-260203-084317-545,G02-260203-084317-545.bmp,G02,2026-02-03T08:43:17,2026-02-03,G02_2026-02-03,545,val,normal,,1025,1281,1,880c7e810d710bc3b9d9e3f76ac23e9a951843e3e20d67e0cc36cc1bd621c3db,,
1.0,G02-260203-084333-546,G02-260203-084333-546.bmp,G02,2026-02-03T08:43:33,2026-02-03,G02_2026-02-03,546,val,normal,,1025,1281,1,c03fe08c7a18e2f17de3c35d9942ffd642b2fbb5160dafc7b4230d476344a618,,
1.0,G02-260203-084345-547,G02-260203-084345-547.bmp,G02,2026-02-03T08:43:45,2026-02-03,G02_2026-02-03,547,val,normal,,1025,1281,1,f40856e4c4442784dd809ebb6b0a33f717a86e2f4498221860c8fcd82b68266f,,
1.0,G02-260203-084404-548,G02-260203-084404-548.bmp,G02,2026-02-03T08:44:04,2026-02-03,G02_2026-02-03,548,val,normal,,1025,1281,1,4543cefc8e43032b4adf5861aa1ac805ec9b9c56ec5fd5df7fa197b353c4d694,,
1.0,G02-260203-084414-549,G02-260203-084414-549.bmp,G02,2026-02-03T08:44:14,2026-02-03,G02_2026-02-03,549,val,normal,,1025,1281,1,1ffd0454b8795d9910789d65be8afb3176563d725824670a34967801ca14ec33,,
1.0,G02-260203-084436-550,G02-260203-084436-550.bmp,G02,2026-02-03T08:44:36,2026-02-03,G02_2026-02-03,550,val,normal,,1025,1281,1,778bde853b8c16a262e4753c7ea9dd7d9c4a6393b01f3546fc6edc0e41a4dd8a,,
1.0,G02-260203-084446-551,G02-260203-084446-551.bmp,G02,2026-02-03T08:44:46,2026-02-03,G02_2026-02-03,551,val,normal,,1025,1281,1,3faeab1a6464dec9dc4a35e9aa251092dfd65b8025f6be37a6590d1550e4cddb,,
1.0,G02-260203-084504-552,G02-260203-084504-552.bmp,G02,2026-02-03T08:45:04,2026-02-03,G02_2026-02-03,552,val,normal,,1025,1281,1,0835142ea0cd2a2d43f6b73e35a10c93691a4727cfedd0e537e699bf7fe31096,,
1.0,G02-260203-084517-553,G02-260203-084517-553.bmp,G02,2026-02-03T08:45:17,2026-02-03,G02_2026-02-03,553,val,normal,,1025,1281,1,a80e114aecda7e5d6835399245eebf884019f08f241e377060f9e9a50f6044e0,,
1.0,G02-260203-084536-554,G02-260203-084536-554.bmp,G02,2026-02-03T08:45:36,2026-02-03,G02_2026-02-03,554,val,normal,,1025,1281,1,811f096ecac09f63f0c9291b524d3a1848471d6131faf3508bb0d20f89cef040,,
1.0,G02-260203-084548-555,G02-260203-084548-555.bmp,G02,2026-02-03T08:45:48,2026-02-03,G02_2026-02-03,555,val,normal,,1025,1281,1,07da17125ee17b2f4cb2ffdbde78d99d7ddf5f9044a43e86a093dd4d69c89f50,,
1.0,G02-260203-084605-556,G02-260203-084605-556.bmp,G02,2026-02-03T08:46:05,2026-02-03,G02_2026-02-03,556,val,normal,,1025,1281,1,a6eff8e2de2b9f1d9e05b48767c609279409b4ee89e5d481c4d3dc093cea4d19,,
1.0,G02-260203-084615-557,G02-260203-084615-557.bmp,G02,2026-02-03T08:46:15,2026-02-03,G02_2026-02-03,557,val,normal,,1025,1281,1,f45bf9c9365ea0b42d5503459ea70e0e7090fac56d934b15bf06bc6e9b170445,,
1.0,G02-260203-084635-558,G02-260203-084635-558.bmp,G02,2026-02-03T08:46:35,2026-02-03,G02_2026-02-03,558,val,normal,,1025,1281,1,ae9d1ebf9df8c02879b6d8d22aee7bb9bf07520a5de36c177f99a038b682d7be,,
1.0,G02-260203-084647-559,G02-260203-084647-559.bmp,G02,2026-02-03T08:46:47,2026-02-03,G02_2026-02-03,559,val,normal,,1025,1281,1,9917767fb7dd7e3f956b6ac45d68c070a62daac5b20c45f2f6c5006446124731,,
1.0,G02-260203-084707-560,G02-260203-084707-560.bmp,G02,2026-02-03T08:47:07,2026-02-03,G02_2026-02-03,560,val,normal,,1025,1281,1,53f593784f408df043c290d94474562626ebc015f09e2ace0c6be46a937b8e00,,
1.0,G02-260203-084720-561,G02-260203-084720-561.bmp,G02,2026-02-03T08:47:20,2026-02-03,G02_2026-02-03,561,val,normal,,1025,1281,1,4b054f091eab8abbad2d1cde3f22df7fbd2f91401e4fe8c6a49cf432324b183f,,
1.0,G02-260203-084737-562,G02-260203-084737-562.bmp,G02,2026-02-03T08:47:37,2026-02-03,G02_2026-02-03,562,val,normal,,1025,1281,1,eaaa17a1c28cee6665976701780418f51e3a00d9ef3e097bc6f510ca06738dc5,,
1.0,G02-260203-084745-563,G02-260203-084745-563.bmp,G02,2026-02-03T08:47:45,2026-02-03,G02_2026-02-03,563,val,normal,,1025,1281,1,bf7c93a9135bd5f8410e2ae08f436b0b389b243bd384f8b14405ed3769ab670e,,
1.0,G02-260203-084807-564,G02-260203-084807-564.bmp,G02,2026-02-03T08:48:07,2026-02-03,G02_2026-02-03,564,val,normal,,1025,1281,1,2bd0aa6a638eedbe75e1f7db5be30b4ab9c4ea445419ea567d132884e4356076,,
1.0,G02-260203-084819-565,G02-260203-084819-565.bmp,G02,2026-02-03T08:48:19,2026-02-03,G02_2026-02-03,565,val,normal,,1025,1281,1,0d8b4230e99d1eb6527fc1ebe46d810a3d1d5866e25323893336f99b58f0b613,,
1.0,G02-260203-084838-566,G02-260203-084838-566.bmp,G02,2026-02-03T08:48:38,2026-02-03,G02_2026-02-03,566,val,normal,,1025,1281,1,0a734de818b2ef87a43871260bfa986161c0e2d296d86a115a29224455c77798,,
1.0,G02-260203-084849-567,G02-260203-084849-567.bmp,G02,2026-02-03T08:48:49,2026-02-03,G02_2026-02-03,567,val,normal,,1025,1281,1,4ff217daa972976fe8c32046938dcb641e7598fb115f8ba9b22f818d90c14459,,
1.0,G02-260203-084906-568,G02-260203-084906-568.bmp,G02,2026-02-03T08:49:06,2026-02-03,G02_2026-02-03,568,val,normal,,1025,1281,1,ba5ffd22ef61016defe1d49e32bd2abab3e76ddc86e47b9b12af7e3fc8fff40e,,
1.0,G02-260203-084920-569,G02-260203-084920-569.bmp,G02,2026-02-03T08:49:20,2026-02-03,G02_2026-02-03,569,val,normal,,1025,1281,1,89369c420ab34956710e0898e918ac5ecc50683695adf3aaa7e90cf2de0ef066,,
1.0,G02-260203-084937-570,G02-260203-084937-570.bmp,G02,2026-02-03T08:49:37,2026-02-03,G02_2026-02-03,570,val,normal,,1025,1281,1,4952655922b5b78e2fc835e4b975e468f27c10c4b3be681803f12e680ac9611a,,
1.0,G02-260203-084950-571,G02-260203-084950-571.bmp,G02,2026-02-03T08:49:50,2026-02-03,G02_2026-02-03,571,val,normal,,1025,1281,1,5e3c61afa03639f10cfdfbb63b7d3e73b9d94e3b64be94038ba71e47509608da,,
1.0,G02-260203-085007-572,G02-260203-085007-572.bmp,G02,2026-02-03T08:50:07,2026-02-03,G02_2026-02-03,572,val,normal,,1025,1281,1,ef9c0b97ff72a609218484fca234d193773e515594ac7366e53403071e75f7bc,,
1.0,G02-260203-085018-573,G02-260203-085018-573.bmp,G02,2026-02-03T08:50:18,2026-02-03,G02_2026-02-03,573,val,normal,,1025,1281,1,c6f376a467f31fe179b46e803c421a3423f3c7ca10fdfaf8d401b7c927204392,,
1.0,G02-260203-085038-574,G02-260203-085038-574.bmp,G02,2026-02-03T08:50:38,2026-02-03,G02_2026-02-03,574,val,normal,,1025,1281,1,f0966314d8230cf819c2754083fdd56f8c1878824fb84827ec6467dd442062b4,,
1.0,G02-260203-085050-575,G02-260203-085050-575.bmp,G02,2026-02-03T08:50:50,2026-02-03,G02_2026-02-03,575,val,normal,,1025,1281,1,6cedb9e169811d86d7d2f9d642ed110ee1c10ea7324777a0c0ff1ee3fb3ccbd7,,
1.0,G02-260203-085108-576,G02-260203-085108-576.bmp,G02,2026-02-03T08:51:08,2026-02-03,G02_2026-02-03,576,val,normal,,1025,1281,1,5466f95153f85ec570d04ac301c7c89f146e91c8bd221db49dc2d8cf3cb15d35,,
1.0,G02-260203-085115-577,G02-260203-085115-577.bmp,G02,2026-02-03T08:51:15,2026-02-03,G02_2026-02-03,577,val,normal,,1025,1281,1,f7552bbc99a4584c19f0f8d4daed14ec6b87c9550a721d3a1da62db323430254,,
1.0,G02-260203-085138-578,G02-260203-085138-578.bmp,G02,2026-02-03T08:51:38,2026-02-03,G02_2026-02-03,578,val,normal,,1025,1281,1,e9e3e15eda801956405c1a4934e7ee81ef0525e9e71a92d58ef685159c90df8a,,
1.0,G02-260203-085147-579,G02-260203-085147-579.bmp,G02,2026-02-03T08:51:47,2026-02-03,G02_2026-02-03,579,val,normal,,1025,1281,1,7c5dded9b803d8f661c89aa92d79a5d1dd9eef4804099de0ade4f31fbabe236e,,
1.0,G02-260203-085208-580,G02-260203-085208-580.bmp,G02,2026-02-03T08:52:08,2026-02-03,G02_2026-02-03,580,val,normal,,1025,1281,1,09ed173ba39e372a62352dd9bcfe93b1da51e16d6e4381a7596225e571a12f6c,,
1.0,G02-260203-085220-581,G02-260203-085220-581.bmp,G02,2026-02-03T08:52:20,2026-02-03,G02_2026-02-03,581,val,normal,,1025,1281,1,b12e4a1fd5a383effa04b21cbd5b82ce678c440c336ff77dad60850a3ada4ecb,,
1.0,G02-260203-085239-582,G02-260203-085239-582.bmp,G02,2026-02-03T08:52:39,2026-02-03,G02_2026-02-03,582,val,normal,,1025,1281,1,102e2b22c751f4169db06a0041bb7f2053fe7b83664552316309c1837003af7f,,
1.0,G02-260203-085252-583,G02-260203-085252-583.bmp,G02,2026-02-03T08:52:52,2026-02-03,G02_2026-02-03,583,val,normal,,1025,1281,1,e3b123b8109881e87701be128fd427455162bf9999beaf52f78e1ea4d65d75d1,,
1.0,G02-260203-085310-584,G02-260203-085310-584.bmp,G02,2026-02-03T08:53:10,2026-02-03,G02_2026-02-03,584,val,normal,,1025,1281,1,fb120f44b66e07ef39cf26ef6b2c91b84174ac15b56085103feb574e1821aaba,,
1.0,G02-260203-085325-585,G02-260203-085325-585.bmp,G02,2026-02-03T08:53:25,2026-02-03,G02_2026-02-03,585,val,normal,,1025,1281,1,363e622a276bf0d5d9d625fe9bec0b6c3e809e8a9cd57026bcfbf41691d0f8e9,,
1.0,G02-260203-085338-586,G02-260203-085338-586.bmp,G02,2026-02-03T08:53:38,2026-02-03,G02_2026-02-03,586,val,normal,,1025,1281,1,9fc11fe72da4ddbccbf7d10afca756247f5d9400d9cff367d4ab0c6d48722f85,,
1.0,G02-260203-085352-587,G02-260203-085352-587.bmp,G02,2026-02-03T08:53:52,2026-02-03,G02_2026-02-03,587,val,normal,,1025,1281,1,bef20764ccfced2320674c6488ae1efefc1b5a8bc2b359fc790ab44d3e7f8ba8,,
1.0,G02-260203-085411-588,G02-260203-085411-588.bmp,G02,2026-02-03T08:54:11,2026-02-03,G02_2026-02-03,588,val,normal,,1025,1281,1,ab2618ecc44e5744516f36f3df55897b4fbfd452942517cf7382ed8d138c665f,,
1.0,G02-260203-085421-589,G02-260203-085421-589.bmp,G02,2026-02-03T08:54:21,2026-02-03,G02_2026-02-03,589,val,normal,,1025,1281,1,0d8eafb6d8e4c86ec2232a54e75ca4856252b96e6ae8c88c208b78c55c7860a9,,
1.0,G02-260203-085440-590,G02-260203-085440-590.bmp,G02,2026-02-03T08:54:40,2026-02-03,G02_2026-02-03,590,val,normal,,1025,1281,1,091fea4b8671ef3e10da1ffd6356263758d068bfbded87afef3713beb307047f,,
1.0,G02-260203-085454-591,G02-260203-085454-591.bmp,G02,2026-02-03T08:54:54,2026-02-03,G02_2026-02-03,591,val,normal,,1025,1281,1,0a882fd84957d2cbf54c5889d5a64ba4864f49441118ae8e6e61f27cc082f9ab,,
1.0,G02-260203-085510-592,G02-260203-085510-592.bmp,G02,2026-02-03T08:55:10,2026-02-03,G02_2026-02-03,592,val,normal,,1025,1281,1,81f72cfaad736674a6eac25bffb2427f40cb93f99b14291eb48dcc41596d2136,,
1.0,G02-260203-085525-593,G02-260203-085525-593.bmp,G02,2026-02-03T08:55:25,2026-02-03,G02_2026-02-03,593,val,normal,,1025,1281,1,2162c9e6966c640f2ff5cde0bf30a981e8c873927d831dc72e81faaa42ca3330,,
1.0,G02-260203-085541-594,G02-260203-085541-594.bmp,G02,2026-02-03T08:55:41,2026-02-03,G02_2026-02-03,594,val,normal,,1025,1281,1,fa6e76f05e34961d61a305944d960d4fadccffb8e216ffefca38434ebaf09508,,
1.0,G02-260203-085549-595,G02-260203-085549-595.bmp,G02,2026-02-03T08:55:49,2026-02-03,G02_2026-02-03,595,val,normal,,1025,1281,1,cb18d148a0d3d70c6c4321958f859b4e8a4c3b53f0a7b733a3012f847c46e1e8,,
1.0,G02-260203-085610-596,G02-260203-085610-596.bmp,G02,2026-02-03T08:56:10,2026-02-03,G02_2026-02-03,596,val,normal,,1025,1281,1,df83ec021c4db0c78b90de933b08594ad793e94c1ad54d7a904af062538d4b30,,
1.0,G02-260203-085623-597,G02-260203-085623-597.bmp,G02,2026-02-03T08:56:23,2026-02-03,G02_2026-02-03,597,val,normal,,1025,1281,1,bc346e64e9bff800608692402317976e971f0f1cfc64b79e4a3db45099f2f43f,,
1.0,G02-260203-085641-598,G02-260203-085641-598.bmp,G02,2026-02-03T08:56:41,2026-02-03,G02_2026-02-03,598,val,normal,,1025,1281,1,734fe94357e5e360d24d29c0de927d1d725ca6ede911a738518beef8d7493896,,
1.0,G02-260203-085655-599,G02-260203-085655-599.bmp,G02,2026-02-03T08:56:55,2026-02-03,G02_2026-02-03,599,val,normal,,1025,1281,1,ef546b2a7bdd79214eb77f58be564311993189ed1978b26cac894d7060b147c8,,
1.0,G02-260203-085714-600,G02-260203-085714-600.bmp,G02,2026-02-03T08:57:14,2026-02-03,G02_2026-02-03,600,val,normal,,1025,1281,1,81c6f230559b32abf1d49718a85b5c53f321bfc62bdf64c13a91767c49e58543,,
1.0,G02-260203-085727-601,G02-260203-085727-601.bmp,G02,2026-02-03T08:57:27,2026-02-03,G02_2026-02-03,601,val,normal,,1025,1281,1,9415804aaabe9c141d4d9cbeb50a7d128414c98ba1c18965138b607d35904372,,
1.0,G02-260203-085742-602,G02-260203-085742-602.bmp,G02,2026-02-03T08:57:42,2026-02-03,G02_2026-02-03,602,val,normal,,1025,1281,1,75fbd36ed3d752d76bf3759c695918da8d29f63020af86a783e683fafb785eb4,,
1.0,G02-260203-085758-603,G02-260203-085758-603.bmp,G02,2026-02-03T08:57:58,2026-02-03,G02_2026-02-03,603,val,normal,,1025,1281,1,69a0d91e9ede969e75560cab134b7706b5a174395b0635a9cc8a32d672889fe1,,
1.0,G02-260203-085813-604,G02-260203-085813-604.bmp,G02,2026-02-03T08:58:13,2026-02-03,G02_2026-02-03,604,val,normal,,1025,1281,1,c17df41d2fce0ebd05237411115acdfcde5c60804e9410e73fe8b8206afe8bcf,,
1.0,G02-260203-085824-605,G02-260203-085824-605.bmp,G02,2026-02-03T08:58:24,2026-02-03,G02_2026-02-03,605,val,normal,,1025,1281,1,1af91283298fa0c6a609435ce29f8101986ba926ae5d599e12ff70503c1d25de,,
1.0,G02-260203-085842-606,G02-260203-085842-606.bmp,G02,2026-02-03T08:58:42,2026-02-03,G02_2026-02-03,606,val,normal,,1025,1281,1,41c618d67b01ecfced4eedf6683a85884686d6cf50c1677d39062a1816ec3e61,,
1.0,G02-260203-085856-607,G02-260203-085856-607.bmp,G02,2026-02-03T08:58:56,2026-02-03,G02_2026-02-03,607,val,normal,,1025,1281,1,a03d2e6f8b144f5853748958b622ee10610fb00985f3a582e14d712a5e10e1b4,,
1.0,G02-260203-085918-608,G02-260203-085918-608.bmp,G02,2026-02-03T08:59:18,2026-02-03,G02_2026-02-03,608,val,normal,,1025,1281,1,626d584b43a77fd5be4ac8c0559f3c174642de6c83fdcbf72f0543168d21b330,,
1.0,G02-260203-085929-609,G02-260203-085929-609.bmp,G02,2026-02-03T08:59:29,2026-02-03,G02_2026-02-03,609,val,normal,,1025,1281,1,509f8e02ed4767777d48898a174b7bafdf33f355f80126046867d87cb155af10,,
1.0,G02-260203-085940-610,G02-260203-085940-610.bmp,G02,2026-02-03T08:59:40,2026-02-03,G02_2026-02-03,610,val,normal,,1025,1281,1,fcdb08056c02e0121c94e48bf70859068d2bb7ed99a186a7f68626ae12250eb5,,
1.0,G02-260203-085949-611,G02-260203-085949-611.bmp,G02,2026-02-03T08:59:49,2026-02-03,G02_2026-02-03,611,val,normal,,1025,1281,1,d3de9b5e9c50097d1db2a19ea8fb821f7cace9f5882e909c433fa16f4c74e4b4,,
1.0,G02-260203-085959-612,G02-260203-085959-612.bmp,G02,2026-02-03T08:59:59,2026-02-03,G02_2026-02-03,612,val,normal,,1025,1281,1,c1e75e566325bad823acf54136b456b6b5b1c9cb64e251fb7ce31f91bf5e84df,,
1.0,G02-260203-090010-613,G02-260203-090010-613.bmp,G02,2026-02-03T09:00:10,2026-02-03,G02_2026-02-03,613,val,normal,,1025,1281,1,c395e85d8021f169bcba714fc58e2f54c60e580fe7cf291e46b05418e5e21b27,,
1.0,G02-260203-090023-614,G02-260203-090023-614.bmp,G02,2026-02-03T09:00:23,2026-02-03,G02_2026-02-03,614,val,normal,,1025,1281,1,d8606ec017c33e20e407bd6b67ef6691eb6785934fd171bd4e6dee3896731a6b,,
1.0,G02-260203-090110-615,G02-260203-090110-615.bmp,G02,2026-02-03T09:01:10,2026-02-03,G02_2026-02-03,615,val,normal,,1025,1281,1,b1dab73272d4b7a480ecdff96ec19a1dce807ee018a6e2828216c0bf607d4bf9,,
1.0,G02-260203-090140-616,G02-260203-090140-616.bmp,G02,2026-02-03T09:01:40,2026-02-03,G02_2026-02-03,616,val,normal,,1025,1281,1,819a56aefb6605f8e6f4934793fbdb7bde013d481ccb918e915cb8d32ad1b29a,,
1.0,G02-260203-090150-617,G02-260203-090150-617.bmp,G02,2026-02-03T09:01:50,2026-02-03,G02_2026-02-03,617,val,normal,,1025,1281,1,c65e4360cef28c559c8301b8a7c8edaf70f5501f5a006c7e2db4775e98a57c98,,
1.0,G02-260203-090201-618,G02-260203-090201-618.bmp,G02,2026-02-03T09:02:01,2026-02-03,G02_2026-02-03,618,val,normal,,1025,1281,1,6127e32a57906cde11cfd487aedf47da5548399632406852c39b6519532df3b6,,
1.0,G02-260203-090218-619,G02-260203-090218-619.bmp,G02,2026-02-03T09:02:18,2026-02-03,G02_2026-02-03,619,val,normal,,1025,1281,1,adf21eefc0a56c6fda3432f9f140a9d28432d08a5349ed14fe1aa4e6eb21a96b,,
1.0,G02-260203-090232-620,G02-260203-090232-620.bmp,G02,2026-02-03T09:02:32,2026-02-03,G02_2026-02-03,620,val,normal,,1025,1281,1,a83aa4f9ef397b43db8cce95f3dc7b813da9578898f9df6213290536c5e3b0a1,,
1.0,G02-260203-090246-621,G02-260203-090246-621.bmp,G02,2026-02-03T09:02:46,2026-02-03,G02_2026-02-03,621,val,normal,,1025,1281,1,269cb91093842265e2d8972c5cd15d017a9367ba8d1d4452a873b465bf15a9f4,,
1.0,G02-260203-090258-622,G02-260203-090258-622.bmp,G02,2026-02-03T09:02:58,2026-02-03,G02_2026-02-03,622,val,normal,,1025,1281,1,400805f6c850f84893cd42ba90f80b8a594d25e3443f00e20963eb80cd1970fe,,
1.0,G02-260203-090308-623,G02-260203-090308-623.bmp,G02,2026-02-03T09:03:08,2026-02-03,G02_2026-02-03,623,val,normal,,1025,1281,1,bb05def768c55b4ed053ea2f38dee3788ac713b01a94351f16fc74aea6651011,,
1.0,G02-260203-090316-624,G02-260203-090316-624.bmp,G02,2026-02-03T09:03:16,2026-02-03,G02_2026-02-03,624,val,normal,,1025,1281,1,052fa37ccd4362d5af762157762fa02c93456eab71ccd0b05dde3e11d1e188e3,,
1.0,G02-260203-090346-625,G02-260203-090346-625.bmp,G02,2026-02-03T09:03:46,2026-02-03,G02_2026-02-03,625,val,normal,,1025,1281,1,5ce53296e886dd54f5e8016712586f72eaa3a515ec7ad17575e00fb0eac26184,,
1.0,G02-260203-090355-626,G02-260203-090355-626.bmp,G02,2026-02-03T09:03:55,2026-02-03,G02_2026-02-03,626,val,normal,,1025,1281,1,59d7a725807378de3ae8910faa40cb4f0755fedd36f4b2a34d24d172c141788a,,
1.0,G02-260203-090458-627,G02-260203-090458-627.bmp,G02,2026-02-03T09:04:58,2026-02-03,G02_2026-02-03,627,val,normal,,1025,1281,1,36b243870c8ab232e0091a50490652faf5f75a697d5c64d983f424280811b31b,,
1.0,G02-260203-090459-628,G02-260203-090459-628.bmp,G02,2026-02-03T09:04:59,2026-02-03,G02_2026-02-03,628,val,normal,,1025,1281,1,3336a091fd4581bd7dfc7d5491c4d63a5e0c505394cea2a80132686f8b89d07d,,
1.0,G02-260203-090506-629,G02-260203-090506-629.bmp,G02,2026-02-03T09:05:06,2026-02-03,G02_2026-02-03,629,val,normal,,1025,1281,1,13c8cefd7512a60ff617b1b25736ae115947f5c8141b3cc9c03c64a32317d3cd,,
1.0,G02-260203-090512-630,G02-260203-090512-630.bmp,G02,2026-02-03T09:05:12,2026-02-03,G02_2026-02-03,630,val,normal,,1025,1281,1,334dc39308e75a5346699813b99f3662fad712c143dbbd3bf56aee156c9a0588,,
1.0,G02-260203-090522-631,G02-260203-090522-631.bmp,G02,2026-02-03T09:05:22,2026-02-03,G02_2026-02-03,631,val,normal,,1025,1281,1,78741bf20f1bc03d6300368e606e3d1ad66df55b3329bc2fa5bd1e4ed51b48d0,,
1.0,G02-260203-090540-632,G02-260203-090540-632.bmp,G02,2026-02-03T09:05:40,2026-02-03,G02_2026-02-03,632,val,normal,,1025,1281,1,db271ce22438b5b5960db2234f21895248b2342dc9863341847c35275538c6f6,,
1.0,G02-260203-090622-633,G02-260203-090622-633.bmp,G02,2026-02-03T09:06:22,2026-02-03,G02_2026-02-03,633,val,normal,,1025,1281,1,944ee6f149fdcc84adb680d3c2c866c9ad14c448f8d3dbdb285110d862aa52ce,,
1.0,G02-260203-090634-634,G02-260203-090634-634.bmp,G02,2026-02-03T09:06:34,2026-02-03,G02_2026-02-03,634,val,normal,,1025,1281,1,8962a050e0c37c02499586a2018b60ee7fcd10b4d59382740aa739d43e06f0d4,,
1.0,G02-260203-090643-635,G02-260203-090643-635.bmp,G02,2026-02-03T09:06:43,2026-02-03,G02_2026-02-03,635,val,normal,,1025,1281,1,e40ca53cbf22bc155f0698beb4a1fe1ecd0a867111fe948bcffd5928acfe5733,,
1.0,G02-260203-090653-636,G02-260203-090653-636.bmp,G02,2026-02-03T09:06:53,2026-02-03,G02_2026-02-03,636,val,normal,,1025,1281,1,46ed2473f603f148e7f8ed31beb08f6d00719b4c5e4404da8affe6a2c8c71cbc,,
1.0,G02-260203-090707-637,G02-260203-090707-637.bmp,G02,2026-02-03T09:07:07,2026-02-03,G02_2026-02-03,637,val,normal,,1025,1281,1,fce3c20b2c064d59aaac9b2e02317b0f84a0002c4233359dd586c7e897eebb37,,
1.0,G02-260203-090719-638,G02-260203-090719-638.bmp,G02,2026-02-03T09:07:19,2026-02-03,G02_2026-02-03,638,val,normal,,1025,1281,1,00f4fcf32034872f32ae423cc7fa8baf097f7eb2dcabfaf70812ada2852ae8be,,
1.0,G02-260203-090731-639,G02-260203-090731-639.bmp,G02,2026-02-03T09:07:31,2026-02-03,G02_2026-02-03,639,val,normal,,1025,1281,1,5dd433056df29dfbb5f3795e1cc0f0310438670fe4719e25d116956d2c6e28e5,,
1.0,G02-260203-090756-640,G02-260203-090756-640.bmp,G02,2026-02-03T09:07:56,2026-02-03,G02_2026-02-03,640,val,normal,,1025,1281,1,a70d9080bef09daa4fc2f9b7133cbdeb3dbb3e42dc27caa9db0fe87a784590f9,,
1.0,G02-260203-090805-641,G02-260203-090805-641.bmp,G02,2026-02-03T09:08:05,2026-02-03,G02_2026-02-03,641,val,normal,,1025,1281,1,a96d0c94ecf644f973aef1e6193a3ac4bebd95ab71bfdfd18373e6465147b2d7,,
1.0,G02-260203-090812-642,G02-260203-090812-642.bmp,G02,2026-02-03T09:08:12,2026-02-03,G02_2026-02-03,642,val,normal,,1025,1281,1,e81d27008bccd8046207189ecf86adda3902079e7538945755f1aa7ac03bb03b,,
1.0,G02-260203-090832-643,G02-260203-090832-643.bmp,G02,2026-02-03T09:08:32,2026-02-03,G02_2026-02-03,643,val,normal,,1025,1281,1,920745554afba6e815dc2379148f8a04a41b97c40a1b52d7d77c7b914e26e67d,,
1.0,G02-260203-090849-644,G02-260203-090849-644.bmp,G02,2026-02-03T09:08:49,2026-02-03,G02_2026-02-03,644,val,normal,,1025,1281,1,e014eb3aa91f831d305007d9fd1e798bfb931191c256c3fdafc149ad27d3806b,,
1.0,G02-260203-090902-645,G02-260203-090902-645.bmp,G02,2026-02-03T09:09:02,2026-02-03,G02_2026-02-03,645,val,normal,,1025,1281,1,a2e5bdd0d4fa1f93cfc3e7501c59d10258bdb64d9f70a4f8843605b5ba857372,,
1.0,G02-260203-090918-646,G02-260203-090918-646.bmp,G02,2026-02-03T09:09:18,2026-02-03,G02_2026-02-03,646,val,normal,,1025,1281,1,4836a53a5b9d1e0bc2c9ddc8a4862f28ab38693b817491e81b6458bfa8f5d259,,
1.0,G02-260203-090928-647,G02-260203-090928-647.bmp,G02,2026-02-03T09:09:28,2026-02-03,G02_2026-02-03,647,val,normal,,1025,1281,1,092320a73d4b72cd7c3b06b976e544f0300b425a3c68c812fd0fb8151889efed,,
1.0,G02-260203-090950-648,G02-260203-090950-648.bmp,G02,2026-02-03T09:09:50,2026-02-03,G02_2026-02-03,648,val,normal,,1025,1281,1,b055f8058e7fe91dbbacb3cdf6e7302a39e67c5a5dbbca936b074e94b21fad5c,,
1.0,G02-260203-090959-649,G02-260203-090959-649.bmp,G02,2026-02-03T09:09:59,2026-02-03,G02_2026-02-03,649,val,normal,,1025,1281,1,e74279a8b06484971df949bf93cd5198e5687702f92c4a150b2568ce013ff91a,,
1.0,G02-260203-091021-650,G02-260203-091021-650.bmp,G02,2026-02-03T09:10:21,2026-02-03,G02_2026-02-03,650,val,normal,,1025,1281,1,cd61f26e3506b43765fa25ebc2bf20b65eae8b6234d1bc339ecbb1393884c27c,,
1.0,G02-260203-091032-651,G02-260203-091032-651.bmp,G02,2026-02-03T09:10:32,2026-02-03,G02_2026-02-03,651,val,normal,,1025,1281,1,a237a3bee036cb2949c61c7f89b8825c865293084bc0d9d07cadf21f0e427d71,,
1.0,G02-260203-091050-652,G02-260203-091050-652.bmp,G02,2026-02-03T09:10:50,2026-02-03,G02_2026-02-03,652,val,normal,,1025,1281,1,5a1f9bea76a62f1c9c697fa0f0404f27e75629dd12e98b41ff18989f5ad9a9f8,,
1.0,G02-260203-091105-653,G02-260203-091105-653.bmp,G02,2026-02-03T09:11:05,2026-02-03,G02_2026-02-03,653,val,normal,,1025,1281,1,2f95e81cea6291d8bd910b4755680613e3e4e5bb50b95d43d0162689e1471382,,
1.0,G02-260203-091121-654,G02-260203-091121-654.bmp,G02,2026-02-03T09:11:21,2026-02-03,G02_2026-02-03,654,val,normal,,1025,1281,1,0e93e16e562512cb8f7c299c5d373e69cbcba70583e326939a2950c196b2fcef,,
1.0,G02-260203-091130-655,G02-260203-091130-655.bmp,G02,2026-02-03T09:11:30,2026-02-03,G02_2026-02-03,655,val,normal,,1025,1281,1,5d310db6c56c5d6c2f763e4b330ede90975e3e651fbeac1fec3d7c1642639d94,,
1.0,G02-260203-091152-656,G02-260203-091152-656.bmp,G02,2026-02-03T09:11:52,2026-02-03,G02_2026-02-03,656,val,normal,,1025,1281,1,3d8cd034283d2aa5c845167932268d83cb4d4da70c9488fbabec1a1cdba1cc4a,,
1.0,G02-260203-091201-657,G02-260203-091201-657.bmp,G02,2026-02-03T09:12:01,2026-02-03,G02_2026-02-03,657,val,normal,,1025,1281,1,3fd18374f9fce9142e8341a901becca29fec2b336e0f16bd6af163991eb3ab8b,,
1.0,G02-260203-091221-658,G02-260203-091221-658.bmp,G02,2026-02-03T09:12:21,2026-02-03,G02_2026-02-03,658,val,normal,,1025,1281,1,10e0ea9983265cd69c9e9a622de3cc7cd047746a0588809de1921d4e5ab6be1e,,
1.0,G02-260203-091234-659,G02-260203-091234-659.bmp,G02,2026-02-03T09:12:34,2026-02-03,G02_2026-02-03,659,val,normal,,1025,1281,1,224c74746820b350356b29e5e1a3f357ce8c4b82b21a86459c436f6a989aec9d,,
1.0,G02-260203-091250-660,G02-260203-091250-660.bmp,G02,2026-02-03T09:12:50,2026-02-03,G02_2026-02-03,660,val,normal,,1025,1281,1,8563ab7643c9cd45c1ab1f959055c691a638fc73628f0a13ffe26a8093540700,,
1.0,G02-260203-091303-661,G02-260203-091303-661.bmp,G02,2026-02-03T09:13:03,2026-02-03,G02_2026-02-03,661,val,normal,,1025,1281,1,e90a07fb1fd28127bca6f697d7a156eb74859e72cbda40e6e33f120f91c645f2,,
1.0,G02-260203-091321-662,G02-260203-091321-662.bmp,G02,2026-02-03T09:13:21,2026-02-03,G02_2026-02-03,662,val,normal,,1025,1281,1,afd64425a0f2ca33c6ef8f8e3cf7699feafea394f760de6a2cc5a25d6b96d184,,
1.0,G02-260203-091335-663,G02-260203-091335-663.bmp,G02,2026-02-03T09:13:35,2026-02-03,G02_2026-02-03,663,val,normal,,1025,1281,1,8ea3765d69c20d993e04dfb4a55af8a76ae80216244296d23c176d5d15765aaf,,
1.0,G02-260203-091351-664,G02-260203-091351-664.bmp,G02,2026-02-03T09:13:51,2026-02-03,G02_2026-02-03,664,val,normal,,1025,1281,1,8232935ab4fece8a3d03dfce89f3656a223b6548d8e54833e6ac82cf64c09bd3,,
1.0,G02-260203-091403-665,G02-260203-091403-665.bmp,G02,2026-02-03T09:14:03,2026-02-03,G02_2026-02-03,665,val,normal,,1025,1281,1,37b20b7048ac4b350a2cb4cf1db0b65346055f09a2f972778772666f2b45019f,,
1.0,G02-260203-091421-666,G02-260203-091421-666.bmp,G02,2026-02-03T09:14:21,2026-02-03,G02_2026-02-03,666,val,normal,,1025,1281,1,6dc1d4479c01aa6401659fa2d2a54167dbe30ad908f17e668ebfcfb4ec94c7f2,,
1.0,G02-260203-091435-667,G02-260203-091435-667.bmp,G02,2026-02-03T09:14:35,2026-02-03,G02_2026-02-03,667,val,normal,,1025,1281,1,e83edb9c1de6b420a8c991e1dc867f24ae1740e74fce617575dcf32b40fbf716,,
1.0,G02-260203-091452-668,G02-260203-091452-668.bmp,G02,2026-02-03T09:14:52,2026-02-03,G02_2026-02-03,668,val,normal,,1025,1281,1,5c98b9354bdd0282f863a1c9d69eba3ff4670d4a54f05c2ccecdc82f1ab96d73,,
1.0,G02-260203-091500-669,G02-260203-091500-669.bmp,G02,2026-02-03T09:15:00,2026-02-03,G02_2026-02-03,669,val,normal,,1025,1281,1,fdd50f47151b6131eba17a6c0d2eb3c5be02b2b059b66cddb0f613637dc1b231,,
1.0,G02-260203-091522-670,G02-260203-091522-670.bmp,G02,2026-02-03T09:15:22,2026-02-03,G02_2026-02-03,670,val,normal,,1025,1281,1,e99199b8819c20bf00aabbd526c60ebc0759b048bf4ec5f688f54c9d0bcebb42,,
1.0,G02-260203-091531-671,G02-260203-091531-671.bmp,G02,2026-02-03T09:15:31,2026-02-03,G02_2026-02-03,671,val,normal,,1025,1281,1,c58d44fcfea66edd209e460d8e54f8bd539f79bbc97eec8e0028ad1e4ab4eeb5,,
1.0,G02-260203-091554-672,G02-260203-091554-672.bmp,G02,2026-02-03T09:15:54,2026-02-03,G02_2026-02-03,672,val,normal,,1025,1281,1,199340055c38a99cf08e3782712e2294bec94f63c93574729fbecb85322c5ae4,,
1.0,G02-260203-091605-673,G02-260203-091605-673.bmp,G02,2026-02-03T09:16:05,2026-02-03,G02_2026-02-03,673,val,normal,,1025,1281,1,d034bbf885fd210db3ecae5d8339e35bc055d2c36443e988ef4ee5093a6d32f2,,
1.0,G02-260203-091625-674,G02-260203-091625-674.bmp,G02,2026-02-03T09:16:25,2026-02-03,G02_2026-02-03,674,val,normal,,1025,1281,1,bd66ccde2b9d2c94c512a5cd00ef4ea978bd5fe80f0de940609a053b908d1f5a,,
1.0,G02-260203-091635-675,G02-260203-091635-675.bmp,G02,2026-02-03T09:16:35,2026-02-03,G02_2026-02-03,675,val,normal,,1025,1281,1,0cdd5c484bbc5439a66e2b55d5301621fdecb419411ffccc1efeed070ff555aa,,
1.0,G02-260203-091653-676,G02-260203-091653-676.bmp,G02,2026-02-03T09:16:53,2026-02-03,G02_2026-02-03,676,val,normal,,1025,1281,1,61eef805ceceb058fd4a1e7b16f25ec0e496af045c10f193bf5aeb015c90070a,,
1.0,G02-260203-091709-677,G02-260203-091709-677.bmp,G02,2026-02-03T09:17:09,2026-02-03,G02_2026-02-03,677,val,normal,,1025,1281,1,f73cb4b679eaac5f615b75f7f2cadfb06dc2303c102152a6bf33a6a447514843,,
1.0,G02-260203-091726-678,G02-260203-091726-678.bmp,G02,2026-02-03T09:17:26,2026-02-03,G02_2026-02-03,678,val,normal,,1025,1281,1,f87951723f826e1be90d5f3e9e9fef9bfce582c40d84d751e62e44c3a24a65f2,,
1.0,G02-260203-091738-679,G02-260203-091738-679.bmp,G02,2026-02-03T09:17:38,2026-02-03,G02_2026-02-03,679,val,normal,,1025,1281,1,46279b7c32963dbd723356a4210574f080bb4da6a7ec76bb9ec9d44ab2c528ba,,
1.0,G02-260203-091754-680,G02-260203-091754-680.bmp,G02,2026-02-03T09:17:54,2026-02-03,G02_2026-02-03,680,val,normal,,1025,1281,1,a3ed7748e40fdf8e3b36ac891dfc07eb3885ac632b02464a17f4dd9e85dad7bb,,
1.0,G02-260203-091804-681,G02-260203-091804-681.bmp,G02,2026-02-03T09:18:04,2026-02-03,G02_2026-02-03,681,val,normal,,1025,1281,1,1f15ede78c0ec332219eb6210caf3388cdb290aec15d900754e3fe12676e7c09,,
1.0,G02-260203-091823-682,G02-260203-091823-682.bmp,G02,2026-02-03T09:18:23,2026-02-03,G02_2026-02-03,682,val,normal,,1025,1281,1,0b88c2fbb6123fcf26bf27f8ce5d97e893f4aca3639b7bf232d3fe3ba9f664c6,,
1.0,G02-260203-091833-683,G02-260203-091833-683.bmp,G02,2026-02-03T09:18:33,2026-02-03,G02_2026-02-03,683,val,normal,,1025,1281,1,c95778c932fcb7762737ce44f0ca3065cc81a4132de565281689fc02add86792,,
1.0,G02-260203-091854-684,G02-260203-091854-684.bmp,G02,2026-02-03T09:18:54,2026-02-03,G02_2026-02-03,684,val,normal,,1025,1281,1,778ebc11c6ea5aa42c395925b3485bc6dec12f535856023fa4301a3d1918424d,,
1.0,G02-260203-091906-685,G02-260203-091906-685.bmp,G02,2026-02-03T09:19:06,2026-02-03,G02_2026-02-03,685,val,normal,,1025,1281,1,f3ac0ff07ba50a5cec94b50cd8938d2a0742da5f392a0168c3553ae0bd0e704a,,
1.0,G02-260203-091926-686,G02-260203-091926-686.bmp,G02,2026-02-03T09:19:26,2026-02-03,G02_2026-02-03,686,val,normal,,1025,1281,1,1c95da4c610ddb524ae39fecbe6679a0e369c88cd6ce61ff8ab8bba4852ba3da,,
1.0,G02-260203-091937-687,G02-260203-091937-687.bmp,G02,2026-02-03T09:19:37,2026-02-03,G02_2026-02-03,687,val,normal,,1025,1281,1,7adfbedc8d9d0f5a768c4b55bab33440b127c7230ba5e4da6e0e38e3d7db2951,,
1.0,G02-260203-091955-688,G02-260203-091955-688.bmp,G02,2026-02-03T09:19:55,2026-02-03,G02_2026-02-03,688,val,normal,,1025,1281,1,adc8b87cc31752491a24381f46e2ea0ee212b4d4b5a90b2b1a36c79458d9392c,,
1.0,G02-260203-092007-689,G02-260203-092007-689.bmp,G02,2026-02-03T09:20:07,2026-02-03,G02_2026-02-03,689,val,normal,,1025,1281,1,b5679b3323a3a444dcff44432eed73170f2a0e4a8a4684ece0d0bcf6a8a9c3c2,,
1.0,G02-260203-092026-690,G02-260203-092026-690.bmp,G02,2026-02-03T09:20:26,2026-02-03,G02_2026-02-03,690,val,normal,,1025,1281,1,e00a311a84b661e1b89abd67e6f53af989aee37b6f6b98fd1c2367138c8506ec,,
1.0,G02-260203-092039-691,G02-260203-092039-691.bmp,G02,2026-02-03T09:20:39,2026-02-03,G02_2026-02-03,691,val,normal,,1025,1281,1,23070a5c217d8b05cf038321144b0a8730fc7a0396836d7262e8041ec07a6823,,
1.0,G02-260203-092057-692,G02-260203-092057-692.bmp,G02,2026-02-03T09:20:57,2026-02-03,G02_2026-02-03,692,val,normal,,1025,1281,1,2530dac6cec0bce87a02217059092469c7cf0cb607b5e71bf0f32cac8d657abb,,
1.0,G02-260203-092104-693,G02-260203-092104-693.bmp,G02,2026-02-03T09:21:04,2026-02-03,G02_2026-02-03,693,val,normal,,1025,1281,1,3f910f5c43a1338388fdfea08a9904679f8628df16d65ded5cc5d6bb2d5c1786,,
1.0,G02-260203-092125-694,G02-260203-092125-694.bmp,G02,2026-02-03T09:21:25,2026-02-03,G02_2026-02-03,694,val,normal,,1025,1281,1,7aa618918965a0ec76cf6feca53f832b03e7c428d81fa6f1d6eba019643c40c3,,
1.0,G02-260203-092137-695,G02-260203-092137-695.bmp,G02,2026-02-03T09:21:37,2026-02-03,G02_2026-02-03,695,val,normal,,1025,1281,1,63d4bd888ac797787ae4e4504691f73766a6281c9016aee668fb254b9b8a095d,,
1.0,G02-260203-092156-696,G02-260203-092156-696.bmp,G02,2026-02-03T09:21:56,2026-02-03,G02_2026-02-03,696,val,normal,,1025,1281,1,5162158baac434f430e42b26e9b8d733725a67bee2f9b184cbe38fdfb0d7c1ad,,
1.0,G02-260203-092208-697,G02-260203-092208-697.bmp,G02,2026-02-03T09:22:08,2026-02-03,G02_2026-02-03,697,val,normal,,1025,1281,1,3d645d823412b0e3468b979a5b3e21784d77a821680388104e88c095e2fd370a,,
1.0,G02-260203-092228-698,G02-260203-092228-698.bmp,G02,2026-02-03T09:22:28,2026-02-03,G02_2026-02-03,698,val,normal,,1025,1281,1,3c9f791f1ef0eaa22d6336b4c211b78e65652d20aeeaa2dba23bc3d4da68ff20,,
1.0,G02-260203-092250-699,G02-260203-092250-699.bmp,G02,2026-02-03T09:22:50,2026-02-03,G02_2026-02-03,699,val,normal,,1025,1281,1,83686761b4c0ffcd5b57b8f51e987ad7cbf987d42a5938b2ce83205ae1151bec,,
1.0,G02-260203-092305-700,G02-260203-092305-700.bmp,G02,2026-02-03T09:23:05,2026-02-03,G02_2026-02-03,700,val,normal,,1025,1281,1,3be3eb1d12a66facada04b51fcab4943a0f3e09498bd0c62b9353707d30c28c8,,
1.0,G02-260203-092315-701,G02-260203-092315-701.bmp,G02,2026-02-03T09:23:15,2026-02-03,G02_2026-02-03,701,val,normal,,1025,1281,1,b3dd1de40ddd18aa75ec38d2d972e5f6f2fc857f6eb1b7dde98c7d0044eea6e9,,
1.0,G02-260203-092325-702,G02-260203-092325-702.bmp,G02,2026-02-03T09:23:25,2026-02-03,G02_2026-02-03,702,val,normal,,1025,1281,1,8a02ca35f1e7c0f6d8e93cdc35e354a098afa1476b8a2496fbb6627e8bbc9f2d,,
1.0,G02-260203-092333-703,G02-260203-092333-703.bmp,G02,2026-02-03T09:23:33,2026-02-03,G02_2026-02-03,703,val,normal,,1025,1281,1,c7b256993646ecf5aeb3e4b9653021ed843f81fd86dfceceb05e3b68d12758bc,,
1.0,G02-260203-092344-704,G02-260203-092344-704.bmp,G02,2026-02-03T09:23:44,2026-02-03,G02_2026-02-03,704,val,normal,,1025,1281,1,f190c0f1166dd0e9c954cb242b121213c74b76b1f62147ea4e96fc37be4cf728,,
1.0,G02-260203-092601-705,G02-260203-092601-705.bmp,G02,2026-02-03T09:26:01,2026-02-03,G02_2026-02-03,705,val,normal,,1025,1281,1,4678ddca86ec529477d26056e21106ddcc8b5b3e709c21efb09ece7f6d81bc7b,,
1.0,G02-260203-092612-706,G02-260203-092612-706.bmp,G02,2026-02-03T09:26:12,2026-02-03,G02_2026-02-03,706,val,normal,,1025,1281,1,db6bcc69f46e9169d42c59f47f8ac7e922e04090b0548051238d3952b2d5824c,,
1.0,G02-260203-092630-707,G02-260203-092630-707.bmp,G02,2026-02-03T09:26:30,2026-02-03,G02_2026-02-03,707,val,normal,,1025,1281,1,29ea81ded9fc3bed5186ba8ac40be7e55c9850111033192200eb334abc512652,,
1.0,G02-260203-092644-708,G02-260203-092644-708.bmp,G02,2026-02-03T09:26:44,2026-02-03,G02_2026-02-03,708,val,normal,,1025,1281,1,c8a3528dd60249dee2335c3eda1d1727e3b5d209968e01a1be865f4081d82113,,
1.0,G02-260203-092702-709,G02-260203-092702-709.bmp,G02,2026-02-03T09:27:02,2026-02-03,G02_2026-02-03,709,val,normal,,1025,1281,1,097761fc357c1803f5d17084e4138bd1f9ec9cf77c7267ad44bcca6573e1c720,,
1.0,G02-260203-092729-710,G02-260203-092729-710.bmp,G02,2026-02-03T09:27:29,2026-02-03,G02_2026-02-03,710,val,normal,,1025,1281,1,9204cdc13057ea4ea6b98749549dc23077bc3b51a31e0024a0370fa54e1f674f,,
1.0,G02-260203-092737-711,G02-260203-092737-711.bmp,G02,2026-02-03T09:27:37,2026-02-03,G02_2026-02-03,711,val,normal,,1025,1281,1,c19f4596ef0ddbb6c50b71fcab96df13c8a8d9a452a98918ce66fe461e493cf4,,
1.0,G02-260203-092800-712,G02-260203-092800-712.bmp,G02,2026-02-03T09:28:00,2026-02-03,G02_2026-02-03,712,val,normal,,1025,1281,1,7eec22521f4471cc002b263e3d74894fbd45377ba46470cc3300203207ce6b63,,
1.0,G02-260203-092812-713,G02-260203-092812-713.bmp,G02,2026-02-03T09:28:12,2026-02-03,G02_2026-02-03,713,val,normal,,1025,1281,1,3137c6eac68b5d317f84bc6b09976d9e236620d0eae71c1341315788e8bd3476,,
1.0,G02-260203-092830-714,G02-260203-092830-714.bmp,G02,2026-02-03T09:28:30,2026-02-03,G02_2026-02-03,714,val,normal,,1025,1281,1,31c51fd765512565051b7d5cd75788ea254b642193edcecd6060da72736dc8f9,,
1.0,G02-260203-092843-715,G02-260203-092843-715.bmp,G02,2026-02-03T09:28:43,2026-02-03,G02_2026-02-03,715,val,normal,,1025,1281,1,a436e063e8382c0530d90cc4c94c42e6a331a50846d107da18fae3b601b2de81,,
1.0,G02-260203-092901-716,G02-260203-092901-716.bmp,G02,2026-02-03T09:29:01,2026-02-03,G02_2026-02-03,716,val,normal,,1025,1281,1,73897028332249c0d57df8887f13cf91a60630033f71e4c2a8a4174480a5c90c,,
1.0,G02-260203-092914-717,G02-260203-092914-717.bmp,G02,2026-02-03T09:29:14,2026-02-03,G02_2026-02-03,717,val,normal,,1025,1281,1,3446358e94af1a10770b98ae84af672c9b437d86d07f65011e171ee036e5eb74,,
1.0,G02-260203-092939-718,G02-260203-092939-718.bmp,G02,2026-02-03T09:29:39,2026-02-03,G02_2026-02-03,718,val,normal,,1025,1281,1,9acb854426f99dcc6a3bc85396b872153d9a450ea502fcecf01317eccb69d5ba,,
1.0,G02-260203-092945-719,G02-260203-092945-719.bmp,G02,2026-02-03T09:29:45,2026-02-03,G02_2026-02-03,719,val,normal,,1025,1281,1,8706872bd9bb32196a68149c3e8b0d6b46725c6b2a538d08d3e61b36f0e51ec7,,
1.0,G02-260203-092955-720,G02-260203-092955-720.bmp,G02,2026-02-03T09:29:55,2026-02-03,G02_2026-02-03,720,val,normal,,1025,1281,1,84f9f3a7138427ae1137f8893ecf859d17cfa43ec3f3811f5fe6a2253ecfefae,,
1.0,G02-260203-093001-721,G02-260203-093001-721.bmp,G02,2026-02-03T09:30:01,2026-02-03,G02_2026-02-03,721,val,normal,,1025,1281,1,54037424cb1296886b2fb2e7c46bf693dcad1e4f2f21611761da24640dccffff,,
1.0,G02-260203-093028-722,G02-260203-093028-722.bmp,G02,2026-02-03T09:30:28,2026-02-03,G02_2026-02-03,722,val,normal,,1025,1281,1,108eee8c8d1878e076d47c268241fd5345ff37016012c00a6e96e78781637413,,
1.0,G02-260203-093101-723,G02-260203-093101-723.bmp,G02,2026-02-03T09:31:01,2026-02-03,G02_2026-02-03,723,val,normal,,1025,1281,1,a2eb89c2a305792aea287088fd3f50be4aa2b7ca7b5513efd4058e8128d642bf,,
1.0,G02-260203-093113-724,G02-260203-093113-724.bmp,G02,2026-02-03T09:31:13,2026-02-03,G02_2026-02-03,724,val,normal,,1025,1281,1,b03b11fa1b4560bad3228abbe04fda5a6fea20a28221253eae479f2bccb6024a,,
1.0,G02-260203-093132-725,G02-260203-093132-725.bmp,G02,2026-02-03T09:31:32,2026-02-03,G02_2026-02-03,725,val,normal,,1025,1281,1,c7de6ee4f643bf827eb14c38e8c0cad36d2cc5d5e27193e752d83b8307411f3c,,
1.0,G02-260203-093146-726,G02-260203-093146-726.bmp,G02,2026-02-03T09:31:46,2026-02-03,G02_2026-02-03,726,val,normal,,1025,1281,1,c11c0231a2e4ff4baa1c2abb00974b29a0e8c863a15ae158eb719e15922a304e,,
1.0,G02-260203-093202-727,G02-260203-093202-727.bmp,G02,2026-02-03T09:32:02,2026-02-03,G02_2026-02-03,727,val,normal,,1025,1281,1,6f11085568e9595d4bcc6ba53aea5e527b21e9913a3d4b98b5f1e7082a5a03ab,,
1.0,G02-260203-093215-728,G02-260203-093215-728.bmp,G02,2026-02-03T09:32:15,2026-02-03,G02_2026-02-03,728,val,normal,,1025,1281,1,5326a030a56dd426dc281f9cd5cce6ee11d919bfec357c5673a15b7467b42398,,
1.0,G02-260203-093232-729,G02-260203-093232-729.bmp,G02,2026-02-03T09:32:32,2026-02-03,G02_2026-02-03,729,val,normal,,1025,1281,1,1feadbde52e837deefba1838dd1c348f050aa2b8d771a6efb8ec1fd85c8a2924,,
1.0,G02-260203-093241-730,G02-260203-093241-730.bmp,G02,2026-02-03T09:32:41,2026-02-03,G02_2026-02-03,730,val,normal,,1025,1281,1,7775922ba23b2550a4041365fb17797b0eb8f20b14fb1534e34c0faa0eff7d6f,,
1.0,G02-260203-093303-731,G02-260203-093303-731.bmp,G02,2026-02-03T09:33:03,2026-02-03,G02_2026-02-03,731,val,normal,,1025,1281,1,27bfa6963d784c6415cb78bc9a0c60cd82b5588a1ae734bde0ba83fedc37441a,,
1.0,G02-260203-093312-732,G02-260203-093312-732.bmp,G02,2026-02-03T09:33:12,2026-02-03,G02_2026-02-03,732,val,normal,,1025,1281,1,543e7b62b7f8a402f2942209b75e5814d1b65c6c5f7a4961c4eaa89777b5e77d,,
1.0,G02-260203-093333-733,G02-260203-093333-733.bmp,G02,2026-02-03T09:33:33,2026-02-03,G02_2026-02-03,733,val,normal,,1025,1281,1,aa46634309cbbadbda66979e519dcac77bd533e5b6185b08b9adbdb975332546,,
1.0,G02-260203-093348-734,G02-260203-093348-734.bmp,G02,2026-02-03T09:33:48,2026-02-03,G02_2026-02-03,734,val,normal,,1025,1281,1,d7c884d247ea55df019925b09017fdac599931c3bbf5896be6010741160178d3,,
1.0,G02-260203-093404-735,G02-260203-093404-735.bmp,G02,2026-02-03T09:34:04,2026-02-03,G02_2026-02-03,735,val,normal,,1025,1281,1,4c8589174cc2b9712c29a0b9faac9f5b0859e01ce87b0f77f33d15f16e2ae650,,
1.0,G02-260203-093419-736,G02-260203-093419-736.bmp,G02,2026-02-03T09:34:19,2026-02-03,G02_2026-02-03,736,val,normal,,1025,1281,1,9105252ba842b946f0b14018700e0091f23812d0e597ae952f8cd6a4e0e5d9a5,,
1.0,G02-260203-093435-737,G02-260203-093435-737.bmp,G02,2026-02-03T09:34:35,2026-02-03,G02_2026-02-03,737,val,normal,,1025,1281,1,79441d496cbf17fc565596d98d6ddc88208cc73fabea4b59a12e103e3f07e062,,
1.0,G02-260203-093445-738,G02-260203-093445-738.bmp,G02,2026-02-03T09:34:45,2026-02-03,G02_2026-02-03,738,val,normal,,1025,1281,1,a7e3b9e310d48aa2fb12d6709d125e7f96d0bc32ea460809140b3950ebc59c52,,
1.0,G02-260203-093506-739,G02-260203-093506-739.bmp,G02,2026-02-03T09:35:06,2026-02-03,G02_2026-02-03,739,val,normal,,1025,1281,1,62b68ab5ebdf24d750f634431c0ae5403719899762a8157f0fdfed6640c08e9b,,
1.0,G02-260203-093522-740,G02-260203-093522-740.bmp,G02,2026-02-03T09:35:22,2026-02-03,G02_2026-02-03,740,val,normal,,1025,1281,1,e854c7fc66837407470af08e1b74f243355ddd29dcdf9fae0176b3ccfc1cafb0,,
1.0,G02-260203-093547-742,G02-260203-093547-742.bmp,G02,2026-02-03T09:35:47,2026-02-03,G02_2026-02-03,742,val,normal,,1025,1281,1,117a378706887e98b7ef8cbb25b4ad83353ab848aa9be6625addf87df4695016,,
1.0,G02-260203-093604-743,G02-260203-093604-743.bmp,G02,2026-02-03T09:36:04,2026-02-03,G02_2026-02-03,743,val,normal,,1025,1281,1,74a4cf1432d5235d68420b3d839ff6acb76c7bb676fd65f15622b786e4d706b5,,
1.0,G02-260203-093613-744,G02-260203-093613-744.bmp,G02,2026-02-03T09:36:13,2026-02-03,G02_2026-02-03,744,val,normal,,1025,1281,1,086a238b35c466468eb1c6dcbe5c86a30cfee74f7a7efaa5cc5b402bf364f666,,
1.0,G02-260203-093634-745,G02-260203-093634-745.bmp,G02,2026-02-03T09:36:34,2026-02-03,G02_2026-02-03,745,val,normal,,1025,1281,1,34a7b3d2880d209c415b43f4cb3b58d2347c4714724fcd53346ce516f0e160a4,,
1.0,G02-260203-093643-746,G02-260203-093643-746.bmp,G02,2026-02-03T09:36:43,2026-02-03,G02_2026-02-03,746,val,normal,,1025,1281,1,796a36be6abb8764962a21043b6523a82633d90662c83985525a48116470c17b,,
1.0,G02-260203-093705-747,G02-260203-093705-747.bmp,G02,2026-02-03T09:37:05,2026-02-03,G02_2026-02-03,747,val,normal,,1025,1281,1,106f74746074e201a473d25dda03ca5d405d787bda7f0a70ebc86f607a3d63bc,,
1.0,G02-260203-093724-748,G02-260203-093724-748.bmp,G02,2026-02-03T09:37:24,2026-02-03,G02_2026-02-03,748,val,normal,,1025,1281,1,986acbb0a339c956de1343ef9b912f6f89b4fe721c04c032a0be12c2443c48c7,,
1.0,G02-260203-093737-749,G02-260203-093737-749.bmp,G02,2026-02-03T09:37:37,2026-02-03,G02_2026-02-03,749,val,normal,,1025,1281,1,e62201c28e98382f94c83ac62e260b3c5d15abbe5b852ee7abfde070ef5cf0a8,,
1.0,G02-260203-093745-750,G02-260203-093745-750.bmp,G02,2026-02-03T09:37:45,2026-02-03,G02_2026-02-03,750,val,normal,,1025,1281,1,068d840211e105787e98ac5044ddd03479d6a92b8b3b91c9f88c4ae64010ffd7,,
1.0,G02-260203-093806-751,G02-260203-093806-751.bmp,G02,2026-02-03T09:38:06,2026-02-03,G02_2026-02-03,751,val,normal,,1025,1281,1,be7cf576b7777f6847b93091c66eb47f83c3873142ec92dbfc9ae25f151eb662,,
1.0,G02-260203-093821-752,G02-260203-093821-752.bmp,G02,2026-02-03T09:38:21,2026-02-03,G02_2026-02-03,752,val,normal,,1025,1281,1,2b4b65e2f93b366c45cfa3c5a6eeff1518d72592913c7a7f2c0819169d2a1ed5,,
1.0,G02-260203-093835-753,G02-260203-093835-753.bmp,G02,2026-02-03T09:38:35,2026-02-03,G02_2026-02-03,753,val,normal,,1025,1281,1,68cf59d895094993fe1d4eaa53710d15ce1128eff432812ed76bb81cc2c7cfaf,,
1.0,G02-260203-093842-754,G02-260203-093842-754.bmp,G02,2026-02-03T09:38:42,2026-02-03,G02_2026-02-03,754,val,normal,,1025,1281,1,9c09eef9d7ca834d203093b0d33be92b52d814773b6461ed01165bcb9d0a75ed,,
1.0,G02-260203-093906-755,G02-260203-093906-755.bmp,G02,2026-02-03T09:39:06,2026-02-03,G02_2026-02-03,755,val,normal,,1025,1281,1,fbae775d61fec2816bdef7de2ace89c728308f527d5c315c48b0b91c2ccc10f2,,
1.0,G02-260203-093913-756,G02-260203-093913-756.bmp,G02,2026-02-03T09:39:13,2026-02-03,G02_2026-02-03,756,val,normal,,1025,1281,1,cf74e12b0dd88131e7091969d168f585407fafd84f893ee42dfcd9d93ccdfc76,,
1.0,G02-260203-093936-757,G02-260203-093936-757.bmp,G02,2026-02-03T09:39:36,2026-02-03,G02_2026-02-03,757,val,normal,,1025,1281,1,60b8f8887504bea7bdb427e5bc3177c55a4723090902009124229e455b6b204e,,
1.0,G02-260203-093948-758,G02-260203-093948-758.bmp,G02,2026-02-03T09:39:48,2026-02-03,G02_2026-02-03,758,val,normal,,1025,1281,1,5db88296afc7ad87b1a5242e7a04fa791f360a54a4d8ec8d7699478aecd2dae8,,
1.0,G02-260203-094006-759,G02-260203-094006-759.bmp,G02,2026-02-03T09:40:06,2026-02-03,G02_2026-02-03,759,val,normal,,1025,1281,1,4bdbd0c181abbfb549177a1c8b751e4c8056ba740bd68eafe681b440041ee723,,
1.0,G02-260203-094022-760,G02-260203-094022-760.bmp,G02,2026-02-03T09:40:22,2026-02-03,G02_2026-02-03,760,val,normal,,1025,1281,1,e36e5326cc343afdd845c6e24ca373ba31a9e5064cf531135aeae641cf442b34,,
1.0,G02-260203-094037-761,G02-260203-094037-761.bmp,G02,2026-02-03T09:40:37,2026-02-03,G02_2026-02-03,761,val,normal,,1025,1281,1,6c405eaffe8f646948b709a58cbb2a454db05fbc632be0f4f6d34e9d3c8f7213,,
1.0,G02-260203-094046-762,G02-260203-094046-762.bmp,G02,2026-02-03T09:40:46,2026-02-03,G02_2026-02-03,762,val,normal,,1025,1281,1,5b7e4e037778aba9b687f9ffed531afef66979be61aca7f4e66b5339d323b596,,
1.0,G02-260203-094107-763,G02-260203-094107-763.bmp,G02,2026-02-03T09:41:07,2026-02-03,G02_2026-02-03,763,val,normal,,1025,1281,1,41adbe5509301e9e2dcee63e9d673d806e17c2d9915b823c959a11cf12411ac7,,
1.0,G02-260203-094121-764,G02-260203-094121-764.bmp,G02,2026-02-03T09:41:21,2026-02-03,G02_2026-02-03,764,val,normal,,1025,1281,1,b87098665b9bf52a01c02c52b4b134a57725a688241319d46208880dc9a4006e,,
1.0,G02-260203-094137-765,G02-260203-094137-765.bmp,G02,2026-02-03T09:41:37,2026-02-03,G02_2026-02-03,765,val,normal,,1025,1281,1,f5e7a09e70ac8745c919f36433fea04abd7847bd502cfaa0363b506a4a4cb038,,
1.0,G02-260203-094150-766,G02-260203-094150-766.bmp,G02,2026-02-03T09:41:50,2026-02-03,G02_2026-02-03,766,val,normal,,1025,1281,1,d941f75bd9234b2be27cf4e729c6dbe443c5df6e2c870597c03d1150bdd2b3ae,,
1.0,G02-260203-094207-767,G02-260203-094207-767.bmp,G02,2026-02-03T09:42:07,2026-02-03,G02_2026-02-03,767,val,normal,,1025,1281,1,1c93ba8ca190271b30999db52853760ae3b25e7aa96b473768e4bdd31e621052,,
1.0,G02-260203-094218-768,G02-260203-094218-768.bmp,G02,2026-02-03T09:42:18,2026-02-03,G02_2026-02-03,768,val,normal,,1025,1281,1,e92965abbf9e531ef0ee3cffe8c388d8c8505dbcc4f985a445e8b61e139b711c,,
1.0,G02-260203-094240-769,G02-260203-094240-769.bmp,G02,2026-02-03T09:42:40,2026-02-03,G02_2026-02-03,769,val,normal,,1025,1281,1,0838d50b2fd9aca2792eb814830fa4e5d4d6319e309c391fc2860faadaee31a5,,
1.0,G02-260203-094258-770,G02-260203-094258-770.bmp,G02,2026-02-03T09:42:58,2026-02-03,G02_2026-02-03,770,val,normal,,1025,1281,1,2fc3cdf27cb3186f43002552a9d269c15915d4a638908013e0ac1dfa927faf12,,
1.0,G02-260203-094310-771,G02-260203-094310-771.bmp,G02,2026-02-03T09:43:10,2026-02-03,G02_2026-02-03,771,val,normal,,1025,1281,1,ad12554bbd4400b3cf0df1771257304b73d100a33bed99a97124a790e84bbdcd,,
1.0,G02-260203-094323-772,G02-260203-094323-772.bmp,G02,2026-02-03T09:43:23,2026-02-03,G02_2026-02-03,772,val,normal,,1025,1281,1,52a8750334c955af9683894f0f51e9fc52d09e6d2ba1364014d5886c9c8832f6,,
1.0,G02-260203-094339-773,G02-260203-094339-773.bmp,G02,2026-02-03T09:43:39,2026-02-03,G02_2026-02-03,773,val,normal,,1025,1281,1,8dad65ecb6c4950cc29d16fb42093303cd516e75ff6993b7ee63774a29e9b9a2,,
1.0,G02-260203-094352-774,G02-260203-094352-774.bmp,G02,2026-02-03T09:43:52,2026-02-03,G02_2026-02-03,774,val,normal,,1025,1281,1,6086ad4c065189d5bd88fd5c89f7a2f523a62cedc30acd08371203da25752a84,,
1.0,G02-260203-094411-775,G02-260203-094411-775.bmp,G02,2026-02-03T09:44:11,2026-02-03,G02_2026-02-03,775,val,normal,,1025,1281,1,0f29a25f644a46b94bfd280210509551d985d5f1ed3c40bffe2928bd78d380b3,,
1.0,G02-260203-094427-776,G02-260203-094427-776.bmp,G02,2026-02-03T09:44:27,2026-02-03,G02_2026-02-03,776,val,normal,,1025,1281,1,6094df0d171e80e9e441d85541cd4cb08fa2121003cbde70da3ec1126128651f,,
1.0,G02-260203-094440-777,G02-260203-094440-777.bmp,G02,2026-02-03T09:44:40,2026-02-03,G02_2026-02-03,777,val,normal,,1025,1281,1,a553f38c585c5719e24a6cae9fd13999d4a22d73fbb2003c4d9b343627a63a19,,
1.0,G02-260203-094457-778,G02-260203-094457-778.bmp,G02,2026-02-03T09:44:57,2026-02-03,G02_2026-02-03,778,val,normal,,1025,1281,1,3a5632ed0c91a1d7810cdeaf48b794c4c65f9a6325c4f8057397383c67f7212e,,
1.0,G02-260203-094510-779,G02-260203-094510-779.bmp,G02,2026-02-03T09:45:10,2026-02-03,G02_2026-02-03,779,val,normal,,1025,1281,1,9b24fd7e66d0b835d8ac8244a38e32acd726463669e6804ab51d60b945348400,,
1.0,G02-260203-094521-780,G02-260203-094521-780.bmp,G02,2026-02-03T09:45:21,2026-02-03,G02_2026-02-03,780,val,normal,,1025,1281,1,c765872ae80f1a60502869ad7759d3dc8fcef81974d82de6a918f7dc79e943c0,,
1.0,G02-260203-094541-781,G02-260203-094541-781.bmp,G02,2026-02-03T09:45:41,2026-02-03,G02_2026-02-03,781,val,normal,,1025,1281,1,1948a14adcc7ccdd1ae07588f9918c298e8b8da8c212bd19c2afc2f81eb65bba,,
1.0,G02-260203-094553-782,G02-260203-094553-782.bmp,G02,2026-02-03T09:45:53,2026-02-03,G02_2026-02-03,782,val,normal,,1025,1281,1,507dbca7046ce795973e63db18050d89264fe3ca0e2194820ca989209ddc6d91,,
1.0,G02-260203-094611-783,G02-260203-094611-783.bmp,G02,2026-02-03T09:46:11,2026-02-03,G02_2026-02-03,783,val,normal,,1025,1281,1,8ec94429a0f52cc01f4abf548bc161e20eea7fa4ab73422d2f72f5884acee405,,
1.0,G02-260203-094640-784,G02-260203-094640-784.bmp,G02,2026-02-03T09:46:40,2026-02-03,G02_2026-02-03,784,val,normal,,1025,1281,1,c5cf15e24e2112383a45b17448573495b33ecc25c27f1bff310371cb796ab500,,
1.0,G02-260203-094658-785,G02-260203-094658-785.bmp,G02,2026-02-03T09:46:58,2026-02-03,G02_2026-02-03,785,val,normal,,1025,1281,1,7017f6554aa2588fcf3fec9578c7ed87e2b0330fb12beab05b08592355d45b20,,
1.0,G02-260203-094710-786,G02-260203-094710-786.bmp,G02,2026-02-03T09:47:10,2026-02-03,G02_2026-02-03,786,val,normal,,1025,1281,1,4f8b4d96c9bc1b2ad1e38abe8a9ee2d497b454c48fac9914535916d939498d0b,,
1.0,G02-260203-094720-787,G02-260203-094720-787.bmp,G02,2026-02-03T09:47:20,2026-02-03,G02_2026-02-03,787,val,normal,,1025,1281,1,9ee039745ed33f59517a410147e83e963a83335908d73235a4b2ea128765d992,,
1.0,G02-260203-094741-788,G02-260203-094741-788.bmp,G02,2026-02-03T09:47:41,2026-02-03,G02_2026-02-03,788,val,normal,,1025,1281,1,c76927acab19ac6f7bc9ff31983397a520ac2ae10647252d5ab86fe31f7ed5df,,
1.0,G02-260203-094754-789,G02-260203-094754-789.bmp,G02,2026-02-03T09:47:54,2026-02-03,G02_2026-02-03,789,val,normal,,1025,1281,1,4808bae3701313ec4a76e60bad7155addbcc0c45e9d0bed415256bfb5f6060fd,,
1.0,G02-260203-094812-790,G02-260203-094812-790.bmp,G02,2026-02-03T09:48:12,2026-02-03,G02_2026-02-03,790,val,normal,,1025,1281,1,de62c0d21fa52601bc88d25c3edeecc076bb84cfd82614269619eb01d95b163d,,
1.0,G02-260203-094826-791,G02-260203-094826-791.bmp,G02,2026-02-03T09:48:26,2026-02-03,G02_2026-02-03,791,val,normal,,1025,1281,1,23307fa8270f4c0997c4d2253a7e65a9efaf79c451aa92ff3d9e16b2956961bf,,
1.0,G02-260203-094843-792,G02-260203-094843-792.bmp,G02,2026-02-03T09:48:43,2026-02-03,G02_2026-02-03,792,val,normal,,1025,1281,1,4826d00f10fa2eff619fcb0ece6311ed300ac26a1752b3f75c235976be91d7ae,,
1.0,G02-260203-094854-793,G02-260203-094854-793.bmp,G02,2026-02-03T09:48:54,2026-02-03,G02_2026-02-03,793,val,normal,,1025,1281,1,6b2677b3dc08aefe4e8f34f3e59340228269aa2b526e2cd123d72be1a9756b53,,
1.0,G02-260203-094912-794,G02-260203-094912-794.bmp,G02,2026-02-03T09:49:12,2026-02-03,G02_2026-02-03,794,val,normal,,1025,1281,1,5445286e92cd6529f87bb8527d71a67231caabe1af8a247f2e2afc7cf113612e,,
1.0,G02-260203-094922-795,G02-260203-094922-795.bmp,G02,2026-02-03T09:49:22,2026-02-03,G02_2026-02-03,795,val,normal,,1025,1281,1,1e648392aeb4c7789ebd7c242f6adb0e0978f8bbb372acb06746b6f90d1c5c20,,
1.0,G02-260203-094943-796,G02-260203-094943-796.bmp,G02,2026-02-03T09:49:43,2026-02-03,G02_2026-02-03,796,val,normal,,1025,1281,1,f710546d71e09ef36726a84b66db7a421825bd63d1c09f9e65df66738a2bbf06,,
1.0,G02-260203-094953-797,G02-260203-094953-797.bmp,G02,2026-02-03T09:49:53,2026-02-03,G02_2026-02-03,797,val,normal,,1025,1281,1,ce1fddc89cac5127d878ef383f186ae1d69fa980e517460282a7967b773404c1,,
1.0,G02-260203-095014-798,G02-260203-095014-798.bmp,G02,2026-02-03T09:50:14,2026-02-03,G02_2026-02-03,798,val,normal,,1025,1281,1,cc5e099cf122b6f3b336a91b6fc452fb555f425120f14c3a706654151a56361e,,
1.0,G02-260203-095027-799,G02-260203-095027-799.bmp,G02,2026-02-03T09:50:27,2026-02-03,G02_2026-02-03,799,val,normal,,1025,1281,1,deea42dac30d6818f449aa40640c03694405af6928b5e71f5557ae7d094eefe1,,
1.0,G02-260203-095046-800,G02-260203-095046-800.bmp,G02,2026-02-03T09:50:46,2026-02-03,G02_2026-02-03,800,val,normal,,1025,1281,1,c016a1dfe3fc003aab97590f26c27b39c40ec86f1fc901b7596d446a30c5cf89,,
1.0,G02-260203-095056-801,G02-260203-095056-801.bmp,G02,2026-02-03T09:50:56,2026-02-03,G02_2026-02-03,801,val,normal,,1025,1281,1,47b1ba52dbae74985a3c36a4f9f08a7e6723a1ff31a6f8fc1395a19b1f5b6831,,
1.0,G02-260203-095114-802,G02-260203-095114-802.bmp,G02,2026-02-03T09:51:14,2026-02-03,G02_2026-02-03,802,val,normal,,1025,1281,1,b16ab6a654d22bf70c6a54fe7766c6db3bdff8b92599d16cd58489254e222738,,
1.0,G02-260203-095125-803,G02-260203-095125-803.bmp,G02,2026-02-03T09:51:25,2026-02-03,G02_2026-02-03,803,val,normal,,1025,1281,1,045b4ba10822231887db1df648cf11bcb90cd6842650cfd226453761e00894b6,,
1.0,G02-260203-095143-804,G02-260203-095143-804.bmp,G02,2026-02-03T09:51:43,2026-02-03,G02_2026-02-03,804,val,normal,,1025,1281,1,33c94a9aa61947e07f78ee3104c5fc3b393d0e871c3f0427ee07ba9debd0a3b1,,
1.0,G02-260203-095150-805,G02-260203-095150-805.bmp,G02,2026-02-03T09:51:50,2026-02-03,G02_2026-02-03,805,val,normal,,1025,1281,1,5f6fc8c386e387a037b7670b095bf585cd823cb98b4151b6647a0f729fd29d02,,
1.0,G02-260203-095214-806,G02-260203-095214-806.bmp,G02,2026-02-03T09:52:14,2026-02-03,G02_2026-02-03,806,val,normal,,1025,1281,1,974be201bc4e28b5172ee52dcdd5a1e8ad62f71f07c1199050f9ec3320620644,,
1.0,G02-260203-095230-807,G02-260203-095230-807.bmp,G02,2026-02-03T09:52:30,2026-02-03,G02_2026-02-03,807,val,normal,,1025,1281,1,48e34b2303a4efbe24f45fcbe4aa375d117a637f2765b3c681ede44fb40c5feb,,
1.0,G02-260203-095243-808,G02-260203-095243-808.bmp,G02,2026-02-03T09:52:43,2026-02-03,G02_2026-02-03,808,val,normal,,1025,1281,1,87fc8817aec9908e048d79eb34ec4c029c8b00a521eb104d06e60beb65be9ee8,,
1.0,G02-260203-095255-809,G02-260203-095255-809.bmp,G02,2026-02-03T09:52:55,2026-02-03,G02_2026-02-03,809,val,normal,,1025,1281,1,2ea87b8f7c8c9fef908b120d0f72113ad1369c52a15ec6ed1e76ee4fc47b6e28,,
1.0,G02-260203-095315-810,G02-260203-095315-810.bmp,G02,2026-02-03T09:53:15,2026-02-03,G02_2026-02-03,810,val,normal,,1025,1281,1,7063a7cfbe1d9a4288ca6d5b0959e2f9bd2c584e8e00654267dd8ecc5d96642f,,
1.0,G02-260203-095326-811,G02-260203-095326-811.bmp,G02,2026-02-03T09:53:26,2026-02-03,G02_2026-02-03,811,val,normal,,1025,1281,1,1578270aa6a98a3911140f4469854b68aa1087534612f7c4593f907057cc8a4c,,
1.0,G02-260203-095345-812,G02-260203-095345-812.bmp,G02,2026-02-03T09:53:45,2026-02-03,G02_2026-02-03,812,val,normal,,1025,1281,1,9617f3642ccc43192800e2e99cb8546bd82c67bd081c46ce179703df26a0a474,,
1.0,G02-260203-095356-813,G02-260203-095356-813.bmp,G02,2026-02-03T09:53:56,2026-02-03,G02_2026-02-03,813,val,normal,,1025,1281,1,9ca079033f00d7574779235d102eae863250713d631f72a53bd7ccbd6094d43e,,
1.0,G02-260203-095415-814,G02-260203-095415-814.bmp,G02,2026-02-03T09:54:15,2026-02-03,G02_2026-02-03,814,val,normal,,1025,1281,1,b2f209302521d0a45eb0f91389e0655083ee63eb6a52592af4a737babbffacb0,,
1.0,G02-260203-095423-815,G02-260203-095423-815.bmp,G02,2026-02-03T09:54:23,2026-02-03,G02_2026-02-03,815,val,normal,,1025,1281,1,ca13808f300824f266aa656246494e07b7cbb2b96281cdca948611fb7085c15d,,
1.0,G02-260203-095650-816,G02-260203-095650-816.bmp,G02,2026-02-03T09:56:50,2026-02-03,G02_2026-02-03,816,val,normal,,1025,1281,1,7a2a74587782b766768535d761c9ecc505510e0c3558d83d55eb33ebb77e5c01,,
1.0,G02-260203-095657-818,G02-260203-095657-818.bmp,G02,2026-02-03T09:56:57,2026-02-03,G02_2026-02-03,818,val,normal,,1025,1281,1,236f0f221c13ea37c14303b6c208101938b66e6018567bc93827a64113738f04,,
1.0,G02-260203-095704-819,G02-260203-095704-819.bmp,G02,2026-02-03T09:57:04,2026-02-03,G02_2026-02-03,819,val,normal,,1025,1281,1,c290aa1a865d3af33bc17b5ff91dd4f9b88455046fcc4622463c1b7e81fe19de,,
1.0,G02-260203-095718-820,G02-260203-095718-820.bmp,G02,2026-02-03T09:57:18,2026-02-03,G02_2026-02-03,820,val,normal,,1025,1281,1,6022e2b0a0d46ca3b58e482a37631daab49f8d17867b5859c975ea7d977250b9,,
1.0,G02-260203-095727-821,G02-260203-095727-821.bmp,G02,2026-02-03T09:57:27,2026-02-03,G02_2026-02-03,821,val,normal,,1025,1281,1,b059d63961c07900735ae7ea473aceb08819e613e0dacfc3e9862a66d925f97f,,
1.0,G02-260203-095749-822,G02-260203-095749-822.bmp,G02,2026-02-03T09:57:49,2026-02-03,G02_2026-02-03,822,val,normal,,1025,1281,1,d34f6bb0cd055859762e48b095d18d5cbfcf0f4e221d255bb9cb126e5ba649f0,,
1.0,G02-260203-095757-823,G02-260203-095757-823.bmp,G02,2026-02-03T09:57:57,2026-02-03,G02_2026-02-03,823,val,normal,,1025,1281,1,2e5c7f7a3f4bc4a31b2794964b978269910d6f5884461c139e23fdd380953380,,
1.0,G02-260203-095819-824,G02-260203-095819-824.bmp,G02,2026-02-03T09:58:19,2026-02-03,G02_2026-02-03,824,val,normal,,1025,1281,1,6bc22e6ddfbb5cb33e7699adc9eef4da5b7ba4c3cc532e6ed508159e1b5dbb4f,,
1.0,G02-260203-095826-825,G02-260203-095826-825.bmp,G02,2026-02-03T09:58:26,2026-02-03,G02_2026-02-03,825,val,normal,,1025,1281,1,5c12a4edb71ef357e3cab34c060b50abc3127e1af7a42bb91733de93df413962,,
1.0,G02-260203-095847-826,G02-260203-095847-826.bmp,G02,2026-02-03T09:58:47,2026-02-03,G02_2026-02-03,826,val,normal,,1025,1281,1,561f4760882288636c66e8a874e2951957e1f1d4dfd96466aab74b7437f07076,,
1.0,G02-260203-095856-827,G02-260203-095856-827.bmp,G02,2026-02-03T09:58:56,2026-02-03,G02_2026-02-03,827,val,normal,,1025,1281,1,e33ac04ee7a764cfb5be844f85d3e815aedbdef298c39c668c42e25f71826702,,
1.0,G02-260203-095955-828,G02-260203-095955-828.bmp,G02,2026-02-03T09:59:55,2026-02-03,G02_2026-02-03,828,val,normal,,1025,1281,1,900ef2b17e7bdbe0405cb574a0153bf50f67d285fff0329b55b711cf6b42525e,,
1.0,G02-260203-095957-829,G02-260203-095957-829.bmp,G02,2026-02-03T09:59:57,2026-02-03,G02_2026-02-03,829,val,normal,,1025,1281,1,3103ddc13b8c8e55878ab48361ea35510ff029750d2da97a81a7a9a8a5022e73,,
1.0,G02-260203-100003-830,G02-260203-100003-830.bmp,G02,2026-02-03T10:00:03,2026-02-03,G02_2026-02-03,830,val,normal,,1025,1281,1,4970eef21d0854bb195c33b9d9db46302fc23d30b36d94f806d2080f9c4c60a1,,
1.0,G02-260203-100009-831,G02-260203-100009-831.bmp,G02,2026-02-03T10:00:09,2026-02-03,G02_2026-02-03,831,val,normal,,1025,1281,1,796001bc2b1e5c7276be1c8992436c11472fc2c1bbd4ccb0bea36ebf4e4cd4ed,,
1.0,G02-260203-100019-832,G02-260203-100019-832.bmp,G02,2026-02-03T10:00:19,2026-02-03,G02_2026-02-03,832,val,normal,,1025,1281,1,f1578d51d7b45cc34d125cb83f92c47fecd3d6441473de26b1543e663909ccdb,,
1.0,G02-260203-100031-833,G02-260203-100031-833.bmp,G02,2026-02-03T10:00:31,2026-02-03,G02_2026-02-03,833,val,normal,,1025,1281,1,7eae6cc6c1acfe6268f6691e8e2b1f33fdf5ae8d8bddebd11624be3efbc289dc,,
1.0,G02-260203-100050-834,G02-260203-100050-834.bmp,G02,2026-02-03T10:00:50,2026-02-03,G02_2026-02-03,834,val,normal,,1025,1281,1,abbc86fa66179d2ebecd889abd5ea744762d6f0cb2469f7deb95ff8c80e238ea,,
1.0,G02-260203-100101-835,G02-260203-100101-835.bmp,G02,2026-02-03T10:01:01,2026-02-03,G02_2026-02-03,835,val,normal,,1025,1281,1,056e9cfb626830ffc48cf6afcce84ce6a0df80fffbfa2c043771a45495c98b7f,,
1.0,G02-260203-100121-836,G02-260203-100121-836.bmp,G02,2026-02-03T10:01:21,2026-02-03,G02_2026-02-03,836,val,normal,,1025,1281,1,b107e986e259e68e178574e02b74486fd4aada39d6ee71473160ce2c690f0e01,,
1.0,G02-260203-100129-837,G02-260203-100129-837.bmp,G02,2026-02-03T10:01:29,2026-02-03,G02_2026-02-03,837,val,normal,,1025,1281,1,6ccb4de90c782db3cc0994b7615b66f06633ec0ed2f25bb37f48dbf3f790363a,,
1.0,G02-260203-100150-838,G02-260203-100150-838.bmp,G02,2026-02-03T10:01:50,2026-02-03,G02_2026-02-03,838,val,normal,,1025,1281,1,6b70e56ce5cd6a531cba164d2e8a13b4cee4c2b1305639248c52971261945e6c,,
1.0,G02-260203-100158-839,G02-260203-100158-839.bmp,G02,2026-02-03T10:01:58,2026-02-03,G02_2026-02-03,839,val,normal,,1025,1281,1,519db49c3a8dea26b6fd79c5426b09189747aa46a9e6f95c1786135c5998f07b,,
1.0,G02-260203-100219-840,G02-260203-100219-840.bmp,G02,2026-02-03T10:02:19,2026-02-03,G02_2026-02-03,840,val,normal,,1025,1281,1,e94bf0f21b0ceb311694bef01339c19b7673c97e267b5824e2f258a683dac448,,
1.0,G02-260203-100229-841,G02-260203-100229-841.bmp,G02,2026-02-03T10:02:29,2026-02-03,G02_2026-02-03,841,val,normal,,1025,1281,1,c5e94e5d34e0b7ae5908232083a80e7e1761d40ccbf06782ede6f32579964c69,,
1.0,G02-260203-100252-842,G02-260203-100252-842.bmp,G02,2026-02-03T10:02:52,2026-02-03,G02_2026-02-03,842,val,normal,,1025,1281,1,be8a3c8763e41c1e568fe6b40d3c3a45d0ce9cb2701d8e250f5ab8afc4c3ad50,,
1.0,G02-260203-100302-843,G02-260203-100302-843.bmp,G02,2026-02-03T10:03:02,2026-02-03,G02_2026-02-03,843,val,normal,,1025,1281,1,19c6a61d1da65e45f7e3d76082cd56623ebac5614a7e4731880e9c071d2c3f28,,
1.0,G02-260203-100321-844,G02-260203-100321-844.bmp,G02,2026-02-03T10:03:21,2026-02-03,G02_2026-02-03,844,val,normal,,1025,1281,1,ba649107c038212419f1936058947fb573986b5991fe361154aff60fbe91d851,,
1.0,G02-260203-100336-845,G02-260203-100336-845.bmp,G02,2026-02-03T10:03:36,2026-02-03,G02_2026-02-03,845,val,normal,,1025,1281,1,8952bbc54232c567724e3907f5d43eb1dbf6077df32b129ac03f48dc13f0db0d,,
1.0,G02-260203-100350-846,G02-260203-100350-846.bmp,G02,2026-02-03T10:03:50,2026-02-03,G02_2026-02-03,846,val,normal,,1025,1281,1,67756916e84b1a70304adc922c4a2252413974edf88450ab015e71bca0e0b0c6,,
1.0,G02-260203-100400-847,G02-260203-100400-847.bmp,G02,2026-02-03T10:04:00,2026-02-03,G02_2026-02-03,847,val,normal,,1025,1281,1,1b89e41691f96dcf0bbc5858c001fed00c1769044b84455280c5ba3c36336554,,
1.0,G02-260203-100421-848,G02-260203-100421-848.bmp,G02,2026-02-03T10:04:21,2026-02-03,G02_2026-02-03,848,val,normal,,1025,1281,1,e6a186a0a933a59f8905f35da4f7299c3dc535b940df8568be79c5f0e6622959,,
1.0,G02-260203-100431-849,G02-260203-100431-849.bmp,G02,2026-02-03T10:04:31,2026-02-03,G02_2026-02-03,849,val,normal,,1025,1281,1,0d838db72226c8afd11846d2435c408de1cea1cf982e2330d2339cecd56be187,,
1.0,G02-260203-100453-850,G02-260203-100453-850.bmp,G02,2026-02-03T10:04:53,2026-02-03,G02_2026-02-03,850,val,normal,,1025,1281,1,d941c534b5a3c306b57d8985c5d2dfa61ccbc64774509509e17b24452d8891f9,,
1.0,G02-260203-100503-851,G02-260203-100503-851.bmp,G02,2026-02-03T10:05:03,2026-02-03,G02_2026-02-03,851,val,normal,,1025,1281,1,da7e73a905c6df43ccc6380ed2b51c726b5b84da173d88743ac612b3d7413285,,
1.0,G02-260203-100522-852,G02-260203-100522-852.bmp,G02,2026-02-03T10:05:22,2026-02-03,G02_2026-02-03,852,val,normal,,1025,1281,1,20545131a75e03ae0082303fa6aee32fdb710715f3757c63f17f4a7618e7cc00,,
1.0,G02-260203-100535-853,G02-260203-100535-853.bmp,G02,2026-02-03T10:05:35,2026-02-03,G02_2026-02-03,853,val,normal,,1025,1281,1,4024050835740caa67d76085b833764bca2d5cd13c4171684a8ff043f15f61fc,,
1.0,G02-260203-100551-854,G02-260203-100551-854.bmp,G02,2026-02-03T10:05:51,2026-02-03,G02_2026-02-03,854,val,normal,,1025,1281,1,9c06b595289d1fb2e964e2e2e75c45684f31a289ee3cc60dbd04fa0e7708a3f3,,
1.0,G02-260203-100600-855,G02-260203-100600-855.bmp,G02,2026-02-03T10:06:00,2026-02-03,G02_2026-02-03,855,val,normal,,1025,1281,1,a4f272d1f32ead06c88fa011bf688c0093d389badb1255d0216bcd047e1da6fa,,
1.0,G02-260203-100621-856,G02-260203-100621-856.bmp,G02,2026-02-03T10:06:21,2026-02-03,G02_2026-02-03,856,val,normal,,1025,1281,1,29ff40c422077632c8bdee23c36be98bc4691bcc7afc24a7401f5b7392ba2a48,,
1.0,G02-260203-100632-857,G02-260203-100632-857.bmp,G02,2026-02-03T10:06:32,2026-02-03,G02_2026-02-03,857,val,normal,,1025,1281,1,8b79e7f6f78ee458eb9848e275976269aea9987470354d05fe688e97f90a6bfc,,
1.0,G02-260203-100652-858,G02-260203-100652-858.bmp,G02,2026-02-03T10:06:52,2026-02-03,G02_2026-02-03,858,val,normal,,1025,1281,1,ee3af3ac46012b721236a6d4ce1163e38d1652b0bdd6e12deaa7681f695384d6,,
1.0,G02-260203-100703-859,G02-260203-100703-859.bmp,G02,2026-02-03T10:07:03,2026-02-03,G02_2026-02-03,859,val,normal,,1025,1281,1,3b40441386d7d395ae93aebcc98e30896cddb984a01e2d0d573747939699a950,,
1.0,G02-260203-100723-860,G02-260203-100723-860.bmp,G02,2026-02-03T10:07:23,2026-02-03,G02_2026-02-03,860,val,normal,,1025,1281,1,6f871839cc58744e56c91a280be1e3164a233cd368089d1f099c3639764673da,,
1.0,G02-260203-100738-861,G02-260203-100738-861.bmp,G02,2026-02-03T10:07:38,2026-02-03,G02_2026-02-03,861,val,normal,,1025,1281,1,e6e65b4b7d93011b83e55da4d5d56faba321341ad590772321d328b14d8f8f1e,,
1.0,G02-260203-100751-862,G02-260203-100751-862.bmp,G02,2026-02-03T10:07:51,2026-02-03,G02_2026-02-03,862,val,normal,,1025,1281,1,630513b6f4b0f7975262e182e7b593cb7659e3574fff02886d2adb974daa7a00,,
1.0,G02-260203-100801-863,G02-260203-100801-863.bmp,G02,2026-02-03T10:08:01,2026-02-03,G02_2026-02-03,863,val,normal,,1025,1281,1,fb5522c95d0eb4a6f0c29d5989b8dd16384ac46a0d6e27659ef52a4eeca437f0,,
1.0,G02-260203-100826-864,G02-260203-100826-864.bmp,G02,2026-02-03T10:08:26,2026-02-03,G02_2026-02-03,864,val,normal,,1025,1281,1,e72ff52ad5c0306fe79f45ee11e626fc7e3a1d729a2cfd3532b93c7e5cdb1eed,,
1.0,G02-260203-100834-865,G02-260203-100834-865.bmp,G02,2026-02-03T10:08:34,2026-02-03,G02_2026-02-03,865,val,normal,,1025,1281,1,6020bb528738f4cf61b579c18b05008a7ba1955a596225b4e17079b9e94fe031,,
1.0,G02-260203-100854-866,G02-260203-100854-866.bmp,G02,2026-02-03T10:08:54,2026-02-03,G02_2026-02-03,866,val,normal,,1025,1281,1,f74ec93fd7ef9ed7f71e036adfabbcbc6d68de29745e379796b408f4f31c967f,,
1.0,G02-260203-100907-867,G02-260203-100907-867.bmp,G02,2026-02-03T10:09:07,2026-02-03,G02_2026-02-03,867,val,normal,,1025,1281,1,4799090e719356798e557a4a61b2561ee3273757a88588f7ff7a8a71b539ffba,,
1.0,G02-260203-100923-868,G02-260203-100923-868.bmp,G02,2026-02-03T10:09:23,2026-02-03,G02_2026-02-03,868,val,normal,,1025,1281,1,31ee0e6b17a0d31abcd05d43a533e1889593641aeee9b1d833dcbc84b2e83e34,,
1.0,G02-260203-100932-869,G02-260203-100932-869.bmp,G02,2026-02-03T10:09:32,2026-02-03,G02_2026-02-03,869,val,normal,,1025,1281,1,e37e9b604c77041d5a12dc1438a8b64ab75e84266207b5e25a8cf1602d422164,,
1.0,G02-260203-100953-870,G02-260203-100953-870.bmp,G02,2026-02-03T10:09:53,2026-02-03,G02_2026-02-03,870,val,normal,,1025,1281,1,b2d65d504ca8702dfd0dd09560be848d0d66a80ad120e264b26c082311c87564,,
1.0,G02-260203-101005-871,G02-260203-101005-871.bmp,G02,2026-02-03T10:10:05,2026-02-03,G02_2026-02-03,871,val,normal,,1025,1281,1,d96475b25cb01c587f672da47426adb4b99b355dfb49d18a39dc93fbedd88181,,
1.0,G02-260203-101023-872,G02-260203-101023-872.bmp,G02,2026-02-03T10:10:23,2026-02-03,G02_2026-02-03,872,val,normal,,1025,1281,1,a75b06425408e45be615f78e830447f3c6e7a76855ce04d11e697cd33b2842df,,
1.0,G02-260203-101035-873,G02-260203-101035-873.bmp,G02,2026-02-03T10:10:35,2026-02-03,G02_2026-02-03,873,val,normal,,1025,1281,1,1d92a77e1bde901e9b46038b16cbe26960d4292ec829485f6890e00f5afefabc,,
1.0,G02-260203-101053-874,G02-260203-101053-874.bmp,G02,2026-02-03T10:10:53,2026-02-03,G02_2026-02-03,874,val,normal,,1025,1281,1,d1198c91bd7f15e1e5ff78b11984364dfc9bf684bbf1b69f80ebccaa47e1ec8b,,
1.0,G02-260203-101102-875,G02-260203-101102-875.bmp,G02,2026-02-03T10:11:02,2026-02-03,G02_2026-02-03,875,val,normal,,1025,1281,1,a5efbf171bb7f53fa7e719feedf19f670eee6930bac0715945366b8f13df3eb9,,
1.0,G02-260203-101124-876,G02-260203-101124-876.bmp,G02,2026-02-03T10:11:24,2026-02-03,G02_2026-02-03,876,val,normal,,1025,1281,1,3fab80680c4af46a1473921d8644ec343385de67f5401a4cd69afc8df41af72c,,
1.0,G02-260203-101137-877,G02-260203-101137-877.bmp,G02,2026-02-03T10:11:37,2026-02-03,G02_2026-02-03,877,val,normal,,1025,1281,1,2daff3735b7d225788089f09c4d5ff17263d435cf204596491460a5be40079a5,,
1.0,G02-260203-101155-878,G02-260203-101155-878.bmp,G02,2026-02-03T10:11:55,2026-02-03,G02_2026-02-03,878,val,normal,,1025,1281,1,84553edbf068b3d92c58562e8c55d3c3e432f52374e36bd801295b57badf19a8,,
1.0,G02-260203-101204-879,G02-260203-101204-879.bmp,G02,2026-02-03T10:12:04,2026-02-03,G02_2026-02-03,879,val,normal,,1025,1281,1,61077c17b7d6ab57d2213ba3204b0cc5f42cc49e678dbbf8e1a2caf1f2d9d332,,
1.0,G02-260203-101226-880,G02-260203-101226-880.bmp,G02,2026-02-03T10:12:26,2026-02-03,G02_2026-02-03,880,val,normal,,1025,1281,1,c8a9e77d0aad202e9b4bcaf48486e8b92f6db899d874b0fe7c4f848de954a80b,,
1.0,G02-260203-101237-881,G02-260203-101237-881.bmp,G02,2026-02-03T10:12:37,2026-02-03,G02_2026-02-03,881,val,normal,,1025,1281,1,56686108c2c01300d0890f69612bc814c2b7184de83defda35f9ca09ddd570c2,,
1.0,G02-260203-101254-882,G02-260203-101254-882.bmp,G02,2026-02-03T10:12:54,2026-02-03,G02_2026-02-03,882,val,normal,,1025,1281,1,eaf1a33b2952ad214c0a1699042924ed251756d54a7ab4bf3f928d144205bc8f,,
1.0,G02-260203-101301-883,G02-260203-101301-883.bmp,G02,2026-02-03T10:13:01,2026-02-03,G02_2026-02-03,883,val,normal,,1025,1281,1,3ef0764b552dfdf87e94b8906ac9c1e4a32d9137ea8bd4ec8ec193e64759d408,,
1.0,G02-260203-101326-884,G02-260203-101326-884.bmp,G02,2026-02-03T10:13:26,2026-02-03,G02_2026-02-03,884,val,normal,,1025,1281,1,8126c136d348e96ffe93109687ea29d3fba702917af8f2c30d6d8b7ea708249f,,
1.0,G02-260203-101334-885,G02-260203-101334-885.bmp,G02,2026-02-03T10:13:34,2026-02-03,G02_2026-02-03,885,val,normal,,1025,1281,1,3bc9aee5c05f4a96a5a98fd785d2c03e9eba0637205f0c6b095005088d74f1a6,,
1.0,G02-260203-101400-886,G02-260203-101400-886.bmp,G02,2026-02-03T10:14:00,2026-02-03,G02_2026-02-03,886,val,normal,,1025,1281,1,9fa1da5f6f723eed8980d2598dcdd5fcb434b6604d870d5ef19f473ea790aa03,,
1.0,G02-260203-101414-887,G02-260203-101414-887.bmp,G02,2026-02-03T10:14:14,2026-02-03,G02_2026-02-03,887,val,normal,,1025,1281,1,35636d40c854d8a4201e6950e274fc9c167ec74edfe0e728589a23b2894ce93f,,
1.0,G02-260203-101531-888,G02-260203-101531-888.bmp,G02,2026-02-03T10:15:31,2026-02-03,G02_2026-02-03,888,val,normal,,1025,1281,1,034a3d07c776075e907ec6e874263ba33523da39fac635a41b9aa5bd1e0bed14,,
1.0,G02-260203-101546-889,G02-260203-101546-889.bmp,G02,2026-02-03T10:15:46,2026-02-03,G02_2026-02-03,889,val,normal,,1025,1281,1,506e9fe2d969efc6c83e1b71c38c0b742b252c12c2b788fd913a201fc08f35ac,,
1.0,G02-260203-101559-890,G02-260203-101559-890.bmp,G02,2026-02-03T10:15:59,2026-02-03,G02_2026-02-03,890,val,normal,,1025,1281,1,1721438b1e0217cea7c267ebc3d9683fc3d6d5a6970470239e9a6abef9adbcf9,,
1.0,G02-260203-101611-891,G02-260203-101611-891.bmp,G02,2026-02-03T10:16:11,2026-02-03,G02_2026-02-03,891,val,normal,,1025,1281,1,d9f37c723f18ea281222c7912aa811851128c0475cf7abf48c9e1c5f2e585eb9,,
1.0,G02-260203-101628-892,G02-260203-101628-892.bmp,G02,2026-02-03T10:16:28,2026-02-03,G02_2026-02-03,892,val,normal,,1025,1281,1,1cd5c21624240f49a91941f45292bea495506372a78cee7bc59f3dfe899f8196,,
1.0,G02-260203-101639-893,G02-260203-101639-893.bmp,G02,2026-02-03T10:16:39,2026-02-03,G02_2026-02-03,893,val,normal,,1025,1281,1,6f9a04a762303ba863c7e4b4456b433e938e5b530798a70f65aa3be7020d0f83,,
1.0,G02-260203-101659-894,G02-260203-101659-894.bmp,G02,2026-02-03T10:16:59,2026-02-03,G02_2026-02-03,894,val,normal,,1025,1281,1,8e6c671a341a4447f86f44bf4e529e1d5e6722612b3a7f6b73e5803733e44674,,
1.0,G02-260203-101719-895,G02-260203-101719-895.bmp,G02,2026-02-03T10:17:19,2026-02-03,G02_2026-02-03,895,val,normal,,1025,1281,1,562c057db4fccabf1fe89fac253e98a2019575f54e6f472b8c3472a1fe25b779,,
1.0,G02-260203-101729-896,G02-260203-101729-896.bmp,G02,2026-02-03T10:17:29,2026-02-03,G02_2026-02-03,896,val,normal,,1025,1281,1,3154fded32e2cad995e540a756075e40ae5da41cb6917681464293deea78d5fa,,
1.0,G02-260203-101736-897,G02-260203-101736-897.bmp,G02,2026-02-03T10:17:36,2026-02-03,G02_2026-02-03,897,val,normal,,1025,1281,1,adbcf71d75937adbc153bcf6da2f698abecff7abb173ec88725c4015ea3177ca,,
1.0,G02-260203-101800-898,G02-260203-101800-898.bmp,G02,2026-02-03T10:18:00,2026-02-03,G02_2026-02-03,898,val,normal,,1025,1281,1,46b8e0de22ca240bc8173400634aabec0717f413d076c623f1065b45c5bd8776,,
1.0,G02-260203-101811-899,G02-260203-101811-899.bmp,G02,2026-02-03T10:18:11,2026-02-03,G02_2026-02-03,899,val,normal,,1025,1281,1,d714d77b9287c24407d89c44028deaac3fc3aebc6dc5a59e01fe917dd81a59fc,,
1.0,G02-260203-101829-900,G02-260203-101829-900.bmp,G02,2026-02-03T10:18:29,2026-02-03,G02_2026-02-03,900,val,normal,,1025,1281,1,05516d604679a27554f42d8a336c274cb2ea9ea6f21995a41a070ddc8b151d36,,
1.0,G02-260203-101841-901,G02-260203-101841-901.bmp,G02,2026-02-03T10:18:41,2026-02-03,G02_2026-02-03,901,val,normal,,1025,1281,1,957060d12f6b3d837f76e5349f5fe949a2248eb3aa15d7cedeaefbb4b8c4068a,,
1.0,G02-260203-101900-902,G02-260203-101900-902.bmp,G02,2026-02-03T10:19:00,2026-02-03,G02_2026-02-03,902,val,normal,,1025,1281,1,49914af1df1ec57d016cefc3dfcd1f07cc02523ee6f9e1acec5eaddce539b0bb,,
1.0,G02-260203-101914-903,G02-260203-101914-903.bmp,G02,2026-02-03T10:19:14,2026-02-03,G02_2026-02-03,903,val,normal,,1025,1281,1,5cfcf92af4cd88f51224643631d73731345254abd8fe60289639e2e5d8071e6e,,
1.0,G02-260203-101931-904,G02-260203-101931-904.bmp,G02,2026-02-03T10:19:31,2026-02-03,G02_2026-02-03,904,val,normal,,1025,1281,1,a5b6cfd4df5b1c4b758a6474ee9b0124e5d0e5d0b937109a20f55758ec53f8e2,,
1.0,G02-260203-101944-905,G02-260203-101944-905.bmp,G02,2026-02-03T10:19:44,2026-02-03,G02_2026-02-03,905,val,normal,,1025,1281,1,e63c1d440664cbe91cad3c8ef0d24b59091a0925ecf8f626bbae9dd52ec92c1f,,
1.0,G02-260203-102001-906,G02-260203-102001-906.bmp,G02,2026-02-03T10:20:01,2026-02-03,G02_2026-02-03,906,val,normal,,1025,1281,1,0ed7d35bd455caf21a1f34d379dde9f05328aeb7e20220acbb57bc9519edf212,,
1.0,G02-260203-102012-907,G02-260203-102012-907.bmp,G02,2026-02-03T10:20:12,2026-02-03,G02_2026-02-03,907,val,normal,,1025,1281,1,0cae9da9eafe2a0d4f4ee88973a7fbb805851e62d3da7ee2783e4409aafee79c,,
1.0,G02-260203-102029-908,G02-260203-102029-908.bmp,G02,2026-02-03T10:20:29,2026-02-03,G02_2026-02-03,908,val,normal,,1025,1281,1,1d3360c019ce9ec56d905cfc0168abba93dfa636388d0af15b3b685da3465e7d,,
1.0,G02-260203-102042-909,G02-260203-102042-909.bmp,G02,2026-02-03T10:20:42,2026-02-03,G02_2026-02-03,909,val,normal,,1025,1281,1,b0dadc5d2f5a9bfd64ae72b8581f4e4c7c5809ebac2c852cf5bc6be14cec23f3,,
1.0,G02-260203-102100-910,G02-260203-102100-910.bmp,G02,2026-02-03T10:21:00,2026-02-03,G02_2026-02-03,910,val,normal,,1025,1281,1,bed7ebf3c70339b8df2ab3f824df6d6a65f081fff1b2e2e93abbdaca797d520c,,
1.0,G02-260203-102110-911,G02-260203-102110-911.bmp,G02,2026-02-03T10:21:10,2026-02-03,G02_2026-02-03,911,val,normal,,1025,1281,1,8693252fbb8d5257400ef61809bac0783e9367c6d853aa41c0ca356b3d9c7ea5,,
1.0,G02-260203-102131-912,G02-260203-102131-912.bmp,G02,2026-02-03T10:21:31,2026-02-03,G02_2026-02-03,912,val,normal,,1025,1281,1,03abb5b31138eed046c2785c8dae5d7e9a77b17abc09049db802bb1a0e006830,,
1.0,G02-260203-102146-913,G02-260203-102146-913.bmp,G02,2026-02-03T10:21:46,2026-02-03,G02_2026-02-03,913,val,normal,,1025,1281,1,00721e3b7786e246b9f90d71036a4fbb8c16587463ca2521c8ac2341b918da3f,,
1.0,G02-260203-102200-914,G02-260203-102200-914.bmp,G02,2026-02-03T10:22:00,2026-02-03,G02_2026-02-03,914,val,normal,,1025,1281,1,3d28a82a341887b388fc568b12ed2581d037d2e884ad931dd47a4ee4afe32a44,,
1.0,G02-260203-102211-915,G02-260203-102211-915.bmp,G02,2026-02-03T10:22:11,2026-02-03,G02_2026-02-03,915,val,normal,,1025,1281,1,2c36ffd27c3dd7ac88e469fae8c0f1e04327449f6d619b876b1fd2404c4a22ac,,
1.0,G02-260203-102231-916,G02-260203-102231-916.bmp,G02,2026-02-03T10:22:31,2026-02-03,G02_2026-02-03,916,val,normal,,1025,1281,1,bced410bcb85ace22d649b45242d80822519417852a7105a1351691b2cf23061,,
1.0,G02-260203-102242-917,G02-260203-102242-917.bmp,G02,2026-02-03T10:22:42,2026-02-03,G02_2026-02-03,917,val,normal,,1025,1281,1,6bcc9845063559414822437d1e6ba8a9d5452f1267be547e10831c8ff8f00047,,
1.0,G02-260203-102302-918,G02-260203-102302-918.bmp,G02,2026-02-03T10:23:02,2026-02-03,G02_2026-02-03,918,val,normal,,1025,1281,1,a2ab2cfc4d42baa0731858a736fe5f10521f869ad6609ec00db16bf9571ebe4b,,
1.0,G02-260203-102316-919,G02-260203-102316-919.bmp,G02,2026-02-03T10:23:16,2026-02-03,G02_2026-02-03,919,val,normal,,1025,1281,1,a85f83078b44c3be7d75c469def8fdce56727dca2f56361e47462d77856c06b2,,
1.0,G02-260203-102334-920,G02-260203-102334-920.bmp,G02,2026-02-03T10:23:34,2026-02-03,G02_2026-02-03,920,val,normal,,1025,1281,1,a271b6da4e7849c962fc6245b15bd196d9b6e48a9d3b69929b0e6153debaa49a,,
1.0,G02-260203-102346-921,G02-260203-102346-921.bmp,G02,2026-02-03T10:23:46,2026-02-03,G02_2026-02-03,921,val,normal,,1025,1281,1,9064d4506dea11bead3dc17f493db66ededd0ebf33604637e389f358892bd277,,
1.0,G02-260203-102403-922,G02-260203-102403-922.bmp,G02,2026-02-03T10:24:03,2026-02-03,G02_2026-02-03,922,val,normal,,1025,1281,1,3f3815e8cc5f5b50578397e5600bea08b139151b3229859c8457d77ef72a1e59,,
1.0,G02-260203-102412-923,G02-260203-102412-923.bmp,G02,2026-02-03T10:24:12,2026-02-03,G02_2026-02-03,923,val,normal,,1025,1281,1,4e886af7dceb07092236e0c848610933fee1ebb6926f429072f5dee72a9619af,,
1.0,G02-260203-102435-924,G02-260203-102435-924.bmp,G02,2026-02-03T10:24:35,2026-02-03,G02_2026-02-03,924,val,normal,,1025,1281,1,898e144a583df9d3c86750d295ac65a33cfa60a06512085d25bb3d6bd6acb658,,
1.0,G02-260203-102445-925,G02-260203-102445-925.bmp,G02,2026-02-03T10:24:45,2026-02-03,G02_2026-02-03,925,val,normal,,1025,1281,1,cf8f17f0ff4bc8928004aa4cfa868c3c5ac8a402889ddb0866449ad57632b192,,
1.0,G02-260203-102504-926,G02-260203-102504-926.bmp,G02,2026-02-03T10:25:04,2026-02-03,G02_2026-02-03,926,val,normal,,1025,1281,1,4ab65b10513d31c39909eafdca5eb68f2d32a72b3b5b8062498f05b30c18d0dc,,
1.0,G02-260203-102518-927,G02-260203-102518-927.bmp,G02,2026-02-03T10:25:18,2026-02-03,G02_2026-02-03,927,val,normal,,1025,1281,1,f163d5c457a0281c27649e8cda3f72d51e822e3c868a77bfdbc19e9fad61605e,,
1.0,G02-260203-102532-928,G02-260203-102532-928.bmp,G02,2026-02-03T10:25:32,2026-02-03,G02_2026-02-03,928,val,normal,,1025,1281,1,a33afe4e6797fd2f3147bc42566109e79eba67b0606ecf216413e4bd6147ea17,,
1.0,G02-260203-102603-929,G02-260203-102603-929.bmp,G02,2026-02-03T10:26:03,2026-02-03,G02_2026-02-03,929,val,normal,,1025,1281,1,191e8cce6dc7a1f6e831033ba48c0013a513a0bb0a3652060729b5923d9ee27a,,
1.0,G02-260203-102622-930,G02-260203-102622-930.bmp,G02,2026-02-03T10:26:22,2026-02-03,G02_2026-02-03,930,val,normal,,1025,1281,1,a6e4c3de3931922e06496a1543e150384d363a2ff88c91bbaf6ca2ea876c9e86,,
1.0,G02-260203-102634-931,G02-260203-102634-931.bmp,G02,2026-02-03T10:26:34,2026-02-03,G02_2026-02-03,931,val,normal,,1025,1281,1,f079060ada077c350ea11d8740a8b0b57f7aa78ef63b7c141c31ba94e05487f0,,
1.0,G02-260203-102647-932,G02-260203-102647-932.bmp,G02,2026-02-03T10:26:47,2026-02-03,G02_2026-02-03,932,val,normal,,1025,1281,1,8c157db8a19e6bd4c9bb9e2c3ed15923987f43d83085db3e2231bc7d670be2af,,
1.0,G02-260203-102704-933,G02-260203-102704-933.bmp,G02,2026-02-03T10:27:04,2026-02-03,G02_2026-02-03,933,val,normal,,1025,1281,1,cccfea96f41f9356e14e1742a11db6e23416a63c8d7852ba5270426e54df40bd,,
1.0,G02-260203-102712-934,G02-260203-102712-934.bmp,G02,2026-02-03T10:27:12,2026-02-03,G02_2026-02-03,934,val,normal,,1025,1281,1,df9b8b6c608d0fba415a57beadc2016ff01709d903de6a0a6db166a9b8ed570b,,
1.0,G02-260203-102734-935,G02-260203-102734-935.bmp,G02,2026-02-03T10:27:34,2026-02-03,G02_2026-02-03,935,val,normal,,1025,1281,1,4a85164436240b56700388c0e5acc8d10182786e2b00e5ee08cf755aadd19ae4,,
1.0,G02-260203-102743-936,G02-260203-102743-936.bmp,G02,2026-02-03T10:27:43,2026-02-03,G02_2026-02-03,936,val,normal,,1025,1281,1,da687736f36f3dce0e9cb651d201489ee9687a8353547f05f27d21c8a2458c6e,,
1.0,G02-260203-102806-937,G02-260203-102806-937.bmp,G02,2026-02-03T10:28:06,2026-02-03,G02_2026-02-03,937,val,normal,,1025,1281,1,9b799a8ce02fcb44b264f560e118eae4a8c22056b366b5dc3e47133c90bacbd3,,
1.0,G02-260203-102818-938,G02-260203-102818-938.bmp,G02,2026-02-03T10:28:18,2026-02-03,G02_2026-02-03,938,val,normal,,1025,1281,1,7c4ed91f9e4809b44cad38e33b15c0e08ead0657e9bce7b1c7e50e74e2e1db42,,
1.0,G02-260203-102906-939,G02-260203-102906-939.bmp,G02,2026-02-03T10:29:06,2026-02-03,G02_2026-02-03,939,val,normal,,1025,1281,1,5dd2c5d019b6c75e6d15814cfd1fcd627d50493ee40a1482e20528c643afb92f,,
1.0,G02-260203-102918-940,G02-260203-102918-940.bmp,G02,2026-02-03T10:29:18,2026-02-03,G02_2026-02-03,940,val,normal,,1025,1281,1,4c4c99ca976e9a117efd9c525ff67354c9cfabc9ce0e851c866f9eb35ad2431a,,
1.0,G02-260203-102935-941,G02-260203-102935-941.bmp,G02,2026-02-03T10:29:35,2026-02-03,G02_2026-02-03,941,val,normal,,1025,1281,1,890fe0e1cb2a3c2f2e2a01e186564c5c0c92b65ffb5afce5acb75b691482e87a,,
1.0,G02-260203-102945-942,G02-260203-102945-942.bmp,G02,2026-02-03T10:29:45,2026-02-03,G02_2026-02-03,942,val,normal,,1025,1281,1,be8ee6a5b307438dc015e45a6821030eb124c8269abb0ba877ec27b74b2cb6ba,,
1.0,G02-260203-103005-943,G02-260203-103005-943.bmp,G02,2026-02-03T10:30:05,2026-02-03,G02_2026-02-03,943,val,normal,,1025,1281,1,783316f2d59877bce8f531ed6ccb444506d119840e5210dac16112005b876990,,
1.0,G02-260203-103017-944,G02-260203-103017-944.bmp,G02,2026-02-03T10:30:17,2026-02-03,G02_2026-02-03,944,val,normal,,1025,1281,1,332b5a0bbf7a04c2c13de9b2cf0ea78556582731cbda029adc517bc15150089e,,
1.0,G02-260203-103036-945,G02-260203-103036-945.bmp,G02,2026-02-03T10:30:36,2026-02-03,G02_2026-02-03,945,val,normal,,1025,1281,1,0eb54baba1336a459e0295b16e7db3c78d7ccb23aa018ddb34f32a48f6491a01,,
1.0,G02-260203-103059-946,G02-260203-103059-946.bmp,G02,2026-02-03T10:30:59,2026-02-03,G02_2026-02-03,946,val,normal,,1025,1281,1,a16a60a0cd71ca562d3c0b6c1a80574e1b15132badccd060d107ec368840ce32,,
1.0,G02-260203-103106-947,G02-260203-103106-947.bmp,G02,2026-02-03T10:31:06,2026-02-03,G02_2026-02-03,947,val,normal,,1025,1281,1,b74a39a1cdda068a06999911bc1a0214efb624747e6bff2939090a3e5d534174,,
1.0,G02-260203-103117-948,G02-260203-103117-948.bmp,G02,2026-02-03T10:31:17,2026-02-03,G02_2026-02-03,948,val,normal,,1025,1281,1,47b3ee55e85805ceee44a5a1ac3025b34072688eca52ea3d16efb89c23b7913d,,
1.0,G02-260203-103135-949,G02-260203-103135-949.bmp,G02,2026-02-03T10:31:35,2026-02-03,G02_2026-02-03,949,val,normal,,1025,1281,1,f0140d2aa0bc4f964c9ba4d1c78f2aaeb975183e6eccb990b2092c44abde2407,,
1.0,G02-260203-103146-950,G02-260203-103146-950.bmp,G02,2026-02-03T10:31:46,2026-02-03,G02_2026-02-03,950,val,normal,,1025,1281,1,2f15429d5801c13ab7c116d0026e899c4c6eaecd0d4a36649f6a66ea101d2dec,,
1.0,G02-260203-103206-951,G02-260203-103206-951.bmp,G02,2026-02-03T10:32:06,2026-02-03,G02_2026-02-03,951,val,normal,,1025,1281,1,840b1a85dd7c74eb22f194f2d63f28318251f5c4a281206222dbdff58a58b8b2,,
1.0,G02-260203-103219-952,G02-260203-103219-952.bmp,G02,2026-02-03T10:32:19,2026-02-03,G02_2026-02-03,952,val,normal,,1025,1281,1,27b11f185d9efba5371d52d335ce09defb05e60147b367f277f91f45eef149d6,,
1.0,G02-260203-103236-953,G02-260203-103236-953.bmp,G02,2026-02-03T10:32:36,2026-02-03,G02_2026-02-03,953,val,normal,,1025,1281,1,261cabc658c14358ff1280ccd211167d945cd2ebdb5a7245eef0309956147a67,,
1.0,G02-260203-103250-954,G02-260203-103250-954.bmp,G02,2026-02-03T10:32:50,2026-02-03,G02_2026-02-03,954,val,normal,,1025,1281,1,34d2ca2d930c800bd24ba2876e1280a81a580f2c861b22dfeaada2bd93d10bd5,,
1.0,G02-260203-103308-955,G02-260203-103308-955.bmp,G02,2026-02-03T10:33:08,2026-02-03,G02_2026-02-03,955,val,normal,,1025,1281,1,5aa896498792e1bd1f0bdcea673ad2323b50ca2c9125b0812b7ae7d7c0fb907d,,
1.0,G02-260203-103316-956,G02-260203-103316-956.bmp,G02,2026-02-03T10:33:16,2026-02-03,G02_2026-02-03,956,val,normal,,1025,1281,1,5aaccf0bbbf695e53e500c64be3c574198fff50f5f65a22cfe5f091943fa4127,,
1.0,G02-260203-103339-957,G02-260203-103339-957.bmp,G02,2026-02-03T10:33:39,2026-02-03,G02_2026-02-03,957,val,normal,,1025,1281,1,defceba4d986fd04976ef330f1aa7933f3a2fa06ddc73e66d1287c49878b70d7,,
1.0,G02-260203-103348-958,G02-260203-103348-958.bmp,G02,2026-02-03T10:33:48,2026-02-03,G02_2026-02-03,958,val,normal,,1025,1281,1,2db335e28c66e701a5220c0c0e85b9508f31bcb8b32781d8c2fd0e411e97f317,,
1.0,G02-260203-103410-959,G02-260203-103410-959.bmp,G02,2026-02-03T10:34:10,2026-02-03,G02_2026-02-03,959,val,normal,,1025,1281,1,607efd5910c43d92afb799e9feb80461ef49fbafb824badbe9a4d7826c457144,,
1.0,G02-260203-103453-960,G02-260203-103453-960.bmp,G02,2026-02-03T10:34:53,2026-02-03,G02_2026-02-03,960,val,normal,,1025,1281,1,aaf5b73f7972580596cd26982369e31d4bf61d7cbdaceba6331cefb3bfac2414,,
1.0,G02-260203-104036-961,G02-260203-104036-961.bmp,G02,2026-02-03T10:40:36,2026-02-03,G02_2026-02-03,961,val,normal,,1025,1281,1,3848acad4dbdd0983c36a035cbdef82b549c0857589da72358016f201a00e4a6,,
1.0,G02-260203-104221-962,G02-260203-104221-962.bmp,G02,2026-02-03T10:42:21,2026-02-03,G02_2026-02-03,962,val,normal,,1025,1281,1,88f96189480ec5f7a9f2d6f070fcc828ba4e720c5e2e8f607298e5c97922f53b,,
1.0,G02-260203-104936-963,G02-260203-104936-963.bmp,G02,2026-02-03T10:49:36,2026-02-03,G02_2026-02-03,963,val,normal,,1025,1281,1,8565d129a401931babd7b2178d6e921f4077882b1641ca91c8700a17a0e55b3a,,
1.0,G02-260203-111844-964,G02-260203-111844-964.bmp,G02,2026-02-03T11:18:44,2026-02-03,G02_2026-02-03,964,val,normal,,1025,1281,1,a9e5c7e4cf131c8c83d2216685f3e81f0e67659f61c773049c521fc0b6a7ec5a,,
1.0,G02-260203-122310-965,G02-260203-122310-965.bmp,G02,2026-02-03T12:23:10,2026-02-03,G02_2026-02-03,965,val,normal,,1025,1281,1,f7bdd3202989465a85af2a5df3fcca168dad944e8c660ff2e9a20bba64fdab14,,
1.0,G02-260203-122318-966,G02-260203-122318-966.bmp,G02,2026-02-03T12:23:18,2026-02-03,G02_2026-02-03,966,val,normal,,1025,1281,1,ac3642cfe55c9b915573c44bd92413a89aec1c512fb7c1575364cb61e7a90e4f,,
1.0,G02-260203-122336-967,G02-260203-122336-967.bmp,G02,2026-02-03T12:23:36,2026-02-03,G02_2026-02-03,967,val,normal,,1025,1281,1,a387ca08d9d8d5fdba5cd7af2cd59c9d075fbe3a8a9ab687e22102975b627d2d,,
1.0,G02-260203-122344-968,G02-260203-122344-968.bmp,G02,2026-02-03T12:23:44,2026-02-03,G02_2026-02-03,968,val,normal,,1025,1281,1,13616ef5d722e87783c14203620bbf99980511b490553a00bd7672a86238afdf,,
1.0,G02-260203-122350-969,G02-260203-122350-969.bmp,G02,2026-02-03T12:23:50,2026-02-03,G02_2026-02-03,969,val,normal,,1025,1281,1,2f2b82fba08a5b76b932049eeaed14df07b0146ab8b6ac9c75f219a21ba1fb94,,
1.0,G02-260203-122409-970,G02-260203-122409-970.bmp,G02,2026-02-03T12:24:09,2026-02-03,G02_2026-02-03,970,val,normal,,1025,1281,1,d869e56ad8a9fa5a48bada3e0966ae5683d919c50a9987f55b0d2e0abe909055,,
1.0,G02-260203-122433-971,G02-260203-122433-971.bmp,G02,2026-02-03T12:24:33,2026-02-03,G02_2026-02-03,971,val,normal,,1025,1281,1,6ab2b8828fd02ae7d4ebf0cb55afcadc4739d33500b584da69b0ed8b7cc488a1,,
1.0,G02-260203-122441-972,G02-260203-122441-972.bmp,G02,2026-02-03T12:24:41,2026-02-03,G02_2026-02-03,972,val,normal,,1025,1281,1,b7755243d6366801ba531552b782131fc101ec22d35c23c9edff3c11bbb2f6cc,,
1.0,G02-260203-122507-973,G02-260203-122507-973.bmp,G02,2026-02-03T12:25:07,2026-02-03,G02_2026-02-03,973,val,normal,,1025,1281,1,2748085dd0e1f9abba189e98c86d78c4664850ee7ccb3159bd990cee31a19403,,
1.0,G02-260203-122516-974,G02-260203-122516-974.bmp,G02,2026-02-03T12:25:16,2026-02-03,G02_2026-02-03,974,val,normal,,1025,1281,1,c32e89f50113f380ddd3857a4d74979567661b174be15b8f0eacf2f551a9a550,,
1.0,G02-260203-122538-975,G02-260203-122538-975.bmp,G02,2026-02-03T12:25:38,2026-02-03,G02_2026-02-03,975,val,normal,,1025,1281,1,5403908c376841452bc9bd103bf12cb8d6b428dffeacbc7ef18d6fa84c4f1b1d,,
1.0,G02-260203-122545-976,G02-260203-122545-976.bmp,G02,2026-02-03T12:25:45,2026-02-03,G02_2026-02-03,976,val,normal,,1025,1281,1,4e0b7f9716f2bc48461f06cefc723a18aafc6504c8c2514b274c78d88b0633c7,,
1.0,G02-260203-122609-977,G02-260203-122609-977.bmp,G02,2026-02-03T12:26:09,2026-02-03,G02_2026-02-03,977,val,normal,,1025,1281,1,a64e0a2822d6669dd0c7f6d6a9a295e717dd16cef69c94e904d8b78b8b487d26,,
1.0,G02-260203-122617-978,G02-260203-122617-978.bmp,G02,2026-02-03T12:26:17,2026-02-03,G02_2026-02-03,978,val,normal,,1025,1281,1,0bdfda11bbbe7ab06a5895a4f8f854a473e6ee7836e7aca78d37df24153fbac3,,
1.0,G02-260203-122641-979,G02-260203-122641-979.bmp,G02,2026-02-03T12:26:41,2026-02-03,G02_2026-02-03,979,val,normal,,1025,1281,1,20d960c43eadfc350137930104c6221633d1cefe9aecd59dd1ba6f6ac0d9cdc7,,
1.0,G02-260203-122649-980,G02-260203-122649-980.bmp,G02,2026-02-03T12:26:49,2026-02-03,G02_2026-02-03,980,val,normal,,1025,1281,1,d833da810e48d7a7a89e59b584a28960ff703f3017bcb1086f9f0b35cf924f3e,,
1.0,G02-260203-122710-981,G02-260203-122710-981.bmp,G02,2026-02-03T12:27:10,2026-02-03,G02_2026-02-03,981,val,normal,,1025,1281,1,08628ce2436fac2bf5707bfa0d654eba55ffc8def252c27d21ca04668427b508,,
1.0,G02-260203-122718-982,G02-260203-122718-982.bmp,G02,2026-02-03T12:27:18,2026-02-03,G02_2026-02-03,982,val,normal,,1025,1281,1,5dc62d35d5f1486bb67898d60c9695c0e9dc071fdee6f8164770a952c32b5b93,,
1.0,G02-260203-122739-983,G02-260203-122739-983.bmp,G02,2026-02-03T12:27:39,2026-02-03,G02_2026-02-03,983,val,normal,,1025,1281,1,121c5ec8acb7f5a02c198c122f7d4dc096e912082c117afa9f2473b376e5a8d7,,
1.0,G02-260203-122746-984,G02-260203-122746-984.bmp,G02,2026-02-03T12:27:46,2026-02-03,G02_2026-02-03,984,val,normal,,1025,1281,1,2ef0a67b49ae38337afae0365f17e662832a7b9b02ce7646817de2242ee9850a,,
1.0,G02-260203-122810-985,G02-260203-122810-985.bmp,G02,2026-02-03T12:28:10,2026-02-03,G02_2026-02-03,985,val,normal,,1025,1281,1,d5736c05a1df561a71c62e9be6a505a9fe448a634b58df18b3e5dcbc7a970448,,
1.0,G02-260203-122819-986,G02-260203-122819-986.bmp,G02,2026-02-03T12:28:19,2026-02-03,G02_2026-02-03,986,val,normal,,1025,1281,1,13998cc02c1b9af245be44e9cfd8252dc2c5978c09fd0285f0680c6c2764b160,,
1.0,G02-260203-122839-987,G02-260203-122839-987.bmp,G02,2026-02-03T12:28:39,2026-02-03,G02_2026-02-03,987,val,normal,,1025,1281,1,fae14d94c6ad35ea1d81f856647601f57a6fc3f25083478f2bedc20dbf3c6c32,,
1.0,G02-260203-122848-988,G02-260203-122848-988.bmp,G02,2026-02-03T12:28:48,2026-02-03,G02_2026-02-03,988,val,normal,,1025,1281,1,8625a3b906201bf2e391916fa4e5719b927d904e285df45dbf77460975173e04,,
1.0,G02-260203-122910-989,G02-260203-122910-989.bmp,G02,2026-02-03T12:29:10,2026-02-03,G02_2026-02-03,989,val,normal,,1025,1281,1,607992dea845d8dd942ef0abe442146be32fd98cbcfab4dfa1f69aa296ca6053,,
1.0,G02-260203-122918-990,G02-260203-122918-990.bmp,G02,2026-02-03T12:29:18,2026-02-03,G02_2026-02-03,990,val,normal,,1025,1281,1,4876a74d3a252ea2ae169f27f684a684a911863b45d2940a97e3ef8bad3d1b61,,
1.0,G02-260203-122940-991,G02-260203-122940-991.bmp,G02,2026-02-03T12:29:40,2026-02-03,G02_2026-02-03,991,val,normal,,1025,1281,1,f41607e5b30373332e5bbf49795512d06eee41934dba6cf32e8c04892b7e6118,,
1.0,G02-260203-122948-992,G02-260203-122948-992.bmp,G02,2026-02-03T12:29:48,2026-02-03,G02_2026-02-03,992,val,normal,,1025,1281,1,74ea1679ef1a585a84d7b0321549394826c3e8931c230b2f3003c5fdcb22048c,,
1.0,G02-260203-123009-993,G02-260203-123009-993.bmp,G02,2026-02-03T12:30:09,2026-02-03,G02_2026-02-03,993,val,normal,,1025,1281,1,d359375cfc7d4b84c8375b006f3e1ab796105e5253b29f1528188dcbb553e8ed,,
1.0,G02-260203-123040-994,G02-260203-123040-994.bmp,G02,2026-02-03T12:30:40,2026-02-03,G02_2026-02-03,994,val,normal,,1025,1281,1,22b9b41fdacf43a121270961cbdafebe135b67282e0a7f14314fbc41b9fa2e84,,
1.0,G02-260203-123051-995,G02-260203-123051-995.bmp,G02,2026-02-03T12:30:51,2026-02-03,G02_2026-02-03,995,val,normal,,1025,1281,1,8c0f486f96b5ae8c3c102202d024738bdcf3025631c2df2da7bb47e4d434d142,,
1.0,G02-260203-123108-996,G02-260203-123108-996.bmp,G02,2026-02-03T12:31:08,2026-02-03,G02_2026-02-03,996,val,normal,,1025,1281,1,ac8d83a2fba84c29a2fbb0a7434fd07710c328590060aa5a8cc4f2059b315c37,,
1.0,G02-260203-123116-997,G02-260203-123116-997.bmp,G02,2026-02-03T12:31:16,2026-02-03,G02_2026-02-03,997,val,normal,,1025,1281,1,bb578ebddfb7f2dca690a1ddf0fab8daac33b4cba55d03165d068f97f5c51d72,,
1.0,G02-260203-123139-998,G02-260203-123139-998.bmp,G02,2026-02-03T12:31:39,2026-02-03,G02_2026-02-03,998,val,normal,,1025,1281,1,30eed44fe0bc1b9ba02c5b2693c6a74fb6a303ab092ad2a40d7f028949d9170e,,
1.0,G02-260203-123148-999,G02-260203-123148-999.bmp,G02,2026-02-03T12:31:48,2026-02-03,G02_2026-02-03,999,val,normal,,1025,1281,1,50df5e6c20c47a00d707456b4492eadca6d771fad803774b377a460a0393d857,,
1.0,G02-260203-123208-000,G02-260203-123208-000.bmp,G02,2026-02-03T12:32:08,2026-02-03,G02_2026-02-03,0,val,normal,,1025,1281,1,d58850bbd9bcdbf2fd300fe7b00ca41e9724585adec8b49ee91922ed27ff76ae,,
1.0,G02-260203-123216-001,G02-260203-123216-001.bmp,G02,2026-02-03T12:32:16,2026-02-03,G02_2026-02-03,1,val,normal,,1025,1281,1,6930c4f9039515341ffac94106e1ef96affe6321f0988d4fd88d5aa7b8e8558d,,
1.0,G02-260203-123240-002,G02-260203-123240-002.bmp,G02,2026-02-03T12:32:40,2026-02-03,G02_2026-02-03,2,val,normal,,1025,1281,1,47104bfe6e70279645fb0f7135ae958e017870918ca9a1dfec65c1ac2567a8ae,,
1.0,G02-260203-123250-003,G02-260203-123250-003.bmp,G02,2026-02-03T12:32:50,2026-02-03,G02_2026-02-03,3,val,normal,,1025,1281,1,27704a4098b113a81fd9001feec726ca051e7bf1f90582364f010ef9e692cbe9,,
1.0,G02-260203-123310-004,G02-260203-123310-004.bmp,G02,2026-02-03T12:33:10,2026-02-03,G02_2026-02-03,4,val,normal,,1025,1281,1,d3d40c2a5c5275af177f362bb9fe71809225c4302199c84a765e7af03692e38f,,
1.0,G02-260203-123318-005,G02-260203-123318-005.bmp,G02,2026-02-03T12:33:18,2026-02-03,G02_2026-02-03,5,val,normal,,1025,1281,1,7110ccc7591959af69f79d4173fac7ba404d9e592614315b0aa65aa7b489f1ff,,
1.0,G02-260203-123341-006,G02-260203-123341-006.bmp,G02,2026-02-03T12:33:41,2026-02-03,G02_2026-02-03,6,val,normal,,1025,1281,1,ff318083d68855ab232e7c89d17d5ce71b811a5d1ce93992b0d5c1669c20411b,,
1.0,G02-260203-123349-007,G02-260203-123349-007.bmp,G02,2026-02-03T12:33:49,2026-02-03,G02_2026-02-03,7,val,normal,,1025,1281,1,86ab778bef2356236f4891fbd14871b874c06e0b84588216b57a89749ab82029,,
1.0,G02-260203-123410-008,G02-260203-123410-008.bmp,G02,2026-02-03T12:34:10,2026-02-03,G02_2026-02-03,8,val,normal,,1025,1281,1,c81be6836c365bc077908c73490695329f009cf8b5320ec0894e344f3545804d,,
1.0,G02-260203-123422-009,G02-260203-123422-009.bmp,G02,2026-02-03T12:34:22,2026-02-03,G02_2026-02-03,9,val,normal,,1025,1281,1,9e729503216081a17e20fd2757aafe0e2d32aa7bd6be94707d73f96c0f99a5d0,,
1.0,G02-260203-123438-010,G02-260203-123438-010.bmp,G02,2026-02-03T12:34:38,2026-02-03,G02_2026-02-03,10,val,normal,,1025,1281,1,998c26ff0cb12f7566ca93f0c29106cb34f1e41807e23755dc2d9b8f94c16248,,
1.0,G02-260203-123446-011,G02-260203-123446-011.bmp,G02,2026-02-03T12:34:46,2026-02-03,G02_2026-02-03,11,val,normal,,1025,1281,1,23453ccfa3ac1eccc104af684e8213c7d824c587bdee4d2a1d40e75b71a514bb,,
1.0,G02-260203-123509-012,G02-260203-123509-012.bmp,G02,2026-02-03T12:35:09,2026-02-03,G02_2026-02-03,12,val,normal,,1025,1281,1,fa24f51487f6d633d9209c35db29361331eacc568df0da7f6894153f8ff99403,,
1.0,G02-260203-123517-013,G02-260203-123517-013.bmp,G02,2026-02-03T12:35:17,2026-02-03,G02_2026-02-03,13,val,normal,,1025,1281,1,29ee85fb5499836066ed48228163da4b30f156228c0af101c70e1bb4e486d631,,
1.0,G02-260203-123539-014,G02-260203-123539-014.bmp,G02,2026-02-03T12:35:39,2026-02-03,G02_2026-02-03,14,val,normal,,1025,1281,1,8c5ccdab0a3241e36566465c7dfb2d9e4ead32b163bad3cc1b98f80a716103e8,,
1.0,G02-260203-123546-015,G02-260203-123546-015.bmp,G02,2026-02-03T12:35:46,2026-02-03,G02_2026-02-03,15,val,normal,,1025,1281,1,df52d0f95bdbbe652793d8546d0270102ab3000787dee0a87e6cf2b608593137,,
1.0,G02-260203-123609-016,G02-260203-123609-016.bmp,G02,2026-02-03T12:36:09,2026-02-03,G02_2026-02-03,16,val,normal,,1025,1281,1,c6e5438c527963363f94bffb683f5cb71e36a622b366aad06a54be0edb624079,,
1.0,G02-260203-123616-017,G02-260203-123616-017.bmp,G02,2026-02-03T12:36:16,2026-02-03,G02_2026-02-03,17,val,normal,,1025,1281,1,f0e62141a2bf3fc7b2d70a1be3211218a4a470915f581aaff03b46d2deda0e04,,
1.0,G02-260203-123638-018,G02-260203-123638-018.bmp,G02,2026-02-03T12:36:38,2026-02-03,G02_2026-02-03,18,val,normal,,1025,1281,1,bc2ac71fa039b61f578750b6049cf852bfb52964fcb29f5b9c67599461a7f13e,,
1.0,G02-260203-123648-019,G02-260203-123648-019.bmp,G02,2026-02-03T12:36:48,2026-02-03,G02_2026-02-03,19,val,normal,,1025,1281,1,f74da8329debe22263174f364ed5047271312b6d9a140c570634abfc0c3596b0,,
1.0,G02-260203-123710-020,G02-260203-123710-020.bmp,G02,2026-02-03T12:37:10,2026-02-03,G02_2026-02-03,20,val,normal,,1025,1281,1,a81764439038528703edb8f4cf704c993dd06a520fb87c747aa6898e25d7afa2,,
1.0,G02-260203-123719-021,G02-260203-123719-021.bmp,G02,2026-02-03T12:37:19,2026-02-03,G02_2026-02-03,21,val,normal,,1025,1281,1,0dab2341ba09a97d2d4399e5986fe9e5a2412f05b3e434044fef88d627336944,,
1.0,G02-260203-123740-022,G02-260203-123740-022.bmp,G02,2026-02-03T12:37:40,2026-02-03,G02_2026-02-03,22,val,normal,,1025,1281,1,bfc2dc49aca75044e7410740831480bc73c240503c12c7b86a24c8190acb914a,,
1.0,G02-260203-123748-023,G02-260203-123748-023.bmp,G02,2026-02-03T12:37:48,2026-02-03,G02_2026-02-03,23,val,normal,,1025,1281,1,b4f1af27b79ad4b370f244485355dc279dabeba84a39d7630c6a9315eebf25e1,,
1.0,G02-260203-123811-024,G02-260203-123811-024.bmp,G02,2026-02-03T12:38:11,2026-02-03,G02_2026-02-03,24,val,normal,,1025,1281,1,67fde1d578a1f1349e19dc986d25b19a204cad62c364ea8a5b46d6637e1bb7da,,
1.0,G02-260203-123819-025,G02-260203-123819-025.bmp,G02,2026-02-03T12:38:19,2026-02-03,G02_2026-02-03,25,val,normal,,1025,1281,1,a3f77682932bf951300351bf6a1d9dd652cede1e5a61f4116d3f3540b3bed280,,
1.0,G02-260203-123841-026,G02-260203-123841-026.bmp,G02,2026-02-03T12:38:41,2026-02-03,G02_2026-02-03,26,val,normal,,1025,1281,1,85564e8dda9c5e19dbc974b0432d10d5e05fddc27a53cc28f5fc7abfc5d03fa7,,
1.0,G02-260203-123849-027,G02-260203-123849-027.bmp,G02,2026-02-03T12:38:49,2026-02-03,G02_2026-02-03,27,val,normal,,1025,1281,1,dc6bc11677471f1bc31710f99424326b1d5f5c8a8df331edc17873d9d3cc5e02,,
1.0,G02-260203-123911-028,G02-260203-123911-028.bmp,G02,2026-02-03T12:39:11,2026-02-03,G02_2026-02-03,28,val,normal,,1025,1281,1,c8085ccc7f46ff418e2a6ca2666e6d19f647e29c6735ff8fb6315881d40459dd,,
1.0,G02-260203-123919-029,G02-260203-123919-029.bmp,G02,2026-02-03T12:39:19,2026-02-03,G02_2026-02-03,29,val,normal,,1025,1281,1,7fb21c5ea85f5a88503784571728915f5141c797b8884a5cba3a0aa3866244cc,,
1.0,G02-260203-123940-030,G02-260203-123940-030.bmp,G02,2026-02-03T12:39:40,2026-02-03,G02_2026-02-03,30,val,normal,,1025,1281,1,5dfc4f3b80fb4870e2fe3cd895cb5fee1b901d4ff1bf49c67304e6ce72189c80,,
1.0,G02-260203-123948-031,G02-260203-123948-031.bmp,G02,2026-02-03T12:39:48,2026-02-03,G02_2026-02-03,31,val,normal,,1025,1281,1,a1d284be4ad59b4a04f9bfdcd080afb4c2bb18bf5dd5ed4a038c440a11a726e5,,
1.0,G02-260203-124010-032,G02-260203-124010-032.bmp,G02,2026-02-03T12:40:10,2026-02-03,G02_2026-02-03,32,val,normal,,1025,1281,1,00148ccf9413a71ea7507dda0d8bb781eefb06065b8aef9d9bc28b605214247c,,
1.0,G02-260203-124019-033,G02-260203-124019-033.bmp,G02,2026-02-03T12:40:19,2026-02-03,G02_2026-02-03,33,val,normal,,1025,1281,1,4b53b47acfa4e741c83ff71b3197b8024fc7d3720029babc86ce8198000d30c5,,
1.0,G02-260203-124040-034,G02-260203-124040-034.bmp,G02,2026-02-03T12:40:40,2026-02-03,G02_2026-02-03,34,val,normal,,1025,1281,1,872c8d1a72107e18db8e552ae6de429dd51e8b484fffe73846d799bc5d97c86b,,
1.0,G02-260203-124050-035,G02-260203-124050-035.bmp,G02,2026-02-03T12:40:50,2026-02-03,G02_2026-02-03,35,val,normal,,1025,1281,1,a02a3ea587d1737b08693c37f39dc8ee1690097abdd8d543dd216ed1415f105b,,
1.0,G02-260203-124111-036,G02-260203-124111-036.bmp,G02,2026-02-03T12:41:11,2026-02-03,G02_2026-02-03,36,val,normal,,1025,1281,1,8d41a6dca788cf5190ba2a3e3268a816efa9108496ca4673e5036dc34c79c155,,
1.0,G02-260203-124118-037,G02-260203-124118-037.bmp,G02,2026-02-03T12:41:18,2026-02-03,G02_2026-02-03,37,val,normal,,1025,1281,1,053a372447ea5f0c4cbf6d16825396d25841a45d052201d8367e1789f94addc1,,
1.0,G02-260203-124141-038,G02-260203-124141-038.bmp,G02,2026-02-03T12:41:41,2026-02-03,G02_2026-02-03,38,val,normal,,1025,1281,1,36a37ce632f84a94aa22649dca98993d10e4382285aed801593467eda5e84600,,
1.0,G02-260203-124148-039,G02-260203-124148-039.bmp,G02,2026-02-03T12:41:48,2026-02-03,G02_2026-02-03,39,val,normal,,1025,1281,1,4702dfdbb9803bf59b9ebcc4d42591fe168ef73ddae62ab68c57d025909d5a53,,
1.0,G02-260203-124209-040,G02-260203-124209-040.bmp,G02,2026-02-03T12:42:09,2026-02-03,G02_2026-02-03,40,val,normal,,1025,1281,1,57ac3c82824fb4387b21ec8fd17a843e72fbc8b7acc160de09ad75fc5b0e5ca5,,
1.0,G02-260203-124219-041,G02-260203-124219-041.bmp,G02,2026-02-03T12:42:19,2026-02-03,G02_2026-02-03,41,val,normal,,1025,1281,1,ccdbe3edcf24e3a97e8915eee401609ce2240e58813641f84c4e06a9725b97e9,,
1.0,G02-260203-124241-042,G02-260203-124241-042.bmp,G02,2026-02-03T12:42:41,2026-02-03,G02_2026-02-03,42,val,normal,,1025,1281,1,26bc91c887e9ef1059af60c8e4fea0c77642a325cb004603664670671389ea3d,,
1.0,G02-260203-124251-043,G02-260203-124251-043.bmp,G02,2026-02-03T12:42:51,2026-02-03,G02_2026-02-03,43,val,normal,,1025,1281,1,a6990b5eddba76cc8532c03fa3f75c3f8154272af888939fe96130664fd99649,,
1.0,G02-260203-124309-044,G02-260203-124309-044.bmp,G02,2026-02-03T12:43:09,2026-02-03,G02_2026-02-03,44,val,normal,,1025,1281,1,b1350a253cdd147a36a53acfc9b8dbb03913cc5c6cee025f4d69990d20f2eadd,,
1.0,G02-260203-124342-045,G02-260203-124342-045.bmp,G02,2026-02-03T12:43:42,2026-02-03,G02_2026-02-03,45,val,normal,,1025,1281,1,9b8043fa7e668b1fa8401c1d2749239bee44468105c6bf0bcb5081b8bbfc6a5f,,
1.0,G02-260203-124354-046,G02-260203-124354-046.bmp,G02,2026-02-03T12:43:54,2026-02-03,G02_2026-02-03,46,val,normal,,1025,1281,1,6fc7b83d235046e3e962632fc48d4c1f20e4de009e1cfca97bc3a230c9b38822,,
1.0,G02-260203-124417-047,G02-260203-124417-047.bmp,G02,2026-02-03T12:44:17,2026-02-03,G02_2026-02-03,47,val,normal,,1025,1281,1,e2f38dba38b2d9ae18420f17882ffddd61b394de914d4ed508d11bd17ef29578,,
1.0,G02-260203-124446-048,G02-260203-124446-048.bmp,G02,2026-02-03T12:44:46,2026-02-03,G02_2026-02-03,48,val,normal,,1025,1281,1,9edcb163d8df6c0205ebfcb1b08b0f5d46fca51afa41369b79840a2de163d961,,
1.0,G02-260203-124500-049,G02-260203-124500-049.bmp,G02,2026-02-03T12:45:00,2026-02-03,G02_2026-02-03,49,val,normal,,1025,1281,1,5f97c2ab832423c823d5e53b6e37265afe199d4cc370a5df77bc545b7da0c748,,
1.0,G02-260203-124508-050,G02-260203-124508-050.bmp,G02,2026-02-03T12:45:08,2026-02-03,G02_2026-02-03,50,val,normal,,1025,1281,1,37134fa5a53cc05751546800e887002e6063f8b0d539ddeca72778ce9d95bbff,,
1.0,G02-260203-124517-051,G02-260203-124517-051.bmp,G02,2026-02-03T12:45:17,2026-02-03,G02_2026-02-03,51,val,normal,,1025,1281,1,aad17dff1fa3b225c99d6641c48e0777a660829c24d12252fd06c324a55a92ff,,
1.0,G02-260203-124551-052,G02-260203-124551-052.bmp,G02,2026-02-03T12:45:51,2026-02-03,G02_2026-02-03,52,val,normal,,1025,1281,1,b852f8945d98acd4125e3a65e4746b23749a4eaef55b91eb62395f60ef701637,,
1.0,G02-260203-124557-053,G02-260203-124557-053.bmp,G02,2026-02-03T12:45:57,2026-02-03,G02_2026-02-03,53,val,normal,,1025,1281,1,d691f43a202af3d36355cab8976a045d31ba4c6df00e152d1c606fd4cfcf3744,,
1.0,G02-260203-124607-054,G02-260203-124607-054.bmp,G02,2026-02-03T12:46:07,2026-02-03,G02_2026-02-03,54,val,normal,,1025,1281,1,e679d57abe40f0dae31e16b684c58e9c9c5728cd66349c542e08aa8cfd5f84ba,,
1.0,G02-260203-124641-055,G02-260203-124641-055.bmp,G02,2026-02-03T12:46:41,2026-02-03,G02_2026-02-03,55,val,normal,,1025,1281,1,e04bbabae6bc3b17379b08335fa487af9c6f56e78ef41d29c69c92a8e644ffa0,,
1.0,G02-260203-124648-056,G02-260203-124648-056.bmp,G02,2026-02-03T12:46:48,2026-02-03,G02_2026-02-03,56,val,normal,,1025,1281,1,8b6d729083ad55d226bcc2b3584ab5ac7f4de4f78328c6623efa20c04d6e4fbd,,
1.0,G02-260203-124710-057,G02-260203-124710-057.bmp,G02,2026-02-03T12:47:10,2026-02-03,G02_2026-02-03,57,val,normal,,1025,1281,1,5cd7d62ce4021a7e9218f03a0afa74c5efb3621f0bfd599dc48a932318a8bfc5,,
1.0,G02-260203-124718-058,G02-260203-124718-058.bmp,G02,2026-02-03T12:47:18,2026-02-03,G02_2026-02-03,58,val,normal,,1025,1281,1,2deb12dd37a5384b5ec688a08de4d2ce6ae22270bbf4009553f843fae90b1e54,,
1.0,G02-260203-124739-059,G02-260203-124739-059.bmp,G02,2026-02-03T12:47:39,2026-02-03,G02_2026-02-03,59,val,normal,,1025,1281,1,64fb64cf1f57efeae9f7ac3375a606ae664a02bbd2814b86b316e6b345d8cc9b,,
1.0,G02-260203-124748-060,G02-260203-124748-060.bmp,G02,2026-02-03T12:47:48,2026-02-03,G02_2026-02-03,60,val,normal,,1025,1281,1,bc4443fb59f6ab2d8c586323e7be95b2a221a9157934f5ce80c80b8f649cd702,,
1.0,G02-260203-124811-061,G02-260203-124811-061.bmp,G02,2026-02-03T12:48:11,2026-02-03,G02_2026-02-03,61,val,normal,,1025,1281,1,6170102f8f0fb27347e3de4b5e175990d0443b0a009df192a7e19bf2b9a3e7cd,,
1.0,G02-260203-124841-062,G02-260203-124841-062.bmp,G02,2026-02-03T12:48:41,2026-02-03,G02_2026-02-03,62,val,normal,,1025,1281,1,aba9b5c3122b5736207dd2d2c9f7523659eff45df0c15cc1b481100d11ff6d96,,
1.0,G02-260203-124849-063,G02-260203-124849-063.bmp,G02,2026-02-03T12:48:49,2026-02-03,G02_2026-02-03,63,val,normal,,1025,1281,1,1bf8e95b9b8f454eea508d00f9e75c905a2e79323e4df76ea59ab90c8c521803,,
1.0,G02-260203-124938-064,G02-260203-124938-064.bmp,G02,2026-02-03T12:49:38,2026-02-03,G02_2026-02-03,64,val,normal,,1025,1281,1,3612262ebdc316a6c9a214b631cf7a43804b09a0a7ba938afea9c9a2805ba13a,,
1.0,G02-260203-124942-065,G02-260203-124942-065.bmp,G02,2026-02-03T12:49:42,2026-02-03,G02_2026-02-03,65,val,normal,,1025,1281,1,5e4c83a91b0c7e407f1636048e355a47c87cd58997f0d50454c2f4c066162bbc,,
1.0,G02-260203-124948-066,G02-260203-124948-066.bmp,G02,2026-02-03T12:49:48,2026-02-03,G02_2026-02-03,66,val,normal,,1025,1281,1,df08290b4eb2d155ce9491ec6066598e8c573869e67d89e1764d82746f97f76e,,
1.0,G02-260203-124955-067,G02-260203-124955-067.bmp,G02,2026-02-03T12:49:55,2026-02-03,G02_2026-02-03,67,val,normal,,1025,1281,1,2ad2efa77680d55561430b8f1d366e56d98e4bdd6fce11470f505e54ee3c7ef8,,
1.0,G02-260203-125041-068,G02-260203-125041-068.bmp,G02,2026-02-03T12:50:41,2026-02-03,G02_2026-02-03,68,val,normal,,1025,1281,1,98a1832f512ae334ba694f88099e5628057842975ed2dc966fb2b5133b15ad67,,
1.0,G02-260203-125050-069,G02-260203-125050-069.bmp,G02,2026-02-03T12:50:50,2026-02-03,G02_2026-02-03,69,val,normal,,1025,1281,1,98a3c9a4b7ac3f959525ea0d39a0046c01efd4cb240e9cbf40787f2d6bd90525,,
1.0,G02-260203-125123-070,G02-260203-125123-070.bmp,G02,2026-02-03T12:51:23,2026-02-03,G02_2026-02-03,70,val,normal,,1025,1281,1,8fb96694fc83320cd3eb5b64a4360aef8fb375993742915d742e9d715e70d2d3,,
1.0,G02-260203-125129-071,G02-260203-125129-071.bmp,G02,2026-02-03T12:51:29,2026-02-03,G02_2026-02-03,71,val,normal,,1025,1281,1,8aeb7521e327bed28b21f68eb4f61c213a3577847b135da6e0ffae5a859b3f86,,
1.0,G02-260203-133452-072,G02-260203-133452-072.bmp,G02,2026-02-03T13:34:52,2026-02-03,G02_2026-02-03,72,val,normal,,1025,1281,1,bfa58e337477b90caa9ada4fed38cd0198664d1c0590396f5beec7860900b9e5,,
1.0,G02-260203-133501-073,G02-260203-133501-073.bmp,G02,2026-02-03T13:35:01,2026-02-03,G02_2026-02-03,73,val,normal,,1025,1281,1,b3fa6d53709a067efcd9bed478c5cb34c776e29fbdedfe16c56dbf87acdccfde,,
1.0,G02-260203-133511-074,G02-260203-133511-074.bmp,G02,2026-02-03T13:35:11,2026-02-03,G02_2026-02-03,74,val,normal,,1025,1281,1,3797bd99c2df1fee4256dfb5d033ea9c449778af21853419a3ccfdc6392f2185,,
1.0,G02-260203-133521-075,G02-260203-133521-075.bmp,G02,2026-02-03T13:35:21,2026-02-03,G02_2026-02-03,75,val,normal,,1025,1281,1,4628562bda81ce75ce0fec2c1ee2f5e89823226692e34d83271aecfad98ba04d,,
1.0,G02-260203-133532-076,G02-260203-133532-076.bmp,G02,2026-02-03T13:35:32,2026-02-03,G02_2026-02-03,76,val,normal,,1025,1281,1,0eefb56477643a375d8567289f4c2f2dd38bcb961644505988e64e3a9197959c,,
1.0,G02-260203-133542-077,G02-260203-133542-077.bmp,G02,2026-02-03T13:35:42,2026-02-03,G02_2026-02-03,77,val,normal,,1025,1281,1,1cafa58ba2e0319378a32272e232a6bd3398abd1ff3e7e28d37206a7755c99ed,,
1.0,G02-260203-133551-078,G02-260203-133551-078.bmp,G02,2026-02-03T13:35:51,2026-02-03,G02_2026-02-03,78,val,normal,,1025,1281,1,52df27124a930ba26179639caa4ec41911c2c00a29a58e3a9ea409663eee5314,,
1.0,G02-260203-133601-079,G02-260203-133601-079.bmp,G02,2026-02-03T13:36:01,2026-02-03,G02_2026-02-03,79,val,normal,,1025,1281,1,31ca69561842622ba0a69ea4c2be0b769b058b5242bfbfed2df0db7770e996b3,,
1.0,G02-260203-133607-080,G02-260203-133607-080.bmp,G02,2026-02-03T13:36:07,2026-02-03,G02_2026-02-03,80,val,normal,,1025,1281,1,b1ffc687b493c25d26bdd85c17e6c875e21ce0f4b6a2f8c251f164cba0b939e3,,
1.0,G02-260203-133651-081,G02-260203-133651-081.bmp,G02,2026-02-03T13:36:51,2026-02-03,G02_2026-02-03,81,val,normal,,1025,1281,1,a8b106dd820e9376723cf94fa9613bbac433bf34faebe7e8c0df70263d349692,,
1.0,G02-260203-133724-082,G02-260203-133724-082.bmp,G02,2026-02-03T13:37:24,2026-02-03,G02_2026-02-03,82,val,normal,,1025,1281,1,df47fe97101921f40efb55e7c16b5ac3e8ea2303832f9877318699a2fe5da7c5,,
1.0,G02-260203-133734-083,G02-260203-133734-083.bmp,G02,2026-02-03T13:37:34,2026-02-03,G02_2026-02-03,83,val,normal,,1025,1281,1,af91be1368ca104a275d43db39974d15418acf62f2ccf4d4cb59b9383bb652f7,,
1.0,G02-260203-133755-084,G02-260203-133755-084.bmp,G02,2026-02-03T13:37:55,2026-02-03,G02_2026-02-03,84,val,normal,,1025,1281,1,0cabf8a4e80e9183371e7ce736aca493ca7c7a079413121b17726cb726fbfd32,,
1.0,G02-260203-133803-085,G02-260203-133803-085.bmp,G02,2026-02-03T13:38:03,2026-02-03,G02_2026-02-03,85,val,normal,,1025,1281,1,fb23732f8a66313339bd5f454db03216daaf58e9c3e8fa086aee24c4b1acec0b,,
1.0,G02-260203-133825-086,G02-260203-133825-086.bmp,G02,2026-02-03T13:38:25,2026-02-03,G02_2026-02-03,86,val,normal,,1025,1281,1,cc83a3c9b76831c38759cb015e77f6b5101627bd9661fac3be17e98443898505,,
1.0,G02-260203-133835-087,G02-260203-133835-087.bmp,G02,2026-02-03T13:38:35,2026-02-03,G02_2026-02-03,87,val,normal,,1025,1281,1,e5d8cc2dc982de54bf32f92da8d12911fd96730c3676bc6f07cccb78cf7f59a2,,
1.0,G02-260203-133856-088,G02-260203-133856-088.bmp,G02,2026-02-03T13:38:56,2026-02-03,G02_2026-02-03,88,val,normal,,1025,1281,1,9da4c13c7e22436da4f0d04b9e0929e5c2bcae889cb1e0272e328a6f9531e6db,,
1.0,G02-260203-133905-089,G02-260203-133905-089.bmp,G02,2026-02-03T13:39:05,2026-02-03,G02_2026-02-03,89,val,normal,,1025,1281,1,6aba69c975cca477d63ff74e2fb67bb4f1d5834bbdbfe77cee71934d822ceaf8,,
1.0,G02-260203-133925-090,G02-260203-133925-090.bmp,G02,2026-02-03T13:39:25,2026-02-03,G02_2026-02-03,90,val,normal,,1025,1281,1,e1ce6a1715a20211705d7a3a1d2b8b370df98f2639e59b0e72d6f1717da5adc1,,
1.0,G02-260203-133934-091,G02-260203-133934-091.bmp,G02,2026-02-03T13:39:34,2026-02-03,G02_2026-02-03,91,val,normal,,1025,1281,1,60dc1b35b1ca8a7ad2a62f587994507db8025f1e9a76d7818492fe06fa7f79a6,,
1.0,G02-260203-133956-092,G02-260203-133956-092.bmp,G02,2026-02-03T13:39:56,2026-02-03,G02_2026-02-03,92,val,normal,,1025,1281,1,cb2ba1ec186dba2c7ecfb48c4c924316baa92631b1d5c014e6a2c159baf5a550,,
1.0,G02-260203-134005-093,G02-260203-134005-093.bmp,G02,2026-02-03T13:40:05,2026-02-03,G02_2026-02-03,93,val,normal,,1025,1281,1,51254d7111c082d8c2b45f13c06f88b34573648f626c5d398b59bdf9e959eccf,,
1.0,G02-260203-134025-094,G02-260203-134025-094.bmp,G02,2026-02-03T13:40:25,2026-02-03,G02_2026-02-03,94,val,normal,,1025,1281,1,2131ce0310d5d6615aa4df5699ee1ef8c57a329b582ef12387d8ddd2f3c31fef,,
1.0,G02-260203-134036-095,G02-260203-134036-095.bmp,G02,2026-02-03T13:40:36,2026-02-03,G02_2026-02-03,95,val,normal,,1025,1281,1,3c15eaa9f252fbaf8b63099a99bae4b656d216077ce5c27264f5791c76db5bdd,,
1.0,G02-260203-134055-096,G02-260203-134055-096.bmp,G02,2026-02-03T13:40:55,2026-02-03,G02_2026-02-03,96,val,normal,,1025,1281,1,0a937f5a4b9d6835d55d39219be4c62b6e4b1db46c9d451d1523d6f23846f4cb,,
1.0,G02-260203-134108-097,G02-260203-134108-097.bmp,G02,2026-02-03T13:41:08,2026-02-03,G02_2026-02-03,97,val,normal,,1025,1281,1,a509d6778642fce21ae2ee13060bd3586315940d56c7987de20e7c808e224701,,
1.0,G02-260203-134126-098,G02-260203-134126-098.bmp,G02,2026-02-03T13:41:26,2026-02-03,G02_2026-02-03,98,val,normal,,1025,1281,1,60a971494a1e15623ff4951be91583267742966f5c877d86ad3763a02d5311ac,,
1.0,G02-260203-134134-099,G02-260203-134134-099.bmp,G02,2026-02-03T13:41:34,2026-02-03,G02_2026-02-03,99,val,normal,,1025,1281,1,cd6ab0be3818a89ea6ff798e5e1dcf175d74b721248deb807840d8023f60ca4a,,
1.0,G02-260203-134156-100,G02-260203-134156-100.bmp,G02,2026-02-03T13:41:56,2026-02-03,G02_2026-02-03,100,val,normal,,1025,1281,1,aa51d7464b8d8c1e8bd33c65222f4b4a72eef691cae699e7dac7ad0adf5e9f09,,
1.0,G02-260203-134206-101,G02-260203-134206-101.bmp,G02,2026-02-03T13:42:06,2026-02-03,G02_2026-02-03,101,val,normal,,1025,1281,1,0c571d67e3734fcef605923046b7af35e8bd86d9b1499e0c93512842fcf8cdf1,,
1.0,G02-260203-134226-102,G02-260203-134226-102.bmp,G02,2026-02-03T13:42:26,2026-02-03,G02_2026-02-03,102,val,normal,,1025,1281,1,a171e153bfd1360cc7b6b974403182ccd4514077151368f979e66252323e6425,,
1.0,G02-260203-134238-103,G02-260203-134238-103.bmp,G02,2026-02-03T13:42:38,2026-02-03,G02_2026-02-03,103,val,normal,,1025,1281,1,bd7507204fe2075ee74f6f5277e1577a74577f67b8f93069941e5a7066036ae9,,
1.0,G02-260203-134256-104,G02-260203-134256-104.bmp,G02,2026-02-03T13:42:56,2026-02-03,G02_2026-02-03,104,val,normal,,1025,1281,1,6062006c0ccda8c3618d81558262ed2e3d98e1b906fa859706f79614c74ca080,,
1.0,G02-260203-134306-105,G02-260203-134306-105.bmp,G02,2026-02-03T13:43:06,2026-02-03,G02_2026-02-03,105,val,normal,,1025,1281,1,db49697c8c55d426a59dc1c50939eb646494a5a056150a66fd0ad505b8606712,,
1.0,G02-260203-134326-106,G02-260203-134326-106.bmp,G02,2026-02-03T13:43:26,2026-02-03,G02_2026-02-03,106,val,normal,,1025,1281,1,70e81714c780e8615e719aff3f77e8413c7d6cf788a31da300a220ad7ee5790a,,
1.0,G02-260203-134335-107,G02-260203-134335-107.bmp,G02,2026-02-03T13:43:35,2026-02-03,G02_2026-02-03,107,val,normal,,1025,1281,1,f7925ad6e407de36a003542c661f31847a69b38d68557f4f34d93f7684142b18,,
1.0,G02-260203-134356-108,G02-260203-134356-108.bmp,G02,2026-02-03T13:43:56,2026-02-03,G02_2026-02-03,108,val,normal,,1025,1281,1,306d4230865692b4f9fbe776004f0926a13e0abf7a7c1503c6327c3ea7f20335,,
1.0,G02-260203-134407-109,G02-260203-134407-109.bmp,G02,2026-02-03T13:44:07,2026-02-03,G02_2026-02-03,109,val,normal,,1025,1281,1,b3a0555b43bca09102be06a1c832470a8d55dafadf420782e98074481a7b33f6,,
1.0,G02-260203-134425-110,G02-260203-134425-110.bmp,G02,2026-02-03T13:44:25,2026-02-03,G02_2026-02-03,110,val,normal,,1025,1281,1,15e97ad7211ae5aabaaf2ef574670410b6ea6c4ebd4693c75f55efaaa84d03d1,,
1.0,G02-260203-134439-111,G02-260203-134439-111.bmp,G02,2026-02-03T13:44:39,2026-02-03,G02_2026-02-03,111,val,normal,,1025,1281,1,cb4fd233dab330bdd26bcfc047e000b57c204a5ee3c73890970e8d64ef8fec5f,,
1.0,G02-260203-134457-112,G02-260203-134457-112.bmp,G02,2026-02-03T13:44:57,2026-02-03,G02_2026-02-03,112,val,normal,,1025,1281,1,b2a6fe12b899001b61af86a6a56cd034ac69a8ebec65b9668485349cb1660520,,
1.0,G02-260203-134504-113,G02-260203-134504-113.bmp,G02,2026-02-03T13:45:04,2026-02-03,G02_2026-02-03,113,val,normal,,1025,1281,1,587fd35654955449191dfcb0c44eb2eb25b960b0d78c233d4ab2f8e6c7c5c3ba,,
1.0,G02-260203-134528-114,G02-260203-134528-114.bmp,G02,2026-02-03T13:45:28,2026-02-03,G02_2026-02-03,114,val,normal,,1025,1281,1,18813630d88f6be8700e5943f1a438d2e6381992666a07e38df1092738524082,,
1.0,G02-260203-134538-115,G02-260203-134538-115.bmp,G02,2026-02-03T13:45:38,2026-02-03,G02_2026-02-03,115,val,normal,,1025,1281,1,9cc1ee4d5f056e633af748fe899adcbebe4e0bc9cebeeb9a343a1b2a35b30ae5,,
1.0,G02-260203-134557-116,G02-260203-134557-116.bmp,G02,2026-02-03T13:45:57,2026-02-03,G02_2026-02-03,116,val,normal,,1025,1281,1,1d0345b005063e1e3a0989953ade69640729560a0005cecb839be71bfdca5274,,
1.0,G02-260203-134607-117,G02-260203-134607-117.bmp,G02,2026-02-03T13:46:07,2026-02-03,G02_2026-02-03,117,val,normal,,1025,1281,1,4b076d1c54b303bfea8988f4e9636ef31302f95dd8eec46277150aa2f1416aed,,
1.0,G02-260203-134628-118,G02-260203-134628-118.bmp,G02,2026-02-03T13:46:28,2026-02-03,G02_2026-02-03,118,val,normal,,1025,1281,1,4083b84c58b277627dd108e222e3e5b744eb863a4f79cb17b63c563fb89743ab,,
1.0,G02-260203-134640-119,G02-260203-134640-119.bmp,G02,2026-02-03T13:46:40,2026-02-03,G02_2026-02-03,119,val,normal,,1025,1281,1,617dc685a8e7981a8070ba68d28520ce5bf51a8bfa35ffddd20e9c9c52b13bb5,,
1.0,G02-260203-134657-120,G02-260203-134657-120.bmp,G02,2026-02-03T13:46:57,2026-02-03,G02_2026-02-03,120,val,normal,,1025,1281,1,d6a06cf805634ea223520011c3dbf3df6aa01af720ef2c16a515b9deab2dd448,,
1.0,G02-260203-134707-121,G02-260203-134707-121.bmp,G02,2026-02-03T13:47:07,2026-02-03,G02_2026-02-03,121,val,normal,,1025,1281,1,78664cc54178ec7b1dfb4893ece65105782580174609ed7c366abffdb29f10b4,,
1.0,G02-260203-134717-122,G02-260203-134717-122.bmp,G02,2026-02-03T13:47:17,2026-02-03,G02_2026-02-03,122,val,normal,,1025,1281,1,b3a15c0070215e75af68cfc5da98c57b70c49213234cc7a18f143a4bedce3942,,
1.0,G02-260203-134739-123,G02-260203-134739-123.bmp,G02,2026-02-03T13:47:39,2026-02-03,G02_2026-02-03,123,val,normal,,1025,1281,1,e8870f921dd29001ba4a57b8aa582c12fa255611464d187446095ea4ae91f041,,
1.0,G02-260203-134748-124,G02-260203-134748-124.bmp,G02,2026-02-03T13:47:48,2026-02-03,G02_2026-02-03,124,val,normal,,1025,1281,1,250df4d1b535b2b1734135246e61f2f3f3fbb3c5b3cc915a547854ccc5f39019,,
1.0,G02-260203-134757-125,G02-260203-134757-125.bmp,G02,2026-02-03T13:47:57,2026-02-03,G02_2026-02-03,125,val,normal,,1025,1281,1,33d3a6c81e3b212c274e646c7fd23cf1ffb98b8f8b12cb350ac339a0afa0f7d5,,
1.0,G02-260203-134834-126,G02-260203-134834-126.bmp,G02,2026-02-03T13:48:34,2026-02-03,G02_2026-02-03,126,val,normal,,1025,1281,1,eefa6535186a66fc7da937877dbc0a47f9e1dc0f4d45f2df347f6acdf48f7dfc,,
1.0,G02-260203-134844-127,G02-260203-134844-127.bmp,G02,2026-02-03T13:48:44,2026-02-03,G02_2026-02-03,127,val,normal,,1025,1281,1,04995061bf0db3d53afad7b849679579896bf9f95efb0aeabfc01793cb02c9a4,,
1.0,G02-260203-134854-128,G02-260203-134854-128.bmp,G02,2026-02-03T13:48:54,2026-02-03,G02_2026-02-03,128,val,normal,,1025,1281,1,6784e00f29b3feb2395b098c72a554bdd639d0e96836dfb973abfd25ddcb184c,,
1.0,G02-260203-134900-129,G02-260203-134900-129.bmp,G02,2026-02-03T13:49:00,2026-02-03,G02_2026-02-03,129,val,normal,,1025,1281,1,8cf49d6af30c7838573705f75d32eda91d3a9f64542aa25e31c575eb074f0632,,
1.0,G02-260203-134927-130,G02-260203-134927-130.bmp,G02,2026-02-03T13:49:27,2026-02-03,G02_2026-02-03,130,val,normal,,1025,1281,1,2a470e44b3ea12c6a4eb488c31f5db13287f0f3bfedf2d41b077bb336e304eeb,,
1.0,G02-260203-134959-132,G02-260203-134959-132.bmp,G02,2026-02-03T13:49:59,2026-02-03,G02_2026-02-03,132,val,normal,,1025,1281,1,2a82e3571f459ee5f221e8bac46ccba28a5a3d5fb9bc5be7c0583581c6187989,,
1.0,G02-260203-135010-133,G02-260203-135010-133.bmp,G02,2026-02-03T13:50:10,2026-02-03,G02_2026-02-03,133,val,normal,,1025,1281,1,bcdb3138734165cc0eafa44be432d8e9a081c7dba8f7e2d60ccfd72516188475,,
1.0,G02-260203-135028-134,G02-260203-135028-134.bmp,G02,2026-02-03T13:50:28,2026-02-03,G02_2026-02-03,134,val,normal,,1025,1281,1,9f7e366650cc62d712f6fac5b94825a49c17c3cb410acdab4ec7acaed9d6f574,,
1.0,G02-260203-135037-135,G02-260203-135037-135.bmp,G02,2026-02-03T13:50:37,2026-02-03,G02_2026-02-03,135,val,normal,,1025,1281,1,186886d7f6fc65354fa0df987188078ea670bec856eb05e00e78e72e202b1060,,
1.0,G02-260203-135059-136,G02-260203-135059-136.bmp,G02,2026-02-03T13:50:59,2026-02-03,G02_2026-02-03,136,val,normal,,1025,1281,1,f492641b18385284f514381203e3f7b50b724b6ee539edb742e6ad7c69c6256d,,
1.0,G02-260203-135108-137,G02-260203-135108-137.bmp,G02,2026-02-03T13:51:08,2026-02-03,G02_2026-02-03,137,val,normal,,1025,1281,1,29703db3faf56c93c3cf34c1cdccad97dc8d647c3ddeb89159145f0f1eec8043,,
1.0,G02-260203-135135-138,G02-260203-135135-138.bmp,G02,2026-02-03T13:51:35,2026-02-03,G02_2026-02-03,138,val,normal,,1025,1281,1,a1c6a6e9ec67532b0d1539338ae0bdb12cafac52169ed102a1533841c27abd44,,
1.0,G02-260203-135146-139,G02-260203-135146-139.bmp,G02,2026-02-03T13:51:46,2026-02-03,G02_2026-02-03,139,val,normal,,1025,1281,1,7b45c895c080f2f5cf50b254a3c3adf25c64a50d5dce30250cba19d0912f68e6,,
1.0,G02-260203-135159-140,G02-260203-135159-140.bmp,G02,2026-02-03T13:51:59,2026-02-03,G02_2026-02-03,140,val,normal,,1025,1281,1,8cae2b76a66a32067c57be2c536abdc5c80d5564275f99265db4e0b23f585449,,
1.0,G02-260203-135234-141,G02-260203-135234-141.bmp,G02,2026-02-03T13:52:34,2026-02-03,G02_2026-02-03,141,val,normal,,1025,1281,1,baa4b3e3de825ef50d62f15e0be049f36ef47d3b2dca46fe0aefa2c46189d952,,
1.0,G02-260203-135245-142,G02-260203-135245-142.bmp,G02,2026-02-03T13:52:45,2026-02-03,G02_2026-02-03,142,val,normal,,1025,1281,1,bcf4cbe686d8ae9a6111439d50c0eeee68f61dc9c3e53c50437ee653105bd5f8,,
1.0,G02-260203-135251-143,G02-260203-135251-143.bmp,G02,2026-02-03T13:52:51,2026-02-03,G02_2026-02-03,143,val,normal,,1025,1281,1,570029ca122eb38d68055bee29a57b319e8887669e758ab6efa388992cf6d14a,,
1.0,G02-260203-135301-144,G02-260203-135301-144.bmp,G02,2026-02-03T13:53:01,2026-02-03,G02_2026-02-03,144,val,normal,,1025,1281,1,c8aac17f07e2c9849b02393eebac1c0cc330f0978e235a809f0f65b7bf969446,,
1.0,G02-260203-135316-145,G02-260203-135316-145.bmp,G02,2026-02-03T13:53:16,2026-02-03,G02_2026-02-03,145,val,normal,,1025,1281,1,440936c435f79afdbd15c3939aa7f7c59b63fc602d21006edeaaf6032405564e,,
1.0,G02-260203-135326-146,G02-260203-135326-146.bmp,G02,2026-02-03T13:53:26,2026-02-03,G02_2026-02-03,146,val,normal,,1025,1281,1,9088b681227600cebc672b23c9646607cedfc03cbe9b6e452717c0ef8d511416,,
1.0,G02-260203-135405-147,G02-260203-135405-147.bmp,G02,2026-02-03T13:54:05,2026-02-03,G02_2026-02-03,147,val,normal,,1025,1281,1,5284539bd27b8acdd4b4efaf036d19c630ba3d210dda990ffa7bd15ece0c43f8,,
1.0,G02-260203-135415-148,G02-260203-135415-148.bmp,G02,2026-02-03T13:54:15,2026-02-03,G02_2026-02-03,148,val,normal,,1025,1281,1,e5ecc25beb658d395bb46ff2f0483b89ea7c461535c47701029a7114f1bb28cb,,
1.0,G02-260203-135425-149,G02-260203-135425-149.bmp,G02,2026-02-03T13:54:25,2026-02-03,G02_2026-02-03,149,val,normal,,1025,1281,1,a94b0452f003acbacf915847f30e5985518645928a2e8f12d297d6a9a552deb2,,
1.0,G02-260203-135435-150,G02-260203-135435-150.bmp,G02,2026-02-03T13:54:35,2026-02-03,G02_2026-02-03,150,val,normal,,1025,1281,1,65c83ce56fdadffb72ab22565843061be6b3dd3da6cbca00dc583a50c2b2631d,,
1.0,G02-260203-135443-151,G02-260203-135443-151.bmp,G02,2026-02-03T13:54:43,2026-02-03,G02_2026-02-03,151,val,normal,,1025,1281,1,0a12754fd8d2c49e8d729428ca245e064a51e6af30a4837328fdb648bf61199e,,
1.0,G02-260203-135450-152,G02-260203-135450-152.bmp,G02,2026-02-03T13:54:50,2026-02-03,G02_2026-02-03,152,val,normal,,1025,1281,1,221882feddc0501d7c71ac4ab69e1faa3e6e0ec948513f677f927ac3668deadc,,
1.0,G02-260203-135605-153,G02-260203-135605-153.bmp,G02,2026-02-03T13:56:05,2026-02-03,G02_2026-02-03,153,val,normal,,1025,1281,1,62ad3d1cad3b1ced818448db5940a1b5ef35fad85509009deaf2c59e26de3e83,,
1.0,G02-260203-135615-154,G02-260203-135615-154.bmp,G02,2026-02-03T13:56:15,2026-02-03,G02_2026-02-03,154,val,normal,,1025,1281,1,d178b0f3ff2525de64b50f10c93823cb5c90b4642f16b2e076cb1f8e4b2a84cd,,
1.0,G02-260203-135626-155,G02-260203-135626-155.bmp,G02,2026-02-03T13:56:26,2026-02-03,G02_2026-02-03,155,val,normal,,1025,1281,1,c052e3613dfb61b8d4d98ff34f236779c11d878ff1bf14be29fc4b7f11309123,,
1.0,G02-260203-135636-156,G02-260203-135636-156.bmp,G02,2026-02-03T13:56:36,2026-02-03,G02_2026-02-03,156,val,normal,,1025,1281,1,3529242655615a318c37f05dabb4233911ff64ed0161bdf7a72fa8c14e53a144,,
1.0,G02-260203-135645-157,G02-260203-135645-157.bmp,G02,2026-02-03T13:56:45,2026-02-03,G02_2026-02-03,157,val,normal,,1025,1281,1,dcf2ef7220b28c3e970220ceb873f8b521effadd3d1a853e912cd8167b606d73,,
1.0,G02-260203-135655-158,G02-260203-135655-158.bmp,G02,2026-02-03T13:56:55,2026-02-03,G02_2026-02-03,158,val,normal,,1025,1281,1,2328b6dd86279a947fe2b8874a1179541bc96f978d4c124520ab8ba83a0dc2f6,,
1.0,G02-260203-135703-159,G02-260203-135703-159.bmp,G02,2026-02-03T13:57:03,2026-02-03,G02_2026-02-03,159,val,normal,,1025,1281,1,f0084d2eae880c44ceab03670060c15b5f984dcb4cd26270991bae7a33c0562e,,
1.0,G02-260203-135715-160,G02-260203-135715-160.bmp,G02,2026-02-03T13:57:15,2026-02-03,G02_2026-02-03,160,val,normal,,1025,1281,1,d98dba6c3db74d112e8bdc43e3f32afd333f527c93bf60f7b4971080c5712208,,
1.0,G02-260203-135729-161,G02-260203-135729-161.bmp,G02,2026-02-03T13:57:29,2026-02-03,G02_2026-02-03,161,val,normal,,1025,1281,1,a87ec2743a1320bf2808cdaa8252cd20fbb510551664f076e8229bbf8e65d287,,
1.0,G02-260203-135737-162,G02-260203-135737-162.bmp,G02,2026-02-03T13:57:37,2026-02-03,G02_2026-02-03,162,val,normal,,1025,1281,1,61f5c67965dc3f64d38f802ea45ef29e2158a6f96bdac1fe0ffe37d68f414d03,,
1.0,G02-260203-135759-163,G02-260203-135759-163.bmp,G02,2026-02-03T13:57:59,2026-02-03,G02_2026-02-03,163,val,normal,,1025,1281,1,1b42316c363df301c3820339a61ca03112995eb83994ddc75adea187b6556256,,
1.0,G02-260203-135809-164,G02-260203-135809-164.bmp,G02,2026-02-03T13:58:09,2026-02-03,G02_2026-02-03,164,val,normal,,1025,1281,1,e3df0a7e07b3758bc74ae78aafc0c46613f00c68cfc3bf220c9f227b8cdcf806,,
1.0,G02-260203-135829-165,G02-260203-135829-165.bmp,G02,2026-02-03T13:58:29,2026-02-03,G02_2026-02-03,165,val,normal,,1025,1281,1,5a90b25e4e7457df70d3007171724023bd41d56c6555646aa03bd562a2587e38,,
1.0,G02-260203-135841-166,G02-260203-135841-166.bmp,G02,2026-02-03T13:58:41,2026-02-03,G02_2026-02-03,166,val,normal,,1025,1281,1,fad326af5e529fe7da677ce35cfac590bddfbf97cc7afac4fe2fc5bfa7dcced2,,
1.0,G02-260203-135900-167,G02-260203-135900-167.bmp,G02,2026-02-03T13:59:00,2026-02-03,G02_2026-02-03,167,val,normal,,1025,1281,1,d634a7cc7a2a9b6d3314deed23fddbf7eb7876827e3e546caf3fa608a0f7e911,,
1.0,G02-260203-135912-168,G02-260203-135912-168.bmp,G02,2026-02-03T13:59:12,2026-02-03,G02_2026-02-03,168,val,normal,,1025,1281,1,fc9abb5670605b3fa210782ffa133111b02a479a56d32acc28a776dbf4838508,,
1.0,G02-260203-135933-169,G02-260203-135933-169.bmp,G02,2026-02-03T13:59:33,2026-02-03,G02_2026-02-03,169,val,normal,,1025,1281,1,e03d9525dafbf9ff0aefe6e06d6d9c5b77163b1ade6ed445e59f4ef99338a55f,,
1.0,G02-260203-135945-170,G02-260203-135945-170.bmp,G02,2026-02-03T13:59:45,2026-02-03,G02_2026-02-03,170,val,normal,,1025,1281,1,0b33966e69ce2d4583f3d619be37ea6a566c792aa89c393cc80cb779e6fbdb19,,
1.0,G02-260203-140001-171,G02-260203-140001-171.bmp,G02,2026-02-03T14:00:01,2026-02-03,G02_2026-02-03,171,val,normal,,1025,1281,1,c4f254206f06251f5f59a82a80597a1031f7eea42b8a071fcc60678e932a0a20,,
1.0,G02-260203-140011-172,G02-260203-140011-172.bmp,G02,2026-02-03T14:00:11,2026-02-03,G02_2026-02-03,172,val,normal,,1025,1281,1,fe818965e39256b66515e174cde0a831bea8f1e8136a44e24c003abf0e1342cc,,
1.0,G02-260203-140031-173,G02-260203-140031-173.bmp,G02,2026-02-03T14:00:31,2026-02-03,G02_2026-02-03,173,val,normal,,1025,1281,1,5e6a1c7398448e82a094fd1ad7f71dd7f7f1530a07790aa2f95d36c190253f6b,,
1.0,G02-260203-140043-174,G02-260203-140043-174.bmp,G02,2026-02-03T14:00:43,2026-02-03,G02_2026-02-03,174,val,normal,,1025,1281,1,e6c3de1ef182501f5f30bfe60832adf1267fcf6a9207ba6076ec3c2af3cfd73c,,
1.0,G02-260203-140101-175,G02-260203-140101-175.bmp,G02,2026-02-03T14:01:01,2026-02-03,G02_2026-02-03,175,val,normal,,1025,1281,1,d5a4ffcff1e0c9a1c787d763a323a747a4c8e8809530ca12a8dca6a916aac6a7,,
1.0,G02-260203-140114-176,G02-260203-140114-176.bmp,G02,2026-02-03T14:01:14,2026-02-03,G02_2026-02-03,176,val,normal,,1025,1281,1,6a84786422b6128c2db0d21eecf2cd2f24116eec3acef704e303140662050319,,
1.0,G02-260203-140130-177,G02-260203-140130-177.bmp,G02,2026-02-03T14:01:30,2026-02-03,G02_2026-02-03,177,val,normal,,1025,1281,1,57b6b440cd49e5d6237c92154d2136528093827e0bc5172e6fc46ae1243b8063,,
1.0,G02-260203-140140-178,G02-260203-140140-178.bmp,G02,2026-02-03T14:01:40,2026-02-03,G02_2026-02-03,178,val,normal,,1025,1281,1,00a151d123440df82433f3fe706e517cf09466a1287ba150138306c4c951a3eb,,
1.0,G02-260203-140200-179,G02-260203-140200-179.bmp,G02,2026-02-03T14:02:00,2026-02-03,G02_2026-02-03,179,val,normal,,1025,1281,1,872795dff10926708037137a46d2a8fdf8666e7ba543c80faa1090fcfcbbe6e6,,
1.0,G02-260203-140211-180,G02-260203-140211-180.bmp,G02,2026-02-03T14:02:11,2026-02-03,G02_2026-02-03,180,val,normal,,1025,1281,1,09937ada49cdb68ed4621c7f0634395820935080a51acbe5e79bc114f538d699,,
1.0,G02-260203-140231-181,G02-260203-140231-181.bmp,G02,2026-02-03T14:02:31,2026-02-03,G02_2026-02-03,181,val,normal,,1025,1281,1,d1cb57bb9c766bf381be515f2b8160cbec0aa2edbfdf9cb1c1235ad3f29cce1e,,
1.0,G02-260203-140243-182,G02-260203-140243-182.bmp,G02,2026-02-03T14:02:43,2026-02-03,G02_2026-02-03,182,val,normal,,1025,1281,1,012f0f4910f9eb7c8ed4a5a598914a3629c5bf3263d5e9f256309eba23640bbb,,
1.0,G02-260203-140300-183,G02-260203-140300-183.bmp,G02,2026-02-03T14:03:00,2026-02-03,G02_2026-02-03,183,val,normal,,1025,1281,1,53d9d14587b7310bfd9cebe0acbb26525891bb77760fb9e7f43dedcee6bf4766,,
1.0,G02-260203-140309-184,G02-260203-140309-184.bmp,G02,2026-02-03T14:03:09,2026-02-03,G02_2026-02-03,184,val,normal,,1025,1281,1,6e34ef5308287729943576a62038f1071bbb35811bf1d954a8cb6ef56d6b18a3,,
1.0,G02-260203-140331-185,G02-260203-140331-185.bmp,G02,2026-02-03T14:03:31,2026-02-03,G02_2026-02-03,185,val,normal,,1025,1281,1,42a590e3b70be0ed136f68bf92fb23e8de7e94a63e827ac03dc9cb9b9737bba0,,
1.0,G02-260203-140341-186,G02-260203-140341-186.bmp,G02,2026-02-03T14:03:41,2026-02-03,G02_2026-02-03,186,val,normal,,1025,1281,1,ec2423252409db59b1be81d36113f4358e97bea2d08abf4d98b9ef52862bffdc,,
1.0,G02-260203-140400-187,G02-260203-140400-187.bmp,G02,2026-02-03T14:04:00,2026-02-03,G02_2026-02-03,187,val,normal,,1025,1281,1,ff77bd531973387fd7ba0b2a9bd2350c929b7e12fef6efa19b3f0613c5d0c9a9,,
1.0,G02-260203-140410-188,G02-260203-140410-188.bmp,G02,2026-02-03T14:04:10,2026-02-03,G02_2026-02-03,188,val,normal,,1025,1281,1,17c8e42f7e9975f7d6e26d2ab92fb3b4bc9609528a56e2b7bcb1c19452d33127,,
1.0,G02-260203-140432-189,G02-260203-140432-189.bmp,G02,2026-02-03T14:04:32,2026-02-03,G02_2026-02-03,189,val,normal,,1025,1281,1,9fe4f5fb18ed42f76cb023708e867688957f82ed0ea320468a74865cc5ecb4c2,,
1.0,G02-260203-140445-190,G02-260203-140445-190.bmp,G02,2026-02-03T14:04:45,2026-02-03,G02_2026-02-03,190,val,normal,,1025,1281,1,63ab3dad7b1ebead991677fbb4991097a26c8dd0b4c2209222cb4a287e00537e,,
1.0,G02-260203-140502-191,G02-260203-140502-191.bmp,G02,2026-02-03T14:05:02,2026-02-03,G02_2026-02-03,191,val,normal,,1025,1281,1,76aeacd6c8b9f33680e4999b48f2d457c42d0e89deadf10ec18aeb985d6ab955,,
1.0,G02-260203-140510-192,G02-260203-140510-192.bmp,G02,2026-02-03T14:05:10,2026-02-03,G02_2026-02-03,192,val,normal,,1025,1281,1,d12ce16bb6206bfe0d7563c4ed08d1c97c7dc23ea166eb434f0e765127c8c7c2,,
1.0,G02-260203-140612-194,G02-260203-140612-194.bmp,G02,2026-02-03T14:06:12,2026-02-03,G02_2026-02-03,194,val,normal,,1025,1281,1,41522b56185615ca6d843dff78ddc9b29f16bca56642465d7764b500f9507e7d,,
1.0,G02-260203-140618-195,G02-260203-140618-195.bmp,G02,2026-02-03T14:06:18,2026-02-03,G02_2026-02-03,195,val,normal,,1025,1281,1,67b65308b817f59b20d19b79ee2fc3a9fd06230791acec453dba11e7702a65dc,,
1.0,G02-260203-140624-196,G02-260203-140624-196.bmp,G02,2026-02-03T14:06:24,2026-02-03,G02_2026-02-03,196,val,normal,,1025,1281,1,d2b1a69a4e6d217fd8672b76aeb3e1f913e52dd1d26a0123ad66ace58455f283,,
1.0,G02-260203-140632-197,G02-260203-140632-197.bmp,G02,2026-02-03T14:06:32,2026-02-03,G02_2026-02-03,197,val,normal,,1025,1281,1,d999823db0b7d2df5b71d9faa0cdf504cf0904b96a4c1f01caf812a38e8c8c96,,
1.0,G02-260203-140641-198,G02-260203-140641-198.bmp,G02,2026-02-03T14:06:41,2026-02-03,G02_2026-02-03,198,val,normal,,1025,1281,1,a99563504a4b2672eb669816fc7531ce61cb6582c5b575fe0ae48ec671395310,,
1.0,G02-260203-140703-199,G02-260203-140703-199.bmp,G02,2026-02-03T14:07:03,2026-02-03,G02_2026-02-03,199,val,normal,,1025,1281,1,4031d7ebfc515229bcce75e22ea1b72952c0d30a401f7756e0440735e09f449b,,
1.0,G02-260203-140711-200,G02-260203-140711-200.bmp,G02,2026-02-03T14:07:11,2026-02-03,G02_2026-02-03,200,val,normal,,1025,1281,1,717df0f4afc4ef555715ae6f9984bfdc3aa54586529ce740d86f0b42c98f89a4,,
1.0,G02-260203-140732-201,G02-260203-140732-201.bmp,G02,2026-02-03T14:07:32,2026-02-03,G02_2026-02-03,201,val,normal,,1025,1281,1,a5127ab04d04f01e070a04336576988b008b1d20e6b3928ce60d251561ce2252,,
1.0,G02-260203-140744-202,G02-260203-140744-202.bmp,G02,2026-02-03T14:07:44,2026-02-03,G02_2026-02-03,202,val,normal,,1025,1281,1,f96a59895c2d97a200fc9e8694f90d5cbc129c222625f6331667d4dad819a0de,,
1.0,G02-260203-140803-203,G02-260203-140803-203.bmp,G02,2026-02-03T14:08:03,2026-02-03,G02_2026-02-03,203,val,normal,,1025,1281,1,5543b52ed0ecce7cb69442130d58af67dc4669282f6b64f30e5d3f7b0d5f3e34,,
1.0,G02-260203-140815-204,G02-260203-140815-204.bmp,G02,2026-02-03T14:08:15,2026-02-03,G02_2026-02-03,204,val,normal,,1025,1281,1,f7798807ed3ff19ca5c405d530b5f4b3bf87f0599428fa87faeafa86a070a0da,,
1.0,G02-260203-140833-205,G02-260203-140833-205.bmp,G02,2026-02-03T14:08:33,2026-02-03,G02_2026-02-03,205,val,normal,,1025,1281,1,2d9c5ce8693edae74d99500cc2237ee584449c9b53e68a478410e553812d31b2,,
1.0,G02-260203-140842-206,G02-260203-140842-206.bmp,G02,2026-02-03T14:08:42,2026-02-03,G02_2026-02-03,206,val,normal,,1025,1281,1,c38ad5723584dc3ef994e6b72d892773afeeb191b4b034c782df0874ba4260ad,,
1.0,G02-260203-140902-207,G02-260203-140902-207.bmp,G02,2026-02-03T14:09:02,2026-02-03,G02_2026-02-03,207,val,normal,,1025,1281,1,8d91431c49edceb33221cb6dc02f51864336ff63de9f5c80e3c70d3642331f7f,,
1.0,G02-260203-140913-208,G02-260203-140913-208.bmp,G02,2026-02-03T14:09:13,2026-02-03,G02_2026-02-03,208,val,normal,,1025,1281,1,3a3630d6b9d024e3184a0ce3f6cb646f2ee6282553573f6c8fd33d78f7c79d6e,,
1.0,G02-260203-140933-209,G02-260203-140933-209.bmp,G02,2026-02-03T14:09:33,2026-02-03,G02_2026-02-03,209,val,normal,,1025,1281,1,d0e8776d3118827796c7a50eebaa4c5a61076e74f37ece09f0a206c825ce895d,,
1.0,G02-260203-140945-210,G02-260203-140945-210.bmp,G02,2026-02-03T14:09:45,2026-02-03,G02_2026-02-03,210,val,normal,,1025,1281,1,a5842eac7dbad63e046c1a35e21e9441752577481a7d9162a0527db7e2bad8b5,,
1.0,G02-260203-141003-211,G02-260203-141003-211.bmp,G02,2026-02-03T14:10:03,2026-02-03,G02_2026-02-03,211,val,normal,,1025,1281,1,9f084e556d7e3812161f69b253281206d079f739268e343c6ed3605d2028ad63,,
1.0,G02-260203-141013-212,G02-260203-141013-212.bmp,G02,2026-02-03T14:10:13,2026-02-03,G02_2026-02-03,212,val,normal,,1025,1281,1,2612fae34ac641f992c4210c5ab0b55f32bdde3fecb3745fd1c3bb7d05a5edbe,,
1.0,G02-260203-141033-213,G02-260203-141033-213.bmp,G02,2026-02-03T14:10:33,2026-02-03,G02_2026-02-03,213,val,normal,,1025,1281,1,0d306759e53cafdc5fd86b998b1485ab599ccbbedc7c7c2aa4c0cf24471ba880,,
1.0,G02-260203-141048-214,G02-260203-141048-214.bmp,G02,2026-02-03T14:10:48,2026-02-03,G02_2026-02-03,214,val,normal,,1025,1281,1,0f22e7ec23327baa2e88bb462c6f553c20e3034fb7c48f3396fb97665763ab38,,
1.0,G02-260203-141103-215,G02-260203-141103-215.bmp,G02,2026-02-03T14:11:03,2026-02-03,G02_2026-02-03,215,val,normal,,1025,1281,1,4614a4c37c66e5f7c42c4ded59a381e7bb388b61a2d43274fcf6bc8d6ba79101,,
1.0,G02-260203-141114-216,G02-260203-141114-216.bmp,G02,2026-02-03T14:11:14,2026-02-03,G02_2026-02-03,216,val,normal,,1025,1281,1,9afb7f37883b2d1a693def3d018c1547a04669346d084b012cad0b2df25f9e3b,,
1.0,G02-260203-141134-217,G02-260203-141134-217.bmp,G02,2026-02-03T14:11:34,2026-02-03,G02_2026-02-03,217,val,normal,,1025,1281,1,854207dc1ed7e4844b8d1189e2c49bfafe691b7542c705c4d380dde43a4c188a,,
1.0,G02-260203-141146-218,G02-260203-141146-218.bmp,G02,2026-02-03T14:11:46,2026-02-03,G02_2026-02-03,218,val,normal,,1025,1281,1,74fa61a5069026715492c87093fb243f3775a759c77026e82ae8c550c4b78921,,
1.0,G02-260203-141203-219,G02-260203-141203-219.bmp,G02,2026-02-03T14:12:03,2026-02-03,G02_2026-02-03,219,val,normal,,1025,1281,1,6fcc7fbba932314e44927fd602d2b8f7f114d17c3c09268bedd7d222f2a143e5,,
1.0,G02-260203-141211-220,G02-260203-141211-220.bmp,G02,2026-02-03T14:12:11,2026-02-03,G02_2026-02-03,220,val,normal,,1025,1281,1,872d579f99003b1777ceca82de034e95137ff28c2e3f2427378d0384cad94cd4,,
1.0,G02-260203-141233-221,G02-260203-141233-221.bmp,G02,2026-02-03T14:12:33,2026-02-03,G02_2026-02-03,221,val,normal,,1025,1281,1,841ad76eb8539d22e272dbc71a1ea11ea007862fcb391c41db90ba22444901b2,,
1.0,G02-260203-141243-222,G02-260203-141243-222.bmp,G02,2026-02-03T14:12:43,2026-02-03,G02_2026-02-03,222,val,normal,,1025,1281,1,ac1362f49faa5918b7137ca52ebe3b2aa7ece6c32a8dac5d407f21400101401e,,
1.0,G02-260203-141303-223,G02-260203-141303-223.bmp,G02,2026-02-03T14:13:03,2026-02-03,G02_2026-02-03,223,val,normal,,1025,1281,1,3cd87c26a8e6fd6773b026570bc53d9422ab244c06c45e1186289dc0f0ce1c93,,
1.0,G02-260203-141316-224,G02-260203-141316-224.bmp,G02,2026-02-03T14:13:16,2026-02-03,G02_2026-02-03,224,val,normal,,1025,1281,1,99d317d0a17508bc551d7bc43d3b0c18a4b00467d6f15f56e7967566c26883ef,,
1.0,G02-260203-141334-225,G02-260203-141334-225.bmp,G02,2026-02-03T14:13:34,2026-02-03,G02_2026-02-03,225,val,normal,,1025,1281,1,7899efea526ec3c196c313f7b483cebbf294854d9e8dac212d81616d3070eee3,,
1.0,G02-260203-141345-226,G02-260203-141345-226.bmp,G02,2026-02-03T14:13:45,2026-02-03,G02_2026-02-03,226,val,normal,,1025,1281,1,d82a34f4baf268b0413c172e057c04a6b3db1e96d984f9723dec4f9f55318db7,,
1.0,G02-260203-141404-227,G02-260203-141404-227.bmp,G02,2026-02-03T14:14:04,2026-02-03,G02_2026-02-03,227,val,normal,,1025,1281,1,b7f5575474f5b1e0801fd75bb2b0cd434b872f4f34485b74cf116f62693d5dd1,,
1.0,G02-260203-141412-228,G02-260203-141412-228.bmp,G02,2026-02-03T14:14:12,2026-02-03,G02_2026-02-03,228,val,normal,,1025,1281,1,d164f64e72556fbf5efeb64dae51afb76407db201a0f9bb085112d744e8fdce9,,
1.0,G02-260203-141435-229,G02-260203-141435-229.bmp,G02,2026-02-03T14:14:35,2026-02-03,G02_2026-02-03,229,val,normal,,1025,1281,1,9744653021e6651aa98cf3bc62592b0aeece6211c8ef67bbb286b4a6fc820328,,
1.0,G02-260203-141445-230,G02-260203-141445-230.bmp,G02,2026-02-03T14:14:45,2026-02-03,G02_2026-02-03,230,val,normal,,1025,1281,1,f5167d0406ddffead207c6fa94df5e84fde56554ab38c89baf521782002d8e27,,
1.0,G02-260203-141504-231,G02-260203-141504-231.bmp,G02,2026-02-03T14:15:04,2026-02-03,G02_2026-02-03,231,val,normal,,1025,1281,1,fb3c68b948c5f356c9bfc5acdca57f1dfc14d7763d975dc535218f1e85818735,,
1.0,G02-260203-141516-232,G02-260203-141516-232.bmp,G02,2026-02-03T14:15:16,2026-02-03,G02_2026-02-03,232,val,normal,,1025,1281,1,898a56f704b17e278b0d8c2dc7b42286f797a00780dc87d46802ff6092b1f982,,
1.0,G02-260203-141533-233,G02-260203-141533-233.bmp,G02,2026-02-03T14:15:33,2026-02-03,G02_2026-02-03,233,val,normal,,1025,1281,1,c6cc21423029432dbde56a9d0f2dbb268814cad49676586de399418a7a87c48f,,
1.0,G02-260203-141545-234,G02-260203-141545-234.bmp,G02,2026-02-03T14:15:45,2026-02-03,G02_2026-02-03,234,val,normal,,1025,1281,1,63cd48e7861835f895224cfb4141bcb85abaacc079587bab91f262c4b9ba670f,,
1.0,G02-260203-141604-235,G02-260203-141604-235.bmp,G02,2026-02-03T14:16:04,2026-02-03,G02_2026-02-03,235,val,normal,,1025,1281,1,17ab8e486ae920186993a42a746a57b72a7b58c743dd6efcf314fc2f1b1fefce,,
1.0,G02-260203-141614-236,G02-260203-141614-236.bmp,G02,2026-02-03T14:16:14,2026-02-03,G02_2026-02-03,236,val,normal,,1025,1281,1,7d717f97c0e866a7a867b931b0f92a47a3af8cceda370e6feb76e6972cd0bfec,,
1.0,G02-260203-141635-237,G02-260203-141635-237.bmp,G02,2026-02-03T14:16:35,2026-02-03,G02_2026-02-03,237,val,normal,,1025,1281,1,de40d3157bbe8fc8ee7b5303b421eb06a8c274df3a790fc32d3cecf1d9ad1cdc,,
1.0,G02-260203-141646-238,G02-260203-141646-238.bmp,G02,2026-02-03T14:16:46,2026-02-03,G02_2026-02-03,238,val,normal,,1025,1281,1,a59d34a41f2274c1c3dab2b204e9f68e4dc0d30c564efd69be62eac2c7cf6146,,
1.0,G02-260203-141705-239,G02-260203-141705-239.bmp,G02,2026-02-03T14:17:05,2026-02-03,G02_2026-02-03,239,val,normal,,1025,1281,1,01225cd5e24fc5779cc6a32570c7f0458ae856470e19750c6b4f9436b21858f7,,
1.0,G02-260203-141718-240,G02-260203-141718-240.bmp,G02,2026-02-03T14:17:18,2026-02-03,G02_2026-02-03,240,val,normal,,1025,1281,1,01ae3758b4543fc9418990c2fd291badd40a4a6b25a1cb5ad5393061b83da0af,,
1.0,G02-260203-141736-241,G02-260203-141736-241.bmp,G02,2026-02-03T14:17:36,2026-02-03,G02_2026-02-03,241,val,normal,,1025,1281,1,bfbc3d32da52f56545f41eaddb485cc76629225fa42d5e27affaef59ea9a4ae6,,
1.0,G02-260203-141751-242,G02-260203-141751-242.bmp,G02,2026-02-03T14:17:51,2026-02-03,G02_2026-02-03,242,val,normal,,1025,1281,1,7a4fb8433f946cccdaac1bb064ebb1d1ba1e74345bbe537bd88c2c214f6064a2,,
1.0,G02-260203-141815-244,G02-260203-141815-244.bmp,G02,2026-02-03T14:18:15,2026-02-03,G02_2026-02-03,244,val,normal,,1025,1281,1,a0662b85c50c2f39e62ca7ef0b131ee9760f15fbda2d593a7d3281e7e2f8f90a,,
1.0,G02-260203-141835-245,G02-260203-141835-245.bmp,G02,2026-02-03T14:18:35,2026-02-03,G02_2026-02-03,245,val,normal,,1025,1281,1,bc75f2984b073ec0f59802a2ee00fb188658152d93c2c860d7bc5a236b7ccbd7,,
1.0,G02-260203-141848-246,G02-260203-141848-246.bmp,G02,2026-02-03T14:18:48,2026-02-03,G02_2026-02-03,246,val,normal,,1025,1281,1,eab35125fc4e587dff06fdedfa6f8238f91d05350bdf1c1d4bc9683037fb7633,,
1.0,G02-260203-141905-247,G02-260203-141905-247.bmp,G02,2026-02-03T14:19:05,2026-02-03,G02_2026-02-03,247,val,normal,,1025,1281,1,a1dcfd6caa03d5b2827392fdfaa0ebca52813d09a72666706b3ee513a2db0216,,
1.0,G02-260203-141920-248,G02-260203-141920-248.bmp,G02,2026-02-03T14:19:20,2026-02-03,G02_2026-02-03,248,val,normal,,1025,1281,1,3f591dc895d4c5895127919763e7a798651d01c7a7be08312413db0e9e4865eb,,
1.0,G02-260203-141935-249,G02-260203-141935-249.bmp,G02,2026-02-03T14:19:35,2026-02-03,G02_2026-02-03,249,val,normal,,1025,1281,1,c9dfaa7c9511904b8832b32301160b276f6d41fa35f6b91344339729afa013bd,,
1.0,G02-260203-141944-250,G02-260203-141944-250.bmp,G02,2026-02-03T14:19:44,2026-02-03,G02_2026-02-03,250,val,normal,,1025,1281,1,707d1ec2451e2b6074411cb8ae953312e8be49ec119e7ead926ebda255e7ebfa,,
1.0,G02-260203-142031-251,G02-260203-142031-251.bmp,G02,2026-02-03T14:20:31,2026-02-03,G02_2026-02-03,251,val,normal,,1025,1281,1,3c38ef92cf397336229ccaa485e0402623ede27bc18284a0ded665976798cd13,,
1.0,G02-260203-142037-252,G02-260203-142037-252.bmp,G02,2026-02-03T14:20:37,2026-02-03,G02_2026-02-03,252,val,normal,,1025,1281,1,80a50d8d0af0dbc369467e8beafffecd5f74f319783793eb39337ed2b6b0df5a,,
1.0,G02-260203-142041-253,G02-260203-142041-253.bmp,G02,2026-02-03T14:20:41,2026-02-03,G02_2026-02-03,253,val,normal,,1025,1281,1,6b115f7d8b69b0d4d947091a042db60a61eb6a3fb711a3ee93a303e21a84a296,,
1.0,G02-260203-142047-254,G02-260203-142047-254.bmp,G02,2026-02-03T14:20:47,2026-02-03,G02_2026-02-03,254,val,normal,,1025,1281,1,37748c1b23fbae619ffbfca34a891eb3070171ad3d68fbf5e0e0ed441a2099e1,,
1.0,G02-260203-142105-255,G02-260203-142105-255.bmp,G02,2026-02-03T14:21:05,2026-02-03,G02_2026-02-03,255,val,normal,,1025,1281,1,83ed25eb5c767d8e8faec863e47bd2e6a5d9006f190b94933d62eb10e1b1067c,,
1.0,G02-260203-142120-256,G02-260203-142120-256.bmp,G02,2026-02-03T14:21:20,2026-02-03,G02_2026-02-03,256,val,normal,,1025,1281,1,9fa9072665b4819f456e0846d66789d74183f873e26170eb864b0cc46a0e5816,,
1.0,G02-260203-142135-257,G02-260203-142135-257.bmp,G02,2026-02-03T14:21:35,2026-02-03,G02_2026-02-03,257,val,normal,,1025,1281,1,f9883c5378a0569615261455799b1a8f498bad5e2a1e1bba75bf506a6e11935e,,
1.0,G02-260203-142146-258,G02-260203-142146-258.bmp,G02,2026-02-03T14:21:46,2026-02-03,G02_2026-02-03,258,val,normal,,1025,1281,1,2a457f342ec9297bb3d1ad2e787c256232789bfb21a7a0d6bc963acac6a6df65,,
1.0,G02-260203-142205-259,G02-260203-142205-259.bmp,G02,2026-02-03T14:22:05,2026-02-03,G02_2026-02-03,259,val,normal,,1025,1281,1,1682c0547049cdf2be1c4726292e678b90a1ba0001a2a1fa47a351b9a29a0816,,
1.0,G02-260203-142218-260,G02-260203-142218-260.bmp,G02,2026-02-03T14:22:18,2026-02-03,G02_2026-02-03,260,val,normal,,1025,1281,1,70dffea7e807d741374dd1ec6d018a495b64d944652aa3b6a4368a065f604216,,
1.0,G02-260203-142237-261,G02-260203-142237-261.bmp,G02,2026-02-03T14:22:37,2026-02-03,G02_2026-02-03,261,val,normal,,1025,1281,1,8aed4d680a3c88763cd39ef9bfd03d84da44efc317a08164ea06ee416bfaf283,,
1.0,G02-260203-142249-262,G02-260203-142249-262.bmp,G02,2026-02-03T14:22:49,2026-02-03,G02_2026-02-03,262,val,normal,,1025,1281,1,45cdf42cb6d54eddcf68fd80204b51163446bd430554800cebb606a9ae4cdb3d,,
1.0,G02-260203-142307-263,G02-260203-142307-263.bmp,G02,2026-02-03T14:23:07,2026-02-03,G02_2026-02-03,263,val,normal,,1025,1281,1,081e06ca0a02fd1fe109b988e050940bdd3ef6b9f10e02922eef0fa3cb309b73,,
1.0,G02-260203-142318-264,G02-260203-142318-264.bmp,G02,2026-02-03T14:23:18,2026-02-03,G02_2026-02-03,264,val,normal,,1025,1281,1,ef92b18e1e1e87697f853f6d4ca7d53287fd0fc24bca6580971beed3d2515c99,,
1.0,G02-260203-142337-265,G02-260203-142337-265.bmp,G02,2026-02-03T14:23:37,2026-02-03,G02_2026-02-03,265,val,normal,,1025,1281,1,4697a168afe53362cb0cbe0643f6e4ec7ddefea5be4376f9b211d3126d3ca8be,,
1.0,G02-260203-142347-266,G02-260203-142347-266.bmp,G02,2026-02-03T14:23:47,2026-02-03,G02_2026-02-03,266,val,normal,,1025,1281,1,5ce3fdc0d7bd4a483f0eb99255eecb6390413b631b9f7f2f1b837ec16cbaef6c,,
1.0,G02-260203-142406-267,G02-260203-142406-267.bmp,G02,2026-02-03T14:24:06,2026-02-03,G02_2026-02-03,267,val,normal,,1025,1281,1,b1e27681b0f13f363735e522e7d50ed9bf7936bba4835488c4dd853d0b04e8bd,,
1.0,G02-260203-142419-268,G02-260203-142419-268.bmp,G02,2026-02-03T14:24:19,2026-02-03,G02_2026-02-03,268,val,normal,,1025,1281,1,fdbd62f52a461e149ac059fa682f4c97fa00711e2bc0280aa37d664bf293d06a,,
1.0,G02-260203-142436-269,G02-260203-142436-269.bmp,G02,2026-02-03T14:24:36,2026-02-03,G02_2026-02-03,269,val,normal,,1025,1281,1,458da1f690d3428ddad6f2085a244bcd23c3fd7f66e6d804fbab58f1729e5f7b,,
1.0,G02-260203-142448-270,G02-260203-142448-270.bmp,G02,2026-02-03T14:24:48,2026-02-03,G02_2026-02-03,270,val,normal,,1025,1281,1,4100ce95a56add2d8db7713934dc74e609c010031c4423e1b974eb6d3b528ef5,,
1.0,G02-260203-142507-271,G02-260203-142507-271.bmp,G02,2026-02-03T14:25:07,2026-02-03,G02_2026-02-03,271,val,normal,,1025,1281,1,7a45f0ec91d6787955a90db6dc572af672638172cd162aad898e66f4453ffe38,,
1.0,G02-260203-142516-272,G02-260203-142516-272.bmp,G02,2026-02-03T14:25:16,2026-02-03,G02_2026-02-03,272,val,normal,,1025,1281,1,22be896089a430482835ebf289f60cb0a61dd2317a922ea04d90c6c0ac8f25e9,,
1.0,G02-260203-142538-273,G02-260203-142538-273.bmp,G02,2026-02-03T14:25:38,2026-02-03,G02_2026-02-03,273,val,normal,,1025,1281,1,449c5005a8c6ebd0a81ce085b8b882fbd68491133594ca87e8ed9152a8bc690c,,
1.0,G02-260203-142549-274,G02-260203-142549-274.bmp,G02,2026-02-03T14:25:49,2026-02-03,G02_2026-02-03,274,val,normal,,1025,1281,1,1d827bb8a19b75d43d8beb0f3688575f064a02d9c4849876813a99ed6ba00609,,
1.0,G02-260203-142607-275,G02-260203-142607-275.bmp,G02,2026-02-03T14:26:07,2026-02-03,G02_2026-02-03,275,val,normal,,1025,1281,1,1a04371ecb25c089708b2740627dc3826fcd0e030ae16f99944ce6005c0cc875,,
1.0,G02-260203-142619-276,G02-260203-142619-276.bmp,G02,2026-02-03T14:26:19,2026-02-03,G02_2026-02-03,276,val,normal,,1025,1281,1,2eda738f68757a53d89069ff5a6e43a8bebbbbf5505ddbd488b133330d1791c2,,
1.0,G02-260203-142638-277,G02-260203-142638-277.bmp,G02,2026-02-03T14:26:38,2026-02-03,G02_2026-02-03,277,val,normal,,1025,1281,1,4117900959104bb778001b82b42dd99030d76a7da5ba28e3f5b2fcf24312b381,,
1.0,G02-260203-142647-278,G02-260203-142647-278.bmp,G02,2026-02-03T14:26:47,2026-02-03,G02_2026-02-03,278,val,normal,,1025,1281,1,cf962361ee97ad990f4152c9b1e980e554065e05cf384a29ea67382c2d78ff11,,
1.0,G02-260203-142708-279,G02-260203-142708-279.bmp,G02,2026-02-03T14:27:08,2026-02-03,G02_2026-02-03,279,val,normal,,1025,1281,1,e156f0a1a81dc4b1adb714beed47fce689e048c6cc90ea63f853e614c66b801a,,
1.0,G02-260203-142717-280,G02-260203-142717-280.bmp,G02,2026-02-03T14:27:17,2026-02-03,G02_2026-02-03,280,val,normal,,1025,1281,1,01d7ff2329c275ecff2160559ce525ff1be691dbbd6014c42b48224b9d02b2be,,
1.0,G02-260203-142737-281,G02-260203-142737-281.bmp,G02,2026-02-03T14:27:37,2026-02-03,G02_2026-02-03,281,val,normal,,1025,1281,1,fdaab24a2a57d503d9086d72c411bd16764f8ca3ef5f09e2150bbe3702f800ff,,
1.0,G02-260203-142749-282,G02-260203-142749-282.bmp,G02,2026-02-03T14:27:49,2026-02-03,G02_2026-02-03,282,val,normal,,1025,1281,1,be0c41d72cbc69f628d3032e15111e1aedb906d5045d7c3f78679876e1c4569e,,
1.0,G02-260203-142809-283,G02-260203-142809-283.bmp,G02,2026-02-03T14:28:09,2026-02-03,G02_2026-02-03,283,val,normal,,1025,1281,1,80d039fc87b53f0aa5b9328a75d14b5568cf88e1a855bbffc1cd25688570e2d5,,
1.0,G02-260203-142822-284,G02-260203-142822-284.bmp,G02,2026-02-03T14:28:22,2026-02-03,G02_2026-02-03,284,val,normal,,1025,1281,1,b25dd7b6fbad13578f18f847a8f062a7385153a11d578b1d6b5d5b71931ee1b1,,
1.0,G02-260203-142839-285,G02-260203-142839-285.bmp,G02,2026-02-03T14:28:39,2026-02-03,G02_2026-02-03,285,val,normal,,1025,1281,1,ce39061ec802084e3fb968faf0d3972389c9a93616eab3da1a5215bdb06b5359,,
1.0,G02-260203-142847-286,G02-260203-142847-286.bmp,G02,2026-02-03T14:28:47,2026-02-03,G02_2026-02-03,286,val,normal,,1025,1281,1,89b540b4a5844efac7253fe4af50eefeece01e51e5be4a1d4563c8f46bfd7f3a,,
1.0,G02-260203-142907-287,G02-260203-142907-287.bmp,G02,2026-02-03T14:29:07,2026-02-03,G02_2026-02-03,287,val,normal,,1025,1281,1,37d9dbf991703b250f17b25d09ba260782ed1add2e13d200fdf6c6dad8581f74,,
1.0,G02-260203-142918-288,G02-260203-142918-288.bmp,G02,2026-02-03T14:29:18,2026-02-03,G02_2026-02-03,288,val,normal,,1025,1281,1,e22941403d5c7c324cf574a1b9b6ea7150340b34e2a0e1d8b3833955a186170a,,
1.0,G02-260203-142938-289,G02-260203-142938-289.bmp,G02,2026-02-03T14:29:38,2026-02-03,G02_2026-02-03,289,val,normal,,1025,1281,1,d9bfc5a317cda0b59b2abc03958f6a05d82450166a72f48161e6faf109eda93d,,
1.0,G02-260203-142951-290,G02-260203-142951-290.bmp,G02,2026-02-03T14:29:51,2026-02-03,G02_2026-02-03,290,val,normal,,1025,1281,1,afc649e8c62adaae899c60f0946128e2fcaf43ddcf1a0d87984ee128936c50b7,,
1.0,G02-260203-143008-291,G02-260203-143008-291.bmp,G02,2026-02-03T14:30:08,2026-02-03,G02_2026-02-03,291,val,normal,,1025,1281,1,df38310c68b598739dcf5fd2fd163b471bac9ff3306a65fc016899dd8c8043d3,,
1.0,G02-260203-143017-292,G02-260203-143017-292.bmp,G02,2026-02-03T14:30:17,2026-02-03,G02_2026-02-03,292,val,normal,,1025,1281,1,a3cf695ddddd2af8dce5d2c65f2c68e8e7d22907776b1371532eb4b2c69cc97c,,
1.0,G02-260203-143037-293,G02-260203-143037-293.bmp,G02,2026-02-03T14:30:37,2026-02-03,G02_2026-02-03,293,val,normal,,1025,1281,1,548839a0bb8107e15092c81d3494631b7bdd08e7012497df4942cf7d43b54474,,
1.0,G02-260203-143047-294,G02-260203-143047-294.bmp,G02,2026-02-03T14:30:47,2026-02-03,G02_2026-02-03,294,val,normal,,1025,1281,1,f91638e4cc6898bbca596a85cf044ce2c25481240406fba418fc4c1be957dbec,,
1.0,G02-260203-143109-295,G02-260203-143109-295.bmp,G02,2026-02-03T14:31:09,2026-02-03,G02_2026-02-03,295,val,normal,,1025,1281,1,92ae61e12405b4e0d67bdc70ce2ad12cc720b06291d77e844b8a5fb8f128074e,,
1.0,G02-260203-143120-296,G02-260203-143120-296.bmp,G02,2026-02-03T14:31:20,2026-02-03,G02_2026-02-03,296,val,normal,,1025,1281,1,55017b47d5b9c9616662613f2d48e8b2fd5bc8060d93c0727c47fb9cc93e4b46,,
1.0,G02-260203-143139-297,G02-260203-143139-297.bmp,G02,2026-02-03T14:31:39,2026-02-03,G02_2026-02-03,297,val,normal,,1025,1281,1,e437fe6adbe7a609cc4c72cf54a6cf79bc3cc48c343dc60fab18f003ad054afb,,
1.0,G02-260203-143150-298,G02-260203-143150-298.bmp,G02,2026-02-03T14:31:50,2026-02-03,G02_2026-02-03,298,val,normal,,1025,1281,1,db0944fd529104943509a5518bf54e18b3688f069b4b8b8e2b385dc53ecd0425,,
1.0,G02-260203-143204-299,G02-260203-143204-299.bmp,G02,2026-02-03T14:32:04,2026-02-03,G02_2026-02-03,299,val,normal,,1025,1281,1,5e17b1f8f816e369ca330a82f6fe5661642fec165f0d1f29147b94fd630e4e02,,
1.0,G02-260203-143217-300,G02-260203-143217-300.bmp,G02,2026-02-03T14:32:17,2026-02-03,G02_2026-02-03,300,val,normal,,1025,1281,1,c36745f731bb4a9e6135c7db14e1fb62cfff0488c8fefcce5955f01ce3a1fdc9,,
1.0,G02-260203-143238-301,G02-260203-143238-301.bmp,G02,2026-02-03T14:32:38,2026-02-03,G02_2026-02-03,301,val,normal,,1025,1281,1,c2f1976cb3f12d58acd612594b0d58850109c43bcdffcea339604e65e8e55d61,,
1.0,G02-260203-143250-302,G02-260203-143250-302.bmp,G02,2026-02-03T14:32:50,2026-02-03,G02_2026-02-03,302,val,normal,,1025,1281,1,c4e99a148283e6d415c5280bfcde616d939dda47ecb8ada6a64fa4399f8aee84,,
1.0,G02-260203-143308-303,G02-260203-143308-303.bmp,G02,2026-02-03T14:33:08,2026-02-03,G02_2026-02-03,303,val,normal,,1025,1281,1,e9c8f9412e29bc2c8af30184715039e79f2bbd678cdbe04efbf40ee11315d642,,
1.0,G02-260203-143321-304,G02-260203-143321-304.bmp,G02,2026-02-03T14:33:21,2026-02-03,G02_2026-02-03,304,val,normal,,1025,1281,1,63f72ff0448e8113e69907375a8eade91d6f6c12ceb814ac9e0f702c0417536f,,
1.0,G02-260203-143338-305,G02-260203-143338-305.bmp,G02,2026-02-03T14:33:38,2026-02-03,G02_2026-02-03,305,val,normal,,1025,1281,1,efcc760d4463ce699f1bcb7def21186cf503f6bd71d6e95a3c43af88632ced77,,
1.0,G02-260203-143348-306,G02-260203-143348-306.bmp,G02,2026-02-03T14:33:48,2026-02-03,G02_2026-02-03,306,val,normal,,1025,1281,1,6bc80c997d36a4a403ab0070220c7a3ab19b74e1c1115225607798c00d0bf7e8,,
1.0,G02-260203-143408-307,G02-260203-143408-307.bmp,G02,2026-02-03T14:34:08,2026-02-03,G02_2026-02-03,307,val,normal,,1025,1281,1,71b5eb5c1eaa395b16383ea151a75a88c51d4556f1c462a916a6a31c3f575f9e,,
1.0,G02-260203-143418-308,G02-260203-143418-308.bmp,G02,2026-02-03T14:34:18,2026-02-03,G02_2026-02-03,308,val,normal,,1025,1281,1,9dd4bcb18f158aeecd35d515cd2dee736f9e34ed604efa0371304bd036873b58,,
1.0,G02-260203-143439-309,G02-260203-143439-309.bmp,G02,2026-02-03T14:34:39,2026-02-03,G02_2026-02-03,309,val,normal,,1025,1281,1,1bfaa37b51d99494a3c56ef41f40ec399ae1165e39081c692b20cc76bb222f37,,
1.0,G02-260203-143451-310,G02-260203-143451-310.bmp,G02,2026-02-03T14:34:51,2026-02-03,G02_2026-02-03,310,val,normal,,1025,1281,1,974fd34ed4efa1fa6e1b192aa8b1cec8676986a3f75b908065b14dfff024a537,,
1.0,G02-260203-143510-311,G02-260203-143510-311.bmp,G02,2026-02-03T14:35:10,2026-02-03,G02_2026-02-03,311,val,normal,,1025,1281,1,171b4311507a841d924ac7b9f9972297778feb72e8f64e895c5545d5d62ae9c5,,
1.0,G02-260203-143523-312,G02-260203-143523-312.bmp,G02,2026-02-03T14:35:23,2026-02-03,G02_2026-02-03,312,val,normal,,1025,1281,1,e839a899b81c1d193cc676884b564bd0d44fcaa3d5a41ff3b37055b6aefd3159,,
1.0,G02-260203-143540-313,G02-260203-143540-313.bmp,G02,2026-02-03T14:35:40,2026-02-03,G02_2026-02-03,313,val,normal,,1025,1281,1,1c93381785f039b3a6f00ea352626b0a3da369f44765dd77f3a5d3050e573f7c,,
1.0,G02-260203-143549-314,G02-260203-143549-314.bmp,G02,2026-02-03T14:35:49,2026-02-03,G02_2026-02-03,314,val,normal,,1025,1281,1,8504499cb0ecafc3ab57ae3b4b760075c3df4ef0fa9de23fd2bfb762d164b6bf,,
1.0,G02-260203-143609-315,G02-260203-143609-315.bmp,G02,2026-02-03T14:36:09,2026-02-03,G02_2026-02-03,315,val,normal,,1025,1281,1,0991229bb98f9044149035838c285b1b332d2c484c99cc3bfae762734720d10c,,
1.0,G02-260203-143620-316,G02-260203-143620-316.bmp,G02,2026-02-03T14:36:20,2026-02-03,G02_2026-02-03,316,val,normal,,1025,1281,1,bed1556db9a6334a08636c19804f755312a1505dab287345f86118e4d50ef3cb,,
1.0,G02-260203-143641-317,G02-260203-143641-317.bmp,G02,2026-02-03T14:36:41,2026-02-03,G02_2026-02-03,317,val,normal,,1025,1281,1,38f526c0b39f14cad4ff83640bffea1bd63b39e1e51aa7df3798d9ce8354ea07,,
1.0,G02-260203-143652-318,G02-260203-143652-318.bmp,G02,2026-02-03T14:36:52,2026-02-03,G02_2026-02-03,318,val,normal,,1025,1281,1,17b67be7251d77b023f3cbce0459f6bc1fa4a52e9e8543f6585b6846a331ecdf,,
1.0,G02-260203-143710-319,G02-260203-143710-319.bmp,G02,2026-02-03T14:37:10,2026-02-03,G02_2026-02-03,319,val,normal,,1025,1281,1,efe32b1a73151410d258b26b0733c26f2c3ab3a40eb0174691ab291986c95d96,,
1.0,G02-260203-143724-320,G02-260203-143724-320.bmp,G02,2026-02-03T14:37:24,2026-02-03,G02_2026-02-03,320,val,normal,,1025,1281,1,8df49dc49b3f9c92a5888f09dc32b02fe2ffe2c83623d6b120dd931783388974,,
1.0,G02-260203-143740-321,G02-260203-143740-321.bmp,G02,2026-02-03T14:37:40,2026-02-03,G02_2026-02-03,321,val,normal,,1025,1281,1,74ad3f8b303c5570974d48f69f996bde0c3bdfd98999f9456708855263afd8dc,,
1.0,G02-260203-143749-322,G02-260203-143749-322.bmp,G02,2026-02-03T14:37:49,2026-02-03,G02_2026-02-03,322,val,normal,,1025,1281,1,ed6ab5889160b71832db7a1c08350e3714bea87cee352b94cacad69f682ed40e,,
1.0,G02-260203-143809-323,G02-260203-143809-323.bmp,G02,2026-02-03T14:38:09,2026-02-03,G02_2026-02-03,323,val,normal,,1025,1281,1,c3a8051a67d238e9c1a39ec933a2a92212334eea8d64d32c87d5f39d45943f39,,
1.0,G02-260203-143823-324,G02-260203-143823-324.bmp,G02,2026-02-03T14:38:23,2026-02-03,G02_2026-02-03,324,val,normal,,1025,1281,1,d403f4921ccaa1574f3f1867a6bdbad9bbebc07be0622978675cbd43a63cb32b,,
1.0,G02-260203-143840-325,G02-260203-143840-325.bmp,G02,2026-02-03T14:38:40,2026-02-03,G02_2026-02-03,325,val,normal,,1025,1281,1,ca6f698225da3279c1dcd648abebad9902af1a3e720358ea077a6dafaae68d0e,,
1.0,G02-260203-143853-326,G02-260203-143853-326.bmp,G02,2026-02-03T14:38:53,2026-02-03,G02_2026-02-03,326,val,normal,,1025,1281,1,bde6b3c02bfd6e35929e6c40fd84d2685d3faed6f698c2fc764b46834601829b,,
1.0,G02-260203-143911-327,G02-260203-143911-327.bmp,G02,2026-02-03T14:39:11,2026-02-03,G02_2026-02-03,327,val,normal,,1025,1281,1,15b28f513b4a8381421bf1187e9b7d834c6f0873fdb8a4c14663e59d5d7ec2e5,,
1.0,G02-260203-143920-328,G02-260203-143920-328.bmp,G02,2026-02-03T14:39:20,2026-02-03,G02_2026-02-03,328,val,normal,,1025,1281,1,1743de64fa1f9898669fc0bfd1837de2f33e9fa6e503cc034f0a79f8d9242a04,,
1.0,G02-260203-143941-329,G02-260203-143941-329.bmp,G02,2026-02-03T14:39:41,2026-02-03,G02_2026-02-03,329,val,normal,,1025,1281,1,784fb0eb66c05549378aff884751e26f0e15b5ccfbfa18f4f432a169d5a5ca39,,
1.0,G02-260203-143952-330,G02-260203-143952-330.bmp,G02,2026-02-03T14:39:52,2026-02-03,G02_2026-02-03,330,val,normal,,1025,1281,1,3dec328339b44ebc94e3bfbd0c7f076853c0fb340573c3bc9f6ec3401bf88b30,,
1.0,G02-260203-144011-331,G02-260203-144011-331.bmp,G02,2026-02-03T14:40:11,2026-02-03,G02_2026-02-03,331,val,normal,,1025,1281,1,c2861bb52c3287d7431483b84a846cda7fb5e55a99e13308ba5c13164dad5dfc,,
1.0,G02-260203-144022-332,G02-260203-144022-332.bmp,G02,2026-02-03T14:40:22,2026-02-03,G02_2026-02-03,332,val,normal,,1025,1281,1,59ac1a1a2598358934d7abc03d9615fb7480ce579516850ab7bec1df789a9f35,,
1.0,G02-260203-144042-333,G02-260203-144042-333.bmp,G02,2026-02-03T14:40:42,2026-02-03,G02_2026-02-03,333,val,normal,,1025,1281,1,ee1b1c73cec6a403a75fe12d4ee79155ae299cab1a8ec4097ab63660b0b6d815,,
1.0,G02-260203-144055-334,G02-260203-144055-334.bmp,G02,2026-02-03T14:40:55,2026-02-03,G02_2026-02-03,334,val,normal,,1025,1281,1,8920a67cd076405fb5f6eb3fddf67dd6991bd5fb3205993e51ecfcab0ca7beec,,
1.0,G02-260203-144110-335,G02-260203-144110-335.bmp,G02,2026-02-03T14:41:10,2026-02-03,G02_2026-02-03,335,val,normal,,1025,1281,1,d85857179560aa67fbf68d973a8d25bbb02276d67095294fffa302be94ec79b4,,
1.0,G02-260203-144119-336,G02-260203-144119-336.bmp,G02,2026-02-03T14:41:19,2026-02-03,G02_2026-02-03,336,val,normal,,1025,1281,1,e1d22ff49e0b31dd0963eec71610dbb008e4505068578ca766157605ddc6035d,,
1.0,G02-260203-144141-337,G02-260203-144141-337.bmp,G02,2026-02-03T14:41:41,2026-02-03,G02_2026-02-03,337,val,normal,,1025,1281,1,0312860f8c8d053d1aa228352525f3db802b24b16ac8a825d7ebbdf3ab568e4b,,
1.0,G02-260203-144151-338,G02-260203-144151-338.bmp,G02,2026-02-03T14:41:51,2026-02-03,G02_2026-02-03,338,val,normal,,1025,1281,1,2a9818d14ff7b2b18aac5b29b88ac602ee1b322c3cde618931afb5ead6b14688,,
1.0,G02-260203-144210-339,G02-260203-144210-339.bmp,G02,2026-02-03T14:42:10,2026-02-03,G02_2026-02-03,339,val,normal,,1025,1281,1,db2fc2cea080161f098d4417d0763d4ed71077b723378c67b86173aec205a4d6,,
1.0,G02-260203-144224-340,G02-260203-144224-340.bmp,G02,2026-02-03T14:42:24,2026-02-03,G02_2026-02-03,340,val,normal,,1025,1281,1,bb2674c4d4bd17ef8c2331d95902fb10df9dc6ad59341a9a5f76f06b42544210,,
1.0,G02-260203-144241-341,G02-260203-144241-341.bmp,G02,2026-02-03T14:42:41,2026-02-03,G02_2026-02-03,341,val,normal,,1025,1281,1,e5aa868678050fc28a87c985157eab6b8d59429a129863c424c13a2cb361178e,,
1.0,G02-260203-144249-342,G02-260203-144249-342.bmp,G02,2026-02-03T14:42:49,2026-02-03,G02_2026-02-03,342,val,normal,,1025,1281,1,59bf2cf2b0aee55891e4d2781c598d3148ee4c9c634af4c4ad32fba3e8f56083,,
1.0,G02-260203-144312-343,G02-260203-144312-343.bmp,G02,2026-02-03T14:43:12,2026-02-03,G02_2026-02-03,343,val,normal,,1025,1281,1,9b88f10bbab860391c26f77e5d0b9df90cf821c3d10e8fee83b28e89947424d9,,
1.0,G02-260203-144321-344,G02-260203-144321-344.bmp,G02,2026-02-03T14:43:21,2026-02-03,G02_2026-02-03,344,val,normal,,1025,1281,1,ef86f9a66f27a96b1530566774c580c949094317d106cc99edf4579fc68804c6,,
1.0,G02-260203-144342-345,G02-260203-144342-345.bmp,G02,2026-02-03T14:43:42,2026-02-03,G02_2026-02-03,345,val,normal,,1025,1281,1,dee977906b669c095ecc6dbb2aae464d6935a5917473aa43559790b336bfb06c,,
1.0,G02-260203-144400-346,G02-260203-144400-346.bmp,G02,2026-02-03T14:44:00,2026-02-03,G02_2026-02-03,346,val,normal,,1025,1281,1,eda3962135b115f177847726f1175731aee223f6b5b598a2dd1dbd62acfd4661,,
1.0,G02-260203-144411-347,G02-260203-144411-347.bmp,G02,2026-02-03T14:44:11,2026-02-03,G02_2026-02-03,347,val,normal,,1025,1281,1,bde4ee4e1701ed5e57b9ed1a05437bac8e5bf65e18b660bd7f32723e9fdc5d6d,,
1.0,G02-260203-144425-348,G02-260203-144425-348.bmp,G02,2026-02-03T14:44:25,2026-02-03,G02_2026-02-03,348,val,normal,,1025,1281,1,d0b5e0bd9e161fe627cd8b945a2681fccbd44a8bd2db8027755e56e8c5bdae31,,
1.0,G02-260203-144442-349,G02-260203-144442-349.bmp,G02,2026-02-03T14:44:42,2026-02-03,G02_2026-02-03,349,val,normal,,1025,1281,1,0bccd88b6e225595ea482237418b5ce7733b6542c9690c8620374e79bbcfb5a4,,
1.0,G02-260203-144456-350,G02-260203-144456-350.bmp,G02,2026-02-03T14:44:56,2026-02-03,G02_2026-02-03,350,val,normal,,1025,1281,1,ac280fbfde575eafadc001a8df8c181d41b9df08fc13edd7afb223761d6e9d28,,
1.0,G02-260203-144512-351,G02-260203-144512-351.bmp,G02,2026-02-03T14:45:12,2026-02-03,G02_2026-02-03,351,val,normal,,1025,1281,1,808acc4e256e16a47207264e52bd513bbb621fc832d8e3f7df6d05f7162530a1,,
1.0,G02-260203-144522-352,G02-260203-144522-352.bmp,G02,2026-02-03T14:45:22,2026-02-03,G02_2026-02-03,352,val,normal,,1025,1281,1,42c799e7211a52297195806e94f09adb14770e393794a85e4bc32b3fd0b30304,,
1.0,G02-260203-144541-353,G02-260203-144541-353.bmp,G02,2026-02-03T14:45:41,2026-02-03,G02_2026-02-03,353,val,normal,,1025,1281,1,f2bfc88ca26ebef4b34e3999313da5e64e900da989532f5820eb9b86b94c0b14,,
1.0,G02-260203-144554-354,G02-260203-144554-354.bmp,G02,2026-02-03T14:45:54,2026-02-03,G02_2026-02-03,354,val,normal,,1025,1281,1,ffb82c7130fc5766677d8fd9c5b137056e5ef44a2cfd4e00fdb295ef890c0ddc,,
1.0,G02-260203-144612-355,G02-260203-144612-355.bmp,G02,2026-02-03T14:46:12,2026-02-03,G02_2026-02-03,355,val,normal,,1025,1281,1,1be7b93423562b6f3cf5c48ad57795deff6a310e509354f6206d6294b9bbd7bc,,
1.0,G02-260203-144620-356,G02-260203-144620-356.bmp,G02,2026-02-03T14:46:20,2026-02-03,G02_2026-02-03,356,val,normal,,1025,1281,1,7459992e6f4180379faf59d8ea22273826cda34ba61edf7e23c970a8227f7536,,
1.0,G02-260203-144642-357,G02-260203-144642-357.bmp,G02,2026-02-03T14:46:42,2026-02-03,G02_2026-02-03,357,val,normal,,1025,1281,1,6c22fd3fea8716cd5fc761fe5fe57f1115ed725d0ccf4864117065cfb272e1f0,,
1.0,G02-260203-144651-358,G02-260203-144651-358.bmp,G02,2026-02-03T14:46:51,2026-02-03,G02_2026-02-03,358,val,normal,,1025,1281,1,c9de5697a78d601312aed09f8ee85bfc3df872cdb29c7f8f1d3b90643058d96f,,
1.0,G02-260203-144713-359,G02-260203-144713-359.bmp,G02,2026-02-03T14:47:13,2026-02-03,G02_2026-02-03,359,val,normal,,1025,1281,1,8b827de8c110d697d77d21833336e381bacc27b0dbe59249bba971664758d8d1,,
1.0,G02-260203-144723-360,G02-260203-144723-360.bmp,G02,2026-02-03T14:47:23,2026-02-03,G02_2026-02-03,360,val,normal,,1025,1281,1,ee0365944fd369407e87b51490ee305879b75a1bdedd6ee5565830a13f4a3282,,
1.0,G02-260203-144743-361,G02-260203-144743-361.bmp,G02,2026-02-03T14:47:43,2026-02-03,G02_2026-02-03,361,val,normal,,1025,1281,1,3eab4d79f10df7ebb59fa6ab42ffb92c4eeee0b3cd4509213aebe6825fd87a2e,,
1.0,G02-260203-144756-362,G02-260203-144756-362.bmp,G02,2026-02-03T14:47:56,2026-02-03,G02_2026-02-03,362,val,normal,,1025,1281,1,c281095b52ca58875f15953fe0100116c7ba80e0f31bb72c30a7638d89934602,,
1.0,G02-260203-144812-363,G02-260203-144812-363.bmp,G02,2026-02-03T14:48:12,2026-02-03,G02_2026-02-03,363,val,normal,,1025,1281,1,96300e03208bc892d723f3d64fd0d25602462806855ba935d9430a72302627c7,,
1.0,G02-260203-144826-364,G02-260203-144826-364.bmp,G02,2026-02-03T14:48:26,2026-02-03,G02_2026-02-03,364,val,normal,,1025,1281,1,181058d467438633f65023a3ae2442d04ff50e5e824a016bb005fad8a395d194,,
1.0,G02-260203-144844-365,G02-260203-144844-365.bmp,G02,2026-02-03T14:48:44,2026-02-03,G02_2026-02-03,365,val,normal,,1025,1281,1,b132d469a545d8671eddf3e9a36b2301ba522c5389542370720c2a929c41c9a6,,
1.0,G02-260203-144852-366,G02-260203-144852-366.bmp,G02,2026-02-03T14:48:52,2026-02-03,G02_2026-02-03,366,val,normal,,1025,1281,1,e4ca622ed2eaef752fbc301404253d99c7db7970c905331cf816cd1ec2a4d346,,
1.0,G02-260203-144912-367,G02-260203-144912-367.bmp,G02,2026-02-03T14:49:12,2026-02-03,G02_2026-02-03,367,val,normal,,1025,1281,1,d3daaafdb0ec56d15bfabbf5fc1867075eb5325158b75854759b2e4f33b5aba9,,
1.0,G02-260203-144925-368,G02-260203-144925-368.bmp,G02,2026-02-03T14:49:25,2026-02-03,G02_2026-02-03,368,val,normal,,1025,1281,1,72158c85ea04e7e0110dbf11d9831556611c9bfd091bcf81bf63df3347855128,,
1.0,G02-260203-144943-369,G02-260203-144943-369.bmp,G02,2026-02-03T14:49:43,2026-02-03,G02_2026-02-03,369,val,normal,,1025,1281,1,eda72ec80d4153a5a380cacfd1fd52d82525566175d1da421f711ccc899d2cd7,,
1.0,G02-260203-144958-370,G02-260203-144958-370.bmp,G02,2026-02-03T14:49:58,2026-02-03,G02_2026-02-03,370,val,normal,,1025,1281,1,8d7ee7d5a0caf217720360f5740c9f565a4711ae98edc662d7dd021d6796e5c4,,
1.0,G02-260203-145013-371,G02-260203-145013-371.bmp,G02,2026-02-03T14:50:13,2026-02-03,G02_2026-02-03,371,val,normal,,1025,1281,1,82e6134444b9815b6012b0950f48e8e6f857155825917e2849d445a4a0fd728b,,
1.0,G02-260203-145023-372,G02-260203-145023-372.bmp,G02,2026-02-03T14:50:23,2026-02-03,G02_2026-02-03,372,val,normal,,1025,1281,1,c4c944d5cd0866753890acf126f90c31063dc4443c35ff8bd28860370ff4b596,,
1.0,G02-260203-145044-373,G02-260203-145044-373.bmp,G02,2026-02-03T14:50:44,2026-02-03,G02_2026-02-03,373,val,normal,,1025,1281,1,e7ee1dd93eacfb4daded6e0e51b1a5a7a7d2fc5c6e100595af760d690edf460c,,
1.0,G02-260203-145054-374,G02-260203-145054-374.bmp,G02,2026-02-03T14:50:54,2026-02-03,G02_2026-02-03,374,val,normal,,1025,1281,1,c1f8cea26681f4495f81ea90d1d18f5004ea1b12b7239aef2d988fb35f855ae7,,
1.0,G02-260203-145113-375,G02-260203-145113-375.bmp,G02,2026-02-03T14:51:13,2026-02-03,G02_2026-02-03,375,val,normal,,1025,1281,1,b55e7a2ac0a14fd87e006889ac05a0734d1efd790c72324d23c7ff4c0b9232a1,,
1.0,G02-260203-145126-376,G02-260203-145126-376.bmp,G02,2026-02-03T14:51:26,2026-02-03,G02_2026-02-03,376,val,normal,,1025,1281,1,9e12cf0184f3f2d68eb9117547ff90f3ee55f4e3bff8ffe098dbb4de1f0ed7cf,,
1.0,G02-260203-145144-377,G02-260203-145144-377.bmp,G02,2026-02-03T14:51:44,2026-02-03,G02_2026-02-03,377,val,normal,,1025,1281,1,75d23cc2feab40060931916d25ed50df6628ba1a61d320c216669e62989e575d,,
1.0,G02-260203-145153-378,G02-260203-145153-378.bmp,G02,2026-02-03T14:51:53,2026-02-03,G02_2026-02-03,378,val,normal,,1025,1281,1,949650da3c8430df40e9b16bd5fac143c0779b8eae1da8885d0724eac443840e,,
1.0,G02-260203-145214-379,G02-260203-145214-379.bmp,G02,2026-02-03T14:52:14,2026-02-03,G02_2026-02-03,379,val,normal,,1025,1281,1,0566baf9dcc069973c306b871c7ee3e96159cacb9cf54d84e6f82a7d0e8c2e4d,,
1.0,G02-260203-145223-380,G02-260203-145223-380.bmp,G02,2026-02-03T14:52:23,2026-02-03,G02_2026-02-03,380,val,normal,,1025,1281,1,694625d79741d22dd16e9b3e6a2f7a52eafa7d4b73782be267d9844c63a8e573,,
1.0,G02-260203-145244-381,G02-260203-145244-381.bmp,G02,2026-02-03T14:52:44,2026-02-03,G02_2026-02-03,381,val,normal,,1025,1281,1,d490a8a7211efe4779d1128e3231bc86a87bed898cf999d4dbdfdda24a302a18,,
1.0,G02-260203-145259-382,G02-260203-145259-382.bmp,G02,2026-02-03T14:52:59,2026-02-03,G02_2026-02-03,382,val,normal,,1025,1281,1,17d53b7eb42e2a5f4aaac78a650d3bade13190087c5981f309b78abca4fd78b5,,
1.0,G02-260203-145314-383,G02-260203-145314-383.bmp,G02,2026-02-03T14:53:14,2026-02-03,G02_2026-02-03,383,val,normal,,1025,1281,1,d01527d7477b5d6bceeb9abc4a2e6fc8c31cb5272b499a05b1015bd6d8ff0ee9,,
1.0,G02-260203-145328-384,G02-260203-145328-384.bmp,G02,2026-02-03T14:53:28,2026-02-03,G02_2026-02-03,384,val,normal,,1025,1281,1,2b128647b191c3a58fd54f9b23708198ad928783661b42f698473e4b081ccd14,,
1.0,G02-260203-145344-385,G02-260203-145344-385.bmp,G02,2026-02-03T14:53:44,2026-02-03,G02_2026-02-03,385,val,normal,,1025,1281,1,180252412ba3a406fa7ca8d2be68aa7bda3a6fc8b8e3ec0c48ea8f77128dfce5,,
1.0,G02-260203-145356-386,G02-260203-145356-386.bmp,G02,2026-02-03T14:53:56,2026-02-03,G02_2026-02-03,386,val,normal,,1025,1281,1,e8a19e893c81dc2e9249c9f392c3be22eaba2d3e050b02c4a5d6eeb2868275b5,,
1.0,G02-260203-145414-387,G02-260203-145414-387.bmp,G02,2026-02-03T14:54:14,2026-02-03,G02_2026-02-03,387,val,normal,,1025,1281,1,bc93a846532f8785b4b5880c145f59530f72432c9b7f0cdaef745d828cdf3e52,,
1.0,G02-260203-145500-388,G02-260203-145500-388.bmp,G02,2026-02-03T14:55:00,2026-02-03,G02_2026-02-03,388,val,normal,,1025,1281,1,e55f82ff6a2e9c4ef88dac1898d67cbe01d9ae8cd75f1afd7be6b97f994550bb,,
1.0,G02-260203-145508-390,G02-260203-145508-390.bmp,G02,2026-02-03T14:55:08,2026-02-03,G02_2026-02-03,390,val,normal,,1025,1281,1,f50c40bfd6c4bc817cd51709a3aa04493413a25f8bbbc1a7aff12e6f04693c3b,,
1.0,G02-260203-145517-391,G02-260203-145517-391.bmp,G02,2026-02-03T14:55:17,2026-02-03,G02_2026-02-03,391,val,normal,,1025,1281,1,d718972d5618c7fd40b299fecee29cb58869721ee7871b2f35783305f25ab3b3,,
1.0,G02-260203-145529-392,G02-260203-145529-392.bmp,G02,2026-02-03T14:55:29,2026-02-03,G02_2026-02-03,392,val,normal,,1025,1281,1,4fa8519c8506564ef492e19bb60189db7ef822bc996f74e1064f64c22795fd20,,
1.0,G02-260203-145545-393,G02-260203-145545-393.bmp,G02,2026-02-03T14:55:45,2026-02-03,G02_2026-02-03,393,val,normal,,1025,1281,1,63b7b2453ca059c436f05f4f1d88087ed303708baa630e60637155d12b014f5c,,
1.0,G02-260203-145559-394,G02-260203-145559-394.bmp,G02,2026-02-03T14:55:59,2026-02-03,G02_2026-02-03,394,val,normal,,1025,1281,1,f887c9be1c41281904705b59d93f45b6534bcb0a04b59a0be05e5b789d265070,,
1.0,G02-260203-145615-395,G02-260203-145615-395.bmp,G02,2026-02-03T14:56:15,2026-02-03,G02_2026-02-03,395,val,normal,,1025,1281,1,da96976bacf13c7f0dd24aa60ca56e38eff00b6be8b3f2b8d60cfe6f609915d9,,
1.0,G02-260203-145630-396,G02-260203-145630-396.bmp,G02,2026-02-03T14:56:30,2026-02-03,G02_2026-02-03,396,val,normal,,1025,1281,1,5c4fe7bab6b11074b0dac87adf1d49395707b9ea07aabfd51d69d252e65b4628,,
1.0,G02-260203-145645-397,G02-260203-145645-397.bmp,G02,2026-02-03T14:56:45,2026-02-03,G02_2026-02-03,397,val,normal,,1025,1281,1,e78aed6d0118406aeef48bb7c63c6f67d770f101deb37ea24e7ebe620713bfb1,,
1.0,G02-260203-145659-398,G02-260203-145659-398.bmp,G02,2026-02-03T14:56:59,2026-02-03,G02_2026-02-03,398,val,normal,,1025,1281,1,862065fdbb6e6d3bf5c7350803051d6d4c955e50d2ae83fc0002947abbe74410,,
1.0,G02-260203-145715-399,G02-260203-145715-399.bmp,G02,2026-02-03T14:57:15,2026-02-03,G02_2026-02-03,399,val,normal,,1025,1281,1,d68abb4bfcc459b3340347e0a665500910259df071931e283cf6b6279ea55ecc,,
1.0,G02-260203-145724-400,G02-260203-145724-400.bmp,G02,2026-02-03T14:57:24,2026-02-03,G02_2026-02-03,400,val,normal,,1025,1281,1,f31291a8879333a48336d883b1511e192dfd9201def29c731161031b81d11065,,
1.0,G02-260203-145745-401,G02-260203-145745-401.bmp,G02,2026-02-03T14:57:45,2026-02-03,G02_2026-02-03,401,val,normal,,1025,1281,1,aa965e05b4b4b452c62899ecba1e3e1268eb531c11e18e51d90b946340263106,,
1.0,G02-260203-145757-402,G02-260203-145757-402.bmp,G02,2026-02-03T14:57:57,2026-02-03,G02_2026-02-03,402,val,normal,,1025,1281,1,48029f8d5878fc1ddb49b846c63250b25f8a1155e643c7f8e703efd031c32b85,,
1.0,G02-260203-145815-403,G02-260203-145815-403.bmp,G02,2026-02-03T14:58:15,2026-02-03,G02_2026-02-03,403,val,normal,,1025,1281,1,2680a1b4c3c5cb4e29dc281c1a425705bb43005ea410beca975317b21a864fd4,,
1.0,G02-260203-145827-404,G02-260203-145827-404.bmp,G02,2026-02-03T14:58:27,2026-02-03,G02_2026-02-03,404,val,normal,,1025,1281,1,01f37616ad1cea1815e8937a6f1dddacc7fff31f27eff54e30415e3ddb67deca,,
1.0,G02-260203-145846-405,G02-260203-145846-405.bmp,G02,2026-02-03T14:58:46,2026-02-03,G02_2026-02-03,405,val,normal,,1025,1281,1,f4197778dc5f24a1da057e3a8653851d194343d041a498dd01c264637f419f67,,
1.0,G02-260203-145940-406,G02-260203-145940-406.bmp,G02,2026-02-03T14:59:40,2026-02-03,G02_2026-02-03,406,val,normal,,1025,1281,1,c493e88fa295b069ea66e2461a172a06d70f11081ea503a066fe04c33090503e,,
1.0,G02-260203-150018-407,G02-260203-150018-407.bmp,G02,2026-02-03T15:00:18,2026-02-03,G02_2026-02-03,407,val,normal,,1025,1281,1,919cd871a08c8fa1e8a228bd181e69da5334fe1de7fb49a961022b62b2bfb9d9,,
1.0,G02-260203-150028-408,G02-260203-150028-408.bmp,G02,2026-02-03T15:00:28,2026-02-03,G02_2026-02-03,408,val,normal,,1025,1281,1,c0e1e4641ccc8ba7efde67bfda303af0a14ec337144d392152c2aec420a7d2b9,,
1.0,G02-260203-150038-409,G02-260203-150038-409.bmp,G02,2026-02-03T15:00:38,2026-02-03,G02_2026-02-03,409,val,normal,,1025,1281,1,4738316c1a897266a5367ad067d42c5d77e83e3d21cea97cb62f990fa5a88a99,,
1.0,G02-260203-150048-410,G02-260203-150048-410.bmp,G02,2026-02-03T15:00:48,2026-02-03,G02_2026-02-03,410,val,normal,,1025,1281,1,891568af69a367013c36d8650d4e3cc05f470c64454922aa7c76ee944bd147a0,,
1.0,G02-260203-150058-411,G02-260203-150058-411.bmp,G02,2026-02-03T15:00:58,2026-02-03,G02_2026-02-03,411,val,normal,,1025,1281,1,d4513b7a8da8ead9728c2bd25f36bba2a74e76d595b8dbf509c952a8938cc323,,
1.0,G02-260203-150108-412,G02-260203-150108-412.bmp,G02,2026-02-03T15:01:08,2026-02-03,G02_2026-02-03,412,val,normal,,1025,1281,1,7dac6ff67b1061fe80a0a3409d355768176fdd83e83f8e83b6567bcfb12442df,,
1.0,G02-260203-150118-413,G02-260203-150118-413.bmp,G02,2026-02-03T15:01:18,2026-02-03,G02_2026-02-03,413,val,normal,,1025,1281,1,1e8faa40a5e991407b96c58f41a9f896263a2794539c6a811a9223b525e7a209,,
1.0,G02-260203-150128-414,G02-260203-150128-414.bmp,G02,2026-02-03T15:01:28,2026-02-03,G02_2026-02-03,414,val,normal,,1025,1281,1,bd05a05e5e0913370c6d7b90b64df42d22906b07811c81991cd1df2ad37013c9,,
1.0,G02-260203-150138-415,G02-260203-150138-415.bmp,G02,2026-02-03T15:01:38,2026-02-03,G02_2026-02-03,415,val,normal,,1025,1281,1,d83a11b35b5f706a0d63afe199e6f3d92ba15a6266322c3a25ad1bb0f1eb475f,,
1.0,G02-260203-150148-416,G02-260203-150148-416.bmp,G02,2026-02-03T15:01:48,2026-02-03,G02_2026-02-03,416,val,normal,,1025,1281,1,7aa55846c9f9ec5c4d6b89aeaa767ead1d041084518a1068e29c7cd37d79bbb9,,
1.0,G02-260203-150157-417,G02-260203-150157-417.bmp,G02,2026-02-03T15:01:57,2026-02-03,G02_2026-02-03,417,val,normal,,1025,1281,1,a259743fe17bc5278f059ac20384e22ceb0dc9a410aea4200e1ca9e18ffacad6,,
1.0,G02-260203-150203-418,G02-260203-150203-418.bmp,G02,2026-02-03T15:02:03,2026-02-03,G02_2026-02-03,418,val,normal,,1025,1281,1,c8b5e31fe8b526737cc5fe4d917a8e64171866b72402310ea2790609d2d9620d,,
1.0,G02-260203-150218-419,G02-260203-150218-419.bmp,G02,2026-02-03T15:02:18,2026-02-03,G02_2026-02-03,419,val,normal,,1025,1281,1,c4eee30d2f670ae6e45ab0ff27b4701a1c42dfd9021a5948e0ffd221d4aaa0f3,,
1.0,G02-260203-150229-420,G02-260203-150229-420.bmp,G02,2026-02-03T15:02:29,2026-02-03,G02_2026-02-03,420,val,normal,,1025,1281,1,3721caefde4cb3e66d16981488ae770f87ebe8c1bf8ffd68738f442a5beea2bb,,
1.0,G02-260203-150246-421,G02-260203-150246-421.bmp,G02,2026-02-03T15:02:46,2026-02-03,G02_2026-02-03,421,val,normal,,1025,1281,1,6666e53c97aaac2fb1f40405f227108753919d406a2c9fc2a09b127f23f63688,,
1.0,G02-260203-150255-422,G02-260203-150255-422.bmp,G02,2026-02-03T15:02:55,2026-02-03,G02_2026-02-03,422,val,normal,,1025,1281,1,d8a1891c085b0dd787e27d4c1b918423aaae64952534ec740f2e247c101e4969,,
1.0,G02-260203-150317-423,G02-260203-150317-423.bmp,G02,2026-02-03T15:03:17,2026-02-03,G02_2026-02-03,423,val,normal,,1025,1281,1,8aaf8462604e5eb7aaefb3c0f9d4be0920d540966213b81bd74cad519eae3da2,,
1.0,G02-260203-150327-424,G02-260203-150327-424.bmp,G02,2026-02-03T15:03:27,2026-02-03,G02_2026-02-03,424,val,normal,,1025,1281,1,f4f6bdba925332230ccbf0894d7fd362956d345c4360c0533ac84e59575a2845,,
1.0,G02-260203-150348-425,G02-260203-150348-425.bmp,G02,2026-02-03T15:03:48,2026-02-03,G02_2026-02-03,425,val,normal,,1025,1281,1,e4683ef6f0ad5c7997a4c829fcc9247c4556c7285bb70055e5ce56e4380e11dc,,
1.0,G02-260203-150417-426,G02-260203-150417-426.bmp,G02,2026-02-03T15:04:17,2026-02-03,G02_2026-02-03,426,val,normal,,1025,1281,1,4fac6ad454ab5099468f5b9d3f43d238445afdfbe318be0f72f8573f0eeec087,,
1.0,G02-260203-150427-427,G02-260203-150427-427.bmp,G02,2026-02-03T15:04:27,2026-02-03,G02_2026-02-03,427,val,normal,,1025,1281,1,b8579daf1da33e3a6b734081ec807630c44eddd52746eb6595338592876a08d9,,
1.0,G02-260203-150448-428,G02-260203-150448-428.bmp,G02,2026-02-03T15:04:48,2026-02-03,G02_2026-02-03,428,val,normal,,1025,1281,1,40963dd944f50fb5e6ea68459285614f3f6c7912246e995bb6eb95adf7088c54,,
1.0,G02-260203-150459-429,G02-260203-150459-429.bmp,G02,2026-02-03T15:04:59,2026-02-03,G02_2026-02-03,429,val,normal,,1025,1281,1,b29f1d5bd0f25136cfe7f85e03d8d2ca19fc13dac8ca386c5e09258f9b13a544,,
1.0,G02-260203-150518-430,G02-260203-150518-430.bmp,G02,2026-02-03T15:05:18,2026-02-03,G02_2026-02-03,430,val,normal,,1025,1281,1,78ede59b9ba8c5aa8da07a2a6291572e4718ae7a7d0d0a9e811ab2e0ed7582a0,,
1.0,G02-260203-150534-431,G02-260203-150534-431.bmp,G02,2026-02-03T15:05:34,2026-02-03,G02_2026-02-03,431,val,normal,,1025,1281,1,f581f5c314357acfff4e29aae25d0cc5073d24ce24be92b8e986fcfeeffe949f,,
1.0,G02-260203-150547-432,G02-260203-150547-432.bmp,G02,2026-02-03T15:05:47,2026-02-03,G02_2026-02-03,432,val,normal,,1025,1281,1,99ddd3493896856f26b3447f1df664553e017af7591d0c6a1e0f242061363d46,,
1.0,G02-260203-150559-433,G02-260203-150559-433.bmp,G02,2026-02-03T15:05:59,2026-02-03,G02_2026-02-03,433,val,normal,,1025,1281,1,7b9ec4224b69ce7854b2ed84815a0c1639830f29529cf6c3e010946ceb0a7caa,,
1.0,G02-260203-150618-434,G02-260203-150618-434.bmp,G02,2026-02-03T15:06:18,2026-02-03,G02_2026-02-03,434,val,normal,,1025,1281,1,3b34f352761e4544c0597e65fdf7d9cbda69ed619f13a11f73117c3859c34b1e,,
1.0,G02-260203-150626-435,G02-260203-150626-435.bmp,G02,2026-02-03T15:06:26,2026-02-03,G02_2026-02-03,435,val,normal,,1025,1281,1,f97beceaeec438bb8d6394229195ebc9beca9a6b17c3a4905128e9265ea27723,,
1.0,G02-260203-150647-436,G02-260203-150647-436.bmp,G02,2026-02-03T15:06:47,2026-02-03,G02_2026-02-03,436,val,normal,,1025,1281,1,e2347a1b7617f2d9a99212229554c30ac39a2d8021fb0ae384986c2afadb3157,,
1.0,G02-260203-150700-437,G02-260203-150700-437.bmp,G02,2026-02-03T15:07:00,2026-02-03,G02_2026-02-03,437,val,normal,,1025,1281,1,fc45960d169ee723fa72569513c0830882b7fb02875be331266dee20b7fe88c1,,
1.0,G02-260203-150717-438,G02-260203-150717-438.bmp,G02,2026-02-03T15:07:17,2026-02-03,G02_2026-02-03,438,val,normal,,1025,1281,1,75f9ff43eeecd39f96069f9b408fc682993e03c20e1811776add501e2f5ae44f,,
1.0,G02-260203-150729-439,G02-260203-150729-439.bmp,G02,2026-02-03T15:07:29,2026-02-03,G02_2026-02-03,439,val,normal,,1025,1281,1,29193a8cd2bc1e2fd89fea284c57caa787f3958a5ebf20158ac586a7d17dc6e6,,
1.0,G02-260203-150749-440,G02-260203-150749-440.bmp,G02,2026-02-03T15:07:49,2026-02-03,G02_2026-02-03,440,val,normal,,1025,1281,1,dc512d9d4f724007d3c5b130781568f7a11b92798d7254f0483d927163ae748f,,
1.0,G02-260203-150758-441,G02-260203-150758-441.bmp,G02,2026-02-03T15:07:58,2026-02-03,G02_2026-02-03,441,val,normal,,1025,1281,1,2a32c0d4c4d56ba0fb00e063cb89a1979e70e44189731952b9df48af908eae0c,,
1.0,G02-260203-150817-442,G02-260203-150817-442.bmp,G02,2026-02-03T15:08:17,2026-02-03,G02_2026-02-03,442,val,normal,,1025,1281,1,b7c1554ee2f040721ae6547da12a89794ba585cad680985b9d20c2a5b1098896,,
1.0,G02-260203-150827-443,G02-260203-150827-443.bmp,G02,2026-02-03T15:08:27,2026-02-03,G02_2026-02-03,443,val,normal,,1025,1281,1,a6fe9c0417adcc0aaae55d2b823c4d0cfe36ce6aa82a769ff958ce4010322677,,
1.0,G02-260203-150848-444,G02-260203-150848-444.bmp,G02,2026-02-03T15:08:48,2026-02-03,G02_2026-02-03,444,val,normal,,1025,1281,1,c0b5ad5031df81c6515f026be23e4a572247160a7cd1e33a39fc2ace1f0e20d1,,
1.0,G02-260203-150859-445,G02-260203-150859-445.bmp,G02,2026-02-03T15:08:59,2026-02-03,G02_2026-02-03,445,val,normal,,1025,1281,1,c36560b6c66d88b1a5055913f0360c7b882e4661b2b7c80f7d9b73a008e2a4a1,,
1.0,G02-260203-150918-446,G02-260203-150918-446.bmp,G02,2026-02-03T15:09:18,2026-02-03,G02_2026-02-03,446,val,normal,,1025,1281,1,5816220310917a03813cb3ce663a23888f4eb87eb1a08d4a542251aa5666ff98,,
1.0,G02-260203-150929-447,G02-260203-150929-447.bmp,G02,2026-02-03T15:09:29,2026-02-03,G02_2026-02-03,447,val,normal,,1025,1281,1,3717b37277f0126ed4910310d82fd1dd764f83c943246adb0109455780b92269,,
1.0,G02-260203-150948-448,G02-260203-150948-448.bmp,G02,2026-02-03T15:09:48,2026-02-03,G02_2026-02-03,448,val,normal,,1025,1281,1,2237b010cae79073af7f810a4da7075d887026c87b06cced36d63f127b182894,,
1.0,G02-260203-150959-449,G02-260203-150959-449.bmp,G02,2026-02-03T15:09:59,2026-02-03,G02_2026-02-03,449,val,normal,,1025,1281,1,6191b35aef1aa1f3d767cb45e7bf9d78b8981757cbac32ba167ddc5c2c3d4b99,,
1.0,G02-260203-151019-450,G02-260203-151019-450.bmp,G02,2026-02-03T15:10:19,2026-02-03,G02_2026-02-03,450,val,normal,,1025,1281,1,e567b66f90e5410b33d26181e976d69c62457ee483cff4961d905dd850c4a8a5,,
1.0,G02-260203-151026-451,G02-260203-151026-451.bmp,G02,2026-02-03T15:10:26,2026-02-03,G02_2026-02-03,451,val,normal,,1025,1281,1,1bf4fbe91ae225949af57b7750d2e103132f19c6520831e16dfdb70e3490c46c,,
1.0,G02-260203-151049-452,G02-260203-151049-452.bmp,G02,2026-02-03T15:10:49,2026-02-03,G02_2026-02-03,452,val,normal,,1025,1281,1,c2b444b65f0ffc8eb78b92ab3da38c0bd78fcd50452ea73f3ef5db97fe5be9d6,,
1.0,G02-260203-151100-453,G02-260203-151100-453.bmp,G02,2026-02-03T15:11:00,2026-02-03,G02_2026-02-03,453,val,normal,,1025,1281,1,545a99d950aec47521661d299a6ebb10390f7f26e30483bfab2d2136534ddc2b,,
1.0,G02-260203-151119-454,G02-260203-151119-454.bmp,G02,2026-02-03T15:11:19,2026-02-03,G02_2026-02-03,454,val,normal,,1025,1281,1,0481d8e2dc0e3df03eb09f43b4dc6b3225e2aac6679929cc50c59064d0776226,,
1.0,G02-260203-151133-455,G02-260203-151133-455.bmp,G02,2026-02-03T15:11:33,2026-02-03,G02_2026-02-03,455,val,normal,,1025,1281,1,63c996b9f6bc7a784f22dcbded506bfdc01d8c6d349f3976f584e9b0c1a38d64,,
1.0,G02-260203-151149-456,G02-260203-151149-456.bmp,G02,2026-02-03T15:11:49,2026-02-03,G02_2026-02-03,456,val,normal,,1025,1281,1,2f0a90e841f46ad033e713c9da90d64d4c6ab796a19b32d1b2c8c05290372fc0,,
1.0,G02-260203-151202-457,G02-260203-151202-457.bmp,G02,2026-02-03T15:12:02,2026-02-03,G02_2026-02-03,457,val,normal,,1025,1281,1,e48f857b876ce9622ca678a25e3ebdbf8e3d9317e5a915c16c43f06bd603dd3a,,
1.0,G02-260203-151220-458,G02-260203-151220-458.bmp,G02,2026-02-03T15:12:20,2026-02-03,G02_2026-02-03,458,val,normal,,1025,1281,1,af33d03c53d7f4c31c3f82ef0824a38a53602fc3eb6debdebc00a4ac5ff2974e,,
1.0,G02-260203-151230-459,G02-260203-151230-459.bmp,G02,2026-02-03T15:12:30,2026-02-03,G02_2026-02-03,459,val,normal,,1025,1281,1,9b883d0ced4afcfe892b9e12eeb27d7a99d25c36adfd30158ed237079393059e,,
1.0,G02-260203-151249-460,G02-260203-151249-460.bmp,G02,2026-02-03T15:12:49,2026-02-03,G02_2026-02-03,460,val,normal,,1025,1281,1,6b204fa85ffa9800e66e19e5641bbe9be2cd0aa84ff10d3553088b21321a7ee2,,
1.0,G02-260203-151302-461,G02-260203-151302-461.bmp,G02,2026-02-03T15:13:02,2026-02-03,G02_2026-02-03,461,val,normal,,1025,1281,1,f99829fd426a93e417bd5199a49adb616f346308441609ecb1c9a8b92b658fcc,,
1.0,G02-260203-151320-462,G02-260203-151320-462.bmp,G02,2026-02-03T15:13:20,2026-02-03,G02_2026-02-03,462,val,normal,,1025,1281,1,10db734a3982400e7e3a08b0e2f6719dafa5d7f9799f0bf54862790e9f2df180,,
1.0,G02-260203-151333-463,G02-260203-151333-463.bmp,G02,2026-02-03T15:13:33,2026-02-03,G02_2026-02-03,463,val,normal,,1025,1281,1,2f3cb5cac14572e9f6f7f7ec46564b2db803ccd749c415d847588543c99e1aa5,,
1.0,G02-260203-151349-464,G02-260203-151349-464.bmp,G02,2026-02-03T15:13:49,2026-02-03,G02_2026-02-03,464,val,normal,,1025,1281,1,369c8a836c1395ba9e83c79de883a5aca37357ab03c11185677c541793a2c5d8,,
1.0,G02-260203-151358-465,G02-260203-151358-465.bmp,G02,2026-02-03T15:13:58,2026-02-03,G02_2026-02-03,465,val,normal,,1025,1281,1,e9a2455320b24868b319d8cd5a407a3cb289c24d08d5aad34c1051de9a352841,,
1.0,G02-260203-151420-466,G02-260203-151420-466.bmp,G02,2026-02-03T15:14:20,2026-02-03,G02_2026-02-03,466,val,normal,,1025,1281,1,13384d428a4c2b68db8268b30a69e12adaa02ac727a8da1886e9e450ad434849,,
1.0,G02-260203-151431-467,G02-260203-151431-467.bmp,G02,2026-02-03T15:14:31,2026-02-03,G02_2026-02-03,467,val,normal,,1025,1281,1,cf7676cf635a9a3d0a5a4d6cbd0aab1e3e4989b4a2ed03ddbfa2f2192a9088f1,,
1.0,G02-260203-151448-468,G02-260203-151448-468.bmp,G02,2026-02-03T15:14:48,2026-02-03,G02_2026-02-03,468,val,normal,,1025,1281,1,344510ba2c4ffcba56295d32df1c4af15464058635e6613499383666c20b40df,,
1.0,G02-260203-151458-469,G02-260203-151458-469.bmp,G02,2026-02-03T15:14:58,2026-02-03,G02_2026-02-03,469,val,normal,,1025,1281,1,00d74117d3b42a5027dc6b636cbcbe7cabb9c416f9e0f2fb3297d08964cd530c,,
1.0,G02-260203-151520-470,G02-260203-151520-470.bmp,G02,2026-02-03T15:15:20,2026-02-03,G02_2026-02-03,470,val,normal,,1025,1281,1,14d5fb91c24bb1b04b0a2b85c8d511d6b2247aa59a380047a042e641ada638e7,,
1.0,G02-260203-151529-471,G02-260203-151529-471.bmp,G02,2026-02-03T15:15:29,2026-02-03,G02_2026-02-03,471,val,normal,,1025,1281,1,83e98c7cf9298eecf8defd088e81bdeda33f1d67bc757f63016d00798b872fe1,,
1.0,G02-260203-151550-472,G02-260203-151550-472.bmp,G02,2026-02-03T15:15:50,2026-02-03,G02_2026-02-03,472,val,normal,,1025,1281,1,d57750fe0f9cd0a49db3751d1080c19bd7dc9d97541448539ec2f48c649e1c36,,
1.0,G02-260203-151600-473,G02-260203-151600-473.bmp,G02,2026-02-03T15:16:00,2026-02-03,G02_2026-02-03,473,val,normal,,1025,1281,1,e6290fcfc2ee3a49f1bd8a51446b905ffbac3e9253425c28fe3fccb776900e11,,
1.0,G02-260203-151620-474,G02-260203-151620-474.bmp,G02,2026-02-03T15:16:20,2026-02-03,G02_2026-02-03,474,val,normal,,1025,1281,1,93694fbb848dc69df8b48d3eac4eea212419f4f33de1eafa5a6fc9b9d96d33c2,,
1.0,G02-260203-151632-475,G02-260203-151632-475.bmp,G02,2026-02-03T15:16:32,2026-02-03,G02_2026-02-03,475,val,normal,,1025,1281,1,a7b0a5ddd0d9191aa95992e871bf8105dde8bb42638ac427871c63d5fef967eb,,
1.0,G02-260203-151652-476,G02-260203-151652-476.bmp,G02,2026-02-03T15:16:52,2026-02-03,G02_2026-02-03,476,val,normal,,1025,1281,1,1edcff8c9300a97138e09d0ea22357a288221db779ded9fadf5bb2e6f4b516e4,,
1.0,G02-260203-151704-477,G02-260203-151704-477.bmp,G02,2026-02-03T15:17:04,2026-02-03,G02_2026-02-03,477,val,normal,,1025,1281,1,54d2d336934f1859a16eea9e84dfb0c8b9a1e91a01f4fe304c359a24ec31fea5,,
1.0,G02-260203-151720-478,G02-260203-151720-478.bmp,G02,2026-02-03T15:17:20,2026-02-03,G02_2026-02-03,478,val,normal,,1025,1281,1,b810006d48ca2812adaaa5c58d67f036fa32b2a6e2bc8697fa4338ac7cab202b,,
1.0,G02-260203-151729-479,G02-260203-151729-479.bmp,G02,2026-02-03T15:17:29,2026-02-03,G02_2026-02-03,479,val,normal,,1025,1281,1,2803b2c492d9c24546196ac40b48ca9e3ec0ac428e0f817b90fd0f0c6fe05103,,
1.0,G02-260203-151751-480,G02-260203-151751-480.bmp,G02,2026-02-03T15:17:51,2026-02-03,G02_2026-02-03,480,val,normal,,1025,1281,1,31478e23c0bfdb72b750dd8165e011dc57df66d3efa3a238f9b5fcaf4563d296,,
1.0,G02-260203-151801-481,G02-260203-151801-481.bmp,G02,2026-02-03T15:18:01,2026-02-03,G02_2026-02-03,481,val,normal,,1025,1281,1,93d07cf1debb0c3bc7ed5ecc1013598e5fe1266cc439b774fc5f797e38856f21,,
1.0,G02-260204-120012-331,G02-260204-120012-331.bmp,G02,2026-02-04T12:00:12,2026-02-04,G02_2026-02-04,331,test,normal,,1025,1281,1,f56bf167722edcbec14d425b002cc5b3f947b0ca026b359bcd2dc480b96b0aad,,
1.0,G02-260204-120020-332,G02-260204-120020-332.bmp,G02,2026-02-04T12:00:20,2026-02-04,G02_2026-02-04,332,test,normal,,1025,1281,1,5f2a5d3c1deab6cc01a27631311fd6caea168c90963d12d611b270bf1ab4b574,,
1.0,G02-260204-120043-333,G02-260204-120043-333.bmp,G02,2026-02-04T12:00:43,2026-02-04,G02_2026-02-04,333,test,normal,,1025,1281,1,848b2833aec7eca761c5a204eb455f2da8cb84e2e9efc3dad9e4737e6ad60dfb,,
1.0,G02-260204-120050-334,G02-260204-120050-334.bmp,G02,2026-02-04T12:00:50,2026-02-04,G02_2026-02-04,334,test,normal,,1025,1281,1,143145c942821045a6db9b31d6f3dc45966e1c06ee62131c1a06301ca66538d2,,
1.0,G02-260204-120114-335,G02-260204-120114-335.bmp,G02,2026-02-04T12:01:14,2026-02-04,G02_2026-02-04,335,test,normal,,1025,1281,1,8a473a0e13a002c0c6d564ab2a3668a269bfd8a8fec17138029fa5c08276dc05,,
1.0,G02-260204-120121-336,G02-260204-120121-336.bmp,G02,2026-02-04T12:01:21,2026-02-04,G02_2026-02-04,336,test,normal,,1025,1281,1,4d9b682abf973f02cf80bf4b7e02810c1cac2746789cfdb1977767c295f72e59,,
1.0,G02-260204-120143-337,G02-260204-120143-337.bmp,G02,2026-02-04T12:01:43,2026-02-04,G02_2026-02-04,337,test,normal,,1025,1281,1,c0f2dbf8651bbb81897addd097e8a2f6276330f59360f197fee148dd40748b3f,,
1.0,G02-260204-120150-338,G02-260204-120150-338.bmp,G02,2026-02-04T12:01:50,2026-02-04,G02_2026-02-04,338,test,normal,,1025,1281,1,812da650fab73ab9991cf6641b5ab8a346cbdda258a9dce9da410f29ae149528,,
1.0,G02-260204-120213-339,G02-260204-120213-339.bmp,G02,2026-02-04T12:02:13,2026-02-04,G02_2026-02-04,339,test,normal,,1025,1281,1,d8cdd2e20c75d7c46c6e79b2ebaefc2ce59980e6a1fcb349549aae713e292388,,
1.0,G02-260204-120219-340,G02-260204-120219-340.bmp,G02,2026-02-04T12:02:19,2026-02-04,G02_2026-02-04,340,test,normal,,1025,1281,1,5bcc4c9855e3e3ce32d92dac37a71901da10193dd003db8673f924a01c5bb2a2,,
1.0,G02-260204-120243-341,G02-260204-120243-341.bmp,G02,2026-02-04T12:02:43,2026-02-04,G02_2026-02-04,341,test,normal,,1025,1281,1,aa2435e7d176f22ad6714587ca584a64ede70b29431ba6804522a4d7c88a1dc0,,
1.0,G02-260204-120250-342,G02-260204-120250-342.bmp,G02,2026-02-04T12:02:50,2026-02-04,G02_2026-02-04,342,test,normal,,1025,1281,1,d7df1608285e537f80466d3dce89ddd282f175fcdb547b581b84cd5ae7812b8d,,
1.0,G02-260204-120314-343,G02-260204-120314-343.bmp,G02,2026-02-04T12:03:14,2026-02-04,G02_2026-02-04,343,test,normal,,1025,1281,1,79e48d2c8be1ad54b4d3450fc74e08284626661584f57b6575e0441c88a10248,,
1.0,G02-260204-120321-344,G02-260204-120321-344.bmp,G02,2026-02-04T12:03:21,2026-02-04,G02_2026-02-04,344,test,normal,,1025,1281,1,d2b0bfa84a1ebb040baa0072cda233b5af5ff6a5a29fa8641da1626fc040d925,,
1.0,G02-260204-120344-345,G02-260204-120344-345.bmp,G02,2026-02-04T12:03:44,2026-02-04,G02_2026-02-04,345,test,normal,,1025,1281,1,b74feee514669e5c15596e744b067a96da5f49e6f5c2305c5a7ad5fc79afe200,,
1.0,G02-260204-120351-346,G02-260204-120351-346.bmp,G02,2026-02-04T12:03:51,2026-02-04,G02_2026-02-04,346,test,normal,,1025,1281,1,dbee1b3510dfa3c911c06c917efeebecf1e1458a8552f04d3068ba6fcb5b4236,,
1.0,G02-260204-120414-347,G02-260204-120414-347.bmp,G02,2026-02-04T12:04:14,2026-02-04,G02_2026-02-04,347,test,normal,,1025,1281,1,1c4ba8da2bc6dd9bc68d92eeb836c00970260b331017205fb768f79fc94b7e93,,
1.0,G02-260204-120420-348,G02-260204-120420-348.bmp,G02,2026-02-04T12:04:20,2026-02-04,G02_2026-02-04,348,test,normal,,1025,1281,1,9da78895fe62232aa800832f068e1442843a663bd69ee645bdb56e9b518b6175,,
1.0,G02-260204-120444-349,G02-260204-120444-349.bmp,G02,2026-02-04T12:04:44,2026-02-04,G02_2026-02-04,349,test,normal,,1025,1281,1,249333fb288a8f6c1e1691d56c2808d07a85c25edcdc4d839deb4b6dfc364bef,,
1.0,G02-260204-120450-350,G02-260204-120450-350.bmp,G02,2026-02-04T12:04:50,2026-02-04,G02_2026-02-04,350,test,normal,,1025,1281,1,e177dd5bbd4e36b656ec4ae35f735b451c65ebeb62db190a34206f01205a7c6f,,
1.0,G02-260204-120515-351,G02-260204-120515-351.bmp,G02,2026-02-04T12:05:15,2026-02-04,G02_2026-02-04,351,test,normal,,1025,1281,1,496ec8c4cb0e728fa47a92d75326343b1adb41b1dd5534e59c4f1390b8d4296d,,
1.0,G02-260204-120522-352,G02-260204-120522-352.bmp,G02,2026-02-04T12:05:22,2026-02-04,G02_2026-02-04,352,test,normal,,1025,1281,1,33a0e957b42f892a64aaa8eb3733292784a5ea7e68e37e1c4d3bd5c9e92c63e1,,
1.0,G02-260204-120544-353,G02-260204-120544-353.bmp,G02,2026-02-04T12:05:44,2026-02-04,G02_2026-02-04,353,test,normal,,1025,1281,1,28f6e556b0fce5ede770df90e97ee5ec154a1b99064172b6af133d8ce722a111,,
1.0,G02-260204-120551-354,G02-260204-120551-354.bmp,G02,2026-02-04T12:05:51,2026-02-04,G02_2026-02-04,354,test,normal,,1025,1281,1,a1b26274bcf0a90c7c48cfb7fb081ceae114529a1df75bf0e69d5e657e5000c9,,
1.0,G02-260204-120614-355,G02-260204-120614-355.bmp,G02,2026-02-04T12:06:14,2026-02-04,G02_2026-02-04,355,test,normal,,1025,1281,1,21abbc8b3be18905031820046e92ef82cf36f636788afe7e4bf7d8f6a921bb65,,
1.0,G02-260204-120621-356,G02-260204-120621-356.bmp,G02,2026-02-04T12:06:21,2026-02-04,G02_2026-02-04,356,test,normal,,1025,1281,1,b18c6f7771d000a4d540f1a5a1bffaa400a88ea4e42943bddca407852d170570,,
1.0,G02-260204-120645-357,G02-260204-120645-357.bmp,G02,2026-02-04T12:06:45,2026-02-04,G02_2026-02-04,357,test,normal,,1025,1281,1,9b4779f145ab2e317c05d20b3c3097fc87c5f738ce6af787870f923e886e87d2,,
1.0,G02-260204-120652-358,G02-260204-120652-358.bmp,G02,2026-02-04T12:06:52,2026-02-04,G02_2026-02-04,358,test,normal,,1025,1281,1,92189d6a7cb18de98f43dbcd2c033ea06c6af9b91610f2378c79e9f8585ba413,,
1.0,G02-260204-120715-359,G02-260204-120715-359.bmp,G02,2026-02-04T12:07:15,2026-02-04,G02_2026-02-04,359,test,normal,,1025,1281,1,1784c49e011779ad76685d2fbf79104b5260a803322777dffcbe55090805c786,,
1.0,G02-260204-120722-360,G02-260204-120722-360.bmp,G02,2026-02-04T12:07:22,2026-02-04,G02_2026-02-04,360,test,normal,,1025,1281,1,8ef77ee839e4f4ba58188be632a82bbc433969d570e45c03d90115e1a16971c6,,
1.0,G02-260204-120747-361,G02-260204-120747-361.bmp,G02,2026-02-04T12:07:47,2026-02-04,G02_2026-02-04,361,test,normal,,1025,1281,1,c300ca70c44debf62192637d3b3bd5ea2b4a1a46f071e5b7d09c26874aded6cd,,
1.0,G02-260204-120754-362,G02-260204-120754-362.bmp,G02,2026-02-04T12:07:54,2026-02-04,G02_2026-02-04,362,test,normal,,1025,1281,1,a99ce1aa24b91cccf2f2a660798937f691899b96bc13381da50db65aa1d53ed7,,
1.0,G02-260204-120816-363,G02-260204-120816-363.bmp,G02,2026-02-04T12:08:16,2026-02-04,G02_2026-02-04,363,test,normal,,1025,1281,1,5129b3358c613d2eac7d9b7764c4ce1c63f7bbfc52da592fcef0905b9aa09ce7,,
1.0,G02-260204-120822-364,G02-260204-120822-364.bmp,G02,2026-02-04T12:08:22,2026-02-04,G02_2026-02-04,364,test,normal,,1025,1281,1,fb0d18e7575d10a07681b44b16396dbb60b816d073be43d161b916d1bca3e668,,
1.0,G02-260204-120848-365,G02-260204-120848-365.bmp,G02,2026-02-04T12:08:48,2026-02-04,G02_2026-02-04,365,test,normal,,1025,1281,1,67bb642ae570aaed08825b242ffe34fbb46f06ac348ed116d1b5336817c9e431,,
1.0,G02-260204-120854-366,G02-260204-120854-366.bmp,G02,2026-02-04T12:08:54,2026-02-04,G02_2026-02-04,366,test,normal,,1025,1281,1,3c3e97ca41f37c3d575ffc30b86c0fae02fc3d8f62a1df6fa5d8755de896e5cb,,
1.0,G02-260204-120916-367,G02-260204-120916-367.bmp,G02,2026-02-04T12:09:16,2026-02-04,G02_2026-02-04,367,test,normal,,1025,1281,1,0a71badbca4e22630a0df5e119ebb37328820d3472214c1f62f4a336ae5df6be,,
1.0,G02-260204-120923-368,G02-260204-120923-368.bmp,G02,2026-02-04T12:09:23,2026-02-04,G02_2026-02-04,368,test,normal,,1025,1281,1,31540b2dc40e1bf613481a263997f25ec0f07be0ce96fbce10e08efcf998e866,,
1.0,G02-260204-120945-369,G02-260204-120945-369.bmp,G02,2026-02-04T12:09:45,2026-02-04,G02_2026-02-04,369,test,normal,,1025,1281,1,e6e0575a7e217e4ddfe3660ef44cfae38c4c62c1c174f86f53f5ec9dcfd6817e,,
1.0,G02-260204-120952-370,G02-260204-120952-370.bmp,G02,2026-02-04T12:09:52,2026-02-04,G02_2026-02-04,370,test,normal,,1025,1281,1,fcd9d3dba2b490d0471cd75fc9b5fe09a84747d96f8f08cb3e367f11c6d0821f,,
1.0,G02-260204-121016-371,G02-260204-121016-371.bmp,G02,2026-02-04T12:10:16,2026-02-04,G02_2026-02-04,371,test,normal,,1025,1281,1,5d9dfb0ecb1c098a559b3fccd1b3b5cbcd7e5510b9f63716c73c50e63919d897,,
1.0,G02-260204-121023-372,G02-260204-121023-372.bmp,G02,2026-02-04T12:10:23,2026-02-04,G02_2026-02-04,372,test,normal,,1025,1281,1,0aad543e970eb2957bad04bded0753f9a9e8b8f4dd98bdedbb9059f424621b25,,
1.0,G02-260204-121046-373,G02-260204-121046-373.bmp,G02,2026-02-04T12:10:46,2026-02-04,G02_2026-02-04,373,test,normal,,1025,1281,1,917c6c58904575a3a73c15b3a1115d193547d72ce9e262283126a13d7ae5b80c,,
1.0,G02-260204-121052-374,G02-260204-121052-374.bmp,G02,2026-02-04T12:10:52,2026-02-04,G02_2026-02-04,374,test,normal,,1025,1281,1,386319bf7c7a2afbecd4527acdd6a4f3e80fb748551e96799e28a6a5f11ab726,,
1.0,G02-260204-121118-375,G02-260204-121118-375.bmp,G02,2026-02-04T12:11:18,2026-02-04,G02_2026-02-04,375,test,normal,,1025,1281,1,cf4fee3e101150eec548a1ac03c89ea3bad724d9b829749bb3076b6a5491be20,,
1.0,G02-260204-121125-376,G02-260204-121125-376.bmp,G02,2026-02-04T12:11:25,2026-02-04,G02_2026-02-04,376,test,normal,,1025,1281,1,75e046df8bd12f5d94172194b034f40dd97c98ab955e20bf49a794ca5b4a79ed,,
1.0,G02-260204-121147-377,G02-260204-121147-377.bmp,G02,2026-02-04T12:11:47,2026-02-04,G02_2026-02-04,377,test,normal,,1025,1281,1,b7f8022465765e01380f792bb34798956ed1266cf3cb210f13ceee80640deb1f,,
1.0,G02-260204-121154-378,G02-260204-121154-378.bmp,G02,2026-02-04T12:11:54,2026-02-04,G02_2026-02-04,378,test,normal,,1025,1281,1,0d008f91f5102307a0f818121679318e4de9ab75264890fe77d2c00f7b3fe8ab,,
1.0,G02-260204-121218-379,G02-260204-121218-379.bmp,G02,2026-02-04T12:12:18,2026-02-04,G02_2026-02-04,379,test,normal,,1025,1281,1,835f20cea999ce88be5517ea4308b2ffabb0d7f2b10424df8a3c7be61f39fdc3,,
1.0,G02-260204-121224-380,G02-260204-121224-380.bmp,G02,2026-02-04T12:12:24,2026-02-04,G02_2026-02-04,380,test,normal,,1025,1281,1,499ddf65c1d043e4134df745a06aba54dc615928211ce4052a8e6880c2a5aa13,,
1.0,G02-260204-121247-381,G02-260204-121247-381.bmp,G02,2026-02-04T12:12:47,2026-02-04,G02_2026-02-04,381,test,normal,,1025,1281,1,d4d275031967ad3e36b4359fdd9fd2b07f071f1dc396aab46513b3adad72f8ad,,
1.0,G02-260204-121253-382,G02-260204-121253-382.bmp,G02,2026-02-04T12:12:53,2026-02-04,G02_2026-02-04,382,test,normal,,1025,1281,1,0962c1df91451da1414047d9668264d8a000835ce47801083362189ee93ea146,,
1.0,G02-260204-121317-383,G02-260204-121317-383.bmp,G02,2026-02-04T12:13:17,2026-02-04,G02_2026-02-04,383,test,normal,,1025,1281,1,24ac8e5225c432122835699692372b91fba2f30dd740cde79c8e83f64a9e1750,,
1.0,G02-260204-121324-384,G02-260204-121324-384.bmp,G02,2026-02-04T12:13:24,2026-02-04,G02_2026-02-04,384,test,normal,,1025,1281,1,aaad9e8fd0442df31fa73c0bcfe5a8938066bc70e33dd86fda70fff0f3eca3e0,,
1.0,G02-260204-121348-385,G02-260204-121348-385.bmp,G02,2026-02-04T12:13:48,2026-02-04,G02_2026-02-04,385,test,normal,,1025,1281,1,7607624db1c92fbec110d9b82f9676190687d31eda26cb93ff96ba704dfd17ea,,
1.0,G02-260204-121355-386,G02-260204-121355-386.bmp,G02,2026-02-04T12:13:55,2026-02-04,G02_2026-02-04,386,test,normal,,1025,1281,1,2b1a5f329a93519aaa36d1fe84d1f52185d3f34a2a29a1b5a7e7b5b8ef4f3e1c,,
1.0,G02-260204-121417-387,G02-260204-121417-387.bmp,G02,2026-02-04T12:14:17,2026-02-04,G02_2026-02-04,387,test,normal,,1025,1281,1,d53e2e46afd21fe8ae4bfaa7a0ae4c164c965050579948cc9b3ed56129b59adb,,
1.0,G02-260204-121424-388,G02-260204-121424-388.bmp,G02,2026-02-04T12:14:24,2026-02-04,G02_2026-02-04,388,test,normal,,1025,1281,1,8161c13a79f4bd952b5c392fd0e8a5c84565dcee1c299fe0c32158c5db3256cd,,
1.0,G02-260204-121448-389,G02-260204-121448-389.bmp,G02,2026-02-04T12:14:48,2026-02-04,G02_2026-02-04,389,test,normal,,1025,1281,1,86201c753aaed8a0b98f1edf313847a06f615a65ed54c8782c44461cd95f3217,,
1.0,G02-260204-121454-390,G02-260204-121454-390.bmp,G02,2026-02-04T12:14:54,2026-02-04,G02_2026-02-04,390,test,normal,,1025,1281,1,feb897c1ff76a8c02db19a45fd904e19c3cbb6c15028af7e85e2c257fd0dcc80,,
1.0,G02-260204-121517-391,G02-260204-121517-391.bmp,G02,2026-02-04T12:15:17,2026-02-04,G02_2026-02-04,391,test,normal,,1025,1281,1,cff53f66631f59f378d342cbdb64276fc4f99cb217667713cc4ff04b9f889836,,
1.0,G02-260204-121524-392,G02-260204-121524-392.bmp,G02,2026-02-04T12:15:24,2026-02-04,G02_2026-02-04,392,test,normal,,1025,1281,1,30d1c0065b23617b0eafe47f41d7386dc9aa1943ceb690353f5d754ee287391f,,
1.0,G02-260204-121548-393,G02-260204-121548-393.bmp,G02,2026-02-04T12:15:48,2026-02-04,G02_2026-02-04,393,test,normal,,1025,1281,1,066dd119df143b1a283243496c1991dcd244ffb63215dced35728044f251dc02,,
1.0,G02-260204-121554-394,G02-260204-121554-394.bmp,G02,2026-02-04T12:15:54,2026-02-04,G02_2026-02-04,394,test,normal,,1025,1281,1,a76dfc0b922f83c49464c4a9b641e9331c6679ce23fa86cde618f189a6a4c847,,
1.0,G02-260204-121618-395,G02-260204-121618-395.bmp,G02,2026-02-04T12:16:18,2026-02-04,G02_2026-02-04,395,test,normal,,1025,1281,1,17e355e09a99431aba837307106dbed2b8e433219692740a5dcfaf6cf21215a8,,
1.0,G02-260204-121625-396,G02-260204-121625-396.bmp,G02,2026-02-04T12:16:25,2026-02-04,G02_2026-02-04,396,test,normal,,1025,1281,1,9dd45712ac6fe18fd21f4caa8d2a331bc8ef6347821c97b064fd86ebc25254be,,
1.0,G02-260204-121647-397,G02-260204-121647-397.bmp,G02,2026-02-04T12:16:47,2026-02-04,G02_2026-02-04,397,test,normal,,1025,1281,1,59a196d4e1ec32af2277b37a9d7b48237da552b49c91e3b8df468edb747ad4fc,,
1.0,G02-260204-121654-398,G02-260204-121654-398.bmp,G02,2026-02-04T12:16:54,2026-02-04,G02_2026-02-04,398,test,normal,,1025,1281,1,a84200917701bca8d16cc99c5ee687e22c0bc4c20ac13b9a06db870126740fa7,,
1.0,G02-260204-121718-399,G02-260204-121718-399.bmp,G02,2026-02-04T12:17:18,2026-02-04,G02_2026-02-04,399,test,normal,,1025,1281,1,64bac03d6a22a10d3c6a03e06ad40dc7ac7d98c99a6059eff483a526f65993d9,,
1.0,G02-260204-121725-400,G02-260204-121725-400.bmp,G02,2026-02-04T12:17:25,2026-02-04,G02_2026-02-04,400,test,normal,,1025,1281,1,358207f4ad4ff794719af0b10bea451b2e9c80806402b9bac70f30599d85423b,,
1.0,G02-260204-121749-401,G02-260204-121749-401.bmp,G02,2026-02-04T12:17:49,2026-02-04,G02_2026-02-04,401,test,normal,,1025,1281,1,2560a4696e420cb4db73017c7044d8b0a0432e108dd897a9cccaa7308cbb8a07,,
1.0,G02-260204-121756-402,G02-260204-121756-402.bmp,G02,2026-02-04T12:17:56,2026-02-04,G02_2026-02-04,402,test,normal,,1025,1281,1,0f4c39afc8fa766b484725018471e498dce570b2a464acad36b7528ec54aea70,,
1.0,G02-260204-121818-403,G02-260204-121818-403.bmp,G02,2026-02-04T12:18:18,2026-02-04,G02_2026-02-04,403,test,normal,,1025,1281,1,9197154aac6f8eaa0a4ef79d9b726bd2bf11851a8b305c776adb39a5b67775d8,,
1.0,G02-260204-121825-404,G02-260204-121825-404.bmp,G02,2026-02-04T12:18:25,2026-02-04,G02_2026-02-04,404,test,normal,,1025,1281,1,07b7d546724ab7b05a8e79c7bbcbd572229e9af88c83f69ff9bbd7480886a782,,
1.0,G02-260204-121849-405,G02-260204-121849-405.bmp,G02,2026-02-04T12:18:49,2026-02-04,G02_2026-02-04,405,test,normal,,1025,1281,1,bcfa23549c39bc0ed0667e7bee6fb88d2505e139cd50da6472d9d133d88af820,,
1.0,G02-260204-121856-406,G02-260204-121856-406.bmp,G02,2026-02-04T12:18:56,2026-02-04,G02_2026-02-04,406,test,normal,,1025,1281,1,2cadbd96fbe8473ba6c5de3829f0f2dba066d7acb137617f493922b5151e8226,,
1.0,G02-260204-121920-407,G02-260204-121920-407.bmp,G02,2026-02-04T12:19:20,2026-02-04,G02_2026-02-04,407,test,normal,,1025,1281,1,f893d388afa1e01cf1eacbdd9c82b6d1f8cfff87bcfdb981cad52b3e2a1e8c73,,
1.0,G02-260204-121927-408,G02-260204-121927-408.bmp,G02,2026-02-04T12:19:27,2026-02-04,G02_2026-02-04,408,test,normal,,1025,1281,1,ec8cc5753c1072d155d461d6c960381aafa3f7b335da13295fe2defba8f32d2e,,
1.0,G02-260204-121948-409,G02-260204-121948-409.bmp,G02,2026-02-04T12:19:48,2026-02-04,G02_2026-02-04,409,test,normal,,1025,1281,1,d4bead8f28a70710a0d38804c670505a4ef27e35eb2395bd7e5857e1392bf9cb,,
1.0,G02-260204-121955-410,G02-260204-121955-410.bmp,G02,2026-02-04T12:19:55,2026-02-04,G02_2026-02-04,410,test,normal,,1025,1281,1,a884ee2959c7972d31959bbe66f408b8ba0622a97de164b5125b3fe594c88ec5,,
1.0,G02-260204-122018-411,G02-260204-122018-411.bmp,G02,2026-02-04T12:20:18,2026-02-04,G02_2026-02-04,411,test,normal,,1025,1281,1,7920d4097a067236e5077c356dc34bd2955dc94d4b1e505e44b29e404c07b2ff,,
1.0,G02-260204-122024-412,G02-260204-122024-412.bmp,G02,2026-02-04T12:20:24,2026-02-04,G02_2026-02-04,412,test,normal,,1025,1281,1,0821d33b2902de900f83d15b6dce59e01544d47174b52c9192e0fa5032924170,,
1.0,G02-260204-122049-413,G02-260204-122049-413.bmp,G02,2026-02-04T12:20:49,2026-02-04,G02_2026-02-04,413,test,normal,,1025,1281,1,1ec60895620c8e4e0316d3fe2a64b0fa55b28d2fb098064659cddcf9b4fc9f48,,
1.0,G02-260204-122055-414,G02-260204-122055-414.bmp,G02,2026-02-04T12:20:55,2026-02-04,G02_2026-02-04,414,test,normal,,1025,1281,1,af005185d29fc59ef6edbf344be196f9f8a5aa1b62cc276f9c3a91cbab440d8c,,
1.0,G02-260204-122118-415,G02-260204-122118-415.bmp,G02,2026-02-04T12:21:18,2026-02-04,G02_2026-02-04,415,test,normal,,1025,1281,1,86d846bac5d8f4dcf7f0c93b0235c0181e6cff464c1b52e4c24cb19a5690b852,,
1.0,G02-260204-122125-416,G02-260204-122125-416.bmp,G02,2026-02-04T12:21:25,2026-02-04,G02_2026-02-04,416,test,normal,,1025,1281,1,3fb43234303bd6b467101d504afbc33d75de8d7ac171b097b0c05ef2ecc5f81b,,
1.0,G02-260204-122149-417,G02-260204-122149-417.bmp,G02,2026-02-04T12:21:49,2026-02-04,G02_2026-02-04,417,test,normal,,1025,1281,1,d9c460e8a03163e59e048d0ac4b39330ff756e43e7d0f57ab07126493e66a860,,
1.0,G02-260204-122156-418,G02-260204-122156-418.bmp,G02,2026-02-04T12:21:56,2026-02-04,G02_2026-02-04,418,test,normal,,1025,1281,1,0bc457b7b2d564bd878967b8a1f497a63b6507d46d470b183eb3ecfa549132ed,,
1.0,G02-260204-122219-419,G02-260204-122219-419.bmp,G02,2026-02-04T12:22:19,2026-02-04,G02_2026-02-04,419,test,normal,,1025,1281,1,1929116964ccffefd60201c277153721126c2ab93ec1d906808f4684b39769e6,,
1.0,G02-260204-122226-420,G02-260204-122226-420.bmp,G02,2026-02-04T12:22:26,2026-02-04,G02_2026-02-04,420,test,normal,,1025,1281,1,475dfc08572802141922d2957e572aaa4def21ea1c74e19e835eff683fd6174b,,
1.0,G02-260204-122249-421,G02-260204-122249-421.bmp,G02,2026-02-04T12:22:49,2026-02-04,G02_2026-02-04,421,test,normal,,1025,1281,1,56d5f4300bd6421e6983e7fdafa75bc8568ee4e9547e0a06bfd26f467c3b9f77,,
1.0,G02-260204-122255-422,G02-260204-122255-422.bmp,G02,2026-02-04T12:22:55,2026-02-04,G02_2026-02-04,422,test,normal,,1025,1281,1,cccb05f6b17ad7b99179c413d672a5328195ddc5bffbf45fc8150940014c5714,,
1.0,G02-260204-122318-423,G02-260204-122318-423.bmp,G02,2026-02-04T12:23:18,2026-02-04,G02_2026-02-04,423,test,normal,,1025,1281,1,e17f71c9922f694b9bf96eb344164d52375d4e5a133723901de68c318d867605,,
1.0,G02-260204-122325-424,G02-260204-122325-424.bmp,G02,2026-02-04T12:23:25,2026-02-04,G02_2026-02-04,424,test,normal,,1025,1281,1,5b60373640d4eff718700ffd036676bdc49caa4dbad0afde2e1e2b3af6839fe7,,
1.0,G02-260204-122350-425,G02-260204-122350-425.bmp,G02,2026-02-04T12:23:50,2026-02-04,G02_2026-02-04,425,test,normal,,1025,1281,1,7e042e0929b1e75af9fe697f49919e1dc69202ffe24bf75c6eaa4141bef1fe48,,
1.0,G02-260204-122357-426,G02-260204-122357-426.bmp,G02,2026-02-04T12:23:57,2026-02-04,G02_2026-02-04,426,test,normal,,1025,1281,1,89181f5053a7eaaac3fe40562bcdb06ca481f46accd446fdc4316e926f0f4f1d,,
1.0,G02-260204-122419-427,G02-260204-122419-427.bmp,G02,2026-02-04T12:24:19,2026-02-04,G02_2026-02-04,427,test,normal,,1025,1281,1,039ec296e025fd80a08dc94ea46f64fed202e528721ed2678e93ab7a15c5c7aa,,
1.0,G02-260204-122425-428,G02-260204-122425-428.bmp,G02,2026-02-04T12:24:25,2026-02-04,G02_2026-02-04,428,test,normal,,1025,1281,1,13856f418b4b9ef546bdcf0cb94b8d0e29dab0b0cd8667b3b49bc7ce7c3e31fe,,
1.0,G02-260204-122449-429,G02-260204-122449-429.bmp,G02,2026-02-04T12:24:49,2026-02-04,G02_2026-02-04,429,test,normal,,1025,1281,1,c4879514dddf056cf1b784f3499371b06698b64152944a3bacd4ef0e918df82f,,
1.0,G02-260204-122456-430,G02-260204-122456-430.bmp,G02,2026-02-04T12:24:56,2026-02-04,G02_2026-02-04,430,test,normal,,1025,1281,1,b95b86ad2e3d17464a37351369d7bd08199d824979a623812375d28d92d94cbf,,
1.0,G02-260204-122521-431,G02-260204-122521-431.bmp,G02,2026-02-04T12:25:21,2026-02-04,G02_2026-02-04,431,test,normal,,1025,1281,1,60beb7825722c82a762275aabf37bb41238db2ec8e2e115c4c36b22b44928634,,
1.0,G02-260204-122527-432,G02-260204-122527-432.bmp,G02,2026-02-04T12:25:27,2026-02-04,G02_2026-02-04,432,test,normal,,1025,1281,1,3521e3513bb2e5c2e1ef96ee562ad8144f4c7afa4b1e099ef126bb90dc7a7770,,
1.0,G02-260204-122551-433,G02-260204-122551-433.bmp,G02,2026-02-04T12:25:51,2026-02-04,G02_2026-02-04,433,test,normal,,1025,1281,1,3799500cc3a86e8d48b951818e2d7fe6b93b96b193d98d4d8be31e26658391e8,,
1.0,G02-260204-122558-434,G02-260204-122558-434.bmp,G02,2026-02-04T12:25:58,2026-02-04,G02_2026-02-04,434,test,normal,,1025,1281,1,a75aca113e7409bf18c06c3e1964f763c269060b6faf4c0f70189387e0facf5e,,
1.0,G02-260204-122620-435,G02-260204-122620-435.bmp,G02,2026-02-04T12:26:20,2026-02-04,G02_2026-02-04,435,test,normal,,1025,1281,1,431394a9dcefe0b337e50b1df92bdda120c9ceda76330d48f0bef1606788ea4f,,
1.0,G02-260204-122627-436,G02-260204-122627-436.bmp,G02,2026-02-04T12:26:27,2026-02-04,G02_2026-02-04,436,test,normal,,1025,1281,1,5c999082d05cb02bb0fad36b78f525f9474da984d0fe6ba60c5d83d4d5cd03d2,,
1.0,G02-260204-122651-437,G02-260204-122651-437.bmp,G02,2026-02-04T12:26:51,2026-02-04,G02_2026-02-04,437,test,normal,,1025,1281,1,d4bada2d51def33ed25c52ccc6662a20e48b51cdee1677ad7e5bd037f8cf752e,,
1.0,G02-260204-122657-438,G02-260204-122657-438.bmp,G02,2026-02-04T12:26:57,2026-02-04,G02_2026-02-04,438,test,normal,,1025,1281,1,ba1f28b6166df3da6828c1042ec8ea57419cd723956ca97160162983d49ad56c,,
1.0,G02-260204-122721-439,G02-260204-122721-439.bmp,G02,2026-02-04T12:27:21,2026-02-04,G02_2026-02-04,439,test,normal,,1025,1281,1,3dfbb909514c7ef58070db819e6155f20fba1520e55aba102a4e1d96a10092a2,,
1.0,G02-260204-122728-440,G02-260204-122728-440.bmp,G02,2026-02-04T12:27:28,2026-02-04,G02_2026-02-04,440,test,normal,,1025,1281,1,40b40460e6e2509703d7c2b753d46f5fb3c7d70125b587dce9ef1e71230a7de1,,
1.0,G02-260204-122750-441,G02-260204-122750-441.bmp,G02,2026-02-04T12:27:50,2026-02-04,G02_2026-02-04,441,test,normal,,1025,1281,1,360d0a9bd1a520037a2551c5636f5bef68e06b5951d8b2fdee0d88e42cb44cf4,,
1.0,G02-260204-122757-442,G02-260204-122757-442.bmp,G02,2026-02-04T12:27:57,2026-02-04,G02_2026-02-04,442,test,normal,,1025,1281,1,a85917c320191e49db7a84a16119217e1fe2127b8bd1f20a41cd1db3b1508e6c,,
1.0,G02-260204-122820-443,G02-260204-122820-443.bmp,G02,2026-02-04T12:28:20,2026-02-04,G02_2026-02-04,443,test,normal,,1025,1281,1,e5120864dce10e9362ad14b70d6a00178869bf629fbee723fa8eb24c18027584,,
1.0,G02-260204-122827-444,G02-260204-122827-444.bmp,G02,2026-02-04T12:28:27,2026-02-04,G02_2026-02-04,444,test,normal,,1025,1281,1,80bf57558228ef8d87f472f9c869232e6dabfec60ed2c30cfc5aef889da8a830,,
1.0,G02-260204-122851-445,G02-260204-122851-445.bmp,G02,2026-02-04T12:28:51,2026-02-04,G02_2026-02-04,445,test,normal,,1025,1281,1,8870cb83171779a4efa161dc0d4752dc9f75c78aa77cc8bbb365714d524de7e1,,
1.0,G02-260204-122858-446,G02-260204-122858-446.bmp,G02,2026-02-04T12:28:58,2026-02-04,G02_2026-02-04,446,test,normal,,1025,1281,1,54bb8fe6660d10003253302c76ded511590dc6a5122a3da8f39601ebbd140945,,
1.0,G02-260204-122921-447,G02-260204-122921-447.bmp,G02,2026-02-04T12:29:21,2026-02-04,G02_2026-02-04,447,test,normal,,1025,1281,1,8cb62e1c4b9d2bee441694768041f0f13f95a9fc62b75e2ce71b24772012caa7,,
1.0,G02-260204-122928-448,G02-260204-122928-448.bmp,G02,2026-02-04T12:29:28,2026-02-04,G02_2026-02-04,448,test,normal,,1025,1281,1,f6c69e9065e499b076d511fa5e9e41abf52702b66461ef57bd5802cd9de284d1,,
1.0,G02-260204-122951-449,G02-260204-122951-449.bmp,G02,2026-02-04T12:29:51,2026-02-04,G02_2026-02-04,449,test,normal,,1025,1281,1,9264eef6d084a4478b3b1ed7d3a14e282c1d248236b865cfa65c2fcaeb34a8fa,,
1.0,G02-260204-122957-450,G02-260204-122957-450.bmp,G02,2026-02-04T12:29:57,2026-02-04,G02_2026-02-04,450,test,normal,,1025,1281,1,3457ea0bc157043ec93334c61178cbb8b262ee076e29c9e8c8ee11d71b479580,,
1.0,G02-260204-123021-451,G02-260204-123021-451.bmp,G02,2026-02-04T12:30:21,2026-02-04,G02_2026-02-04,451,test,normal,,1025,1281,1,40bb6dbf0252287f1800db33a63f7e2082d5ebb207e2fa3f88190e2563b09c75,,
1.0,G02-260204-123027-452,G02-260204-123027-452.bmp,G02,2026-02-04T12:30:27,2026-02-04,G02_2026-02-04,452,test,normal,,1025,1281,1,ad9d687e0e5e65e4419e35b259c898ff77f719a9cafd3c1b2948d916d83315ff,,
1.0,G02-260204-123037-453,G02-260204-123037-453.bmp,G02,2026-02-04T12:30:37,2026-02-04,G02_2026-02-04,453,test,normal,,1025,1281,1,e308063c9f188bd7d44c30345ee6874c1e698d56cbce4e7d3d8d4251d39a613c,,
1.0,G02-260204-123043-454,G02-260204-123043-454.bmp,G02,2026-02-04T12:30:43,2026-02-04,G02_2026-02-04,454,test,normal,,1025,1281,1,0f6ebca12dd75304b475d1d2c48377a29a43f5a13417d35d9ee1f7fd67fbab53,,
1.0,G02-260204-123046-455,G02-260204-123046-455.bmp,G02,2026-02-04T12:30:46,2026-02-04,G02_2026-02-04,455,test,normal,,1025,1281,1,ced906f44de5b0d7923a592e616f8725e0b57fb98a8deeb6f5471e46ae8d8ba5,,
1.0,G02-260204-123049-456,G02-260204-123049-456.bmp,G02,2026-02-04T12:30:49,2026-02-04,G02_2026-02-04,456,test,normal,,1025,1281,1,bb212eedf49c2dd1154c56ba438a58085de49e1a6b5177d411148e75bdbf645a,,
1.0,G02-260204-123054-457,G02-260204-123054-457.bmp,G02,2026-02-04T12:30:54,2026-02-04,G02_2026-02-04,457,test,normal,,1025,1281,1,1c721b2f93d78ace8727d19e56f7e1e007b0a09a50ec2f2232f3382465c7378b,,
1.0,G02-260204-123055-458,G02-260204-123055-458.bmp,G02,2026-02-04T12:30:55,2026-02-04,G02_2026-02-04,458,test,normal,,1025,1281,1,98ea8089347b1f9cfa7a9b5da1651f7d4eddd8dcc01e0ca8eef3e3cefe496e4b,,
1.0,G02-260204-123102-459,G02-260204-123102-459.bmp,G02,2026-02-04T12:31:02,2026-02-04,G02_2026-02-04,459,test,normal,,1025,1281,1,ae8d065e121f9fee982ada9f7e6e4c8d7c4d30d07a592a6d71b50a1d93d40294,,
1.0,G02-260204-123108-460,G02-260204-123108-460.bmp,G02,2026-02-04T12:31:08,2026-02-04,G02_2026-02-04,460,test,normal,,1025,1281,1,6635e84d9e630491bc20528b637a36ce5e8b8353e937201290a976d971d07177,,
1.0,G02-260204-123122-461,G02-260204-123122-461.bmp,G02,2026-02-04T12:31:22,2026-02-04,G02_2026-02-04,461,test,normal,,1025,1281,1,7b43f75a3de75994beee0216e798bc655b2606ce7b0758ea914b3d37743a5cf5,,
1.0,G02-260204-123129-462,G02-260204-123129-462.bmp,G02,2026-02-04T12:31:29,2026-02-04,G02_2026-02-04,462,test,normal,,1025,1281,1,e65bb2f318b7d8fdf14e08b811f6658545722d80ae0b9fa501dcac0feeb68e04,,
1.0,G02-260204-123141-463,G02-260204-123141-463.bmp,G02,2026-02-04T12:31:41,2026-02-04,G02_2026-02-04,463,test,normal,,1025,1281,1,4f01bdc4697ed2079b098303e1b915f16ea332d3607cd684ba40a4bfa13d3d13,,
1.0,G02-260204-123152-464,G02-260204-123152-464.bmp,G02,2026-02-04T12:31:52,2026-02-04,G02_2026-02-04,464,test,normal,,1025,1281,1,d43ee3abdc7760b4bd8ebbf22463589ea440b7d485a69d25a7fe0f168befe328,,
1.0,G02-260204-123159-465,G02-260204-123159-465.bmp,G02,2026-02-04T12:31:59,2026-02-04,G02_2026-02-04,465,test,normal,,1025,1281,1,6927b9368092bca99cc7b2bf6ec8c24a7cbeaa42071e3943a630ea7d94eb7094,,
1.0,G02-260204-123222-466,G02-260204-123222-466.bmp,G02,2026-02-04T12:32:22,2026-02-04,G02_2026-02-04,466,test,normal,,1025,1281,1,3088cc92ccca4c2dbafe93583349c9679b5d8e29f995527ffb018226976750ad,,
1.0,G02-260204-123229-467,G02-260204-123229-467.bmp,G02,2026-02-04T12:32:29,2026-02-04,G02_2026-02-04,467,test,normal,,1025,1281,1,d9d8bb5d6db1ac28c001f6a923e1de6cf18241a48ff7240e423b42b2af6fee35,,
1.0,G02-260204-123252-468,G02-260204-123252-468.bmp,G02,2026-02-04T12:32:52,2026-02-04,G02_2026-02-04,468,test,normal,,1025,1281,1,0ea1e1cc0ecb972d7bac7c491881668d44796fa2c0833e007d34a1fb2eb290a2,,
1.0,G02-260204-123259-469,G02-260204-123259-469.bmp,G02,2026-02-04T12:32:59,2026-02-04,G02_2026-02-04,469,test,normal,,1025,1281,1,68b7e16b5a9f99fea7ac6db9f332d42504c195014316ff7d71dfeedc69488766,,
1.0,G02-260204-123323-470,G02-260204-123323-470.bmp,G02,2026-02-04T12:33:23,2026-02-04,G02_2026-02-04,470,test,normal,,1025,1281,1,753abfeb1c61918d6873e6498ebc7b7aa8ad8c8a877fb0548486c9face455f59,,
1.0,G02-260204-123330-471,G02-260204-123330-471.bmp,G02,2026-02-04T12:33:30,2026-02-04,G02_2026-02-04,471,test,normal,,1025,1281,1,ffafcd63e8ef4c865225857569510ff00fa171959f6471d5d6f05638b6d9c44e,,
1.0,G02-260204-123351-472,G02-260204-123351-472.bmp,G02,2026-02-04T12:33:51,2026-02-04,G02_2026-02-04,472,test,normal,,1025,1281,1,5c1ccc24f9d9f7ebdf705d4ac54f0b2642387eca84424e19373d290fa153e044,,
1.0,G02-260204-123358-473,G02-260204-123358-473.bmp,G02,2026-02-04T12:33:58,2026-02-04,G02_2026-02-04,473,test,normal,,1025,1281,1,bf99995a58c7d8ba19fc7ea3373f272c5bd99aeaab34ee433bd47e4ca40ae2fa,,
1.0,G02-260204-123422-474,G02-260204-123422-474.bmp,G02,2026-02-04T12:34:22,2026-02-04,G02_2026-02-04,474,test,normal,,1025,1281,1,830079154d6717003ea4c88dab6927ddd1a27485399b4a8f289bf11bbc776e18,,
1.0,G02-260204-123429-475,G02-260204-123429-475.bmp,G02,2026-02-04T12:34:29,2026-02-04,G02_2026-02-04,475,test,normal,,1025,1281,1,a0134ebdbe235384ac12af9f23f3b52fda323c661faef8db10c2aae01b7c75f4,,
1.0,G02-260204-123452-476,G02-260204-123452-476.bmp,G02,2026-02-04T12:34:52,2026-02-04,G02_2026-02-04,476,test,normal,,1025,1281,1,d32ab4ccb10cdc7644e4337618327f0778707404f673c7977b05e3e2add417f7,,
1.0,G02-260204-123500-477,G02-260204-123500-477.bmp,G02,2026-02-04T12:35:00,2026-02-04,G02_2026-02-04,477,test,normal,,1025,1281,1,7438efb29d35c198a900a38f2b810357e3332670d435edd1b498e1b181f49302,,
1.0,G02-260204-123523-478,G02-260204-123523-478.bmp,G02,2026-02-04T12:35:23,2026-02-04,G02_2026-02-04,478,test,normal,,1025,1281,1,1710b1153457a89940ed58c4bf64f126605ea7a33bd5db91b5e5ae865af9d725,,
1.0,G02-260204-123530-479,G02-260204-123530-479.bmp,G02,2026-02-04T12:35:30,2026-02-04,G02_2026-02-04,479,test,normal,,1025,1281,1,1aa696eab2c6638e85f90e99c798827f64257df6598b6bb6c7683ef97b7c8ab6,,
1.0,G02-260204-123553-480,G02-260204-123553-480.bmp,G02,2026-02-04T12:35:53,2026-02-04,G02_2026-02-04,480,test,normal,,1025,1281,1,7aae974c6c9015c1672a194b1933250cf0b039ca44a5cf2371db35e0415c72fa,,
1.0,G02-260204-123559-481,G02-260204-123559-481.bmp,G02,2026-02-04T12:35:59,2026-02-04,G02_2026-02-04,481,test,normal,,1025,1281,1,acf71d3e214bb94a73bcb18b8650d96d8d8ade083102a8d1b33f9f8d7ee20fbf,,
1.0,G02-260204-123622-482,G02-260204-123622-482.bmp,G02,2026-02-04T12:36:22,2026-02-04,G02_2026-02-04,482,test,normal,,1025,1281,1,8b8a83c075047bc51436c19c4d1b3b381425db33a82abdbfbdeac125f1c0c8a8,,
1.0,G02-260204-123629-483,G02-260204-123629-483.bmp,G02,2026-02-04T12:36:29,2026-02-04,G02_2026-02-04,483,test,normal,,1025,1281,1,0f1777a5f6e287279ffb1da573b2b9d9b8a4bbaf728934c45812b655ace543dd,,
1.0,G02-260204-123653-484,G02-260204-123653-484.bmp,G02,2026-02-04T12:36:53,2026-02-04,G02_2026-02-04,484,test,normal,,1025,1281,1,971d9ee8f53eb662725b2c68f937224fd352aa862944e390b71e4695359603f6,,
1.0,G02-260204-123700-485,G02-260204-123700-485.bmp,G02,2026-02-04T12:37:00,2026-02-04,G02_2026-02-04,485,test,normal,,1025,1281,1,7b96daa07364b192b7e76da61768d54f47c4159d4a6595cc3bf654ddd60c9489,,
1.0,G02-260204-123725-486,G02-260204-123725-486.bmp,G02,2026-02-04T12:37:25,2026-02-04,G02_2026-02-04,486,test,normal,,1025,1281,1,d91f321ae526fd50355c23a92da983daf6d5c303c78bc8bfe564f8f8620a278c,,
1.0,G02-260204-123733-487,G02-260204-123733-487.bmp,G02,2026-02-04T12:37:33,2026-02-04,G02_2026-02-04,487,test,normal,,1025,1281,1,c5bbe7225aaac56e0bfef052b5aa7d725d136df1f0e9c822c24933e319ff2d75,,
1.0,G02-260204-123754-488,G02-260204-123754-488.bmp,G02,2026-02-04T12:37:54,2026-02-04,G02_2026-02-04,488,test,normal,,1025,1281,1,01b4ae248034f7627308aaf6cb1142002bc915989c654636cf40dc0a6d17317c,,
1.0,G02-260204-123801-489,G02-260204-123801-489.bmp,G02,2026-02-04T12:38:01,2026-02-04,G02_2026-02-04,489,test,normal,,1025,1281,1,7ea3da9d001190ed7262c2ff1abe6721ba9f493cbfa286f7cfa4c2bec75bbf1c,,
1.0,G02-260204-123823-490,G02-260204-123823-490.bmp,G02,2026-02-04T12:38:23,2026-02-04,G02_2026-02-04,490,test,normal,,1025,1281,1,c0d644898df2c98fa9a98a7ce4f5cc34776f69f2904eb18ae45519921823bb41,,
1.0,G02-260204-123830-491,G02-260204-123830-491.bmp,G02,2026-02-04T12:38:30,2026-02-04,G02_2026-02-04,491,test,normal,,1025,1281,1,86297741cc5458c5b3dfc5da1164b72603888fccd245c35a4622823fdf9750e2,,
1.0,G02-260204-123854-492,G02-260204-123854-492.bmp,G02,2026-02-04T12:38:54,2026-02-04,G02_2026-02-04,492,test,normal,,1025,1281,1,3ca590e668677d871cb26b93af6a9f451839ab9bef3b0f7a82843788fbe2d955,,
1.0,G02-260204-123900-493,G02-260204-123900-493.bmp,G02,2026-02-04T12:39:00,2026-02-04,G02_2026-02-04,493,test,normal,,1025,1281,1,37991d488667ade184e747ed6fc71a4c90c2ebb6d5abe78bbfbb203b9e336994,,
1.0,G02-260204-123923-494,G02-260204-123923-494.bmp,G02,2026-02-04T12:39:23,2026-02-04,G02_2026-02-04,494,test,normal,,1025,1281,1,3f00da7c506a531967e9f175e1a049b69fc6dfff437e9788ccca4de7f1abb188,,
1.0,G02-260204-123931-495,G02-260204-123931-495.bmp,G02,2026-02-04T12:39:31,2026-02-04,G02_2026-02-04,495,test,normal,,1025,1281,1,a9817e579037210a615eba121ffced43751b4a2e469f748a14db4fbf227948aa,,
1.0,G02-260204-123953-496,G02-260204-123953-496.bmp,G02,2026-02-04T12:39:53,2026-02-04,G02_2026-02-04,496,test,normal,,1025,1281,1,15f247884690312d6c29e88c455df4e19baac301a1231a4b4842ee94c85e150f,,
1.0,G02-260204-124000-497,G02-260204-124000-497.bmp,G02,2026-02-04T12:40:00,2026-02-04,G02_2026-02-04,497,test,normal,,1025,1281,1,6f77d99edb541c661d28d3d4b3d32e08c87f719cb71e0b8014498d9c3ef55505,,
1.0,G02-260204-124023-498,G02-260204-124023-498.bmp,G02,2026-02-04T12:40:23,2026-02-04,G02_2026-02-04,498,test,normal,,1025,1281,1,2319570c445e5e3c4abd5b07d81da1c69694ffe8fdf40289c24ea123ce49da67,,
1.0,G02-260204-124030-499,G02-260204-124030-499.bmp,G02,2026-02-04T12:40:30,2026-02-04,G02_2026-02-04,499,test,normal,,1025,1281,1,7a710a0bc71834a46342213ae6bf96ecc76811ea146c6f606ec1972bd7f6a144,,
1.0,G02-260204-124053-500,G02-260204-124053-500.bmp,G02,2026-02-04T12:40:53,2026-02-04,G02_2026-02-04,500,test,normal,,1025,1281,1,aa29e9f954747d117faa6abc5548507a7090247e36f5546204a46a9da9a96ada,,
1.0,G02-260204-124100-501,G02-260204-124100-501.bmp,G02,2026-02-04T12:41:00,2026-02-04,G02_2026-02-04,501,test,normal,,1025,1281,1,0af3677b4401a5715f8cd4ba010c6fe137c940a915ca6e6fda3ce7e165c251d5,,
1.0,G02-260204-124124-502,G02-260204-124124-502.bmp,G02,2026-02-04T12:41:24,2026-02-04,G02_2026-02-04,502,test,normal,,1025,1281,1,4643c5cdcab0d4a3bde222d4eabe9a6b9c116d3c450aa9607ea21c428e72fb71,,
1.0,G02-260204-124132-503,G02-260204-124132-503.bmp,G02,2026-02-04T12:41:32,2026-02-04,G02_2026-02-04,503,test,normal,,1025,1281,1,48954968648f79dd1734e9be6ca85a2c5221d285550e013c1a87a9a054e340b8,,
1.0,G02-260204-124155-504,G02-260204-124155-504.bmp,G02,2026-02-04T12:41:55,2026-02-04,G02_2026-02-04,504,test,normal,,1025,1281,1,94b522a4fcb315154f74aedde7b71f7d4b2ba3c17ddc0890b590899c36e1cb23,,
1.0,G02-260204-124202-505,G02-260204-124202-505.bmp,G02,2026-02-04T12:42:02,2026-02-04,G02_2026-02-04,505,test,normal,,1025,1281,1,217688d51f0b1dac2c761ae575ff85fc4babbd7a7b85bf3d7d2e4ae1938e1aef,,
1.0,G02-260204-124224-506,G02-260204-124224-506.bmp,G02,2026-02-04T12:42:24,2026-02-04,G02_2026-02-04,506,test,normal,,1025,1281,1,9a9cb65b7e4db81a44aa6857f3b28707f759d077c2b0e356c1f4ac3b90e4f553,,
1.0,G02-260204-124231-507,G02-260204-124231-507.bmp,G02,2026-02-04T12:42:31,2026-02-04,G02_2026-02-04,507,test,normal,,1025,1281,1,e2dbae6a3629bbe6cd9f889f8408c6fe834d52b62e7f3673c3dea045665c47d0,,
1.0,G02-260204-124255-508,G02-260204-124255-508.bmp,G02,2026-02-04T12:42:55,2026-02-04,G02_2026-02-04,508,test,normal,,1025,1281,1,296bf4f0c91c351ea4f74bbd20d931d5aff817c06c2dfb1528acce045bc63d63,,
1.0,G02-260204-124302-509,G02-260204-124302-509.bmp,G02,2026-02-04T12:43:02,2026-02-04,G02_2026-02-04,509,test,normal,,1025,1281,1,499514b2e7e4538fdb894c0404ca0c4e005fb8c09c9e0efc5aa0b579f518e4cc,,
1.0,G02-260204-124325-510,G02-260204-124325-510.bmp,G02,2026-02-04T12:43:25,2026-02-04,G02_2026-02-04,510,test,normal,,1025,1281,1,a0a5cc933cb9ff30bdd06e3756faa93d9663405fc79315a058361935c5c2b2c0,,
1.0,G02-260204-124332-511,G02-260204-124332-511.bmp,G02,2026-02-04T12:43:32,2026-02-04,G02_2026-02-04,511,test,normal,,1025,1281,1,c29c974c11778dcae6ea0d55af7d3467dca6611fc5e21b6f25ab795899527c29,,
1.0,G02-260204-124356-512,G02-260204-124356-512.bmp,G02,2026-02-04T12:43:56,2026-02-04,G02_2026-02-04,512,test,normal,,1025,1281,1,7145d6a8142deb613826b5d03371aaa2be9593519b3ff40bf8bedcbafcbcc7ae,,
1.0,G02-260204-124403-513,G02-260204-124403-513.bmp,G02,2026-02-04T12:44:03,2026-02-04,G02_2026-02-04,513,test,normal,,1025,1281,1,118d92e6ba025fff4eead08dd74b9f4d6e26640f36a8dc9fc1fd195716f57f8a,,
1.0,G02-260204-124425-514,G02-260204-124425-514.bmp,G02,2026-02-04T12:44:25,2026-02-04,G02_2026-02-04,514,test,normal,,1025,1281,1,4cd487e4a89d77f2a24dfd76b21ab00ac642af6e54f72e48b638b669de3c8ad0,,
1.0,G02-260204-124432-515,G02-260204-124432-515.bmp,G02,2026-02-04T12:44:32,2026-02-04,G02_2026-02-04,515,test,normal,,1025,1281,1,55bd10a7d27aef163edcbc35450003c0c2239bb99e93841d6fa8f98b97893bac,,
1.0,G02-260204-124456-516,G02-260204-124456-516.bmp,G02,2026-02-04T12:44:56,2026-02-04,G02_2026-02-04,516,test,normal,,1025,1281,1,fe649dccc90cae74bbce997ec8e06fb8246ab64ffbca414e2247bc063ee8b2c9,,
1.0,G02-260204-124503-517,G02-260204-124503-517.bmp,G02,2026-02-04T12:45:03,2026-02-04,G02_2026-02-04,517,test,normal,,1025,1281,1,37be7bc569272d373e7343675c78e5cef9fe5b4139dfbafa7b7069ebcbb8406f,,
1.0,G02-260204-124525-518,G02-260204-124525-518.bmp,G02,2026-02-04T12:45:25,2026-02-04,G02_2026-02-04,518,test,normal,,1025,1281,1,574b710054d8f396654e031ab21ae69f44efa9a7b558cae4b23499b4e19995df,,
1.0,G02-260204-124533-519,G02-260204-124533-519.bmp,G02,2026-02-04T12:45:33,2026-02-04,G02_2026-02-04,519,test,normal,,1025,1281,1,8ef85495d89a20b765573e3c7d9523d43e47488edac3a55a32d38b5b18fdb4ac,,
1.0,G02-260204-124555-520,G02-260204-124555-520.bmp,G02,2026-02-04T12:45:55,2026-02-04,G02_2026-02-04,520,test,normal,,1025,1281,1,67244b9be640fed95ba687c2361730499dde755822571abe8af6f82b54a440b0,,
1.0,G02-260204-124601-521,G02-260204-124601-521.bmp,G02,2026-02-04T12:46:01,2026-02-04,G02_2026-02-04,521,test,normal,,1025,1281,1,39c4d6bbeb46a8578e2cf8b438d82bc17a646b94bdd5a633611e7cc1513f1447,,
1.0,G02-260204-124626-522,G02-260204-124626-522.bmp,G02,2026-02-04T12:46:26,2026-02-04,G02_2026-02-04,522,test,normal,,1025,1281,1,7ec9100776d3b1666cbe33e9ae3a9ab0176c983b7f710bfd7fcef195cc9d6c83,,
1.0,G02-260204-124633-523,G02-260204-124633-523.bmp,G02,2026-02-04T12:46:33,2026-02-04,G02_2026-02-04,523,test,normal,,1025,1281,1,78a859412ae1d82b8577a66003925f9d9d39196aacc883f7b7dcd28085280004,,
1.0,G02-260204-124656-524,G02-260204-124656-524.bmp,G02,2026-02-04T12:46:56,2026-02-04,G02_2026-02-04,524,test,normal,,1025,1281,1,b0316befad4a5d3dc74d7ca4af3e6d77f51be3a33760bbf88b8c0c475cbb90ff,,
1.0,G02-260204-124703-525,G02-260204-124703-525.bmp,G02,2026-02-04T12:47:03,2026-02-04,G02_2026-02-04,525,test,normal,,1025,1281,1,e86d134fcc6b1f903b6d6f1cf56469f657655c20bd57a08e1bca942d3f7b6e75,,
1.0,G02-260204-124727-526,G02-260204-124727-526.bmp,G02,2026-02-04T12:47:27,2026-02-04,G02_2026-02-04,526,test,normal,,1025,1281,1,7f2a4c31e125a9f7ca112565cf7c83de385e7ff074f55cee6441663e03086ceb,,
1.0,G02-260204-124734-527,G02-260204-124734-527.bmp,G02,2026-02-04T12:47:34,2026-02-04,G02_2026-02-04,527,test,normal,,1025,1281,1,9e27fa5cf911ab187f463d79cc5be9ce01b1b33267353089bdffbb42fd1d5af8,,
1.0,G02-260204-124756-528,G02-260204-124756-528.bmp,G02,2026-02-04T12:47:56,2026-02-04,G02_2026-02-04,528,test,normal,,1025,1281,1,a5ff9ba97883f03a225a36c708a1fdca0c8a27f9b80136162344099350a65cf4,,
1.0,G02-260204-124803-529,G02-260204-124803-529.bmp,G02,2026-02-04T12:48:03,2026-02-04,G02_2026-02-04,529,test,normal,,1025,1281,1,5465333be84f02c1ab554472692074db10a68060f74fc450ffa350171309af24,,
1.0,G02-260204-124827-530,G02-260204-124827-530.bmp,G02,2026-02-04T12:48:27,2026-02-04,G02_2026-02-04,530,test,normal,,1025,1281,1,a3d4232727bc7cb952beb69821c97b9831ca7a9ccb22d257ef9e5b67cc1cf117,,
1.0,G02-260204-124833-531,G02-260204-124833-531.bmp,G02,2026-02-04T12:48:33,2026-02-04,G02_2026-02-04,531,test,normal,,1025,1281,1,ed4394fcc1c989b046d127796071c8b71d7ed2db07739e0ffab47ff6fd5eed36,,
1.0,G02-260204-124856-532,G02-260204-124856-532.bmp,G02,2026-02-04T12:48:56,2026-02-04,G02_2026-02-04,532,test,normal,,1025,1281,1,d30f18461d5d19d917a1709fd3ddedeabb11bb930e19322b04283116d6556a66,,
1.0,G02-260204-124903-533,G02-260204-124903-533.bmp,G02,2026-02-04T12:49:03,2026-02-04,G02_2026-02-04,533,test,normal,,1025,1281,1,55de1355cc72a47828b528d2cb66f9b21a489c5cb862228b5e743c527703be7f,,
1.0,G02-260204-124926-534,G02-260204-124926-534.bmp,G02,2026-02-04T12:49:26,2026-02-04,G02_2026-02-04,534,test,normal,,1025,1281,1,70290bd8e961bdb2f2aa100ced6f10cf459650cdabd5b37c5bde29addfe9b6aa,,
1.0,G02-260204-124933-535,G02-260204-124933-535.bmp,G02,2026-02-04T12:49:33,2026-02-04,G02_2026-02-04,535,test,normal,,1025,1281,1,95a61531712c3916793501379f257d84d2fca5b27b79ba6b0758188fde963ff2,,
1.0,G02-260204-124956-536,G02-260204-124956-536.bmp,G02,2026-02-04T12:49:56,2026-02-04,G02_2026-02-04,536,test,normal,,1025,1281,1,5bbc70c4d268597bc4325ac5159cd690b9d0cdb3f8563c4351e7a35dc55c1a0c,,
1.0,G02-260204-125002-537,G02-260204-125002-537.bmp,G02,2026-02-04T12:50:02,2026-02-04,G02_2026-02-04,537,test,normal,,1025,1281,1,d12a60fa1c2b60e4d058aeccb55bbb2444d739753d7ffed4aa5330e13be36cc9,,
1.0,G02-260204-125026-538,G02-260204-125026-538.bmp,G02,2026-02-04T12:50:26,2026-02-04,G02_2026-02-04,538,test,normal,,1025,1281,1,df8c7284ddf9ea50c00565e5a95217d5299b96b64b87b3487c588d5865dfaac8,,
1.0,G02-260204-125032-539,G02-260204-125032-539.bmp,G02,2026-02-04T12:50:32,2026-02-04,G02_2026-02-04,539,test,normal,,1025,1281,1,e309882255d020cca888a1afc2b7d4b08582a6f1d10a625fbfad399ed71f7a10,,
1.0,G02-260204-125057-540,G02-260204-125057-540.bmp,G02,2026-02-04T12:50:57,2026-02-04,G02_2026-02-04,540,test,normal,,1025,1281,1,a4b53fee38a4bd1ecd9bd2c2f0bf176c6e8a0744bc8655711a4240690a5e956a,,
1.0,G02-260204-125104-541,G02-260204-125104-541.bmp,G02,2026-02-04T12:51:04,2026-02-04,G02_2026-02-04,541,test,normal,,1025,1281,1,ea244206cfd7db5ac4fff1640792f96df8ea15ea29d4bd754fcd564b8a895bf4,,
1.0,G02-260204-125128-542,G02-260204-125128-542.bmp,G02,2026-02-04T12:51:28,2026-02-04,G02_2026-02-04,542,test,normal,,1025,1281,1,448f2ce835f04e1b6f7465beb39b61cfd282afdf107258f54cbf8a7e30648824,,
1.0,G02-260204-125134-543,G02-260204-125134-543.bmp,G02,2026-02-04T12:51:34,2026-02-04,G02_2026-02-04,543,test,normal,,1025,1281,1,f52e66cdfcb7e033db87d56b7e1672111aeb3128980f1e1d3547856f1e66725b,,
1.0,G02-260204-125156-544,G02-260204-125156-544.bmp,G02,2026-02-04T12:51:56,2026-02-04,G02_2026-02-04,544,test,normal,,1025,1281,1,81a1a8359831b36405672b02c41411db9127c5cb389e80bf663dfb1598eb028f,,
1.0,G02-260204-125203-545,G02-260204-125203-545.bmp,G02,2026-02-04T12:52:03,2026-02-04,G02_2026-02-04,545,test,normal,,1025,1281,1,5941bd8f9c2e7a5e8988fb2707cf3f79fec493fed1a0618dea768ba770c93736,,
1.0,G02-260204-125229-546,G02-260204-125229-546.bmp,G02,2026-02-04T12:52:29,2026-02-04,G02_2026-02-04,546,test,normal,,1025,1281,1,abb05a49a4780bf7ed9c193bda8cc9469c1b94ccae5074e315d0ea3961f5290e,,
1.0,G02-260204-125235-547,G02-260204-125235-547.bmp,G02,2026-02-04T12:52:35,2026-02-04,G02_2026-02-04,547,test,normal,,1025,1281,1,f0ce352ea4783c9fcf3f89a3e3eed7715b3f4aca8829c10ff7d4dc61bc4c91f4,,
1.0,G02-260204-125257-548,G02-260204-125257-548.bmp,G02,2026-02-04T12:52:57,2026-02-04,G02_2026-02-04,548,test,normal,,1025,1281,1,a2f6f8da3dc89cf8f9ad6bb7304b301b455aa7ce30b3c8d21b20f9d45d084ab5,,
1.0,G02-260204-125305-549,G02-260204-125305-549.bmp,G02,2026-02-04T12:53:05,2026-02-04,G02_2026-02-04,549,test,normal,,1025,1281,1,f11f13530d6875c21843e46ea6abe9d193a3fb27b88140c63365a2024a6e7eac,,
1.0,G02-260204-125328-550,G02-260204-125328-550.bmp,G02,2026-02-04T12:53:28,2026-02-04,G02_2026-02-04,550,test,normal,,1025,1281,1,6db6e2518c94b5a6cf0725b1bd4e39f3e30ec929067de0618dcc128cba2fea0c,,
1.0,G02-260204-125335-551,G02-260204-125335-551.bmp,G02,2026-02-04T12:53:35,2026-02-04,G02_2026-02-04,551,test,normal,,1025,1281,1,60027e3d53c8588221b43217ea92bf0c01fcb41b848d5413574be6037ed29411,,
1.0,G02-260204-125359-552,G02-260204-125359-552.bmp,G02,2026-02-04T12:53:59,2026-02-04,G02_2026-02-04,552,test,normal,,1025,1281,1,8368f9b4652368db35a6876c94968b723030dcd25ede4eee1b09e17e32483a5f,,
1.0,G02-260204-125406-553,G02-260204-125406-553.bmp,G02,2026-02-04T12:54:06,2026-02-04,G02_2026-02-04,553,test,normal,,1025,1281,1,4052d7eb9e5d876feed589b638691d3629f2874aa7f5a12e30b27a92eefa34cc,,
1.0,G02-260204-125428-554,G02-260204-125428-554.bmp,G02,2026-02-04T12:54:28,2026-02-04,G02_2026-02-04,554,test,normal,,1025,1281,1,050de7aae72b46db075df6b6055ccf2343394aebb9a30532bf3baa0d45ae8822,,
1.0,G02-260204-125435-555,G02-260204-125435-555.bmp,G02,2026-02-04T12:54:35,2026-02-04,G02_2026-02-04,555,test,normal,,1025,1281,1,5e2b8b9a82d8fbd325ec66f0a08a4db43eb2f4369ec92e45ad37aa69013337dd,,
1.0,G02-260204-125458-556,G02-260204-125458-556.bmp,G02,2026-02-04T12:54:58,2026-02-04,G02_2026-02-04,556,test,normal,,1025,1281,1,6f363e44182a8c22adfce82fb6e25fcac87b38413fe2a7b1cbe291b19bb7ede2,,
1.0,G02-260204-125504-557,G02-260204-125504-557.bmp,G02,2026-02-04T12:55:04,2026-02-04,G02_2026-02-04,557,test,normal,,1025,1281,1,ae56831429e927cae6b80267a1d720f39c232c98191bf4b10bd955e384f03050,,
1.0,G02-260204-125528-558,G02-260204-125528-558.bmp,G02,2026-02-04T12:55:28,2026-02-04,G02_2026-02-04,558,test,normal,,1025,1281,1,91402633b263d64c0cfb8472cb39fc609658e3063cd47ec8baf1f7fb4cb7d80d,,
1.0,G02-260204-125535-559,G02-260204-125535-559.bmp,G02,2026-02-04T12:55:35,2026-02-04,G02_2026-02-04,559,test,normal,,1025,1281,1,f45f722d6edc232ebb19080556ab79de993467db2355adefa86e281db04593fd,,
1.0,G02-260204-125558-560,G02-260204-125558-560.bmp,G02,2026-02-04T12:55:58,2026-02-04,G02_2026-02-04,560,test,normal,,1025,1281,1,7b12265d451200ab07711cf912f9ea2963d749d5112c7fdd83420f17d08021d3,,
1.0,G02-260204-125605-561,G02-260204-125605-561.bmp,G02,2026-02-04T12:56:05,2026-02-04,G02_2026-02-04,561,test,normal,,1025,1281,1,1ad847fa9bd40e748e792bce34d0550e3e9d8c36410e8942d8aa16f097e45550,,
1.0,G02-260204-125628-562,G02-260204-125628-562.bmp,G02,2026-02-04T12:56:28,2026-02-04,G02_2026-02-04,562,test,normal,,1025,1281,1,9c2c7270a991080df2594cfba2b992f81b7f363a4bec720f248547508f38d0eb,,
1.0,G02-260204-125635-563,G02-260204-125635-563.bmp,G02,2026-02-04T12:56:35,2026-02-04,G02_2026-02-04,563,test,normal,,1025,1281,1,8da86b0ee7e454f9cbee16eaf5d4333a0fef3e01a4565e9724c20c479ad48a8c,,
1.0,G02-260204-125658-564,G02-260204-125658-564.bmp,G02,2026-02-04T12:56:58,2026-02-04,G02_2026-02-04,564,test,normal,,1025,1281,1,40c9a07ef07e7c69a3cf7e9663e8d9e9d3812921203809e128a4ce210f3accb0,,
1.0,G02-260204-125704-565,G02-260204-125704-565.bmp,G02,2026-02-04T12:57:04,2026-02-04,G02_2026-02-04,565,test,normal,,1025,1281,1,9a46f2cbf2e30f9029e017035087a04ee7bd4702a72394e71c9a97dc582e4f54,,
1.0,G02-260204-125729-566,G02-260204-125729-566.bmp,G02,2026-02-04T12:57:29,2026-02-04,G02_2026-02-04,566,test,normal,,1025,1281,1,4aabc26ab4e7d8729ce680dd7b7a97e186ea9e43bbe737909539aef8385ace26,,
1.0,G02-260204-125736-567,G02-260204-125736-567.bmp,G02,2026-02-04T12:57:36,2026-02-04,G02_2026-02-04,567,test,normal,,1025,1281,1,497bdb645a5ce536125b5f328d37235432764f143965e97dcfa6b1a23f2c3a05,,
1.0,G02-260204-125759-568,G02-260204-125759-568.bmp,G02,2026-02-04T12:57:59,2026-02-04,G02_2026-02-04,568,test,normal,,1025,1281,1,864a424ed8ce1d73a66f3d56dd555570527b4e02d5d08efca277561f492fce29,,
1.0,G02-260204-125806-569,G02-260204-125806-569.bmp,G02,2026-02-04T12:58:06,2026-02-04,G02_2026-02-04,569,test,normal,,1025,1281,1,ada320e95e8c78b06c4923d8bf379e5f4dbb25e0ae1eed1f6bb55c9bf6c4bcfc,,
1.0,G02-260204-125830-570,G02-260204-125830-570.bmp,G02,2026-02-04T12:58:30,2026-02-04,G02_2026-02-04,570,test,normal,,1025,1281,1,43381c12c32edaefe3dbbf61851ccf62bf2d928b32aa131351ca7d18a8a147cd,,
1.0,G02-260204-125838-571,G02-260204-125838-571.bmp,G02,2026-02-04T12:58:38,2026-02-04,G02_2026-02-04,571,test,normal,,1025,1281,1,4a9b54279151d59fc88e5815db97ad4d46b79a1532b7dfc7e99197c968269b8d,,
1.0,G02-260204-125900-572,G02-260204-125900-572.bmp,G02,2026-02-04T12:59:00,2026-02-04,G02_2026-02-04,572,test,normal,,1025,1281,1,de783f2f19dd6d50a71520e067f7e3cc0f913645c430cea48c7c1202451c094b,,
1.0,G02-260204-125906-573,G02-260204-125906-573.bmp,G02,2026-02-04T12:59:06,2026-02-04,G02_2026-02-04,573,test,normal,,1025,1281,1,bb6b7582f058ad75bf9691e0d4573f427e8165c0f0f854bcf72ee9678a666b0e,,
1.0,G02-260204-125931-574,G02-260204-125931-574.bmp,G02,2026-02-04T12:59:31,2026-02-04,G02_2026-02-04,574,test,normal,,1025,1281,1,78213a6aa597d72ffc983686b73256cb51e2c1b1d39671720dd0f83a32d29cbe,,
1.0,G02-260204-125937-575,G02-260204-125937-575.bmp,G02,2026-02-04T12:59:37,2026-02-04,G02_2026-02-04,575,test,normal,,1025,1281,1,702a5943ee066e182225030134d3e2734a951db282092faa812227d4d2ac031b,,
1.0,G02-260204-125959-576,G02-260204-125959-576.bmp,G02,2026-02-04T12:59:59,2026-02-04,G02_2026-02-04,576,test,normal,,1025,1281,1,0e174df12a9a8f5027931302c85d0ba265e52c852b8a2e515be14b7ea76e49c0,,
1.0,G02-260204-130006-577,G02-260204-130006-577.bmp,G02,2026-02-04T13:00:06,2026-02-04,G02_2026-02-04,577,test,normal,,1025,1281,1,4530da0085d01a20f0796629339ac159056960dc5b950969d7345d4e97fe0b81,,
1.0,G02-260204-130029-578,G02-260204-130029-578.bmp,G02,2026-02-04T13:00:29,2026-02-04,G02_2026-02-04,578,test,normal,,1025,1281,1,7ca659521befe6d6e36368cbc740862812f3e4f78939edc403ccd30d4b28ed2c,,
1.0,G02-260204-130038-579,G02-260204-130038-579.bmp,G02,2026-02-04T13:00:38,2026-02-04,G02_2026-02-04,579,test,normal,,1025,1281,1,3d7fb9b2b688956b3193f7239c3a0312a21f2fc2d622655b1efb673e242dd8a1,,
1.0,G02-260204-130058-580,G02-260204-130058-580.bmp,G02,2026-02-04T13:00:58,2026-02-04,G02_2026-02-04,580,test,normal,,1025,1281,1,26f54d1bc40aa115388650d246ebccdf1ef6ae92a36c5d94ab26ed73186a6bb4,,
1.0,G02-260204-130105-581,G02-260204-130105-581.bmp,G02,2026-02-04T13:01:05,2026-02-04,G02_2026-02-04,581,test,normal,,1025,1281,1,1998a3a6e5dc56a499562f4fc577608d04628b53de9a52f82832cad74931d892,,
1.0,G02-260204-130129-582,G02-260204-130129-582.bmp,G02,2026-02-04T13:01:29,2026-02-04,G02_2026-02-04,582,test,normal,,1025,1281,1,92c9fed7badc5ce70d18221d5638b7b4cdf033bc2fff5814c13631141cea9c1e,,
1.0,G02-260204-130136-583,G02-260204-130136-583.bmp,G02,2026-02-04T13:01:36,2026-02-04,G02_2026-02-04,583,test,normal,,1025,1281,1,a1633ce2b6036728b67123019137ed94f55b7e102828fe93dfc0087e8f7046af,,
1.0,G02-260204-130159-584,G02-260204-130159-584.bmp,G02,2026-02-04T13:01:59,2026-02-04,G02_2026-02-04,584,test,normal,,1025,1281,1,b9afa93cb196ebf2e82e77fc656d8cdd27c9c5413fc0dc41e9a08f956aff1752,,
1.0,G02-260204-130207-585,G02-260204-130207-585.bmp,G02,2026-02-04T13:02:07,2026-02-04,G02_2026-02-04,585,test,normal,,1025,1281,1,1ab5eab0c47271f867bdc744ffae58eddbc0e83ab3ce754169a0cae1c30fd0df,,
1.0,G02-260204-130230-586,G02-260204-130230-586.bmp,G02,2026-02-04T13:02:30,2026-02-04,G02_2026-02-04,586,test,normal,,1025,1281,1,6edf08b6e761acb8d305e891c279ad96e177f235e33faa895629760518d16fd5,,
1.0,G02-260204-130237-587,G02-260204-130237-587.bmp,G02,2026-02-04T13:02:37,2026-02-04,G02_2026-02-04,587,test,normal,,1025,1281,1,783784e7cdff55cc727149c6c1b4cbd470af8ef4de0b0a36273a167777c27713,,
1.0,G02-260204-130301-588,G02-260204-130301-588.bmp,G02,2026-02-04T13:03:01,2026-02-04,G02_2026-02-04,588,test,normal,,1025,1281,1,67d2cf1ab3a90d8c13762ecac6f226519fedbf640aee483deed38616e38b762c,,
1.0,G02-260204-130308-589,G02-260204-130308-589.bmp,G02,2026-02-04T13:03:08,2026-02-04,G02_2026-02-04,589,test,normal,,1025,1281,1,e6b3a8e5f5c888317b8ab8bdcf8d3e1a1f5f15fb2a27c1dda7026cb9d406ba7e,,
1.0,G02-260204-130330-590,G02-260204-130330-590.bmp,G02,2026-02-04T13:03:30,2026-02-04,G02_2026-02-04,590,test,normal,,1025,1281,1,d57b174d470bee3a5b79d0a341839b813cdc747f38ba60bdbdbdaec8e980af53,,
1.0,G02-260204-130337-591,G02-260204-130337-591.bmp,G02,2026-02-04T13:03:37,2026-02-04,G02_2026-02-04,591,test,normal,,1025,1281,1,be175ad7a008326937eb24b2fdbe8db4ecd2c7aa57d65d5526617caf929fa78e,,
1.0,G02-260204-130400-592,G02-260204-130400-592.bmp,G02,2026-02-04T13:04:00,2026-02-04,G02_2026-02-04,592,test,normal,,1025,1281,1,ebb97e1df8c055d4dd2b55a3d8918bf4aee1083db479d6567f8eeb3397851017,,
1.0,G02-260204-130407-593,G02-260204-130407-593.bmp,G02,2026-02-04T13:04:07,2026-02-04,G02_2026-02-04,593,test,normal,,1025,1281,1,987904587fe12746daac28ce283dabc2d15747f1c19290dc9974ae9f75e03dcd,,
1.0,G02-260204-130430-594,G02-260204-130430-594.bmp,G02,2026-02-04T13:04:30,2026-02-04,G02_2026-02-04,594,test,normal,,1025,1281,1,3624ddfa62f509b78c9c39f2d05a8158e2616c3be21713b3cbe527c54876360b,,
1.0,G02-260204-130437-595,G02-260204-130437-595.bmp,G02,2026-02-04T13:04:37,2026-02-04,G02_2026-02-04,595,test,normal,,1025,1281,1,165b08283c5fef5e8c22d3af992d593768315b011a0bdc926db10784b362bdc0,,
1.0,G02-260204-130501-596,G02-260204-130501-596.bmp,G02,2026-02-04T13:05:01,2026-02-04,G02_2026-02-04,596,test,normal,,1025,1281,1,44477dba1628acd39ccd5aea23a933f988a919b8da79e224bb79d84a8ffabe5b,,
1.0,G02-260204-130508-597,G02-260204-130508-597.bmp,G02,2026-02-04T13:05:08,2026-02-04,G02_2026-02-04,597,test,normal,,1025,1281,1,343d351bed3ae673ee8cd1e28a3397468748b34c436dc20fe625192353454066,,
1.0,G02-260204-130530-598,G02-260204-130530-598.bmp,G02,2026-02-04T13:05:30,2026-02-04,G02_2026-02-04,598,test,normal,,1025,1281,1,a65d9787fcc2decf02c73a2c5c3d3c08c920ba12a60cbb3cd3587b8ffd28cc9d,,
1.0,G02-260204-130537-599,G02-260204-130537-599.bmp,G02,2026-02-04T13:05:37,2026-02-04,G02_2026-02-04,599,test,normal,,1025,1281,1,9099b7abe759dfc2465ed4db9f33ba6c90c15f55ff883f98fff2a38c2e2fcc2e,,
1.0,G02-260204-130601-600,G02-260204-130601-600.bmp,G02,2026-02-04T13:06:01,2026-02-04,G02_2026-02-04,600,test,normal,,1025,1281,1,f0f993e2fe5396673e5efed0d46725cbe9934f020641db90d29ede470bb156c6,,
1.0,G02-260204-130608-601,G02-260204-130608-601.bmp,G02,2026-02-04T13:06:08,2026-02-04,G02_2026-02-04,601,test,normal,,1025,1281,1,7402ba7086a2eac317afe1bede30f8928de825bd46a4849d6a8a042b010f6431,,
1.0,G02-260204-130631-602,G02-260204-130631-602.bmp,G02,2026-02-04T13:06:31,2026-02-04,G02_2026-02-04,602,test,normal,,1025,1281,1,47ad0684b50398f520282e1baa1ce799cd52f1f11e19f5ebff899e5f81750e3e,,
1.0,G02-260204-130638-603,G02-260204-130638-603.bmp,G02,2026-02-04T13:06:38,2026-02-04,G02_2026-02-04,603,test,normal,,1025,1281,1,34e30eae8c05707da54ef619eb8b842c22d0fc9e4ef90559f8a87dbd21496f1c,,
1.0,G02-260204-130701-604,G02-260204-130701-604.bmp,G02,2026-02-04T13:07:01,2026-02-04,G02_2026-02-04,604,test,normal,,1025,1281,1,5853c024565c1b5ded773c1e1223351f776e3210ad6d0927844b95bebf7116de,,
1.0,G02-260204-130708-605,G02-260204-130708-605.bmp,G02,2026-02-04T13:07:08,2026-02-04,G02_2026-02-04,605,test,normal,,1025,1281,1,640d3f07ee31612dd8f489d4a9daa9aaeb9e93a6511caf769f2542dcf49e1369,,
1.0,G02-260204-130731-606,G02-260204-130731-606.bmp,G02,2026-02-04T13:07:31,2026-02-04,G02_2026-02-04,606,test,normal,,1025,1281,1,82635b8cdf65cfc463b52604bb678847ec2f96b53bf8d64603e417ba2fdbb933,,
1.0,G02-260204-130738-607,G02-260204-130738-607.bmp,G02,2026-02-04T13:07:38,2026-02-04,G02_2026-02-04,607,test,normal,,1025,1281,1,87d91be3255094034813bb0f90041249b19dcf505e273562935b4e0ba6952e5f,,
1.0,G02-260204-130801-608,G02-260204-130801-608.bmp,G02,2026-02-04T13:08:01,2026-02-04,G02_2026-02-04,608,test,normal,,1025,1281,1,6e223fe9ecedaf88eeb9771670e16e1a087aad280a4b05dc63fc79048fe20782,,
1.0,G02-260204-130808-609,G02-260204-130808-609.bmp,G02,2026-02-04T13:08:08,2026-02-04,G02_2026-02-04,609,test,normal,,1025,1281,1,d3356258355cf9036f2c7f2966165e0d566dcfaad210636e8e0194ec4cbd2b18,,
1.0,G02-260204-130831-610,G02-260204-130831-610.bmp,G02,2026-02-04T13:08:31,2026-02-04,G02_2026-02-04,610,test,normal,,1025,1281,1,f3a4c0d36e29de12ee349f75f4808d388e93939d674578f81571a606b870461c,,
1.0,G02-260204-130838-611,G02-260204-130838-611.bmp,G02,2026-02-04T13:08:38,2026-02-04,G02_2026-02-04,611,test,normal,,1025,1281,1,ae020d2a3210c7a0b8542986208cdf874000e5c9a0c8d3400865e3ab6e47c829,,
1.0,G02-260204-130902-612,G02-260204-130902-612.bmp,G02,2026-02-04T13:09:02,2026-02-04,G02_2026-02-04,612,test,normal,,1025,1281,1,70629e523c39dd9dfcbbc0e70921e96f098a10cb6374c89bd94e004c5b054527,,
1.0,G02-260204-130909-613,G02-260204-130909-613.bmp,G02,2026-02-04T13:09:09,2026-02-04,G02_2026-02-04,613,test,normal,,1025,1281,1,1641dbf3e1b6f7e30f43949e2a5906e0feff7487f15531d5ec49a0db67e32b41,,
1.0,G02-260204-130932-614,G02-260204-130932-614.bmp,G02,2026-02-04T13:09:32,2026-02-04,G02_2026-02-04,614,test,normal,,1025,1281,1,4fc75b56d7e46160687a973ba291df0bbb080fea4d728e834ad3c1f2e9af5522,,
1.0,G02-260204-130939-615,G02-260204-130939-615.bmp,G02,2026-02-04T13:09:39,2026-02-04,G02_2026-02-04,615,test,normal,,1025,1281,1,e88e613538f5c19b86201b606108622597dc0c1a63e6a2207a5abef5c84cf081,,
1.0,G02-260204-131002-616,G02-260204-131002-616.bmp,G02,2026-02-04T13:10:02,2026-02-04,G02_2026-02-04,616,test,normal,,1025,1281,1,90ffa9a86f5d081286dc8806923bb9ba34b717680d8a212dc5e4d5f90801d9b7,,
1.0,G02-260204-131009-617,G02-260204-131009-617.bmp,G02,2026-02-04T13:10:09,2026-02-04,G02_2026-02-04,617,test,normal,,1025,1281,1,dfde31c780729c30f442bd7ca088c3596f9fc24201630049b8b06b8067a1d0fb,,
1.0,G02-260204-131034-618,G02-260204-131034-618.bmp,G02,2026-02-04T13:10:34,2026-02-04,G02_2026-02-04,618,test,normal,,1025,1281,1,e15807eccbc3f8ec698142d22dbaf335eb655e1a9d3425a221faad84b95a525d,,
1.0,G02-260204-131040-619,G02-260204-131040-619.bmp,G02,2026-02-04T13:10:40,2026-02-04,G02_2026-02-04,619,test,normal,,1025,1281,1,f70b1c4ccc1397f6ab496cb5d8a01d6c8d1b62167f06aaf750bb453c815290c1,,
1.0,G02-260204-131103-620,G02-260204-131103-620.bmp,G02,2026-02-04T13:11:03,2026-02-04,G02_2026-02-04,620,test,normal,,1025,1281,1,1e39b35022f8c073ad41fb8fb976f18bd0a8c2e7065b880be4b2d94de1a799ac,,
1.0,G02-260204-131111-621,G02-260204-131111-621.bmp,G02,2026-02-04T13:11:11,2026-02-04,G02_2026-02-04,621,test,normal,,1025,1281,1,91c0e2a50737d939daa584f31472b9e87ad4fd63bd3f9c738b4f707841148e42,,
1.0,G02-260204-131133-622,G02-260204-131133-622.bmp,G02,2026-02-04T13:11:33,2026-02-04,G02_2026-02-04,622,test,normal,,1025,1281,1,13ed463e2e5892aef4afde2055049a6f9d01a4d6899a21872ac0fa564e0ae75d,,
1.0,G02-260204-131139-623,G02-260204-131139-623.bmp,G02,2026-02-04T13:11:39,2026-02-04,G02_2026-02-04,623,test,normal,,1025,1281,1,15727f16bed3ae2267167a33b86c44716360a994ab474557b6a1a110e124f4f8,,
1.0,G02-260204-131203-624,G02-260204-131203-624.bmp,G02,2026-02-04T13:12:03,2026-02-04,G02_2026-02-04,624,test,normal,,1025,1281,1,fcd05ba999e93b5c1ecca36ef3571c7fe328e7696d1f162ee2ec5eb5ca22353a,,
1.0,G02-260204-131209-625,G02-260204-131209-625.bmp,G02,2026-02-04T13:12:09,2026-02-04,G02_2026-02-04,625,test,normal,,1025,1281,1,920e2dfd142f8789c4e466ca0245a0c2887557a81fff42625ef0e2f8d62db8fb,,
1.0,G02-260204-131232-626,G02-260204-131232-626.bmp,G02,2026-02-04T13:12:32,2026-02-04,G02_2026-02-04,626,test,normal,,1025,1281,1,05b76b880e433de5d3c82ae7a15a9d653f3e6f074b35030603f27a2b209ed2c5,,
1.0,G02-260204-131240-627,G02-260204-131240-627.bmp,G02,2026-02-04T13:12:40,2026-02-04,G02_2026-02-04,627,test,normal,,1025,1281,1,2759c13c2810a9a509b06882e26dcdf3fe649b7e5bfcc1a5f39db090acdea80d,,
1.0,G02-260204-131303-628,G02-260204-131303-628.bmp,G02,2026-02-04T13:13:03,2026-02-04,G02_2026-02-04,628,test,normal,,1025,1281,1,01b48463056032a7eab885e170494a63b489f71f6bf598d43c139ee7c2efbf5e,,
1.0,G02-260204-131310-629,G02-260204-131310-629.bmp,G02,2026-02-04T13:13:10,2026-02-04,G02_2026-02-04,629,test,normal,,1025,1281,1,3d3c16688cd5c6cafdc5c753ba9d755e38d6d5c8b7a433637be330075ca199bc,,
1.0,G02-260204-131332-630,G02-260204-131332-630.bmp,G02,2026-02-04T13:13:32,2026-02-04,G02_2026-02-04,630,test,normal,,1025,1281,1,18868ec5c75a7cedc8d9008ab14df197c8a3d93c55abdde9b427f93946fbf344,,
1.0,G02-260204-131339-631,G02-260204-131339-631.bmp,G02,2026-02-04T13:13:39,2026-02-04,G02_2026-02-04,631,test,normal,,1025,1281,1,c723d941910859cd635666a8e07c35775db10cecdd5038dd37e30615eced7ffe,,
1.0,G02-260204-131403-632,G02-260204-131403-632.bmp,G02,2026-02-04T13:14:03,2026-02-04,G02_2026-02-04,632,test,normal,,1025,1281,1,695706e37a742eea3db18052519b9fa2979eca923f865783d4edd8e4fb87e441,,
1.0,G02-260204-131411-633,G02-260204-131411-633.bmp,G02,2026-02-04T13:14:11,2026-02-04,G02_2026-02-04,633,test,normal,,1025,1281,1,65ae21f9933412041cd713898eb59dba6c13f0eb922b07bd9398ba25c90940f4,,
1.0,G02-260204-131434-634,G02-260204-131434-634.bmp,G02,2026-02-04T13:14:34,2026-02-04,G02_2026-02-04,634,test,normal,,1025,1281,1,5feda8ceff252b05726674da74071af972864e05a28707fbae3c0ebab580ca63,,
1.0,G02-260204-131442-635,G02-260204-131442-635.bmp,G02,2026-02-04T13:14:42,2026-02-04,G02_2026-02-04,635,test,normal,,1025,1281,1,fd2be3733aa43eeb61a2610b1c20106859880c8a3f494a32cdbac72c216ae35a,,
1.0,G02-260204-131502-636,G02-260204-131502-636.bmp,G02,2026-02-04T13:15:02,2026-02-04,G02_2026-02-04,636,test,normal,,1025,1281,1,fea7c272055466ab7c0cba1c6ef7392ced8d0662ba60708926d74bedaff424c1,,
1.0,G02-260204-131509-637,G02-260204-131509-637.bmp,G02,2026-02-04T13:15:09,2026-02-04,G02_2026-02-04,637,test,normal,,1025,1281,1,0fc2ef12334e690936038b451c71c582b5f24dbfe9f7efee9fe79b7aa7da7f86,,
1.0,G02-260204-131533-638,G02-260204-131533-638.bmp,G02,2026-02-04T13:15:33,2026-02-04,G02_2026-02-04,638,test,normal,,1025,1281,1,851df06f93f66103f7dbddb6191f60a7b7275965a20b1530d13d7cbe59b91adf,,
1.0,G02-260204-131540-639,G02-260204-131540-639.bmp,G02,2026-02-04T13:15:40,2026-02-04,G02_2026-02-04,639,test,normal,,1025,1281,1,df80d5d5d5d29b221e0d02ac0882f365940973b39617edffd97418386a4a32d5,,
1.0,G02-260204-131604-640,G02-260204-131604-640.bmp,G02,2026-02-04T13:16:04,2026-02-04,G02_2026-02-04,640,test,normal,,1025,1281,1,62fe0052c7817ba9cc316ed2cde7a572a0f1fe774158ac4d7c89ebbcea2fd7fa,,
1.0,G02-260204-131612-641,G02-260204-131612-641.bmp,G02,2026-02-04T13:16:12,2026-02-04,G02_2026-02-04,641,test,normal,,1025,1281,1,fa480eded587640bc3686631ac3a43566f2f4bd298f02fc1f0c9bea44e59372f,,
1.0,G02-260204-131635-642,G02-260204-131635-642.bmp,G02,2026-02-04T13:16:35,2026-02-04,G02_2026-02-04,642,test,normal,,1025,1281,1,06e3fb8330374afb1ffcc56a165e27a1b7e34bff5326113e4eb1036894e3abf5,,
1.0,G02-260204-131642-643,G02-260204-131642-643.bmp,G02,2026-02-04T13:16:42,2026-02-04,G02_2026-02-04,643,test,normal,,1025,1281,1,9a054b96a019e5dec9ea52565bacc6dbd4e661130781fe888d189ec4d17c823b,,
1.0,G02-260204-131706-644,G02-260204-131706-644.bmp,G02,2026-02-04T13:17:06,2026-02-04,G02_2026-02-04,644,test,normal,,1025,1281,1,912243378590de820be4a1f115ac0a01ec45ec5e3b8614770275b19fc19c7142,,
1.0,G02-260204-131712-645,G02-260204-131712-645.bmp,G02,2026-02-04T13:17:12,2026-02-04,G02_2026-02-04,645,test,normal,,1025,1281,1,9abb54ab65d2ae67c4a1e0edfc22b3cf5e9a129a0436bb078412f34a6624a338,,
1.0,G02-260204-131734-646,G02-260204-131734-646.bmp,G02,2026-02-04T13:17:34,2026-02-04,G02_2026-02-04,646,test,normal,,1025,1281,1,d183d71b928fe6e0dc14baf38cfa2068e09a6eb4952d2c9b7b58193def31069f,,
1.0,G02-260204-131741-647,G02-260204-131741-647.bmp,G02,2026-02-04T13:17:41,2026-02-04,G02_2026-02-04,647,test,normal,,1025,1281,1,8570a319299d1cfb7a071758c5f93f5746a9ddfda25e1af793a134d1852ced4a,,
1.0,G02-260204-131803-648,G02-260204-131803-648.bmp,G02,2026-02-04T13:18:03,2026-02-04,G02_2026-02-04,648,test,normal,,1025,1281,1,c0cfc79bc5baa32b3724acd3346986f1bec9cc9a414072500235bdbd4547e27e,,
1.0,G02-260204-131810-649,G02-260204-131810-649.bmp,G02,2026-02-04T13:18:10,2026-02-04,G02_2026-02-04,649,test,normal,,1025,1281,1,7a085c39b1522fff2b72a3b21b140ee151051f3c4300d08920fd720e9c7af7f1,,
1.0,G02-260204-131833-650,G02-260204-131833-650.bmp,G02,2026-02-04T13:18:33,2026-02-04,G02_2026-02-04,650,test,normal,,1025,1281,1,40f515cafecb8a2d0323bf3f1ae339932c9a07265e6f7a138975dd3b6fcf7a67,,
1.0,G02-260204-131840-651,G02-260204-131840-651.bmp,G02,2026-02-04T13:18:40,2026-02-04,G02_2026-02-04,651,test,normal,,1025,1281,1,1c0f613e2a9af6b371870e3c114386558291bc67efd631246b0fb3aeb108a13a,,
1.0,G02-260204-131904-652,G02-260204-131904-652.bmp,G02,2026-02-04T13:19:04,2026-02-04,G02_2026-02-04,652,test,normal,,1025,1281,1,a312ce02e248b3fa6a93ca2d54d3936a3baac5cc85a4ba021ad8dcdd7b957cec,,
1.0,G02-260204-131911-653,G02-260204-131911-653.bmp,G02,2026-02-04T13:19:11,2026-02-04,G02_2026-02-04,653,test,normal,,1025,1281,1,6661f2919f9882c99a9a152e137713b3231bbec9f35ec0cb80dd6c1f9ce3c386,,
1.0,G02-260204-131934-654,G02-260204-131934-654.bmp,G02,2026-02-04T13:19:34,2026-02-04,G02_2026-02-04,654,test,normal,,1025,1281,1,ef09b765640ab64732570351b2e3c025b9c9c85e26464fad64b5c142f2a8e241,,
1.0,G02-260204-131941-655,G02-260204-131941-655.bmp,G02,2026-02-04T13:19:41,2026-02-04,G02_2026-02-04,655,test,normal,,1025,1281,1,1782c3abafa588e87aaa418449803847c8f4331c68040b1cde6f23a3b1c1b61d,,
1.0,G02-260204-132006-656,G02-260204-132006-656.bmp,G02,2026-02-04T13:20:06,2026-02-04,G02_2026-02-04,656,test,normal,,1025,1281,1,d69d429140d936a31f543408267ec385a4aea74fcbfecdc01c9f18853d332292,,
1.0,G02-260204-132013-657,G02-260204-132013-657.bmp,G02,2026-02-04T13:20:13,2026-02-04,G02_2026-02-04,657,test,normal,,1025,1281,1,08de8bb5d901900e61272df15948ce57f66e9dc7f1cffb54c9cded5b2dbb00c0,,
1.0,G02-260204-132035-658,G02-260204-132035-658.bmp,G02,2026-02-04T13:20:35,2026-02-04,G02_2026-02-04,658,test,normal,,1025,1281,1,99235f33ec43221044dd5cd25dbcaf28b66c8f3b313a6dd6c40c4fd7c03da500,,
1.0,G02-260204-132043-659,G02-260204-132043-659.bmp,G02,2026-02-04T13:20:43,2026-02-04,G02_2026-02-04,659,test,normal,,1025,1281,1,4f9b523f0035dc614613d21fa59438932d18d131aa9e6ec51cae342f6808ee7e,,
1.0,G02-260204-132105-660,G02-260204-132105-660.bmp,G02,2026-02-04T13:21:05,2026-02-04,G02_2026-02-04,660,test,normal,,1025,1281,1,ec40dfec095bb4ef556601febae55ba29b0cbdc3f4dbc6b9ecec275c9654b6fa,,
1.0,G02-260204-132112-661,G02-260204-132112-661.bmp,G02,2026-02-04T13:21:12,2026-02-04,G02_2026-02-04,661,test,normal,,1025,1281,1,7a69d327d8cbe6b65f78a1307959b50d3fa64515bfc1eda3a0a7c1b912adbbe1,,
1.0,G02-260204-132135-662,G02-260204-132135-662.bmp,G02,2026-02-04T13:21:35,2026-02-04,G02_2026-02-04,662,test,normal,,1025,1281,1,9c19b668348afa7fdaf4cb43ea93364626a1ef834497be01c0c58e0a7e159e76,,
1.0,G02-260204-132142-663,G02-260204-132142-663.bmp,G02,2026-02-04T13:21:42,2026-02-04,G02_2026-02-04,663,test,normal,,1025,1281,1,079417da7cbba2543fcd91e86a8ed47a03f0ea7c843f7538d9c805c89c0a8a6e,,
1.0,G02-260204-132206-664,G02-260204-132206-664.bmp,G02,2026-02-04T13:22:06,2026-02-04,G02_2026-02-04,664,test,normal,,1025,1281,1,9cc1bd1f4dcd191eb092e6a25198ee4469c992d776cc242a995b075c1e003ed8,,
1.0,G02-260204-132213-665,G02-260204-132213-665.bmp,G02,2026-02-04T13:22:13,2026-02-04,G02_2026-02-04,665,test,normal,,1025,1281,1,bc2339f6e60657dc25a77c78ab6fa10a3a36d56d51957a2f16d0996c4a43af39,,
1.0,G02-260204-132235-666,G02-260204-132235-666.bmp,G02,2026-02-04T13:22:35,2026-02-04,G02_2026-02-04,666,test,normal,,1025,1281,1,c2f2498fa36747d8118ab56ba8ab14561c9013300d2c9c800eceaf1c7d9fa28f,,
1.0,G02-260204-132241-667,G02-260204-132241-667.bmp,G02,2026-02-04T13:22:41,2026-02-04,G02_2026-02-04,667,test,normal,,1025,1281,1,7fe131c089e12d28bc002ebcef06050e009b90245364a7b4e88c0b8dd3c12aeb,,
1.0,G02-260204-132306-668,G02-260204-132306-668.bmp,G02,2026-02-04T13:23:06,2026-02-04,G02_2026-02-04,668,test,normal,,1025,1281,1,8186c22fcefb03652400c73d9fc6942300e5b7d220915c47a394ef6724a7bd08,,
1.0,G02-260204-132312-669,G02-260204-132312-669.bmp,G02,2026-02-04T13:23:12,2026-02-04,G02_2026-02-04,669,test,normal,,1025,1281,1,e30cd9a1db5d3f5ef18a2b94423da173a882b3b63053cc1c9439276780fa095f,,
1.0,G02-260204-132336-670,G02-260204-132336-670.bmp,G02,2026-02-04T13:23:36,2026-02-04,G02_2026-02-04,670,test,normal,,1025,1281,1,156d5c7aa8e189544a0c34c8b4fa23ec945c57fba39ae1388e5c21186771394e,,
1.0,G02-260204-132343-671,G02-260204-132343-671.bmp,G02,2026-02-04T13:23:43,2026-02-04,G02_2026-02-04,671,test,normal,,1025,1281,1,796370bb2cd94795c1b0f3b8209dc0c24b1ec0b229f06b59e544e489df03f085,,
1.0,G02-260204-132406-672,G02-260204-132406-672.bmp,G02,2026-02-04T13:24:06,2026-02-04,G02_2026-02-04,672,test,normal,,1025,1281,1,180704a9772d12e036e947634d01f0bcbea29ac823847f1f87fd2c2aaa42685f,,
1.0,G02-260204-132414-673,G02-260204-132414-673.bmp,G02,2026-02-04T13:24:14,2026-02-04,G02_2026-02-04,673,test,normal,,1025,1281,1,4239befabbcadfbeb003ec733bfc7b3ff5d9c91c52e1e7d5c8213a1f7330842d,,
1.0,G02-260204-132436-674,G02-260204-132436-674.bmp,G02,2026-02-04T13:24:36,2026-02-04,G02_2026-02-04,674,test,normal,,1025,1281,1,15fd40e81f182bfedb40a93796f7e6d1764d5976abf4c82d37731501e58da187,,
1.0,G02-260204-132442-675,G02-260204-132442-675.bmp,G02,2026-02-04T13:24:42,2026-02-04,G02_2026-02-04,675,test,normal,,1025,1281,1,5a2b3aceb5096c329781fdca426f555da7a0f42410af9a1c74635d1953ac21f0,,
1.0,G02-260204-132506-676,G02-260204-132506-676.bmp,G02,2026-02-04T13:25:06,2026-02-04,G02_2026-02-04,676,test,normal,,1025,1281,1,44bb094c0bc69628a00c5cb7a7ad74adc48c900484302690b00e5c3f93ba8095,,
1.0,G02-260204-132513-677,G02-260204-132513-677.bmp,G02,2026-02-04T13:25:13,2026-02-04,G02_2026-02-04,677,test,normal,,1025,1281,1,67e4aeb1cfec06d462e09abe8d006674bb08f83fd5010642d955e6c0e373df5d,,
1.0,G02-260204-132535-678,G02-260204-132535-678.bmp,G02,2026-02-04T13:25:35,2026-02-04,G02_2026-02-04,678,test,normal,,1025,1281,1,18c9c0abfbd73dcf159d1b826d246afdb093e12a319dddd8a8a8869446bd2601,,
1.0,G02-260204-132542-679,G02-260204-132542-679.bmp,G02,2026-02-04T13:25:42,2026-02-04,G02_2026-02-04,679,test,normal,,1025,1281,1,e2af97bcb79f4db814701dda1e363de6cc4ab0bb495eb6bd6c9c29fc0926a799,,
1.0,G02-260204-132607-680,G02-260204-132607-680.bmp,G02,2026-02-04T13:26:07,2026-02-04,G02_2026-02-04,680,test,normal,,1025,1281,1,ee3b7c1f6b14dd764713950621dc8f1c23e68ba566034748cf71bcedec3befbc,,
1.0,G02-260204-132615-681,G02-260204-132615-681.bmp,G02,2026-02-04T13:26:15,2026-02-04,G02_2026-02-04,681,test,normal,,1025,1281,1,b8fba652460ab75ecec89c0cdf106977f2a01b82809935adb220c563adaa1eba,,
1.0,G02-260204-132635-682,G02-260204-132635-682.bmp,G02,2026-02-04T13:26:35,2026-02-04,G02_2026-02-04,682,test,normal,,1025,1281,1,c1cc304c2af83a45e1228497218a6a68a20302bdb88f750684b5e6c1ef180ec9,,
1.0,G02-260204-132643-683,G02-260204-132643-683.bmp,G02,2026-02-04T13:26:43,2026-02-04,G02_2026-02-04,683,test,normal,,1025,1281,1,47cabfddb907a3f4e67c1fd1bec2f4c79719dab7faa8185b47ab306850df18b1,,
1.0,G02-260204-132707-684,G02-260204-132707-684.bmp,G02,2026-02-04T13:27:07,2026-02-04,G02_2026-02-04,684,test,normal,,1025,1281,1,cedf9ef3e802ce02a65635917bd6e0bec200d64dd4558ff87c1bf986508dd8b7,,
1.0,G02-260204-132714-685,G02-260204-132714-685.bmp,G02,2026-02-04T13:27:14,2026-02-04,G02_2026-02-04,685,test,normal,,1025,1281,1,cc7fbb50daeb0b2f3d7a9ee662e52fda881af8a37c3bd287fa7faff8ca372ca5,,
1.0,G02-260204-132736-686,G02-260204-132736-686.bmp,G02,2026-02-04T13:27:36,2026-02-04,G02_2026-02-04,686,test,normal,,1025,1281,1,8a06650273f56642a2d320742264e7ad563fb1675d75489746679d6ea3c7ecf7,,
1.0,G02-260204-132744-687,G02-260204-132744-687.bmp,G02,2026-02-04T13:27:44,2026-02-04,G02_2026-02-04,687,test,normal,,1025,1281,1,59cc203b9b1bc68b0f770f4188bbcbd461c9418bfba4e437d2bd9e4e3f7ef3ca,,
1.0,G02-260204-132808-688,G02-260204-132808-688.bmp,G02,2026-02-04T13:28:08,2026-02-04,G02_2026-02-04,688,test,normal,,1025,1281,1,9bdff4e61ef33d787b480a4d256f4c0f1bd46bf73c4aecfbab3190fea1589813,,
1.0,G02-260204-132814-689,G02-260204-132814-689.bmp,G02,2026-02-04T13:28:14,2026-02-04,G02_2026-02-04,689,test,normal,,1025,1281,1,9788ee2b288965a1d7d0184cc88aee60cf092ab575fa2d3126e349d4e7977933,,
1.0,G02-260204-132837-690,G02-260204-132837-690.bmp,G02,2026-02-04T13:28:37,2026-02-04,G02_2026-02-04,690,test,normal,,1025,1281,1,132a6f015a7f2e3133f20856123a1e90ff04da5c638504bc1e718b6c248cd9f0,,
1.0,G02-260204-132845-691,G02-260204-132845-691.bmp,G02,2026-02-04T13:28:45,2026-02-04,G02_2026-02-04,691,test,normal,,1025,1281,1,a6e6cbd899afec8370574cf034d1c66670126ed9c1dc6ef7bda9c55a9fa0a795,,
1.0,G02-260204-132906-692,G02-260204-132906-692.bmp,G02,2026-02-04T13:29:06,2026-02-04,G02_2026-02-04,692,test,normal,,1025,1281,1,77cf63925833afa3e2cb01b89c2b721070740e8cb4b7389cdb6c9cc8ffb0b743,,
1.0,G02-260204-132913-693,G02-260204-132913-693.bmp,G02,2026-02-04T13:29:13,2026-02-04,G02_2026-02-04,693,test,normal,,1025,1281,1,ba2c902dc3e1b8e6b93688b704fb5ebc62a8864364d77c22ec93e077d262cbb7,,
1.0,G02-260204-132938-694,G02-260204-132938-694.bmp,G02,2026-02-04T13:29:38,2026-02-04,G02_2026-02-04,694,test,normal,,1025,1281,1,bddbd57a812dea532fa20df2fb37f6f05ee46a5b270f1b8440b244f4f87d35ff,,
1.0,G02-260204-132944-695,G02-260204-132944-695.bmp,G02,2026-02-04T13:29:44,2026-02-04,G02_2026-02-04,695,test,normal,,1025,1281,1,57d775acaabf2fc234ca09e972aa5b4ec966d08985fab676bdcbbc017a826c43,,
1.0,G02-260204-133006-696,G02-260204-133006-696.bmp,G02,2026-02-04T13:30:06,2026-02-04,G02_2026-02-04,696,test,normal,,1025,1281,1,fd721191e3e6e7a6c73672d7854c0523930e8a41bdddd8655a25c0bb95a1462f,,
1.0,G02-260204-133012-697,G02-260204-133012-697.bmp,G02,2026-02-04T13:30:12,2026-02-04,G02_2026-02-04,697,test,normal,,1025,1281,1,9b3dc65cbf2b8a9a8ed588791d91968da65385ea15619935bc726fc77fea30c8,,
1.0,G02-260204-133037-698,G02-260204-133037-698.bmp,G02,2026-02-04T13:30:37,2026-02-04,G02_2026-02-04,698,test,normal,,1025,1281,1,8357fec6b14bb31f80ccbea2b5d3555df6560a4771ecab1e68b346ffb04b07cf,,
1.0,G02-260204-133043-699,G02-260204-133043-699.bmp,G02,2026-02-04T13:30:43,2026-02-04,G02_2026-02-04,699,test,normal,,1025,1281,1,d0047e605c98ce88fa3b71c713bb001f9c41465c795709266dae9210a40e01c6,,
1.0,G02-260204-133109-700,G02-260204-133109-700.bmp,G02,2026-02-04T13:31:09,2026-02-04,G02_2026-02-04,700,test,normal,,1025,1281,1,9c7828ce5fd5d9bb35567b015d4f29344112f9a3c2d852661dbc6378989030c9,,
1.0,G02-260204-133116-701,G02-260204-133116-701.bmp,G02,2026-02-04T13:31:16,2026-02-04,G02_2026-02-04,701,test,normal,,1025,1281,1,a12cddd5409bbc608e3284e38c4b0990882a11d102ac58673049875dd948120a,,
1.0,G02-260204-133138-702,G02-260204-133138-702.bmp,G02,2026-02-04T13:31:38,2026-02-04,G02_2026-02-04,702,test,normal,,1025,1281,1,a7351d09ba53524b24dd979b85321806717e67b88311b7659ca85c73f94655e1,,
1.0,G02-260204-133144-703,G02-260204-133144-703.bmp,G02,2026-02-04T13:31:44,2026-02-04,G02_2026-02-04,703,test,normal,,1025,1281,1,0821baa3337d75900a71245ab92d11acafd8e79146e931dd0f8ae02e0e74d79d,,
1.0,G02-260204-133209-704,G02-260204-133209-704.bmp,G02,2026-02-04T13:32:09,2026-02-04,G02_2026-02-04,704,test,normal,,1025,1281,1,7d69e16953397334791e2582e645a4462e2aedd46e80dc26a1b66f604d306d0c,,
1.0,G02-260204-133216-705,G02-260204-133216-705.bmp,G02,2026-02-04T13:32:16,2026-02-04,G02_2026-02-04,705,test,normal,,1025,1281,1,d88e388608657acc5897637d587a18fd5e9c8d7478bb07f9d1b2565f5932a0dc,,
1.0,G02-260204-133238-706,G02-260204-133238-706.bmp,G02,2026-02-04T13:32:38,2026-02-04,G02_2026-02-04,706,test,normal,,1025,1281,1,cbd2256a4c1a75a9a925445789b072a20c54f83e52a41772aafed52f989f81eb,,
1.0,G02-260204-133244-707,G02-260204-133244-707.bmp,G02,2026-02-04T13:32:44,2026-02-04,G02_2026-02-04,707,test,normal,,1025,1281,1,bf99e777af2ab249f43c5fc9b8225327810f2c46b1650d839b925aba46d46c3d,,
1.0,G02-260204-133309-708,G02-260204-133309-708.bmp,G02,2026-02-04T13:33:09,2026-02-04,G02_2026-02-04,708,test,normal,,1025,1281,1,7c2b508cb211baf448c0e9d16aa9e685bef1a862f877f35a774b5a596191e938,,
1.0,G02-260204-133316-709,G02-260204-133316-709.bmp,G02,2026-02-04T13:33:16,2026-02-04,G02_2026-02-04,709,test,normal,,1025,1281,1,a8e085d5403ef4218dc00b88b15845014eed65b5969f395e1c6d263036e34c13,,
1.0,G02-260204-133338-710,G02-260204-133338-710.bmp,G02,2026-02-04T13:33:38,2026-02-04,G02_2026-02-04,710,test,normal,,1025,1281,1,0712ea5895f3629cfd736c86fe5f3b57c7b8da7ba8c7ebe4045d4db15e0c5d8d,,
1.0,G02-260204-133345-711,G02-260204-133345-711.bmp,G02,2026-02-04T13:33:45,2026-02-04,G02_2026-02-04,711,test,normal,,1025,1281,1,ea9aa827398f0330be9b5173139e83d472ea6bbac61994609df808326359009b,,
1.0,G02-260204-133408-712,G02-260204-133408-712.bmp,G02,2026-02-04T13:34:08,2026-02-04,G02_2026-02-04,712,test,normal,,1025,1281,1,4e2b9a0ea07b7df75c2c5727ff056e040278e087e8586ec77057d213175634d6,,
1.0,G02-260204-133440-713,G02-260204-133440-713.bmp,G02,2026-02-04T13:34:40,2026-02-04,G02_2026-02-04,713,test,normal,,1025,1281,1,3fa6b1a77706ec55d679e7286ad23ab8c9f1474550c056d0bf8788b4fb3355e1,,
1.0,G02-260204-133446-714,G02-260204-133446-714.bmp,G02,2026-02-04T13:34:46,2026-02-04,G02_2026-02-04,714,test,normal,,1025,1281,1,8ec8b5582188ce8ecb4346fcdffc595d2d027f7db0038990fb827a10e56c216c,,
1.0,G02-260204-133508-715,G02-260204-133508-715.bmp,G02,2026-02-04T13:35:08,2026-02-04,G02_2026-02-04,715,test,normal,,1025,1281,1,9de02b1b568b1fcdd9f7a822288d8e2f14b19ce4b62010167e26b4290ff7b9ba,,
1.0,G02-260204-133515-716,G02-260204-133515-716.bmp,G02,2026-02-04T13:35:15,2026-02-04,G02_2026-02-04,716,test,normal,,1025,1281,1,8a9781c72e8a67d49e0726221707f6a2c693bd0bbebb80a884509442ae54817b,,
1.0,G02-260204-133538-717,G02-260204-133538-717.bmp,G02,2026-02-04T13:35:38,2026-02-04,G02_2026-02-04,717,test,normal,,1025,1281,1,651169b3a30590eefaf2459a2de3a00b28b19872734c616e805a9ac173d3f717,,
1.0,G02-260204-133546-718,G02-260204-133546-718.bmp,G02,2026-02-04T13:35:46,2026-02-04,G02_2026-02-04,718,test,normal,,1025,1281,1,2d41fe2475931a5d427dc33179586c8147935e4a10127e559f73b6f04fbf3201,,
1.0,G02-260204-133609-719,G02-260204-133609-719.bmp,G02,2026-02-04T13:36:09,2026-02-04,G02_2026-02-04,719,test,normal,,1025,1281,1,8ddc9f9c2ac203b04dc391ca3a96c31bc13defe45ba2f53be3c36bb60e6eb901,,
1.0,G02-260204-133616-720,G02-260204-133616-720.bmp,G02,2026-02-04T13:36:16,2026-02-04,G02_2026-02-04,720,test,normal,,1025,1281,1,c9e7ff8b260d8b96b06b65987d35fd76e5180c4a460e3c8f1c4bc8dea1fe63e7,,
1.0,G02-260204-133639-721,G02-260204-133639-721.bmp,G02,2026-02-04T13:36:39,2026-02-04,G02_2026-02-04,721,test,normal,,1025,1281,1,68b61dd38da866fbd4c5be1ced171ba78c9565b993515487459d6193c77a549c,,
1.0,G02-260204-133647-722,G02-260204-133647-722.bmp,G02,2026-02-04T13:36:47,2026-02-04,G02_2026-02-04,722,test,normal,,1025,1281,1,e87d89407b82d22adaa380cf6311b33c07a3cd45aeb99dc4a0828d0cd4a53c1a,,
1.0,G02-260204-133709-723,G02-260204-133709-723.bmp,G02,2026-02-04T13:37:09,2026-02-04,G02_2026-02-04,723,test,normal,,1025,1281,1,6fe537694431bc111b39f4f953b8c886db6f386762f7d53f46912de9d016c34e,,
1.0,G02-260204-133715-724,G02-260204-133715-724.bmp,G02,2026-02-04T13:37:15,2026-02-04,G02_2026-02-04,724,test,normal,,1025,1281,1,46cefb94076c66c8220382aac3e6c882eb124d27c23db5cdd99eb26eb8212127,,
1.0,G02-260204-133738-725,G02-260204-133738-725.bmp,G02,2026-02-04T13:37:38,2026-02-04,G02_2026-02-04,725,test,normal,,1025,1281,1,3c6373f9124523d1ecd696294197d8aadded805d1ffa3901069b02f0efaf7648,,
1.0,G02-260204-133745-726,G02-260204-133745-726.bmp,G02,2026-02-04T13:37:45,2026-02-04,G02_2026-02-04,726,test,normal,,1025,1281,1,d2ee12c73ed9440f6e8fa6838e0aae799f261775adeaca021a65afabf6dddcbb,,
1.0,G02-260204-133811-727,G02-260204-133811-727.bmp,G02,2026-02-04T13:38:11,2026-02-04,G02_2026-02-04,727,test,normal,,1025,1281,1,fc71700162aa07db94d4fe27aea1872a259ce25c5f84971e2f88403472ce816e,,
1.0,G02-260204-133818-728,G02-260204-133818-728.bmp,G02,2026-02-04T13:38:18,2026-02-04,G02_2026-02-04,728,test,normal,,1025,1281,1,d5127f1b08074389887b65f21d4d6a8c8542ad838b129aac48a7c03913960268,,
1.0,G02-260204-133839-729,G02-260204-133839-729.bmp,G02,2026-02-04T13:38:39,2026-02-04,G02_2026-02-04,729,test,normal,,1025,1281,1,e6ba3dc4b2851af4c3f00d84af59af43850493ddabdc1028813d981653f94d37,,
1.0,G02-260204-133846-730,G02-260204-133846-730.bmp,G02,2026-02-04T13:38:46,2026-02-04,G02_2026-02-04,730,test,normal,,1025,1281,1,a903faf267b4a5d91ce6ab7928ec569b404d0d00816ab8642eb59bffc386e636,,
1.0,G02-260204-133909-731,G02-260204-133909-731.bmp,G02,2026-02-04T13:39:09,2026-02-04,G02_2026-02-04,731,test,normal,,1025,1281,1,56ccf412d54b06f0dd1f266b37e2ce322d3aa8826f20574c03937a46ecc55e8c,,
1.0,G02-260204-133915-732,G02-260204-133915-732.bmp,G02,2026-02-04T13:39:15,2026-02-04,G02_2026-02-04,732,test,normal,,1025,1281,1,b0eb523b08ebd3e479b51efc74cc468725335404befcfcccba9937f4f77293ad,,
1.0,G02-260204-133940-733,G02-260204-133940-733.bmp,G02,2026-02-04T13:39:40,2026-02-04,G02_2026-02-04,733,test,normal,,1025,1281,1,d19793f105de9ffd2779a267a05f771f9974932115a7e9139ea915dfe141e47e,,
1.0,G02-260204-133948-734,G02-260204-133948-734.bmp,G02,2026-02-04T13:39:48,2026-02-04,G02_2026-02-04,734,test,normal,,1025,1281,1,cd181d16c2e60860323413af62ad86fd8e219bfb464b8ef3461f9f31dbfe95ec,,
1.0,G02-260204-134009-735,G02-260204-134009-735.bmp,G02,2026-02-04T13:40:09,2026-02-04,G02_2026-02-04,735,test,normal,,1025,1281,1,7c2d46076532970c7a727065778de34a284d421876d910fc94d3fa96ceccccde,,
1.0,G02-260204-134017-736,G02-260204-134017-736.bmp,G02,2026-02-04T13:40:17,2026-02-04,G02_2026-02-04,736,test,normal,,1025,1281,1,455ed84f27ba8a2170ec9fa2f1e0ba5b935a8f33dc69afb7f0a98dfb81fd7d50,,
1.0,G02-260204-134039-737,G02-260204-134039-737.bmp,G02,2026-02-04T13:40:39,2026-02-04,G02_2026-02-04,737,test,normal,,1025,1281,1,539a68030d499641416d60f64c831e9683ed4c968c75e8a063039f55a65e60fa,,
1.0,G02-260204-134046-738,G02-260204-134046-738.bmp,G02,2026-02-04T13:40:46,2026-02-04,G02_2026-02-04,738,test,normal,,1025,1281,1,b07c33ab69b03061bbad2a15d32adbce7c4459841bb457619eaaf0e3fe2dc34e,,
1.0,G02-260204-134111-739,G02-260204-134111-739.bmp,G02,2026-02-04T13:41:11,2026-02-04,G02_2026-02-04,739,test,normal,,1025,1281,1,17feedec91ee501001e195c38a34b29081cb5e224fdaded327e47c60ea29129a,,
1.0,G02-260204-134118-740,G02-260204-134118-740.bmp,G02,2026-02-04T13:41:18,2026-02-04,G02_2026-02-04,740,test,normal,,1025,1281,1,64ef138191fe9aba6ae1ac677c98f9e6f4d88b4ee30f096c466a4760205366a8,,
1.0,G02-260204-134140-741,G02-260204-134140-741.bmp,G02,2026-02-04T13:41:40,2026-02-04,G02_2026-02-04,741,test,normal,,1025,1281,1,97f842b00726165212f7851b79fa43098794caca51ec6ca63371611bc368fb49,,
1.0,G02-260204-134148-742,G02-260204-134148-742.bmp,G02,2026-02-04T13:41:48,2026-02-04,G02_2026-02-04,742,test,normal,,1025,1281,1,e37d5c5039ff3d7ff837077ffb1efe7bf9024ed38d879105bdb68e7811427276,,
1.0,G02-260204-134210-743,G02-260204-134210-743.bmp,G02,2026-02-04T13:42:10,2026-02-04,G02_2026-02-04,743,test,normal,,1025,1281,1,809bf79b1966c34e75ebcbd93f06e9feddc97f383195d0d240355eb6c9ec89e1,,
1.0,G02-260204-134217-744,G02-260204-134217-744.bmp,G02,2026-02-04T13:42:17,2026-02-04,G02_2026-02-04,744,test,normal,,1025,1281,1,dd97621e3fc8e78b4a2883fd152e05b0e74632a76776ebb51845ed854985fa54,,
1.0,G02-260204-134241-745,G02-260204-134241-745.bmp,G02,2026-02-04T13:42:41,2026-02-04,G02_2026-02-04,745,test,normal,,1025,1281,1,9e4d50a895a2e17cdc712321adfb5039c4a71e6671ed1489123754e4cfe3fa6c,,
1.0,G02-260204-134248-746,G02-260204-134248-746.bmp,G02,2026-02-04T13:42:48,2026-02-04,G02_2026-02-04,746,test,normal,,1025,1281,1,4082266c712375b7aaad1f8ee65b5d7f58478cba837dccb8875e881e5da96375,,
1.0,G02-260204-134311-747,G02-260204-134311-747.bmp,G02,2026-02-04T13:43:11,2026-02-04,G02_2026-02-04,747,test,normal,,1025,1281,1,10f5a02081f390d5633145cbdb3315cb379b0b0966cc3d97eb6de8856127db50,,
1.0,G02-260204-134319-748,G02-260204-134319-748.bmp,G02,2026-02-04T13:43:19,2026-02-04,G02_2026-02-04,748,test,normal,,1025,1281,1,c1cf36acf83bff0c7b16962cca5aab6af3bc06a71ce9094c8273cb2c3b4794eb,,
1.0,G02-260204-134340-749,G02-260204-134340-749.bmp,G02,2026-02-04T13:43:40,2026-02-04,G02_2026-02-04,749,test,normal,,1025,1281,1,5ce3644958042178ec78bb3c155237416056fb2d40801766d89a43d88e4bfd5e,,
1.0,G02-260204-134347-750,G02-260204-134347-750.bmp,G02,2026-02-04T13:43:47,2026-02-04,G02_2026-02-04,750,test,normal,,1025,1281,1,157657a7d85e8f7fc7c62852ed19ea06ebc84482d068e2117937f2510c8c7c3b,,
1.0,G02-260204-134412-751,G02-260204-134412-751.bmp,G02,2026-02-04T13:44:12,2026-02-04,G02_2026-02-04,751,test,normal,,1025,1281,1,34eaf0a2a421cc8c830cfd56f5015e4079faadd8f5a04637bbc746d2c2a06b2e,,
1.0,G02-260204-134420-752,G02-260204-134420-752.bmp,G02,2026-02-04T13:44:20,2026-02-04,G02_2026-02-04,752,test,normal,,1025,1281,1,28b3f3612ecc2240b708b20df2627b463ad64f9e1ba490df237576744a383510,,
1.0,G02-260204-134444-753,G02-260204-134444-753.bmp,G02,2026-02-04T13:44:44,2026-02-04,G02_2026-02-04,753,test,normal,,1025,1281,1,3db87902bd73ebaeee4c947f4e744433e4f54e8fb88a0c81a0aafe339f093e6c,,
1.0,G02-260204-134451-754,G02-260204-134451-754.bmp,G02,2026-02-04T13:44:51,2026-02-04,G02_2026-02-04,754,test,normal,,1025,1281,1,54fea4ebf789311a47bd4bce14efd6c90b9a0d18610b3083c3f9ca09f3929f08,,
1.0,G02-260204-134511-755,G02-260204-134511-755.bmp,G02,2026-02-04T13:45:11,2026-02-04,G02_2026-02-04,755,test,normal,,1025,1281,1,f3f6f343b6fac3656ea505afa7b4d95f0d4996e0c2a424d6a1255c245957660c,,
1.0,G02-260204-134518-756,G02-260204-134518-756.bmp,G02,2026-02-04T13:45:18,2026-02-04,G02_2026-02-04,756,test,normal,,1025,1281,1,109fa35f24a8fafb3a95752802c25c04655dfd5606536b7a9007a26c02a5eea2,,
1.0,G02-260204-134543-757,G02-260204-134543-757.bmp,G02,2026-02-04T13:45:43,2026-02-04,G02_2026-02-04,757,test,normal,,1025,1281,1,c1f55d17da72405c38e64cb11bf641fada52d373117d6b6fc47348cef530c5fa,,
1.0,G02-260204-134550-758,G02-260204-134550-758.bmp,G02,2026-02-04T13:45:50,2026-02-04,G02_2026-02-04,758,test,normal,,1025,1281,1,f86c29e215cfa62d25d3a6f76f5e3c9a5058f3fcc53b3856a5cedddb5da3c767,,
1.0,G02-260204-134612-759,G02-260204-134612-759.bmp,G02,2026-02-04T13:46:12,2026-02-04,G02_2026-02-04,759,test,normal,,1025,1281,1,edec567f9b313c6342d43e1bfe442ac84ed5078c6abf356074ab799e4a646d8f,,
1.0,G02-260204-134618-760,G02-260204-134618-760.bmp,G02,2026-02-04T13:46:18,2026-02-04,G02_2026-02-04,760,test,normal,,1025,1281,1,1618c09d3a6700797c3ef96e1487cae3fca0561a9c03fecc4b5fe1ef03259cd8,,
1.0,G02-260204-134641-761,G02-260204-134641-761.bmp,G02,2026-02-04T13:46:41,2026-02-04,G02_2026-02-04,761,test,normal,,1025,1281,1,d72f69da2fe1d9b1f0d1893d3171d0e85f05bab87cc7559a2d8edb2a5e153a57,,
1.0,G02-260204-134648-762,G02-260204-134648-762.bmp,G02,2026-02-04T13:46:48,2026-02-04,G02_2026-02-04,762,test,normal,,1025,1281,1,faec86b2f0b4290733bcbeb39d8e36026404f87887921826ec9275f7dc9c4a27,,
1.0,G02-260204-134711-763,G02-260204-134711-763.bmp,G02,2026-02-04T13:47:11,2026-02-04,G02_2026-02-04,763,test,normal,,1025,1281,1,30a5806fd07c3a9e5df6101cb07b47566f4c9325f000946525cd698ccba93d71,,
1.0,G02-260204-134718-764,G02-260204-134718-764.bmp,G02,2026-02-04T13:47:18,2026-02-04,G02_2026-02-04,764,test,normal,,1025,1281,1,1476d40671872a8a863c91a7c823cf7682067f0ce1586355839032e8df69c935,,
1.0,G02-260204-134742-765,G02-260204-134742-765.bmp,G02,2026-02-04T13:47:42,2026-02-04,G02_2026-02-04,765,test,normal,,1025,1281,1,efb688ed8459ebd5f48f8f83238c0621d3377abd0a25a69167e76a3b32d977a2,,
1.0,G02-260204-134812-766,G02-260204-134812-766.bmp,G02,2026-02-04T13:48:12,2026-02-04,G02_2026-02-04,766,test,normal,,1025,1281,1,55c1f5d5d3475d650fc2f42f5efd019f87b1d8bec7b2329840bbff01c1f23747,,
1.0,G02-260204-134819-767,G02-260204-134819-767.bmp,G02,2026-02-04T13:48:19,2026-02-04,G02_2026-02-04,767,test,normal,,1025,1281,1,2f7af900eec2fd0b3103cdb833307c79b2fe104f8d6af8a648b69b14234df43f,,
1.0,G02-260204-134841-768,G02-260204-134841-768.bmp,G02,2026-02-04T13:48:41,2026-02-04,G02_2026-02-04,768,test,normal,,1025,1281,1,4f9c0570737da7fa05ab5a1b554eefa701b4ca5daa7095e530132fe9cbaf7aa0,,
1.0,G02-260204-134848-769,G02-260204-134848-769.bmp,G02,2026-02-04T13:48:48,2026-02-04,G02_2026-02-04,769,test,normal,,1025,1281,1,1c6613e758e1d17003d6e6e8744245540f67edc274f1e69705401d6439d6f732,,
1.0,G02-260204-134912-770,G02-260204-134912-770.bmp,G02,2026-02-04T13:49:12,2026-02-04,G02_2026-02-04,770,test,normal,,1025,1281,1,3c6666f90fe0db0796979e21146e0c4b20df7c314de8d10eab6f2f49a94f453c,,
1.0,G02-260204-134919-771,G02-260204-134919-771.bmp,G02,2026-02-04T13:49:19,2026-02-04,G02_2026-02-04,771,test,normal,,1025,1281,1,bd9849f34da7a916f4dbed7888b637d12ed7bdde9880293ec77464d231125e07,,
1.0,G02-260204-134943-772,G02-260204-134943-772.bmp,G02,2026-02-04T13:49:43,2026-02-04,G02_2026-02-04,772,test,normal,,1025,1281,1,1a1e61bc724c6dc2a983d55e903a9c8f51dd21fedd0f6203c76ed95846fbaa0c,,
1.0,G02-260204-134950-773,G02-260204-134950-773.bmp,G02,2026-02-04T13:49:50,2026-02-04,G02_2026-02-04,773,test,normal,,1025,1281,1,480358f4061b6777e84f99b292b59957743b1b70d3fa0c9289c524b75af2c1aa,,
1.0,G02-260204-135013-774,G02-260204-135013-774.bmp,G02,2026-02-04T13:50:13,2026-02-04,G02_2026-02-04,774,test,normal,,1025,1281,1,8e0639b587338346f259d8c705f07fd22b8cef206bcaa1c28b95e2e64035820a,,
1.0,G02-260204-135020-775,G02-260204-135020-775.bmp,G02,2026-02-04T13:50:20,2026-02-04,G02_2026-02-04,775,test,normal,,1025,1281,1,bc2e1ad7a839ba96a0140a18d2352063592438e37b454ee4f062d9025a5606c4,,
1.0,G02-260204-135043-776,G02-260204-135043-776.bmp,G02,2026-02-04T13:50:43,2026-02-04,G02_2026-02-04,776,test,normal,,1025,1281,1,062e260943b0cca6f1bd71d83dcb2dc86bc04cb6162409c67ac7e421ca468c06,,
1.0,G02-260204-135050-777,G02-260204-135050-777.bmp,G02,2026-02-04T13:50:50,2026-02-04,G02_2026-02-04,777,test,normal,,1025,1281,1,6491bb31158df3c093a59b296d35a336e4fb39810734d5dd96234f238e438a8b,,
1.0,G02-260204-135113-778,G02-260204-135113-778.bmp,G02,2026-02-04T13:51:13,2026-02-04,G02_2026-02-04,778,test,normal,,1025,1281,1,0a743735a62d367680f215400cab0f02c984a546d5ef19a10bf3d273b38fde8f,,
1.0,G02-260204-135121-779,G02-260204-135121-779.bmp,G02,2026-02-04T13:51:21,2026-02-04,G02_2026-02-04,779,test,normal,,1025,1281,1,c36f52ac3656812bedee399950e344ec597db7575b239e10de2f8b5bc8c96bd9,,
1.0,G02-260204-135143-780,G02-260204-135143-780.bmp,G02,2026-02-04T13:51:43,2026-02-04,G02_2026-02-04,780,test,normal,,1025,1281,1,a579fcf634061c2c0b15e4129bb0ce70b8eaed6ba54c92a76f997dcd2bcdad0c,,
1.0,G02-260204-135150-781,G02-260204-135150-781.bmp,G02,2026-02-04T13:51:50,2026-02-04,G02_2026-02-04,781,test,normal,,1025,1281,1,1006a8744e192af7a605503f827a02e3a4eb5ad21975a0f466f56f94841aeeeb,,
1.0,G02-260204-135212-782,G02-260204-135212-782.bmp,G02,2026-02-04T13:52:12,2026-02-04,G02_2026-02-04,782,test,normal,,1025,1281,1,7ab1c7d351b09b23c399c407fdbb62df3ba821d45b842f365ab512c9ae4c7dcd,,
1.0,G02-260204-135220-783,G02-260204-135220-783.bmp,G02,2026-02-04T13:52:20,2026-02-04,G02_2026-02-04,783,test,normal,,1025,1281,1,829db0b7760a383e00915a193973ac6efc293642f7a84d02c9f64db6129ca981,,
1.0,G02-260204-135243-784,G02-260204-135243-784.bmp,G02,2026-02-04T13:52:43,2026-02-04,G02_2026-02-04,784,test,normal,,1025,1281,1,d087a19fbf7c1ed714a56de789ebb14119bae6f5d1b2f16aefc7759164372ad4,,
1.0,G02-260204-135253-785,G02-260204-135253-785.bmp,G02,2026-02-04T13:52:53,2026-02-04,G02_2026-02-04,785,test,normal,,1025,1281,1,73613714e66104132922f0c7b5da263a6e939e5ccc2a853250dd5a6f59dcd500,,
1.0,G02-260204-135313-786,G02-260204-135313-786.bmp,G02,2026-02-04T13:53:13,2026-02-04,G02_2026-02-04,786,test,normal,,1025,1281,1,735151f27cbe60d19c586f05ed31303c780ed537f239a9a81d95c1af8f806252,,
1.0,G02-260204-135321-787,G02-260204-135321-787.bmp,G02,2026-02-04T13:53:21,2026-02-04,G02_2026-02-04,787,test,normal,,1025,1281,1,a9cb338279e94bb58a773a2b3c9093946a0f7befe0cb2b4a80d5203cada4cd2e,,
1.0,G02-260204-135345-788,G02-260204-135345-788.bmp,G02,2026-02-04T13:53:45,2026-02-04,G02_2026-02-04,788,test,normal,,1025,1281,1,8cd07c914179ce92f5ea59da5420d4b6ae1abb63d2b12a55d2b21df94032385b,,
1.0,G02-260204-135351-789,G02-260204-135351-789.bmp,G02,2026-02-04T13:53:51,2026-02-04,G02_2026-02-04,789,test,normal,,1025,1281,1,5ce5e0857a5309c3b11879b9dceed22c69abb0af4920309ea80f8d75a41bca75,,
1.0,G02-260204-135414-790,G02-260204-135414-790.bmp,G02,2026-02-04T13:54:14,2026-02-04,G02_2026-02-04,790,test,normal,,1025,1281,1,b9c3522fd24416887eb73afb4456d44cf4d9a6a9be58b773b5dd92d8a025365a,,
1.0,G02-260204-135421-791,G02-260204-135421-791.bmp,G02,2026-02-04T13:54:21,2026-02-04,G02_2026-02-04,791,test,normal,,1025,1281,1,f8b349d0f97431d11d29b1de08f3bf6b46b1ee683926b0105647f4d01b83b0f9,,
1.0,G02-260204-135451-792,G02-260204-135451-792.bmp,G02,2026-02-04T13:54:51,2026-02-04,G02_2026-02-04,792,test,normal,,1025,1281,1,474a8e4fcfe0074c60da552c2453a6a96bda4427c89793e5ec4a41afdc94213a,,
1.0,G02-260204-135515-793,G02-260204-135515-793.bmp,G02,2026-02-04T13:55:15,2026-02-04,G02_2026-02-04,793,test,normal,,1025,1281,1,1b1dfa477a63749ee782816f01f427e973f138d444bc154ef7757ab0a2c6a398,,
1.0,G02-260204-135522-794,G02-260204-135522-794.bmp,G02,2026-02-04T13:55:22,2026-02-04,G02_2026-02-04,794,test,normal,,1025,1281,1,69414d4e4e5d0684da2205ae50f42d653ff452c79c435372c3fa010ff19c2bb3,,
1.0,G02-260204-135544-795,G02-260204-135544-795.bmp,G02,2026-02-04T13:55:44,2026-02-04,G02_2026-02-04,795,test,normal,,1025,1281,1,265b9fd4801a444a92d57584b74b71312283bdde96275243c8bcdb8ac334179e,,
1.0,G02-260204-135550-796,G02-260204-135550-796.bmp,G02,2026-02-04T13:55:50,2026-02-04,G02_2026-02-04,796,test,normal,,1025,1281,1,f7e853a811875b1e4a817641fe768c7cd8f57a078cef582fea28b2d6bdf3e2c5,,
1.0,G02-260204-135614-797,G02-260204-135614-797.bmp,G02,2026-02-04T13:56:14,2026-02-04,G02_2026-02-04,797,test,normal,,1025,1281,1,f2d786123ed6bc3b0a017468bb71aec1356fef4c83a77e480a7094e90a268081,,
1.0,G02-260204-135620-798,G02-260204-135620-798.bmp,G02,2026-02-04T13:56:20,2026-02-04,G02_2026-02-04,798,test,normal,,1025,1281,1,7aab459922431b858d02e78ef3515f142d50d8f660f28ff8fedb09319a6d44cb,,
1.0,G02-260204-135644-799,G02-260204-135644-799.bmp,G02,2026-02-04T13:56:44,2026-02-04,G02_2026-02-04,799,test,normal,,1025,1281,1,135efcaa5eeb8a88db769133de55bd42f76bc768a6e1aa365b57ec4cf65ccc7f,,
1.0,G02-260204-135651-800,G02-260204-135651-800.bmp,G02,2026-02-04T13:56:51,2026-02-04,G02_2026-02-04,800,test,normal,,1025,1281,1,939d4d414a5b7bdc7869cf3d034854b8be5475e8577ea1a2c244391f517c4c2c,,
1.0,G02-260204-135714-801,G02-260204-135714-801.bmp,G02,2026-02-04T13:57:14,2026-02-04,G02_2026-02-04,801,test,normal,,1025,1281,1,31717e52a46e872fd587804f42af27cfe7831213380cb5d8da4ef930a0d90b47,,
1.0,G02-260204-135721-802,G02-260204-135721-802.bmp,G02,2026-02-04T13:57:21,2026-02-04,G02_2026-02-04,802,test,normal,,1025,1281,1,a42337455e8e42bb4c8ba43e9cd88972c7f9ae713eec0237128d87f233bd4282,,
1.0,G02-260204-135744-803,G02-260204-135744-803.bmp,G02,2026-02-04T13:57:44,2026-02-04,G02_2026-02-04,803,test,normal,,1025,1281,1,edf22c740b6f9744a65ee2fb39ccd8f1f4476698195a44227b69eb256317f55a,,
1.0,G02-260204-135752-804,G02-260204-135752-804.bmp,G02,2026-02-04T13:57:52,2026-02-04,G02_2026-02-04,804,test,normal,,1025,1281,1,044bec0cb0e61a0c583e0b74a11da30f847344c250ff69f96e4376cb0b2d17b8,,
1.0,G02-260204-135815-805,G02-260204-135815-805.bmp,G02,2026-02-04T13:58:15,2026-02-04,G02_2026-02-04,805,test,normal,,1025,1281,1,d08df2efafcac01910d696f72aa964a1b1ba0dc21314bd189302ccfd053b1f25,,
1.0,G02-260204-135822-806,G02-260204-135822-806.bmp,G02,2026-02-04T13:58:22,2026-02-04,G02_2026-02-04,806,test,normal,,1025,1281,1,98a59637cd3798081f56367d0761e70cd39c271fbd5b99fa058edc3f66280688,,
1.0,G02-260204-135845-807,G02-260204-135845-807.bmp,G02,2026-02-04T13:58:45,2026-02-04,G02_2026-02-04,807,test,normal,,1025,1281,1,9aaa55d1f82e5fb4d793dfab40060de9877597a86d5744768332628db95eedeb,,
1.0,G02-260204-135853-808,G02-260204-135853-808.bmp,G02,2026-02-04T13:58:53,2026-02-04,G02_2026-02-04,808,test,normal,,1025,1281,1,db2bf83bf87e342a26138d8fe6ca0655b412a4d7920c28f42c8a5449bccdf8ba,,
1.0,G02-260204-135916-809,G02-260204-135916-809.bmp,G02,2026-02-04T13:59:16,2026-02-04,G02_2026-02-04,809,test,normal,,1025,1281,1,a86a209b12146a2c0bf43448e476df15e29a9a05ec801b4e0fab560776970f2d,,
1.0,G02-260204-135923-810,G02-260204-135923-810.bmp,G02,2026-02-04T13:59:23,2026-02-04,G02_2026-02-04,810,test,normal,,1025,1281,1,4833c63cbba9563fd2a91ddb44e9594258920a0dc4af748adb4f693101d11077,,
1.0,G02-260204-135945-811,G02-260204-135945-811.bmp,G02,2026-02-04T13:59:45,2026-02-04,G02_2026-02-04,811,test,normal,,1025,1281,1,83a18fd6a9770d6ee1fcabb425a6a2168f1a045ffa04c67c17c626bf3251a56b,,
1.0,G02-260204-135952-812,G02-260204-135952-812.bmp,G02,2026-02-04T13:59:52,2026-02-04,G02_2026-02-04,812,test,normal,,1025,1281,1,6499dcca9394155aa8dbea6dd5b7fb438b548b6aa967e6f0a146875e48b59493,,
1.0,G02-260204-140015-813,G02-260204-140015-813.bmp,G02,2026-02-04T14:00:15,2026-02-04,G02_2026-02-04,813,test,normal,,1025,1281,1,3900939b6c18128376e36eafba8bbf4b91b111fe0f4cbfded4b66d87e4514f1a,,
1.0,G02-260204-140022-814,G02-260204-140022-814.bmp,G02,2026-02-04T14:00:22,2026-02-04,G02_2026-02-04,814,test,normal,,1025,1281,1,734fa298d2a814849a5b32c4c578f780d86313d26ad8937cc76eb8d9201e69d2,,
1.0,G02-260204-140045-815,G02-260204-140045-815.bmp,G02,2026-02-04T14:00:45,2026-02-04,G02_2026-02-04,815,test,normal,,1025,1281,1,c98808d9333de234e1056a5bbea6d9e10e819d78e554dd97fe2be956784e684d,,
1.0,G02-260204-140051-816,G02-260204-140051-816.bmp,G02,2026-02-04T14:00:51,2026-02-04,G02_2026-02-04,816,test,normal,,1025,1281,1,0761efde38285f41f55e0ad59d379d63dc5bb5e09778ea22d50c535c96b2e3d3,,
1.0,G02-260204-140117-817,G02-260204-140117-817.bmp,G02,2026-02-04T14:01:17,2026-02-04,G02_2026-02-04,817,test,normal,,1025,1281,1,28356c0ab8e3fe8b8f453d46a89b0a0b8b8a35fec61a2f079c6a9d9cd9899705,,
1.0,G02-260204-140124-818,G02-260204-140124-818.bmp,G02,2026-02-04T14:01:24,2026-02-04,G02_2026-02-04,818,test,normal,,1025,1281,1,490034aa963be93815778258cb0b91adc6f093a02015844c8b9d96ade9128c63,,
1.0,G02-260204-140146-819,G02-260204-140146-819.bmp,G02,2026-02-04T14:01:46,2026-02-04,G02_2026-02-04,819,test,normal,,1025,1281,1,209207b8f93d9946d9ed884879147f5542477f783fc3334a75ddf052f356fcbb,,
1.0,G02-260204-140153-820,G02-260204-140153-820.bmp,G02,2026-02-04T14:01:53,2026-02-04,G02_2026-02-04,820,test,normal,,1025,1281,1,5afc8dc434aab914565411ede7cbe86d3d2a612e6300dcbbb3efdc723c7aa68c,,
1.0,G02-260204-140215-821,G02-260204-140215-821.bmp,G02,2026-02-04T14:02:15,2026-02-04,G02_2026-02-04,821,test,normal,,1025,1281,1,fc901091d42f463a259b75593e1c7632dd28a6960e63d711cefbe8c5ac93cfe6,,
1.0,G02-260204-140221-822,G02-260204-140221-822.bmp,G02,2026-02-04T14:02:21,2026-02-04,G02_2026-02-04,822,test,normal,,1025,1281,1,ff8f9b0c1a07826e4fcebc0cec88031c955d895811318ff1272fe02d6a1a6930,,
1.0,G02-260204-140246-823,G02-260204-140246-823.bmp,G02,2026-02-04T14:02:46,2026-02-04,G02_2026-02-04,823,test,normal,,1025,1281,1,821b6d5b21c3f2de92cdf9938a2791d95e06993b3dcb8ae36890dd3d408c2f62,,
1.0,G02-260204-140253-824,G02-260204-140253-824.bmp,G02,2026-02-04T14:02:53,2026-02-04,G02_2026-02-04,824,test,normal,,1025,1281,1,053a1a6eccc40f066f5a6116ae06e5a83fd3a368ff47e5fc98d22a48aeff2fa1,,
1.0,G02-260204-140317-825,G02-260204-140317-825.bmp,G02,2026-02-04T14:03:17,2026-02-04,G02_2026-02-04,825,test,normal,,1025,1281,1,2c6265036f4fc7b6eb29c50507302567b7a382f4fab8445e73c9c9b3f134fef8,,
1.0,G02-260204-140324-826,G02-260204-140324-826.bmp,G02,2026-02-04T14:03:24,2026-02-04,G02_2026-02-04,826,test,normal,,1025,1281,1,5aab8423dbb6147dd5a108cea60b3d825d0e6f1c86b761e3f1eab3d6df1219ae,,
1.0,G02-260204-140347-827,G02-260204-140347-827.bmp,G02,2026-02-04T14:03:47,2026-02-04,G02_2026-02-04,827,test,normal,,1025,1281,1,6d0a30a391ec225a0db9ce614c77cdffba24a86d0029438c71e02e7961d34022,,
1.0,G02-260204-140354-828,G02-260204-140354-828.bmp,G02,2026-02-04T14:03:54,2026-02-04,G02_2026-02-04,828,test,normal,,1025,1281,1,ca1807a14677db1f91cd4a2f987ab6d1ee69a13c4ce40be86cd8de2599862956,,
1.0,G02-260204-140416-829,G02-260204-140416-829.bmp,G02,2026-02-04T14:04:16,2026-02-04,G02_2026-02-04,829,test,normal,,1025,1281,1,075cd7d9b590d4ab122a03e1f7e47ae01c7a137eef56e53fcc36a50a946786a8,,
1.0,G02-260204-140423-830,G02-260204-140423-830.bmp,G02,2026-02-04T14:04:23,2026-02-04,G02_2026-02-04,830,test,normal,,1025,1281,1,93a3b9f72d926cadf782955fd10deefa1088330bcab529f4749452fd3eb31f8a,,
1.0,G02-260204-140446-831,G02-260204-140446-831.bmp,G02,2026-02-04T14:04:46,2026-02-04,G02_2026-02-04,831,test,normal,,1025,1281,1,024cbb0f6567d68f3a085431bd2766ed9f2baddd7f8db5140d3aeba391c4e396,,
1.0,G02-260204-140453-832,G02-260204-140453-832.bmp,G02,2026-02-04T14:04:53,2026-02-04,G02_2026-02-04,832,test,normal,,1025,1281,1,216428993328f4f508ee3d8148f25c4dcafcaa37f447e01deb8089170d23d678,,
1.0,G02-260204-140516-833,G02-260204-140516-833.bmp,G02,2026-02-04T14:05:16,2026-02-04,G02_2026-02-04,833,test,normal,,1025,1281,1,a337c1553fd8f3797ae317097d457a37c7f1307718adbd2d592777498f897148,,
1.0,G02-260204-140524-834,G02-260204-140524-834.bmp,G02,2026-02-04T14:05:24,2026-02-04,G02_2026-02-04,834,test,normal,,1025,1281,1,0f4b1b40c280aa17865abe546090a63e2c94fbf9b5b51f2478c22ba062a7c54e,,
1.0,G02-260204-140547-835,G02-260204-140547-835.bmp,G02,2026-02-04T14:05:47,2026-02-04,G02_2026-02-04,835,test,normal,,1025,1281,1,e92353a24e0e8db1cbf193f5aeaaf8bd31961ee869f05ee429acf296baf49496,,
1.0,G02-260204-140553-836,G02-260204-140553-836.bmp,G02,2026-02-04T14:05:53,2026-02-04,G02_2026-02-04,836,test,normal,,1025,1281,1,8a25522103ea48f08a068e4cadb8b5b4e49155a8b8eb13af400c879e2a36e22b,,
1.0,G02-260204-140617-837,G02-260204-140617-837.bmp,G02,2026-02-04T14:06:17,2026-02-04,G02_2026-02-04,837,test,normal,,1025,1281,1,212c4ee51a85e014f294639bb49a8bd2ee76333db6a85baa78caba2ede7b15a3,,
1.0,G02-260204-140624-838,G02-260204-140624-838.bmp,G02,2026-02-04T14:06:24,2026-02-04,G02_2026-02-04,838,test,normal,,1025,1281,1,d3351778c73361a090280f813cccdff58c2e13a5977c5a8fd19d64fdcb1de4dc,,
1.0,G02-260204-140647-839,G02-260204-140647-839.bmp,G02,2026-02-04T14:06:47,2026-02-04,G02_2026-02-04,839,test,normal,,1025,1281,1,adc4c7d083978baa56e02f7d84e04efb27177345a2c49f7b44ab4fa4dcb89bb9,,
1.0,G02-260204-140654-840,G02-260204-140654-840.bmp,G02,2026-02-04T14:06:54,2026-02-04,G02_2026-02-04,840,test,normal,,1025,1281,1,47dcd878e9463241e7b521f675ebff98fea52ff90b92525a33b17ce1bb8e22a4,,
1.0,G02-260204-140718-841,G02-260204-140718-841.bmp,G02,2026-02-04T14:07:18,2026-02-04,G02_2026-02-04,841,test,normal,,1025,1281,1,d9de5310981df8388538b28987e20f70d51f04e1bf245f0a0d0cece470c8d78c,,
1.0,G02-260204-140725-842,G02-260204-140725-842.bmp,G02,2026-02-04T14:07:25,2026-02-04,G02_2026-02-04,842,test,normal,,1025,1281,1,0a931565beb51e3ddea7b8cf8a78f4b586918d5629b57e555f8158fc41216f52,,
1.0,G02-260204-140747-843,G02-260204-140747-843.bmp,G02,2026-02-04T14:07:47,2026-02-04,G02_2026-02-04,843,test,normal,,1025,1281,1,a1d69d0ff68784466650480a9704c79a9c2d23ca513e70ed3be26fcfed2ebcb5,,
1.0,G02-260204-140755-844,G02-260204-140755-844.bmp,G02,2026-02-04T14:07:55,2026-02-04,G02_2026-02-04,844,test,normal,,1025,1281,1,25a6f379af33d998b6762f26bd33bd2f8f69d54235467fe53285df7ebf847661,,
1.0,G02-260204-140817-845,G02-260204-140817-845.bmp,G02,2026-02-04T14:08:17,2026-02-04,G02_2026-02-04,845,test,normal,,1025,1281,1,16449b212dccbae3c8f3f795a53cd3c34ffcfa17663c9d9b53e569498e3b25cd,,
1.0,G02-260204-140824-846,G02-260204-140824-846.bmp,G02,2026-02-04T14:08:24,2026-02-04,G02_2026-02-04,846,test,normal,,1025,1281,1,b7df866fa55abd6832bd8ff37c7a57b5b5d019cbf515e9d3108ba522d6794792,,
1.0,G02-260204-140850-847,G02-260204-140850-847.bmp,G02,2026-02-04T14:08:50,2026-02-04,G02_2026-02-04,847,test,normal,,1025,1281,1,542534da4706547d798cd0a9fa75bf930d81f6c3dab6119d3b95ff48dd1fed60,,
1.0,G02-260204-140857-848,G02-260204-140857-848.bmp,G02,2026-02-04T14:08:57,2026-02-04,G02_2026-02-04,848,test,normal,,1025,1281,1,52dfcb63a531ca55063811c73d1c455e3457620f156e1bcde20d3b897a15fc2f,,
1.0,G02-260204-140918-849,G02-260204-140918-849.bmp,G02,2026-02-04T14:09:18,2026-02-04,G02_2026-02-04,849,test,normal,,1025,1281,1,b45bcf6a9aa506d223616fe7357255c460396950bf6455cd0d8f37ebccf955e0,,
1.0,G02-260204-140926-850,G02-260204-140926-850.bmp,G02,2026-02-04T14:09:26,2026-02-04,G02_2026-02-04,850,test,normal,,1025,1281,1,72d847623a2143d55eef4e2abca4f78f779ebbc3c0716220f402a5c3c7d1206b,,
1.0,G02-260204-140948-851,G02-260204-140948-851.bmp,G02,2026-02-04T14:09:48,2026-02-04,G02_2026-02-04,851,test,normal,,1025,1281,1,967c3278d068cda39ab7eebad6f7d6cca18914f2556fb758a2d7df166a6e3962,,
1.0,G02-260204-140955-852,G02-260204-140955-852.bmp,G02,2026-02-04T14:09:55,2026-02-04,G02_2026-02-04,852,test,normal,,1025,1281,1,b66d9b2b5629b7555bc5c7ee95189e9977ee386410c720637581fb35d34e75fc,,
1.0,G02-260204-141018-853,G02-260204-141018-853.bmp,G02,2026-02-04T14:10:18,2026-02-04,G02_2026-02-04,853,test,normal,,1025,1281,1,4b98317014c203a1a85dbde0bd1c5b65de23b96dab9117cce83051b77d46ca78,,
1.0,G02-260204-141025-854,G02-260204-141025-854.bmp,G02,2026-02-04T14:10:25,2026-02-04,G02_2026-02-04,854,test,normal,,1025,1281,1,4577b2780488347a73c07271db143bd564fc65526a7f682697e849481354fb65,,
1.0,G02-260204-141048-855,G02-260204-141048-855.bmp,G02,2026-02-04T14:10:48,2026-02-04,G02_2026-02-04,855,test,normal,,1025,1281,1,06dc3407a56bf91aaf2ed04aa99d399c2e5cbae30e49dcef51fc229305379d96,,
1.0,G02-260204-141056-856,G02-260204-141056-856.bmp,G02,2026-02-04T14:10:56,2026-02-04,G02_2026-02-04,856,test,normal,,1025,1281,1,4a2d9735c771c3160b3c5235f4c5ed34cf428a47514706f1137523c73edee507,,
1.0,G02-260204-141118-857,G02-260204-141118-857.bmp,G02,2026-02-04T14:11:18,2026-02-04,G02_2026-02-04,857,test,normal,,1025,1281,1,e9aea597c8f28bc275941528a6cc9f27b50dac4ddef53af3afebd64716b5a3e1,,
1.0,G02-260204-141125-858,G02-260204-141125-858.bmp,G02,2026-02-04T14:11:25,2026-02-04,G02_2026-02-04,858,test,normal,,1025,1281,1,e1787dd5a980249196223b0f358c687919a70410427afdf335e160bab0a1f433,,
1.0,G02-260204-141149-859,G02-260204-141149-859.bmp,G02,2026-02-04T14:11:49,2026-02-04,G02_2026-02-04,859,test,normal,,1025,1281,1,93677e78c070bdb52a311e31a1bbc5e36d6a7a32b6ec148ae7512feecf930523,,
1.0,G02-260204-141156-860,G02-260204-141156-860.bmp,G02,2026-02-04T14:11:56,2026-02-04,G02_2026-02-04,860,test,normal,,1025,1281,1,b4b96926825aec9cbce072996625661478ee3a2d83bf62b2afe44c2b1aba5ddb,,
1.0,G02-260204-141219-861,G02-260204-141219-861.bmp,G02,2026-02-04T14:12:19,2026-02-04,G02_2026-02-04,861,test,normal,,1025,1281,1,1ecf584b1bdc137e91896d6a81a1ae4972a992db1ef356fe570d8984d39e1cef,,
1.0,G02-260204-141226-862,G02-260204-141226-862.bmp,G02,2026-02-04T14:12:26,2026-02-04,G02_2026-02-04,862,test,normal,,1025,1281,1,6144c52eb41e46f4bc3e161ecc8782512d66f733a1791d3956751f7e88112f49,,
1.0,G02-260204-141249-863,G02-260204-141249-863.bmp,G02,2026-02-04T14:12:49,2026-02-04,G02_2026-02-04,863,test,normal,,1025,1281,1,9b5783bc15395fa60cb6609d37a875b2090188ebda811eb4e0deb1ee9d91d3be,,
1.0,G02-260204-141257-864,G02-260204-141257-864.bmp,G02,2026-02-04T14:12:57,2026-02-04,G02_2026-02-04,864,test,normal,,1025,1281,1,7e6fec3189ea733c08db4c87bb07518c35c2ff26aee03e1aa799aefc930e9757,,
1.0,G02-260204-141320-865,G02-260204-141320-865.bmp,G02,2026-02-04T14:13:20,2026-02-04,G02_2026-02-04,865,test,normal,,1025,1281,1,651c27061167721e330625b2a0d28588e3f64ad1b22229b2e59977144f7f8fea,,
1.0,G02-260204-141327-866,G02-260204-141327-866.bmp,G02,2026-02-04T14:13:27,2026-02-04,G02_2026-02-04,866,test,normal,,1025,1281,1,35ca1d093a9d8278603a422916765700c0f5b67b7c42d4cbdd88cdfbe7360670,,
1.0,G02-260204-141349-867,G02-260204-141349-867.bmp,G02,2026-02-04T14:13:49,2026-02-04,G02_2026-02-04,867,test,normal,,1025,1281,1,40ff12606c9f0f30b728b6964a88ffd67ea927fa84a07c1013a3d73b4108e073,,
1.0,G02-260204-141356-868,G02-260204-141356-868.bmp,G02,2026-02-04T14:13:56,2026-02-04,G02_2026-02-04,868,test,normal,,1025,1281,1,d1448543b51c02b397aaa9eb21a826feaa39b4d002af2f0f5922e1fe2fc019ca,,
1.0,G02-260204-141419-869,G02-260204-141419-869.bmp,G02,2026-02-04T14:14:19,2026-02-04,G02_2026-02-04,869,test,normal,,1025,1281,1,de66838d6561b914319a79ffb90bfaf01d35eb4323d0eba9322f6e2175feeb82,,
1.0,G02-260204-141428-870,G02-260204-141428-870.bmp,G02,2026-02-04T14:14:28,2026-02-04,G02_2026-02-04,870,test,normal,,1025,1281,1,0898da41d9f9b0d6e9dd20d4f5350424f8aef3dd3fabf52acdf62714be77010d,,
1.0,G02-260204-141449-871,G02-260204-141449-871.bmp,G02,2026-02-04T14:14:49,2026-02-04,G02_2026-02-04,871,test,normal,,1025,1281,1,156b01859e785c907940d637b2f3a612758568d6667e8b41d8cc3f17b1672f5d,,
1.0,G02-260204-141456-872,G02-260204-141456-872.bmp,G02,2026-02-04T14:14:56,2026-02-04,G02_2026-02-04,872,test,normal,,1025,1281,1,2fb300137371c7305ae30aaaf0f316b55330e05edc363dcef1a3152e003fc0f5,,
1.0,G02-260204-141520-873,G02-260204-141520-873.bmp,G02,2026-02-04T14:15:20,2026-02-04,G02_2026-02-04,873,test,normal,,1025,1281,1,2571095cb646510c799d71eb1cc333d6c744d84ddd928c63664adef6dea2591d,,
1.0,G02-260204-141526-874,G02-260204-141526-874.bmp,G02,2026-02-04T14:15:26,2026-02-04,G02_2026-02-04,874,test,normal,,1025,1281,1,bb1736df9bea8f9e8c2d61dcc147c55014436e0a96b589c51b66140c771d49fd,,
1.0,G02-260204-141550-875,G02-260204-141550-875.bmp,G02,2026-02-04T14:15:50,2026-02-04,G02_2026-02-04,875,test,normal,,1025,1281,1,c8a2bd543f6fa5424d9a43ffc35b9e3f9e3e53deb748acc1e976a2f12b1afdd7,,
1.0,G02-260204-141557-876,G02-260204-141557-876.bmp,G02,2026-02-04T14:15:57,2026-02-04,G02_2026-02-04,876,test,normal,,1025,1281,1,a799643f50f2e3513706da601f55717d7053267f189c2b393f3215136347e26f,,
1.0,G02-260204-141620-877,G02-260204-141620-877.bmp,G02,2026-02-04T14:16:20,2026-02-04,G02_2026-02-04,877,test,normal,,1025,1281,1,1eb4ecfaeff4f3c30752c6274f0b410fdeac09071680cf3af80ae0dbbcf09d1d,,
1.0,G02-260204-141627-878,G02-260204-141627-878.bmp,G02,2026-02-04T14:16:27,2026-02-04,G02_2026-02-04,878,test,normal,,1025,1281,1,23a88548c3d66e9ac8e896e515b043afcac28488f6b675001f6be7fb74841729,,
1.0,G02-260204-141649-879,G02-260204-141649-879.bmp,G02,2026-02-04T14:16:49,2026-02-04,G02_2026-02-04,879,test,normal,,1025,1281,1,7d96ae0f3bf9b062c5bcfc83f987238cd7beafe1a20d42c1e87bb3a9f9c741b1,,
1.0,G02-260204-141657-880,G02-260204-141657-880.bmp,G02,2026-02-04T14:16:57,2026-02-04,G02_2026-02-04,880,test,normal,,1025,1281,1,63ad4d12be386c452c60695203872971a030790cf576bb07620cce595b3f6c52,,
1.0,G02-260204-141720-881,G02-260204-141720-881.bmp,G02,2026-02-04T14:17:20,2026-02-04,G02_2026-02-04,881,test,normal,,1025,1281,1,37d82d228ff8f3f11a804038ea4114414e6ed683b00f12c7415b0d37aa9dc312,,
1.0,G02-260204-141727-882,G02-260204-141727-882.bmp,G02,2026-02-04T14:17:27,2026-02-04,G02_2026-02-04,882,test,normal,,1025,1281,1,4696a74cf2867573dc8bdb45ccc839952a9faf20b137bf9972f0e5bcaded94ff,,
1.0,G02-260204-141750-883,G02-260204-141750-883.bmp,G02,2026-02-04T14:17:50,2026-02-04,G02_2026-02-04,883,test,normal,,1025,1281,1,ca30edb9ccbdb6a10c6f4e55d6fc57e12918c9f359a89a7d42956e0865fa5c9e,,
1.0,G02-260204-141757-884,G02-260204-141757-884.bmp,G02,2026-02-04T14:17:57,2026-02-04,G02_2026-02-04,884,test,normal,,1025,1281,1,e67540dd77963575d537ab07ff92077cb03249dbde8f56c670236bfc70c634b6,,
1.0,G02-260204-141821-885,G02-260204-141821-885.bmp,G02,2026-02-04T14:18:21,2026-02-04,G02_2026-02-04,885,test,normal,,1025,1281,1,d77bad3b573beae7a7beeeb97e697cbc1967fbaba556dfd781b89ee1f09e9d95,,
1.0,G02-260204-141828-886,G02-260204-141828-886.bmp,G02,2026-02-04T14:18:28,2026-02-04,G02_2026-02-04,886,test,normal,,1025,1281,1,95760f0a73c7e2485c9468391ac0272bdd0551aaf0fdd1acae5576f602d0e405,,
1.0,G02-260204-141850-887,G02-260204-141850-887.bmp,G02,2026-02-04T14:18:50,2026-02-04,G02_2026-02-04,887,test,normal,,1025,1281,1,bb4cdaf8f69700627b13e7dd8555bd4ed84a9c01a48276fcdf5149e162fe575f,,
1.0,G02-260204-141856-888,G02-260204-141856-888.bmp,G02,2026-02-04T14:18:56,2026-02-04,G02_2026-02-04,888,test,normal,,1025,1281,1,538a998707b55ec4cc2820e7ca5a90d22a1a03d1a6a894cc1e90802c2b68ff44,,
1.0,G02-260204-141920-889,G02-260204-141920-889.bmp,G02,2026-02-04T14:19:20,2026-02-04,G02_2026-02-04,889,test,normal,,1025,1281,1,94206cdc91469dbe1d0d8f7c0e59b8854fb954f0adb091402b70043e9ebe646d,,
1.0,G02-260204-141927-890,G02-260204-141927-890.bmp,G02,2026-02-04T14:19:27,2026-02-04,G02_2026-02-04,890,test,normal,,1025,1281,1,9503540afa175cbe42e3f34ca3bb01471f8eb01b5d39fd2ccaa609bbfdd954cc,,
1.0,G02-260204-141951-891,G02-260204-141951-891.bmp,G02,2026-02-04T14:19:51,2026-02-04,G02_2026-02-04,891,test,normal,,1025,1281,1,990aa0e2c8ac776e7ad4ef3b8df0368c7aaee23b95f56ca9960383b28ae7fc28,,
1.0,G02-260204-141958-892,G02-260204-141958-892.bmp,G02,2026-02-04T14:19:58,2026-02-04,G02_2026-02-04,892,test,normal,,1025,1281,1,4edcdd6c2f57d6047bf882d69469b7a998263eca059d5eab3ea6339d3523fbaa,,
1.0,G02-260204-142020-893,G02-260204-142020-893.bmp,G02,2026-02-04T14:20:20,2026-02-04,G02_2026-02-04,893,test,normal,,1025,1281,1,a8914fb8893b9da569fbc531723c42b72bf8b6a316bbfd79a60ce5700f9db8d1,,
1.0,G02-260204-142027-894,G02-260204-142027-894.bmp,G02,2026-02-04T14:20:27,2026-02-04,G02_2026-02-04,894,test,normal,,1025,1281,1,155eb3b3002ff6e8a74636a8f8f7f49f52de5209eddd329b972f5b30e9b12b85,,
1.0,G02-260204-142049-895,G02-260204-142049-895.bmp,G02,2026-02-04T14:20:49,2026-02-04,G02_2026-02-04,895,test,normal,,1025,1281,1,d3da88673fdfe4071cae8dfbd469137f67b19ab08f1fd83058c3a8105895992f,,
1.0,G02-260204-142056-896,G02-260204-142056-896.bmp,G02,2026-02-04T14:20:56,2026-02-04,G02_2026-02-04,896,test,normal,,1025,1281,1,c67b7094df90534fb2e36bea568bd70cc26e224fa948040c5099abe7817dd9fa,,
1.0,G02-260204-142121-897,G02-260204-142121-897.bmp,G02,2026-02-04T14:21:21,2026-02-04,G02_2026-02-04,897,test,normal,,1025,1281,1,27e32733ffa1a1b907bd4099f500989c2df2760105c856afafa20a8dd812837d,,
1.0,G02-260204-142127-898,G02-260204-142127-898.bmp,G02,2026-02-04T14:21:27,2026-02-04,G02_2026-02-04,898,test,normal,,1025,1281,1,ad8c39aba80deb1bf8d1f3db7ee4609b3efa8acf2f712b737dc29799faa47567,,
1.0,G02-260204-142152-899,G02-260204-142152-899.bmp,G02,2026-02-04T14:21:52,2026-02-04,G02_2026-02-04,899,test,normal,,1025,1281,1,08e30edd7912dcf62c74ae50339c4570469bbc9a78ceb7149cbbf2b354300fa1,,
1.0,G02-260204-142159-900,G02-260204-142159-900.bmp,G02,2026-02-04T14:21:59,2026-02-04,G02_2026-02-04,900,test,normal,,1025,1281,1,3d6e99dc08089beeb206c8c39ed81f8582b8e5376062ad8340f54f72fc9b936f,,
1.0,G02-260204-142222-901,G02-260204-142222-901.bmp,G02,2026-02-04T14:22:22,2026-02-04,G02_2026-02-04,901,test,normal,,1025,1281,1,c4f8b933fbaeb49a8e3e41e104f7185f413d7da205523e907d98c9e3e62d4e61,,
1.0,G02-260204-142229-902,G02-260204-142229-902.bmp,G02,2026-02-04T14:22:29,2026-02-04,G02_2026-02-04,902,test,normal,,1025,1281,1,6b9eba5b4df2632ac2e983f38d79cf1c146ad0080a5aa34d2a6f81ada13eddef,,
1.0,G02-260204-142251-903,G02-260204-142251-903.bmp,G02,2026-02-04T14:22:51,2026-02-04,G02_2026-02-04,903,test,normal,,1025,1281,1,fc3cac9b5b10987b84b89109bca5b13db35b882371aa0f99b307d90a681a7ef0,,
1.0,G02-260204-142258-904,G02-260204-142258-904.bmp,G02,2026-02-04T14:22:58,2026-02-04,G02_2026-02-04,904,test,normal,,1025,1281,1,d6cfd280854aa748182c2876a8215af413a2d743e587cb0b9198cab9370d9252,,
1.0,G02-260204-142320-905,G02-260204-142320-905.bmp,G02,2026-02-04T14:23:20,2026-02-04,G02_2026-02-04,905,test,normal,,1025,1281,1,dd9d9178d1a0698f7ae07a2fac50763ef9da4926e61a9137d4e027642f5c64c6,,
1.0,G02-260204-142327-906,G02-260204-142327-906.bmp,G02,2026-02-04T14:23:27,2026-02-04,G02_2026-02-04,906,test,normal,,1025,1281,1,43988b6f21e1ec1d96df8ff97ab196f4d28a14dc65bfb5acb4d90c1eb8262520,,
1.0,G02-260204-142352-907,G02-260204-142352-907.bmp,G02,2026-02-04T14:23:52,2026-02-04,G02_2026-02-04,907,test,normal,,1025,1281,1,c4a9d6078e0e79783a5322aedd856e5ef71ada5665da0e048bb9c52de195f6db,,
1.0,G02-260204-142400-908,G02-260204-142400-908.bmp,G02,2026-02-04T14:24:00,2026-02-04,G02_2026-02-04,908,test,normal,,1025,1281,1,4348a5d5f12b2cac2c1cf53c506477cc1391bac7d763df446ff91462dee15546,,
1.0,G02-260204-142421-909,G02-260204-142421-909.bmp,G02,2026-02-04T14:24:21,2026-02-04,G02_2026-02-04,909,test,normal,,1025,1281,1,04c1258443944db3e8bbadf4977fe2b1ff693d0e4a3395e0f47af32da01999bf,,
1.0,G02-260204-142428-910,G02-260204-142428-910.bmp,G02,2026-02-04T14:24:28,2026-02-04,G02_2026-02-04,910,test,normal,,1025,1281,1,c7373bddfbedf86e6304353d762766c3a776cbdf3e823f0437580ed272a95eef,,
1.0,G02-260204-142451-911,G02-260204-142451-911.bmp,G02,2026-02-04T14:24:51,2026-02-04,G02_2026-02-04,911,test,normal,,1025,1281,1,c86e40bda49581e819e0fec7c958e8cd578683a318547c4bb1357a59b34606c0,,
1.0,G02-260204-142458-912,G02-260204-142458-912.bmp,G02,2026-02-04T14:24:58,2026-02-04,G02_2026-02-04,912,test,normal,,1025,1281,1,e924e33f075925a174d22ca4118b39dd4acc49a2cbe76baa104cee04dc830b54,,
1.0,G02-260204-142522-913,G02-260204-142522-913.bmp,G02,2026-02-04T14:25:22,2026-02-04,G02_2026-02-04,913,test,normal,,1025,1281,1,2115129a4fa76a31298ed9fe2f8f9d5ccf60926c0f4e222aff3c55a3419fe614,,
1.0,G02-260204-142529-914,G02-260204-142529-914.bmp,G02,2026-02-04T14:25:29,2026-02-04,G02_2026-02-04,914,test,normal,,1025,1281,1,9b3e1f2e2f321ab5b802d0299d49304dfb43dc64b36a0eddd9be8496ed4fd4d2,,
1.0,G02-260204-142553-915,G02-260204-142553-915.bmp,G02,2026-02-04T14:25:53,2026-02-04,G02_2026-02-04,915,test,normal,,1025,1281,1,5cc117bebfbe03f7d6dca5c18d3dcbae6329b4870b93eb2c7eefde95ca5a151b,,
1.0,G02-260204-142602-916,G02-260204-142602-916.bmp,G02,2026-02-04T14:26:02,2026-02-04,G02_2026-02-04,916,test,normal,,1025,1281,1,f290f409e971d347b9d618f8906beec5c41ccd82b05f82fcc6e657b7578d3be1,,
1.0,G02-260204-142622-917,G02-260204-142622-917.bmp,G02,2026-02-04T14:26:22,2026-02-04,G02_2026-02-04,917,test,normal,,1025,1281,1,5f8cf3f004278ff6dc2fc2015e74301380968faba883ad603aec669704e33173,,
1.0,G02-260204-142629-918,G02-260204-142629-918.bmp,G02,2026-02-04T14:26:29,2026-02-04,G02_2026-02-04,918,test,normal,,1025,1281,1,9e2f0770bf0fb20cd5920a95657e4d2418ea2adf78ee84effd4748f491a616fd,,
1.0,G02-260204-142652-919,G02-260204-142652-919.bmp,G02,2026-02-04T14:26:52,2026-02-04,G02_2026-02-04,919,test,normal,,1025,1281,1,c477585d59af33fa04db258a549dcd72e10ed1a5bc2e85f3af781d757b776796,,
1.0,G02-260204-142659-920,G02-260204-142659-920.bmp,G02,2026-02-04T14:26:59,2026-02-04,G02_2026-02-04,920,test,normal,,1025,1281,1,b6ca1c7d9dc43a1522a76d4e60213c14089f0153c2a48c0db365c95d3a386f0f,,
1.0,G02-260204-142722-921,G02-260204-142722-921.bmp,G02,2026-02-04T14:27:22,2026-02-04,G02_2026-02-04,921,test,normal,,1025,1281,1,5687b81fdce62657f840d6ee1cc9d953b1765f57051d9933e2eff4e5e4f93522,,
1.0,G02-260204-142729-922,G02-260204-142729-922.bmp,G02,2026-02-04T14:27:29,2026-02-04,G02_2026-02-04,922,test,normal,,1025,1281,1,10f9e741fab05962b89dd7f42d367ee8d1e855b70d62dbfa5c78d9cadbb917c6,,
1.0,G02-260204-142752-923,G02-260204-142752-923.bmp,G02,2026-02-04T14:27:52,2026-02-04,G02_2026-02-04,923,test,normal,,1025,1281,1,cf865ae89c1577d0132aa4c66ab74a63da6bd9795051c2360b750d314ae4ab5e,,
1.0,G02-260204-142759-924,G02-260204-142759-924.bmp,G02,2026-02-04T14:27:59,2026-02-04,G02_2026-02-04,924,test,normal,,1025,1281,1,cf00ed7c00863fbcebaf8efb3f71710fa8ecc3727961234d79606c204a62dd30,,
1.0,G02-260204-142823-925,G02-260204-142823-925.bmp,G02,2026-02-04T14:28:23,2026-02-04,G02_2026-02-04,925,test,normal,,1025,1281,1,160d4ab7b1b07c298a7e3569e90cabc065fbaeec99b34af9f4762249803146b2,,
1.0,G02-260204-142830-926,G02-260204-142830-926.bmp,G02,2026-02-04T14:28:30,2026-02-04,G02_2026-02-04,926,test,normal,,1025,1281,1,05cbcd214c6d5599ce1f9ce7375896397e27a75bbd1e0362f11d9de7864c771f,,
1.0,G02-260204-142854-927,G02-260204-142854-927.bmp,G02,2026-02-04T14:28:54,2026-02-04,G02_2026-02-04,927,test,normal,,1025,1281,1,25417aadc5a35dfdacbcf045e63496b5d65ead8125813d44ca12d80174bee732,,
1.0,G02-260204-142901-928,G02-260204-142901-928.bmp,G02,2026-02-04T14:29:01,2026-02-04,G02_2026-02-04,928,test,normal,,1025,1281,1,27b0dc809b6e094fef192056b8ebf8326f7e1ce1794d47e574c5ba844a7bdd5a,,
1.0,G02-260204-142923-929,G02-260204-142923-929.bmp,G02,2026-02-04T14:29:23,2026-02-04,G02_2026-02-04,929,test,normal,,1025,1281,1,4a5ec0e9c5a640c0f3a6f5a3bc3b0c7a5b03b05b3f49614ede428fc54f39d264,,
1.0,G02-260204-142930-930,G02-260204-142930-930.bmp,G02,2026-02-04T14:29:30,2026-02-04,G02_2026-02-04,930,test,normal,,1025,1281,1,c0da09c1097b0675406e679d7d1dd95c428f71f5044ea6b2733fbf22bf611a12,,
1.0,G02-260204-142954-931,G02-260204-142954-931.bmp,G02,2026-02-04T14:29:54,2026-02-04,G02_2026-02-04,931,test,normal,,1025,1281,1,000c670f93b69b378d210acfd888fc3f520ca40863d678f79f7e04370256e956,,
1.0,G02-260204-143001-932,G02-260204-143001-932.bmp,G02,2026-02-04T14:30:01,2026-02-04,G02_2026-02-04,932,test,normal,,1025,1281,1,b4e2e3a701a0da4e4512cf62da150a8c73d65e47510a33b73798ce849c3326fc,,
1.0,G02-260204-143023-933,G02-260204-143023-933.bmp,G02,2026-02-04T14:30:23,2026-02-04,G02_2026-02-04,933,test,normal,,1025,1281,1,72a44ab6747d225cbfee804a21ce100cadf7746014986f32815e1262fb61f070,,
1.0,G02-260204-143031-934,G02-260204-143031-934.bmp,G02,2026-02-04T14:30:31,2026-02-04,G02_2026-02-04,934,test,normal,,1025,1281,1,ab7380abe1a7d99c3aecd7db02d169f9d7c8bfdb57b9fd98a6b0580e3471676a,,
1.0,G02-260204-143054-935,G02-260204-143054-935.bmp,G02,2026-02-04T14:30:54,2026-02-04,G02_2026-02-04,935,test,normal,,1025,1281,1,7e809f33bcd9aa4105757016f90e79f7397c02710834e15c65e0e0def282ee9b,,
1.0,G02-260204-143101-936,G02-260204-143101-936.bmp,G02,2026-02-04T14:31:01,2026-02-04,G02_2026-02-04,936,test,normal,,1025,1281,1,ab8e96fcf855225d89b8d7b2a7ef41015b18659406fa6f3aa4f90c91997e621a,,
1.0,G02-260204-143124-937,G02-260204-143124-937.bmp,G02,2026-02-04T14:31:24,2026-02-04,G02_2026-02-04,937,test,normal,,1025,1281,1,8efdc521982f572fbdd558fcee692330b8bd18e1b45354829f8fab66d8dae60f,,
1.0,G02-260204-143130-938,G02-260204-143130-938.bmp,G02,2026-02-04T14:31:30,2026-02-04,G02_2026-02-04,938,test,normal,,1025,1281,1,f82a74d4b8b47491eb41eb7970197a021e8ef141e2de49696b6fb4aa30f31f54,,
1.0,G02-260204-143155-939,G02-260204-143155-939.bmp,G02,2026-02-04T14:31:55,2026-02-04,G02_2026-02-04,939,test,normal,,1025,1281,1,c48511cda97f463123e1e7357010448f978aac4857b9e5a1271b09df39be9239,,
1.0,G02-260204-143201-940,G02-260204-143201-940.bmp,G02,2026-02-04T14:32:01,2026-02-04,G02_2026-02-04,940,test,normal,,1025,1281,1,fcb78280a652fd8b03d5edbb957df856f8597c65ed95f7874393c5a39a7061d5,,
1.0,G02-260204-143224-941,G02-260204-143224-941.bmp,G02,2026-02-04T14:32:24,2026-02-04,G02_2026-02-04,941,test,normal,,1025,1281,1,08a06ab7b620c66e04493a417e5ebe9907e891291e79c2fbad96fd4defd34305,,
1.0,G02-260204-143231-942,G02-260204-143231-942.bmp,G02,2026-02-04T14:32:31,2026-02-04,G02_2026-02-04,942,test,normal,,1025,1281,1,6be9a1f3664dd83fea60b99ac884cb99257a8cd1216b3cd471f85b409c1924ba,,
1.0,G02-260204-143255-943,G02-260204-143255-943.bmp,G02,2026-02-04T14:32:55,2026-02-04,G02_2026-02-04,943,test,normal,,1025,1281,1,bd9a82ce94b5a65fba9848540d1d242b1626c4d2d71cd064e3c6c0de8a73e126,,
1.0,G02-260204-143302-944,G02-260204-143302-944.bmp,G02,2026-02-04T14:33:02,2026-02-04,G02_2026-02-04,944,test,normal,,1025,1281,1,11a8214dfa681f393a231a6950daf27218bcc4139eed71070fd86ed4584e46fe,,
1.0,G02-260204-143324-945,G02-260204-143324-945.bmp,G02,2026-02-04T14:33:24,2026-02-04,G02_2026-02-04,945,test,normal,,1025,1281,1,b81408f83523e0dba0dc9824bcc5a63dd4c3a0b4b0b954380247d2701c9aaa6e,,
1.0,G02-260204-143332-946,G02-260204-143332-946.bmp,G02,2026-02-04T14:33:32,2026-02-04,G02_2026-02-04,946,test,normal,,1025,1281,1,c274ad622be6c0ad34520b9dc960f72bd126fe61f45c6dfd60309983a8bf0eb8,,
1.0,G02-260204-143354-947,G02-260204-143354-947.bmp,G02,2026-02-04T14:33:54,2026-02-04,G02_2026-02-04,947,test,normal,,1025,1281,1,54079ef2d4239735654e55d3669c595541e1e84ebd96bf1c3a6cd634095aff22,,
1.0,G02-260204-143401-948,G02-260204-143401-948.bmp,G02,2026-02-04T14:34:01,2026-02-04,G02_2026-02-04,948,test,normal,,1025,1281,1,655c18c05d6069a6a1567006f7d9498d704dbcf45c5ef97890058ccd4c66003c,,
1.0,G02-260204-143425-949,G02-260204-143425-949.bmp,G02,2026-02-04T14:34:25,2026-02-04,G02_2026-02-04,949,test,normal,,1025,1281,1,f01cba706de1e859cd194240d759050b83d40587a95458e56221cbc6b6198414,,
1.0,G02-260204-143432-950,G02-260204-143432-950.bmp,G02,2026-02-04T14:34:32,2026-02-04,G02_2026-02-04,950,test,normal,,1025,1281,1,46ecd750e866604936cca5fdfed1959efc18b1983ea97280f949f48f30af5a9d,,
1.0,G02-260204-143454-951,G02-260204-143454-951.bmp,G02,2026-02-04T14:34:54,2026-02-04,G02_2026-02-04,951,test,normal,,1025,1281,1,029e5bb8246b4fd4911e83c329b345139edfb4c4fb9e30cd97b1b00be61b778f,,
1.0,G02-260204-143501-952,G02-260204-143501-952.bmp,G02,2026-02-04T14:35:01,2026-02-04,G02_2026-02-04,952,test,normal,,1025,1281,1,ac0bc30d9006b7e60d5d79dc81db8fe083563f1471a82659f0f423b2dd0c99c2,,
1.0,G02-260204-143526-953,G02-260204-143526-953.bmp,G02,2026-02-04T14:35:26,2026-02-04,G02_2026-02-04,953,test,normal,,1025,1281,1,d1e8f30d4dd0587d962a67eed691b762399e068e6bdda164e84ab8d86eae2168,,
1.0,G02-260204-143532-954,G02-260204-143532-954.bmp,G02,2026-02-04T14:35:32,2026-02-04,G02_2026-02-04,954,test,normal,,1025,1281,1,01a46a72baf214eaea1c074dfdd0a550fea20f554c64f2e4509737c31bbdb709,,
1.0,G02-260204-143554-955,G02-260204-143554-955.bmp,G02,2026-02-04T14:35:54,2026-02-04,G02_2026-02-04,955,test,normal,,1025,1281,1,d6dc29430cf75feb63fbebe21ad705efb9190f5e39760c1d58b6c4a25577b0e2,,
1.0,G02-260204-143601-956,G02-260204-143601-956.bmp,G02,2026-02-04T14:36:01,2026-02-04,G02_2026-02-04,956,test,normal,,1025,1281,1,b198b8178d266822ff3bf308249e6e8177fd4f6a0c3bf295c93ff7654272b391,,
1.0,G02-260204-143626-957,G02-260204-143626-957.bmp,G02,2026-02-04T14:36:26,2026-02-04,G02_2026-02-04,957,test,normal,,1025,1281,1,c66c37882b2b6b3e79cc9c6ee7245412130bc3fa9ca1187ff9c3455cd1a643dc,,
1.0,G02-260204-143632-958,G02-260204-143632-958.bmp,G02,2026-02-04T14:36:32,2026-02-04,G02_2026-02-04,958,test,normal,,1025,1281,1,88ee3481d8985ec17a627fa12a0eb65c5151e20a14dc5abdada9e7771d8fc7e9,,
1.0,G02-260204-143655-959,G02-260204-143655-959.bmp,G02,2026-02-04T14:36:55,2026-02-04,G02_2026-02-04,959,test,normal,,1025,1281,1,1a07eea5a18e2f29fc72cbc70c477630ff1774a7f23a31cf43af5f99c33acc37,,
1.0,G02-260204-143703-960,G02-260204-143703-960.bmp,G02,2026-02-04T14:37:03,2026-02-04,G02_2026-02-04,960,test,normal,,1025,1281,1,cac73b3fe35c9f4b20a6df34bbd434befa43e909b87905bfe8e8e289d270359d,,
1.0,G02-260204-143725-961,G02-260204-143725-961.bmp,G02,2026-02-04T14:37:25,2026-02-04,G02_2026-02-04,961,test,normal,,1025,1281,1,cbcc22efdfe02217ec4c565890fbf2ccb96ce9c19f463bcf5de43a601162fbd4,,
1.0,G02-260204-143731-962,G02-260204-143731-962.bmp,G02,2026-02-04T14:37:31,2026-02-04,G02_2026-02-04,962,test,normal,,1025,1281,1,ddd20398fafff6e002029523be730f596c90957161f0bcb49717b180b22d8a03,,
1.0,G02-260204-143755-963,G02-260204-143755-963.bmp,G02,2026-02-04T14:37:55,2026-02-04,G02_2026-02-04,963,test,normal,,1025,1281,1,ea1a2913cf4fce9d071d7fbd9e46657c8fcfc653c04e23b1c5b30f429a09bc86,,
1.0,G02-260204-143802-964,G02-260204-143802-964.bmp,G02,2026-02-04T14:38:02,2026-02-04,G02_2026-02-04,964,test,normal,,1025,1281,1,50c418db672e562d913ee80ea5615e7f3610ea922e193f8e8a383438ed715327,,
1.0,G02-260204-143825-965,G02-260204-143825-965.bmp,G02,2026-02-04T14:38:25,2026-02-04,G02_2026-02-04,965,test,normal,,1025,1281,1,a7b0174aa516a6816292743aa67e9bc413e1154ef3cb7608a4411eed367709ce,,
1.0,G02-260204-143832-966,G02-260204-143832-966.bmp,G02,2026-02-04T14:38:32,2026-02-04,G02_2026-02-04,966,test,normal,,1025,1281,1,17130e9021c69a19bcb038978a8a5c18b706665be47131c84237e79107c4a6a5,,
1.0,G02-260204-143855-967,G02-260204-143855-967.bmp,G02,2026-02-04T14:38:55,2026-02-04,G02_2026-02-04,967,test,normal,,1025,1281,1,8aed71d13a46071a44804dd1cce249950668bd11b2432195f92d0e560cf189f7,,
1.0,G02-260204-143901-968,G02-260204-143901-968.bmp,G02,2026-02-04T14:39:01,2026-02-04,G02_2026-02-04,968,test,normal,,1025,1281,1,3851e07fa4579e64cb197776366a3bccd057276a9c301d5673ded004fd79ec5c,,
1.0,G02-260204-143925-969,G02-260204-143925-969.bmp,G02,2026-02-04T14:39:25,2026-02-04,G02_2026-02-04,969,test,normal,,1025,1281,1,97a96f337b2079daa6ce778357922cfc1f07f96dff2d1e7b849e6fd364d835fd,,
1.0,G02-260204-143932-970,G02-260204-143932-970.bmp,G02,2026-02-04T14:39:32,2026-02-04,G02_2026-02-04,970,test,normal,,1025,1281,1,37e39ba74500fd1da91dc25cab24ff1231367e60e35f95e919a8441a69142f13,,
1.0,G02-260204-143957-971,G02-260204-143957-971.bmp,G02,2026-02-04T14:39:57,2026-02-04,G02_2026-02-04,971,test,normal,,1025,1281,1,3221416f542a8ec32a8563b6438e96bf0bf67374bcddec639379bd8d58a49666,,
1.0,G02-260204-144004-972,G02-260204-144004-972.bmp,G02,2026-02-04T14:40:04,2026-02-04,G02_2026-02-04,972,test,normal,,1025,1281,1,2ea26bf78853873a37ac0dc7e6da9c7f78c072bba3c210ffef4a59c86f3deed0,,
1.0,G02-260204-144026-973,G02-260204-144026-973.bmp,G02,2026-02-04T14:40:26,2026-02-04,G02_2026-02-04,973,test,normal,,1025,1281,1,fbd4e8a1d6e04201d4f1ed20e31af15cf5b52e33b851d83f24d46b9857753fb6,,
1.0,G02-260204-144033-974,G02-260204-144033-974.bmp,G02,2026-02-04T14:40:33,2026-02-04,G02_2026-02-04,974,test,normal,,1025,1281,1,7405e5f09a97ae9280bf7a7753af3da3e7b73bcd4691235e66ee674f04ac0322,,
1.0,G02-260204-144055-975,G02-260204-144055-975.bmp,G02,2026-02-04T14:40:55,2026-02-04,G02_2026-02-04,975,test,normal,,1025,1281,1,90e808f78dc92aa5130acc5de2663d36127806a7c85fce6ba73a9e8e95ccd978,,
1.0,G02-260204-144103-976,G02-260204-144103-976.bmp,G02,2026-02-04T14:41:03,2026-02-04,G02_2026-02-04,976,test,normal,,1025,1281,1,f318c1237ae5aa4838e9cef6e5de5bbd15148669b891132a924ad10bd8702e83,,
1.0,G02-260204-144127-977,G02-260204-144127-977.bmp,G02,2026-02-04T14:41:27,2026-02-04,G02_2026-02-04,977,test,normal,,1025,1281,1,eeacabdffdbe6ae1a60fe8daaf7d61241721a74d5dd6ef2dc1b55bdea035ed56,,
1.0,G02-260204-144134-978,G02-260204-144134-978.bmp,G02,2026-02-04T14:41:34,2026-02-04,G02_2026-02-04,978,test,normal,,1025,1281,1,ae8e2d6c1a79dff2e8e2019fa8c6dbc806fd5ba6f71e57fbf91926d5c86ffd1f,,
1.0,G02-260204-144156-979,G02-260204-144156-979.bmp,G02,2026-02-04T14:41:56,2026-02-04,G02_2026-02-04,979,test,normal,,1025,1281,1,b532dc3db4e344cccdfe9e23bed4b2d2c0859ea3f878b180d27dcee1f035bec1,,
1.0,G02-260204-144203-980,G02-260204-144203-980.bmp,G02,2026-02-04T14:42:03,2026-02-04,G02_2026-02-04,980,test,normal,,1025,1281,1,e78264ee5ebc4bff95b4f38b3900b5d4f0658dde6d9eaf5e0277c41f8b6699e6,,
1.0,G02-260204-144227-981,G02-260204-144227-981.bmp,G02,2026-02-04T14:42:27,2026-02-04,G02_2026-02-04,981,test,normal,,1025,1281,1,39a38e2ccc2621ac17ea3197ee7d524f82f65e81d743c1b8ee00f624d1aa43f8,,
1.0,G02-260204-144234-982,G02-260204-144234-982.bmp,G02,2026-02-04T14:42:34,2026-02-04,G02_2026-02-04,982,test,normal,,1025,1281,1,f2874d06cbaa4f327b931b7faf43119b8017d5716a67c95488f54873431b75a2,,
1.0,G02-260204-144256-983,G02-260204-144256-983.bmp,G02,2026-02-04T14:42:56,2026-02-04,G02_2026-02-04,983,test,normal,,1025,1281,1,f63c593503b7be59559a960fcd288775c7cf5cbcc0f8860e34908e8beb139aca,,
1.0,G02-260204-144303-984,G02-260204-144303-984.bmp,G02,2026-02-04T14:43:03,2026-02-04,G02_2026-02-04,984,test,normal,,1025,1281,1,909d7f4435ccb23433ea3b0d5b120513c97a7cb4d30db29aeffca4539d4e9d1f,,
1.0,G02-260204-144327-985,G02-260204-144327-985.bmp,G02,2026-02-04T14:43:27,2026-02-04,G02_2026-02-04,985,test,normal,,1025,1281,1,49dae5ae192dcdad682e3b56ed1e6a69bfd59c23dd587d576ba0db01091b55fa,,
1.0,G02-260204-144333-986,G02-260204-144333-986.bmp,G02,2026-02-04T14:43:33,2026-02-04,G02_2026-02-04,986,test,normal,,1025,1281,1,0019a29f05bc7e0b7c34e013654269304a0cba2339359aa3154797c13ef87d03,,
1.0,G02-260204-144356-987,G02-260204-144356-987.bmp,G02,2026-02-04T14:43:56,2026-02-04,G02_2026-02-04,987,test,normal,,1025,1281,1,313f057a66032dceca9cee1f71d44f4e88683273040760180f2024dc8f3c7b6d,,
1.0,G02-260204-144403-988,G02-260204-144403-988.bmp,G02,2026-02-04T14:44:03,2026-02-04,G02_2026-02-04,988,test,normal,,1025,1281,1,154a1202576bd4c9c2fec2cd82e59a59058a4e5e5743c96c541ba4d38b4b27dc,,
1.0,G02-260204-144427-989,G02-260204-144427-989.bmp,G02,2026-02-04T14:44:27,2026-02-04,G02_2026-02-04,989,test,normal,,1025,1281,1,7d449a03c6c04106aa274d1ed7ce945022c32ed215aa368032f43c501dd05396,,
1.0,G02-260204-144434-990,G02-260204-144434-990.bmp,G02,2026-02-04T14:44:34,2026-02-04,G02_2026-02-04,990,test,normal,,1025,1281,1,4d7fda1aec2f9351f1168905bf057f26ad7874c08ab1806c3ebe0eeccae4dc8c,,
1.0,G02-260204-144457-991,G02-260204-144457-991.bmp,G02,2026-02-04T14:44:57,2026-02-04,G02_2026-02-04,991,test,normal,,1025,1281,1,b3b5bd9d7261f5dd7a7dd25ef87bac28e2a948ca136d3acce9fa22f6a020cf43,,
1.0,G02-260204-144504-992,G02-260204-144504-992.bmp,G02,2026-02-04T14:45:04,2026-02-04,G02_2026-02-04,992,test,normal,,1025,1281,1,cc7b04ee862007e703966bec817770084b9f30820156062305d2c61985cbbfab,,
1.0,G02-260204-144527-993,G02-260204-144527-993.bmp,G02,2026-02-04T14:45:27,2026-02-04,G02_2026-02-04,993,test,normal,,1025,1281,1,f22f814d225e8c18e130e34115804c6a88304a820b96a220dbf872388f2cd830,,
1.0,G02-260204-144557-994,G02-260204-144557-994.bmp,G02,2026-02-04T14:45:57,2026-02-04,G02_2026-02-04,994,test,normal,,1025,1281,1,1810575dcb75cc6e3ebf3f8d4cf8fbba145193971a60f9e0f125cd455b9cc42f,,
1.0,G02-260204-144604-995,G02-260204-144604-995.bmp,G02,2026-02-04T14:46:04,2026-02-04,G02_2026-02-04,995,test,normal,,1025,1281,1,03a110517e19ad8bcb4e9247c82d6bc5e99788d20feab43340880cda105f661d,,
1.0,G02-260204-144627-996,G02-260204-144627-996.bmp,G02,2026-02-04T14:46:27,2026-02-04,G02_2026-02-04,996,test,normal,,1025,1281,1,93b88b9995756ae1a1a9661306271d6bfcdd676b93fd4e9e24e3a3027ad2f808,,
1.0,G02-260204-144634-997,G02-260204-144634-997.bmp,G02,2026-02-04T14:46:34,2026-02-04,G02_2026-02-04,997,test,normal,,1025,1281,1,bc0a6e45c84ae43ebbeed683cea59675d9ac806f5840fca0cc75eb3475631fd0,,
1.0,G02-260204-144657-998,G02-260204-144657-998.bmp,G02,2026-02-04T14:46:57,2026-02-04,G02_2026-02-04,998,test,normal,,1025,1281,1,dac182960ad12c78b799ffe697b89dfb78b972b8e98a433cddecfcd7e55d55af,,
1.0,G02-260204-144704-999,G02-260204-144704-999.bmp,G02,2026-02-04T14:47:04,2026-02-04,G02_2026-02-04,999,test,normal,,1025,1281,1,a5f492979efdcd0cb4aa923fd12db2ab9c9e529aa9ba27ea1b2ab03d702c87e9,,
1.0,G02-260204-144727-000,G02-260204-144727-000.bmp,G02,2026-02-04T14:47:27,2026-02-04,G02_2026-02-04,0,test,normal,,1025,1281,1,8c2dc7d4a6b87959113b8f0f50f21199107f9ab8725ce358af4aad9b6f85dc6f,,
1.0,G02-260204-144734-001,G02-260204-144734-001.bmp,G02,2026-02-04T14:47:34,2026-02-04,G02_2026-02-04,1,test,normal,,1025,1281,1,b74e6ed3d1fd285f78a892b283ba126a8bfa62ab0baa3b26f2d890125b6bde4e,,
1.0,G02-260204-144758-002,G02-260204-144758-002.bmp,G02,2026-02-04T14:47:58,2026-02-04,G02_2026-02-04,2,test,normal,,1025,1281,1,81dcff2e8260bf6e08ab015fb2c3c016079361b25a04802ec56f234ae5e0c67d,,
1.0,G02-260204-144804-003,G02-260204-144804-003.bmp,G02,2026-02-04T14:48:04,2026-02-04,G02_2026-02-04,3,test,normal,,1025,1281,1,3102dd375263217626325a28d67c3519d05db4ed000b803f43656b9e085399e6,,
1.0,G02-260204-144828-004,G02-260204-144828-004.bmp,G02,2026-02-04T14:48:28,2026-02-04,G02_2026-02-04,4,test,normal,,1025,1281,1,c923ffbb7eb8c2160aa355c82a3613a635f850d749c0a35f458e099e0d974f2e,,
1.0,G02-260204-144835-005,G02-260204-144835-005.bmp,G02,2026-02-04T14:48:35,2026-02-04,G02_2026-02-04,5,test,normal,,1025,1281,1,a473474d447b6f3e8b1dc5c018a7e01d57add13ae84a36a82c116a77b6f9566f,,
1.0,G02-260204-144858-006,G02-260204-144858-006.bmp,G02,2026-02-04T14:48:58,2026-02-04,G02_2026-02-04,6,test,normal,,1025,1281,1,a91df39ee135f09e3cb51800fc79d2682ae437146b21ca3c92bdd77e7277a46e,,
1.0,G02-260204-144904-007,G02-260204-144904-007.bmp,G02,2026-02-04T14:49:04,2026-02-04,G02_2026-02-04,7,test,normal,,1025,1281,1,96dbd0b2f61188c7a7f7b7816b714a1f89ff5a1396d1cbd6fe232e91635ace96,,
1.0,G02-260204-144928-008,G02-260204-144928-008.bmp,G02,2026-02-04T14:49:28,2026-02-04,G02_2026-02-04,8,test,normal,,1025,1281,1,865b1bc210781cb1272de00756b80f23496336530b3b2acf3ee4ee96fee63eaf,,
1.0,G02-260204-144935-009,G02-260204-144935-009.bmp,G02,2026-02-04T14:49:35,2026-02-04,G02_2026-02-04,9,test,normal,,1025,1281,1,f7c8e4a1385be435901dc685a4ad329f7e92a28fce9854c59fcb8bb771294f90,,
1.0,G02-260204-144959-010,G02-260204-144959-010.bmp,G02,2026-02-04T14:49:59,2026-02-04,G02_2026-02-04,10,test,normal,,1025,1281,1,13d764350d69cdbc0208a2ec3962f09bce269df2bafd1b7dfbec4962e20fb35e,,
1.0,G02-260204-145005-011,G02-260204-145005-011.bmp,G02,2026-02-04T14:50:05,2026-02-04,G02_2026-02-04,11,test,normal,,1025,1281,1,807c5c7f27859e3f5d6589d558ea6a5963cdda9d1f36ed35dbe5f8e8be9f2ae3,,
1.0,G02-260204-145030-012,G02-260204-145030-012.bmp,G02,2026-02-04T14:50:30,2026-02-04,G02_2026-02-04,12,test,normal,,1025,1281,1,d7e3e2be26f5f36a153ba02c0abbece320b1e29ca9db51e52f02e45288a50370,,
1.0,G02-260204-145037-013,G02-260204-145037-013.bmp,G02,2026-02-04T14:50:37,2026-02-04,G02_2026-02-04,13,test,normal,,1025,1281,1,99711f2063cf6388b9c0ab7dba0af411b7f1c102324bcd9140943fcd156239a7,,
1.0,G02-260204-145059-014,G02-260204-145059-014.bmp,G02,2026-02-04T14:50:59,2026-02-04,G02_2026-02-04,14,test,normal,,1025,1281,1,b60369c211821f24fd732e434ad7fa2b5d6080291a1c51af9a88f7637920aabf,,
1.0,G02-260204-145105-015,G02-260204-145105-015.bmp,G02,2026-02-04T14:51:05,2026-02-04,G02_2026-02-04,15,test,normal,,1025,1281,1,d6e7211f9898d24fe07b7939cd7aedcc5029ea0d01d66d7250a270c5f07dc047,,
1.0,G02-260204-145129-016,G02-260204-145129-016.bmp,G02,2026-02-04T14:51:29,2026-02-04,G02_2026-02-04,16,test,normal,,1025,1281,1,8182250d55db1cf30f71bfa4366317dc71b73ba4878bd76595980612d935fcd3,,
1.0,G02-260204-145136-017,G02-260204-145136-017.bmp,G02,2026-02-04T14:51:36,2026-02-04,G02_2026-02-04,17,test,normal,,1025,1281,1,579e8e31b2b4efdaaa411f23c2b712e49bc4e932c0ac4ac1fbccc3981a221212,,
1.0,G02-260204-145159-018,G02-260204-145159-018.bmp,G02,2026-02-04T14:51:59,2026-02-04,G02_2026-02-04,18,test,normal,,1025,1281,1,f553400ffcca854f600c5b4ddd504c057ee51d6947beb725b97452536ec0af29,,
1.0,G02-260204-145206-019,G02-260204-145206-019.bmp,G02,2026-02-04T14:52:06,2026-02-04,G02_2026-02-04,19,test,normal,,1025,1281,1,a65a1d6247182bed35994ed089c713ab5e7836ddddd97751cc28cad5d4a55a9d,,
1.0,G02-260204-145229-020,G02-260204-145229-020.bmp,G02,2026-02-04T14:52:29,2026-02-04,G02_2026-02-04,20,test,normal,,1025,1281,1,c4f0ff91f8f71575faa4187d06ff18cf373a92fc14b33b34b0b09e108eddae03,,
1.0,G02-260204-145236-021,G02-260204-145236-021.bmp,G02,2026-02-04T14:52:36,2026-02-04,G02_2026-02-04,21,test,normal,,1025,1281,1,9d2facf7d5d2c5f3697f986c69e616ee6537f066349b9e1291950e2dccf6b0f2,,
1.0,G02-260204-145259-022,G02-260204-145259-022.bmp,G02,2026-02-04T14:52:59,2026-02-04,G02_2026-02-04,22,test,normal,,1025,1281,1,efe8ce739081e24711bc0a3f16c2edac77ebcfe6af588dff2b183db5169ce6bd,,
1.0,G02-260204-145309-023,G02-260204-145309-023.bmp,G02,2026-02-04T14:53:09,2026-02-04,G02_2026-02-04,23,test,normal,,1025,1281,1,ade9d6036a10f0bd0e828e6588d0f9ee2f56d1d4673d9fb8e419de4b0120e43b,,
1.0,G02-260204-145329-024,G02-260204-145329-024.bmp,G02,2026-02-04T14:53:29,2026-02-04,G02_2026-02-04,24,test,normal,,1025,1281,1,ef152fc67e1d388d52cbe62bb6c8ff738834fcb71d344851453f1ad7e56e7f15,,
1.0,G02-260204-145336-025,G02-260204-145336-025.bmp,G02,2026-02-04T14:53:36,2026-02-04,G02_2026-02-04,25,test,normal,,1025,1281,1,fa0967b5aca3a69c8583d2945cd3de451fd941e3f73e27d9ebb9f4630da5f82a,,
1.0,G02-260204-145400-026,G02-260204-145400-026.bmp,G02,2026-02-04T14:54:00,2026-02-04,G02_2026-02-04,26,test,normal,,1025,1281,1,01dadc096a22eeef2376049f85b685cdedbac896c335c4dfd0be886afe584e7d,,
1.0,G02-260204-145407-027,G02-260204-145407-027.bmp,G02,2026-02-04T14:54:07,2026-02-04,G02_2026-02-04,27,test,normal,,1025,1281,1,4a5438637bc04e035ff2e4f09c1a1adf7ad90a149a5554b596c91c6e9eb2515b,,
1.0,G02-260204-145431-028,G02-260204-145431-028.bmp,G02,2026-02-04T14:54:31,2026-02-04,G02_2026-02-04,28,test,normal,,1025,1281,1,220b3bd89f17e75f58630fcbd93d779a501467f5c82108ee6ede2ac7bc9b2abb,,
1.0,G02-260204-145438-029,G02-260204-145438-029.bmp,G02,2026-02-04T14:54:38,2026-02-04,G02_2026-02-04,29,test,normal,,1025,1281,1,d167c0124d8a8849de253fa7a92533ab161fc530c51f47e28321e9e89069074b,,
1.0,G02-260204-145500-030,G02-260204-145500-030.bmp,G02,2026-02-04T14:55:00,2026-02-04,G02_2026-02-04,30,test,normal,,1025,1281,1,65fc2dcf39d4bb0ad2855932157b4ce852df1d174c6bbdfae8efb198db4f9303,,
1.0,G02-260204-145506-031,G02-260204-145506-031.bmp,G02,2026-02-04T14:55:06,2026-02-04,G02_2026-02-04,31,test,normal,,1025,1281,1,e32034dd15e961178bcd63f542aed00c5cae3ebeb810c3b9cb5f02ec8332e407,,
1.0,G02-260204-145530-032,G02-260204-145530-032.bmp,G02,2026-02-04T14:55:30,2026-02-04,G02_2026-02-04,32,test,normal,,1025,1281,1,b04673f492cc7f2a821005269a921a96773f3a818ae06eaa0ea3d387187ed211,,
1.0,G02-260204-145537-033,G02-260204-145537-033.bmp,G02,2026-02-04T14:55:37,2026-02-04,G02_2026-02-04,33,test,normal,,1025,1281,1,0c373edf6dc2187da0ba396fc5ac80cdb30f09493bc3cf91adc4d3710be0e713,,
1.0,G02-260204-145559-034,G02-260204-145559-034.bmp,G02,2026-02-04T14:55:59,2026-02-04,G02_2026-02-04,34,test,normal,,1025,1281,1,d34ffd1618f7af23b88fd3f635398ecb64a342950f9cbcacbe0dc1dc4f51138c,,
1.0,G02-260204-145606-035,G02-260204-145606-035.bmp,G02,2026-02-04T14:56:06,2026-02-04,G02_2026-02-04,35,test,normal,,1025,1281,1,7eba29c936e9ffe87ff9f26354a4ae56a8471c5bb698cba7f04ba841952beb78,,
1.0,G02-260204-145630-036,G02-260204-145630-036.bmp,G02,2026-02-04T14:56:30,2026-02-04,G02_2026-02-04,36,test,normal,,1025,1281,1,d5872a4a34e46cba7148aac648a14d385b679d6ce6ad0cf4590870f6f039c6fd,,
1.0,G02-260204-145638-037,G02-260204-145638-037.bmp,G02,2026-02-04T14:56:38,2026-02-04,G02_2026-02-04,37,test,normal,,1025,1281,1,cb7e1343b5ed7359fb95b1e3e5ace825809ebd57f081d44f5dc42800887ed1d1,,
1.0,G02-260204-145700-038,G02-260204-145700-038.bmp,G02,2026-02-04T14:57:00,2026-02-04,G02_2026-02-04,38,test,normal,,1025,1281,1,0ddb922b21340e0339777e152f906964009ff826701ca82cd29761bc8186fb5f,,
1.0,G02-260204-145707-039,G02-260204-145707-039.bmp,G02,2026-02-04T14:57:07,2026-02-04,G02_2026-02-04,39,test,normal,,1025,1281,1,32015b8a25cba8f023c7ff706527f223e9f8b7ccdab54c9ecd98c8ff566ed111,,
1.0,G02-260204-145729-040,G02-260204-145729-040.bmp,G02,2026-02-04T14:57:29,2026-02-04,G02_2026-02-04,40,test,normal,,1025,1281,1,1e1a102ac365a92c7b86abbf87c10412045f49fa23136dce0fef249ae655cba2,,
1.0,G02-260204-145737-041,G02-260204-145737-041.bmp,G02,2026-02-04T14:57:37,2026-02-04,G02_2026-02-04,41,test,normal,,1025,1281,1,ac83e0f05d19c57bdcce09f13c1896712c2da71bffee0af4d01e994df4f144cb,,
1.0,G02-260204-145801-042,G02-260204-145801-042.bmp,G02,2026-02-04T14:58:01,2026-02-04,G02_2026-02-04,42,test,normal,,1025,1281,1,1b77d46c4a8f0ca5c4141964adc9f6f49a9ce5b9023ffc9e73047382ccbcea51,,
1.0,G02-260204-145808-043,G02-260204-145808-043.bmp,G02,2026-02-04T14:58:08,2026-02-04,G02_2026-02-04,43,test,normal,,1025,1281,1,a3c4b9dc96b4cf4a6a2a7862318fe8f2e583a40ab1d0800be2067b3b05416f4f,,
1.0,G02-260204-145831-044,G02-260204-145831-044.bmp,G02,2026-02-04T14:58:31,2026-02-04,G02_2026-02-04,44,test,normal,,1025,1281,1,a0fd0cd1adf336b2dc22759867bfd7bbb382f93f33ea2475fa2be9ebb9c5cf5a,,
1.0,G02-260204-145838-045,G02-260204-145838-045.bmp,G02,2026-02-04T14:58:38,2026-02-04,G02_2026-02-04,45,test,normal,,1025,1281,1,e04732e24f83c34d69454b78d6f494e5ba4848487a7e3a2f89123c713085a3e7,,
1.0,G02-260204-145902-046,G02-260204-145902-046.bmp,G02,2026-02-04T14:59:02,2026-02-04,G02_2026-02-04,46,test,normal,,1025,1281,1,abd22d4d159389eab688da0a9eff0140803eee2bac8b6cfadd8ed08a2a56b173,,
1.0,G02-260204-145909-047,G02-260204-145909-047.bmp,G02,2026-02-04T14:59:09,2026-02-04,G02_2026-02-04,47,test,normal,,1025,1281,1,d470cc176ac34057f70c71d40601167edf3babe206881028c86e81fad1aee744,,
1.0,G02-260204-145932-048,G02-260204-145932-048.bmp,G02,2026-02-04T14:59:32,2026-02-04,G02_2026-02-04,48,test,normal,,1025,1281,1,7be1322da3f738643d1739014bac27f651be6d50ece0fd6b86f96cfddb007488,,
1.0,G02-260204-145938-049,G02-260204-145938-049.bmp,G02,2026-02-04T14:59:38,2026-02-04,G02_2026-02-04,49,test,normal,,1025,1281,1,0db4e844d6bf4e838d93cbc21cd161292dfd882c2da1e0c3a69d66669a8c68ad,,
1.0,G02-260204-150001-050,G02-260204-150001-050.bmp,G02,2026-02-04T15:00:01,2026-02-04,G02_2026-02-04,50,test,normal,,1025,1281,1,2739e66b289d8704982c9521bbfe5c99f12dbf02e3cc9cb31678a6a95adda656,,
1.0,G02-260204-150010-051,G02-260204-150010-051.bmp,G02,2026-02-04T15:00:10,2026-02-04,G02_2026-02-04,51,test,normal,,1025,1281,1,9dfdd5e5bf08e958939f6dceeca22ec470c16f6686dd9747e6165e2dad70ecd8,,
1.0,G02-260204-150032-052,G02-260204-150032-052.bmp,G02,2026-02-04T15:00:32,2026-02-04,G02_2026-02-04,52,test,normal,,1025,1281,1,8a4d9deaf172182efc64adcff020162680a4137e96125bed6b84d00d3f3e9814,,
1.0,G02-260204-150038-053,G02-260204-150038-053.bmp,G02,2026-02-04T15:00:38,2026-02-04,G02_2026-02-04,53,test,normal,,1025,1281,1,b8211ec69837bd7343174d2ee502d767262900ddacd275e9ada33f8b51ff867b,,
1.0,G02-260204-150101-054,G02-260204-150101-054.bmp,G02,2026-02-04T15:01:01,2026-02-04,G02_2026-02-04,54,test,normal,,1025,1281,1,554f2b82cad39cc0c22ec807208a573291f669c1692e672b891ec8fb800720c4,,
1.0,G02-260204-150108-055,G02-260204-150108-055.bmp,G02,2026-02-04T15:01:08,2026-02-04,G02_2026-02-04,55,test,normal,,1025,1281,1,15da7dce80d7b97cba9d4f703cc0e776b95032f909c09977d101750e15975f8d,,
1.0,G02-260204-150132-056,G02-260204-150132-056.bmp,G02,2026-02-04T15:01:32,2026-02-04,G02_2026-02-04,56,test,normal,,1025,1281,1,f10590e7597b485eef3f21eb459006f604c5fc6b7594ffcafd6e95271f6fa477,,
1.0,G02-260204-150139-057,G02-260204-150139-057.bmp,G02,2026-02-04T15:01:39,2026-02-04,G02_2026-02-04,57,test,normal,,1025,1281,1,644267ba0fc1169c16636a6e60df7a2b5fc4057110c4c8971f780f1be70f5e20,,
1.0,G02-260204-150202-058,G02-260204-150202-058.bmp,G02,2026-02-04T15:02:02,2026-02-04,G02_2026-02-04,58,test,normal,,1025,1281,1,34c8de7bbc93f35b5c66cfc643a5659f4e7f83d9406db629ab2543209d7d38e1,,
1.0,G02-260204-150209-059,G02-260204-150209-059.bmp,G02,2026-02-04T15:02:09,2026-02-04,G02_2026-02-04,59,test,normal,,1025,1281,1,82b1a7b36e48864b74f881a1267ce710a4818b9228101fc6a3824f701ad7ca02,,
1.0,G02-260204-150232-060,G02-260204-150232-060.bmp,G02,2026-02-04T15:02:32,2026-02-04,G02_2026-02-04,60,test,normal,,1025,1281,1,a26f1c5776639cc844dc1ce975faf9e8c8f171cd49dc42a9ae908fc6b72102c7,,
1.0,G02-260204-150238-061,G02-260204-150238-061.bmp,G02,2026-02-04T15:02:38,2026-02-04,G02_2026-02-04,61,test,normal,,1025,1281,1,a1217236e5418a27c2cb1a981024a65922bda897d513b752efaaf25e8419b3c2,,
1.0,G02-260204-150303-062,G02-260204-150303-062.bmp,G02,2026-02-04T15:03:03,2026-02-04,G02_2026-02-04,62,test,normal,,1025,1281,1,e57758d13561539822977c901413b28953759c2924e5d1ad420c1ee26c6218e7,,
1.0,G02-260204-150309-063,G02-260204-150309-063.bmp,G02,2026-02-04T15:03:09,2026-02-04,G02_2026-02-04,63,test,normal,,1025,1281,1,bb07ad1459722cfaef1e3efb75f0a07ecd70187961d28f5672241110de7782ae,,
1.0,G02-260204-150332-064,G02-260204-150332-064.bmp,G02,2026-02-04T15:03:32,2026-02-04,G02_2026-02-04,64,test,normal,,1025,1281,1,d1d47707130e57d570187a9b71228baa11a4d45ff7af9bf9fb1b6439d88a7433,,
1.0,G02-260204-150339-065,G02-260204-150339-065.bmp,G02,2026-02-04T15:03:39,2026-02-04,G02_2026-02-04,65,test,normal,,1025,1281,1,fd0ec42af411566e307b5ed944359a109176cbd584495cb9e3bcac93f84d33fd,,
1.0,G02-260204-150402-066,G02-260204-150402-066.bmp,G02,2026-02-04T15:04:02,2026-02-04,G02_2026-02-04,66,test,normal,,1025,1281,1,be0f4b06a28571cc470721eeabd507a40b9e2da3b2e99a52b385cd97ae049f46,,
1.0,G02-260204-150409-067,G02-260204-150409-067.bmp,G02,2026-02-04T15:04:09,2026-02-04,G02_2026-02-04,67,test,normal,,1025,1281,1,390d6a91810f58bef09770ff1c041ba5710ec3bdf0a13c4a6e51cce778a06a97,,
1.0,G02-260204-150433-068,G02-260204-150433-068.bmp,G02,2026-02-04T15:04:33,2026-02-04,G02_2026-02-04,68,test,normal,,1025,1281,1,06f7c59f21b39b247fc24f5109012ad011e24112375678e798ffd905a369cb86,,
1.0,G02-260204-150440-069,G02-260204-150440-069.bmp,G02,2026-02-04T15:04:40,2026-02-04,G02_2026-02-04,69,test,normal,,1025,1281,1,baf1e09b7683f522f9c4bf63f7736ccbb1ac9e73503ef3c798bc9bae2a010ab3,,
1.0,G02-260204-150503-070,G02-260204-150503-070.bmp,G02,2026-02-04T15:05:03,2026-02-04,G02_2026-02-04,70,test,normal,,1025,1281,1,10e1d7e2f20c7fd9ddc1a58c5b2b854f64cf47b1ad0d317d084331f18dbe28a0,,
1.0,G02-260204-150510-071,G02-260204-150510-071.bmp,G02,2026-02-04T15:05:10,2026-02-04,G02_2026-02-04,71,test,normal,,1025,1281,1,43222e456743a916aaf3e417a4905a3a40d177cd1468101859baf7416541eeb9,,
1.0,G02-260204-150534-072,G02-260204-150534-072.bmp,G02,2026-02-04T15:05:34,2026-02-04,G02_2026-02-04,72,test,normal,,1025,1281,1,1d81e9752d67e238a14d86b30a3b6554d04c9fed03d40ad0fa7e01e5ec4b2c3f,,
1.0,G02-260204-150540-073,G02-260204-150540-073.bmp,G02,2026-02-04T15:05:40,2026-02-04,G02_2026-02-04,73,test,normal,,1025,1281,1,4293c865d4ae909385cb396de6441c5a13afa5de902c470e43d9351049959dd8,,
1.0,G02-260204-150603-074,G02-260204-150603-074.bmp,G02,2026-02-04T15:06:03,2026-02-04,G02_2026-02-04,74,test,normal,,1025,1281,1,06d82f578c99f3b8a698971dbd276c68b85feacce06c7dcc6c2bfad03f423544,,
1.0,G02-260204-150610-075,G02-260204-150610-075.bmp,G02,2026-02-04T15:06:10,2026-02-04,G02_2026-02-04,75,test,normal,,1025,1281,1,1665f5aeb5b6976cb3b3f7ad3847a4dc4d333e487f99e51950639c2bc10c00f9,,
1.0,G02-260204-150633-076,G02-260204-150633-076.bmp,G02,2026-02-04T15:06:33,2026-02-04,G02_2026-02-04,76,test,normal,,1025,1281,1,07713aac2cbd6f66b56a8be094a8e803508bd83aed3aa15be1ebf654146714dd,,
1.0,G02-260204-150703-077,G02-260204-150703-077.bmp,G02,2026-02-04T15:07:03,2026-02-04,G02_2026-02-04,77,test,normal,,1025,1281,1,b09a4b9438992a8ca606711395a40e5bd147004062da7eab567bc686c09adb72,,
1.0,G02-260204-150710-078,G02-260204-150710-078.bmp,G02,2026-02-04T15:07:10,2026-02-04,G02_2026-02-04,78,test,normal,,1025,1281,1,05238eb15728fa8c9683f93ea869b99dcbcb037f7404a996a838afb1f670dfd6,,
1.0,G02-260204-150734-079,G02-260204-150734-079.bmp,G02,2026-02-04T15:07:34,2026-02-04,G02_2026-02-04,79,test,normal,,1025,1281,1,83f04c96418baf0d12a4eafeaa4d35a8d9423729b072911fd0dd6d11919edb50,,
1.0,G02-260204-150741-080,G02-260204-150741-080.bmp,G02,2026-02-04T15:07:41,2026-02-04,G02_2026-02-04,80,test,normal,,1025,1281,1,b62c2ac0840c5627b48b595659ba41de0d260ee9b2b047e22b2cb39827d9ec4b,,
1.0,G02-260204-150804-081,G02-260204-150804-081.bmp,G02,2026-02-04T15:08:04,2026-02-04,G02_2026-02-04,81,test,normal,,1025,1281,1,3410258a3c751f223c0f2c6d61d2f1a5a2b9ead0f187b2c7b18ec5a58e75c009,,
1.0,G02-260204-150810-082,G02-260204-150810-082.bmp,G02,2026-02-04T15:08:10,2026-02-04,G02_2026-02-04,82,test,normal,,1025,1281,1,274278f2fc1705add13b0b0a251b023eee1dd7b5c6c1613cd2b50df2a3a2f6cc,,
1.0,G02-260204-150833-083,G02-260204-150833-083.bmp,G02,2026-02-04T15:08:33,2026-02-04,G02_2026-02-04,83,test,normal,,1025,1281,1,12073bd604e841bd70cfd959af7a675d6d03e3e4e632f7ab9b0aa960dcfde5cd,,
1.0,G02-260204-150840-084,G02-260204-150840-084.bmp,G02,2026-02-04T15:08:40,2026-02-04,G02_2026-02-04,84,test,normal,,1025,1281,1,db99d254a0156dee68eb7936f421a33c82bc201c29df9cf829f06d70f5b9d4a2,,
1.0,G02-260204-150903-085,G02-260204-150903-085.bmp,G02,2026-02-04T15:09:03,2026-02-04,G02_2026-02-04,85,test,normal,,1025,1281,1,44232706a4b44bbb0a46d0b3f3436eee78c535a4bea405686ac3889dfcf3f326,,
1.0,G02-260204-150910-086,G02-260204-150910-086.bmp,G02,2026-02-04T15:09:10,2026-02-04,G02_2026-02-04,86,test,normal,,1025,1281,1,491e7edf1cee8edfb044d5cb7d0d66625ca1a664bb0959dea0cf5c4b0cb3c134,,
1.0,G02-260204-150934-087,G02-260204-150934-087.bmp,G02,2026-02-04T15:09:34,2026-02-04,G02_2026-02-04,87,test,normal,,1025,1281,1,98856d8f4859566c0b78d295368de7f487b5577ffd88c18041211d1726ca225c,,
1.0,G02-260204-150941-088,G02-260204-150941-088.bmp,G02,2026-02-04T15:09:41,2026-02-04,G02_2026-02-04,88,test,normal,,1025,1281,1,c564c90da3228c679a787ebef74c949166db57b858daacc92457e77e20b0f6c4,,
1.0,G02-260204-151004-089,G02-260204-151004-089.bmp,G02,2026-02-04T15:10:04,2026-02-04,G02_2026-02-04,89,test,normal,,1025,1281,1,bcdc955273bb2fb3b5784e6a4263fd8a5f5dd6a1544f5927805ad36441220667,,
1.0,G02-260204-151011-090,G02-260204-151011-090.bmp,G02,2026-02-04T15:10:11,2026-02-04,G02_2026-02-04,90,test,normal,,1025,1281,1,6fb22871cadbd7c92c86b756f95fb1f11ef82cd7222a1be06fd3d0961fee4fe0,,
1.0,G02-260204-151034-091,G02-260204-151034-091.bmp,G02,2026-02-04T15:10:34,2026-02-04,G02_2026-02-04,91,test,normal,,1025,1281,1,39f23b3bf7849e60e55338b9610ad87ed9ee879ecb88d98d83ee136e23dcfc0c,,
1.0,G02-260204-151041-092,G02-260204-151041-092.bmp,G02,2026-02-04T15:10:41,2026-02-04,G02_2026-02-04,92,test,normal,,1025,1281,1,6f972d37bea9f3d83fe46bac9662c0cf2a87ce636a495588a2feca97e36419d0,,
1.0,G02-260204-151105-093,G02-260204-151105-093.bmp,G02,2026-02-04T15:11:05,2026-02-04,G02_2026-02-04,93,test,normal,,1025,1281,1,9673a0354cb63ddcf6d3fa808dbcf2a4d176a313de532b4b3f33396321e99f07,,
1.0,G02-260204-151111-094,G02-260204-151111-094.bmp,G02,2026-02-04T15:11:11,2026-02-04,G02_2026-02-04,94,test,normal,,1025,1281,1,f5a90bf172035851c4cc9b7432fad23769f1b9f6a83e68c1e5f5cc64e8581357,,
1.0,G02-260204-151134-095,G02-260204-151134-095.bmp,G02,2026-02-04T15:11:34,2026-02-04,G02_2026-02-04,95,test,normal,,1025,1281,1,1a32cffa7735945a0416386f2e04a7f528854f5c5e29407326396327de48c323,,
1.0,G02-260204-151140-096,G02-260204-151140-096.bmp,G02,2026-02-04T15:11:40,2026-02-04,G02_2026-02-04,96,test,normal,,1025,1281,1,1e41f5fb87ae32a9516f049abca61fb8223b3c6632871ff2a28bb4bf3919d315,,
1.0,G02-260204-151205-097,G02-260204-151205-097.bmp,G02,2026-02-04T15:12:05,2026-02-04,G02_2026-02-04,97,test,normal,,1025,1281,1,875dc1d63393a13bf70b5173d815636b6e3baf777f7c064f11dafb5bcb500921,,
1.0,G02-260204-151212-098,G02-260204-151212-098.bmp,G02,2026-02-04T15:12:12,2026-02-04,G02_2026-02-04,98,test,normal,,1025,1281,1,10d80dbc0aaeefc8a501b55f27e9d8a7e14454189a39248b8314f6f839567a57,,
1.0,G02-260204-151236-099,G02-260204-151236-099.bmp,G02,2026-02-04T15:12:36,2026-02-04,G02_2026-02-04,99,test,normal,,1025,1281,1,a324c8e66f0a8b244b027d4a7a19ad4390ec28712db65d5115f8f0f52f2db0a4,,
1.0,G02-260204-151243-100,G02-260204-151243-100.bmp,G02,2026-02-04T15:12:43,2026-02-04,G02_2026-02-04,100,test,normal,,1025,1281,1,e65c4cc0febd82737bf482c7143eadf401aa2cbbbfb67a0ae577061da8ef7920,,
1.0,G02-260204-151304-101,G02-260204-151304-101.bmp,G02,2026-02-04T15:13:04,2026-02-04,G02_2026-02-04,101,test,normal,,1025,1281,1,fc61fa3b84553c9d644d7de69bba5b427a18979a102ad2b35d784ab3f4bd4ee1,,
1.0,G02-260204-151311-102,G02-260204-151311-102.bmp,G02,2026-02-04T15:13:11,2026-02-04,G02_2026-02-04,102,test,normal,,1025,1281,1,3e9a644ee44de9b2b8bcb8c13d1cc0c10d63afa732c175e9e4ea678f4c52aaaa,,
1.0,G02-260204-151336-103,G02-260204-151336-103.bmp,G02,2026-02-04T15:13:36,2026-02-04,G02_2026-02-04,103,test,normal,,1025,1281,1,35d71c2c930ba850e112b5fdd8c19bc478b182846e09c63e31d9e490fe745d1b,,
1.0,G02-260204-151343-104,G02-260204-151343-104.bmp,G02,2026-02-04T15:13:43,2026-02-04,G02_2026-02-04,104,test,normal,,1025,1281,1,63e95e15ac02cd360d5b0969d1682fe6c190fd26b2514c1bddbaa6ce2b3bd083,,
1.0,G02-260204-151406-105,G02-260204-151406-105.bmp,G02,2026-02-04T15:14:06,2026-02-04,G02_2026-02-04,105,test,normal,,1025,1281,1,9fae5ac857e9ffa6617ebf1e24d92a1d2df1ab8591d6728593cd24e231e70c8b,,
1.0,G02-260204-151413-106,G02-260204-151413-106.bmp,G02,2026-02-04T15:14:13,2026-02-04,G02_2026-02-04,106,test,normal,,1025,1281,1,b9efdd8edd6fe7af6b811ddaa09f1fcaa00a1526305e1691e258e4e2a4d2b7bc,,
1.0,G02-260204-151436-107,G02-260204-151436-107.bmp,G02,2026-02-04T15:14:36,2026-02-04,G02_2026-02-04,107,test,normal,,1025,1281,1,8ff94609a6695d83946a24a9bfe5a95afce79045cf73ecfa45e613d84ffa409b,,
1.0,G02-260204-151442-108,G02-260204-151442-108.bmp,G02,2026-02-04T15:14:42,2026-02-04,G02_2026-02-04,108,test,normal,,1025,1281,1,a877e47593c9fc3cd79929d8356b880663fd379a83a50e55b8c580acdd4d8603,,
1.0,G02-260204-151505-109,G02-260204-151505-109.bmp,G02,2026-02-04T15:15:05,2026-02-04,G02_2026-02-04,109,test,normal,,1025,1281,1,ccbff3e6dc3feea91cbc735d0ac8a622685360bd4e8916953c806e53660df82b,,
1.0,G02-260204-151511-110,G02-260204-151511-110.bmp,G02,2026-02-04T15:15:11,2026-02-04,G02_2026-02-04,110,test,normal,,1025,1281,1,64e2460af8e255debf473980ea801d58a37301db446b828356910d2ba08bdd98,,
1.0,G02-260204-151535-111,G02-260204-151535-111.bmp,G02,2026-02-04T15:15:35,2026-02-04,G02_2026-02-04,111,test,normal,,1025,1281,1,3668f696feb30927cee41b71da00a4721fe5ee48877a04d28ad558fcf3334698,,
1.0,G02-260204-151542-112,G02-260204-151542-112.bmp,G02,2026-02-04T15:15:42,2026-02-04,G02_2026-02-04,112,test,normal,,1025,1281,1,dcb5af1bab614e246c58e47f37e1ff9d12ecd664a47116611ef811d14801f681,,
1.0,G02-260204-151606-113,G02-260204-151606-113.bmp,G02,2026-02-04T15:16:06,2026-02-04,G02_2026-02-04,113,test,normal,,1025,1281,1,e8efc2d67a87fadef958769b742b3a44ec0ae970e157001518a741decfd75164,,
1.0,G02-260204-151613-114,G02-260204-151613-114.bmp,G02,2026-02-04T15:16:13,2026-02-04,G02_2026-02-04,114,test,normal,,1025,1281,1,03a151fbab20c62044d5f5fb2467eb9d945c033e98a20a0c7168df514a071aec,,
1.0,G02-260204-151637-115,G02-260204-151637-115.bmp,G02,2026-02-04T15:16:37,2026-02-04,G02_2026-02-04,115,test,normal,,1025,1281,1,119238d493d1d1657f7c37833414488b8356168dcc4e89da64add3593b914dc5,,
1.0,G02-260204-151643-116,G02-260204-151643-116.bmp,G02,2026-02-04T15:16:43,2026-02-04,G02_2026-02-04,116,test,normal,,1025,1281,1,66ca56d8102e088a35b60a85c6d031b4e38029c8893d1e75c9d680340ee7b391,,
1.0,G02-260204-151706-117,G02-260204-151706-117.bmp,G02,2026-02-04T15:17:06,2026-02-04,G02_2026-02-04,117,test,normal,,1025,1281,1,ae43cb396255e291ea7b9f15ad2759fb423d43b9e766cbc95004314f96a5f7ce,,
1.0,G02-260204-151712-118,G02-260204-151712-118.bmp,G02,2026-02-04T15:17:12,2026-02-04,G02_2026-02-04,118,test,normal,,1025,1281,1,4f1c259333eaab842d49c56d502b675e821ace59aa10f743f8c3b093a641023f,,
1.0,G02-260204-151736-119,G02-260204-151736-119.bmp,G02,2026-02-04T15:17:36,2026-02-04,G02_2026-02-04,119,test,normal,,1025,1281,1,1110f58064ddec3f0179a62c61b1f7934cffba1f1b8e72f3c515bbdab90de3ac,,
1.0,G02-260204-151743-120,G02-260204-151743-120.bmp,G02,2026-02-04T15:17:43,2026-02-04,G02_2026-02-04,120,test,normal,,1025,1281,1,0f15755930618eb518b2291395ccb37ae8f963da94e1fb5e1394b8c1342a3778,,
1.0,G02-260204-151807-121,G02-260204-151807-121.bmp,G02,2026-02-04T15:18:07,2026-02-04,G02_2026-02-04,121,test,normal,,1025,1281,1,3b4addafead968bd9883b7db4418fca1ddcf7b46b9a37be21725251a4cb3fdb9,,
1.0,G02-260204-151814-122,G02-260204-151814-122.bmp,G02,2026-02-04T15:18:14,2026-02-04,G02_2026-02-04,122,test,normal,,1025,1281,1,bfd465f74607891ba553164098b1cc3750883b37538298ddf21e811ba4bd08de,,
1.0,G02-260204-151838-123,G02-260204-151838-123.bmp,G02,2026-02-04T15:18:38,2026-02-04,G02_2026-02-04,123,test,normal,,1025,1281,1,6a52fd67f5762b41f4d73bc6e8c5072ba60e59a0b11c7bfcbd767708708e8810,,
1.0,G02-260204-151845-124,G02-260204-151845-124.bmp,G02,2026-02-04T15:18:45,2026-02-04,G02_2026-02-04,124,test,normal,,1025,1281,1,eabf38a88dd0e3cf19b6e86bb16db5809f2e6ba911adba3b078cdfa0c1f83af7,,
1.0,G02-260204-151906-125,G02-260204-151906-125.bmp,G02,2026-02-04T15:19:06,2026-02-04,G02_2026-02-04,125,test,normal,,1025,1281,1,6b15fc2a8251a48d02df5a940f27d8c702337205a20ed063bf41623466c507b3,,
1.0,G02-260204-151913-126,G02-260204-151913-126.bmp,G02,2026-02-04T15:19:13,2026-02-04,G02_2026-02-04,126,test,normal,,1025,1281,1,e274fdf9d4499783fdbb6eeefd12a3d7d97e4132bcedc468f5027d45ff8babf2,,
1.0,G02-260204-151936-127,G02-260204-151936-127.bmp,G02,2026-02-04T15:19:36,2026-02-04,G02_2026-02-04,127,test,normal,,1025,1281,1,2bcf1a7d84e5b511f289bb87d5ba06bb913d24a05976f37a5429e84d9cac6726,,
1.0,G02-260204-151945-128,G02-260204-151945-128.bmp,G02,2026-02-04T15:19:45,2026-02-04,G02_2026-02-04,128,test,normal,,1025,1281,1,50042da5ddc4d3f7969b6e91657d94243ab8414bf6b61b70d88064e7b1a4007f,,
1.0,G02-260204-152006-129,G02-260204-152006-129.bmp,G02,2026-02-04T15:20:06,2026-02-04,G02_2026-02-04,129,test,normal,,1025,1281,1,3f75645ec4271e84c6c215484faffd567aa44f003828bef00809a3b52f5ca249,,
1.0,G02-260204-152014-130,G02-260204-152014-130.bmp,G02,2026-02-04T15:20:14,2026-02-04,G02_2026-02-04,130,test,normal,,1025,1281,1,8334977d3cdbc27c3f971ec935ba2f5bb94079fdff7df834a0e48f34105b08c7,,
1.0,G02-260204-152037-131,G02-260204-152037-131.bmp,G02,2026-02-04T15:20:37,2026-02-04,G02_2026-02-04,131,test,normal,,1025,1281,1,74e3161ad5ddf13188bcfaef776dee49240c3f206687e968adcb7a88ce4d0ded,,
1.0,G02-260204-152043-132,G02-260204-152043-132.bmp,G02,2026-02-04T15:20:43,2026-02-04,G02_2026-02-04,132,test,normal,,1025,1281,1,4196b0bd8dd0fd013bd4c8f15b4bedad7c8c182b476f3a7426fdd86855e3302c,,
1.0,G02-260204-152109-133,G02-260204-152109-133.bmp,G02,2026-02-04T15:21:09,2026-02-04,G02_2026-02-04,133,test,normal,,1025,1281,1,2b1a30809dbcd7722da6324d6315866591b2a4c043041c2df0b469516e6bb3da,,
1.0,G02-260204-152115-134,G02-260204-152115-134.bmp,G02,2026-02-04T15:21:15,2026-02-04,G02_2026-02-04,134,test,normal,,1025,1281,1,fb2510b7652dc94bd2edc48d143f555c74bf1febd37a6a6d4ebd6ba421aa4590,,
1.0,G02-260204-152137-135,G02-260204-152137-135.bmp,G02,2026-02-04T15:21:37,2026-02-04,G02_2026-02-04,135,test,normal,,1025,1281,1,2bcfac780b5530b3f09b24164a874a70b482d4d343c10566fcb0513114f45b6e,,
1.0,G02-260204-152144-136,G02-260204-152144-136.bmp,G02,2026-02-04T15:21:44,2026-02-04,G02_2026-02-04,136,test,normal,,1025,1281,1,3b2c6def8b3893cf053bad3e95d70fdf5cb32e4dc6f064c8a8128f4b62f1590e,,
1.0,G02-260204-152208-137,G02-260204-152208-137.bmp,G02,2026-02-04T15:22:08,2026-02-04,G02_2026-02-04,137,test,normal,,1025,1281,1,601a8b466976fad73c8649d758f31c56d92f1666de6bee3df072568ae1bb97c2,,
1.0,G02-260204-152214-138,G02-260204-152214-138.bmp,G02,2026-02-04T15:22:14,2026-02-04,G02_2026-02-04,138,test,normal,,1025,1281,1,94f8df0581fdf31adeff35bd284efb7a1ccf99a310bc615f02864adb6b8434ee,,
1.0,G02-260204-152238-139,G02-260204-152238-139.bmp,G02,2026-02-04T15:22:38,2026-02-04,G02_2026-02-04,139,test,normal,,1025,1281,1,3f9b550e4f848347ba54e62398dfc4a0ef2b24339f8e11c215b43f454ebf5eac,,
1.0,G02-260204-152245-140,G02-260204-152245-140.bmp,G02,2026-02-04T15:22:45,2026-02-04,G02_2026-02-04,140,test,normal,,1025,1281,1,e703310fbd3f1a0ce952cd5128c3e7b2ed4ff6b03a195fef57064e9c19f00c78,,
1.0,G02-260204-152308-141,G02-260204-152308-141.bmp,G02,2026-02-04T15:23:08,2026-02-04,G02_2026-02-04,141,test,normal,,1025,1281,1,6195ba06492fc9f03b191e4685a4389076d503de7a30d1a452c82af7d0489822,,
1.0,G02-260204-152314-142,G02-260204-152314-142.bmp,G02,2026-02-04T15:23:14,2026-02-04,G02_2026-02-04,142,test,normal,,1025,1281,1,a00b590665a25af9b2a2aa0ac6b7074ce2ad916013b562e2acb757a8586dfa80,,
1.0,G02-260204-152337-143,G02-260204-152337-143.bmp,G02,2026-02-04T15:23:37,2026-02-04,G02_2026-02-04,143,test,normal,,1025,1281,1,0201cd30a99ed190ff298e42cada49c0d340a588ccc2ce7cfbf80037c2f199fe,,
1.0,G02-260204-152344-144,G02-260204-152344-144.bmp,G02,2026-02-04T15:23:44,2026-02-04,G02_2026-02-04,144,test,normal,,1025,1281,1,5ba09e3c0c6e18ff48bc15b99c7bfb25e1136b98420dfd1197bb59878512c9d7,,
1.0,G02-260204-152407-145,G02-260204-152407-145.bmp,G02,2026-02-04T15:24:07,2026-02-04,G02_2026-02-04,145,test,normal,,1025,1281,1,81d552e9d23fc20c72f242e9da1bb6410954069101cc6bba525305e9015f6166,,
1.0,G02-260204-152414-146,G02-260204-152414-146.bmp,G02,2026-02-04T15:24:14,2026-02-04,G02_2026-02-04,146,test,normal,,1025,1281,1,055c5a81ec07d271323f9308f27c512a71753cb1168c2932ec1bdce31a206777,,
1.0,G02-260204-152437-147,G02-260204-152437-147.bmp,G02,2026-02-04T15:24:37,2026-02-04,G02_2026-02-04,147,test,normal,,1025,1281,1,3690fdbb5e459cc24bdc338ae8593dabe4615eb084dbfdf8ce9271859e1cd349,,
1.0,G02-260204-152444-148,G02-260204-152444-148.bmp,G02,2026-02-04T15:24:44,2026-02-04,G02_2026-02-04,148,test,normal,,1025,1281,1,616d211ec083ca76890d9d69d2344d8a627ad1fbd5be7cb92b58f4dec6a8c400,,
1.0,G02-260204-152508-149,G02-260204-152508-149.bmp,G02,2026-02-04T15:25:08,2026-02-04,G02_2026-02-04,149,test,normal,,1025,1281,1,cfcecccccdcf94ffb62e1767114ecbf4ce9a7a581a3b4375a7c9e99ef1f88854,,
1.0,G02-260204-152514-150,G02-260204-152514-150.bmp,G02,2026-02-04T15:25:14,2026-02-04,G02_2026-02-04,150,test,normal,,1025,1281,1,e4820f9839b63dea9805aa2b16d0cc86b11d8e759b69bde8603d4a45e58ea0f8,,
1.0,G02-260204-152539-151,G02-260204-152539-151.bmp,G02,2026-02-04T15:25:39,2026-02-04,G02_2026-02-04,151,test,normal,,1025,1281,1,e2cd85c947e675a4bd5ae5093047557b5cf05443c93c860be08a29a614e38260,,
1.0,G02-260204-152546-152,G02-260204-152546-152.bmp,G02,2026-02-04T15:25:46,2026-02-04,G02_2026-02-04,152,test,normal,,1025,1281,1,757be12554fa46518a737b32d1ea26c5fb9d9f40c4ec405ac55a753aa1bf0547,,
1.0,G02-260204-152609-153,G02-260204-152609-153.bmp,G02,2026-02-04T15:26:09,2026-02-04,G02_2026-02-04,153,test,normal,,1025,1281,1,4a66995ec6f2c4d636b1d11b291f6ebb77e5075719263fd0b58d6653315ed4c1,,
1.0,G02-260204-152616-154,G02-260204-152616-154.bmp,G02,2026-02-04T15:26:16,2026-02-04,G02_2026-02-04,154,test,normal,,1025,1281,1,425858d480022dc42e1d1ca056be2e9488cb87be515ea17a5d8e7959784c78ae,,
1.0,G02-260204-152638-155,G02-260204-152638-155.bmp,G02,2026-02-04T15:26:38,2026-02-04,G02_2026-02-04,155,test,normal,,1025,1281,1,e75e660136750dd84a7d3470089b9061183d8ff97e208e7ce974a0d93aa33a24,,
1.0,G02-260204-152645-156,G02-260204-152645-156.bmp,G02,2026-02-04T15:26:45,2026-02-04,G02_2026-02-04,156,test,normal,,1025,1281,1,6f2f5eb3b39b7449f291402b82642ae0c95497b29cf256dbdf834fd84b3278a5,,
1.0,G02-260204-152710-157,G02-260204-152710-157.bmp,G02,2026-02-04T15:27:10,2026-02-04,G02_2026-02-04,157,test,normal,,1025,1281,1,ef3eb1e8830ce160efec91b828a1f0a45fca6becaeb9610c6998c1b3a81d36d3,,
1.0,G02-260204-152717-158,G02-260204-152717-158.bmp,G02,2026-02-04T15:27:17,2026-02-04,G02_2026-02-04,158,test,normal,,1025,1281,1,60c4ca9c6490a268f176891938625471100beb97ee3f70a1d015d8fe34a5cebb,,
1.0,G02-260204-152738-159,G02-260204-152738-159.bmp,G02,2026-02-04T15:27:38,2026-02-04,G02_2026-02-04,159,test,normal,,1025,1281,1,b8c8e261cd1b4c1220304fd4e0e2903b6e0457e06729f46387ead4e85df62df5,,
1.0,G02-260204-152745-160,G02-260204-152745-160.bmp,G02,2026-02-04T15:27:45,2026-02-04,G02_2026-02-04,160,test,normal,,1025,1281,1,84489280f2a168b0b7bc65d9b8b4876f279ded68e8c6fab6e5c3c8a4b1c5924d,,
1.0,G02-260204-152808-161,G02-260204-152808-161.bmp,G02,2026-02-04T15:28:08,2026-02-04,G02_2026-02-04,161,test,normal,,1025,1281,1,a3bb857e2731b4109f5a2c3c735de3018eadc4f201a90173cfc8fd5081eb09b5,,
1.0,G02-260204-152815-162,G02-260204-152815-162.bmp,G02,2026-02-04T15:28:15,2026-02-04,G02_2026-02-04,162,test,normal,,1025,1281,1,d6acae6d55044f4d037d0c5a3c7a3cbf30d2364f8795248792837420f02db577,,
1.0,G02-260204-152839-163,G02-260204-152839-163.bmp,G02,2026-02-04T15:28:39,2026-02-04,G02_2026-02-04,163,test,normal,,1025,1281,1,d07be7576fd94dde9e00518f6b10ca59156b8d9ce136510471c4ea3b8a78b781,,
1.0,G02-260204-152846-164,G02-260204-152846-164.bmp,G02,2026-02-04T15:28:46,2026-02-04,G02_2026-02-04,164,test,normal,,1025,1281,1,b0730a5fbb5c838ee7d99f79a968495cdfeed54b2f49e154c24adebb20be2d93,,
1.0,G02-260204-152908-165,G02-260204-152908-165.bmp,G02,2026-02-04T15:29:08,2026-02-04,G02_2026-02-04,165,test,normal,,1025,1281,1,48498cea489e53e61bc24a22f749d304288ca71098513f8dab26447375c51af3,,
1.0,G02-260204-152915-166,G02-260204-152915-166.bmp,G02,2026-02-04T15:29:15,2026-02-04,G02_2026-02-04,166,test,normal,,1025,1281,1,ccf1b3ed2e48eb683661243475c387e3e05821041335687c1cbe54da5337dd27,,
1.0,G02-260204-152939-167,G02-260204-152939-167.bmp,G02,2026-02-04T15:29:39,2026-02-04,G02_2026-02-04,167,test,normal,,1025,1281,1,7ad54dbd272a19c17e57c60b12dbd04c5627f7d87474ff437734a2108cbfce67,,
1.0,G02-260204-152947-168,G02-260204-152947-168.bmp,G02,2026-02-04T15:29:47,2026-02-04,G02_2026-02-04,168,test,normal,,1025,1281,1,1634675164eb557257ce90c2a3da71475473821652a0163240ec90fdf82a0eae,,
1.0,G02-260204-153009-169,G02-260204-153009-169.bmp,G02,2026-02-04T15:30:09,2026-02-04,G02_2026-02-04,169,test,normal,,1025,1281,1,6d1ec84c106d9bd2f9d035c9839d79dd412af7dbffef7f99fc828a476f0625a3,,
1.0,G02-260204-153016-170,G02-260204-153016-170.bmp,G02,2026-02-04T15:30:16,2026-02-04,G02_2026-02-04,170,test,normal,,1025,1281,1,8c1e2c3afbbb7b239a24695df8fca79f3d44311949fde9d75d774f6f249ae0c6,,
1.0,G02-260204-153041-171,G02-260204-153041-171.bmp,G02,2026-02-04T15:30:41,2026-02-04,G02_2026-02-04,171,test,normal,,1025,1281,1,7d0d3776bc0d19a30c3487fd6bfb98aec54239e9f98636bd9c7052b16e5c7eb8,,
1.0,G02-260204-153048-172,G02-260204-153048-172.bmp,G02,2026-02-04T15:30:48,2026-02-04,G02_2026-02-04,172,test,normal,,1025,1281,1,456274541afe7454f595b552917805c406e29198c35a8ee2a921513c11c30cf8,,
1.0,G02-260204-153109-173,G02-260204-153109-173.bmp,G02,2026-02-04T15:31:09,2026-02-04,G02_2026-02-04,173,test,normal,,1025,1281,1,b9b8d2fcb5c7c7bbbba4c928b7dd9fc3091c629791b241d1aeecf7b501005213,,
1.0,G02-260204-153116-174,G02-260204-153116-174.bmp,G02,2026-02-04T15:31:16,2026-02-04,G02_2026-02-04,174,test,normal,,1025,1281,1,566c852606a4c25197d1b9a09c224b022cbc364d75cc2c6d9944b18aeca3b653,,
1.0,G02-260204-153141-175,G02-260204-153141-175.bmp,G02,2026-02-04T15:31:41,2026-02-04,G02_2026-02-04,175,test,normal,,1025,1281,1,081820a13f241b0e56d2c96afcc213a2f5bed65aeea7d5424e9050aee5a1a190,,
1.0,G02-260204-153149-176,G02-260204-153149-176.bmp,G02,2026-02-04T15:31:49,2026-02-04,G02_2026-02-04,176,test,normal,,1025,1281,1,ad2991f753673502edd7ac40818ef061b427bc9c6351601289803dfa44dd991e,,
1.0,G02-260204-153210-177,G02-260204-153210-177.bmp,G02,2026-02-04T15:32:10,2026-02-04,G02_2026-02-04,177,test,normal,,1025,1281,1,cab274ee77aff4653c8c4a1156dbf4a3f4f88240e02feba39a479a653260e012,,
1.0,G02-260204-153217-178,G02-260204-153217-178.bmp,G02,2026-02-04T15:32:17,2026-02-04,G02_2026-02-04,178,test,normal,,1025,1281,1,783cc39b5ecc2c986dec0711c545a637771d94ecc28cab13275109f4c82620d9,,
1.0,G02-260204-153240-179,G02-260204-153240-179.bmp,G02,2026-02-04T15:32:40,2026-02-04,G02_2026-02-04,179,test,normal,,1025,1281,1,f05e01193e2807c3846c489ed36216ca2e6b0167ab7ad80c06aab47794d77127,,
1.0,G02-260204-153248-180,G02-260204-153248-180.bmp,G02,2026-02-04T15:32:48,2026-02-04,G02_2026-02-04,180,test,normal,,1025,1281,1,21d75d124ecd1efc5bd3d91a5dc0e07c6857d9bf3e76df0243395a1255c155c9,,
1.0,G02-260204-153310-181,G02-260204-153310-181.bmp,G02,2026-02-04T15:33:10,2026-02-04,G02_2026-02-04,181,test,normal,,1025,1281,1,fbf66fc90c9b91c9bd06aac35c4d2536224de2c01098079e279a95f837cd5418,,
1.0,G02-260204-153317-182,G02-260204-153317-182.bmp,G02,2026-02-04T15:33:17,2026-02-04,G02_2026-02-04,182,test,normal,,1025,1281,1,fe362c969566275085500a57df420d2ee2ad0a5a698ecb3fd83529f4937702a2,,
1.0,G02-260204-153341-183,G02-260204-153341-183.bmp,G02,2026-02-04T15:33:41,2026-02-04,G02_2026-02-04,183,test,normal,,1025,1281,1,d10a8aec3ae52ac8fd183257d5a017b5b4767a0052010b23a8f9253ae12cdbfc,,
1.0,G02-260204-153347-184,G02-260204-153347-184.bmp,G02,2026-02-04T15:33:47,2026-02-04,G02_2026-02-04,184,test,normal,,1025,1281,1,651e9c1a63c73f59b403859814792d0f3cc7409f779c548e33f8a92aad38d627,,
1.0,G02-260204-153410-185,G02-260204-153410-185.bmp,G02,2026-02-04T15:34:10,2026-02-04,G02_2026-02-04,185,test,normal,,1025,1281,1,3246ddf0047ad01e53cbd6fc3a3fb4f31669808dc29f52d1a5fc5e871a606ed8,,
1.0,G02-260204-153417-186,G02-260204-153417-186.bmp,G02,2026-02-04T15:34:17,2026-02-04,G02_2026-02-04,186,test,normal,,1025,1281,1,4c51ee0b8194840de499c09d11308d8fab34fa152e8688ac99202feef3973041,,
1.0,G02-260204-153441-187,G02-260204-153441-187.bmp,G02,2026-02-04T15:34:41,2026-02-04,G02_2026-02-04,187,test,normal,,1025,1281,1,940aedbace79c4c66e82cd8d683efe593c5a238cf7e4b8c52699a079b3034660,,
1.0,G02-260204-153447-188,G02-260204-153447-188.bmp,G02,2026-02-04T15:34:47,2026-02-04,G02_2026-02-04,188,test,normal,,1025,1281,1,65c979a5c76efb03ef30ac3d50c751b713e2562a499d6ddf9491ef4944f68316,,
1.0,G02-260204-153511-189,G02-260204-153511-189.bmp,G02,2026-02-04T15:35:11,2026-02-04,G02_2026-02-04,189,test,normal,,1025,1281,1,38a83f63dd515bd9b514870f6a4b26659527a76067bbe586d1f272361082918b,,
1.0,G02-260204-153517-190,G02-260204-153517-190.bmp,G02,2026-02-04T15:35:17,2026-02-04,G02_2026-02-04,190,test,normal,,1025,1281,1,072b510c8b37085093f31de4f5458b1b80c5865323caaf3f54bfd981728ec023,,
1.0,G02-260204-153540-191,G02-260204-153540-191.bmp,G02,2026-02-04T15:35:40,2026-02-04,G02_2026-02-04,191,test,normal,,1025,1281,1,49facd97f770caea9a27a997d3a3546e2e87c5eb4f027769b5327c207bba39d5,,
1.0,G02-260204-153547-192,G02-260204-153547-192.bmp,G02,2026-02-04T15:35:47,2026-02-04,G02_2026-02-04,192,test,normal,,1025,1281,1,615cb87be6826882c16f660f82de4b1876ff90e1570601c4fa10e6c4968056dd,,
1.0,G02-260204-153610-193,G02-260204-153610-193.bmp,G02,2026-02-04T15:36:10,2026-02-04,G02_2026-02-04,193,test,normal,,1025,1281,1,9ae40d4247415ce99f6f98ad62787ae7051b891888064ad9bfd1e9bb0484aaee,,
1.0,G02-260204-153617-194,G02-260204-153617-194.bmp,G02,2026-02-04T15:36:17,2026-02-04,G02_2026-02-04,194,test,normal,,1025,1281,1,6e3b181725ce4cbc77bb0256fb600863a9e6550391d257ee053c9d83b6d5496b,,
1.0,G02-260204-153641-195,G02-260204-153641-195.bmp,G02,2026-02-04T15:36:41,2026-02-04,G02_2026-02-04,195,test,normal,,1025,1281,1,cfdc041c3a5c1eb4ac29b13189a90f1e5aeb717399f3bb9938e58f789ced4b89,,
1.0,G02-260204-153647-196,G02-260204-153647-196.bmp,G02,2026-02-04T15:36:47,2026-02-04,G02_2026-02-04,196,test,normal,,1025,1281,1,1860712129f7007468c58078f0b566ab0ddf9291726600d26bdbd5a8d100c4a5,,
1.0,G02-260204-153712-197,G02-260204-153712-197.bmp,G02,2026-02-04T15:37:12,2026-02-04,G02_2026-02-04,197,test,normal,,1025,1281,1,6e618ca025eb59a2e73bdd693f4799a752301819edd2683bb288c10f6e5f788f,,
1.0,G02-260204-153719-198,G02-260204-153719-198.bmp,G02,2026-02-04T15:37:19,2026-02-04,G02_2026-02-04,198,test,normal,,1025,1281,1,ee99c08e44ff9dcd46afd28512941b88d120eae81ff248362ac638031317cbca,,
1.0,G02-260204-153741-199,G02-260204-153741-199.bmp,G02,2026-02-04T15:37:41,2026-02-04,G02_2026-02-04,199,test,normal,,1025,1281,1,30422f57aa609283b4916b6ea8fbfd6878733ae92032efd2ff2b5ee631c1b60c,,
1.0,G02-260204-153748-200,G02-260204-153748-200.bmp,G02,2026-02-04T15:37:48,2026-02-04,G02_2026-02-04,200,test,normal,,1025,1281,1,2d20603e5a23298fead1c0acdd277041b21e2f283324f05977bc2d3e4e15cd6b,,
1.0,G02-260204-153810-201,G02-260204-153810-201.bmp,G02,2026-02-04T15:38:10,2026-02-04,G02_2026-02-04,201,test,normal,,1025,1281,1,f368bab1cfbdd935e6bd43db53c2152e8803098a6a163a8f3cd5298fce93b8b4,,
1.0,G02-260204-153818-202,G02-260204-153818-202.bmp,G02,2026-02-04T15:38:18,2026-02-04,G02_2026-02-04,202,test,normal,,1025,1281,1,ebabe23b56c73c959c27521bac6612b8295d481612c0ab8ed274dd064155004d,,
1.0,G02-260204-153842-203,G02-260204-153842-203.bmp,G02,2026-02-04T15:38:42,2026-02-04,G02_2026-02-04,203,test,normal,,1025,1281,1,727bb8f331bc24c8851d7e8046918eef62c831557dbd66854905a06e034cb5ac,,
1.0,G02-260204-153849-204,G02-260204-153849-204.bmp,G02,2026-02-04T15:38:49,2026-02-04,G02_2026-02-04,204,test,normal,,1025,1281,1,482baf47ccab235c05bdabdee7c3ee1428cc032d99b8da839904d53a462a409b,,
1.0,G02-260204-153912-205,G02-260204-153912-205.bmp,G02,2026-02-04T15:39:12,2026-02-04,G02_2026-02-04,205,test,normal,,1025,1281,1,7617aba534d66472d180b024203fa4cd48efe1ab974344f0cae99c22e9f73aff,,
1.0,G02-260204-153919-206,G02-260204-153919-206.bmp,G02,2026-02-04T15:39:19,2026-02-04,G02_2026-02-04,206,test,normal,,1025,1281,1,6601f031da6cb1997b28c2d049831adaabf737cc817342f89d621e108398dd64,,
1.0,G02-260204-153942-207,G02-260204-153942-207.bmp,G02,2026-02-04T15:39:42,2026-02-04,G02_2026-02-04,207,test,normal,,1025,1281,1,06e9106fd415e3c8773da720464301680d17a440f78ed16a7b5077877ed8294b,,
1.0,G02-260204-154012-209,G02-260204-154012-209.bmp,G02,2026-02-04T15:40:12,2026-02-04,G02_2026-02-04,209,test,normal,,1025,1281,1,b499fa886c6de9bf60c7258b601d7d7c228c532c6cda736189e584c40daddb11,,
1.0,G02-260204-154018-210,G02-260204-154018-210.bmp,G02,2026-02-04T15:40:18,2026-02-04,G02_2026-02-04,210,test,normal,,1025,1281,1,f49fa4cf5233743050d8e0033e43e76db31a2b7fb7a16e09d0d4caef6befe774,,
1.0,G02-260204-154042-211,G02-260204-154042-211.bmp,G02,2026-02-04T15:40:42,2026-02-04,G02_2026-02-04,211,test,normal,,1025,1281,1,8f3251d411af5867d0c5aeddad1fc56d45540b7707ccd99f292a49c534c68938,,
1.0,G02-260204-154048-212,G02-260204-154048-212.bmp,G02,2026-02-04T15:40:48,2026-02-04,G02_2026-02-04,212,test,normal,,1025,1281,1,e025867679837e02a3da030de15286098d9b9142e1f18ce5f3e15c78712b6c7e,,
1.0,G02-260204-154118-213,G02-260204-154118-213.bmp,G02,2026-02-04T15:41:18,2026-02-04,G02_2026-02-04,213,test,normal,,1025,1281,1,b1bfffe1314c9b433f669387e593fa9697b9a8144dbefa4249ec7e7580d0952a,,
1.0,G02-260204-154124-214,G02-260204-154124-214.bmp,G02,2026-02-04T15:41:24,2026-02-04,G02_2026-02-04,214,test,normal,,1025,1281,1,301425734200ee476496a0be26a5ba2bdf45406b0710ee0d5a658c814b0b8636,,
1.0,G02-260204-154133-215,G02-260204-154133-215.bmp,G02,2026-02-04T15:41:33,2026-02-04,G02_2026-02-04,215,test,normal,,1025,1281,1,4bbde8ff399192ea29195353a7e4d9f3a6014aa33817aa918009b8d007bbeefc,,
1.0,G02-260204-154149-216,G02-260204-154149-216.bmp,G02,2026-02-04T15:41:49,2026-02-04,G02_2026-02-04,216,test,normal,,1025,1281,1,f033ab719cc1e4c31a53f41abe28bafa8587e658eb42ec56efbbd82b2dfb5141,,
1.0,G02-260204-154212-217,G02-260204-154212-217.bmp,G02,2026-02-04T15:42:12,2026-02-04,G02_2026-02-04,217,test,normal,,1025,1281,1,37e34b52242afa7870aabb39a62b6c7b865d7db37dd648a32741394883a91b54,,
1.0,G02-260204-154246-218,G02-260204-154246-218.bmp,G02,2026-02-04T15:42:46,2026-02-04,G02_2026-02-04,218,test,normal,,1025,1281,1,94a32be8624d85385b9520ad81844a82126777c7098383268c833b990e5ebefc,,
1.0,G02-260204-154311-219,G02-260204-154311-219.bmp,G02,2026-02-04T15:43:11,2026-02-04,G02_2026-02-04,219,test,normal,,1025,1281,1,cb8d3804788bd37ada81d3c40197bec098cd86b49f5ade5e51195adc5c5f36a2,,
1.0,G02-260204-154318-220,G02-260204-154318-220.bmp,G02,2026-02-04T15:43:18,2026-02-04,G02_2026-02-04,220,test,normal,,1025,1281,1,f8c765c2b6ef157dfb17cc5e3bc825c4096b0e9f3d356165c238a1e3ebd2596f,,
1.0,G02-260204-154343-221,G02-260204-154343-221.bmp,G02,2026-02-04T15:43:43,2026-02-04,G02_2026-02-04,221,test,normal,,1025,1281,1,1400c0be8472aa50e7df23bd0c7965926df61638ab483716a82f17fddb0c3dba,,
1.0,G02-260204-154350-222,G02-260204-154350-222.bmp,G02,2026-02-04T15:43:50,2026-02-04,G02_2026-02-04,222,test,normal,,1025,1281,1,e9fd6958b3c5f7b5c57e706d3701bfa555edcba019b3275cbfbf19ca350bf957,,
1.0,G02-260204-154413-223,G02-260204-154413-223.bmp,G02,2026-02-04T15:44:13,2026-02-04,G02_2026-02-04,223,test,normal,,1025,1281,1,9b998eceb5f29088879ba320f7d47da569f6645fea8e11329caa2df79500add9,,
1.0,G02-260204-154419-224,G02-260204-154419-224.bmp,G02,2026-02-04T15:44:19,2026-02-04,G02_2026-02-04,224,test,normal,,1025,1281,1,5b496e8bce00e2c5760b8e052db93c14d2ce5f243828635618962e7a6486d824,,
1.0,G02-260204-154443-225,G02-260204-154443-225.bmp,G02,2026-02-04T15:44:43,2026-02-04,G02_2026-02-04,225,test,normal,,1025,1281,1,11812eb681875b898bc0557b2b12caf33e50ecef03ab901707811a73923c6339,,
1.0,G02-260204-154450-226,G02-260204-154450-226.bmp,G02,2026-02-04T15:44:50,2026-02-04,G02_2026-02-04,226,test,normal,,1025,1281,1,fe40565ee6fd0be24fd7a49e2c90109d5cb704bf8853109d2d40cf3101b9d887,,
1.0,G02-260204-154514-227,G02-260204-154514-227.bmp,G02,2026-02-04T15:45:14,2026-02-04,G02_2026-02-04,227,test,normal,,1025,1281,1,a05d21d6d4db70ec3baa3665b27841fc3800a41ad501384be902a1555184f1f4,,
1.0,G02-260204-154520-228,G02-260204-154520-228.bmp,G02,2026-02-04T15:45:20,2026-02-04,G02_2026-02-04,228,test,normal,,1025,1281,1,96a758ed2b87c0142bc2ae882004ebb3eaa41e561b24068552ea2bb51df04d19,,
1.0,G02-260204-154544-229,G02-260204-154544-229.bmp,G02,2026-02-04T15:45:44,2026-02-04,G02_2026-02-04,229,test,normal,,1025,1281,1,51110e1cd7490d676a9b01658ba3c4a94c81725779730c0063ecaffc96bda0c4,,
1.0,G02-260204-154551-230,G02-260204-154551-230.bmp,G02,2026-02-04T15:45:51,2026-02-04,G02_2026-02-04,230,test,normal,,1025,1281,1,3ca79775cf3dcb3ade2ecf484fb87129d9d8000f47c069f09a0ad15e2e30680d,,
1.0,G02-260204-154613-231,G02-260204-154613-231.bmp,G02,2026-02-04T15:46:13,2026-02-04,G02_2026-02-04,231,test,normal,,1025,1281,1,1a7e871e098ee5b38112d594cd0ca6684c74df8d48df23af245c33dcec9c552b,,
1.0,G02-260204-154620-232,G02-260204-154620-232.bmp,G02,2026-02-04T15:46:20,2026-02-04,G02_2026-02-04,232,test,normal,,1025,1281,1,c4d0ff8ecced17a842c02ffab70dd1ceeb0e21104e77e7a548c0bee0283ea80c,,
1.0,G02-260204-154643-233,G02-260204-154643-233.bmp,G02,2026-02-04T15:46:43,2026-02-04,G02_2026-02-04,233,test,normal,,1025,1281,1,f37e577b9a41d74d35faa8ea85e2d6d6d9d8da4e1f51e135fd56ea54d0d90c1f,,
1.0,G02-260204-154649-234,G02-260204-154649-234.bmp,G02,2026-02-04T15:46:49,2026-02-04,G02_2026-02-04,234,test,normal,,1025,1281,1,4dc9d295160649e556512ee699c1588ffc928029d1c0e9c0f57b3aa8feeab1df,,
1.0,G02-260204-154713-235,G02-260204-154713-235.bmp,G02,2026-02-04T15:47:13,2026-02-04,G02_2026-02-04,235,test,normal,,1025,1281,1,7d69431a2c128d33515e72eb5524a78ed224556396d0bfacca7448abf3f8f154,,
1.0,G02-260204-154720-236,G02-260204-154720-236.bmp,G02,2026-02-04T15:47:20,2026-02-04,G02_2026-02-04,236,test,normal,,1025,1281,1,8d32126ca592641ee1d2db9ca6b36e322829d142d071e2640a7b264643c4e853,,
1.0,G02-260204-154745-237,G02-260204-154745-237.bmp,G02,2026-02-04T15:47:45,2026-02-04,G02_2026-02-04,237,test,normal,,1025,1281,1,7af4f373b695ac72e07f0b274b726630768712fa21aac66d79ed972a098570b9,,
1.0,G02-260204-154752-238,G02-260204-154752-238.bmp,G02,2026-02-04T15:47:52,2026-02-04,G02_2026-02-04,238,test,normal,,1025,1281,1,b9336748f6478912f708e1f9b8ef39796ba7f98314de56ab7cff37514fe8bc7c,,
1.0,G02-260204-154813-239,G02-260204-154813-239.bmp,G02,2026-02-04T15:48:13,2026-02-04,G02_2026-02-04,239,test,normal,,1025,1281,1,80f0287d81dffa81c49be3fea862fdf56c323764f11830ab500fb06eca6b6ba8,,
1.0,G02-260204-154821-240,G02-260204-154821-240.bmp,G02,2026-02-04T15:48:21,2026-02-04,G02_2026-02-04,240,test,normal,,1025,1281,1,6b1de866dfe319d27c6f95b91242f9fdc8c91fe732e3bfc508b098c3de012bde,,
1.0,G02-260204-154845-241,G02-260204-154845-241.bmp,G02,2026-02-04T15:48:45,2026-02-04,G02_2026-02-04,241,test,normal,,1025,1281,1,9388999480c7848c6bd13ea43e00c4173f31a226f4a7bd4bdbac70a8dae97911,,
1.0,G02-260204-154852-242,G02-260204-154852-242.bmp,G02,2026-02-04T15:48:52,2026-02-04,G02_2026-02-04,242,test,normal,,1025,1281,1,fad324639fd225ea6bf6765b69ddccd6cb1fc30573db77eddf56796d4fef08ca,,
1.0,G02-260204-154916-243,G02-260204-154916-243.bmp,G02,2026-02-04T15:49:16,2026-02-04,G02_2026-02-04,243,test,normal,,1025,1281,1,2ea518d6d9dad3c57a7233e9b39cfe1832050b053ee490ea2ed7dfbf3a53bcdb,,
1.0,G02-260204-154924-244,G02-260204-154924-244.bmp,G02,2026-02-04T15:49:24,2026-02-04,G02_2026-02-04,244,test,normal,,1025,1281,1,2b27e35cfb7c2ea34a1fe308cc9f7068a7367c175a8817532f5fba790c0ad62c,,
1.0,G02-260204-154944-245,G02-260204-154944-245.bmp,G02,2026-02-04T15:49:44,2026-02-04,G02_2026-02-04,245,test,normal,,1025,1281,1,97cf8278c6ad4bc3ce39163f273be9497a8209f1056f1a57c174c6e94680a550,,
1.0,G02-260204-154951-246,G02-260204-154951-246.bmp,G02,2026-02-04T15:49:51,2026-02-04,G02_2026-02-04,246,test,normal,,1025,1281,1,fce147a4b7f0867c7666611f1b55cf258ba3640974ed6594c536d43e0849b6e0,,
1.0,G02-260204-155013-247,G02-260204-155013-247.bmp,G02,2026-02-04T15:50:13,2026-02-04,G02_2026-02-04,247,test,normal,,1025,1281,1,bf980008151a17ababf29cca2453e756d1ccf7df172a1b6063b024b15a86138c,,
1.0,G02-260204-155020-248,G02-260204-155020-248.bmp,G02,2026-02-04T15:50:20,2026-02-04,G02_2026-02-04,248,test,normal,,1025,1281,1,382a0867a77fcb4e9dd20206fbbd92c864a5a6614b7d31260c1c0c27cd5dfb1d,,
1.0,G02-260204-155044-249,G02-260204-155044-249.bmp,G02,2026-02-04T15:50:44,2026-02-04,G02_2026-02-04,249,test,normal,,1025,1281,1,28f587fb53a171c4e0d38cc8de7c32b01286468449c3927bc69ac242897a32d2,,
1.0,G02-260204-155050-250,G02-260204-155050-250.bmp,G02,2026-02-04T15:50:50,2026-02-04,G02_2026-02-04,250,test,normal,,1025,1281,1,d0bc15236b9056c79fef802e711b546585e72d57ef2807f6eaf270cb385e2f60,,
1.0,G02-260204-155114-251,G02-260204-155114-251.bmp,G02,2026-02-04T15:51:14,2026-02-04,G02_2026-02-04,251,test,normal,,1025,1281,1,c98e7931439aaf97845e2a6e7b630f26a3864fe9f46520da420c98d25af3e8c6,,
1.0,G02-260204-155121-252,G02-260204-155121-252.bmp,G02,2026-02-04T15:51:21,2026-02-04,G02_2026-02-04,252,test,normal,,1025,1281,1,b9f34c7263a4fea1e77d905cb9b7db40a8d63a55b33c7b8962a153997422d092,,
1.0,G02-260204-155144-253,G02-260204-155144-253.bmp,G02,2026-02-04T15:51:44,2026-02-04,G02_2026-02-04,253,test,normal,,1025,1281,1,3a14967bd8cd6a1cbb7e7ae751cefebb3263bc03fc81a76c73a7fc453ebaab5a,,
1.0,G02-260204-155150-254,G02-260204-155150-254.bmp,G02,2026-02-04T15:51:50,2026-02-04,G02_2026-02-04,254,test,normal,,1025,1281,1,aada2c02a6bdffee8ebb2832b321a4a4830ade7aebe6795da386e7626adc7812,,
1.0,G02-260204-155216-255,G02-260204-155216-255.bmp,G02,2026-02-04T15:52:16,2026-02-04,G02_2026-02-04,255,test,normal,,1025,1281,1,e2618303f2cc5e43d6ab6db57dec88122036d641215d09b977135bbff8f23470,,
1.0,G02-260204-155223-256,G02-260204-155223-256.bmp,G02,2026-02-04T15:52:23,2026-02-04,G02_2026-02-04,256,test,normal,,1025,1281,1,cf91bfa851ba85db30d2677fd541d6325562d7a97578480274dfce19867db41d,,
1.0,G02-260204-155245-257,G02-260204-155245-257.bmp,G02,2026-02-04T15:52:45,2026-02-04,G02_2026-02-04,257,test,normal,,1025,1281,1,6bbb195a3ebc84b902a05eeb5d833dd7a5fe981394f2ed493240a36b265b346d,,
1.0,G02-260204-155251-258,G02-260204-155251-258.bmp,G02,2026-02-04T15:52:51,2026-02-04,G02_2026-02-04,258,test,normal,,1025,1281,1,e912ce116ee43a5f76f10910440be6ee77bd97b4a641ab4caf0018860b407df7,,
1.0,G02-260204-155315-259,G02-260204-155315-259.bmp,G02,2026-02-04T15:53:15,2026-02-04,G02_2026-02-04,259,test,normal,,1025,1281,1,60a18e0747f7d5e8b39de4ec18c5b004772607019187a7dc11256735b46ac975,,
1.0,G02-260204-155321-260,G02-260204-155321-260.bmp,G02,2026-02-04T15:53:21,2026-02-04,G02_2026-02-04,260,test,normal,,1025,1281,1,ee02cb130c4423b16e3e18038df9d42293465b91ff333e60eb4c1ac4f434d3bb,,
1.0,G02-260204-155346-261,G02-260204-155346-261.bmp,G02,2026-02-04T15:53:46,2026-02-04,G02_2026-02-04,261,test,normal,,1025,1281,1,b4dc6864d95a10c2ff4aba10b0cea44f1ddc2e2a40db569965c1aba10cf7fbee,,
1.0,G02-260204-155353-262,G02-260204-155353-262.bmp,G02,2026-02-04T15:53:53,2026-02-04,G02_2026-02-04,262,test,normal,,1025,1281,1,78083b267399063a3edc3df90b68e153d35db01794c78f31707693a317691ad0,,
1.0,G02-260204-155416-263,G02-260204-155416-263.bmp,G02,2026-02-04T15:54:16,2026-02-04,G02_2026-02-04,263,test,normal,,1025,1281,1,fe725bc3ed493bf77e3638d70b2c60c713bb08699ada1e097d2db1a864476b8b,,
1.0,G02-260204-155422-264,G02-260204-155422-264.bmp,G02,2026-02-04T15:54:22,2026-02-04,G02_2026-02-04,264,test,normal,,1025,1281,1,1f6ac9e4f720186afcebbc0af63613a35c304bdc264f0c208d89dd0f7cd72d78,,
1.0,G02-260204-155446-265,G02-260204-155446-265.bmp,G02,2026-02-04T15:54:46,2026-02-04,G02_2026-02-04,265,test,normal,,1025,1281,1,27492637cadd3779c529e8ff285d0e6820230b6e8c7e63866652aa00c11a0ffd,,
1.0,G02-260204-155453-266,G02-260204-155453-266.bmp,G02,2026-02-04T15:54:53,2026-02-04,G02_2026-02-04,266,test,normal,,1025,1281,1,495a32b5602055eec7ad89f0f8ddb714f401ff69cf5236512a2e3952dc8f8d6e,,
1.0,G02-260204-155516-267,G02-260204-155516-267.bmp,G02,2026-02-04T15:55:16,2026-02-04,G02_2026-02-04,267,test,normal,,1025,1281,1,5d5aa0a198fbe0075a03e144025a860af0f073943c9235f6bd7c5f8f55240032,,
1.0,G02-260204-155523-268,G02-260204-155523-268.bmp,G02,2026-02-04T15:55:23,2026-02-04,G02_2026-02-04,268,test,normal,,1025,1281,1,3136fe43222b0b684abe63ad9b2efc7d637e2fdcbc3bf39fc8b89ada6b74d18b,,
1.0,G02-260204-155546-269,G02-260204-155546-269.bmp,G02,2026-02-04T15:55:46,2026-02-04,G02_2026-02-04,269,test,normal,,1025,1281,1,725b9eab87ed282056fd3d4761faf41d52dbb9d8adcde8b832f7a7e3b7dc941f,,
1.0,G02-260204-155553-270,G02-260204-155553-270.bmp,G02,2026-02-04T15:55:53,2026-02-04,G02_2026-02-04,270,test,normal,,1025,1281,1,692b6e5f3a3d1e81dca98c7cb0f7bd2787f44271b49249daef02c33b14ec3caf,,
1.0,G02-260204-155616-271,G02-260204-155616-271.bmp,G02,2026-02-04T15:56:16,2026-02-04,G02_2026-02-04,271,test,normal,,1025,1281,1,01e5eebc1226fbdf917d42049c5e230ae0e4b1a20316177972a026fb9eb92c64,,
1.0,G02-260204-155623-272,G02-260204-155623-272.bmp,G02,2026-02-04T15:56:23,2026-02-04,G02_2026-02-04,272,test,normal,,1025,1281,1,1f4e2d0a26b311bd63789d33f5190baeea1a9820ea1178b3f3db9a220a40388d,,
1.0,G02-260204-155646-273,G02-260204-155646-273.bmp,G02,2026-02-04T15:56:46,2026-02-04,G02_2026-02-04,273,test,normal,,1025,1281,1,54d94b6f3aad429cb03c9e6e53ec07421342a28b41407de74bd8faa4eb2bc2cb,,
1.0,G02-260204-155652-274,G02-260204-155652-274.bmp,G02,2026-02-04T15:56:52,2026-02-04,G02_2026-02-04,274,test,normal,,1025,1281,1,e438240972cdbc44ca90b7341d28f05e3b02a059501fafc21a791420e3979948,,
1.0,G02-260204-155715-275,G02-260204-155715-275.bmp,G02,2026-02-04T15:57:15,2026-02-04,G02_2026-02-04,275,test,normal,,1025,1281,1,f56c4caaeef79d5fc9f158be39ec36f97bbf2b278de9eedb4e4a98d1ef4b2b37,,
1.0,G02-260204-155722-276,G02-260204-155722-276.bmp,G02,2026-02-04T15:57:22,2026-02-04,G02_2026-02-04,276,test,normal,,1025,1281,1,bdbcaf5423cebf5aeef64799d88f5a529467093e5406cd5fec19d4b19857e7ca,,
1.0,G02-260204-155747-277,G02-260204-155747-277.bmp,G02,2026-02-04T15:57:47,2026-02-04,G02_2026-02-04,277,test,normal,,1025,1281,1,b2f9ec140dee0208c2c83b02ced7747c548e0e546569357838d6686ab7fa3a66,,
1.0,G02-260204-155754-278,G02-260204-155754-278.bmp,G02,2026-02-04T15:57:54,2026-02-04,G02_2026-02-04,278,test,normal,,1025,1281,1,ea1127495efccad17c2e6a068306f20f8cc5b65aeda36a0de83c7689eb74ec48,,
1.0,G02-260204-155816-279,G02-260204-155816-279.bmp,G02,2026-02-04T15:58:16,2026-02-04,G02_2026-02-04,279,test,normal,,1025,1281,1,1d6da2ea76579f49af7ab50d50208576f156f6a073a73f915cf28315dcf78f43,,
1.0,G02-260204-155824-280,G02-260204-155824-280.bmp,G02,2026-02-04T15:58:24,2026-02-04,G02_2026-02-04,280,test,normal,,1025,1281,1,4f9b5464e896cee246931c6fb9ac965528e1251ab0e169f1c518a76cfe1aa86a,,
1.0,G02-260204-155846-281,G02-260204-155846-281.bmp,G02,2026-02-04T15:58:46,2026-02-04,G02_2026-02-04,281,test,normal,,1025,1281,1,4aaea89a6b96efb8f5d354ad8196d495ea7f5d8cc15b5bc08ae33167aa86447a,,
1.0,G02-260204-155853-282,G02-260204-155853-282.bmp,G02,2026-02-04T15:58:53,2026-02-04,G02_2026-02-04,282,test,normal,,1025,1281,1,eb9722904da911482ce0d46037122173bb8ede38463dd52ad71d133357c5de94,,
1.0,G02-260204-155917-283,G02-260204-155917-283.bmp,G02,2026-02-04T15:59:17,2026-02-04,G02_2026-02-04,283,test,normal,,1025,1281,1,506b288903e7fad680a132df64c6ad7bbb6167baa2f9f1468059c2fbecf28fba,,
1.0,G02-260204-155923-284,G02-260204-155923-284.bmp,G02,2026-02-04T15:59:23,2026-02-04,G02_2026-02-04,284,test,normal,,1025,1281,1,b5936903b74e495e66475ba329f24423b2d5d9685bc4030ae0ef76cce2c0605e,,
1.0,G02-260204-155947-285,G02-260204-155947-285.bmp,G02,2026-02-04T15:59:47,2026-02-04,G02_2026-02-04,285,test,normal,,1025,1281,1,882f8b85fce5a6a5161321d28406be1270555ee3ba219fefa579d62021d87ec7,,
1.0,G02-260204-155955-286,G02-260204-155955-286.bmp,G02,2026-02-04T15:59:55,2026-02-04,G02_2026-02-04,286,test,normal,,1025,1281,1,32f51112476e4f376da71875132c6c0c54b14c987591f9a9fa44ddf57ea37a77,,
1.0,G02-260204-160017-287,G02-260204-160017-287.bmp,G02,2026-02-04T16:00:17,2026-02-04,G02_2026-02-04,287,test,normal,,1025,1281,1,fc39c69b957cab963e665a5bff417c65311edb8a6eec7d85edf5dd4b968dbcc9,,
1.0,G02-260204-160024-288,G02-260204-160024-288.bmp,G02,2026-02-04T16:00:24,2026-02-04,G02_2026-02-04,288,test,normal,,1025,1281,1,c1456ab8b041ff498fb1b44f872122316c3f55f48522be9c03ba919436684dbb,,
1.0,G02-260204-160046-289,G02-260204-160046-289.bmp,G02,2026-02-04T16:00:46,2026-02-04,G02_2026-02-04,289,test,normal,,1025,1281,1,ac08f51ae6c1ebfd71f4934a7999c429600bb0239b8095263d8a4dff3fcdb630,,
1.0,G02-260204-160053-290,G02-260204-160053-290.bmp,G02,2026-02-04T16:00:53,2026-02-04,G02_2026-02-04,290,test,normal,,1025,1281,1,679361c31a3c61127077da4718bcb574494d94828dd0400314309d98eac79db6,,
1.0,G02-260204-160117-291,G02-260204-160117-291.bmp,G02,2026-02-04T16:01:17,2026-02-04,G02_2026-02-04,291,test,normal,,1025,1281,1,d2aa23a502edcd819b22978c7337a8da8767c16699334f5b00ba13e783ea663c,,
1.0,G02-260204-160125-292,G02-260204-160125-292.bmp,G02,2026-02-04T16:01:25,2026-02-04,G02_2026-02-04,292,test,normal,,1025,1281,1,80e2a60d5728c3c3f76f772c615a6017adb360adc41825bf15aaeddfd9a94a46,,
1.0,G02-260204-160147-293,G02-260204-160147-293.bmp,G02,2026-02-04T16:01:47,2026-02-04,G02_2026-02-04,293,test,normal,,1025,1281,1,d9fa2440abdf514c2f5367f0c56b2cd57845335c378c0dda9e2394fb3aa82bfc,,
1.0,G02-260204-160154-294,G02-260204-160154-294.bmp,G02,2026-02-04T16:01:54,2026-02-04,G02_2026-02-04,294,test,normal,,1025,1281,1,f9ce328b9dcf7098f5990645ca53eae742de3d1c7ecc92ee023258c969c87db6,,
1.0,G02-260204-160218-295,G02-260204-160218-295.bmp,G02,2026-02-04T16:02:18,2026-02-04,G02_2026-02-04,295,test,normal,,1025,1281,1,8de63f8a65dc4fdab1bf6ca2df19bd3d2cd197c8a34af0f07fd3a137e77dad90,,
1.0,G02-260204-160225-296,G02-260204-160225-296.bmp,G02,2026-02-04T16:02:25,2026-02-04,G02_2026-02-04,296,test,normal,,1025,1281,1,7a58cc7b2c210ca7f689f1e5627472f5e395feaa7542e34804cad11aa97cc79f,,
1.0,G02-260204-160248-297,G02-260204-160248-297.bmp,G02,2026-02-04T16:02:48,2026-02-04,G02_2026-02-04,297,test,normal,,1025,1281,1,26e4a4a4d9d8099fc3933c08efcf22f42e32a77c7df20ea529b3a03d8eff6c08,,
1.0,G02-260204-160255-298,G02-260204-160255-298.bmp,G02,2026-02-04T16:02:55,2026-02-04,G02_2026-02-04,298,test,normal,,1025,1281,1,2acae82e9c3a4c823aff2b04846090b1506e2e8dcf52a92b7e612e12e785bb81,,
1.0,G02-260204-160320-299,G02-260204-160320-299.bmp,G02,2026-02-04T16:03:20,2026-02-04,G02_2026-02-04,299,test,normal,,1025,1281,1,71a0a35cf22a8816b4fe2b3d288e80573c2abd1c31e6a3479476b7472be32f33,,
1.0,G02-260204-160327-300,G02-260204-160327-300.bmp,G02,2026-02-04T16:03:27,2026-02-04,G02_2026-02-04,300,test,normal,,1025,1281,1,c2c6b2f2506c61d2524d3a3d35529da00053737bdcaa3137aeed006b818ba468,,
1.0,G02-260204-160349-301,G02-260204-160349-301.bmp,G02,2026-02-04T16:03:49,2026-02-04,G02_2026-02-04,301,test,normal,,1025,1281,1,1d825cb925db411302943b2c8229613c4a29e5efb5c23f9eccbc178c46c200fe,,
1.0,G02-260204-160358-302,G02-260204-160358-302.bmp,G02,2026-02-04T16:03:58,2026-02-04,G02_2026-02-04,302,test,normal,,1025,1281,1,72bb7a9845d73f06fee95f087546ebe16fa7bdccb566f02a340da594bcef89ad,,
1.0,G02-260204-160418-303,G02-260204-160418-303.bmp,G02,2026-02-04T16:04:18,2026-02-04,G02_2026-02-04,303,test,normal,,1025,1281,1,e5b20db1963e4401d6c8295e27759ceaa9910f592f54eaa26ae6a90e36d7d1f9,,
1.0,G02-260204-160425-304,G02-260204-160425-304.bmp,G02,2026-02-04T16:04:25,2026-02-04,G02_2026-02-04,304,test,normal,,1025,1281,1,2d342801bf3e3edeec17a40f94cf2129bc6f0a3101869bb3ebd2fd28cb1eed00,,
1.0,G02-260204-160447-305,G02-260204-160447-305.bmp,G02,2026-02-04T16:04:47,2026-02-04,G02_2026-02-04,305,test,normal,,1025,1281,1,4993b16e034e550cd2b67df0ce791a83a554521756b74a6e4713ae97fc9478d8,,
1.0,G02-260204-160454-306,G02-260204-160454-306.bmp,G02,2026-02-04T16:04:54,2026-02-04,G02_2026-02-04,306,test,normal,,1025,1281,1,7eaa734a36feab904b0f05420729634fa5d84c1c85ce043aa0674d0b8c512071,,
1.0,G02-260204-160517-307,G02-260204-160517-307.bmp,G02,2026-02-04T16:05:17,2026-02-04,G02_2026-02-04,307,test,normal,,1025,1281,1,d1e25ab4f188a57559584fd5b5c804afa577a4464d4cb2b76efb81055e834849,,
1.0,G02-260204-160524-308,G02-260204-160524-308.bmp,G02,2026-02-04T16:05:24,2026-02-04,G02_2026-02-04,308,test,normal,,1025,1281,1,f484bc179c4ccca4db5a822d6bb871cd0b55b88dbd90d7d7a5d45e916c8065e1,,
1.0,G02-260204-160550-309,G02-260204-160550-309.bmp,G02,2026-02-04T16:05:50,2026-02-04,G02_2026-02-04,309,test,normal,,1025,1281,1,f20a759a71b8b428d5a4415d7b2335edecdd63a4327df369dba018ea203412cf,,
1.0,G02-260204-160557-310,G02-260204-160557-310.bmp,G02,2026-02-04T16:05:57,2026-02-04,G02_2026-02-04,310,test,normal,,1025,1281,1,4b16128038c053c761d52a156050f2908448f79b27431d486f763bdce0128416,,
1.0,G02-260204-160620-311,G02-260204-160620-311.bmp,G02,2026-02-04T16:06:20,2026-02-04,G02_2026-02-04,311,test,normal,,1025,1281,1,f331fdec6a43e722a54c0a7a3ac867b8036c421fa8486bbbdf4dcb850ede7066,,
1.0,G02-260204-160626-312,G02-260204-160626-312.bmp,G02,2026-02-04T16:06:26,2026-02-04,G02_2026-02-04,312,test,normal,,1025,1281,1,737f9ff98fec55ebd8bd19903d34e17cbef6ea983e535dfc66fea346d22536d9,,
1.0,G02-260204-160650-313,G02-260204-160650-313.bmp,G02,2026-02-04T16:06:50,2026-02-04,G02_2026-02-04,313,test,normal,,1025,1281,1,db9afb52859bc338cc33b79e92dbe19e1dea75c21b7229b774a93c98aa55e7ec,,
1.0,G02-260204-160719-315,G02-260204-160719-315.bmp,G02,2026-02-04T16:07:19,2026-02-04,G02_2026-02-04,315,test,normal,,1025,1281,1,e268f33938a6b896dfc3fe75b0bc0cd44e9f7f0b23a6922f4f72ce8b58c0a0e3,,
1.0,G02-260204-160726-316,G02-260204-160726-316.bmp,G02,2026-02-04T16:07:26,2026-02-04,G02_2026-02-04,316,test,normal,,1025,1281,1,b1dff215762ba163a5e0089975dba70c6708ce7b0092575849e3464e5cebb659,,
1.0,G02-260204-160749-317,G02-260204-160749-317.bmp,G02,2026-02-04T16:07:49,2026-02-04,G02_2026-02-04,317,test,normal,,1025,1281,1,ce5ba7e3b20a80236d7ee339f5645ddff4705c3febd02306e12e01ef788d4616,,
1.0,G02-260204-160756-318,G02-260204-160756-318.bmp,G02,2026-02-04T16:07:56,2026-02-04,G02_2026-02-04,318,test,normal,,1025,1281,1,86ee1c2b70d219bfc3a988d3a0857e6fdf7c3fd1c9a259f519abc20d03fa410e,,
1.0,G02-260204-160820-319,G02-260204-160820-319.bmp,G02,2026-02-04T16:08:20,2026-02-04,G02_2026-02-04,319,test,normal,,1025,1281,1,a0d70682ae22d3107721ad1f497e2fcd1141e538ed6ef8fe60325df2cb497a3f,,
1.0,G02-260204-160826-320,G02-260204-160826-320.bmp,G02,2026-02-04T16:08:26,2026-02-04,G02_2026-02-04,320,test,normal,,1025,1281,1,067e2c5fae96e1aa1d5ee6940f171784805e02b4923110afea9fda29ed63bd45,,
1.0,G02-260204-160849-321,G02-260204-160849-321.bmp,G02,2026-02-04T16:08:49,2026-02-04,G02_2026-02-04,321,test,normal,,1025,1281,1,4ace4cd18e838bceb7be5834e40124ea7acf8f0dfdfaaf3fb307f3d5decdc768,,
1.0,G02-260204-160857-322,G02-260204-160857-322.bmp,G02,2026-02-04T16:08:57,2026-02-04,G02_2026-02-04,322,test,normal,,1025,1281,1,2fa0708f9bfbbe279da05c2d3161f4d90557b6de3f7999f48204fd31ec74b37f,,
1.0,G02-260204-160920-323,G02-260204-160920-323.bmp,G02,2026-02-04T16:09:20,2026-02-04,G02_2026-02-04,323,test,normal,,1025,1281,1,8cef349aff3cabe22dcbdcd79f5f79bd66022e25df5e7e573b42f32d582b4d3e,,
1.0,G02-260204-160927-324,G02-260204-160927-324.bmp,G02,2026-02-04T16:09:27,2026-02-04,G02_2026-02-04,324,test,normal,,1025,1281,1,191090e78d5695df33a60cba4c88e40685e0d9ac942aa7920c3e58e79bea2e8b,,
1.0,G02-260204-160950-325,G02-260204-160950-325.bmp,G02,2026-02-04T16:09:50,2026-02-04,G02_2026-02-04,325,test,normal,,1025,1281,1,fdf1c84e20cd825e1f6016eb05346baddb9ac326d8ffc0ae3048a157760317d1,,
1.0,G02-260204-160956-326,G02-260204-160956-326.bmp,G02,2026-02-04T16:09:56,2026-02-04,G02_2026-02-04,326,test,normal,,1025,1281,1,595e20d6c799b1157e225bc5eb174a43af766e8efe9555484d508a2e7ee2a416,,
1.0,G02-260204-161020-327,G02-260204-161020-327.bmp,G02,2026-02-04T16:10:20,2026-02-04,G02_2026-02-04,327,test,normal,,1025,1281,1,0b3fa7479f64badd5209199692ca9e0678591f749323660bf25d240d9e5ed59e,,
1.0,G02-260204-161027-328,G02-260204-161027-328.bmp,G02,2026-02-04T16:10:27,2026-02-04,G02_2026-02-04,328,test,normal,,1025,1281,1,32839429174db0f73ef623189671cfd8d2b9053d0bf98f441922eb34e33ca5cb,,
1.0,G02-260204-161050-329,G02-260204-161050-329.bmp,G02,2026-02-04T16:10:50,2026-02-04,G02_2026-02-04,329,test,normal,,1025,1281,1,27fb8a8a901388859cb70c3daadb6ab0d3ca0a87e2d5b76cd27d488a06a16b27,,
1.0,G02-260204-161057-330,G02-260204-161057-330.bmp,G02,2026-02-04T16:10:57,2026-02-04,G02_2026-02-04,330,test,normal,,1025,1281,1,fc60ff4fe22e19b62bacc67449e64a2a95d251967ab2f439dcbc3010ac4ac6b8,,
1.0,G02-260205-091549-258,G02-260205-091549-258.bmp,G02,2026-02-05T09:15:49,2026-02-05,G02_2026-02-05,258,test,normal,,1025,1281,1,b6f0e92862218977b9bf0bf84fbd4ef074fe5c76f67f11a10a98a4592b3fdf48,isolated_capture,
