schema_version,sample_id,source_relpath,camera_angle,captured_at_local,capture_date,session_id,sequence_no,split,label,defect_type,width,height,channels,source_sha256,quality_flags,notes
1.0,G01-260201-115803-681,G01-260201-115803-681.bmp,G01,2026-02-01T11:58:03,2026-02-01,G01_2026-02-01,681,train,normal,,1025,1281,1,e2b6ac58d01ffccf6aae61a749c9b5191ceb8e752226ca797036a55c5789755f,,
1.0,G01-260201-115814-682,G01-260201-115814-682.bmp,G01,2026-02-01T11:58:14,2026-02-01,G01_2026-02-01,682,train,normal,,1025,1281,1,066ac0ef5be9ec312050ef033d4e7ffd0e6fc5464df92253f82c1a2baefbded7,,
1.0,G01-260201-115821-683,G01-260201-115821-683.bmp,G01,2026-02-01T11:58:21,2026-02-01,G01_2026-02-01,683,train,normal,,1025,1281,1,655c43cd20329da52469a19a7e0b63b8f9baaa9586964605f44d0e496229acc9,,
1.0,G01-260201-115827-684,G01-260201-115827-684.bmp,G01,2026-02-01T11:58:27,2026-02-01,G01_2026-02-01,684,train,normal,,1025,1281,1,63791be423401c249d242315d350084477bbea0fc564b83e4b7e41e58b0a90d9,,
1.0,G01-260201-115848-685,G01-260201-115848-685.bmp,G01,2026-02-01T11:58:48,2026-02-01,G01_2026-02-01,685,train,normal,,1025,1281,1,a48e09d4d649e682059e32be68b015cee54ec4d980a025064193d6267a0ead8a,,
1.0,G01-260201-115919-686,G01-260201-115919-686.bmp,G01,2026-02-01T11:59:19,2026-02-01,G01_2026-02-01,686,train,normal,,1025,1281,1,e145b16a5ce6ec4ef4a210038bc66f4bbf0f9d84d7fd8538b7b20ef7d9cbb20d,,
1.0,G01-260201-115925-687,G01-260201-115925-687.bmp,G01,2026-02-01T11:59:25,2026-02-01,G01_2026-02-01,687,train,normal,,1025,1281,1,a659d25fbe212b2971a13a092fb10ebb99fb38dd362b8aa0478193d38c337e24,,
1.0,G01-260201-115949-688,G01-260201-115949-688.bmp,G01,2026-02-01T11:59:49,2026-02-01,G01_2026-02-01,688,train,normal,,1025,1281,1,291ad16f6bc31aaf079b834069a06ea0d023d5859a9b0a260b064b93d020bdbf,,
1.0,G01-260201-115955-689,G01-260201-115955-689.bmp,G01,2026-02-01T11:59:55,2026-02-01,G01_2026-02-01,689,train,normal,,1025,1281,1,6793cfa8f68fcbb2a3fcc5cb6ba5fba18578de1dc6d4ea77501043c0cbb18966,,
1.0,G01-260201-120020-690,G01-260201-120020-690.bmp,G01,2026-02-01T12:00:20,2026-02-01,G01_2026-02-01,690,train,normal,,1025,1281,1,055406b27382b04bf3715be9e0f87ca10b6889a42c29530460036124024587c2,,
1.0,G01-260201-120027-691,G01-260201-120027-691.bmp,G01,2026-02-01T12:00:27,2026-02-01,G01_2026-02-01,691,train,normal,,1025,1281,1,9546977747fb6b9e7ef074529c76ca1c00976b90aba4ea2a6c62efacd82848b2,,
1.0,G01-260201-120053-692,G01-260201-120053-692.bmp,G01,2026-02-01T12:00:53,2026-02-01,G01_2026-02-01,692,train,normal,,1025,1281,1,8602045a57ee5dbb9e0f78c5a7077391e61fb4df6ca0ecc10e9db263df94d2a2,,
1.0,G01-260201-120059-693,G01-260201-120059-693.bmp,G01,2026-02-01T12:00:59,2026-02-01,G01_2026-02-01,693,train,normal,,1025,1281,1,d8cdb7daded61a286042520b87fb5b64f7a0f5c1831180c2c8dc9f9c984e4ee4,,
1.0,G01-260201-120121-694,G01-260201-120121-694.bmp,G01,2026-02-01T12:01:21,2026-02-01,G01_2026-02-01,694,train,normal,,1025,1281,1,307796e50255f9696b82d32a0efd39fb146c4f25ecfacb4eb2ac8f6d8ce84d26,,
1.0,G01-260201-120127-695,G01-260201-120127-695.bmp,G01,2026-02-01T12:01:27,2026-02-01,G01_2026-02-01,695,train,normal,,1025,1281,1,2cba5de9b8a36d9fb97a456a817d715a1bafe7cb853c8a0989da3dcda9bc320c,,
1.0,G01-260201-120152-696,G01-260201-120152-696.bmp,G01,2026-02-01T12:01:52,2026-02-01,G01_2026-02-01,696,train,normal,,1025,1281,1,4784c95f5fd6c3768887ee04082bb919802b34abf7585bd6635b75a0bf6c2817,,
1.0,G01-260201-120158-697,G01-260201-120158-697.bmp,G01,2026-02-01T12:01:58,2026-02-01,G01_2026-02-01,697,train,normal,,1025,1281,1,7a3298ca8d82fde4cfa284bcb726a2f9c5d546284caa78e410be3956eb56af79,,
1.0,G01-260201-120220-698,G01-260201-120220-698.bmp,G01,2026-02-01T12:02:20,2026-02-01,G01_2026-02-01,698,train,normal,,1025,1281,1,3989c5bb55523ff01d8a8ef8add60c0805e1be39b1c5b1bd94b34f821e39c4a0,,
1.0,G01-260201-120226-699,G01-260201-120226-699.bmp,G01,2026-02-01T12:02:26,2026-02-01,G01_2026-02-01,699,train,normal,,1025,1281,1,572e582f2d238adce0eb5288d3b90b85a28b39e42d8f8e45f71576f500f70ff5,,
1.0,G01-260201-120252-700,G01-260201-120252-700.bmp,G01,2026-02-01T12:02:52,2026-02-01,G01_2026-02-01,700,train,normal,,1025,1281,1,337d6ba8ef7f812c4e88fde37083ee1d1fcd4de580da504eba0e3e5fdbbca04f,,
1.0,G01-260201-120258-701,G01-260201-120258-701.bmp,G01,2026-02-01T12:02:58,2026-02-01,G01_2026-02-01,701,train,normal,,1025,1281,1,9330ca87eca1ce5ebbecab011e148ba028aff9280270a47af57b4c9fe574bde8,,
1.0,G01-260201-120321-702,G01-260201-120321-702.bmp,G01,2026-02-01T12:03:21,2026-02-01,G01_2026-02-01,702,train,normal,,1025,1281,1,40240461170174236ebe82b103bef38999527fb40b4955d1df6f54ef8210179e,,
1.0,G01-260201-120327-703,G01-260201-120327-703.bmp,G01,2026-02-01T12:03:27,2026-02-01,G01_2026-02-01,703,train,normal,,1025,1281,1,e0f5594c938c1c50ea8ec29c95887e658fc9ffb67d3e56ca4944a3cc4d90d8dd,,
1.0,G01-260201-120351-704,G01-260201-120351-704.bmp,G01,2026-02-01T12:03:51,2026-02-01,G01_2026-02-01,704,train,normal,,1025,1281,1,32df5ed5a49cd84fcc7a071bc5d01fc4b55880fdbb22c61e10161d042d8ab5f0,,
1.0,G01-260201-120357-705,G01-260201-120357-705.bmp,G01,2026-02-01T12:03:57,2026-02-01,G01_2026-02-01,705,train,normal,,1025,1281,1,13e0c7855a021e9ac86b6fd5eae8a18e6210328c3a125a5c36a597caf8b2adc1,,
1.0,G01-260201-120422-706,G01-260201-120422-706.bmp,G01,2026-02-01T12:04:22,2026-02-01,G01_2026-02-01,706,train,normal,,1025,1281,1,6f53fe551bea85efce3ced67cac3510dc85ac78570e8f4233dfb34c1a697eb92,,
1.0,G01-260201-120428-707,G01-260201-120428-707.bmp,G01,2026-02-01T12:04:28,2026-02-01,G01_2026-02-01,707,train,normal,,1025,1281,1,970ca74bee6d62dd7087056e9b97e91308087525c7ec11c6c6060d3e4ef1ffe3,,
1.0,G01-260201-120452-708,G01-260201-120452-708.bmp,G01,2026-02-01T12:04:52,2026-02-01,G01_2026-02-01,708,train,normal,,1025,1281,1,de32a0ea45ccd54b276a5cd1d5a7571bb6688e31e2d5b03cba8654fb65ca94f9,,
1.0,G01-260201-120458-709,G01-260201-120458-709.bmp,G01,2026-02-01T12:04:58,2026-02-01,G01_2026-02-01,709,train,normal,,1025,1281,1,55fbf391e094acbffc9198483c7842d3d65b8489140f9675c71f816d6d96b1ed,,
1.0,G01-260201-120522-710,G01-260201-120522-710.bmp,G01,2026-02-01T12:05:22,2026-02-01,G01_2026-02-01,710,train,normal,,1025,1281,1,b91105204db49c6f9031770c797f623cb2d16cdbc84c089ebb27f29779705b8b,,
1.0,G01-260201-120528-711,G01-260201-120528-711.bmp,G01,2026-02-01T12:05:28,2026-02-01,G01_2026-02-01,711,train,normal,,1025,1281,1,a239d1c20fe91ade988fafa1c9df3adbee48b652fbed43a9387e10e27783fa92,,
1.0,G01-260201-120551-712,G01-260201-120551-712.bmp,G01,2026-02-01T12:05:51,2026-02-01,G01_2026-02-01,712,train,normal,,1025,1281,1,e52ce93e5893be10ea5d8f620ab34c6ca05143a54dd97bc0e70524bc3cddb59e,,
1.0,G01-260201-120558-713,G01-260201-120558-713.bmp,G01,2026-02-01T12:05:58,2026-02-01,G01_2026-02-01,713,train,normal,,1025,1281,1,22e4d3b09dfd131d7cef124edbfeee07c01df7792a062d28c365fffb6f1bcfdb,,
1.0,G01-260201-120623-714,G01-260201-120623-714.bmp,G01,2026-02-01T12:06:23,2026-02-01,G01_2026-02-01,714,train,normal,,1025,1281,1,5c878c249c4a06f852f99b087694fdef8f8e385402a02b3a0831951a2717e215,,
1.0,G01-260201-120629-715,G01-260201-120629-715.bmp,G01,2026-02-01T12:06:29,2026-02-01,G01_2026-02-01,715,train,normal,,1025,1281,1,76642b3c89079910cbc22d8883607e43b634432bbadaaf655173753f50bd6431,,
1.0,G01-260201-120652-716,G01-260201-120652-716.bmp,G01,2026-02-01T12:06:52,2026-02-01,G01_2026-02-01,716,train,normal,,1025,1281,1,85f59b02ffbb9e276f70335fa745c710319ed692c7daf2cf6e26b931d69a4141,,
1.0,G01-260201-120659-717,G01-260201-120659-717.bmp,G01,2026-02-01T12:06:59,2026-02-01,G01_2026-02-01,717,train,normal,,1025,1281,1,e2e1007a5c0a2518be15ae722761b7b59d1ac21e9ac0c7a8135fa349e5e1812c,,
1.0,G01-260201-120723-718,G01-260201-120723-718.bmp,G01,2026-02-01T12:07:23,2026-02-01,G01_2026-02-01,718,train,normal,,1025,1281,1,edbfbbc129a975d40d5af98a53fda54ed9ef20713c6b3018bf2819c84a3cf463,,
1.0,G01-260201-120729-719,G01-260201-120729-719.bmp,G01,2026-02-01T12:07:29,2026-02-01,G01_2026-02-01,719,train,normal,,1025,1281,1,b5969be6a1c4227f64653579ad6ef3dd69c19f4ef41dcbaeb4ac5b0746dae324,,
1.0,G01-260201-120752-720,G01-260201-120752-720.bmp,G01,2026-02-01T12:07:52,2026-02-01,G01_2026-02-01,720,train,normal,,1025,1281,1,776ed899584a4a8923eadd80dffac092d90cc904bd7cd8c81419cbf971c61e4b,,
1.0,G01-260201-120759-721,G01-260201-120759-721.bmp,G01,2026-02-01T12:07:59,2026-02-01,G01_2026-02-01,721,train,normal,,1025,1281,1,1c231e252ab9386d88bde75a184d68371bdb63afeb158a5d1f4629b88c42ac23,,
1.0,G01-260201-120823-722,G01-260201-120823-722.bmp,G01,2026-02-01T12:08:23,2026-02-01,G01_2026-02-01,722,train,normal,,1025,1281,1,ee68d3e1d921eaff5e90a0dc4a4f8611d46b29b4956a50aad9f1818af915d0b8,,
1.0,G01-260201-120829-723,G01-260201-120829-723.bmp,G01,2026-02-01T12:08:29,2026-02-01,G01_2026-02-01,723,train,normal,,1025,1281,1,558c4afb12a0b2c3a0f1fa2a4adcce068b04c80e561b489217a3c3241e670478,,
1.0,G01-260201-120852-724,G01-260201-120852-724.bmp,G01,2026-02-01T12:08:52,2026-02-01,G01_2026-02-01,724,train,normal,,1025,1281,1,c1fefe91c2475054f4cc488b8454e9ad75e31d5004cadc516fdac6fe0989f4b6,,
1.0,G01-260201-120859-725,G01-260201-120859-725.bmp,G01,2026-02-01T12:08:59,2026-02-01,G01_2026-02-01,725,train,normal,,1025,1281,1,d8e7c57d45057aff177e901b322541f8ec7f690d93bd1419507758dbaa684375,,
1.0,G01-260201-120922-726,G01-260201-120922-726.bmp,G01,2026-02-01T12:09:22,2026-02-01,G01_2026-02-01,726,train,normal,,1025,1281,1,ffd77a5ba9df27dfbbe963e65d81b9bdab0ac25396c1e18409b8e2433cd3b1bd,,
1.0,G01-260201-120930-727,G01-260201-120930-727.bmp,G01,2026-02-01T12:09:30,2026-02-01,G01_2026-02-01,727,train,normal,,1025,1281,1,1434d65df1a243f595db0c5bd67b319c92e34ab1e362d20b944ee8e9a1a87887,,
1.0,G01-260201-120954-728,G01-260201-120954-728.bmp,G01,2026-02-01T12:09:54,2026-02-01,G01_2026-02-01,728,train,normal,,1025,1281,1,9039150a8199ffecbc36759b2a8c31e618b1111ede693dae9c5595bb9461831c,,
1.0,G01-260201-121000-729,G01-260201-121000-729.bmp,G01,2026-02-01T12:10:00,2026-02-01,G01_2026-02-01,729,train,normal,,1025,1281,1,47e11c65b4a01cd32d8d7de8a203101b6346d7c5721b0c9a4cdb2d3b18ff51fb,,
1.0,G01-260201-121023-730,G01-260201-121023-730.bmp,G01,2026-02-01T12:10:23,2026-02-01,G01_2026-02-01,730,train,normal,,1025,1281,1,398e834cc6a90887510a91b861f201ba11dcbb2edacd2f76bf019f3ab80813c6,,
1.0,G01-260201-121029-731,G01-260201-121029-731.bmp,G01,2026-02-01T12:10:29,2026-02-01,G01_2026-02-01,731,train,normal,,1025,1281,1,8b2de1e6213f682ca1bd2aadd6d4650ee16b2178dfa83f1a4c23817b731b4f95,,
1.0,G01-260201-121053-732,G01-260201-121053-732.bmp,G01,2026-02-01T12:10:53,2026-02-01,G01_2026-02-01,732,train,normal,,1025,1281,1,0382ab2ef4caf28d615b07cfb5e430cb178624505cc54b7b33959fb10949be71,,
1.0,G01-260201-121059-733,G01-260201-121059-733.bmp,G01,2026-02-01T12:10:59,2026-02-01,G01_2026-02-01,733,train,normal,,1025,1281,1,8cf762eef026a0e12c0a1e591db0bc3d7c2a55f9cf897b0e55eed697fe891c90,,
1.0,G01-260201-121122-734,G01-260201-121122-734.bmp,G01,2026-02-01T12:11:22,2026-02-01,G01_2026-02-01,734,train,normal,,1025,1281,1,458cb538c25b2fd1df41a0d404e61925fbd91dbaa7a4414c593c87724d813232,,
1.0,G01-260201-121129-735,G01-260201-121129-735.bmp,G01,2026-02-01T12:11:29,2026-02-01,G01_2026-02-01,735,train,normal,,1025,1281,1,2a24a80be36f647fd4c2341886de8f8df255d8cfd9008338d8afa2a56b43b1a7,,
1.0,G01-260201-121153-736,G01-260201-121153-736.bmp,G01,2026-02-01T12:11:53,2026-02-01,G01_2026-02-01,736,train,normal,,1025,1281,1,60738d9c19c9b799f8263bdb8595b216684ac14ce57e2ebccddbb54d873b68ab,,
1.0,G01-260201-121200-737,G01-260201-121200-737.bmp,G01,2026-02-01T12:12:00,2026-02-01,G01_2026-02-01,737,train,normal,,1025,1281,1,9650a0e99d23c009eac7b38dbde0741341a246b6133d30ea56b22a9765e725d5,,
1.0,G01-260201-121225-738,G01-260201-121225-738.bmp,G01,2026-02-01T12:12:25,2026-02-01,G01_2026-02-01,738,train,normal,,1025,1281,1,8ef6933569fc9aec5c60ee27016ac25260a10ec235073f504d78907c4b650016,,
1.0,G01-260201-121231-739,G01-260201-121231-739.bmp,G01,2026-02-01T12:12:31,2026-02-01,G01_2026-02-01,739,train,normal,,1025,1281,1,08669622717e07a0252faca78d4d2ff49c2ea18d0e74a56391a7592ee2eebe50,,
1.0,G01-260201-121255-740,G01-260201-121255-740.bmp,G01,2026-02-01T12:12:55,2026-02-01,G01_2026-02-01,740,train,normal,,1025,1281,1,9a1743c65ca464ed389fabb67cf21af3367b058ef5a3bf29a0151fd4e097de29,,
1.0,G01-260201-121301-741,G01-260201-121301-741.bmp,G01,2026-02-01T12:13:01,2026-02-01,G01_2026-02-01,741,train,normal,,1025,1281,1,6d9fc84e8ae056242c56c7af4b1f719d0090895c82f3d3d3eadd2f8507c320bf,,
1.0,G01-260201-121324-742,G01-260201-121324-742.bmp,G01,2026-02-01T12:13:24,2026-02-01,G01_2026-02-01,742,train,normal,,1025,1281,1,8d27865c599fdb99e452cd8b8bb7a6fc28477be7be72c6e96438b3cd8cf8f31a,,
1.0,G01-260201-121330-743,G01-260201-121330-743.bmp,G01,2026-02-01T12:13:30,2026-02-01,G01_2026-02-01,743,train,normal,,1025,1281,1,08791c9b15b90e4d4d9b92880ef6d751df0080eed8c7b47330bc31dd61c1ed08,,
1.0,G01-260201-121354-744,G01-260201-121354-744.bmp,G01,2026-02-01T12:13:54,2026-02-01,G01_2026-02-01,744,train,normal,,1025,1281,1,a67cf10103c04ac384bffa0ce285cba3d84cbec784380baee75b0e2669b66f72,,
1.0,G01-260201-121400-745,G01-260201-121400-745.bmp,G01,2026-02-01T12:14:00,2026-02-01,G01_2026-02-01,745,train,normal,,1025,1281,1,6e929766e97ec482d0a9ad0e0bf8b26eb6291f8f86f72e7aa26a26f2830b36aa,,
1.0,G01-260201-121425-746,G01-260201-121425-746.bmp,G01,2026-02-01T12:14:25,2026-02-01,G01_2026-02-01,746,train,normal,,1025,1281,1,cf7f8d2389396fb93a8b03bd52ea545710e500400fdc92572c1a2330b1376aae,,
1.0,G01-260201-121431-747,G01-260201-121431-747.bmp,G01,2026-02-01T12:14:31,2026-02-01,G01_2026-02-01,747,train,normal,,1025,1281,1,37bb4317db08c28e916098030fdc8c4613b6c3a3ec3370b71083e1686bd50826,,
1.0,G01-260201-121454-748,G01-260201-121454-748.bmp,G01,2026-02-01T12:14:54,2026-02-01,G01_2026-02-01,748,train,normal,,1025,1281,1,69dcacf67f6b660bf4265563d35f4d2b7aec53e728054ef0b5232dcd394633a5,,
1.0,G01-260201-121501-749,G01-260201-121501-749.bmp,G01,2026-02-01T12:15:01,2026-02-01,G01_2026-02-01,749,train,normal,,1025,1281,1,1e9799c39db86cf08a24e1eade8b72537b11d3ab2117a2fe73b3a0858e3d1bf3,,
1.0,G01-260201-121524-750,G01-260201-121524-750.bmp,G01,2026-02-01T12:15:24,2026-02-01,G01_2026-02-01,750,train,normal,,1025,1281,1,f7bd704761216e47cb5e2186b738c9eea51e28e6bd6fa27b7768a6e09f559659,,
1.0,G01-260201-121531-751,G01-260201-121531-751.bmp,G01,2026-02-01T12:15:31,2026-02-01,G01_2026-02-01,751,train,normal,,1025,1281,1,f3c4ea2c5edaff8a8a79a85785f34d0ab8c8db7f125cc052429d585af3186da4,,
1.0,G01-260201-121556-752,G01-260201-121556-752.bmp,G01,2026-02-01T12:15:56,2026-02-01,G01_2026-02-01,752,train,normal,,1025,1281,1,e1a3616f276f354db2e66927eb635e64619618315eecaa35e9693d76aaa1999b,,
1.0,G01-260201-121602-753,G01-260201-121602-753.bmp,G01,2026-02-01T12:16:02,2026-02-01,G01_2026-02-01,753,train,normal,,1025,1281,1,5d26e4cdf12c32df704bc2d0961ca14f8af27b248379b3101434632cbcc5b85e,,
1.0,G01-260201-121627-754,G01-260201-121627-754.bmp,G01,2026-02-01T12:16:27,2026-02-01,G01_2026-02-01,754,train,normal,,1025,1281,1,09ab10e6efd34eee0da6a0987c57dfd6013e3c57179d76340e3267fff14b6160,,
1.0,G01-260201-121633-755,G01-260201-121633-755.bmp,G01,2026-02-01T12:16:33,2026-02-01,G01_2026-02-01,755,train,normal,,1025,1281,1,ae578153cde7aed16417416153a793acf9d0818b4693e971b4c23da09931bd34,,
1.0,G01-260201-121655-756,G01-260201-121655-756.bmp,G01,2026-02-01T12:16:55,2026-02-01,G01_2026-02-01,756,train,normal,,1025,1281,1,ac74c9c6d1741b884db6f15ab781068fc5ae3e98616184b20c33ded702f1bb08,,
1.0,G01-260201-121701-757,G01-260201-121701-757.bmp,G01,2026-02-01T12:17:01,2026-02-01,G01_2026-02-01,757,train,normal,,1025,1281,1,30a67bc30772699f5040fcc3f8b40771299d0873f004596e0f261b34a4945093,,
1.0,G01-260201-121726-758,G01-260201-121726-758.bmp,G01,2026-02-01T12:17:26,2026-02-01,G01_2026-02-01,758,train,normal,,1025,1281,1,0248c11cd21cd9af800dbe8104f335b6b5a5d36ae074b85710624fa710b40ad3,,
1.0,G01-260201-121732-759,G01-260201-121732-759.bmp,G01,2026-02-01T12:17:32,2026-02-01,G01_2026-02-01,759,train,normal,,1025,1281,1,083a3cce5ac506380137cf9d6b3fd839d0c7455736b3ec5b53f26d65b3f7f065,,
1.0,G01-260201-121755-760,G01-260201-121755-760.bmp,G01,2026-02-01T12:17:55,2026-02-01,G01_2026-02-01,760,train,normal,,1025,1281,1,0e1fb90036efd46b086c89b67c7a57be13f6af0e4408d0b2faadef42a8958f47,,
1.0,G01-260201-121802-761,G01-260201-121802-761.bmp,G01,2026-02-01T12:18:02,2026-02-01,G01_2026-02-01,761,train,normal,,1025,1281,1,3886d12efb909cf951afa015877f4d6e97a8791078123043a14ffef8bcdb2a3f,,
1.0,G01-260201-121823-762,G01-260201-121823-762.bmp,G01,2026-02-01T12:18:23,2026-02-01,G01_2026-02-01,762,train,normal,,1025,1281,1,943d3b7b666b61dbf167e950a0880376ec3683efdf7d014ac17d02e67ae7fc66,,
1.0,G01-260201-121830-763,G01-260201-121830-763.bmp,G01,2026-02-01T12:18:30,2026-02-01,G01_2026-02-01,763,train,normal,,1025,1281,1,3d633f43b79296ade098a55e76011c7a9a9dc18a581d2643c585002afa527032,,
1.0,G01-260201-121857-764,G01-260201-121857-764.bmp,G01,2026-02-01T12:18:57,2026-02-01,G01_2026-02-01,764,train,normal,,1025,1281,1,730311f3c5a11897614513bc0cbda4f12a5d37d0694a4aa786bdac551b67bbb0,,
1.0,G01-260201-121903-765,G01-260201-121903-765.bmp,G01,2026-02-01T12:19:03,2026-02-01,G01_2026-02-01,765,train,normal,,1025,1281,1,256b653f255c9258bae2eca105ec9df805f17644b369dbd63f54b4e4f471abac,,
1.0,G01-260201-121926-766,G01-260201-121926-766.bmp,G01,2026-02-01T12:19:26,2026-02-01,G01_2026-02-01,766,train,normal,,1025,1281,1,ca2a1e9dfd274dd041d0ef64b524f68fbb6ea7188db856168e6f5ce5cb617a1f,,
1.0,G01-260201-121932-767,G01-260201-121932-767.bmp,G01,2026-02-01T12:19:32,2026-02-01,G01_2026-02-01,767,train,normal,,1025,1281,1,bd4b0b838f0704dd968fc599eeb9f727c401727c6531dd12615e97168b66a798,,
1.0,G01-260201-121956-768,G01-260201-121956-768.bmp,G01,2026-02-01T12:19:56,2026-02-01,G01_2026-02-01,768,train,normal,,1025,1281,1,8d6abf6bf752b0146780e657251b0285dd302b90891c4cb48458199f96c74e73,,
1.0,G01-260201-122002-769,G01-260201-122002-769.bmp,G01,2026-02-01T12:20:02,2026-02-01,G01_2026-02-01,769,train,normal,,1025,1281,1,e51ff4134228798f366505debbd2c3bf5bc5105d10d0d48e3731f41eabdfac62,,
1.0,G01-260201-122026-770,G01-260201-122026-770.bmp,G01,2026-02-01T12:20:26,2026-02-01,G01_2026-02-01,770,train,normal,,1025,1281,1,a390c7a60d8d4dd0515e9b8a24d72acbdbb9fb1be580483e40e65c2ec79a2bc5,,
1.0,G01-260201-122033-771,G01-260201-122033-771.bmp,G01,2026-02-01T12:20:33,2026-02-01,G01_2026-02-01,771,train,normal,,1025,1281,1,d62489ebf5c9e81a4dd6c15e8df2b4d97045f738d56dbb8d18afde78424786c9,,
1.0,G01-260201-122051-772,G01-260201-122051-772.bmp,G01,2026-02-01T12:20:51,2026-02-01,G01_2026-02-01,772,train,normal,,1025,1281,1,032386ea54b8e8d89c41805e0a299a0c6427ba00dc45b2ef6103e64c79cf1c49,,
1.0,G01-260201-122131-773,G01-260201-122131-773.bmp,G01,2026-02-01T12:21:31,2026-02-01,G01_2026-02-01,773,train,normal,,1025,1281,1,67fdfa4b9c3df7a48e9e1552dfa60a71ac26247a0cc594f93a9d1a1cad542be7,,
1.0,G01-260201-122137-774,G01-260201-122137-774.bmp,G01,2026-02-01T12:21:37,2026-02-01,G01_2026-02-01,774,train,normal,,1025,1281,1,d9df28780a02ea3f355ae8be15e4a1948b48c820ed8746091e0f12fa1879dc65,,
1.0,G01-260201-122144-775,G01-260201-122144-775.bmp,G01,2026-02-01T12:21:44,2026-02-01,G01_2026-02-01,775,train,normal,,1025,1281,1,b27fc34c1d499d210e7239b9cbd62e732158310c82c90d2f66800525472397da,,
1.0,G01-260201-122158-776,G01-260201-122158-776.bmp,G01,2026-02-01T12:21:58,2026-02-01,G01_2026-02-01,776,train,normal,,1025,1281,1,9cadfa1887acf6035940d93d0bac34a3f082c539cab08fe407def5572977d8dc,,
1.0,G01-260201-122204-777,G01-260201-122204-777.bmp,G01,2026-02-01T12:22:04,2026-02-01,G01_2026-02-01,777,train,normal,,1025,1281,1,7e18b95c35f40e1ec41528776cbe14476e1a6e92592056c455827e3e5b2f0195,,
1.0,G01-260201-122226-778,G01-260201-122226-778.bmp,G01,2026-02-01T12:22:26,2026-02-01,G01_2026-02-01,778,train,normal,,1025,1281,1,b0e268fbd2de2b75118da75a8d64a279db37d0eb4d106a792ab8dadf34658120,,
1.0,G01-260201-122233-779,G01-260201-122233-779.bmp,G01,2026-02-01T12:22:33,2026-02-01,G01_2026-02-01,779,train,normal,,1025,1281,1,3e417df253a721ad7c8176dec5a66cdd2c323bb480850de8809fa3f6084ba9b9,,
1.0,G01-260201-122257-780,G01-260201-122257-780.bmp,G01,2026-02-01T12:22:57,2026-02-01,G01_2026-02-01,780,train,normal,,1025,1281,1,3d5a0b0c8d4cb24fdac8f850f198ff1573a9e35a8f49c12ff386134acc93da5f,,
1.0,G01-260201-122303-781,G01-260201-122303-781.bmp,G01,2026-02-01T12:23:03,2026-02-01,G01_2026-02-01,781,train,normal,,1025,1281,1,8187794d1739c7d736df7ed365d84a1bad38c6a1aad7a8ddc38129c20724bb34,,
1.0,G01-260201-122329-782,G01-260201-122329-782.bmp,G01,2026-02-01T12:23:29,2026-02-01,G01_2026-02-01,782,train,normal,,1025,1281,1,0707b8bf0bf01c1e8112978b960b8f0dd0eac827a1da50a63b6bbeae0d61abeb,,
1.0,G01-260201-122336-783,G01-260201-122336-783.bmp,G01,2026-02-01T12:23:36,2026-02-01,G01_2026-02-01,783,train,normal,,1025,1281,1,9bc1dafd6b6a156b95233fada05a5ce456fe6d753ea8da7b98e2eb28b58260c0,,
1.0,G01-260201-122358-784,G01-260201-122358-784.bmp,G01,2026-02-01T12:23:58,2026-02-01,G01_2026-02-01,784,train,normal,,1025,1281,1,dfa225b2843618bf7c5264c4028edd7072fad410c8ae044aae8ad8c59a8e3a80,,
1.0,G01-260201-122405-785,G01-260201-122405-785.bmp,G01,2026-02-01T12:24:05,2026-02-01,G01_2026-02-01,785,train,normal,,1025,1281,1,b56ef1c0a123dcb6fbc09fc873a01c8de8cbe084294d65c90aea77ff1495686c,,
1.0,G01-260201-122428-786,G01-260201-122428-786.bmp,G01,2026-02-01T12:24:28,2026-02-01,G01_2026-02-01,786,train,normal,,1025,1281,1,94b1a45f9346a910b545ffc77cc4b0ebe257bd0e0ba498b9e1ff0b9a7b5e170c,,
1.0,G01-260201-122434-787,G01-260201-122434-787.bmp,G01,2026-02-01T12:24:34,2026-02-01,G01_2026-02-01,787,train,normal,,1025,1281,1,7d9ccbaf4144ef5e16fd2834cee2225d7e937431cf82abefcd01e0623eb0a3b4,,
1.0,G01-260201-122459-788,G01-260201-122459-788.bmp,G01,2026-02-01T12:24:59,2026-02-01,G01_2026-02-01,788,train,normal,,1025,1281,1,c705ad5a68fefb58e148c3a4ee614893ee425978d9ae660a41a2668f68056b40,,
1.0,G01-260201-122505-789,G01-260201-122505-789.bmp,G01,2026-02-01T12:25:05,2026-02-01,G01_2026-02-01,789,train,normal,,1025,1281,1,6958470e29843c97ab3d764ca48c211c5fc620ca254140f4eaaa3102c3327e7b,,
1.0,G01-260201-122535-790,G01-260201-122535-790.bmp,G01,2026-02-01T12:25:35,2026-02-01,G01_2026-02-01,790,train,normal,,1025,1281,1,b4629c698b3c5dda2acc561eea38f2ceaec2f9692d48f279b04fae08e9a6a8f3,,
1.0,G01-260201-122541-791,G01-260201-122541-791.bmp,G01,2026-02-01T12:25:41,2026-02-01,G01_2026-02-01,791,train,normal,,1025,1281,1,2668b4f69cd91464d7e31514f51255cca2293e12cd439d6408696056ead49d90,,
1.0,G01-260201-122547-792,G01-260201-122547-792.bmp,G01,2026-02-01T12:25:47,2026-02-01,G01_2026-02-01,792,train,normal,,1025,1281,1,02809c04c039984cede8999283126f111e666961d2eac182e5c55845bf430e15,,
1.0,G01-260201-122558-793,G01-260201-122558-793.bmp,G01,2026-02-01T12:25:58,2026-02-01,G01_2026-02-01,793,train,normal,,1025,1281,1,8a5f31c501e475c3bfdae0be6c87d2408e24b3c2c9eabda66f0032d1d512d5c7,,
1.0,G01-260201-122628-794,G01-260201-122628-794.bmp,G01,2026-02-01T12:26:28,2026-02-01,G01_2026-02-01,794,train,normal,,1025,1281,1,71fabaea1ba55d1aca641f4a9909207d78328df6a506f1872fb71732b5a9f2cc,,
1.0,G01-260201-122634-795,G01-260201-122634-795.bmp,G01,2026-02-01T12:26:34,2026-02-01,G01_2026-02-01,795,train,normal,,1025,1281,1,ee42941ca3ff783335e8faf863114c87ad458632588437c3c8c4f3818d19461f,,
1.0,G01-260201-122658-796,G01-260201-122658-796.bmp,G01,2026-02-01T12:26:58,2026-02-01,G01_2026-02-01,796,train,normal,,1025,1281,1,bf9765cc5f4abe948b43a9ccc533908989b93ad0b569bc950a773c2372ff47c4,,
1.0,G01-260201-122705-797,G01-260201-122705-797.bmp,G01,2026-02-01T12:27:05,2026-02-01,G01_2026-02-01,797,train,normal,,1025,1281,1,0168ef620233f924a565b9f18ffc0f63a2fd16a220556268edf3a7945b29802d,,
1.0,G01-260201-122728-798,G01-260201-122728-798.bmp,G01,2026-02-01T12:27:28,2026-02-01,G01_2026-02-01,798,train,normal,,1025,1281,1,af223fc9433a8b3a859c1630f5433785a788cdc78e7be3559616087a5c8fa28e,,
1.0,G01-260201-122735-799,G01-260201-122735-799.bmp,G01,2026-02-01T12:27:35,2026-02-01,G01_2026-02-01,799,train,normal,,1025,1281,1,b65801da436b2d88133ab2834d3855a03ebf9538a3629135b0ad519e5bf5b22a,,
1.0,G01-260201-122759-800,G01-260201-122759-800.bmp,G01,2026-02-01T12:27:59,2026-02-01,G01_2026-02-01,800,train,normal,,1025,1281,1,569248ccbfe078d58ad00e42d93c8aaf698cfa7e50cd3be7d0bf33f90b2c6a0b,,
1.0,G01-260201-122805-801,G01-260201-122805-801.bmp,G01,2026-02-01T12:28:05,2026-02-01,G01_2026-02-01,801,train,normal,,1025,1281,1,7327188a62211c605bbe9f77831a7c445ed894cb39c2206bddbe5b09b4db9fce,,
1.0,G01-260201-122831-802,G01-260201-122831-802.bmp,G01,2026-02-01T12:28:31,2026-02-01,G01_2026-02-01,802,train,normal,,1025,1281,1,89b88ca5eeaaaee2a5bf967095aaaf84bfd029b47d8f43e5e25083afc96b6e54,,
1.0,G01-260201-122837-803,G01-260201-122837-803.bmp,G01,2026-02-01T12:28:37,2026-02-01,G01_2026-02-01,803,train,normal,,1025,1281,1,4edc68bec01b5101bf15acdad77427abf97e2d6b50974b718d833cbf50e493ea,,
1.0,G01-260201-122900-804,G01-260201-122900-804.bmp,G01,2026-02-01T12:29:00,2026-02-01,G01_2026-02-01,804,train,normal,,1025,1281,1,0c8625279bd2175faf10cfa813f51332a16af5f545c4ebd6c54b6e315229353b,,
1.0,G01-260201-122906-805,G01-260201-122906-805.bmp,G01,2026-02-01T12:29:06,2026-02-01,G01_2026-02-01,805,train,normal,,1025,1281,1,71e95df3f3f05ded79cffcc9632148f49fa6e5665420cac70d47f67790a977e6,,
1.0,G01-260201-122929-806,G01-260201-122929-806.bmp,G01,2026-02-01T12:29:29,2026-02-01,G01_2026-02-01,806,train,normal,,1025,1281,1,ca07019e3df690253162d1b23813915ad9cf04701fc460e645a5559a9df22088,,
1.0,G01-260201-122936-807,G01-260201-122936-807.bmp,G01,2026-02-01T12:29:36,2026-02-01,G01_2026-02-01,807,train,normal,,1025,1281,1,34b697d40228cb0848f27baeb22592c568c7d117c1dd780df75eef9425b49ed5,,
1.0,G01-260201-123000-808,G01-260201-123000-808.bmp,G01,2026-02-01T12:30:00,2026-02-01,G01_2026-02-01,808,train,normal,,1025,1281,1,4f272aeb7fc57a009e5f7357aa1dfee558b2ed993bfb9cf3192f6eeb34000679,,
1.0,G01-260201-123007-809,G01-260201-123007-809.bmp,G01,2026-02-01T12:30:07,2026-02-01,G01_2026-02-01,809,train,normal,,1025,1281,1,30557721ea25e1715f67255bb9b1cc08c104fd98ea447b1c50fb99a417aae3f0,,
1.0,G01-260201-123026-810,G01-260201-123026-810.bmp,G01,2026-02-01T12:30:26,2026-02-01,G01_2026-02-01,810,train,normal,,1025,1281,1,5c73aa4d41c9d88adfa84028bbc5a518645b52fcb002a90f14a2ceee411b3891,,
1.0,G01-260201-123057-811,G01-260201-123057-811.bmp,G01,2026-02-01T12:30:57,2026-02-01,G01_2026-02-01,811,train,normal,,1025,1281,1,07d6f62fed76f303392212c58f6559c588b4ec764b02b55c231b8abbc63ad301,,
1.0,G01-260201-123104-812,G01-260201-123104-812.bmp,G01,2026-02-01T12:31:04,2026-02-01,G01_2026-02-01,812,train,normal,,1025,1281,1,b27b249a8ae3734ba06bd1174ff56cb03d002268085686f21aba9fbc3c9d55b4,,
1.0,G01-260201-123110-813,G01-260201-123110-813.bmp,G01,2026-02-01T12:31:10,2026-02-01,G01_2026-02-01,813,train,normal,,1025,1281,1,447a2696dbf22a6b9f125e39e4690d9a9575ce5225af742223682d0c83fdded8,,
1.0,G01-260201-123129-814,G01-260201-123129-814.bmp,G01,2026-02-01T12:31:29,2026-02-01,G01_2026-02-01,814,train,normal,,1025,1281,1,535804178a0fa8dfea649f44e92d3ea50a9c57d88ea358fffcc3fe51f50dd8bd,,
1.0,G01-260201-123136-815,G01-260201-123136-815.bmp,G01,2026-02-01T12:31:36,2026-02-01,G01_2026-02-01,815,train,normal,,1025,1281,1,fd22a6062c3ea70336f9bb6de8bcb3355f63b672aa7394050af80a04b27680d1,,
1.0,G01-260201-123200-816,G01-260201-123200-816.bmp,G01,2026-02-01T12:32:00,2026-02-01,G01_2026-02-01,816,train,normal,,1025,1281,1,e7a0611b9cc57736ee31f948e536f39ce32bc499b1e1e3a9b2edefa1fa003fe2,,
1.0,G01-260201-123206-817,G01-260201-123206-817.bmp,G01,2026-02-01T12:32:06,2026-02-01,G01_2026-02-01,817,train,normal,,1025,1281,1,91bfe4e2710d3de39619f5ecfdc869d75adebb57badeb53d64a265ebe157b021,,
1.0,G01-260201-123229-818,G01-260201-123229-818.bmp,G01,2026-02-01T12:32:29,2026-02-01,G01_2026-02-01,818,train,normal,,1025,1281,1,f01522a2e9a3ff22452bbd6a8f25d529da8b0cde2ba269fdce558059e1a9f7b6,,
1.0,G01-260201-123235-819,G01-260201-123235-819.bmp,G01,2026-02-01T12:32:35,2026-02-01,G01_2026-02-01,819,train,normal,,1025,1281,1,39084e020df1a5dc330f5f8731fd861e3cf9c722a96f5a64386c025f0ff26242,,
1.0,G01-260201-123258-820,G01-260201-123258-820.bmp,G01,2026-02-01T12:32:58,2026-02-01,G01_2026-02-01,820,train,normal,,1025,1281,1,4d5dc6cf697b702f21294e4fb76f6f8a3aa7af07b0c4eb81f2a4aa7ced726db3,,
1.0,G01-260201-123305-821,G01-260201-123305-821.bmp,G01,2026-02-01T12:33:05,2026-02-01,G01_2026-02-01,821,train,normal,,1025,1281,1,5def913c0afd068587d9cedf823aebc1d63a69c7193d43e001e181485a93f4df,,
1.0,G01-260201-123330-822,G01-260201-123330-822.bmp,G01,2026-02-01T12:33:30,2026-02-01,G01_2026-02-01,822,train,normal,,1025,1281,1,a536ce541f738addc78cca35ceae88a42ba175bd6a13154d6f745698b6de21f1,,
1.0,G01-260201-123338-823,G01-260201-123338-823.bmp,G01,2026-02-01T12:33:38,2026-02-01,G01_2026-02-01,823,train,normal,,1025,1281,1,d975755ebfaff05dca8597c1b502684a074978ab046e8d46e3af138d2a67e115,,
1.0,G01-260201-123358-824,G01-260201-123358-824.bmp,G01,2026-02-01T12:33:58,2026-02-01,G01_2026-02-01,824,train,normal,,1025,1281,1,968f3fe9f9161799d77dde2ed0c5c0fbf0048695388fb5c8ba3b19fcdbbdce0d,,
1.0,G01-260201-123412-825,G01-260201-123412-825.bmp,G01,2026-02-01T12:34:12,2026-02-01,G01_2026-02-01,825,train,normal,,1025,1281,1,deea440ccca366058a2a0424c391bc8431f93502c69eee7943b6227a7a332195,,
1.0,G01-260201-123434-826,G01-260201-123434-826.bmp,G01,2026-02-01T12:34:34,2026-02-01,G01_2026-02-01,826,train,normal,,1025,1281,1,1884f3890ece4c5c710d5d48fd85edce9befb33438e777595ed38f27e78d3d2c,,
1.0,G01-260201-123441-827,G01-260201-123441-827.bmp,G01,2026-02-01T12:34:41,2026-02-01,G01_2026-02-01,827,train,normal,,1025,1281,1,c56073a9bed57a698f989b78139d80286db5cda30871f35db037c19f4f909b8c,,
1.0,G01-260201-123503-828,G01-260201-123503-828.bmp,G01,2026-02-01T12:35:03,2026-02-01,G01_2026-02-01,828,train,normal,,1025,1281,1,98accd424d43a699671647e7d8b5262b4a6cfb8df894744a501bfe2159602231,,
1.0,G01-260201-123509-829,G01-260201-123509-829.bmp,G01,2026-02-01T12:35:09,2026-02-01,G01_2026-02-01,829,train,normal,,1025,1281,1,55e0d2caa6d1ed8925e0902331c9a70310fc755fca6a8c1efc746d076262a6a0,,
1.0,G01-260201-123532-830,G01-260201-123532-830.bmp,G01,2026-02-01T12:35:32,2026-02-01,G01_2026-02-01,830,train,normal,,1025,1281,1,5c436aff3ddfc5a0f72c519e81113dfc70d6ad9b3c66d1fbf2445824568c25e7,,
1.0,G01-260201-123538-831,G01-260201-123538-831.bmp,G01,2026-02-01T12:35:38,2026-02-01,G01_2026-02-01,831,train,normal,,1025,1281,1,76e4760b1998c662f52338ff679b07af062ff66220202ddbb07bee8f2ca82d4d,,
1.0,G01-260201-123601-832,G01-260201-123601-832.bmp,G01,2026-02-01T12:36:01,2026-02-01,G01_2026-02-01,832,train,normal,,1025,1281,1,4cf3f7896a11d3b3613b17e81774176afc5ccc95d9963ef4c50e6d358d57f874,,
1.0,G01-260201-123607-833,G01-260201-123607-833.bmp,G01,2026-02-01T12:36:07,2026-02-01,G01_2026-02-01,833,train,normal,,1025,1281,1,ad6d901c45e3d89fc4a0d690bf1260d51ce73ea2d88b04dde032c2ae6b012c73,,
1.0,G01-260201-123633-834,G01-260201-123633-834.bmp,G01,2026-02-01T12:36:33,2026-02-01,G01_2026-02-01,834,train,normal,,1025,1281,1,0b05b62e4e4e0607b6fd36315e0cc246e560b04656239aa9bacb49a6db570bad,,
1.0,G01-260201-123639-835,G01-260201-123639-835.bmp,G01,2026-02-01T12:36:39,2026-02-01,G01_2026-02-01,835,train,normal,,1025,1281,1,8df9b0aff5d2830e0c643f5f3c729719cbe40ebfb8f5a46a32695ba5d4d77453,,
1.0,G01-260201-123703-836,G01-260201-123703-836.bmp,G01,2026-02-01T12:37:03,2026-02-01,G01_2026-02-01,836,train,normal,,1025,1281,1,c73476baf9eee0a9b81a5c98a4113d177f66027e831613c379c9c5cc6b0bba07,,
1.0,G01-260201-123709-837,G01-260201-123709-837.bmp,G01,2026-02-01T12:37:09,2026-02-01,G01_2026-02-01,837,train,normal,,1025,1281,1,b02ee838733def6bdc15eb4a7577c3bedd4a67dcdb1419600c6c88951e4e97ac,,
1.0,G01-260201-123731-838,G01-260201-123731-838.bmp,G01,2026-02-01T12:37:31,2026-02-01,G01_2026-02-01,838,train,normal,,1025,1281,1,ed4ddee630429f8ec1215d86011af09dc878ef9f29083a857e625dcebbe8ae9b,,
1.0,G01-260201-123740-839,G01-260201-123740-839.bmp,G01,2026-02-01T12:37:40,2026-02-01,G01_2026-02-01,839,train,normal,,1025,1281,1,fb4d4929b0e29b5f31ef058efe1fcd91cee638a7b2ac4f6d9846b11e6ba80100,,
1.0,G01-260201-123757-840,G01-260201-123757-840.bmp,G01,2026-02-01T12:37:57,2026-02-01,G01_2026-02-01,840,train,normal,,1025,1281,1,c696dc58057753ef83050efb9c7d4c1bb459b432bd52c3f0d037c448cf2f9e53,,
1.0,G01-260201-123835-841,G01-260201-123835-841.bmp,G01,2026-02-01T12:38:35,2026-02-01,G01_2026-02-01,841,train,normal,,1025,1281,1,ca94c7db6c4581ea75bd1b4680154ba00f25bea9f1d4d74fb75df25a0a10a0c3,,
1.0,G01-260201-123842-842,G01-260201-123842-842.bmp,G01,2026-02-01T12:38:42,2026-02-01,G01_2026-02-01,842,train,normal,,1025,1281,1,165fc9f2c8c0e4c05e5936b69c29bffb320513a9c3807bed63b74d0e6b22a9b6,,
1.0,G01-260201-123849-843,G01-260201-123849-843.bmp,G01,2026-02-01T12:38:49,2026-02-01,G01_2026-02-01,843,train,normal,,1025,1281,1,b787b3adbc70e2daf25b94a9048585acaa782c4c9bf00a624c2b36030ce9ccca,,
1.0,G01-260201-123905-844,G01-260201-123905-844.bmp,G01,2026-02-01T12:39:05,2026-02-01,G01_2026-02-01,844,train,normal,,1025,1281,1,e4ff913bb92556069f3ab1f66f7a2ca2ce90abff014b00623041c0a6d69abfa8,,
1.0,G01-260201-123911-845,G01-260201-123911-845.bmp,G01,2026-02-01T12:39:11,2026-02-01,G01_2026-02-01,845,train,normal,,1025,1281,1,c8576cea40d2ac9d744f14745d1b716f483e453a3ef1a7c8ec83c824ee740cfd,,
1.0,G01-260201-123933-846,G01-260201-123933-846.bmp,G01,2026-02-01T12:39:33,2026-02-01,G01_2026-02-01,846,train,normal,,1025,1281,1,df55ac8e924da8f137e4ad71c57a52e11db05421e93cac4abcbbabda3206006d,,
1.0,G01-260201-123939-847,G01-260201-123939-847.bmp,G01,2026-02-01T12:39:39,2026-02-01,G01_2026-02-01,847,train,normal,,1025,1281,1,564d2bc14bea136d97a64f6993c96b1302c6f94ec9c8938a26c7e4e6d9faaeb9,,
1.0,G01-260201-124007-848,G01-260201-124007-848.bmp,G01,2026-02-01T12:40:07,2026-02-01,G01_2026-02-01,848,train,normal,,1025,1281,1,b596c974fbd7c383f7fffb4809a7f4543258cde776035be655e516d3c86db232,,
1.0,G01-260201-124013-849,G01-260201-124013-849.bmp,G01,2026-02-01T12:40:13,2026-02-01,G01_2026-02-01,849,train,normal,,1025,1281,1,8f874994d293fc18fb3d472a2cb235c08b4fe505dda8dad55da0abe0f607ffc0,,
1.0,G01-260201-124033-850,G01-260201-124033-850.bmp,G01,2026-02-01T12:40:33,2026-02-01,G01_2026-02-01,850,train,normal,,1025,1281,1,04a03d3f7032c6c12f599f332364f48b7a06006359259ed3a630c5e631615a87,,
1.0,G01-260201-124039-851,G01-260201-124039-851.bmp,G01,2026-02-01T12:40:39,2026-02-01,G01_2026-02-01,851,train,normal,,1025,1281,1,f6b71dacff8a268d45b262bd7d160db444d36726f027f4247d6044881c744c4e,,
1.0,G01-260201-124105-852,G01-260201-124105-852.bmp,G01,2026-02-01T12:41:05,2026-02-01,G01_2026-02-01,852,train,normal,,1025,1281,1,838b5e9807b4f0a2c9836f8d56e86d5e64b2716ad0bfbc25779cc8555fa916e1,,
1.0,G01-260201-124111-853,G01-260201-124111-853.bmp,G01,2026-02-01T12:41:11,2026-02-01,G01_2026-02-01,853,train,normal,,1025,1281,1,23373a9778ac8ae18cba62067e4f45236dd222de57e4d257a166aa6ba6112627,,
1.0,G01-260201-124133-854,G01-260201-124133-854.bmp,G01,2026-02-01T12:41:33,2026-02-01,G01_2026-02-01,854,train,normal,,1025,1281,1,2b9ef30c13ebe5a336e0766c2e50b392f5e9d78a27d3d7f2b72241ba6247f9c3,,
1.0,G01-260201-124143-855,G01-260201-124143-855.bmp,G01,2026-02-01T12:41:43,2026-02-01,G01_2026-02-01,855,train,normal,,1025,1281,1,1c9753a175a3e14e3e1c583eb7fae6d2912c423dc3a014aa3e7ef0906634cef8,,
1.0,G01-260201-124206-856,G01-260201-124206-856.bmp,G01,2026-02-01T12:42:06,2026-02-01,G01_2026-02-01,856,train,normal,,1025,1281,1,d9ddb69959dd827ad818afbe4fc87fa9693b02b48121a5282fe347dddc222bdb,,
1.0,G01-260201-124213-857,G01-260201-124213-857.bmp,G01,2026-02-01T12:42:13,2026-02-01,G01_2026-02-01,857,train,normal,,1025,1281,1,f120c99cccaaad9b409e5b4f99e2d2569e790f1fea1237f665626f06029a59d1,,
1.0,G01-260201-124234-858,G01-260201-124234-858.bmp,G01,2026-02-01T12:42:34,2026-02-01,G01_2026-02-01,858,train,normal,,1025,1281,1,732968bac830923e54def2789f1981f2f321519cfae2707872f082b2dc54be11,,
1.0,G01-260201-124240-859,G01-260201-124240-859.bmp,G01,2026-02-01T12:42:40,2026-02-01,G01_2026-02-01,859,train,normal,,1025,1281,1,891e3bce605d36c9eb6a0cafc04ff40137a19405f275f56dc50c9ed1616f5d7b,,
1.0,G01-260201-124303-860,G01-260201-124303-860.bmp,G01,2026-02-01T12:43:03,2026-02-01,G01_2026-02-01,860,train,normal,,1025,1281,1,902b02c6c3d58eebe2ca21a243e132cfc712bf8eb583ed1190b0b9659d9aaa37,,
1.0,G01-260201-124310-861,G01-260201-124310-861.bmp,G01,2026-02-01T12:43:10,2026-02-01,G01_2026-02-01,861,train,normal,,1025,1281,1,51936064094ec2e4d953457306623d4b640ba2411b152145a7c1ca9fd5992518,,
1.0,G01-260201-124334-862,G01-260201-124334-862.bmp,G01,2026-02-01T12:43:34,2026-02-01,G01_2026-02-01,862,train,normal,,1025,1281,1,2c2ce81266571806975704366fe2d6b772a063ca4a72e85fe8d935521ac86c7e,,
1.0,G01-260201-124340-863,G01-260201-124340-863.bmp,G01,2026-02-01T12:43:40,2026-02-01,G01_2026-02-01,863,train,normal,,1025,1281,1,45867c0a311e1516f5124a03e53be2aa6e23dd10ccd39402896fd42875a79463,,
1.0,G01-260201-124405-864,G01-260201-124405-864.bmp,G01,2026-02-01T12:44:05,2026-02-01,G01_2026-02-01,864,train,normal,,1025,1281,1,89407845fbb0c2d2723f8d496d1f78d470397265ca7c2a9f363ba64dc7ca07f3,,
1.0,G01-260201-124412-865,G01-260201-124412-865.bmp,G01,2026-02-01T12:44:12,2026-02-01,G01_2026-02-01,865,train,normal,,1025,1281,1,6c04b157cc92e6dfc311587f447538adc3df656ca81ab6cf7384f0b3cf67e814,,
1.0,G01-260201-124434-866,G01-260201-124434-866.bmp,G01,2026-02-01T12:44:34,2026-02-01,G01_2026-02-01,866,train,normal,,1025,1281,1,423ce20573bd687ae3ec8388877e642e2c7fa3d775c5b49051102d0db530f9d3,,
1.0,G01-260201-124441-867,G01-260201-124441-867.bmp,G01,2026-02-01T12:44:41,2026-02-01,G01_2026-02-01,867,train,normal,,1025,1281,1,1a1a650952f8a34117794b454d1c029ce8489c7cff03f05351ab041dd53fe163,,
1.0,G01-260201-124506-868,G01-260201-124506-868.bmp,G01,2026-02-01T12:45:06,2026-02-01,G01_2026-02-01,868,train,normal,,1025,1281,1,fa4b5a76e857cfa98f0d19b4b3796ad01b3a78744966e16008b0b4e4546d7c88,,
1.0,G01-260201-124512-869,G01-260201-124512-869.bmp,G01,2026-02-01T12:45:12,2026-02-01,G01_2026-02-01,869,train,normal,,1025,1281,1,60c0457223a9e701e4ed294efb657da311266bacaa3a98ac9f925554f3f4f09f,,
1.0,G01-260201-124533-870,G01-260201-124533-870.bmp,G01,2026-02-01T12:45:33,2026-02-01,G01_2026-02-01,870,train,normal,,1025,1281,1,41fa822e179f658b0ac8605e201e5d15427c80cb39d72bedd73a6950dcb49d39,,
1.0,G01-260201-124540-871,G01-260201-124540-871.bmp,G01,2026-02-01T12:45:40,2026-02-01,G01_2026-02-01,871,train,normal,,1025,1281,1,efcff09f617fa866acd33e96f296a5df749def653e8e812cc5e9b5dff5f4a4fa,,
1.0,G01-260201-124605-872,G01-260201-124605-872.bmp,G01,2026-02-01T12:46:05,2026-02-01,G01_2026-02-01,872,train,normal,,1025,1281,1,76d163e10c0993f1aeebe498e37ac83ff0ffbefce0e85cfe0cc6b1a35e31fa5f,,
1.0,G01-260201-124611-873,G01-260201-124611-873.bmp,G01,2026-02-01T12:46:11,2026-02-01,G01_2026-02-01,873,train,normal,,1025,1281,1,a0cd29eb20cc7b295783a1364ace0502a417cefbceab0b6c20dbbdf346dab55f,,
1.0,G01-260201-124635-874,G01-260201-124635-874.bmp,G01,2026-02-01T12:46:35,2026-02-01,G01_2026-02-01,874,train,normal,,1025,1281,1,3340aaf95e8500fc0b931deae83acbe613b2a00c236a57e1655362ab769244e2,,
1.0,G01-260201-124641-875,G01-260201-124641-875.bmp,G01,2026-02-01T12:46:41,2026-02-01,G01_2026-02-01,875,train,normal,,1025,1281,1,37d706a54c90858bd99a3cad82158498e0ee162d50cfba2b1ecb08ee6da719ea,,
1.0,G01-260201-124704-876,G01-260201-124704-876.bmp,G01,2026-02-01T12:47:04,2026-02-01,G01_2026-02-01,876,train,normal,,1025,1281,1,32cbb3b1f94770c9f31cd23a64737cf9464c233e3aac480abbe48b4f8ff71e39,,
1.0,G01-260201-124711-877,G01-260201-124711-877.bmp,G01,2026-02-01T12:47:11,2026-02-01,G01_2026-02-01,877,train,normal,,1025,1281,1,edc16c25d6c6def3cbf3131941554cdeff6f067db7ab15a247019a2e14713f5a,,
1.0,G01-260201-124729-878,G01-260201-124729-878.bmp,G01,2026-02-01T12:47:29,2026-02-01,G01_2026-02-01,878,train,normal,,1025,1281,1,6a127ce08ef22b9faeaaa538cfc76ab835e5af4db873eafd208bb3e882e7a74d,,
1.0,G01-260201-124802-879,G01-260201-124802-879.bmp,G01,2026-02-01T12:48:02,2026-02-01,G01_2026-02-01,879,train,normal,,1025,1281,1,552fffd6354d3fbbd9c8248a651c47314e000d0cacb4060268c23837374e89dd,,
1.0,G01-260201-124808-880,G01-260201-124808-880.bmp,G01,2026-02-01T12:48:08,2026-02-01,G01_2026-02-01,880,train,normal,,1025,1281,1,43f304ea378c4846599b77d77eefb8af0b45ca23faa9b40f966f802b13e82a8f,,
1.0,G01-260201-124848-881,G01-260201-124848-881.bmp,G01,2026-02-01T12:48:48,2026-02-01,G01_2026-02-01,881,train,normal,,1025,1281,1,39cc1e96714d80a21b0549dc2a0b9a008d829b055a92bbcaa5d6a35ef2acfc88,,
1.0,G01-260201-124854-882,G01-260201-124854-882.bmp,G01,2026-02-01T12:48:54,2026-02-01,G01_2026-02-01,882,train,normal,,1025,1281,1,b3267db5d1fcd872995a05c654a01d85a03daaa6023651aaf22bc0d63adfeab7,,
1.0,G01-260201-124900-883,G01-260201-124900-883.bmp,G01,2026-02-01T12:49:00,2026-02-01,G01_2026-02-01,883,train,normal,,1025,1281,1,faa21f726a3265501f77646b6062378f2b86568e063c71f6511234b0268937f4,,
1.0,G01-260201-124920-884,G01-260201-124920-884.bmp,G01,2026-02-01T12:49:20,2026-02-01,G01_2026-02-01,884,train,normal,,1025,1281,1,415e2509c01af85c3170dc5d13bfa6da99707e5b3cdb6cbe3a1bc7b066662908,,
1.0,G01-260201-124926-885,G01-260201-124926-885.bmp,G01,2026-02-01T12:49:26,2026-02-01,G01_2026-02-01,885,train,normal,,1025,1281,1,de8985725592f1b56e619d323ee75d0fc530e10891a70c8fc0513f243f184bc6,,
1.0,G01-260201-124933-886,G01-260201-124933-886.bmp,G01,2026-02-01T12:49:33,2026-02-01,G01_2026-02-01,886,train,normal,,1025,1281,1,ad742589b7f498d367f3735887c0aafb20c7d7db37fbae465030416e0d1f7e5d,,
1.0,G01-260201-125011-887,G01-260201-125011-887.bmp,G01,2026-02-01T12:50:11,2026-02-01,G01_2026-02-01,887,train,normal,,1025,1281,1,a1efe9df1a13d9c2dc8c8d17728c7a04981245481490ed53fb5b1e31c4b11853,,
1.0,G01-260201-125017-888,G01-260201-125017-888.bmp,G01,2026-02-01T12:50:17,2026-02-01,G01_2026-02-01,888,train,normal,,1025,1281,1,b4d0e26a5084e8ef60d81efb2a5cf7c06f829cd544ed9b6b88766ea63695d490,,
1.0,G01-260201-125025-889,G01-260201-125025-889.bmp,G01,2026-02-01T12:50:25,2026-02-01,G01_2026-02-01,889,train,normal,,1025,1281,1,84802ae334173a21bfdc3528bd111ed7778cbff96c243f22578e41774f80e47c,,
1.0,G01-260201-125037-890,G01-260201-125037-890.bmp,G01,2026-02-01T12:50:37,2026-02-01,G01_2026-02-01,890,train,normal,,1025,1281,1,e9b160abe47de8195e4893ff97e4a56b216e7683c682872b959ecdc0236981cc,,
1.0,G01-260201-125043-891,G01-260201-125043-891.bmp,G01,2026-02-01T12:50:43,2026-02-01,G01_2026-02-01,891,train,normal,,1025,1281,1,b25cca9269591cf8f0da81c16ac0bf0b54fbfdd0efc1426d3fcdf4db29a88860,,
1.0,G01-260201-125100-892,G01-260201-125100-892.bmp,G01,2026-02-01T12:51:00,2026-02-01,G01_2026-02-01,892,train,normal,,1025,1281,1,d9ccd0a6862c86981aa1368c540f86c53c7f2075d2aa39f6155d90dfa9c9396c,,
1.0,G01-260201-125118-893,G01-260201-125118-893.bmp,G01,2026-02-01T12:51:18,2026-02-01,G01_2026-02-01,893,train,normal,,1025,1281,1,3c2b0364d73ff60e8b4e2bbd4f8055554b9dd51632b8d8635420d8b825f1cc81,,
1.0,G01-260201-125139-894,G01-260201-125139-894.bmp,G01,2026-02-01T12:51:39,2026-02-01,G01_2026-02-01,894,train,normal,,1025,1281,1,ab92c9b5455b6be315027c2c80e8db0018df811d07a99c1c9582627091b77f33,,
1.0,G01-260201-125146-895,G01-260201-125146-895.bmp,G01,2026-02-01T12:51:46,2026-02-01,G01_2026-02-01,895,train,normal,,1025,1281,1,e4588ca30e021aa0b2bfdc2250287b18fd3229474fc9d19d7e6b1fafec81f4e6,,
1.0,G01-260201-125208-896,G01-260201-125208-896.bmp,G01,2026-02-01T12:52:08,2026-02-01,G01_2026-02-01,896,train,normal,,1025,1281,1,d6353240d4e1792626ab636a9f8ac5e1e3b647f945ddecccd1eef24f2d702122,,
1.0,G01-260201-125214-897,G01-260201-125214-897.bmp,G01,2026-02-01T12:52:14,2026-02-01,G01_2026-02-01,897,train,normal,,1025,1281,1,e579d2d9e2642f34a9ef9c26ab15172b95adf864540a3fcfebe8b6521027db6a,,
1.0,G01-260201-125238-898,G01-260201-125238-898.bmp,G01,2026-02-01T12:52:38,2026-02-01,G01_2026-02-01,898,train,normal,,1025,1281,1,6534619877385d71a6296df111621e38cd24b1d852405e4ed80dce101b98e273,,
1.0,G01-260201-125244-899,G01-260201-125244-899.bmp,G01,2026-02-01T12:52:44,2026-02-01,G01_2026-02-01,899,train,normal,,1025,1281,1,a3422d5602015b7b90cccb95dd6af4d16df581b90d113268bc05761ac5f95062,,
1.0,G01-260201-125306-900,G01-260201-125306-900.bmp,G01,2026-02-01T12:53:06,2026-02-01,G01_2026-02-01,900,train,normal,,1025,1281,1,9e922db949bfd5800228c4596b6209704c2cc9a35eeef9f82e19e8fbf46c9d90,,
1.0,G01-260201-125313-901,G01-260201-125313-901.bmp,G01,2026-02-01T12:53:13,2026-02-01,G01_2026-02-01,901,train,normal,,1025,1281,1,702c62ada3b5069a25adba85718add70e5a3bc727d63b5c31a8847b1b38dbf87,,
1.0,G01-260201-125337-902,G01-260201-125337-902.bmp,G01,2026-02-01T12:53:37,2026-02-01,G01_2026-02-01,902,train,normal,,1025,1281,1,14a88c3bdb4ea42f3e67a7ef79085dfb056ddab0b5b5cc6d65bebb79d740dd03,,
1.0,G01-260201-125343-903,G01-260201-125343-903.bmp,G01,2026-02-01T12:53:43,2026-02-01,G01_2026-02-01,903,train,normal,,1025,1281,1,55dc9d6cafc500ded269bb51c6a576a41af1b629a74128a61d1224aa53362ba6,,
1.0,G01-260201-125407-904,G01-260201-125407-904.bmp,G01,2026-02-01T12:54:07,2026-02-01,G01_2026-02-01,904,train,normal,,1025,1281,1,414a23d5305968ae1f8dbac4085fbdbe3ac97f15a25b2e7d2eb75c2c91c4375c,,
1.0,G01-260201-125414-905,G01-260201-125414-905.bmp,G01,2026-02-01T12:54:14,2026-02-01,G01_2026-02-01,905,train,normal,,1025,1281,1,4932554ba68452d042aca5a3a183e8fd99344d06d48973daed771921780173cf,,
1.0,G01-260201-125436-906,G01-260201-125436-906.bmp,G01,2026-02-01T12:54:36,2026-02-01,G01_2026-02-01,906,train,normal,,1025,1281,1,e07baf2c07fc6a848c71c318d63d56b106f543999fe77e0b4e6281ab951185b7,,
1.0,G01-260201-125443-907,G01-260201-125443-907.bmp,G01,2026-02-01T12:54:43,2026-02-01,G01_2026-02-01,907,train,normal,,1025,1281,1,ef3edfa82e58db19dea58c90db8c31a344c677fb7359b4d1617bca9e167f7a95,,
1.0,G01-260201-125507-908,G01-260201-125507-908.bmp,G01,2026-02-01T12:55:07,2026-02-01,G01_2026-02-01,908,train,normal,,1025,1281,1,4e15f80152952aaa8d74179f97d5dd58a1c45502c5d3d081dc24f68e144a0740,,
1.0,G01-260201-125514-909,G01-260201-125514-909.bmp,G01,2026-02-01T12:55:14,2026-02-01,G01_2026-02-01,909,train,normal,,1025,1281,1,612bfc0bb6d8485691a5a43e8e37b4962b50163469d3cbf7036649a963bd6ae8,,
1.0,G01-260201-125538-910,G01-260201-125538-910.bmp,G01,2026-02-01T12:55:38,2026-02-01,G01_2026-02-01,910,train,normal,,1025,1281,1,331c6b8156766fc3487e8f762b32d5f0da67c51350b43c825da88e06f73bb6bc,,
1.0,G01-260201-125545-911,G01-260201-125545-911.bmp,G01,2026-02-01T12:55:45,2026-02-01,G01_2026-02-01,911,train,normal,,1025,1281,1,f0fad51a5123717a4defc6e1a84a05411e9dcd459c1e1ba6554fb1fb7e596c93,,
1.0,G01-260201-125607-912,G01-260201-125607-912.bmp,G01,2026-02-01T12:56:07,2026-02-01,G01_2026-02-01,912,train,normal,,1025,1281,1,b6c87e69c134306695751de38e7e5a2764785db56f36d542f89b7cffe640ff9a,,
1.0,G01-260201-125613-913,G01-260201-125613-913.bmp,G01,2026-02-01T12:56:13,2026-02-01,G01_2026-02-01,913,train,normal,,1025,1281,1,5f56a6621d7421f89c85aa15d488dc1cd56ff9c316797ebe43f3e54f71cd6f32,,
1.0,G01-260201-125639-914,G01-260201-125639-914.bmp,G01,2026-02-01T12:56:39,2026-02-01,G01_2026-02-01,914,train,normal,,1025,1281,1,5815b39b9fd35a2a62367ef71e629d564bf44a724b7a658dae7873fb57e49148,,
1.0,G01-260201-125645-915,G01-260201-125645-915.bmp,G01,2026-02-01T12:56:45,2026-02-01,G01_2026-02-01,915,train,normal,,1025,1281,1,affa0bef80be3914bb1a392f9b32ffd552652b68687418c068544ac014553d7f,,
1.0,G01-260201-125707-916,G01-260201-125707-916.bmp,G01,2026-02-01T12:57:07,2026-02-01,G01_2026-02-01,916,train,normal,,1025,1281,1,df4fcf3dcc668a4db34ae695e9708477f8ba91d1829a5023c1c4e7bf947bda9e,,
1.0,G01-260201-125714-917,G01-260201-125714-917.bmp,G01,2026-02-01T12:57:14,2026-02-01,G01_2026-02-01,917,train,normal,,1025,1281,1,8ca46873a43b9a052b73f9a04357702bdb981592df80b5757157e5bb9549c920,,
1.0,G01-260201-125738-918,G01-260201-125738-918.bmp,G01,2026-02-01T12:57:38,2026-02-01,G01_2026-02-01,918,train,normal,,1025,1281,1,3ca6b87d4d298a074f3a8037ac31f2e9db3ed127704407fd7d4a782384820eea,,
1.0,G01-260201-125745-919,G01-260201-125745-919.bmp,G01,2026-02-01T12:57:45,2026-02-01,G01_2026-02-01,919,train,normal,,1025,1281,1,4cbdc7cf2523ef6125e8de76986264fb07f30cccce5d815aaee092aef102bfcf,,
1.0,G01-260201-125802-920,G01-260201-125802-920.bmp,G01,2026-02-01T12:58:02,2026-02-01,G01_2026-02-01,920,train,normal,,1025,1281,1,c8ed9ffcfe490bb7df0c4b76dbe06bc7c61b0ba73f65bcd03eea132f14316e7d,,
1.0,G01-260201-125842-921,G01-260201-125842-921.bmp,G01,2026-02-01T12:58:42,2026-02-01,G01_2026-02-01,921,train,normal,,1025,1281,1,8cb94c565fd7717294b4f41996966de855503ba3d72afba62d7e6feebd222b7e,,
1.0,G01-260201-125849-922,G01-260201-125849-922.bmp,G01,2026-02-01T12:58:49,2026-02-01,G01_2026-02-01,922,train,normal,,1025,1281,1,78e1c5df64dc9af0c6d95a341122628c6d376606eab2c0633031f17c09b3420b,,
1.0,G01-260201-125857-923,G01-260201-125857-923.bmp,G01,2026-02-01T12:58:57,2026-02-01,G01_2026-02-01,923,train,normal,,1025,1281,1,87d75a1c2431ecd4290596c98e799197847737b7b3d0528284596ae194b71476,,
1.0,G01-260201-125912-924,G01-260201-125912-924.bmp,G01,2026-02-01T12:59:12,2026-02-01,G01_2026-02-01,924,train,normal,,1025,1281,1,f8efe2f128b52f34c95a4daa419c076a41079318c2373f33c4520e6c1600c621,,
1.0,G01-260201-125918-925,G01-260201-125918-925.bmp,G01,2026-02-01T12:59:18,2026-02-01,G01_2026-02-01,925,train,normal,,1025,1281,1,b437e05b108423f08bb15386f27b536d0b7f58ca990365226f88cd04a79f8695,,
1.0,G01-260201-125945-926,G01-260201-125945-926.bmp,G01,2026-02-01T12:59:45,2026-02-01,G01_2026-02-01,926,train,normal,,1025,1281,1,ba5fc98d0265c588a4ff173cfac5cfd01b4ca7bcb0681eb6abf9d91c001b0fb0,,
1.0,G01-260201-125952-927,G01-260201-125952-927.bmp,G01,2026-02-01T12:59:52,2026-02-01,G01_2026-02-01,927,train,normal,,1025,1281,1,7abb0794a4243dd89ecf996829bc23b13414d887b4d43f27198ee114ccf09651,,
1.0,G01-260201-130005-928,G01-260201-130005-928.bmp,G01,2026-02-01T13:00:05,2026-02-01,G01_2026-02-01,928,train,normal,,1025,1281,1,19f12ba7cd1fd1f57f32f98378291cfc40f69bb0729844c7cfe5051864b4fc47,,
1.0,G01-260201-130036-929,G01-260201-130036-929.bmp,G01,2026-02-01T13:00:36,2026-02-01,G01_2026-02-01,929,train,normal,,1025,1281,1,a45740408524ec041e04ca5f5c3de43f49128bcaf4c9ecd631e4a14d40dbe25d,,
1.0,G01-260201-130105-930,G01-260201-130105-930.bmp,G01,2026-02-01T13:01:05,2026-02-01,G01_2026-02-01,930,train,normal,,1025,1281,1,07a49b1f79a833344b8a0439a079baaa06f9a312c43f1caedee1f95f79bce704,,
1.0,G01-260201-130112-931,G01-260201-130112-931.bmp,G01,2026-02-01T13:01:12,2026-02-01,G01_2026-02-01,931,train,normal,,1025,1281,1,a130818e3201d22c822be04be850f7f263800c4932bb0ec6175fc187b2863222,,
1.0,G01-260201-130118-932,G01-260201-130118-932.bmp,G01,2026-02-01T13:01:18,2026-02-01,G01_2026-02-01,932,train,normal,,1025,1281,1,4f18242184a57ea8c6decba8451d43c3413988352e75611e8624e28b924e8d79,,
1.0,G01-260201-130126-933,G01-260201-130126-933.bmp,G01,2026-02-01T13:01:26,2026-02-01,G01_2026-02-01,933,train,normal,,1025,1281,1,e25e9b89873c5bff0af682089c7acb4ed29a465dbdfc161e35ee42274455b525,,
1.0,G01-260201-130143-934,G01-260201-130143-934.bmp,G01,2026-02-01T13:01:43,2026-02-01,G01_2026-02-01,934,train,normal,,1025,1281,1,b1b48dc39fa49d028ed2c52814b32539461de8423b9325e8db6b2c6f2cab580f,,
1.0,G01-260201-130149-935,G01-260201-130149-935.bmp,G01,2026-02-01T13:01:49,2026-02-01,G01_2026-02-01,935,train,normal,,1025,1281,1,6ee1a23593894b203a1115103e1749bbc6fecda364b3dc1e78ae34bdab5250fd,,
1.0,G01-260201-130208-936,G01-260201-130208-936.bmp,G01,2026-02-01T13:02:08,2026-02-01,G01_2026-02-01,936,train,normal,,1025,1281,1,4fb11d57b3b97662f610d9db855e02e20d820340be2837f493bfa30eeeb0ba78,,
1.0,G01-260201-130215-937,G01-260201-130215-937.bmp,G01,2026-02-01T13:02:15,2026-02-01,G01_2026-02-01,937,train,normal,,1025,1281,1,04ae4adababa92378ce859f68d2c4592bbc2898f3d79e8810eedd3c2d9cbb7d6,,
1.0,G01-260201-130240-938,G01-260201-130240-938.bmp,G01,2026-02-01T13:02:40,2026-02-01,G01_2026-02-01,938,train,normal,,1025,1281,1,e22795bf6564825c5d63370f652a2c6f81ea4e0cfafe6e882390c58aff014e3a,,
1.0,G01-260201-130246-939,G01-260201-130246-939.bmp,G01,2026-02-01T13:02:46,2026-02-01,G01_2026-02-01,939,train,normal,,1025,1281,1,50896343c4212ec66e9c031f6092bebb401d6ed679a4f61fb7ffae14cf974079,,
1.0,G01-260201-130309-940,G01-260201-130309-940.bmp,G01,2026-02-01T13:03:09,2026-02-01,G01_2026-02-01,940,train,normal,,1025,1281,1,af8c8889d35de79ab3b31c0ab01cf967bbc0c5bcbfb16035c9ff4edee07ff859,,
1.0,G01-260201-130315-941,G01-260201-130315-941.bmp,G01,2026-02-01T13:03:15,2026-02-01,G01_2026-02-01,941,train,normal,,1025,1281,1,1c4a3574d74c3c2fc6b9b38f0dc59ad2027b1ce69eab5554cfb847fcd0e1e8c0,,
1.0,G01-260201-130340-942,G01-260201-130340-942.bmp,G01,2026-02-01T13:03:40,2026-02-01,G01_2026-02-01,942,train,normal,,1025,1281,1,3c6c57bdc6997594424ab794498a85fdb5501062c9679082118393899f5c0b0c,,
1.0,G01-260201-130347-943,G01-260201-130347-943.bmp,G01,2026-02-01T13:03:47,2026-02-01,G01_2026-02-01,943,train,normal,,1025,1281,1,30f3eb57a794b2294e9e204f1ec105134588e28be984e267102d93fe184afc99,,
1.0,G01-260201-130410-944,G01-260201-130410-944.bmp,G01,2026-02-01T13:04:10,2026-02-01,G01_2026-02-01,944,train,normal,,1025,1281,1,eb6bf243f8a944ff394969491d9773c2e425f42a5549bf2d717c71401fb19ef0,,
1.0,G01-260201-130416-945,G01-260201-130416-945.bmp,G01,2026-02-01T13:04:16,2026-02-01,G01_2026-02-01,945,train,normal,,1025,1281,1,27c93ab5f157df90712075931010dadd37955e4aa691d759d86e02051ab5ff59,,
1.0,G01-260201-130435-946,G01-260201-130435-946.bmp,G01,2026-02-01T13:04:35,2026-02-01,G01_2026-02-01,946,train,normal,,1025,1281,1,96aca0c05706cc3c686372c922167bb24d7ee0bbd64c66ea91a32fe497d9df81,,
1.0,G01-260201-130513-947,G01-260201-130513-947.bmp,G01,2026-02-01T13:05:13,2026-02-01,G01_2026-02-01,947,train,normal,,1025,1281,1,0748c2b5e4f6e213dfca2262ca78b155cb691804bcb3074dbf12ed8cfab30190,,
1.0,G01-260201-130520-948,G01-260201-130520-948.bmp,G01,2026-02-01T13:05:20,2026-02-01,G01_2026-02-01,948,train,normal,,1025,1281,1,ad2984f2e70f5f2a7c958b12dcce0fb04fa47a286beefe52fd9cfa3ef3ccb0b1,,
1.0,G01-260201-130527-949,G01-260201-130527-949.bmp,G01,2026-02-01T13:05:27,2026-02-01,G01_2026-02-01,949,train,normal,,1025,1281,1,8a422a23aa049b984a39d5ca7be9c82a2e376f376fd6438e05333e704844e475,,
1.0,G01-260201-130542-950,G01-260201-130542-950.bmp,G01,2026-02-01T13:05:42,2026-02-01,G01_2026-02-01,950,train,normal,,1025,1281,1,e2b663d3009f1f07f433c9473c9ef143912abf1b246ebbd8c7628e902f4667b0,,
1.0,G01-260201-130548-951,G01-260201-130548-951.bmp,G01,2026-02-01T13:05:48,2026-02-01,G01_2026-02-01,951,train,normal,,1025,1281,1,1206d47ee5f39209cd31cc91979ab360caf6dc825d09b158675d79abb4751a87,,
1.0,G01-260201-130610-952,G01-260201-130610-952.bmp,G01,2026-02-01T13:06:10,2026-02-01,G01_2026-02-01,952,train,normal,,1025,1281,1,c8491eb1c3ffb1fa262b0aa2d6f1817edbbc5d1e49ae2168171e6a4b0fbd9149,,
1.0,G01-260201-130616-953,G01-260201-130616-953.bmp,G01,2026-02-01T13:06:16,2026-02-01,G01_2026-02-01,953,train,normal,,1025,1281,1,16fc14065e9df21da81a31b11a8168d3478418f55e32b24795bec971a6dfcc74,,
1.0,G01-260201-130640-954,G01-260201-130640-954.bmp,G01,2026-02-01T13:06:40,2026-02-01,G01_2026-02-01,954,train,normal,,1025,1281,1,29b5ca4ffac4bab4b8946ebce8205eb9501563dfd479b92ab8820ff083f06fe7,,
1.0,G01-260201-130648-955,G01-260201-130648-955.bmp,G01,2026-02-01T13:06:48,2026-02-01,G01_2026-02-01,955,train,normal,,1025,1281,1,45410ba3d939c9cee2f679aef06c3f96e2f10d44ae2fe1b2668b16c91be57d37,,
1.0,G01-260201-130705-956,G01-260201-130705-956.bmp,G01,2026-02-01T13:07:05,2026-02-01,G01_2026-02-01,956,train,normal,,1025,1281,1,f8baa17df2143ed185082d1c87caf5640e47cf83ee1d41835a5ba93795b644bc,,
1.0,G01-260201-130743-957,G01-260201-130743-957.bmp,G01,2026-02-01T13:07:43,2026-02-01,G01_2026-02-01,957,train,normal,,1025,1281,1,70aed044c056e15ee1cc909022ef30a477a8a751fbeed4bb826dbe5d25de2855,,
1.0,G01-260201-130750-958,G01-260201-130750-958.bmp,G01,2026-02-01T13:07:50,2026-02-01,G01_2026-02-01,958,train,normal,,1025,1281,1,4982ed9558a8e2b072941e458c62cbd8468d71311a1a9ee1f868cf1372b29b69,,
1.0,G01-260201-130757-959,G01-260201-130757-959.bmp,G01,2026-02-01T13:07:57,2026-02-01,G01_2026-02-01,959,train,normal,,1025,1281,1,75abf4bb7b5434f38980580dded9e227c74e3a88316d9d026c74d2ceba5fd67d,,
1.0,G01-260201-130814-960,G01-260201-130814-960.bmp,G01,2026-02-01T13:08:14,2026-02-01,G01_2026-02-01,960,train,normal,,1025,1281,1,62a0109e4f271b6aea38faad9f5a52561aa644a0089c2b1d8ee942682d215654,,
1.0,G01-260201-130821-961,G01-260201-130821-961.bmp,G01,2026-02-01T13:08:21,2026-02-01,G01_2026-02-01,961,train,normal,,1025,1281,1,ec3313d3a8e0d15615a047792d3e0282d89c78f6e60858009c971e78e7cc4afd,,
1.0,G01-260201-130840-962,G01-260201-130840-962.bmp,G01,2026-02-01T13:08:40,2026-02-01,G01_2026-02-01,962,train,normal,,1025,1281,1,ad7e8dde48ddc1729e12ff83fbbef92cd83bdb733c500516da38ac4fb004daec,,
1.0,G01-260201-130847-963,G01-260201-130847-963.bmp,G01,2026-02-01T13:08:47,2026-02-01,G01_2026-02-01,963,train,normal,,1025,1281,1,70363c45f861b1ca262cd4d110e7aa41abe763afdfc8d8b92830ebb5b99b5d03,,
1.0,G01-260201-130913-964,G01-260201-130913-964.bmp,G01,2026-02-01T13:09:13,2026-02-01,G01_2026-02-01,964,train,normal,,1025,1281,1,1c25591bda1ed012a95ffb0e40a32c72296b67861901d508537c798ad14f6381,,
1.0,G01-260201-130919-965,G01-260201-130919-965.bmp,G01,2026-02-01T13:09:19,2026-02-01,G01_2026-02-01,965,train,normal,,1025,1281,1,c34c019da0c170d53b787cd1563011c3b1bbb6bd3e4e6a1c28a79090e294be34,,
1.0,G01-260201-130941-966,G01-260201-130941-966.bmp,G01,2026-02-01T13:09:41,2026-02-01,G01_2026-02-01,966,train,normal,,1025,1281,1,111445f1f88e745bea80d40bd2670567a2f684d68ec28e00b42ba475d63818e2,,
1.0,G01-260201-130948-967,G01-260201-130948-967.bmp,G01,2026-02-01T13:09:48,2026-02-01,G01_2026-02-01,967,train,normal,,1025,1281,1,aedf5369b31b1b4a598d73e0c91f2e26b7f7622eb699bb292a79a48388218ac2,,
1.0,G01-260201-131006-968,G01-260201-131006-968.bmp,G01,2026-02-01T13:10:06,2026-02-01,G01_2026-02-01,968,train,normal,,1025,1281,1,78b992302138388799aa796922a75deed03487aeee0aa7212614120e5ba64fae,,
1.0,G01-260201-131045-969,G01-260201-131045-969.bmp,G01,2026-02-01T13:10:45,2026-02-01,G01_2026-02-01,969,train,normal,,1025,1281,1,929843b43e13c628b546914f323c7d4a948189c001898fc2cef2981e3b2cdc23,,
1.0,G01-260201-131053-970,G01-260201-131053-970.bmp,G01,2026-02-01T13:10:53,2026-02-01,G01_2026-02-01,970,train,normal,,1025,1281,1,03f5ef4b0a344e82ad95afa14c16c83a78c2cc16a17f8a48f56368d572a16c1d,,
1.0,G01-260201-131059-971,G01-260201-131059-971.bmp,G01,2026-02-01T13:10:59,2026-02-01,G01_2026-02-01,971,train,normal,,1025,1281,1,172b794c677939bfca5d6f43de2b8856326daaa30955ed16c729b6e931205ef3,,
1.0,G01-260201-131133-972,G01-260201-131133-972.bmp,G01,2026-02-01T13:11:33,2026-02-01,G01_2026-02-01,972,train,normal,,1025,1281,1,6037156ac176abf814eee999f7a5628a00a3ba27b538d3d7a372c73ef9c6f88a,,
1.0,G01-260201-131140-973,G01-260201-131140-973.bmp,G01,2026-02-01T13:11:40,2026-02-01,G01_2026-02-01,973,train,normal,,1025,1281,1,06e02790d67faf05b7986c0cd9e0bbd4e981173977296589877bb0e21bdaa781,,
1.0,G01-260201-131158-974,G01-260201-131158-974.bmp,G01,2026-02-01T13:11:58,2026-02-01,G01_2026-02-01,974,train,normal,,1025,1281,1,037dfb172b4158eb12ac0b4ae2ef4b761a36fd2469103e2119d0a13b10577057,,
1.0,G01-260201-131204-975,G01-260201-131204-975.bmp,G01,2026-02-01T13:12:04,2026-02-01,G01_2026-02-01,975,train,normal,,1025,1281,1,14063c6f5ddd0730758c91183ed1e335f5950c21f65f077d492e505eccdb3ebd,,
1.0,G01-260201-131215-976,G01-260201-131215-976.bmp,G01,2026-02-01T13:12:15,2026-02-01,G01_2026-02-01,976,train,normal,,1025,1281,1,5cdce881f99c74fb99a88ef49d054a1e52f6b8f26e3f6990af395dcbe160da91,,
1.0,G01-260201-131221-977,G01-260201-131221-977.bmp,G01,2026-02-01T13:12:21,2026-02-01,G01_2026-02-01,977,train,normal,,1025,1281,1,3a72ee0634da3a67aaa1d3be71a3791c4bc6aec78fdbbc0463e7db7e140ac2d8,,
1.0,G01-260201-131241-978,G01-260201-131241-978.bmp,G01,2026-02-01T13:12:41,2026-02-01,G01_2026-02-01,978,train,normal,,1025,1281,1,dfdf414228fc76b33eeb492d7cbe412235eb2d21154853eb592b4f61a6dcc5a5,,
1.0,G01-260201-131248-979,G01-260201-131248-979.bmp,G01,2026-02-01T13:12:48,2026-02-01,G01_2026-02-01,979,train,normal,,1025,1281,1,3320d0a9eb9df5333a9491e4ae5b4a8a77eb57e9935d7472e0cde9d324ec9ced,,
1.0,G01-260201-131307-980,G01-260201-131307-980.bmp,G01,2026-02-01T13:13:07,2026-02-01,G01_2026-02-01,980,train,normal,,1025,1281,1,79848bf2180fe589b4c79f58bdd149cdb6048d02f9d641a9cecea25c3143e097,,
1.0,G01-260201-131330-981,G01-260201-131330-981.bmp,G01,2026-02-01T13:13:30,2026-02-01,G01_2026-02-01,981,train,normal,,1025,1281,1,cd9e490f746d65b77604a4d0f33c4d3f7fc22e92105c6d39e480f63dd80c9b76,,
1.0,G01-260201-131346-982,G01-260201-131346-982.bmp,G01,2026-02-01T13:13:46,2026-02-01,G01_2026-02-01,982,train,normal,,1025,1281,1,07c8e62dae01b5484d7364b7d1e16f71ca5fa489f65fbbfec25c81bdc8531cb0,,
1.0,G01-260201-131352-983,G01-260201-131352-983.bmp,G01,2026-02-01T13:13:52,2026-02-01,G01_2026-02-01,983,train,normal,,1025,1281,1,44c1130ad755277b4c69d5310366827fc274427556745ef226debde195deb65d,,
1.0,G01-260201-131417-984,G01-260201-131417-984.bmp,G01,2026-02-01T13:14:17,2026-02-01,G01_2026-02-01,984,train,normal,,1025,1281,1,f5194718ea9c68f3f4560b62487df4e450405fa0b9884d744755d28d6436e61b,,
1.0,G01-260201-131423-985,G01-260201-131423-985.bmp,G01,2026-02-01T13:14:23,2026-02-01,G01_2026-02-01,985,train,normal,,1025,1281,1,7f9c77220a56ae54ff973b6a60e959dee5fe81fc62369373107cce2598e6e5e8,,
1.0,G01-260201-131438-986,G01-260201-131438-986.bmp,G01,2026-02-01T13:14:38,2026-02-01,G01_2026-02-01,986,train,normal,,1025,1281,1,81f2929412a52c82f6668b59db6344fc40302fd654b2e06ae6073f31d2dbfb51,,
1.0,G01-260201-131459-987,G01-260201-131459-987.bmp,G01,2026-02-01T13:14:59,2026-02-01,G01_2026-02-01,987,train,normal,,1025,1281,1,98a2aabb285f2c108f4ed6b976a7025584fdcae5397b55f29d88869fc6422cc8,,
1.0,G01-260201-131515-988,G01-260201-131515-988.bmp,G01,2026-02-01T13:15:15,2026-02-01,G01_2026-02-01,988,train,normal,,1025,1281,1,7109b3a883171584786703a46773c3bf0da57a4adb2fa39748d1690587b06ead,,
1.0,G01-260201-131521-989,G01-260201-131521-989.bmp,G01,2026-02-01T13:15:21,2026-02-01,G01_2026-02-01,989,train,normal,,1025,1281,1,e2316c4481ec66730f4610a7c82f5a7dc3efbb3a9781652020fc8605f60e17a0,,
1.0,G01-260201-131544-990,G01-260201-131544-990.bmp,G01,2026-02-01T13:15:44,2026-02-01,G01_2026-02-01,990,train,normal,,1025,1281,1,73a5f692dbb547494f051f518b27e5096c62943ea9dd2c85eff844bd94242e13,,
1.0,G01-260201-131551-991,G01-260201-131551-991.bmp,G01,2026-02-01T13:15:51,2026-02-01,G01_2026-02-01,991,train,normal,,1025,1281,1,23d0221cbe11b7a0020c9e3b0d5a589a304d7e9212e1f8f65ff03c0ba6536a78,,
1.0,G01-260201-131613-992,G01-260201-131613-992.bmp,G01,2026-02-01T13:16:13,2026-02-01,G01_2026-02-01,992,train,normal,,1025,1281,1,08d7d1170219fc5ccd97bd4018a7ce6636670073c02686287b1c94cd39237af7,,
1.0,G01-260201-131619-993,G01-260201-131619-993.bmp,G01,2026-02-01T13:16:19,2026-02-01,G01_2026-02-01,993,train,normal,,1025,1281,1,684bfae1ff51d7637933937871e72b7db80b68ff6be30c1ea3eaa4e37044d552,,
1.0,G01-260201-131637-994,G01-260201-131637-994.bmp,G01,2026-02-01T13:16:37,2026-02-01,G01_2026-02-01,994,train,normal,,1025,1281,1,952d92643f9d3d94cdadedf5fad588ff46c0f03fa7be5150372e9cee1bec690a,,
1.0,G01-260201-131659-995,G01-260201-131659-995.bmp,G01,2026-02-01T13:16:59,2026-02-01,G01_2026-02-01,995,train,normal,,1025,1281,1,3e7faa56f98ca1cd7a2dddcf4e7fc5258c90ecd318fba4c813390dec40759f34,,
1.0,G01-260201-131709-996,G01-260201-131709-996.bmp,G01,2026-02-01T13:17:09,2026-02-01,G01_2026-02-01,996,train,normal,,1025,1281,1,686c35938d5c395b7844b2a684ca7680c3cde4182f35523e7d93d53f807731fd,,
1.0,G01-260201-131732-997,G01-260201-131732-997.bmp,G01,2026-02-01T13:17:32,2026-02-01,G01_2026-02-01,997,train,normal,,1025,1281,1,42cba19830f62d8aa0d15e70bcb77963872906b84e3a3e92705663c87e7087bd,,
1.0,G01-260201-131750-998,G01-260201-131750-998.bmp,G01,2026-02-01T13:17:50,2026-02-01,G01_2026-02-01,998,train,normal,,1025,1281,1,ddedf59c0b5ca9807c057753944655e588cdbb872cd9648ddcbb40ffdebcbdb9,,
1.0,G01-260201-131756-999,G01-260201-131756-999.bmp,G01,2026-02-01T13:17:56,2026-02-01,G01_2026-02-01,999,train,normal,,1025,1281,1,96b24b3a4c80583204c3954020b36e67b74f576e0e68176ec250a42e5f37c2f5,,
1.0,G01-260201-131816-000,G01-260201-131816-000.bmp,G01,2026-02-01T13:18:16,2026-02-01,G01_2026-02-01,0,train,normal,,1025,1281,1,cd75b3e12fa21927d702029b1bed301ac96d3fb84b84fb53180af874c1a08a8d,,
1.0,G01-260201-131823-001,G01-260201-131823-001.bmp,G01,2026-02-01T13:18:23,2026-02-01,G01_2026-02-01,1,train,normal,,1025,1281,1,d9e09ee8182922f74373b8ee9d9279677105c271975e560e8bb9dfe36d2d1776,,
1.0,G01-260201-131847-002,G01-260201-131847-002.bmp,G01,2026-02-01T13:18:47,2026-02-01,G01_2026-02-01,2,train,normal,,1025,1281,1,3efced3c4c9b3aaa2b2d9dc1c86a810818cb4cbdff96cfae9e9144864e33ac84,,
1.0,G01-260201-131853-003,G01-260201-131853-003.bmp,G01,2026-02-01T13:18:53,2026-02-01,G01_2026-02-01,3,train,normal,,1025,1281,1,418c97cdc9d5aedf502eba8ff0fccbfd195ed7cee7cde0ced16393bfda65d8df,,
1.0,G01-260201-131915-004,G01-260201-131915-004.bmp,G01,2026-02-01T13:19:15,2026-02-01,G01_2026-02-01,4,train,normal,,1025,1281,1,a23558589fbcbf424465e59d971e80dca98fcc865ca5e85d73b7ad7c55b6a109,,
1.0,G01-260201-131924-005,G01-260201-131924-005.bmp,G01,2026-02-01T13:19:24,2026-02-01,G01_2026-02-01,5,train,normal,,1025,1281,1,744ab851c2c78635189c8f450b8cf2276203e05793dde355c2b93f5eccd3acfc,,
1.0,G01-260201-131938-006,G01-260201-131938-006.bmp,G01,2026-02-01T13:19:38,2026-02-01,G01_2026-02-01,6,train,normal,,1025,1281,1,b81578400597387b794b62ba6a6cf7529398dd121d000b68c1c7a45cd4d4ce98,,
1.0,G01-260201-132018-007,G01-260201-132018-007.bmp,G01,2026-02-01T13:20:18,2026-02-01,G01_2026-02-01,7,train,normal,,1025,1281,1,61fa6c6063352b55dc549ef643e0a41991442df58cb3053510aa91824237584b,,
1.0,G01-260201-132030-008,G01-260201-132030-008.bmp,G01,2026-02-01T13:20:30,2026-02-01,G01_2026-02-01,8,train,normal,,1025,1281,1,3c6be25a55b239191a9cf69f597249a054405da710ae780889ddefe08497c627,,
1.0,G01-260201-132037-009,G01-260201-132037-009.bmp,G01,2026-02-01T13:20:37,2026-02-01,G01_2026-02-01,9,train,normal,,1025,1281,1,34972aa9cedec4cb58bd58a833a0015c204493153ed7e162eaaeb19374176e86,,
1.0,G01-260201-132048-010,G01-260201-132048-010.bmp,G01,2026-02-01T13:20:48,2026-02-01,G01_2026-02-01,10,train,normal,,1025,1281,1,fa536a1ab68c432e3d4489e017ca7974d490a2df235e050d6d2ef425dab6f85b,,
1.0,G01-260201-132054-011,G01-260201-132054-011.bmp,G01,2026-02-01T13:20:54,2026-02-01,G01_2026-02-01,11,train,normal,,1025,1281,1,66ea1f7053037a062d26e5b1b73691c24dbf52e3c856e02985d64bc6c501e25c,,
1.0,G01-260201-132114-012,G01-260201-132114-012.bmp,G01,2026-02-01T13:21:14,2026-02-01,G01_2026-02-01,12,train,normal,,1025,1281,1,b44c9a85b0ea038ebb800f3ee8fbba28c126c9155bb91085f14f4f1757c4eff5,,
1.0,G01-260201-132123-013,G01-260201-132123-013.bmp,G01,2026-02-01T13:21:23,2026-02-01,G01_2026-02-01,13,train,normal,,1025,1281,1,a9c276b6f50259a87631522670bcd6c8f17fc6f575d5263d583d6d3b70faeda0,,
1.0,G01-260201-132146-014,G01-260201-132146-014.bmp,G01,2026-02-01T13:21:46,2026-02-01,G01_2026-02-01,14,train,normal,,1025,1281,1,16d4b142a320fee0d4706d1aa59977a02ec7f736cb552ac301ac6334299d9fc3,,
1.0,G01-260201-132152-015,G01-260201-132152-015.bmp,G01,2026-02-01T13:21:52,2026-02-01,G01_2026-02-01,15,train,normal,,1025,1281,1,bbf3408917a0799bcdbf59529ea550d74ba72d6debabe57aa17333965964f247,,
1.0,G01-260201-132216-016,G01-260201-132216-016.bmp,G01,2026-02-01T13:22:16,2026-02-01,G01_2026-02-01,16,train,normal,,1025,1281,1,abf61c6d8ba12de43e7963e3b3f779aa0c8d723994908d8ef50640397300dd2b,,
1.0,G01-260201-132223-017,G01-260201-132223-017.bmp,G01,2026-02-01T13:22:23,2026-02-01,G01_2026-02-01,17,train,normal,,1025,1281,1,a1ae9b74501407f1cb3aed2176b9728db07ea5f7e09b4132c413bb054a236ed1,,
1.0,G01-260201-132245-018,G01-260201-132245-018.bmp,G01,2026-02-01T13:22:45,2026-02-01,G01_2026-02-01,18,train,normal,,1025,1281,1,b02be5f4eeb1a5dea76344838444ede496ede5a0346e3b1fdb300b2553b0bebf,,
1.0,G01-260201-132252-019,G01-260201-132252-019.bmp,G01,2026-02-01T13:22:52,2026-02-01,G01_2026-02-01,19,train,normal,,1025,1281,1,4a222a7990aa676976eb2d53d50b6aebf8dbd24b24a68547efdfcc58e4e91d66,,
1.0,G01-260201-132315-020,G01-260201-132315-020.bmp,G01,2026-02-01T13:23:15,2026-02-01,G01_2026-02-01,20,train,normal,,1025,1281,1,69f15f4c28032dcd638e1cd9ad79fcdaae5274a591d5a00b862750806b60c87f,,
1.0,G01-260201-132322-021,G01-260201-132322-021.bmp,G01,2026-02-01T13:23:22,2026-02-01,G01_2026-02-01,21,train,normal,,1025,1281,1,537c07c4b3ca1e2a8efbf0b99bd0f9eefdc0cbd040ca39d30f6ad0213b906eed,,
1.0,G01-260201-132344-022,G01-260201-132344-022.bmp,G01,2026-02-01T13:23:44,2026-02-01,G01_2026-02-01,22,train,normal,,1025,1281,1,d03911b45ef6f6ec93420f1d8801f64535b0c55142d36ab9a1680004e3b932c3,,
1.0,G01-260201-132352-023,G01-260201-132352-023.bmp,G01,2026-02-01T13:23:52,2026-02-01,G01_2026-02-01,23,train,normal,,1025,1281,1,44ec56a332d5c48c9539b64b8be522aa6ab8d8b361bfeb9fbdb27afdd967604a,,
1.0,G01-260201-132412-024,G01-260201-132412-024.bmp,G01,2026-02-01T13:24:12,2026-02-01,G01_2026-02-01,24,train,normal,,1025,1281,1,b1a898a79fefeb2c18ce9277f902bba0137cc893b03a55fbd10f8966924e89ab,,
1.0,G01-260201-132436-025,G01-260201-132436-025.bmp,G01,2026-02-01T13:24:36,2026-02-01,G01_2026-02-01,25,train,normal,,1025,1281,1,2328b87f968bf2e2d987f7338f2549b0846a255522a3f08dec9312933e6cc367,,
1.0,G01-260201-132449-026,G01-260201-132449-026.bmp,G01,2026-02-01T13:24:49,2026-02-01,G01_2026-02-01,26,train,normal,,1025,1281,1,364cf589df4cc56e7004cd5c6ab58aa7c28ea38c79ec03a769937374659e74e3,,
1.0,G01-260201-132456-027,G01-260201-132456-027.bmp,G01,2026-02-01T13:24:56,2026-02-01,G01_2026-02-01,27,train,normal,,1025,1281,1,2a62a290d1d2e4e57004d7fa8546814d2b9ee2621c0ad0fc16cab9af4517594f,,
1.0,G01-260201-132519-028,G01-260201-132519-028.bmp,G01,2026-02-01T13:25:19,2026-02-01,G01_2026-02-01,28,train,normal,,1025,1281,1,73b97822a5a620f4c41daf0d581470ba63ceafed853147db11b5044135430c9c,,
1.0,G01-260201-132525-029,G01-260201-132525-029.bmp,G01,2026-02-01T13:25:25,2026-02-01,G01_2026-02-01,29,train,normal,,1025,1281,1,d70c25cbd3d83aa64ebdd7b44a0c653ae7b8e421479c8c07920a7f425beb977d,,
1.0,G01-260201-132547-030,G01-260201-132547-030.bmp,G01,2026-02-01T13:25:47,2026-02-01,G01_2026-02-01,30,train,normal,,1025,1281,1,1c07ab60a1a730200fbfb9a8e199671d6ca7835b9e3ca742b961d228fa12f74d,,
1.0,G01-260201-132554-031,G01-260201-132554-031.bmp,G01,2026-02-01T13:25:54,2026-02-01,G01_2026-02-01,31,train,normal,,1025,1281,1,b9d6869227ec10c15909da884e756938261163045e5d0e777352f134b4bd36e7,,
1.0,G01-260201-132617-032,G01-260201-132617-032.bmp,G01,2026-02-01T13:26:17,2026-02-01,G01_2026-02-01,32,train,normal,,1025,1281,1,62e7826d4b932fc9c877d672b297e114e338145c95f12c96329c2e09c1914c61,,
1.0,G01-260201-132623-033,G01-260201-132623-033.bmp,G01,2026-02-01T13:26:23,2026-02-01,G01_2026-02-01,33,train,normal,,1025,1281,1,ec64b0792d400dceb8cb3928c75b69b5ee2e17f22971ee4aab5ce46f743f7a14,,
1.0,G01-260201-132647-034,G01-260201-132647-034.bmp,G01,2026-02-01T13:26:47,2026-02-01,G01_2026-02-01,34,train,normal,,1025,1281,1,4c60c70162f2d6ae2a8a409022b4937aed117c616cacd01576d821b3bebc845f,,
1.0,G01-260201-132653-035,G01-260201-132653-035.bmp,G01,2026-02-01T13:26:53,2026-02-01,G01_2026-02-01,35,train,normal,,1025,1281,1,6c73a795b8c37b4e648872d1c54e27b2aa95dfc14ab6960a26b78985e57e0b1a,,
1.0,G01-260201-132710-036,G01-260201-132710-036.bmp,G01,2026-02-01T13:27:10,2026-02-01,G01_2026-02-01,36,train,normal,,1025,1281,1,76e170228de46a5f302f532c0036fd80a1f4faaa5e7923a84aa5e905e19e57d8,,
1.0,G01-260201-132750-037,G01-260201-132750-037.bmp,G01,2026-02-01T13:27:50,2026-02-01,G01_2026-02-01,37,train,normal,,1025,1281,1,1d202f113827bd18eaa28e57c8223e2d9f8e5ef8c3f14e8a6f0a7728992c9d08,,
1.0,G01-260201-132757-038,G01-260201-132757-038.bmp,G01,2026-02-01T13:27:57,2026-02-01,G01_2026-02-01,38,train,normal,,1025,1281,1,da3b541bbb9d451b122f7bb7241a193433c6dd16851f403ba125206ab16e11ae,,
1.0,G01-260201-132804-039,G01-260201-132804-039.bmp,G01,2026-02-01T13:28:04,2026-02-01,G01_2026-02-01,39,train,normal,,1025,1281,1,3ed44d746dc5cd5eab3b6dfea098fbbd9b4674b72f9f5b2dce85044f87ee8da0,,
1.0,G01-260201-132820-040,G01-260201-132820-040.bmp,G01,2026-02-01T13:28:20,2026-02-01,G01_2026-02-01,40,train,normal,,1025,1281,1,6a1f1342dfec54952e67cc9c27677c42a82a417e0956d86f406ca09fd103120a,,
1.0,G01-260201-132826-041,G01-260201-132826-041.bmp,G01,2026-02-01T13:28:26,2026-02-01,G01_2026-02-01,41,train,normal,,1025,1281,1,f63eb0a2485854bc01a97d80f1878c17b0430cb19b2a42c6cb53c2d64546253d,,
1.0,G01-260201-132840-042,G01-260201-132840-042.bmp,G01,2026-02-01T13:28:40,2026-02-01,G01_2026-02-01,42,train,normal,,1025,1281,1,92f92215afb0cc7493e8f3cafee2651aa7814bfcb15980b54a20c5ffa79e31d4,,
1.0,G01-260201-132905-043,G01-260201-132905-043.bmp,G01,2026-02-01T13:29:05,2026-02-01,G01_2026-02-01,43,train,normal,,1025,1281,1,fa4f576eedbf0fb7efce5fd1d104fc57bf2d409ea3f666887a187cb68c1d24cb,,
1.0,G01-260201-132914-044,G01-260201-132914-044.bmp,G01,2026-02-01T13:29:14,2026-02-01,G01_2026-02-01,44,train,normal,,1025,1281,1,dd6c3e6580688995b2b2f06cf831f2356bc56ce47e7f8b49b88dd4fcee574537,,
1.0,G01-260201-132943-045,G01-260201-132943-045.bmp,G01,2026-02-01T13:29:43,2026-02-01,G01_2026-02-01,45,train,normal,,1025,1281,1,aba4b3837428c30ece00fca2ae4568614a43c4ef0f6a1e3bd2e0eb635c34550b,,
1.0,G01-260201-132953-046,G01-260201-132953-046.bmp,G01,2026-02-01T13:29:53,2026-02-01,G01_2026-02-01,46,train,normal,,1025,1281,1,32e62041a0fc0d9c1968acadb9d73035d10ebf815d3728f893ecc5499335fcb3,,
1.0,G01-260201-133006-047,G01-260201-133006-047.bmp,G01,2026-02-01T13:30:06,2026-02-01,G01_2026-02-01,47,train,normal,,1025,1281,1,bf701ce860d393dfd05bbe4edf4ff32cb4125e5151397e8322e6359c60ab3743,,
1.0,G01-260201-133018-048,G01-260201-133018-048.bmp,G01,2026-02-01T13:30:18,2026-02-01,G01_2026-02-01,48,train,normal,,1025,1281,1,ec75d8beb23dfb74e15b1846cd4c916af043bb2b212e826179219fe8a634efb2,,
1.0,G01-260201-133025-049,G01-260201-133025-049.bmp,G01,2026-02-01T13:30:25,2026-02-01,G01_2026-02-01,49,train,normal,,1025,1281,1,c393f4a7c8e1bae717948cb0a546b2ca3f7b9eabf3a5acc297636bdbf0e637d9,,
1.0,G01-260201-133041-050,G01-260201-133041-050.bmp,G01,2026-02-01T13:30:41,2026-02-01,G01_2026-02-01,50,train,normal,,1025,1281,1,a2a9d64451b37c9b6d985856834ce362c10074832f3a4ed17cc15538fccf5f75,,
1.0,G01-260201-133121-051,G01-260201-133121-051.bmp,G01,2026-02-01T13:31:21,2026-02-01,G01_2026-02-01,51,train,normal,,1025,1281,1,a49e32277950678dfde10d12322ebd50c59e1fab02a84447f2a599d21bd01edf,,
1.0,G01-260201-133127-052,G01-260201-133127-052.bmp,G01,2026-02-01T13:31:27,2026-02-01,G01_2026-02-01,52,train,normal,,1025,1281,1,d601ff665526a7670907cf803dbf097d4c93f0dd292653fc924c1e710e024c3e,,
1.0,G01-260201-133135-053,G01-260201-133135-053.bmp,G01,2026-02-01T13:31:35,2026-02-01,G01_2026-02-01,53,train,normal,,1025,1281,1,8813448f1be324d994a7b65955bdfb7f02a77e9374ffe4e0932cb47cfa6c2478,,
1.0,G01-260201-133151-054,G01-260201-133151-054.bmp,G01,2026-02-01T13:31:51,2026-02-01,G01_2026-02-01,54,train,normal,,1025,1281,1,fe2ed43d4819854d97e4b91e7e3003a7526a9c5c199685c50e28060a4074c480,,
1.0,G01-260201-133157-055,G01-260201-133157-055.bmp,G01,2026-02-01T13:31:57,2026-02-01,G01_2026-02-01,55,train,normal,,1025,1281,1,acfd3f83b49fa8dd80949f38cfeb2f86c44d97ce7bcc598851ff2f51f9c65b8f,,
1.0,G01-260201-133217-056,G01-260201-133217-056.bmp,G01,2026-02-01T13:32:17,2026-02-01,G01_2026-02-01,56,train,normal,,1025,1281,1,5e29ffd43c627abf3178757e833f498dc687815026fba023fd4f991a5af2d992,,
1.0,G01-260201-133243-057,G01-260201-133243-057.bmp,G01,2026-02-01T13:32:43,2026-02-01,G01_2026-02-01,57,train,normal,,1025,1281,1,179ca27f915e35eecf13d2598879fec5fc39a6033f023001006a741d25ba3c6b,,
1.0,G01-260201-133323-058,G01-260201-133323-058.bmp,G01,2026-02-01T13:33:23,2026-02-01,G01_2026-02-01,58,train,normal,,1025,1281,1,abd8b2c3cdb9964c830c6086cf4e298028b7d5b6411d09a571631980561d4fb3,,
1.0,G01-260201-133329-059,G01-260201-133329-059.bmp,G01,2026-02-01T13:33:29,2026-02-01,G01_2026-02-01,59,train,normal,,1025,1281,1,e3932e1c9716b2ab33d43b28ea2d1af818ba850164cace55542b01b7f0297ff4,,
1.0,G01-260201-133335-060,G01-260201-133335-060.bmp,G01,2026-02-01T13:33:35,2026-02-01,G01_2026-02-01,60,train,normal,,1025,1281,1,4b65e5809f9289aaffa45d196043a97b4cd0ee66bac492ff789e38de31386de1,,
1.0,G01-260201-133350-061,G01-260201-133350-061.bmp,G01,2026-02-01T13:33:50,2026-02-01,G01_2026-02-01,61,train,normal,,1025,1281,1,35809d0e5d37a57508ea11c28c3cce7a6f5f1cc693554116875ea81b07c2b555,,
1.0,G01-260201-133357-062,G01-260201-133357-062.bmp,G01,2026-02-01T13:33:57,2026-02-01,G01_2026-02-01,62,train,normal,,1025,1281,1,e48f3c1255f732b30bb7fc86a77cb6228d60962ca04479261e6b799b57d65bb3,,
1.0,G01-260201-133417-063,G01-260201-133417-063.bmp,G01,2026-02-01T13:34:17,2026-02-01,G01_2026-02-01,63,train,normal,,1025,1281,1,0bc4b152457a7bc5bec6399bc3f5623cb9e2ffbf576147e530d945fab0b20b90,,
1.0,G01-260201-133425-064,G01-260201-133425-064.bmp,G01,2026-02-01T13:34:25,2026-02-01,G01_2026-02-01,64,train,normal,,1025,1281,1,8c2a16b860b90153ca9afe8d3aa62a558aaaab88ee5b1c42bc95e50d7080a38b,,
1.0,G01-260201-133444-065,G01-260201-133444-065.bmp,G01,2026-02-01T13:34:44,2026-02-01,G01_2026-02-01,65,train,normal,,1025,1281,1,168ffcc9039e34374fd8639e5e9a25cd0e5b85df24c59026ff73d72b635cf9e2,,
1.0,G01-260201-133522-066,G01-260201-133522-066.bmp,G01,2026-02-01T13:35:22,2026-02-01,G01_2026-02-01,66,train,normal,,1025,1281,1,3c8c3e24c8af8d51a0d93d95309d69c7d3928573c65a3edeb9ce87b81db2134d,,
1.0,G01-260201-133528-067,G01-260201-133528-067.bmp,G01,2026-02-01T13:35:28,2026-02-01,G01_2026-02-01,67,train,normal,,1025,1281,1,224091eaac9ce86eef31cb33472c6d2a650fd7806d38155e847f7dcbf7087533,,
1.0,G01-260201-133536-068,G01-260201-133536-068.bmp,G01,2026-02-01T13:35:36,2026-02-01,G01_2026-02-01,68,train,normal,,1025,1281,1,33440d3be231f73b40b24d6aa321805d966b265729a15abe2731c1e33d5c716c,,
1.0,G01-260201-133550-069,G01-260201-133550-069.bmp,G01,2026-02-01T13:35:50,2026-02-01,G01_2026-02-01,69,train,normal,,1025,1281,1,e10807cd633f044649a976abe71b8f5824c992ceac9640e624d177c87220e8a8,,
1.0,G01-260201-133557-070,G01-260201-133557-070.bmp,G01,2026-02-01T13:35:57,2026-02-01,G01_2026-02-01,70,train,normal,,1025,1281,1,fbbd6fbfd8943ede4f306ac6fce5138e05cb534908b838ac321472a23d63ba11,,
1.0,G01-260201-133613-071,G01-260201-133613-071.bmp,G01,2026-02-01T13:36:13,2026-02-01,G01_2026-02-01,71,train,normal,,1025,1281,1,71f9a03936f6631f85d395c99d5a20720a01c6cb0b57c4b59f4edc08b3bb4139,,
1.0,G01-260201-133653-072,G01-260201-133653-072.bmp,G01,2026-02-01T13:36:53,2026-02-01,G01_2026-02-01,72,train,normal,,1025,1281,1,e3ce72d632a15d18260c5a28620e04478741ef4e2f0c25ba17ca9069ae6a80d3,,
1.0,G01-260201-133659-073,G01-260201-133659-073.bmp,G01,2026-02-01T13:36:59,2026-02-01,G01_2026-02-01,73,train,normal,,1025,1281,1,583a1305410761ccab2cf607db02954f12cf85116d8035cb0ff7b1ca071a321a,,
1.0,G01-260201-133706-074,G01-260201-133706-074.bmp,G01,2026-02-01T13:37:06,2026-02-01,G01_2026-02-01,74,train,normal,,1025,1281,1,00422b335bf56a2f62d32f73d2c8bfbb216bd6492598cb2b3550f3ef12cda9ae,,
1.0,G01-260201-133736-075,G01-260201-133736-075.bmp,G01,2026-02-01T13:37:36,2026-02-01,G01_2026-02-01,75,train,normal,,1025,1281,1,f195dcf066a2df672a1dca8f288dcead049a3c6becd007eb9cabf32c95ee1fbe,,
1.0,G01-260201-133742-076,G01-260201-133742-076.bmp,G01,2026-02-01T13:37:42,2026-02-01,G01_2026-02-01,76,train,normal,,1025,1281,1,acd5879e474620097cd4ac646c52292cc1dd12f90c39b189f9d3f5a1ed8d80aa,,
1.0,G01-260201-133749-077,G01-260201-133749-077.bmp,G01,2026-02-01T13:37:49,2026-02-01,G01_2026-02-01,77,train,normal,,1025,1281,1,81803bedd745c2d78753dac0c83f52ac9ac021b8aa324633f85e0899f47ff4b6,,
1.0,G01-260201-133807-078,G01-260201-133807-078.bmp,G01,2026-02-01T13:38:07,2026-02-01,G01_2026-02-01,78,train,normal,,1025,1281,1,cb26d1e6ca9ba86201a7dae8de717787cdb763172a10d2439a5b0ae16e56eb29,,
1.0,G01-260201-133848-079,G01-260201-133848-079.bmp,G01,2026-02-01T13:38:48,2026-02-01,G01_2026-02-01,79,train,normal,,1025,1281,1,e26332582af1ebe344a9cee45a08e58f5152e068f296ab0f444417f3b86c35a1,,
1.0,G01-260201-133854-080,G01-260201-133854-080.bmp,G01,2026-02-01T13:38:54,2026-02-01,G01_2026-02-01,80,train,normal,,1025,1281,1,fac985dcf9e6e20bc339958999eff8dbea3f177ec0f8b44a2df432d98ab306ac,,
1.0,G01-260201-133901-081,G01-260201-133901-081.bmp,G01,2026-02-01T13:39:01,2026-02-01,G01_2026-02-01,81,train,normal,,1025,1281,1,3c60348af9bc601b1b36d1963f0ca0b2090d6899347a02fc0843eec362608fdf,,
1.0,G01-260201-133907-082,G01-260201-133907-082.bmp,G01,2026-02-01T13:39:07,2026-02-01,G01_2026-02-01,82,train,normal,,1025,1281,1,d3b934606d8dce0220af597218aada9a458a99ca647292fcc2e185ddee9026f3,,
1.0,G01-260201-133926-083,G01-260201-133926-083.bmp,G01,2026-02-01T13:39:26,2026-02-01,G01_2026-02-01,83,train,normal,,1025,1281,1,98b51d27cc98cfe0e64243b499fbe36344d39533b592514c6695af959b6bd909,,
1.0,G01-260201-133932-084,G01-260201-133932-084.bmp,G01,2026-02-01T13:39:32,2026-02-01,G01_2026-02-01,84,train,normal,,1025,1281,1,b6330a16db4b3377dadf8e2363c6153d6fe082da5842e8ada26f38926d02a71b,,
1.0,G01-260201-134018-085,G01-260201-134018-085.bmp,G01,2026-02-01T13:40:18,2026-02-01,G01_2026-02-01,85,train,normal,,1025,1281,1,ee2f1d34a43ce6559b18fe034ec4cf321d1edffcbf659b7fce60338916af2331,,
1.0,G01-260201-134024-086,G01-260201-134024-086.bmp,G01,2026-02-01T13:40:24,2026-02-01,G01_2026-02-01,86,train,normal,,1025,1281,1,53e1e7a30ddd867fb2fa5606372e27e51f499a36aa49b864f4a89d0a1a7aee31,,
1.0,G01-260201-134030-087,G01-260201-134030-087.bmp,G01,2026-02-01T13:40:30,2026-02-01,G01_2026-02-01,87,train,normal,,1025,1281,1,17935fcf27829261f3ec13006a44ce27c1aa7c7ccc2d8af9f713e4b692a880d8,,
1.0,G01-260201-134037-088,G01-260201-134037-088.bmp,G01,2026-02-01T13:40:37,2026-02-01,G01_2026-02-01,88,train,normal,,1025,1281,1,1d86a2eba17dc8e8cdfb8d75f09f1e74659c194d03dee0d667c0a2880318be35,,
1.0,G01-260201-134056-089,G01-260201-134056-089.bmp,G01,2026-02-01T13:40:56,2026-02-01,G01_2026-02-01,89,train,normal,,1025,1281,1,85a017a1e7f173746b0134f6e5eb346f1fcde4f4ce023569fdcc0d0c3ed707f0,,
1.0,G01-260201-134102-090,G01-260201-134102-090.bmp,G01,2026-02-01T13:41:02,2026-02-01,G01_2026-02-01,90,train,normal,,1025,1281,1,2f515c0f8a94912a918bc4dcf08b5c419a39ed91380eaa525f627b7a51192024,,
1.0,G01-260201-134146-091,G01-260201-134146-091.bmp,G01,2026-02-01T13:41:46,2026-02-01,G01_2026-02-01,91,train,normal,,1025,1281,1,83f2052de4cc2de11e93c1b7a25ba8bc1c2011424c550536b67cb7490c4aa8b1,,
1.0,G01-260201-134153-092,G01-260201-134153-092.bmp,G01,2026-02-01T13:41:53,2026-02-01,G01_2026-02-01,92,train,normal,,1025,1281,1,850ac4ce6b6dca3da61f51e88b160281703eea111518276a31f082468e3a42b4,,
1.0,G01-260201-134200-093,G01-260201-134200-093.bmp,G01,2026-02-01T13:42:00,2026-02-01,G01_2026-02-01,93,train,normal,,1025,1281,1,6e505da828844cea2a10f257cda8eb976ec810fe72f0217e524cebae85848e25,,
1.0,G01-260201-134208-094,G01-260201-134208-094.bmp,G01,2026-02-01T13:42:08,2026-02-01,G01_2026-02-01,94,train,normal,,1025,1281,1,472c59ab4fb01bbe45bcb10b821804af15119944ae1c75fa686de3de77faecd9,,
1.0,G01-260201-134224-095,G01-260201-134224-095.bmp,G01,2026-02-01T13:42:24,2026-02-01,G01_2026-02-01,95,train,normal,,1025,1281,1,8a9ab005b917ddc49dc958acbbc020432e3ee1f4791b5c3b9986283c157daecb,,
1.0,G01-260201-134230-096,G01-260201-134230-096.bmp,G01,2026-02-01T13:42:30,2026-02-01,G01_2026-02-01,96,train,normal,,1025,1281,1,6e11c1dfd84a60a64ee8047e1517185b2fec8e98d65cf82b14ae23f328b7ba7d,,
1.0,G01-260201-134319-097,G01-260201-134319-097.bmp,G01,2026-02-01T13:43:19,2026-02-01,G01_2026-02-01,97,train,normal,,1025,1281,1,b7fc7a22a601e95686ca765a869e46cf99f8c9e4883942060a1fa5558ae9a391,,
1.0,G01-260201-134325-098,G01-260201-134325-098.bmp,G01,2026-02-01T13:43:25,2026-02-01,G01_2026-02-01,98,train,normal,,1025,1281,1,25574b5d3824842aee2101c142084ce29725716bd2fa3861d292fac4e7e4dc27,,
1.0,G01-260201-134331-099,G01-260201-134331-099.bmp,G01,2026-02-01T13:43:31,2026-02-01,G01_2026-02-01,99,train,normal,,1025,1281,1,5b6fb560dc7e597e23403a7b6f460dfaa8220fab207e549855839496e0fa3dd5,,
1.0,G01-260201-134338-100,G01-260201-134338-100.bmp,G01,2026-02-01T13:43:38,2026-02-01,G01_2026-02-01,100,train,normal,,1025,1281,1,b987e3696d03e3508f60135dc4ebd2ace00e633d1387744b3e3c5c28cb8e7bc2,,
1.0,G01-260201-134354-101,G01-260201-134354-101.bmp,G01,2026-02-01T13:43:54,2026-02-01,G01_2026-02-01,101,train,normal,,1025,1281,1,a06372bba07060b4a3a8ad9546b7dc1aa38d4025f5a4fac216baa00134cb2aff,,
1.0,G01-260201-134401-102,G01-260201-134401-102.bmp,G01,2026-02-01T13:44:01,2026-02-01,G01_2026-02-01,102,train,normal,,1025,1281,1,6783a9f3421a3c76634ed1c52a43d330ad647cdab0070d70945065c560b8cd3e,,
1.0,G01-260201-134421-103,G01-260201-134421-103.bmp,G01,2026-02-01T13:44:21,2026-02-01,G01_2026-02-01,103,train,normal,,1025,1281,1,bd99cb1e2650521fd3a9e55700888a59fb29b857a133a02c4c5838907841d8a9,,
1.0,G01-260201-134429-104,G01-260201-134429-104.bmp,G01,2026-02-01T13:44:29,2026-02-01,G01_2026-02-01,104,train,normal,,1025,1281,1,b247ebb0cedbdccb25c42828c91d5749cdfa0513f8221176f3eb78f8d7dcf356,,
1.0,G01-260201-134450-105,G01-260201-134450-105.bmp,G01,2026-02-01T13:44:50,2026-02-01,G01_2026-02-01,105,train,normal,,1025,1281,1,e45ca7d61f05134a59f9c60e4016bebf15d4239ba1cd04884f282e64023b0881,,
1.0,G01-260201-134518-106,G01-260201-134518-106.bmp,G01,2026-02-01T13:45:18,2026-02-01,G01_2026-02-01,106,train,normal,,1025,1281,1,2fcdeffcd07c65ded858f48f73015af04df74e5fa1b868fc707636c32928485d,,
1.0,G01-260201-134548-107,G01-260201-134548-107.bmp,G01,2026-02-01T13:45:48,2026-02-01,G01_2026-02-01,107,train,normal,,1025,1281,1,c91c9b80e13329e30f83cd3d4b69f30e72a9c57294e134ab452801333d694191,,
1.0,G01-260201-134554-108,G01-260201-134554-108.bmp,G01,2026-02-01T13:45:54,2026-02-01,G01_2026-02-01,108,train,normal,,1025,1281,1,eae7afa1453ade3b0f478e15f7030ea98ec516485befbd4a882057f5feeb6f05,,
1.0,G01-260201-134601-109,G01-260201-134601-109.bmp,G01,2026-02-01T13:46:01,2026-02-01,G01_2026-02-01,109,train,normal,,1025,1281,1,40d5a78b16b30db07d2d8494860faea353d8b5b79bf09108f4cbb95d0a60422d,,
1.0,G01-260201-134607-110,G01-260201-134607-110.bmp,G01,2026-02-01T13:46:07,2026-02-01,G01_2026-02-01,110,train,normal,,1025,1281,1,fbf8d794438175fcba17fc52a8fb18c28ee41c0b0813ef270dc56f6ba941b8db,,
1.0,G01-260201-134625-111,G01-260201-134625-111.bmp,G01,2026-02-01T13:46:25,2026-02-01,G01_2026-02-01,111,train,normal,,1025,1281,1,3ab1ab595d9cf5c0f127a794080c4712e67504f25d1ccf0b6bc124685bd94964,,
1.0,G01-260201-134631-112,G01-260201-134631-112.bmp,G01,2026-02-01T13:46:31,2026-02-01,G01_2026-02-01,112,train,normal,,1025,1281,1,1c0077c1e02255cf033c6afb991cea043b1e51d6ea48eded6c2ba6c90dc13664,,
1.0,G01-260201-134651-113,G01-260201-134651-113.bmp,G01,2026-02-01T13:46:51,2026-02-01,G01_2026-02-01,113,train,normal,,1025,1281,1,8156e025e1d140388daf2227320f0f9c8e1faea6aa11a100fdcdb0d9909c0be8,,
1.0,G01-260201-134658-114,G01-260201-134658-114.bmp,G01,2026-02-01T13:46:58,2026-02-01,G01_2026-02-01,114,train,normal,,1025,1281,1,402105c795a892a592fad9109281ecccafc6ce6478490911807fe5cfcbdbbca4,,
1.0,G01-260201-134716-115,G01-260201-134716-115.bmp,G01,2026-02-01T13:47:16,2026-02-01,G01_2026-02-01,115,train,normal,,1025,1281,1,4da47360c8f49cf3b9339bce64b2122592488944e659ff93d0d084912142d18e,,
1.0,G01-260201-134757-116,G01-260201-134757-116.bmp,G01,2026-02-01T13:47:57,2026-02-01,G01_2026-02-01,116,train,normal,,1025,1281,1,4939c1872c999d3f5e8e8eca7c4b2ee61f36865a2b271bfe5577dd579f45fa83,,
1.0,G01-260201-134803-117,G01-260201-134803-117.bmp,G01,2026-02-01T13:48:03,2026-02-01,G01_2026-02-01,117,train,normal,,1025,1281,1,c9ece7a3e917952a98c2d8b2c2f078a8c8e6ad09552e34c563f6d1e48c89f025,,
1.0,G01-260201-134810-118,G01-260201-134810-118.bmp,G01,2026-02-01T13:48:10,2026-02-01,G01_2026-02-01,118,train,normal,,1025,1281,1,e7f8804c1796ec0b62c6046c4e68477b755c98f17fe82a17f377de52325fc4c0,,
1.0,G01-260201-134841-119,G01-260201-134841-119.bmp,G01,2026-02-01T13:48:41,2026-02-01,G01_2026-02-01,119,train,normal,,1025,1281,1,5e625c88b336d7c07440f8937392742802f11e115a801a795fd0bcfcc2778ec6,,
1.0,G01-260201-134847-120,G01-260201-134847-120.bmp,G01,2026-02-01T13:48:47,2026-02-01,G01_2026-02-01,120,train,normal,,1025,1281,1,26ca8dfd2e0c573c221e8727025fc0154ef8a7bcb0ee881c454a0b29fb10db67,,
1.0,G01-260201-134855-121,G01-260201-134855-121.bmp,G01,2026-02-01T13:48:55,2026-02-01,G01_2026-02-01,121,train,normal,,1025,1281,1,efe7062a3588aa05d33c47c6f1dbc8e3e4a9db16823833db0024156a9976bb6f,,
1.0,G01-260201-134901-122,G01-260201-134901-122.bmp,G01,2026-02-01T13:49:01,2026-02-01,G01_2026-02-01,122,train,normal,,1025,1281,1,c53ffcfcb53a0cd77af04109986c1a10ef94ced5022b97489cef2afb2226fc3b,,
1.0,G01-260201-134927-123,G01-260201-134927-123.bmp,G01,2026-02-01T13:49:27,2026-02-01,G01_2026-02-01,123,train,normal,,1025,1281,1,ef4e8fb00fdade6ae258e327e2d43fb6035700c64c8768b5399dad8658e04bd7,,
1.0,G01-260201-134933-124,G01-260201-134933-124.bmp,G01,2026-02-01T13:49:33,2026-02-01,G01_2026-02-01,124,train,normal,,1025,1281,1,927fb3b6fba284303359362ef78bab933708c786ed8d235c937decdc3af847a0,,
1.0,G01-260201-135021-125,G01-260201-135021-125.bmp,G01,2026-02-01T13:50:21,2026-02-01,G01_2026-02-01,125,train,normal,,1025,1281,1,9b40244a107f07d4f7fff47e2620022866e0be72566d7a179211f1bbcd9f6efd,,
1.0,G01-260201-135027-126,G01-260201-135027-126.bmp,G01,2026-02-01T13:50:27,2026-02-01,G01_2026-02-01,126,train,normal,,1025,1281,1,2b0b9ba3c86538371331efeca81c9cbe66104270a4496b108ae2672771b0a38f,,
1.0,G01-260201-135034-127,G01-260201-135034-127.bmp,G01,2026-02-01T13:50:34,2026-02-01,G01_2026-02-01,127,train,normal,,1025,1281,1,2039f177baca9a192d05566abaf556931440d2b87856acbeda39cd1dbf8acea1,,
1.0,G01-260201-135043-128,G01-260201-135043-128.bmp,G01,2026-02-01T13:50:43,2026-02-01,G01_2026-02-01,128,train,normal,,1025,1281,1,1dc1c3c0008a345944e7ea1cb890a9522ab49d489bc5e74ce9324b0e5c0d5964,,
1.0,G01-260201-135102-129,G01-260201-135102-129.bmp,G01,2026-02-01T13:51:02,2026-02-01,G01_2026-02-01,129,train,normal,,1025,1281,1,b2835db39e9940d153a5b641da4ff70cd558d388715ad92b6450a8b327a39bec,,
1.0,G01-260201-135110-130,G01-260201-135110-130.bmp,G01,2026-02-01T13:51:10,2026-02-01,G01_2026-02-01,130,train,normal,,1025,1281,1,79bc03da23401137504efa7a00e630d4596f9bab5625300f28d44874372e846a,,
1.0,G01-260201-135119-131,G01-260201-135119-131.bmp,G01,2026-02-01T13:51:19,2026-02-01,G01_2026-02-01,131,train,normal,,1025,1281,1,6dc624dbd6a1ca040acfc27a383289b72e60770b293c4cc54b9dee040f3c69a6,,
1.0,G01-260201-135158-132,G01-260201-135158-132.bmp,G01,2026-02-01T13:51:58,2026-02-01,G01_2026-02-01,132,train,normal,,1025,1281,1,8627a932d302675b54bb661197d5a9bef654b78880dc2a23100b5593e978323b,,
1.0,G01-260201-135206-133,G01-260201-135206-133.bmp,G01,2026-02-01T13:52:06,2026-02-01,G01_2026-02-01,133,train,normal,,1025,1281,1,c801ae757a08326009166c2d518d26754ed5863eb67393651566f3283fd0189e,,
1.0,G01-260201-135212-134,G01-260201-135212-134.bmp,G01,2026-02-01T13:52:12,2026-02-01,G01_2026-02-01,134,train,normal,,1025,1281,1,499802628dfe59ca01ab12dbac16f9ea0e0584371a35874b069e3987d3449dfd,,
1.0,G01-260201-135239-135,G01-260201-135239-135.bmp,G01,2026-02-01T13:52:39,2026-02-01,G01_2026-02-01,135,train,normal,,1025,1281,1,7423222ddb10aee7e78aa464a679a1043beb043c522f039bb0991ca88528af9d,,
1.0,G01-260201-135246-136,G01-260201-135246-136.bmp,G01,2026-02-01T13:52:46,2026-02-01,G01_2026-02-01,136,train,normal,,1025,1281,1,226b4d2a5d49ad797ccd9a8a7f37407113798d9f1c3be78eb67d7dc1e6b9ff04,,
1.0,G01-260201-135252-137,G01-260201-135252-137.bmp,G01,2026-02-01T13:52:52,2026-02-01,G01_2026-02-01,137,train,normal,,1025,1281,1,46831840cfe1124cc035cce4ceabee17718e9532fd39b3abe8767c5aa7a544f2,,
1.0,G01-260201-135313-138,G01-260201-135313-138.bmp,G01,2026-02-01T13:53:13,2026-02-01,G01_2026-02-01,138,train,normal,,1025,1281,1,d2778e6012b98b06f21c0f7f2ce0aff7957f31c11497c62ca77eb3e2a1eb2c90,,
1.0,G01-260201-135326-139,G01-260201-135326-139.bmp,G01,2026-02-01T13:53:26,2026-02-01,G01_2026-02-01,139,train,normal,,1025,1281,1,63d0e09b1ce6d6a43a29ee38fc337ae5b474aa7cd5ff02e6031d88583d27ca18,,
1.0,G01-260201-135332-140,G01-260201-135332-140.bmp,G01,2026-02-01T13:53:32,2026-02-01,G01_2026-02-01,140,train,normal,,1025,1281,1,11e9ec7619680893eb9846355e3745a272bcc96e94f8e52a9cd36f182121eaea,,
1.0,G01-260201-135354-141,G01-260201-135354-141.bmp,G01,2026-02-01T13:53:54,2026-02-01,G01_2026-02-01,141,train,normal,,1025,1281,1,c71e247e5aca1ce4f3130735ad9dd87da64b5a9c4b4cd6fe30d31f5c35c6108d,,
1.0,G01-260201-135401-142,G01-260201-135401-142.bmp,G01,2026-02-01T13:54:01,2026-02-01,G01_2026-02-01,142,train,normal,,1025,1281,1,9de5d62e7e4e64966789e619c4da173d0fde06981a1852513bfda6e5fff0ac16,,
1.0,G01-260201-135425-143,G01-260201-135425-143.bmp,G01,2026-02-01T13:54:25,2026-02-01,G01_2026-02-01,143,train,normal,,1025,1281,1,ea373f45d50d97c3bbad79ff410a5cd3f3d356d48c0f643242818f075302d65f,,
1.0,G01-260201-135433-144,G01-260201-135433-144.bmp,G01,2026-02-01T13:54:33,2026-02-01,G01_2026-02-01,144,train,normal,,1025,1281,1,b8fc07495f5c7b30d8569a62d882e9f88924e96794e934e1299ae71b872fa7ea,,
1.0,G01-260201-135456-145,G01-260201-135456-145.bmp,G01,2026-02-01T13:54:56,2026-02-01,G01_2026-02-01,145,train,normal,,1025,1281,1,fe939b1eaaf02702f719ec28a41f8399b85e67f311db3eada350cd2814115f3d,,
1.0,G01-260201-135503-146,G01-260201-135503-146.bmp,G01,2026-02-01T13:55:03,2026-02-01,G01_2026-02-01,146,train,normal,,1025,1281,1,024204abcb47e235594dbffdeb824e215b87ba93c926a84f63a4aeef40de9e08,,
1.0,G01-260201-135531-147,G01-260201-135531-147.bmp,G01,2026-02-01T13:55:31,2026-02-01,G01_2026-02-01,147,train,normal,,1025,1281,1,a14e08633439451c11ad0029f09ec08780df827a360672e43258b8dc85c497c4,,
1.0,G01-260201-135537-148,G01-260201-135537-148.bmp,G01,2026-02-01T13:55:37,2026-02-01,G01_2026-02-01,148,train,normal,,1025,1281,1,2f03d8b5967238c9bb19cfd8a78edc1ff60d13367bbf3cbeb36763bdca13137f,,
1.0,G01-260201-135557-149,G01-260201-135557-149.bmp,G01,2026-02-01T13:55:57,2026-02-01,G01_2026-02-01,149,train,normal,,1025,1281,1,1f22b2635807b2d201e3a399fa62046540cbb312407507e39fe289b960eedab4,,
1.0,G01-260201-135603-150,G01-260201-135603-150.bmp,G01,2026-02-01T13:56:03,2026-02-01,G01_2026-02-01,150,train,normal,,1025,1281,1,7880d0e27f094a6bf1604a95b3c0ebe764ff2015bb03c7fa74fa96c8058fda52,,
1.0,G01-260201-135626-151,G01-260201-135626-151.bmp,G01,2026-02-01T13:56:26,2026-02-01,G01_2026-02-01,151,train,normal,,1025,1281,1,5ebf7ebe55f0630c9539a518e2b6a159c987112f0c340ace5e77e6950d02bd69,,
1.0,G01-260201-135632-152,G01-260201-135632-152.bmp,G01,2026-02-01T13:56:32,2026-02-01,G01_2026-02-01,152,train,normal,,1025,1281,1,f835494328845aef5e4d7f25305e53f9068e2dd59404ca23c002298c558d7fc2,,
1.0,G01-260201-135655-153,G01-260201-135655-153.bmp,G01,2026-02-01T13:56:55,2026-02-01,G01_2026-02-01,153,train,normal,,1025,1281,1,474a43175375a414f3c650f1916a505e4fdf5742e0c4e2ef54b8e0a390e8611c,,
1.0,G01-260201-135701-154,G01-260201-135701-154.bmp,G01,2026-02-01T13:57:01,2026-02-01,G01_2026-02-01,154,train,normal,,1025,1281,1,54bb1392101f4cb42461d3ad6879d600a5fb2272bc50e3a3f2a7a30639944a56,,
1.0,G01-260201-135724-155,G01-260201-135724-155.bmp,G01,2026-02-01T13:57:24,2026-02-01,G01_2026-02-01,155,train,normal,,1025,1281,1,81809563ff5f6863875600ef0c6e122b931576ecaf79fe4ff227237dc9c0abba,,
1.0,G01-260201-135731-156,G01-260201-135731-156.bmp,G01,2026-02-01T13:57:31,2026-02-01,G01_2026-02-01,156,train,normal,,1025,1281,1,008200c88b2aa86cde3a30d584f0d602fec8c30a1611662d663f70e2c35cda46,,
1.0,G01-260201-135755-157,G01-260201-135755-157.bmp,G01,2026-02-01T13:57:55,2026-02-01,G01_2026-02-01,157,train,normal,,1025,1281,1,99946f15d4f7b9f09546d510ae2493c6447023496c96da68a7310a1849c70194,,
1.0,G01-260201-135802-158,G01-260201-135802-158.bmp,G01,2026-02-01T13:58:02,2026-02-01,G01_2026-02-01,158,train,normal,,1025,1281,1,3c78baef19b5ce3bb62ea3c98425e440c71d4be1493972fbc87d2a22916ddb1e,,
1.0,G01-260201-135826-159,G01-260201-135826-159.bmp,G01,2026-02-01T13:58:26,2026-02-01,G01_2026-02-01,159,train,normal,,1025,1281,1,b50f65b23aedb47deb95ba48596dd480a2a4feec5aa09e45491d4c4211ba7f0a,,
1.0,G01-260201-135833-160,G01-260201-135833-160.bmp,G01,2026-02-01T13:58:33,2026-02-01,G01_2026-02-01,160,train,normal,,1025,1281,1,9b7a5feb01e59e0d1d69153e2dd6eb26c696b4b830af7ddadcf1cf5f72a7b22e,,
1.0,G01-260201-135859-161,G01-260201-135859-161.bmp,G01,2026-02-01T13:58:59,2026-02-01,G01_2026-02-01,161,train,normal,,1025,1281,1,b965c6b1f399fba98471ec13bc5d6f818288c684beac4f78ca35c2efd56bf973,,
1.0,G01-260201-135905-162,G01-260201-135905-162.bmp,G01,2026-02-01T13:59:05,2026-02-01,G01_2026-02-01,162,train,normal,,1025,1281,1,62a57a4f671e1144f052241028bdab1a97d4b5cc4496875a90d4a90384d4e735,,
1.0,G01-260201-135925-163,G01-260201-135925-163.bmp,G01,2026-02-01T13:59:25,2026-02-01,G01_2026-02-01,163,train,normal,,1025,1281,1,6d220b3a25938915657ef9b7510fa90a63a0c9bbd056960fc0550e274bf8bf61,,
1.0,G01-260201-135947-164,G01-260201-135947-164.bmp,G01,2026-02-01T13:59:47,2026-02-01,G01_2026-02-01,164,train,normal,,1025,1281,1,54d389c056d2af8dd6cc6925f19abb1eb66f1749226ae372cec2b21b6b030da9,,
1.0,G01-260201-135959-165,G01-260201-135959-165.bmp,G01,2026-02-01T13:59:59,2026-02-01,G01_2026-02-01,165,train,normal,,1025,1281,1,c46caa758f83787ff8b49a987a1af4e52632a0c68b9cc521822f9fbb0c3a9dd9,,
1.0,G01-260201-140005-166,G01-260201-140005-166.bmp,G01,2026-02-01T14:00:05,2026-02-01,G01_2026-02-01,166,train,normal,,1025,1281,1,eedf1f69ba43988c856eebc0179b87d1f860d4c51f928bde8dade93eeec3d06d,,
1.0,G01-260201-140028-167,G01-260201-140028-167.bmp,G01,2026-02-01T14:00:28,2026-02-01,G01_2026-02-01,167,train,normal,,1025,1281,1,6abd3ada32785ff0cfa15e9de2d8c5a95c22e83772e8c7e0842cfc96f42ff9e8,,
1.0,G01-260201-140034-168,G01-260201-140034-168.bmp,G01,2026-02-01T14:00:34,2026-02-01,G01_2026-02-01,168,train,normal,,1025,1281,1,da473fc73384aca63865d982a81d9374e404da5181e925b4a081d623a10044bc,,
1.0,G01-260201-140057-169,G01-260201-140057-169.bmp,G01,2026-02-01T14:00:57,2026-02-01,G01_2026-02-01,169,train,normal,,1025,1281,1,06f89932e29d4e31f3d7b5d900c20e672aa798c0e6852fe82ce38abd05a1ff5f,,
1.0,G01-260201-140103-170,G01-260201-140103-170.bmp,G01,2026-02-01T14:01:03,2026-02-01,G01_2026-02-01,170,train,normal,,1025,1281,1,de3448d1322041ae8268da7a4db18cf944d4108b9294e6bc0c6365998c34b1bf,,
1.0,G01-260201-140134-171,G01-260201-140134-171.bmp,G01,2026-02-01T14:01:34,2026-02-01,G01_2026-02-01,171,train,normal,,1025,1281,1,7ee706fedc440c6d90621242a91fa51a81032052d561c0d6c2a412db57955c92,,
1.0,G01-260201-140143-172,G01-260201-140143-172.bmp,G01,2026-02-01T14:01:43,2026-02-01,G01_2026-02-01,172,train,normal,,1025,1281,1,99d810f0339d91512ddc11c9e8752c6cfc0188b747a66bc3667342d63440860d,,
1.0,G01-260201-140156-173,G01-260201-140156-173.bmp,G01,2026-02-01T14:01:56,2026-02-01,G01_2026-02-01,173,train,normal,,1025,1281,1,d78330ead9c7479993868abff2356132efa2fbd49298a87717ad27bcf64036c0,,
1.0,G01-260201-140228-174,G01-260201-140228-174.bmp,G01,2026-02-01T14:02:28,2026-02-01,G01_2026-02-01,174,train,normal,,1025,1281,1,5026fbff3e6553e02881ae97a6b611eb4f4ad43fa496b1b2de1f42768696d1b5,,
1.0,G01-260201-140235-175,G01-260201-140235-175.bmp,G01,2026-02-01T14:02:35,2026-02-01,G01_2026-02-01,175,train,normal,,1025,1281,1,232796d5cbe8357f2c4517c32c10374eec0331c28652a4c88d3f71a1cf7378fe,,
1.0,G01-260201-140243-176,G01-260201-140243-176.bmp,G01,2026-02-01T14:02:43,2026-02-01,G01_2026-02-01,176,train,normal,,1025,1281,1,8701d4ead2f22707d2e3b1da047f8b750073562cfe77f808e37f0bb4459ba0fd,,
1.0,G01-260201-140300-177,G01-260201-140300-177.bmp,G01,2026-02-01T14:03:00,2026-02-01,G01_2026-02-01,177,train,normal,,1025,1281,1,05831be9221e97a9902b4495c107509665f5ed802bb358ce9b972e74d30999c5,,
1.0,G01-260201-140306-178,G01-260201-140306-178.bmp,G01,2026-02-01T14:03:06,2026-02-01,G01_2026-02-01,178,train,normal,,1025,1281,1,4fa9a9a5a3658a4d3420e5140893490f923e79dcbf2c09d6f3561e60362d13c6,,
1.0,G01-260201-140330-179,G01-260201-140330-179.bmp,G01,2026-02-01T14:03:30,2026-02-01,G01_2026-02-01,179,train,normal,,1025,1281,1,9e6a0ba42a0557795386ac31bb8d1fdc919c8ebeb07b617793e2a1e51ad076ef,,
1.0,G01-260201-140336-180,G01-260201-140336-180.bmp,G01,2026-02-01T14:03:36,2026-02-01,G01_2026-02-01,180,train,normal,,1025,1281,1,8bd0d807cc64c172aa04b48a72018d7584e1a2ae09db464109755e374e42caf4,,
1.0,G01-260201-140356-181,G01-260201-140356-181.bmp,G01,2026-02-01T14:03:56,2026-02-01,G01_2026-02-01,181,train,normal,,1025,1281,1,2fa28df3e21adb984713e967e241097b46504c656f88b629b86c7669027a8605,,
1.0,G01-260201-140403-182,G01-260201-140403-182.bmp,G01,2026-02-01T14:04:03,2026-02-01,G01_2026-02-01,182,train,normal,,1025,1281,1,1e420c96a360c30ee109f9a1d7a4c75f277a7de712485a2990b6fc0859a8e41f,,
1.0,G01-260201-140427-183,G01-260201-140427-183.bmp,G01,2026-02-01T14:04:27,2026-02-01,G01_2026-02-01,183,train,normal,,1025,1281,1,b52169f2e0b27bf34f73d3a7a6b1326e8a51390d19d7ebb798ed9d4f17543c98,,
1.0,G01-260201-140433-184,G01-260201-140433-184.bmp,G01,2026-02-01T14:04:33,2026-02-01,G01_2026-02-01,184,train,normal,,1025,1281,1,63d4a69cb041a03df084b374284a30db552a2db9356a9bc3cd447ffb67b158ed,,
1.0,G01-260201-140459-185,G01-260201-140459-185.bmp,G01,2026-02-01T14:04:59,2026-02-01,G01_2026-02-01,185,train,normal,,1025,1281,1,74342b6eed826411617e937627069b9c0e8b725d643e3c2606f5938a861f713d,,
1.0,G01-260201-140505-186,G01-260201-140505-186.bmp,G01,2026-02-01T14:05:05,2026-02-01,G01_2026-02-01,186,train,normal,,1025,1281,1,17bc8215129ff11363405dea9bfab70a36c4cf5c6a5469713301e341ad7a9b7f,,
1.0,G01-260201-140521-187,G01-260201-140521-187.bmp,G01,2026-02-01T14:05:21,2026-02-01,G01_2026-02-01,187,train,normal,,1025,1281,1,4f6362573879dd4ee05175b247cc826374a536f2d6ba4e55d720d19110584e75,,
1.0,G01-260201-140601-188,G01-260201-140601-188.bmp,G01,2026-02-01T14:06:01,2026-02-01,G01_2026-02-01,188,train,normal,,1025,1281,1,6d1e25137d87f60032c5fff717a22ac4617d760ccdad00764687dd135ecca6be,,
1.0,G01-260201-140607-189,G01-260201-140607-189.bmp,G01,2026-02-01T14:06:07,2026-02-01,G01_2026-02-01,189,train,normal,,1025,1281,1,bf023d42e2a9cc2e2893821e2f9c900e0750a22ff325292899b6a92e47bb27f4,,
1.0,G01-260201-140614-190,G01-260201-140614-190.bmp,G01,2026-02-01T14:06:14,2026-02-01,G01_2026-02-01,190,train,normal,,1025,1281,1,c5f22a4e3597c75314c5350148d6e09a61e4a9840a924187ad76416925b44b14,,
1.0,G01-260201-140632-191,G01-260201-140632-191.bmp,G01,2026-02-01T14:06:32,2026-02-01,G01_2026-02-01,191,train,normal,,1025,1281,1,03025d69dfe84569662c212caf5cd27e0c5c41140852107f53a8e2a3fc365a71,,
1.0,G01-260201-140639-192,G01-260201-140639-192.bmp,G01,2026-02-01T14:06:39,2026-02-01,G01_2026-02-01,192,train,normal,,1025,1281,1,809733dcc479229ff0d6173b3d46538b62ece6722dfdd06395a07d02f2b5da9b,,
1.0,G01-260201-140700-193,G01-260201-140700-193.bmp,G01,2026-02-01T14:07:00,2026-02-01,G01_2026-02-01,193,train,normal,,1025,1281,1,b9987e7d6fc3e1e8fe8aea2d9a605f03a5103d8318e4fb2d94722b2696396bee,,
1.0,G01-260201-140706-194,G01-260201-140706-194.bmp,G01,2026-02-01T14:07:06,2026-02-01,G01_2026-02-01,194,train,normal,,1025,1281,1,07728a9bb2af5650b5b3b7020eb0f67dc92f9dc0fd350b347956092675cdba7e,,
1.0,G01-260201-140728-195,G01-260201-140728-195.bmp,G01,2026-02-01T14:07:28,2026-02-01,G01_2026-02-01,195,train,normal,,1025,1281,1,de9ddc44440548bb702c55f83317f654515b54f38c118807b1ca2497ecbd12f5,,
1.0,G01-260201-140734-196,G01-260201-140734-196.bmp,G01,2026-02-01T14:07:34,2026-02-01,G01_2026-02-01,196,train,normal,,1025,1281,1,4af58e6747b25a278d58cbf64b6a5e83ef835e91c446b184fde65c891ebe39a3,,
1.0,G01-260201-140758-197,G01-260201-140758-197.bmp,G01,2026-02-01T14:07:58,2026-02-01,G01_2026-02-01,197,train,normal,,1025,1281,1,c49abd13ede86fb5fdf7ab49b491751c4bf37c6ad03ce466e9cdcb09e6ca5d92,,
1.0,G01-260201-140806-198,G01-260201-140806-198.bmp,G01,2026-02-01T14:08:06,2026-02-01,G01_2026-02-01,198,train,normal,,1025,1281,1,6d6cf30e5a274d807a5b83e2c731adee30cbf88aa3fdd720b7967397d8f723b2,,
1.0,G01-260201-140832-199,G01-260201-140832-199.bmp,G01,2026-02-01T14:08:32,2026-02-01,G01_2026-02-01,199,train,normal,,1025,1281,1,4c69e8de22c8f9f9393a0da2d01588241450404b4ddaf603c0d186c7cb2dbc3d,,
1.0,G01-260201-140838-200,G01-260201-140838-200.bmp,G01,2026-02-01T14:08:38,2026-02-01,G01_2026-02-01,200,train,normal,,1025,1281,1,ff30398c8dd82fe4f21e502d4301edb4150f4f8c26e83c69230fcb8e5704c230,,
1.0,G01-260201-140920-201,G01-260201-140920-201.bmp,G01,2026-02-01T14:09:20,2026-02-01,G01_2026-02-01,201,train,normal,,1025,1281,1,ba9f2b56d832acc1ed6c0135c9ea087ce617192cf60e3244d738cc63bd8cb5a7,,
1.0,G01-260201-140933-202,G01-260201-140933-202.bmp,G01,2026-02-01T14:09:33,2026-02-01,G01_2026-02-01,202,train,normal,,1025,1281,1,b1e22bee05a98abb555f15abfb07ab1b2272d5d59825b2f4dd7833f06a65b303,,
1.0,G01-260201-141000-203,G01-260201-141000-203.bmp,G01,2026-02-01T14:10:00,2026-02-01,G01_2026-02-01,203,train,normal,,1025,1281,1,0051e8c02ea159ff405e7d0c920c849935edcc9a5e73438474834c3a9adea3f1,,
1.0,G01-260201-141030-204,G01-260201-141030-204.bmp,G01,2026-02-01T14:10:30,2026-02-01,G01_2026-02-01,204,train,normal,,1025,1281,1,e2f629d5fea0369f0d3bf61b93e91085311f2451b91de4fe264cb8dbbc2d9183,,
1.0,G01-260201-141037-205,G01-260201-141037-205.bmp,G01,2026-02-01T14:10:37,2026-02-01,G01_2026-02-01,205,train,normal,,1025,1281,1,b74670503c1c754fada4d4df81cec871b4ef415ffc62ede03b63a4c1d4db444a,,
1.0,G01-260201-141100-206,G01-260201-141100-206.bmp,G01,2026-02-01T14:11:00,2026-02-01,G01_2026-02-01,206,train,normal,,1025,1281,1,323d68cef334a9a6e6562f8c960c52725406ecab305c56bc6bcddf918dbe8021,,
1.0,G01-260201-141106-207,G01-260201-141106-207.bmp,G01,2026-02-01T14:11:06,2026-02-01,G01_2026-02-01,207,train,normal,,1025,1281,1,f3548ea0811c683c54168385cd008ebc35c17558b63c1eae11282d84fcd2eae8,,
1.0,G01-260201-141130-208,G01-260201-141130-208.bmp,G01,2026-02-01T14:11:30,2026-02-01,G01_2026-02-01,208,train,normal,,1025,1281,1,cfcab603c65d2a0dbbd5bb8390a424dce0b91f276687a99e25e2789434902ab7,,
1.0,G01-260201-141136-209,G01-260201-141136-209.bmp,G01,2026-02-01T14:11:36,2026-02-01,G01_2026-02-01,209,train,normal,,1025,1281,1,cb35aa57396ed745cbd26d2ed1996d95d7f3478ee0cfa0ed36f35ec928bf57a1,,
1.0,G01-260201-141200-210,G01-260201-141200-210.bmp,G01,2026-02-01T14:12:00,2026-02-01,G01_2026-02-01,210,train,normal,,1025,1281,1,da4d076ed12f7007e41132c279f864bfe7927fe64c66626c14f3310b6701042e,,
1.0,G01-260201-141206-211,G01-260201-141206-211.bmp,G01,2026-02-01T14:12:06,2026-02-01,G01_2026-02-01,211,train,normal,,1025,1281,1,c63f78aa32436799e77efe9ed4866fe1c7193010e3305ad6a4b31019eeeaeea4,,
1.0,G01-260201-141234-212,G01-260201-141234-212.bmp,G01,2026-02-01T14:12:34,2026-02-01,G01_2026-02-01,212,train,normal,,1025,1281,1,a4c89242036911e6b304b7879303e0e76e1e5edbd0347436e800eb8a32ee2b24,,
1.0,G01-260201-141240-213,G01-260201-141240-213.bmp,G01,2026-02-01T14:12:40,2026-02-01,G01_2026-02-01,213,train,normal,,1025,1281,1,5b3cf5d8145874e616911ae5bfef9a0637d0f8ed0005cd9ad528419ebb3752d5,,
1.0,G01-260201-141303-214,G01-260201-141303-214.bmp,G01,2026-02-01T14:13:03,2026-02-01,G01_2026-02-01,214,train,normal,,1025,1281,1,f5cdaf2e7297aa9435cd9cf7dacefe839a5074d6b49fac65ac638989f0091be4,,
1.0,G01-260201-141310-215,G01-260201-141310-215.bmp,G01,2026-02-01T14:13:10,2026-02-01,G01_2026-02-01,215,train,normal,,1025,1281,1,e878534a6365970fb8efafb4618eb64761de261501463a77adc84d74517e187d,,
1.0,G01-260201-141331-216,G01-260201-141331-216.bmp,G01,2026-02-01T14:13:31,2026-02-01,G01_2026-02-01,216,train,normal,,1025,1281,1,4fdc989ca6b402417367776dcf3b5e9369f906542028a418df7470f4dc14cf40,,
1.0,G01-260201-141337-217,G01-260201-141337-217.bmp,G01,2026-02-01T14:13:37,2026-02-01,G01_2026-02-01,217,train,normal,,1025,1281,1,f7c2e4cd08b32fe9d7d27355666a02bd7fd5bbe741e8bb020967f58b5f6e6ae1,,
1.0,G01-260201-141400-218,G01-260201-141400-218.bmp,G01,2026-02-01T14:14:00,2026-02-01,G01_2026-02-01,218,train,normal,,1025,1281,1,5fbd796e8d31c0cb492b1ee456e6bc46af0050d1653cbb858fa95e84e14e7e51,,
1.0,G01-260201-141406-219,G01-260201-141406-219.bmp,G01,2026-02-01T14:14:06,2026-02-01,G01_2026-02-01,219,train,normal,,1025,1281,1,c0389ea43971324c4b45edfa691784bb8b022cbc75b98f6453dc90e958b8f1d2,,
1.0,G01-260201-141429-220,G01-260201-141429-220.bmp,G01,2026-02-01T14:14:29,2026-02-01,G01_2026-02-01,220,train,normal,,1025,1281,1,a3ede80dcf5681a62d4ebb3466995f82bef0ee0cd7b07386c93d8f743017fbca,,
1.0,G01-260201-141435-221,G01-260201-141435-221.bmp,G01,2026-02-01T14:14:35,2026-02-01,G01_2026-02-01,221,train,normal,,1025,1281,1,ad8d1e8642ca72490c092969206e441529d3dd5cbac87e586886d7f7aab0f6da,,
1.0,G01-260201-141500-222,G01-260201-141500-222.bmp,G01,2026-02-01T14:15:00,2026-02-01,G01_2026-02-01,222,train,normal,,1025,1281,1,743087c2f040d4d6cbe8db93a97ad300e12fef1b61392635f6486518dc005e89,,
1.0,G01-260201-141506-223,G01-260201-141506-223.bmp,G01,2026-02-01T14:15:06,2026-02-01,G01_2026-02-01,223,train,normal,,1025,1281,1,61009156224b5bb24f7ca1d82b15266f0ac0e52a3ef88dcc446f5d67a44b551b,,
1.0,G01-260201-141532-224,G01-260201-141532-224.bmp,G01,2026-02-01T14:15:32,2026-02-01,G01_2026-02-01,224,train,normal,,1025,1281,1,b2418e39bce08676276296126d454164f92e351b48a2a3c75646ff35dc1003e3,,
1.0,G01-260201-141539-225,G01-260201-141539-225.bmp,G01,2026-02-01T14:15:39,2026-02-01,G01_2026-02-01,225,train,normal,,1025,1281,1,381d4c8d18bea5a7b4cd7a4b9f25e5e7b02b8ef6ecffb8585d6e7ccb487c3ce1,,
1.0,G01-260201-141602-226,G01-260201-141602-226.bmp,G01,2026-02-01T14:16:02,2026-02-01,G01_2026-02-01,226,train,normal,,1025,1281,1,6abdb1b6e31847fa4b470ee237a1ddf6f841d1ae59b3da3066386cc36a32e243,,
1.0,G01-260201-141608-227,G01-260201-141608-227.bmp,G01,2026-02-01T14:16:08,2026-02-01,G01_2026-02-01,227,train,normal,,1025,1281,1,d08f2e97fef28564c14d99df658b562a30138ffcf3201caeac1bbe0befbf700f,,
1.0,G01-260201-141632-228,G01-260201-141632-228.bmp,G01,2026-02-01T14:16:32,2026-02-01,G01_2026-02-01,228,train,normal,,1025,1281,1,f99ff9a6ea30e9a3b952261e03bafe4b6430e409d7816df5ee92d945765ccf49,,
1.0,G01-260201-141638-229,G01-260201-141638-229.bmp,G01,2026-02-01T14:16:38,2026-02-01,G01_2026-02-01,229,train,normal,,1025,1281,1,eaa37e92488d10b3c3f7c75ffbe5d14f4c3bcac08af21ad3ccb2cf18d46d1c2f,,
1.0,G01-260201-141702-230,G01-260201-141702-230.bmp,G01,2026-02-01T14:17:02,2026-02-01,G01_2026-02-01,230,train,normal,,1025,1281,1,ce26d7a2fd0d59cf3bec22e519e60cb790318dbd8a78a5e6eba5438b9a602dae,,
1.0,G01-260201-141708-231,G01-260201-141708-231.bmp,G01,2026-02-01T14:17:08,2026-02-01,G01_2026-02-01,231,train,normal,,1025,1281,1,860232ab7700ab9364b00703fb3f23c7790593d5258d06d11e9bce4a2a05c6c7,,
1.0,G01-260201-141730-232,G01-260201-141730-232.bmp,G01,2026-02-01T14:17:30,2026-02-01,G01_2026-02-01,232,train,normal,,1025,1281,1,f002c8e3ef5e239c32e85c69b18a2c89442b07943d533e669c086fe3082c20da,,
1.0,G01-260201-141736-233,G01-260201-141736-233.bmp,G01,2026-02-01T14:17:36,2026-02-01,G01_2026-02-01,233,train,normal,,1025,1281,1,97f9a028c84339ad5bf83bda99d0fcf185aa222aab581e02a3063cb1509aef2f,,
1.0,G01-260201-141800-234,G01-260201-141800-234.bmp,G01,2026-02-01T14:18:00,2026-02-01,G01_2026-02-01,234,train,normal,,1025,1281,1,e8fb8fdb0e806a494da36bd6b14698d4dbf4b928631f14d0e2a9cee9f3263b56,,
1.0,G01-260201-141806-235,G01-260201-141806-235.bmp,G01,2026-02-01T14:18:06,2026-02-01,G01_2026-02-01,235,train,normal,,1025,1281,1,63e0b452e391bf555dae7b403bc0905ace8258f7cdaa4889659559ef5fd38848,,
1.0,G01-260201-141830-236,G01-260201-141830-236.bmp,G01,2026-02-01T14:18:30,2026-02-01,G01_2026-02-01,236,train,normal,,1025,1281,1,ef99bf76c8e6469a768ba714d7ea1ae4621bd117b65b5e975f17c8672bc52d5c,,
1.0,G01-260201-141837-237,G01-260201-141837-237.bmp,G01,2026-02-01T14:18:37,2026-02-01,G01_2026-02-01,237,train,normal,,1025,1281,1,e565425174e46f135c7f9f5d402fbcc5544ab2d8900b5b4712b347a1b1ca6b1e,,
1.0,G01-260201-141904-238,G01-260201-141904-238.bmp,G01,2026-02-01T14:19:04,2026-02-01,G01_2026-02-01,238,train,normal,,1025,1281,1,58cb0c13e630ca2a80fb994943d948314a19a8965cc9307b56b4b82c1964a295,,
1.0,G01-260201-141910-239,G01-260201-141910-239.bmp,G01,2026-02-01T14:19:10,2026-02-01,G01_2026-02-01,239,train,normal,,1025,1281,1,cf2eedb42336b8c0ca4ff4f3a4b1235a8112fd05be324615e1d38537fbc4f349,,
1.0,G01-260201-141930-240,G01-260201-141930-240.bmp,G01,2026-02-01T14:19:30,2026-02-01,G01_2026-02-01,240,train,normal,,1025,1281,1,b2bf0b815b017b2d0ee2afdb0ce79ec77e914a651b7d6c35635ce08e5b12965e,,
1.0,G01-260201-141937-241,G01-260201-141937-241.bmp,G01,2026-02-01T14:19:37,2026-02-01,G01_2026-02-01,241,train,normal,,1025,1281,1,e794e33724b4aaa47a761c75a679166e79ddecf36ce83c050f2838d73280960e,,
1.0,G01-260201-142002-242,G01-260201-142002-242.bmp,G01,2026-02-01T14:20:02,2026-02-01,G01_2026-02-01,242,train,normal,,1025,1281,1,0e2d022cb20ce8feb978b6b1a7ca11164e10e94b5dcbd9058a80f4f0ad627e23,,
1.0,G01-260201-142008-243,G01-260201-142008-243.bmp,G01,2026-02-01T14:20:08,2026-02-01,G01_2026-02-01,243,train,normal,,1025,1281,1,4e5297b504850bd0557219bb3ab92c2e86f17dacda6ce0cbc6b1d973cbe41790,,
1.0,G01-260201-142032-244,G01-260201-142032-244.bmp,G01,2026-02-01T14:20:32,2026-02-01,G01_2026-02-01,244,train,normal,,1025,1281,1,a5e381bbb948eee20bc1b69ee3bbcf496fab123b9ae1079c8199dec516797b26,,
1.0,G01-260201-142038-245,G01-260201-142038-245.bmp,G01,2026-02-01T14:20:38,2026-02-01,G01_2026-02-01,245,train,normal,,1025,1281,1,9b3db51c594f69549aa0cfb213bac62c63e69fa0e571f172acf49dff741775ad,,
1.0,G01-260201-142102-246,G01-260201-142102-246.bmp,G01,2026-02-01T14:21:02,2026-02-01,G01_2026-02-01,246,train,normal,,1025,1281,1,dcab647f491be91ddd4e1930f81b31c657f54008db9783451ee81cb28dd027b2,,
1.0,G01-260201-142108-247,G01-260201-142108-247.bmp,G01,2026-02-01T14:21:08,2026-02-01,G01_2026-02-01,247,train,normal,,1025,1281,1,16d60d334a8db6313b28ff31e56f40bb6c8f21dc2ea35fe62f536995e347105e,,
1.0,G01-260201-142135-248,G01-260201-142135-248.bmp,G01,2026-02-01T14:21:35,2026-02-01,G01_2026-02-01,248,train,normal,,1025,1281,1,370e6b214593fe6d2b90a3bfacb54abc2b821d08fd37c909537c4e60c538d27e,,
1.0,G01-260201-142141-249,G01-260201-142141-249.bmp,G01,2026-02-01T14:21:41,2026-02-01,G01_2026-02-01,249,train,normal,,1025,1281,1,e4a0bbcd8c844e3b27b3223ea96ccfe21705f8606e9ce21f9bf5245644a4c82c,,
1.0,G01-260201-142156-250,G01-260201-142156-250.bmp,G01,2026-02-01T14:21:56,2026-02-01,G01_2026-02-01,250,train,normal,,1025,1281,1,f20f2cd3ccb069d0fc10a2ad9b1cca497b9492cbb66ae9c4ac8ea290df2bdc4d,,
1.0,G01-260201-142234-251,G01-260201-142234-251.bmp,G01,2026-02-01T14:22:34,2026-02-01,G01_2026-02-01,251,train,normal,,1025,1281,1,ef0b2c08de30dc5d6c06f27cd13fd2b74cb00a7c81c9ec5d8465eff9d3b59ee9,,
1.0,G01-260201-142242-252,G01-260201-142242-252.bmp,G01,2026-02-01T14:22:42,2026-02-01,G01_2026-02-01,252,train,normal,,1025,1281,1,4003cda18cc2fc513093a5bde85161fda5fd68ae6da1d0d1ae2dad6aa0e83b79,,
1.0,G01-260201-142249-253,G01-260201-142249-253.bmp,G01,2026-02-01T14:22:49,2026-02-01,G01_2026-02-01,253,train,normal,,1025,1281,1,17311447d3c3a2aa31e6c5f9e7a059e1361a00e4a80d1c565b5303d3f87ac31d,,
1.0,G01-260201-142304-254,G01-260201-142304-254.bmp,G01,2026-02-01T14:23:04,2026-02-01,G01_2026-02-01,254,train,normal,,1025,1281,1,4fe7c7620b6988b88267f45a626e1ab178f526f72c44fb604962b576cb331c7f,,
1.0,G01-260201-142311-255,G01-260201-142311-255.bmp,G01,2026-02-01T14:23:11,2026-02-01,G01_2026-02-01,255,train,normal,,1025,1281,1,4ee6cb112a1a2fd5b747b441a25eb0e93763ea18cf2087c257e87105c0d0c1d0,,
1.0,G01-260201-142332-256,G01-260201-142332-256.bmp,G01,2026-02-01T14:23:32,2026-02-01,G01_2026-02-01,256,train,normal,,1025,1281,1,625c2947ba801d966725321f601306aaec095264995080010c1485294faabb2d,,
1.0,G01-260201-142338-257,G01-260201-142338-257.bmp,G01,2026-02-01T14:23:38,2026-02-01,G01_2026-02-01,257,train,normal,,1025,1281,1,cd2b251787f6a07c934391a393e6daa51a77d9955fc6ed0cc93fa9bf39d2afb7,,
1.0,G01-260201-142404-258,G01-260201-142404-258.bmp,G01,2026-02-01T14:24:04,2026-02-01,G01_2026-02-01,258,train,normal,,1025,1281,1,d756c1385ce239fa21b73466b9da10f81bff1d9c39525069be8ffa4b1b5fb18e,,
1.0,G01-260201-142410-259,G01-260201-142410-259.bmp,G01,2026-02-01T14:24:10,2026-02-01,G01_2026-02-01,259,train,normal,,1025,1281,1,6c0b59488ecdd7863a5240e1575bb7dd3c981de09463eef2f1089ca71e7e28f9,,
1.0,G01-260201-142434-260,G01-260201-142434-260.bmp,G01,2026-02-01T14:24:34,2026-02-01,G01_2026-02-01,260,train,normal,,1025,1281,1,86f2e8b1afab978b9d65738d09710e83620d2701993009b6be680b08bfbb9299,,
1.0,G01-260201-142440-261,G01-260201-142440-261.bmp,G01,2026-02-01T14:24:40,2026-02-01,G01_2026-02-01,261,train,normal,,1025,1281,1,e05b50c561987c3ed8a3353f8f9d3021a2e806ebf8734a80ab952e0319349aaf,,
1.0,G01-260201-142501-262,G01-260201-142501-262.bmp,G01,2026-02-01T14:25:01,2026-02-01,G01_2026-02-01,262,train,normal,,1025,1281,1,bfbdd9fa4a1808dfaa16755c5e636c5c486a5377874d9d8a027804f0c26f385a,,
1.0,G01-260201-142508-263,G01-260201-142508-263.bmp,G01,2026-02-01T14:25:08,2026-02-01,G01_2026-02-01,263,train,normal,,1025,1281,1,c12155bd1b7e25ed7f3a24eece569250dc68c6f79a5b1f1da7db74116be7c741,,
1.0,G01-260201-142533-264,G01-260201-142533-264.bmp,G01,2026-02-01T14:25:33,2026-02-01,G01_2026-02-01,264,train,normal,,1025,1281,1,e9c74b58cf29fc0fdf1ca2af2c3e841b05789def8dc25b973f354822fdad4907,,
1.0,G01-260201-142539-265,G01-260201-142539-265.bmp,G01,2026-02-01T14:25:39,2026-02-01,G01_2026-02-01,265,train,normal,,1025,1281,1,16413fa7b2142d031ac8bd8573d9fcb1f4c87f5240114a8d9b985063ad809fc1,,
1.0,G01-260201-142603-266,G01-260201-142603-266.bmp,G01,2026-02-01T14:26:03,2026-02-01,G01_2026-02-01,266,train,normal,,1025,1281,1,0f9bb649030b6bbe445aa7260c6741e7afbd44b1b14c224d55615cd78182b12e,,
1.0,G01-260201-142609-267,G01-260201-142609-267.bmp,G01,2026-02-01T14:26:09,2026-02-01,G01_2026-02-01,267,train,normal,,1025,1281,1,98ecde4c15abd540d0b3c0441e021b2795d1fb4333165c37fdda9662ecc8307f,,
1.0,G01-260201-142633-268,G01-260201-142633-268.bmp,G01,2026-02-01T14:26:33,2026-02-01,G01_2026-02-01,268,train,normal,,1025,1281,1,93bef4f3ad19584792947503d84b9554959f8e3ef48f96b5f30f4bfbeb242162,,
1.0,G01-260201-142639-269,G01-260201-142639-269.bmp,G01,2026-02-01T14:26:39,2026-02-01,G01_2026-02-01,269,train,normal,,1025,1281,1,0f1cce19aa01c2f02a6e9b40364d494c9b1196a3117c621bd4dd233557611f0d,,
1.0,G01-260201-142702-270,G01-260201-142702-270.bmp,G01,2026-02-01T14:27:02,2026-02-01,G01_2026-02-01,270,train,normal,,1025,1281,1,ae55999c988d5d48243ad3716baf647386a63de06b527f75dcb1a5b43b7add9d,,
1.0,G01-260201-142709-271,G01-260201-142709-271.bmp,G01,2026-02-01T14:27:09,2026-02-01,G01_2026-02-01,271,train,normal,,1025,1281,1,9f3e945ed4206aaf88c0be7145c4d199fe739e7b6b72b0ecc97ef9712c9feed0,,
1.0,G01-260201-142734-272,G01-260201-142734-272.bmp,G01,2026-02-01T14:27:34,2026-02-01,G01_2026-02-01,272,train,normal,,1025,1281,1,e0cdada5e1be8c7f7be9cd5b31bdac0528fb15def519ecc4a2df5c9a9e68b961,,
1.0,G01-260201-142740-273,G01-260201-142740-273.bmp,G01,2026-02-01T14:27:40,2026-02-01,G01_2026-02-01,273,train,normal,,1025,1281,1,350a4a9aeae8a8fa28e6c9a1ce1f1f84817bb1e8a45a42d7f151f3d4ed3d1687,,
1.0,G01-260201-142803-274,G01-260201-142803-274.bmp,G01,2026-02-01T14:28:03,2026-02-01,G01_2026-02-01,274,train,normal,,1025,1281,1,6d4b3baca3713802273ba966336113f9f769ed566c970e8581dcc3f79b2915c1,,
1.0,G01-260201-142809-275,G01-260201-142809-275.bmp,G01,2026-02-01T14:28:09,2026-02-01,G01_2026-02-01,275,train,normal,,1025,1281,1,eefb0cb08d4cfa45580472d7153964f59d1dc44ebb1c943fe42a090e286354b4,,
1.0,G01-260201-142834-276,G01-260201-142834-276.bmp,G01,2026-02-01T14:28:34,2026-02-01,G01_2026-02-01,276,train,normal,,1025,1281,1,68b7fb84314122f1518727a072f83238cec27619274f10af96a4a4b05c79ee66,,
1.0,G01-260201-142840-277,G01-260201-142840-277.bmp,G01,2026-02-01T14:28:40,2026-02-01,G01_2026-02-01,277,train,normal,,1025,1281,1,99ff68449c4f8fd7f851ecd2e633bfa5eea36afc29ae0103e5768896c8e65c4e,,
1.0,G01-260201-142905-278,G01-260201-142905-278.bmp,G01,2026-02-01T14:29:05,2026-02-01,G01_2026-02-01,278,train,normal,,1025,1281,1,c646776a44ecde3d03f66b6162bbed2f2d6e066c73b34a86a7aaf42a131292fb,,
1.0,G01-260201-142911-279,G01-260201-142911-279.bmp,G01,2026-02-01T14:29:11,2026-02-01,G01_2026-02-01,279,train,normal,,1025,1281,1,4a0554ed42eb3d6d176867e03dd17ae243d3f623c83e68492185e95a4ae3d3de,,
1.0,G01-260201-142935-280,G01-260201-142935-280.bmp,G01,2026-02-01T14:29:35,2026-02-01,G01_2026-02-01,280,train,normal,,1025,1281,1,b2e1a0872b651800108116eb5b448205852af449adf3cf293c8b8492f705ceb1,,
1.0,G01-260201-142941-281,G01-260201-142941-281.bmp,G01,2026-02-01T14:29:41,2026-02-01,G01_2026-02-01,281,train,normal,,1025,1281,1,e46915b09fd0705eba04c555986aa0a8858839004f757dd31b968b147c118f01,,
1.0,G01-260201-143005-282,G01-260201-143005-282.bmp,G01,2026-02-01T14:30:05,2026-02-01,G01_2026-02-01,282,train,normal,,1025,1281,1,56e9c01babcac9f695f23971965c5a6b1f504a7d594e34f9fb91916febe273d6,,
1.0,G01-260201-143011-283,G01-260201-143011-283.bmp,G01,2026-02-01T14:30:11,2026-02-01,G01_2026-02-01,283,train,normal,,1025,1281,1,4468d9d130a37c1abc3e9036904db104de5481ffcba2627cba9dc21059119adc,,
1.0,G01-260201-143036-284,G01-260201-143036-284.bmp,G01,2026-02-01T14:30:36,2026-02-01,G01_2026-02-01,284,train,normal,,1025,1281,1,09b477b11b693fa2b6c89e86035a1bf9c0116d498ae549d0b5695e2365d4ecf9,,
1.0,G01-260201-143042-285,G01-260201-143042-285.bmp,G01,2026-02-01T14:30:42,2026-02-01,G01_2026-02-01,285,train,normal,,1025,1281,1,4b6d2b7ec15819db9bca16007dd261f8b0dd1fdf5543426a0791bcf958a0fc5d,,
1.0,G01-260201-143107-286,G01-260201-143107-286.bmp,G01,2026-02-01T14:31:07,2026-02-01,G01_2026-02-01,286,train,normal,,1025,1281,1,046866c0e8830067695b3bdb414612615950de18635fdb82f2629a76bf9568d7,,
1.0,G01-260201-143113-287,G01-260201-143113-287.bmp,G01,2026-02-01T14:31:13,2026-02-01,G01_2026-02-01,287,train,normal,,1025,1281,1,6af19fabc4a4e06525aeee207302f2a6699936b467e83e040e79ff14393f1b16,,
1.0,G01-260201-143136-288,G01-260201-143136-288.bmp,G01,2026-02-01T14:31:36,2026-02-01,G01_2026-02-01,288,train,normal,,1025,1281,1,112b0d30399f2095f2a94d25b0a143da1226105ea3ed2e69d227a0c7ceb203be,,
1.0,G01-260201-143142-289,G01-260201-143142-289.bmp,G01,2026-02-01T14:31:42,2026-02-01,G01_2026-02-01,289,train,normal,,1025,1281,1,75e5411af9079c2b854d7977fa135eb6193e52d794974b3cb6c0b75c02f9e8b5,,
1.0,G01-260201-143206-290,G01-260201-143206-290.bmp,G01,2026-02-01T14:32:06,2026-02-01,G01_2026-02-01,290,train,normal,,1025,1281,1,79aa8fbb027207c8d15cb52b2b04f0958e6f1e0d7e0f025285d0e11d2ad18fbd,,
1.0,G01-260201-143212-291,G01-260201-143212-291.bmp,G01,2026-02-01T14:32:12,2026-02-01,G01_2026-02-01,291,train,normal,,1025,1281,1,5d7fa36bd4c2d460baad38897f2eb5d51755a5244105cdd90bb7820d140393ae,,
1.0,G01-260201-143236-292,G01-260201-143236-292.bmp,G01,2026-02-01T14:32:36,2026-02-01,G01_2026-02-01,292,train,normal,,1025,1281,1,3fb3d30f9e82b87ba6b42da3cecddb53388eaea114003986b452c466901b0421,,
1.0,G01-260201-143242-293,G01-260201-143242-293.bmp,G01,2026-02-01T14:32:42,2026-02-01,G01_2026-02-01,293,train,normal,,1025,1281,1,459bb808e1203f35a8b00f2bf755753ca6237427f9fc6dafb65bf63fe72b89e8,,
1.0,G01-260201-143312-294,G01-260201-143312-294.bmp,G01,2026-02-01T14:33:12,2026-02-01,G01_2026-02-01,294,train,normal,,1025,1281,1,14061acdc600bb78d7545947c1a479e969205733f23d572032b063c019a78c3b,,
1.0,G01-260201-143318-295,G01-260201-143318-295.bmp,G01,2026-02-01T14:33:18,2026-02-01,G01_2026-02-01,295,train,normal,,1025,1281,1,9da8731b2c0ff35d1fe1c4e4e4729fe22121a619797179f2393bb7d22219c14e,,
1.0,G01-260201-143338-296,G01-260201-143338-296.bmp,G01,2026-02-01T14:33:38,2026-02-01,G01_2026-02-01,296,train,normal,,1025,1281,1,0c13234fc965c7943ad60086a3ca989c6a181cf9722ceb2b8abf69d5e1797311,,
1.0,G01-260201-143344-297,G01-260201-143344-297.bmp,G01,2026-02-01T14:33:44,2026-02-01,G01_2026-02-01,297,train,normal,,1025,1281,1,7603aee9fc33ce888fec602785cc83f19634f9a791974e78ba6793b6a0fdeb01,,
1.0,G01-260201-143407-298,G01-260201-143407-298.bmp,G01,2026-02-01T14:34:07,2026-02-01,G01_2026-02-01,298,train,normal,,1025,1281,1,bca0d8286b08bf27e0f4ec3077d2f8c1428ee6ecde00734dd2268261579b9fdf,,
1.0,G01-260201-143413-299,G01-260201-143413-299.bmp,G01,2026-02-01T14:34:13,2026-02-01,G01_2026-02-01,299,train,normal,,1025,1281,1,683e441fce3307440b15723e14cdfa9252a234c0307c6862ac5c6b6f3eee6f6e,,
1.0,G01-260201-143435-300,G01-260201-143435-300.bmp,G01,2026-02-01T14:34:35,2026-02-01,G01_2026-02-01,300,train,normal,,1025,1281,1,0bc5ba66dc9751f7706a45044faf6481e08f6a6437683c2f60d2ea9e24bde20d,,
1.0,G01-260201-143443-301,G01-260201-143443-301.bmp,G01,2026-02-01T14:34:43,2026-02-01,G01_2026-02-01,301,train,normal,,1025,1281,1,c696c882f608556ede7506ab38d5a21a32e02fc7d5b068a9c0168b1183c22495,,
1.0,G01-260201-143508-302,G01-260201-143508-302.bmp,G01,2026-02-01T14:35:08,2026-02-01,G01_2026-02-01,302,train,normal,,1025,1281,1,53f897f83ac1644998ae6c676c70a3b236b1526d91e0be0573adda5e325677b8,,
1.0,G01-260201-143514-303,G01-260201-143514-303.bmp,G01,2026-02-01T14:35:14,2026-02-01,G01_2026-02-01,303,train,normal,,1025,1281,1,578734a3093418201ac2d3780bc47c8e6acb1357a45a3743c059e33f78d7d421,,
1.0,G01-260201-143538-304,G01-260201-143538-304.bmp,G01,2026-02-01T14:35:38,2026-02-01,G01_2026-02-01,304,train,normal,,1025,1281,1,86d149f49b61094de438745728e7dfafceb3d10d067a6d654059697a39519a39,,
1.0,G01-260201-143544-305,G01-260201-143544-305.bmp,G01,2026-02-01T14:35:44,2026-02-01,G01_2026-02-01,305,train,normal,,1025,1281,1,e94e92f1429259f8f812e8fcf5df2a6c7c162d324bcaea4727f5c5bea1401df1,,
1.0,G01-260201-143607-306,G01-260201-143607-306.bmp,G01,2026-02-01T14:36:07,2026-02-01,G01_2026-02-01,306,train,normal,,1025,1281,1,6fbea797fb1252437d5fa63229c73c1251fadc7968285d2b40a8f06d58985bd6,,
1.0,G01-260201-143614-307,G01-260201-143614-307.bmp,G01,2026-02-01T14:36:14,2026-02-01,G01_2026-02-01,307,train,normal,,1025,1281,1,a5f2e3a2d942089d11a8a89b5a74f5d8e70cdd1a55bdb5c0b284374ff4653bfa,,
1.0,G01-260201-143637-308,G01-260201-143637-308.bmp,G01,2026-02-01T14:36:37,2026-02-01,G01_2026-02-01,308,train,normal,,1025,1281,1,4ac356b3228116f4163b5bbe7e7b8ee14010ff2bf6301b040ce376b0293cbf84,,
1.0,G01-260201-143643-309,G01-260201-143643-309.bmp,G01,2026-02-01T14:36:43,2026-02-01,G01_2026-02-01,309,train,normal,,1025,1281,1,f1ad08fb12e1756558f2476d9139bdfb535097087ff1219849c57c66a1fd38f1,,
1.0,G01-260201-143706-310,G01-260201-143706-310.bmp,G01,2026-02-01T14:37:06,2026-02-01,G01_2026-02-01,310,train,normal,,1025,1281,1,7565ae015b8af2a362eb7d6de626f1d4e00dfca7858b5f5dd5299b287263dbfd,,
1.0,G01-260201-143713-311,G01-260201-143713-311.bmp,G01,2026-02-01T14:37:13,2026-02-01,G01_2026-02-01,311,train,normal,,1025,1281,1,c1c4bc9e1f710cec83c34d5fe1f7e6736e8757f6fa02366cc76191c9adfde1c7,,
1.0,G01-260201-143738-312,G01-260201-143738-312.bmp,G01,2026-02-01T14:37:38,2026-02-01,G01_2026-02-01,312,train,normal,,1025,1281,1,0c425f33301cd0711c3dac4bd47a38622a9157844d4ef64180449775a5af724d,,
1.0,G01-260201-143744-313,G01-260201-143744-313.bmp,G01,2026-02-01T14:37:44,2026-02-01,G01_2026-02-01,313,train,normal,,1025,1281,1,344386c9e3827096c63ef9678e8de1dc55a38dc0995ecee179d478a3f5f91938,,
1.0,G01-260201-143808-314,G01-260201-143808-314.bmp,G01,2026-02-01T14:38:08,2026-02-01,G01_2026-02-01,314,train,normal,,1025,1281,1,5976274ea7a7e2fd279ffca84b2680d7be6897ff661d1372acc5c282e0980d81,,
1.0,G01-260201-143814-315,G01-260201-143814-315.bmp,G01,2026-02-01T14:38:14,2026-02-01,G01_2026-02-01,315,train,normal,,1025,1281,1,1299489b1461f42fc6533bcb11fc89edf4598fbf6c1a2b9e8b0f5ff735c31051,,
1.0,G01-260201-143831-316,G01-260201-143831-316.bmp,G01,2026-02-01T14:38:31,2026-02-01,G01_2026-02-01,316,train,normal,,1025,1281,1,6f6bc542a13e936d59bb506f6517ee557905bacfe4e62c356d062c27129a7671,,
1.0,G01-260201-143852-317,G01-260201-143852-317.bmp,G01,2026-02-01T14:38:52,2026-02-01,G01_2026-02-01,317,train,normal,,1025,1281,1,3f14508fc6d03e4d994668a8b56657a4389efc9eed02dcc60ccf8b3878d20f3b,,
1.0,G01-260201-143910-318,G01-260201-143910-318.bmp,G01,2026-02-01T14:39:10,2026-02-01,G01_2026-02-01,318,train,normal,,1025,1281,1,a89cdbfa3fe83f686c26920cd1aa80df43ce582e6031ac4fa18054da89759479,,
1.0,G01-260201-143916-319,G01-260201-143916-319.bmp,G01,2026-02-01T14:39:16,2026-02-01,G01_2026-02-01,319,train,normal,,1025,1281,1,a3a47c64d8bb940b451724c7e49ea48966d702c3779117a78bcdd723f5231535,,
1.0,G01-260201-143938-320,G01-260201-143938-320.bmp,G01,2026-02-01T14:39:38,2026-02-01,G01_2026-02-01,320,train,normal,,1025,1281,1,80c8a261146a2af484ff424cfd0740c4cbb758ab6e6b7b6345f3924b97391ca6,,
1.0,G01-260201-143944-321,G01-260201-143944-321.bmp,G01,2026-02-01T14:39:44,2026-02-01,G01_2026-02-01,321,train,normal,,1025,1281,1,c5c1b91fcffd4bec6fb3b206fc3563c107645461c5a3789dfb8473bb583edb6c,,
1.0,G01-260201-144007-322,G01-260201-144007-322.bmp,G01,2026-02-01T14:40:07,2026-02-01,G01_2026-02-01,322,train,normal,,1025,1281,1,5355cbf0fa81a0c6a63c2f2f385bed2e901baf33692aa8c5db15f0adb228131d,,
1.0,G01-260201-144013-323,G01-260201-144013-323.bmp,G01,2026-02-01T14:40:13,2026-02-01,G01_2026-02-01,323,train,normal,,1025,1281,1,65d89f0af8cf2d7b74e3a48d5f57471faa4f787b4bc7e297524d7ddef6fa2cb3,,
1.0,G01-260201-144036-324,G01-260201-144036-324.bmp,G01,2026-02-01T14:40:36,2026-02-01,G01_2026-02-01,324,train,normal,,1025,1281,1,a86ba954bd32e190b92d2aaa271c971b54dac8db639b4424edc22df94e43e6a5,,
1.0,G01-260201-144043-325,G01-260201-144043-325.bmp,G01,2026-02-01T14:40:43,2026-02-01,G01_2026-02-01,325,train,normal,,1025,1281,1,6a1b564c4c5d52c1da0fd722b2d220aefcad8f15542ad24acc33f8efbe556627,,
1.0,G01-260201-144108-326,G01-260201-144108-326.bmp,G01,2026-02-01T14:41:08,2026-02-01,G01_2026-02-01,326,train,normal,,1025,1281,1,a504152d4f59abd8bcca01ff23a393c6592fd42a02ae6861b8ce1bbd106775a7,,
1.0,G01-260201-144115-327,G01-260201-144115-327.bmp,G01,2026-02-01T14:41:15,2026-02-01,G01_2026-02-01,327,train,normal,,1025,1281,1,27c238d1f918448ad2e9ff47a6eae267eae7794307030135579d84e177d536d5,,
1.0,G01-260201-144135-328,G01-260201-144135-328.bmp,G01,2026-02-01T14:41:35,2026-02-01,G01_2026-02-01,328,train,normal,,1025,1281,1,8ed592680c2fdeb55d3f3bd7f730947b3270b82ac6fff5bdd2616325bc72e26e,,
1.0,G01-260201-144146-329,G01-260201-144146-329.bmp,G01,2026-02-01T14:41:46,2026-02-01,G01_2026-02-01,329,train,normal,,1025,1281,1,1df5fdc039115a6194b47f28da242b1d7a792e1d192002b3c1f23e423edae6d8,,
1.0,G01-260201-144210-330,G01-260201-144210-330.bmp,G01,2026-02-01T14:42:10,2026-02-01,G01_2026-02-01,330,train,normal,,1025,1281,1,58cc76d2c9b95ff41c0f8880513fa08849f865f72b36c9744f1f3c7bca2060a6,,
1.0,G01-260201-144217-331,G01-260201-144217-331.bmp,G01,2026-02-01T14:42:17,2026-02-01,G01_2026-02-01,331,train,normal,,1025,1281,1,dbf988d8a10649ff17e4e80b491415d720e13f448a082a4ae9775515fd479dfc,,
1.0,G01-260201-144239-332,G01-260201-144239-332.bmp,G01,2026-02-01T14:42:39,2026-02-01,G01_2026-02-01,332,train,normal,,1025,1281,1,497cac883e3d72c35d5b3953a285c1846a7bd09ca463959aac891e78b881042d,,
1.0,G01-260201-144245-333,G01-260201-144245-333.bmp,G01,2026-02-01T14:42:45,2026-02-01,G01_2026-02-01,333,train,normal,,1025,1281,1,04dc03c8ddb24e25799cbf463fa2afe71514a1ecbd9f47090f484ceeebe0d806,,
1.0,G01-260201-144312-334,G01-260201-144312-334.bmp,G01,2026-02-01T14:43:12,2026-02-01,G01_2026-02-01,334,train,normal,,1025,1281,1,487427b5a1a15a4e6b134533f08593c0fc1e9f252e3f035e2b0d7e5d3ccf7c1f,,
1.0,G01-260201-144318-335,G01-260201-144318-335.bmp,G01,2026-02-01T14:43:18,2026-02-01,G01_2026-02-01,335,train,normal,,1025,1281,1,3b4607dbf23d8edeebedd4be95b5ff99d5039c5d195c7d9b4552a366f0356878,,
1.0,G01-260201-144343-336,G01-260201-144343-336.bmp,G01,2026-02-01T14:43:43,2026-02-01,G01_2026-02-01,336,train,normal,,1025,1281,1,fc9ff05f149b154ab9c4d9a15424356c260c9b627d5cd93fadc8c8b73d353e7a,,
1.0,G01-260201-144349-337,G01-260201-144349-337.bmp,G01,2026-02-01T14:43:49,2026-02-01,G01_2026-02-01,337,train,normal,,1025,1281,1,886e4788a318a9ce8e8d4f6622e589c59a85fbc2f3e79fcdcfdff33132545b8b,,
1.0,G01-260201-144410-338,G01-260201-144410-338.bmp,G01,2026-02-01T14:44:10,2026-02-01,G01_2026-02-01,338,train,normal,,1025,1281,1,54bdb8778e4d451fc66b29f2923e82048535a97d87f7c4fe100d9d7197081884,,
1.0,G01-260201-144417-339,G01-260201-144417-339.bmp,G01,2026-02-01T14:44:17,2026-02-01,G01_2026-02-01,339,train,normal,,1025,1281,1,40fd3320208128ab96dcba1f012981727d19b0eae2a0566b3bc41f230d05f286,,
1.0,G01-260201-144443-340,G01-260201-144443-340.bmp,G01,2026-02-01T14:44:43,2026-02-01,G01_2026-02-01,340,train,normal,,1025,1281,1,9d6c21a4451d86f413862a0d48eb0af381b163f6ea1143a1cf3a8a9525848bec,,
1.0,G01-260201-144449-341,G01-260201-144449-341.bmp,G01,2026-02-01T14:44:49,2026-02-01,G01_2026-02-01,341,train,normal,,1025,1281,1,2feb296b52715eacd5a671567edbf05703d4dc3f77e3e8fff8123445f144f463,,
1.0,G01-260201-144510-342,G01-260201-144510-342.bmp,G01,2026-02-01T14:45:10,2026-02-01,G01_2026-02-01,342,train,normal,,1025,1281,1,3817801711e62ebe97ca0b51123b7948a97fc34759d142b7583a62fa1f0dc997,,
1.0,G01-260201-144517-343,G01-260201-144517-343.bmp,G01,2026-02-01T14:45:17,2026-02-01,G01_2026-02-01,343,train,normal,,1025,1281,1,f5404e10ec17c7fe129bf3e6d2e156d90202a3955d2e3c1fbd280e56ed27d9cb,,
1.0,G01-260201-144540-344,G01-260201-144540-344.bmp,G01,2026-02-01T14:45:40,2026-02-01,G01_2026-02-01,344,train,normal,,1025,1281,1,3f7054641d6802f7a62bf92b3e1f6da1a4a9eb2c5b41c20d8131e6b00d95a8c0,,
1.0,G01-260201-144546-345,G01-260201-144546-345.bmp,G01,2026-02-01T14:45:46,2026-02-01,G01_2026-02-01,345,train,normal,,1025,1281,1,0e5c719e9d21efb5db9d0920bb37f3db42ff5c8cfd8c34d6d02835e61a6ca6ec,,
1.0,G01-260201-144608-346,G01-260201-144608-346.bmp,G01,2026-02-01T14:46:08,2026-02-01,G01_2026-02-01,346,train,normal,,1025,1281,1,2922cae99b7b73ba0b12e83b5422bd380e4949e5e50ab5b6a6bd996ddd0f4587,,
1.0,G01-260201-144614-347,G01-260201-144614-347.bmp,G01,2026-02-01T14:46:14,2026-02-01,G01_2026-02-01,347,train,normal,,1025,1281,1,4def37383b9f5554d40d304b9c3947a35d47ddf235d81ea1260ae6f95f04cb84,,
1.0,G01-260201-144640-348,G01-260201-144640-348.bmp,G01,2026-02-01T14:46:40,2026-02-01,G01_2026-02-01,348,train,normal,,1025,1281,1,e702f5604449be3bc9a360e0efc8e98ff2deeb3a565eadab8d32260ed3a8d4a2,,
1.0,G01-260201-144647-349,G01-260201-144647-349.bmp,G01,2026-02-01T14:46:47,2026-02-01,G01_2026-02-01,349,train,normal,,1025,1281,1,c796c9c21d84c1c65280ed552ecd1ba67922d421980f2e5461d93018247cd9a8,,
1.0,G01-260201-144709-350,G01-260201-144709-350.bmp,G01,2026-02-01T14:47:09,2026-02-01,G01_2026-02-01,350,train,normal,,1025,1281,1,7ce632d2a17445b696874939b906b46500d2bd23f303d7468c83bf1e2ff16ec6,,
1.0,G01-260201-144715-351,G01-260201-144715-351.bmp,G01,2026-02-01T14:47:15,2026-02-01,G01_2026-02-01,351,train,normal,,1025,1281,1,3fb3f205cb7a80bc6ed7f0b00b53a34b7b084b753582ae264a04a675097e2cd7,,
1.0,G01-260201-144741-352,G01-260201-144741-352.bmp,G01,2026-02-01T14:47:41,2026-02-01,G01_2026-02-01,352,train,normal,,1025,1281,1,18a5f8a81864cd2413bbdea1d59ef8d6b764094a494e0a32ab717d434995615e,,
1.0,G01-260201-144747-353,G01-260201-144747-353.bmp,G01,2026-02-01T14:47:47,2026-02-01,G01_2026-02-01,353,train,normal,,1025,1281,1,db662635901895be040546933ffe1a886ec4f7f9fa073c0a532ec80f1117d950,,
1.0,G01-260201-144810-354,G01-260201-144810-354.bmp,G01,2026-02-01T14:48:10,2026-02-01,G01_2026-02-01,354,train,normal,,1025,1281,1,c1e6eca1c81069281430cada4054bc67f57061fd799e4d08a97135a4d2486d9b,,
1.0,G01-260201-144816-355,G01-260201-144816-355.bmp,G01,2026-02-01T14:48:16,2026-02-01,G01_2026-02-01,355,train,normal,,1025,1281,1,1fb690d61e15d2265a6f890efb1c38332e989fbb3de8cbbab2cc7c85c19db329,,
1.0,G01-260201-144841-356,G01-260201-144841-356.bmp,G01,2026-02-01T14:48:41,2026-02-01,G01_2026-02-01,356,train,normal,,1025,1281,1,18754d2e2cf59639558058663d431835bd7e5b1589e7cb561aaeb63ea9a525c9,,
1.0,G01-260201-144847-357,G01-260201-144847-357.bmp,G01,2026-02-01T14:48:47,2026-02-01,G01_2026-02-01,357,train,normal,,1025,1281,1,f21dd3db5eba70f767ec5d4006866d4bd86ffef4d82dae31037b2fbd2937947e,,
1.0,G01-260201-144909-358,G01-260201-144909-358.bmp,G01,2026-02-01T14:49:09,2026-02-01,G01_2026-02-01,358,train,normal,,1025,1281,1,447f5ca009504c867e68622a16c37d1710d920345c121474182f4ef52614ceef,,
1.0,G01-260201-144916-359,G01-260201-144916-359.bmp,G01,2026-02-01T14:49:16,2026-02-01,G01_2026-02-01,359,train,normal,,1025,1281,1,95cc2a7a5caa6683aa231b68b9d689944a27e6a78983faa8d56730b6fb0e3270,,
1.0,G01-260201-144940-360,G01-260201-144940-360.bmp,G01,2026-02-01T14:49:40,2026-02-01,G01_2026-02-01,360,train,normal,,1025,1281,1,592665eea0a2b6dd5e4b40b5b74954e54fdbdcaba3b7d300dbe0cacf927475f3,,
1.0,G01-260201-144946-361,G01-260201-144946-361.bmp,G01,2026-02-01T14:49:46,2026-02-01,G01_2026-02-01,361,train,normal,,1025,1281,1,7113ce07bbfc852536a2c56204b18d58989d3815f7f196bb3cd64b62ccc2a359,,
1.0,G01-260201-145011-362,G01-260201-145011-362.bmp,G01,2026-02-01T14:50:11,2026-02-01,G01_2026-02-01,362,train,normal,,1025,1281,1,078cd19a0848c34f301c10c694d8b5180cb36ae55670ae904e00678ee6beb4ba,,
1.0,G01-260201-145017-363,G01-260201-145017-363.bmp,G01,2026-02-01T14:50:17,2026-02-01,G01_2026-02-01,363,train,normal,,1025,1281,1,9c5ac6cfe4a431e49414fa22a1d56867d7ec74a1560643525e0a7cf0c7f4ea29,,
1.0,G01-260201-145039-364,G01-260201-145039-364.bmp,G01,2026-02-01T14:50:39,2026-02-01,G01_2026-02-01,364,train,normal,,1025,1281,1,51838e8aa9fb939f03a4fde9b1411440ce1a947156e7a30b0a2f5c04480731b3,,
1.0,G01-260201-145045-365,G01-260201-145045-365.bmp,G01,2026-02-01T14:50:45,2026-02-01,G01_2026-02-01,365,train,normal,,1025,1281,1,dfaf0b42278bd0c54b18b8c629d5844b017220e4ed608c66b5362a5eb0d047cf,,
1.0,G01-260201-145111-366,G01-260201-145111-366.bmp,G01,2026-02-01T14:51:11,2026-02-01,G01_2026-02-01,366,train,normal,,1025,1281,1,71d0d35008be221e62f69d06c7027a94463c78798dbc26f548723a2e27d78059,,
1.0,G01-260201-145118-367,G01-260201-145118-367.bmp,G01,2026-02-01T14:51:18,2026-02-01,G01_2026-02-01,367,train,normal,,1025,1281,1,d038a1c8bed11d14a75656eac407c8023684018d15a3c9ab326cd54f10d7dc4a,,
1.0,G01-260201-145140-368,G01-260201-145140-368.bmp,G01,2026-02-01T14:51:40,2026-02-01,G01_2026-02-01,368,train,normal,,1025,1281,1,abdc67e514d50cb0f105b83ad9da0c3ca5997b5d7db6484fa6f38dcb87f879bf,,
1.0,G01-260201-145147-369,G01-260201-145147-369.bmp,G01,2026-02-01T14:51:47,2026-02-01,G01_2026-02-01,369,train,normal,,1025,1281,1,656bcabacdee80876f43538f4433615b34e3876a072b8763e228bd1f83e13be2,,
1.0,G01-260201-145212-370,G01-260201-145212-370.bmp,G01,2026-02-01T14:52:12,2026-02-01,G01_2026-02-01,370,train,normal,,1025,1281,1,3d5c3a41c72cfd3413376886fad6f5a3dfbdaf9b54da7a8a147a4c88da303b95,,
1.0,G01-260201-145218-371,G01-260201-145218-371.bmp,G01,2026-02-01T14:52:18,2026-02-01,G01_2026-02-01,371,train,normal,,1025,1281,1,37fc53c7df500bc3d59c1a843e57b8c9230dc7e57659bbdaae0b13b9ab96f5a2,,
1.0,G01-260201-145303-372,G01-260201-145303-372.bmp,G01,2026-02-01T14:53:03,2026-02-01,G01_2026-02-01,372,train,normal,,1025,1281,1,07f829f7721b4b2e9ca1bfa95f58e03f23b6ae8200a9e602bd1fedd9375fe8c6,,
1.0,G01-260201-145339-373,G01-260201-145339-373.bmp,G01,2026-02-01T14:53:39,2026-02-01,G01_2026-02-01,373,train,normal,,1025,1281,1,3c6cd5be86b697dd4d62ff65493a1889355d182ade7b2e987d59975a608a4b55,,
1.0,G01-260201-145357-374,G01-260201-145357-374.bmp,G01,2026-02-01T14:53:57,2026-02-01,G01_2026-02-01,374,train,normal,,1025,1281,1,df3f3f3a6ca554dc096196863c62f38773c01027d0e71a827ea4e1241e664dd5,,
1.0,G01-260201-145403-375,G01-260201-145403-375.bmp,G01,2026-02-01T14:54:03,2026-02-01,G01_2026-02-01,375,train,normal,,1025,1281,1,1e3c154c71a108c2a5f6a9c538d130c3a8560bd62cb20ea5c806fb1973ecc8cb,,
1.0,G01-260201-145417-376,G01-260201-145417-376.bmp,G01,2026-02-01T14:54:17,2026-02-01,G01_2026-02-01,376,train,normal,,1025,1281,1,e3fc7e4ca166ac7c4fdecd716788b91d44b3f9f735ad0325b2e2144980ab5490,,
1.0,G01-260201-145423-377,G01-260201-145423-377.bmp,G01,2026-02-01T14:54:23,2026-02-01,G01_2026-02-01,377,train,normal,,1025,1281,1,ba399b35857edb084853baeb1cdd665c09308fa20687a3140bc7e7932cf6f820,,
1.0,G01-260201-145430-378,G01-260201-145430-378.bmp,G01,2026-02-01T14:54:30,2026-02-01,G01_2026-02-01,378,train,normal,,1025,1281,1,132ba0596d4ae479efc76bfaa6c9db1ac195acc3b5558f9caee339cae54b7e16,,
1.0,G01-260201-145439-379,G01-260201-145439-379.bmp,G01,2026-02-01T14:54:39,2026-02-01,G01_2026-02-01,379,train,normal,,1025,1281,1,261c89e8ddcf7b086e8448c4b1d08ab2906006f7d784dde8e0678ee97fb87dd6,,
1.0,G01-260201-145446-380,G01-260201-145446-380.bmp,G01,2026-02-01T14:54:46,2026-02-01,G01_2026-02-01,380,train,normal,,1025,1281,1,e447f5c865f5556f3d2407a28782dddd816905f3acd634b7a0432129fbf4766c,,
1.0,G01-260201-145452-381,G01-260201-145452-381.bmp,G01,2026-02-01T14:54:52,2026-02-01,G01_2026-02-01,381,train,normal,,1025,1281,1,8f7685b2b630035ac31d2d111c46992ca0f9a4c31d6768a42c2a6c97d13dbf8a,,
1.0,G01-260201-145511-382,G01-260201-145511-382.bmp,G01,2026-02-01T14:55:11,2026-02-01,G01_2026-02-01,382,train,normal,,1025,1281,1,5c3431a0d0584845149ee80f4e48cb70a21f2f63fcce20ac5a48f0991f780577,,
1.0,G01-260201-145517-383,G01-260201-145517-383.bmp,G01,2026-02-01T14:55:17,2026-02-01,G01_2026-02-01,383,train,normal,,1025,1281,1,f88d24b76c67990cab1321b04cb805f5a253b6c4a4ec3a9083e43b87e68ec1dd,,
1.0,G01-260201-145541-384,G01-260201-145541-384.bmp,G01,2026-02-01T14:55:41,2026-02-01,G01_2026-02-01,384,train,normal,,1025,1281,1,a4e4bb1c472d039ce05f7e1c78a93f1a742242fa8dc64390054fbd6e3946e0cc,,
1.0,G01-260201-145548-385,G01-260201-145548-385.bmp,G01,2026-02-01T14:55:48,2026-02-01,G01_2026-02-01,385,train,normal,,1025,1281,1,59a40c583093c28503c6c78e5d4c4306e2280bb6e93b45b59a11e806faf7b03d,,
1.0,G01-260201-145616-386,G01-260201-145616-386.bmp,G01,2026-02-01T14:56:16,2026-02-01,G01_2026-02-01,386,train,normal,,1025,1281,1,ce2890132fcfce6b7c27b6b616cec7048971238591af094b4521bba6591453f7,,
1.0,G01-260201-145623-387,G01-260201-145623-387.bmp,G01,2026-02-01T14:56:23,2026-02-01,G01_2026-02-01,387,train,normal,,1025,1281,1,ca656b8f7db3dda67c9ac4b2454c3196eacecc0e5d1439872ba6ac99f8b5ca1d,,
1.0,G01-260201-145648-388,G01-260201-145648-388.bmp,G01,2026-02-01T14:56:48,2026-02-01,G01_2026-02-01,388,train,normal,,1025,1281,1,a2d86619eae5c5348561451a4383ac8a0708bfe9c29a26358f4cb258d65faa27,,
1.0,G01-260201-145654-389,G01-260201-145654-389.bmp,G01,2026-02-01T14:56:54,2026-02-01,G01_2026-02-01,389,train,normal,,1025,1281,1,0bb4c03f6e1cf37043158f17bb663bdf161ba431f7945c6d788f8875ef512b95,,
1.0,G01-260201-145714-390,G01-260201-145714-390.bmp,G01,2026-02-01T14:57:14,2026-02-01,G01_2026-02-01,390,train,normal,,1025,1281,1,ac4317aaff27d2162323f59a5e7f930a1bd59fb0d6b4e232c711600b38c095c8,,
1.0,G01-260201-145721-391,G01-260201-145721-391.bmp,G01,2026-02-01T14:57:21,2026-02-01,G01_2026-02-01,391,train,normal,,1025,1281,1,1df148179758b5466ab8ca0a327e47f2eaaf98ff024e2865c8f492dcc12bf5e1,,
1.0,G01-260201-145742-392,G01-260201-145742-392.bmp,G01,2026-02-01T14:57:42,2026-02-01,G01_2026-02-01,392,train,normal,,1025,1281,1,4b4af98f686b943c27434f165d007aa6ce221b7b14a2f1213fc0c7b0c44c73ae,,
1.0,G01-260201-145749-393,G01-260201-145749-393.bmp,G01,2026-02-01T14:57:49,2026-02-01,G01_2026-02-01,393,train,normal,,1025,1281,1,c17c544181a5c734d67aa1d3678007dad109a4f81eee8cd60f10c304d490c823,,
1.0,G01-260201-145812-394,G01-260201-145812-394.bmp,G01,2026-02-01T14:58:12,2026-02-01,G01_2026-02-01,394,train,normal,,1025,1281,1,417671e193fed3af890a51f2182b4a772d3f96e3ff285defdba767c087875503,,
1.0,G01-260201-145818-395,G01-260201-145818-395.bmp,G01,2026-02-01T14:58:18,2026-02-01,G01_2026-02-01,395,train,normal,,1025,1281,1,026c57b0f477b040d0661a900ef0204c475280c39565bddbcdcac1c8a6de59f8,,
1.0,G01-260201-145842-396,G01-260201-145842-396.bmp,G01,2026-02-01T14:58:42,2026-02-01,G01_2026-02-01,396,train,normal,,1025,1281,1,125d45e3b3f37825c99e8d06c4b021aa5de67c5a447820ecb2e6dd2bd7ba200c,,
1.0,G01-260201-145848-397,G01-260201-145848-397.bmp,G01,2026-02-01T14:58:48,2026-02-01,G01_2026-02-01,397,train,normal,,1025,1281,1,909e7d40ce644712a23ebf290019941f8c2efec6be22abe9c7dab025d77e12e9,,
1.0,G01-260201-145913-398,G01-260201-145913-398.bmp,G01,2026-02-01T14:59:13,2026-02-01,G01_2026-02-01,398,train,normal,,1025,1281,1,c4b166ffbcd8825fcbadd208078b8dc6e4df2f0fc65aa6d2b54d10cdd6cc14af,,
1.0,G01-260201-145919-399,G01-260201-145919-399.bmp,G01,2026-02-01T14:59:19,2026-02-01,G01_2026-02-01,399,train,normal,,1025,1281,1,91b9763210ba4f6be77fb804b58d9b3aa398f38adb986167e8fd52019e7615c4,,
1.0,G01-260201-145944-400,G01-260201-145944-400.bmp,G01,2026-02-01T14:59:44,2026-02-01,G01_2026-02-01,400,train,normal,,1025,1281,1,b84651483c9c02117e060bdaf0beae98f723e7e26734b285e109e85667f2367e,,
1.0,G01-260201-145950-401,G01-260201-145950-401.bmp,G01,2026-02-01T14:59:50,2026-02-01,G01_2026-02-01,401,train,normal,,1025,1281,1,931560de05cf53e8cc357d4907a86dadb0d5eb92011e8f06218eada52c16c7b6,,
1.0,G01-260201-150014-402,G01-260201-150014-402.bmp,G01,2026-02-01T15:00:14,2026-02-01,G01_2026-02-01,402,train,normal,,1025,1281,1,85b7566224d7ce0c71ddeeb3124bafde5fe46de82f688003752e0cd0cc2da4c4,,
1.0,G01-260201-150020-403,G01-260201-150020-403.bmp,G01,2026-02-01T15:00:20,2026-02-01,G01_2026-02-01,403,train,normal,,1025,1281,1,cc49f0c1ae7a5568f89055b9f7e807caa276253fc9f590875e66abd9892a2c72,,
1.0,G01-260201-150044-404,G01-260201-150044-404.bmp,G01,2026-02-01T15:00:44,2026-02-01,G01_2026-02-01,404,train,normal,,1025,1281,1,0d8785eebf5708b0144418ea0f13ab3ffffae3aeb1d8424caa87212750d3c491,,
1.0,G01-260201-150050-405,G01-260201-150050-405.bmp,G01,2026-02-01T15:00:50,2026-02-01,G01_2026-02-01,405,train,normal,,1025,1281,1,32b6b2ef5eb1d4dcfbe8f254fc76b858863e6c485a87a3232de72ccbe487631c,,
1.0,G01-260201-150113-406,G01-260201-150113-406.bmp,G01,2026-02-01T15:01:13,2026-02-01,G01_2026-02-01,406,train,normal,,1025,1281,1,ab357ff20a458ae4070dc173ee49943736b705090fff66f2f898f950fa248163,,
1.0,G01-260201-150120-407,G01-260201-150120-407.bmp,G01,2026-02-01T15:01:20,2026-02-01,G01_2026-02-01,407,train,normal,,1025,1281,1,dd009d0ec5d9d28d6a1574ccb670f090d41a5d9945beb8cf72616c72cc5959d7,,
1.0,G01-260201-150142-408,G01-260201-150142-408.bmp,G01,2026-02-01T15:01:42,2026-02-01,G01_2026-02-01,408,train,normal,,1025,1281,1,fceefcaf0a051ff826716e4e262e1fd8c4960433ddedc7839e3ca9ead0f35378,,
1.0,G01-260201-150148-409,G01-260201-150148-409.bmp,G01,2026-02-01T15:01:48,2026-02-01,G01_2026-02-01,409,train,normal,,1025,1281,1,56370271e469a08b4f5e1a1374e768cd8f4f1ab97dbb16b400c2f51e9ec547d0,,
1.0,G01-260201-150214-410,G01-260201-150214-410.bmp,G01,2026-02-01T15:02:14,2026-02-01,G01_2026-02-01,410,train,normal,,1025,1281,1,835e397c0145300357f61167c0b80c16f34647b8daa9294bcff282071cd74bfc,,
1.0,G01-260201-150221-411,G01-260201-150221-411.bmp,G01,2026-02-01T15:02:21,2026-02-01,G01_2026-02-01,411,train,normal,,1025,1281,1,5d834e4e6c7633166494f3b201313e049839f5a536a2c55e1ab9a5c972a31d80,,
1.0,G01-260201-150243-412,G01-260201-150243-412.bmp,G01,2026-02-01T15:02:43,2026-02-01,G01_2026-02-01,412,train,normal,,1025,1281,1,7aec59c5a745a6e9ae1f12ab8a4d1d236aa05cbab7a8a0ae944af29774e01814,,
1.0,G01-260201-150249-413,G01-260201-150249-413.bmp,G01,2026-02-01T15:02:49,2026-02-01,G01_2026-02-01,413,train,normal,,1025,1281,1,918b2444d61b2a26aadf3531bf9d4d62fa3e187cb6bfade2a1e1f22dac49629f,,
1.0,G01-260201-150315-414,G01-260201-150315-414.bmp,G01,2026-02-01T15:03:15,2026-02-01,G01_2026-02-01,414,train,normal,,1025,1281,1,09565f9885bf28bd638542b911ea7896bbd621cc8f16e383215bb25e9ef89fb1,,
1.0,G01-260201-150321-415,G01-260201-150321-415.bmp,G01,2026-02-01T15:03:21,2026-02-01,G01_2026-02-01,415,train,normal,,1025,1281,1,fd2bf4c468cc8241ccd21dd5b6c2218675ae46ec727959ae6363cdc503e2304c,,
1.0,G01-260201-150344-416,G01-260201-150344-416.bmp,G01,2026-02-01T15:03:44,2026-02-01,G01_2026-02-01,416,train,normal,,1025,1281,1,27f1b1227322c260620d960e1ca78b029648428501cccb63d7bb33815d8c0bc0,,
1.0,G01-260201-150351-417,G01-260201-150351-417.bmp,G01,2026-02-01T15:03:51,2026-02-01,G01_2026-02-01,417,train,normal,,1025,1281,1,90d6c543ecba87cc54d95e175d6e260b71d4852c9777e1956e1adecd3e0e5a99,,
1.0,G01-260201-150414-418,G01-260201-150414-418.bmp,G01,2026-02-01T15:04:14,2026-02-01,G01_2026-02-01,418,train,normal,,1025,1281,1,63f5c4d3354ffb204db5e34505b509e5b15915b71c6e437b64fa333a5b700845,,
1.0,G01-260201-150420-419,G01-260201-150420-419.bmp,G01,2026-02-01T15:04:20,2026-02-01,G01_2026-02-01,419,train,normal,,1025,1281,1,cd8f950ea3b99d538e2e6522efb33000cf5bb51ec63763ebf47d2425b792180b,,
1.0,G01-260201-150443-420,G01-260201-150443-420.bmp,G01,2026-02-01T15:04:43,2026-02-01,G01_2026-02-01,420,train,normal,,1025,1281,1,2fb4148e5a7b1cd0b43ef23e34aa1e548a17499dd4d887e5991224d4eb5a2677,,
1.0,G01-260201-150451-421,G01-260201-150451-421.bmp,G01,2026-02-01T15:04:51,2026-02-01,G01_2026-02-01,421,train,normal,,1025,1281,1,9f16766bb6eb853bd7476161251c6513f9bc97800e9ab468995dfea0f55cbe52,,
1.0,G01-260201-150517-422,G01-260201-150517-422.bmp,G01,2026-02-01T15:05:17,2026-02-01,G01_2026-02-01,422,train,normal,,1025,1281,1,4387a0c89b580c3e9a949900b875e0f199d6733a509b6feaca9021ec388a6d53,,
1.0,G01-260201-150523-423,G01-260201-150523-423.bmp,G01,2026-02-01T15:05:23,2026-02-01,G01_2026-02-01,423,train,normal,,1025,1281,1,e5569639c193926424d7949546fe6cbb4fe1615cf361230dcfa5872da2060e6d,,
1.0,G01-260201-150547-424,G01-260201-150547-424.bmp,G01,2026-02-01T15:05:47,2026-02-01,G01_2026-02-01,424,train,normal,,1025,1281,1,4b578f2a70028a0c918e3f922dd6ca6658def39a1b0feaf22ee15cb43429bc57,,
1.0,G01-260201-150553-425,G01-260201-150553-425.bmp,G01,2026-02-01T15:05:53,2026-02-01,G01_2026-02-01,425,train,normal,,1025,1281,1,9c839a3aff007e7d9e3f345f44dc449cfabfcd4489e0fcd1b7ca275cb792dd1b,,
1.0,G01-260201-150615-426,G01-260201-150615-426.bmp,G01,2026-02-01T15:06:15,2026-02-01,G01_2026-02-01,426,train,normal,,1025,1281,1,80895d79966b79f1eb70f604b377a006f46d0d2528a9325dd35edbd8b0f5cc85,,
1.0,G01-260201-150622-427,G01-260201-150622-427.bmp,G01,2026-02-01T15:06:22,2026-02-01,G01_2026-02-01,427,train,normal,,1025,1281,1,a7e9ffa6b0a7c0d2e9bc2155eadbfd0e9b440942e5424431a96484ba6f8a9615,,
1.0,G01-260201-150645-428,G01-260201-150645-428.bmp,G01,2026-02-01T15:06:45,2026-02-01,G01_2026-02-01,428,train,normal,,1025,1281,1,77619f2922d7290a52d1a27bed228d17d1e9209444582eb0830fc22f4b0825bd,,
1.0,G01-260201-150652-429,G01-260201-150652-429.bmp,G01,2026-02-01T15:06:52,2026-02-01,G01_2026-02-01,429,train,normal,,1025,1281,1,e38c29ac6dc0d84ac01726ee888a271693eefc07f7aea8498e693d336f0b7157,,
1.0,G01-260201-150713-430,G01-260201-150713-430.bmp,G01,2026-02-01T15:07:13,2026-02-01,G01_2026-02-01,430,train,normal,,1025,1281,1,f57d4953e01a4bd8f722883ee3d036b9b69e9b1a0bd035d26bcccfcfc3be89ef,,
1.0,G01-260201-150720-431,G01-260201-150720-431.bmp,G01,2026-02-01T15:07:20,2026-02-01,G01_2026-02-01,431,train,normal,,1025,1281,1,0d86a41b61936382103a8d859835ec9ec87606d4607b416ac36339d61bfdbadc,,
1.0,G01-260201-150746-432,G01-260201-150746-432.bmp,G01,2026-02-01T15:07:46,2026-02-01,G01_2026-02-01,432,train,normal,,1025,1281,1,a3acf222f8ed26e261e83b9f96bce82b0b05644f35632cea14fdc7b4e63f0570,,
1.0,G01-260201-150752-433,G01-260201-150752-433.bmp,G01,2026-02-01T15:07:52,2026-02-01,G01_2026-02-01,433,train,normal,,1025,1281,1,4d1a5290f92f8a8b2a6c0ff6146b94cb234eb7864fbb7c5ff667221b979e343a,,
1.0,G01-260201-150816-434,G01-260201-150816-434.bmp,G01,2026-02-01T15:08:16,2026-02-01,G01_2026-02-01,434,train,normal,,1025,1281,1,17a73a6e173c84964296020e02171cb747db110482e3c9d38b011dcca97bdb62,,
1.0,G01-260201-150822-435,G01-260201-150822-435.bmp,G01,2026-02-01T15:08:22,2026-02-01,G01_2026-02-01,435,train,normal,,1025,1281,1,93aa652eff9cd6703dd06134112b40f1b927cd18bda2c63a617e6333e368e371,,
1.0,G01-260201-150846-436,G01-260201-150846-436.bmp,G01,2026-02-01T15:08:46,2026-02-01,G01_2026-02-01,436,train,normal,,1025,1281,1,2ef2fd366129bf0d0cd97c2eb4fb8c62ffcab38ab0dd2490189736b462682054,,
1.0,G01-260201-150852-437,G01-260201-150852-437.bmp,G01,2026-02-01T15:08:52,2026-02-01,G01_2026-02-01,437,train,normal,,1025,1281,1,5c7990fea85c6181f58863fd91ef2b6de69e527b8a135e534dbcbf0d1953e84a,,
1.0,G01-260201-150921-438,G01-260201-150921-438.bmp,G01,2026-02-01T15:09:21,2026-02-01,G01_2026-02-01,438,train,normal,,1025,1281,1,966c14834bc468b38d1834126fd3584c3d4ed774e8f648190dc5dcf0da0fa0da,,
1.0,G01-260201-150927-439,G01-260201-150927-439.bmp,G01,2026-02-01T15:09:27,2026-02-01,G01_2026-02-01,439,train,normal,,1025,1281,1,6f082026a738d781a87c2807fbb788427f0fa064a00579a59c6f779045d1bd8f,,
1.0,G01-260201-150946-440,G01-260201-150946-440.bmp,G01,2026-02-01T15:09:46,2026-02-01,G01_2026-02-01,440,train,normal,,1025,1281,1,87462d6d70ce1674368442d2be93001f486b7456616fbc5430b323429565dfa7,,
1.0,G01-260201-150953-441,G01-260201-150953-441.bmp,G01,2026-02-01T15:09:53,2026-02-01,G01_2026-02-01,441,train,normal,,1025,1281,1,df0103b0700846e7c5cc6865f93be9494b341272f882e8611bf127fda4385300,,
1.0,G01-260201-151016-442,G01-260201-151016-442.bmp,G01,2026-02-01T15:10:16,2026-02-01,G01_2026-02-01,442,train,normal,,1025,1281,1,66f09d5d77a458e430d5c87d5ecc3558b844d0f191e38456a34b60142b6c7856,,
1.0,G01-260201-151023-443,G01-260201-151023-443.bmp,G01,2026-02-01T15:10:23,2026-02-01,G01_2026-02-01,443,train,normal,,1025,1281,1,5179e446bd849aeb9a1e21cc01e79882b619d4e655ef4c7ed5dc001fb90fdc51,,
1.0,G01-260201-151045-444,G01-260201-151045-444.bmp,G01,2026-02-01T15:10:45,2026-02-01,G01_2026-02-01,444,train,normal,,1025,1281,1,3a26d67ebd6ad33dd2935c8880222fd4314433557f9c91d3f692dbd69b9eeba7,,
1.0,G01-260201-151051-445,G01-260201-151051-445.bmp,G01,2026-02-01T15:10:51,2026-02-01,G01_2026-02-01,445,train,normal,,1025,1281,1,5c035f07ef87caaf85e02c69267db5ad866074a8901574c2532492ba4135bd12,,
1.0,G01-260201-151116-446,G01-260201-151116-446.bmp,G01,2026-02-01T15:11:16,2026-02-01,G01_2026-02-01,446,train,normal,,1025,1281,1,8286f0b483553db95e970b4b6854789e021b47de311604699a724507aa1da252,,
1.0,G01-260201-151122-447,G01-260201-151122-447.bmp,G01,2026-02-01T15:11:22,2026-02-01,G01_2026-02-01,447,train,normal,,1025,1281,1,8602f8ed0bfabbdb228c4e2854d6877268d8004cdd04a501a41534d607161089,,
1.0,G01-260201-151145-448,G01-260201-151145-448.bmp,G01,2026-02-01T15:11:45,2026-02-01,G01_2026-02-01,448,train,normal,,1025,1281,1,fcd5194980121bad6fe25e9e4032af54abd991e925554ed158e398c1644b9c2d,,
1.0,G01-260201-151152-449,G01-260201-151152-449.bmp,G01,2026-02-01T15:11:52,2026-02-01,G01_2026-02-01,449,train,normal,,1025,1281,1,3550dcc87673a1bc14202d1bafaf7ec60ca82f42dd23691bb569a44e041a4770,,
1.0,G01-260201-151215-450,G01-260201-151215-450.bmp,G01,2026-02-01T15:12:15,2026-02-01,G01_2026-02-01,450,train,normal,,1025,1281,1,e34656bb05c9bd8481f0011c04e9ecd314488a9e4a502085941978a10c9571c9,,
1.0,G01-260201-151222-451,G01-260201-151222-451.bmp,G01,2026-02-01T15:12:22,2026-02-01,G01_2026-02-01,451,train,normal,,1025,1281,1,185e5c2a693681216b47a10654d69b23744a8dbc3493bf354bf532d7a582696a,,
1.0,G01-260201-151245-452,G01-260201-151245-452.bmp,G01,2026-02-01T15:12:45,2026-02-01,G01_2026-02-01,452,train,normal,,1025,1281,1,e270a824fcfae47d45c60053e382e374653056cbeb78f138c7b4f24d0cffb3f9,,
1.0,G01-260201-151252-453,G01-260201-151252-453.bmp,G01,2026-02-01T15:12:52,2026-02-01,G01_2026-02-01,453,train,normal,,1025,1281,1,1e232cccfa029c95efc2aad8dc0f891efea513ac81eb9b2b544e1268cc8b1d85,,
1.0,G01-260201-151315-454,G01-260201-151315-454.bmp,G01,2026-02-01T15:13:15,2026-02-01,G01_2026-02-01,454,train,normal,,1025,1281,1,2e84dc559e0e6c655f1128bc978e0666ef21bfd01aedc7cfae0814249990bac5,,
1.0,G01-260201-151322-455,G01-260201-151322-455.bmp,G01,2026-02-01T15:13:22,2026-02-01,G01_2026-02-01,455,train,normal,,1025,1281,1,1168de29d45adf29aa364eb19e07d711b8d7fc82cf5a83b46f6e56159e108c29,,
1.0,G01-260201-151347-456,G01-260201-151347-456.bmp,G01,2026-02-01T15:13:47,2026-02-01,G01_2026-02-01,456,train,normal,,1025,1281,1,5292c803da700f1835e03fe2dd41d0b3ce12d3e02217c21ec9b163ccf06f2ef9,,
1.0,G01-260201-151353-457,G01-260201-151353-457.bmp,G01,2026-02-01T15:13:53,2026-02-01,G01_2026-02-01,457,train,normal,,1025,1281,1,199003f70b63b2e6e2b1c86d1be11db85e4bd1ffab16420da79f24cdd0911bf5,,
1.0,G01-260201-151415-458,G01-260201-151415-458.bmp,G01,2026-02-01T15:14:15,2026-02-01,G01_2026-02-01,458,train,normal,,1025,1281,1,698a759aed79da65ae237c77ee43ac55a0faf939f0e02ade0f689e213d275003,,
1.0,G01-260201-151421-459,G01-260201-151421-459.bmp,G01,2026-02-01T15:14:21,2026-02-01,G01_2026-02-01,459,train,normal,,1025,1281,1,daa63e22a49d417b9fff8891e5e3beada551aadf31f7a3b9c4f69fb5b6d2397c,,
1.0,G01-260201-151447-460,G01-260201-151447-460.bmp,G01,2026-02-01T15:14:47,2026-02-01,G01_2026-02-01,460,train,normal,,1025,1281,1,de46f72731a1bcb604bc83b04d74981a97c86579a3f067bc768a87bb894293a5,,
1.0,G01-260201-151453-461,G01-260201-151453-461.bmp,G01,2026-02-01T15:14:53,2026-02-01,G01_2026-02-01,461,train,normal,,1025,1281,1,5b954cb5fc47a1747e000c3618ac1342b97553a81ba8e61cae01c056d28b039c,,
1.0,G01-260201-151518-462,G01-260201-151518-462.bmp,G01,2026-02-01T15:15:18,2026-02-01,G01_2026-02-01,462,train,normal,,1025,1281,1,820dbe9853666bd3ed8ec9655fc08ea6dce7b221d1b873d8c9ed53a2a0702eb1,,
1.0,G01-260201-151524-463,G01-260201-151524-463.bmp,G01,2026-02-01T15:15:24,2026-02-01,G01_2026-02-01,463,train,normal,,1025,1281,1,36002b6a81b752cf70ebecd447e3ab04e4f9ff01801bde42eae958d18c5f7cb2,,
1.0,G01-260201-151546-464,G01-260201-151546-464.bmp,G01,2026-02-01T15:15:46,2026-02-01,G01_2026-02-01,464,train,normal,,1025,1281,1,eb9ea33d5ae03e81a3bde0f20bc5fb2f9bb77f9cbdb42a4212f160cc7f735d0e,,
1.0,G01-260201-151553-465,G01-260201-151553-465.bmp,G01,2026-02-01T15:15:53,2026-02-01,G01_2026-02-01,465,train,normal,,1025,1281,1,e4f0923f9b02ad7c95ae36344808e41b48592f4debc2a4fb43f39e1b9503bf5e,,
1.0,G01-260201-151618-466,G01-260201-151618-466.bmp,G01,2026-02-01T15:16:18,2026-02-01,G01_2026-02-01,466,train,normal,,1025,1281,1,049510e2c2d18e902d4359014711e8d7b8f2fcae60417a88cb009cb53552876d,,
1.0,G01-260201-151624-467,G01-260201-151624-467.bmp,G01,2026-02-01T15:16:24,2026-02-01,G01_2026-02-01,467,train,normal,,1025,1281,1,01ac033ef65641fb03bca8c9cf0cd8ca1442bc1e130a21b9d0466774aaa482ee,,
1.0,G01-260201-151647-468,G01-260201-151647-468.bmp,G01,2026-02-01T15:16:47,2026-02-01,G01_2026-02-01,468,train,normal,,1025,1281,1,a552239036c26182ab7255fcebd22c962268f66e2a8838a0ff206a805baabfc1,,
1.0,G01-260201-151653-469,G01-260201-151653-469.bmp,G01,2026-02-01T15:16:53,2026-02-01,G01_2026-02-01,469,train,normal,,1025,1281,1,91f630ce9d9c17bb7fe44d4bc67b0f85e492818a9491b0a96b0e7002983a1635,,
1.0,G01-260201-151717-470,G01-260201-151717-470.bmp,G01,2026-02-01T15:17:17,2026-02-01,G01_2026-02-01,470,train,normal,,1025,1281,1,64cb8a278faa203e3d50b4fae8508a862cfc4b8b225ef49d3869509e6be1e052,,
1.0,G01-260201-151723-471,G01-260201-151723-471.bmp,G01,2026-02-01T15:17:23,2026-02-01,G01_2026-02-01,471,train,normal,,1025,1281,1,0edccdd36878e62c7e986edc454f59c0fc8287aadc0c5944c9540b2453e44c0d,,
1.0,G01-260201-151748-472,G01-260201-151748-472.bmp,G01,2026-02-01T15:17:48,2026-02-01,G01_2026-02-01,472,train,normal,,1025,1281,1,21d06f328cbb1c7afaf897e04b208fe15960a40110fa0ce04233edba36b9e2e9,,
1.0,G01-260201-151755-473,G01-260201-151755-473.bmp,G01,2026-02-01T15:17:55,2026-02-01,G01_2026-02-01,473,train,normal,,1025,1281,1,b9265f884970af1c64ac7856f7cb187e3683edaf96596aafa00c418db4d6247d,,
1.0,G01-260201-151818-474,G01-260201-151818-474.bmp,G01,2026-02-01T15:18:18,2026-02-01,G01_2026-02-01,474,train,normal,,1025,1281,1,ef6a0f98405d595cfc13bb9d804f4feeb5e10c21f876a30545b0d5845a18257e,,
1.0,G01-260201-151824-475,G01-260201-151824-475.bmp,G01,2026-02-01T15:18:24,2026-02-01,G01_2026-02-01,475,train,normal,,1025,1281,1,ce70ac9754ec6b18504d280a7f9a660db6e5e67272619b999946595d95d82411,,
1.0,G01-260201-151848-476,G01-260201-151848-476.bmp,G01,2026-02-01T15:18:48,2026-02-01,G01_2026-02-01,476,train,normal,,1025,1281,1,b87956e15cc41ec5b7d7a0598d41209850d1e4b90cb4fa193339a13d9929b973,,
1.0,G01-260201-151854-477,G01-260201-151854-477.bmp,G01,2026-02-01T15:18:54,2026-02-01,G01_2026-02-01,477,train,normal,,1025,1281,1,901d0465c36b17dfaccc22aab60499557aed7f214eae96314a449d8737d2051f,,
1.0,G01-260201-151912-478,G01-260201-151912-478.bmp,G01,2026-02-01T15:19:12,2026-02-01,G01_2026-02-01,478,train,normal,,1025,1281,1,1cf9381a2748b6618fb0c4c2f2490222705528ce964b6f13ccb28dddf1c58857,,
1.0,G01-260201-151950-479,G01-260201-151950-479.bmp,G01,2026-02-01T15:19:50,2026-02-01,G01_2026-02-01,479,train,normal,,1025,1281,1,086e8292824eb65b43add8688d8cc2aaebffb861a76896436d5e7d5dbd1f9dc7,,
1.0,G01-260201-151957-480,G01-260201-151957-480.bmp,G01,2026-02-01T15:19:57,2026-02-01,G01_2026-02-01,480,train,normal,,1025,1281,1,bcd9836f9cd7a2d6f323056190278b0471cd1b4440b3509b4461c72c0af1178b,,
1.0,G01-260201-152004-481,G01-260201-152004-481.bmp,G01,2026-02-01T15:20:04,2026-02-01,G01_2026-02-01,481,train,normal,,1025,1281,1,df9d89156b6aa51cb13ca12ffade581044e6d46b560a2ab08acde20be1c172e0,,
1.0,G01-260201-152021-482,G01-260201-152021-482.bmp,G01,2026-02-01T15:20:21,2026-02-01,G01_2026-02-01,482,train,normal,,1025,1281,1,52cddfe89619d2693f86cd601fddf8de2e32af7038812902a92856c4e2956fb6,,
1.0,G01-260201-152027-483,G01-260201-152027-483.bmp,G01,2026-02-01T15:20:27,2026-02-01,G01_2026-02-01,483,train,normal,,1025,1281,1,bff82f430226d50e8862900ff86b89a2f476f06eab6df1d50c6bc5bdf0b0129a,,
1.0,G01-260201-152048-484,G01-260201-152048-484.bmp,G01,2026-02-01T15:20:48,2026-02-01,G01_2026-02-01,484,train,normal,,1025,1281,1,677e653496a38653288e0ee0716d023aa98cbecfdf61970c1dc096e32cde2d4f,,
1.0,G01-260201-152054-485,G01-260201-152054-485.bmp,G01,2026-02-01T15:20:54,2026-02-01,G01_2026-02-01,485,train,normal,,1025,1281,1,43ef071020db75d55c50fae977560fad6819608a8e8ce6fd2f8dcb60413e15c9,,
1.0,G01-260201-152118-486,G01-260201-152118-486.bmp,G01,2026-02-01T15:21:18,2026-02-01,G01_2026-02-01,486,train,normal,,1025,1281,1,f46d1ecfb59b58f83749d08feac52a3d1e0846b65ab010d1bebb31947490a7d2,,
1.0,G01-260201-152124-487,G01-260201-152124-487.bmp,G01,2026-02-01T15:21:24,2026-02-01,G01_2026-02-01,487,train,normal,,1025,1281,1,58fd1ea2b763f55a1bc32290d73d8a6befb0abcf121ca9c0f5c7aea9ee590ef0,,
1.0,G01-260201-152149-488,G01-260201-152149-488.bmp,G01,2026-02-01T15:21:49,2026-02-01,G01_2026-02-01,488,train,normal,,1025,1281,1,bc1bbfe96a1818c4fd46cb1a4f2bfe024ce88a3bb679e09c1137e110289e4358,,
1.0,G01-260201-152155-489,G01-260201-152155-489.bmp,G01,2026-02-01T15:21:55,2026-02-01,G01_2026-02-01,489,train,normal,,1025,1281,1,ccb1f272c546b76a086635717e8e649431497d46496a2ebed43456c38eed3391,,
1.0,G01-260201-152221-490,G01-260201-152221-490.bmp,G01,2026-02-01T15:22:21,2026-02-01,G01_2026-02-01,490,train,normal,,1025,1281,1,aea713ea21a53bf044fbe3b9334d657995e56bd327c099762fc33d3d7cc682d4,,
1.0,G01-260201-152227-491,G01-260201-152227-491.bmp,G01,2026-02-01T15:22:27,2026-02-01,G01_2026-02-01,491,train,normal,,1025,1281,1,00a2a63afa43b80a0e58a52c3e43b3a246c0d5ced0ee57acd7ffcd2293353d72,,
1.0,G01-260201-152249-492,G01-260201-152249-492.bmp,G01,2026-02-01T15:22:49,2026-02-01,G01_2026-02-01,492,train,normal,,1025,1281,1,e078d7d3a1d0a3f3aac862df7660485e6dc51b4cbbf4e5320a430b6dd7d7ebac,,
1.0,G01-260201-152256-493,G01-260201-152256-493.bmp,G01,2026-02-01T15:22:56,2026-02-01,G01_2026-02-01,493,train,normal,,1025,1281,1,13fb3df7e1e9dec82e66704dd9a86b8737abe569de5a850ce885fcd3d83d59bd,,
1.0,G01-260201-152320-494,G01-260201-152320-494.bmp,G01,2026-02-01T15:23:20,2026-02-01,G01_2026-02-01,494,train,normal,,1025,1281,1,f19988cd6782ed9f9107edb1af8187612989521105cd895fb3d4658368c2bd46,,
1.0,G01-260201-152326-495,G01-260201-152326-495.bmp,G01,2026-02-01T15:23:26,2026-02-01,G01_2026-02-01,495,train,normal,,1025,1281,1,a839ebfc9d46dd1bded7d913a16a076ed1b844dfc56120652e6b5ba1b3438d7a,,
1.0,G01-260201-152350-496,G01-260201-152350-496.bmp,G01,2026-02-01T15:23:50,2026-02-01,G01_2026-02-01,496,train,normal,,1025,1281,1,bea96703849f9eb8db78842ad17ce3611a2aa64ee0a761b947fcd9be262756d4,,
1.0,G01-260201-152356-497,G01-260201-152356-497.bmp,G01,2026-02-01T15:23:56,2026-02-01,G01_2026-02-01,497,train,normal,,1025,1281,1,9ee8de2f2a6a8400d00d2e1cb9f2dfdbd63e7596c3c3776859b37102f20f44e0,,
1.0,G01-260201-152419-498,G01-260201-152419-498.bmp,G01,2026-02-01T15:24:19,2026-02-01,G01_2026-02-01,498,train,normal,,1025,1281,1,8f6d0618875e1e61a43b3229c56780fade84c1ae0228f3a3fc399318e684f0af,,
1.0,G01-260201-152425-499,G01-260201-152425-499.bmp,G01,2026-02-01T15:24:25,2026-02-01,G01_2026-02-01,499,train,normal,,1025,1281,1,d5a072ed50a84b28f325f5f5a9f1ed4bffa7a13d96725fa77aa8f37b2d6f6197,,
1.0,G01-260201-152450-500,G01-260201-152450-500.bmp,G01,2026-02-01T15:24:50,2026-02-01,G01_2026-02-01,500,train,normal,,1025,1281,1,466e660c18ee4b5ce9021bc1c034f16ce3dfd54300f32ac2e7271fe0126f41a9,,
1.0,G01-260201-152456-501,G01-260201-152456-501.bmp,G01,2026-02-01T15:24:56,2026-02-01,G01_2026-02-01,501,train,normal,,1025,1281,1,00dc79ad80bf2bf776045f22264565f05675c999a6ea620088374a1ba2334152,,
1.0,G01-260201-152520-502,G01-260201-152520-502.bmp,G01,2026-02-01T15:25:20,2026-02-01,G01_2026-02-01,502,train,normal,,1025,1281,1,71d33b4dcae2d40b1706ba533cea7320018022d23b4543a07d2c2b0755d012fe,,
1.0,G01-260201-152526-503,G01-260201-152526-503.bmp,G01,2026-02-01T15:25:26,2026-02-01,G01_2026-02-01,503,train,normal,,1025,1281,1,ecfc9009e63a75964d0754f01bb981f2f0ded97fce395cde5908e1d22a73e5d9,,
1.0,G01-260201-152546-504,G01-260201-152546-504.bmp,G01,2026-02-01T15:25:46,2026-02-01,G01_2026-02-01,504,train,normal,,1025,1281,1,6c79a0bfb66ba4772ef381e2c2df49dd6e4a033ca8f511be24393a0dfbd610cd,,
1.0,G01-260201-152606-505,G01-260201-152606-505.bmp,G01,2026-02-01T15:26:06,2026-02-01,G01_2026-02-01,505,train,normal,,1025,1281,1,3c3b70e7c980919546f8bf886842b57667f420b0a66d21c1737b912602c68553,,
1.0,G01-260201-152622-506,G01-260201-152622-506.bmp,G01,2026-02-01T15:26:22,2026-02-01,G01_2026-02-01,506,train,normal,,1025,1281,1,402918e24ca552a1b4f1d11021b57e32c9812d42f1271e173f6f4e7a48cd411f,,
1.0,G01-260201-152628-507,G01-260201-152628-507.bmp,G01,2026-02-01T15:26:28,2026-02-01,G01_2026-02-01,507,train,normal,,1025,1281,1,b84766970e3479d4ea998bef071970e0c9c900c545c7396749b175d201e86d88,,
1.0,G01-260201-152651-508,G01-260201-152651-508.bmp,G01,2026-02-01T15:26:51,2026-02-01,G01_2026-02-01,508,train,normal,,1025,1281,1,fd696dfe0550954369c217d10d29f6d0452a5fa4c7a1c407dbe53c655493fe9a,,
1.0,G01-260201-152657-509,G01-260201-152657-509.bmp,G01,2026-02-01T15:26:57,2026-02-01,G01_2026-02-01,509,train,normal,,1025,1281,1,15604500843e9f3ae47f3634bd6de8e96b626ce1b4b3a9d8522a1290476800ca,,
1.0,G01-260201-152718-510,G01-260201-152718-510.bmp,G01,2026-02-01T15:27:18,2026-02-01,G01_2026-02-01,510,train,normal,,1025,1281,1,e48329f3767e26a064f891d0ad8e40c6856a01d7376972c1bd2250c49675e538,,
1.0,G01-260201-152724-511,G01-260201-152724-511.bmp,G01,2026-02-01T15:27:24,2026-02-01,G01_2026-02-01,511,train,normal,,1025,1281,1,028b89990ba83d466178b976ffae8976c8ae07c48a41d1055969d4cd649c7760,,
1.0,G01-260201-152749-512,G01-260201-152749-512.bmp,G01,2026-02-01T15:27:49,2026-02-01,G01_2026-02-01,512,train,normal,,1025,1281,1,a83747a41bd0aa38a71af8c8c472212210e95b9463aebba9f16fb307dc1b12a5,,
1.0,G01-260201-152756-513,G01-260201-152756-513.bmp,G01,2026-02-01T15:27:56,2026-02-01,G01_2026-02-01,513,train,normal,,1025,1281,1,3443650b4d98495cd9ea34b6e791b9e657bb5d3afe1dda31b71a19ae3711194c,,
1.0,G01-260201-152821-514,G01-260201-152821-514.bmp,G01,2026-02-01T15:28:21,2026-02-01,G01_2026-02-01,514,train,normal,,1025,1281,1,1a7d1691a557ae17b167503ea144403fa5a3c03d35995c2e04f183b55e6d2c97,,
1.0,G01-260201-152828-515,G01-260201-152828-515.bmp,G01,2026-02-01T15:28:28,2026-02-01,G01_2026-02-01,515,train,normal,,1025,1281,1,b5533c5647e3b8b755df59de492ef85ad225a6f2642a024a5da7ed0cf924dc8c,,
1.0,G01-260201-152851-516,G01-260201-152851-516.bmp,G01,2026-02-01T15:28:51,2026-02-01,G01_2026-02-01,516,train,normal,,1025,1281,1,b2435927bf01d9740247ac09d3ff74b193c49aa5fa6d05b07af4a5994b0f137a,,
1.0,G01-260201-152858-517,G01-260201-152858-517.bmp,G01,2026-02-01T15:28:58,2026-02-01,G01_2026-02-01,517,train,normal,,1025,1281,1,04a64c10affa3a0a355535c49d7851eb895d643c77a2710b08701a7b5c786802,,
1.0,G01-260201-152921-518,G01-260201-152921-518.bmp,G01,2026-02-01T15:29:21,2026-02-01,G01_2026-02-01,518,train,normal,,1025,1281,1,1805e5376e642d7eaf4b6fae2b1fa938b6b9c14afda110221b9c17b0936a5f03,,
1.0,G01-260201-152927-519,G01-260201-152927-519.bmp,G01,2026-02-01T15:29:27,2026-02-01,G01_2026-02-01,519,train,normal,,1025,1281,1,001cdd8dae4989ef96be729e0796c2a2e7aa3aa1c08f66f216171b7ae8b4de7c,,
1.0,G01-260201-152952-520,G01-260201-152952-520.bmp,G01,2026-02-01T15:29:52,2026-02-01,G01_2026-02-01,520,train,normal,,1025,1281,1,16f1b8e4b481fd7196b2f168d0f422bb3744dd4b96afa680fd209529343cd780,,
1.0,G01-260201-152959-521,G01-260201-152959-521.bmp,G01,2026-02-01T15:29:59,2026-02-01,G01_2026-02-01,521,train,normal,,1025,1281,1,e4e14f93b0be44ea3214159ffeb1d8e6e97b0ab8fb38b0228fe7a8d23953172c,,
1.0,G01-260201-153020-522,G01-260201-153020-522.bmp,G01,2026-02-01T15:30:20,2026-02-01,G01_2026-02-01,522,train,normal,,1025,1281,1,85ca1552b1acd39e41dea5ee4f560e11349d63f793d01e3bfb19c4fdab2f225a,,
1.0,G01-260201-153026-523,G01-260201-153026-523.bmp,G01,2026-02-01T15:30:26,2026-02-01,G01_2026-02-01,523,train,normal,,1025,1281,1,8041395dcd906a3719b5615b012b8ca1fb2c371c873a6ba1704cc581d70c7b86,,
1.0,G01-260201-153051-524,G01-260201-153051-524.bmp,G01,2026-02-01T15:30:51,2026-02-01,G01_2026-02-01,524,train,normal,,1025,1281,1,8cc404872c26d15bf4f14fbdc33f94e2c1afc7a5a34a22a94ba7db8e5b10baed,,
1.0,G01-260201-153120-525,G01-260201-153120-525.bmp,G01,2026-02-01T15:31:20,2026-02-01,G01_2026-02-01,525,train,normal,,1025,1281,1,6dcbc7cf214743f122ae0366b7958ea92dbb8bc514340a36d14fdaa2f7bf0bb6,,
1.0,G01-260201-153126-526,G01-260201-153126-526.bmp,G01,2026-02-01T15:31:26,2026-02-01,G01_2026-02-01,526,train,normal,,1025,1281,1,8da9b2be7c0115a26bf4ac7edad47fe30645fea5a731de02ca794254ba091da0,,
1.0,G01-260201-153151-527,G01-260201-153151-527.bmp,G01,2026-02-01T15:31:51,2026-02-01,G01_2026-02-01,527,train,normal,,1025,1281,1,f84953b5660cbfb3b8efcb147619520407cb69cd68a040973e60fdfb151d4142,,
1.0,G01-260201-153157-528,G01-260201-153157-528.bmp,G01,2026-02-01T15:31:57,2026-02-01,G01_2026-02-01,528,train,normal,,1025,1281,1,8b6bc17791b7deb2c3ee718610435f40e663746d07295a22f3d075b737c48736,,
1.0,G01-260201-153223-529,G01-260201-153223-529.bmp,G01,2026-02-01T15:32:23,2026-02-01,G01_2026-02-01,529,train,normal,,1025,1281,1,5968fb89a8195cabd60a64fbb38110fb548deb1ed97f02def52bdeb7af0ba6d3,,
1.0,G01-260201-153229-530,G01-260201-153229-530.bmp,G01,2026-02-01T15:32:29,2026-02-01,G01_2026-02-01,530,train,normal,,1025,1281,1,897e755e1de87ae8f83eda961c94b5ecd71e2392ba3d957e474cd55593320664,,
1.0,G01-260201-153251-531,G01-260201-153251-531.bmp,G01,2026-02-01T15:32:51,2026-02-01,G01_2026-02-01,531,train,normal,,1025,1281,1,abe22a22ea242abedff0993ad57f4b7a460b3f4816267707d6b760457bc9de1f,,
1.0,G01-260201-153258-532,G01-260201-153258-532.bmp,G01,2026-02-01T15:32:58,2026-02-01,G01_2026-02-01,532,train,normal,,1025,1281,1,ebf7b2bdd3f9b963b44b8a648ffad1960189939de2d523304493f3f7c65ec701,,
1.0,G01-260201-153323-533,G01-260201-153323-533.bmp,G01,2026-02-01T15:33:23,2026-02-01,G01_2026-02-01,533,train,normal,,1025,1281,1,e78cce72b6afc031dabec2d563e1d6e86254479d1c3f410a6a28bbf862031044,,
1.0,G01-260201-153330-534,G01-260201-153330-534.bmp,G01,2026-02-01T15:33:30,2026-02-01,G01_2026-02-01,534,train,normal,,1025,1281,1,fd39404b985619887796fbf9163c37d50dee373d10dfd444fe36a6cc8f48e91a,,
1.0,G01-260201-153353-535,G01-260201-153353-535.bmp,G01,2026-02-01T15:33:53,2026-02-01,G01_2026-02-01,535,train,normal,,1025,1281,1,f07e8d09d1a81766b9dcf6972d3da4283d53ea43d43350ce07648470551eda5b,,
1.0,G01-260201-153359-536,G01-260201-153359-536.bmp,G01,2026-02-01T15:33:59,2026-02-01,G01_2026-02-01,536,train,normal,,1025,1281,1,56c9a0b5298be96944be8b386d5e8fbc1de6652e6987199623cca1fdacfef21c,,
1.0,G01-260201-153422-537,G01-260201-153422-537.bmp,G01,2026-02-01T15:34:22,2026-02-01,G01_2026-02-01,537,train,normal,,1025,1281,1,5a4c40fbabb4aedf0320614cd1c10b9c69da94560acaee142cfb90a288bce725,,
1.0,G01-260201-153428-538,G01-260201-153428-538.bmp,G01,2026-02-01T15:34:28,2026-02-01,G01_2026-02-01,538,train,normal,,1025,1281,1,8de30ffffee706ab8bf99728eb43b1177f9f3c0996dc5e82d3bf6b5d3c4266ac,,
1.0,G01-260201-153451-539,G01-260201-153451-539.bmp,G01,2026-02-01T15:34:51,2026-02-01,G01_2026-02-01,539,train,normal,,1025,1281,1,ffee93a4a17d8c8d53595ea679203068551e781277619e49fea27b0621866282,,
1.0,G01-260201-153458-540,G01-260201-153458-540.bmp,G01,2026-02-01T15:34:58,2026-02-01,G01_2026-02-01,540,train,normal,,1025,1281,1,6911220f663c8180498cea20641673c2cb9707b4139b8d5b514029430e4838cc,,
1.0,G01-260201-153522-541,G01-260201-153522-541.bmp,G01,2026-02-01T15:35:22,2026-02-01,G01_2026-02-01,541,train,normal,,1025,1281,1,b055da31664c3709962eb6fc9cb89383a654e23faceba31b39a462d79fc912d4,,
1.0,G01-260201-153529-542,G01-260201-153529-542.bmp,G01,2026-02-01T15:35:29,2026-02-01,G01_2026-02-01,542,train,normal,,1025,1281,1,5831c19fedea85e4528e9b1237bfb976d8d1d774ac67148e6ff1dbead3a5b2d2,,
1.0,G01-260201-153552-543,G01-260201-153552-543.bmp,G01,2026-02-01T15:35:52,2026-02-01,G01_2026-02-01,543,train,normal,,1025,1281,1,82e1e5d738850ec9efc9d84db1315ea9392f48edf8d9b07419c09f2b342fff24,,
1.0,G01-260201-153558-544,G01-260201-153558-544.bmp,G01,2026-02-01T15:35:58,2026-02-01,G01_2026-02-01,544,train,normal,,1025,1281,1,23c0189c389c8310c3b6ba60045b1643b65c076ba4614a3926aceb84dad84fcf,,
1.0,G01-260201-153622-545,G01-260201-153622-545.bmp,G01,2026-02-01T15:36:22,2026-02-01,G01_2026-02-01,545,train,normal,,1025,1281,1,87c186fcccc95a7bf6b0f068dc306f32c1efb8f30f519e1277e77bc2dda59213,,
1.0,G01-260201-153629-546,G01-260201-153629-546.bmp,G01,2026-02-01T15:36:29,2026-02-01,G01_2026-02-01,546,train,normal,,1025,1281,1,e3a10de8baab63e610b119fadaf1fcde1424f8f08d809d32b4cbcac0b2271e6a,,
1.0,G01-260201-153654-547,G01-260201-153654-547.bmp,G01,2026-02-01T15:36:54,2026-02-01,G01_2026-02-01,547,train,normal,,1025,1281,1,65461d22277069510f0a7390a61b9f336b703fe6b5332bdad85a5e28b1d4ffff,,
1.0,G01-260201-153701-548,G01-260201-153701-548.bmp,G01,2026-02-01T15:37:01,2026-02-01,G01_2026-02-01,548,train,normal,,1025,1281,1,fc7060ad1890ee5c0e8799d8244f37c56869ebc5465a0fdb9b32f1cc479bd570,,
1.0,G01-260201-153723-549,G01-260201-153723-549.bmp,G01,2026-02-01T15:37:23,2026-02-01,G01_2026-02-01,549,train,normal,,1025,1281,1,414976937eb13f14b709ebaa55b9db3dc77f7dfb56cd9dc7f46a66a9f9f57556,,
1.0,G01-260201-153730-550,G01-260201-153730-550.bmp,G01,2026-02-01T15:37:30,2026-02-01,G01_2026-02-01,550,train,normal,,1025,1281,1,2453e6c826b5b24e8a0797e2e224190b64deacc60b3da24b4292ac4fd08c4142,,
1.0,G01-260201-153754-551,G01-260201-153754-551.bmp,G01,2026-02-01T15:37:54,2026-02-01,G01_2026-02-01,551,train,normal,,1025,1281,1,1088808f42634cda6746c3933c03e25f1ced82d2bde18dbc84f7c1cf9602f10a,,
1.0,G01-260201-153800-552,G01-260201-153800-552.bmp,G01,2026-02-01T15:38:00,2026-02-01,G01_2026-02-01,552,train,normal,,1025,1281,1,4f9372453c77e087f5c7b2b9e62c623655bb395e01f260c2d8816ae7acf243fc,,
1.0,G01-260201-153824-553,G01-260201-153824-553.bmp,G01,2026-02-01T15:38:24,2026-02-01,G01_2026-02-01,553,train,normal,,1025,1281,1,fbbeb5a7ffc747f5dbdfd6432214e69c68ba9747add701a874620d3fd9714d4a,,
1.0,G01-260201-153830-554,G01-260201-153830-554.bmp,G01,2026-02-01T15:38:30,2026-02-01,G01_2026-02-01,554,train,normal,,1025,1281,1,879982fa9b21917ee070435b34c5d5dbfda523fb38d847aba3fea53ca50cdb0d,,
1.0,G01-260201-153855-555,G01-260201-153855-555.bmp,G01,2026-02-01T15:38:55,2026-02-01,G01_2026-02-01,555,train,normal,,1025,1281,1,abe613975c8096cbaaaa28e457285b1ee7f64db9409a926fec2ffbd0199e3928,,
1.0,G01-260201-153901-556,G01-260201-153901-556.bmp,G01,2026-02-01T15:39:01,2026-02-01,G01_2026-02-01,556,train,normal,,1025,1281,1,f11978bbf4b830b8978c0fb63a02642e6ea27835133954cd3bb3e034a1c52185,,
1.0,G01-260201-153924-557,G01-260201-153924-557.bmp,G01,2026-02-01T15:39:24,2026-02-01,G01_2026-02-01,557,train,normal,,1025,1281,1,dd7af6b97d886bff330278bd6010887ff2390577dc3a7da0226b825f8a2f4a6b,,
1.0,G01-260201-153930-558,G01-260201-153930-558.bmp,G01,2026-02-01T15:39:30,2026-02-01,G01_2026-02-01,558,train,normal,,1025,1281,1,ebbeece925b0b71f3b476614071d79817ab8e70446f3b43dac8faa0b2ee64d2f,,
1.0,G01-260201-153954-559,G01-260201-153954-559.bmp,G01,2026-02-01T15:39:54,2026-02-01,G01_2026-02-01,559,train,normal,,1025,1281,1,2f0e8e5f321faad4a35e1c4383a67c74cc2fddfd480570e5c1366751dc755f93,,
1.0,G01-260201-154000-560,G01-260201-154000-560.bmp,G01,2026-02-01T15:40:00,2026-02-01,G01_2026-02-01,560,train,normal,,1025,1281,1,c411e4bba683d75f9ef118dc4814735ad00ed14a968b1b638c0c5b6561701504,,
1.0,G01-260201-154024-561,G01-260201-154024-561.bmp,G01,2026-02-01T15:40:24,2026-02-01,G01_2026-02-01,561,train,normal,,1025,1281,1,4473953c7198c043a80f90d9fc587872b09441df8dd42ca10a2102d6147ee2aa,,
1.0,G01-260201-154030-562,G01-260201-154030-562.bmp,G01,2026-02-01T15:40:30,2026-02-01,G01_2026-02-01,562,train,normal,,1025,1281,1,d2a1bfcea0a9ecc3feb125acccfa74f00f671cc9a159dfaa3c17e2eb6e77700f,,
1.0,G01-260201-154053-563,G01-260201-154053-563.bmp,G01,2026-02-01T15:40:53,2026-02-01,G01_2026-02-01,563,train,normal,,1025,1281,1,3952cba7424d9e3bf412a5c08e319634775241e817ebe5d26e402cd5b3f49f9e,,
1.0,G01-260201-154100-564,G01-260201-154100-564.bmp,G01,2026-02-01T15:41:00,2026-02-01,G01_2026-02-01,564,train,normal,,1025,1281,1,b25c6285c5c3b9ac4fa1859dc2c568a564230b4c730b7336e175f530ba459341,,
1.0,G01-260201-154125-565,G01-260201-154125-565.bmp,G01,2026-02-01T15:41:25,2026-02-01,G01_2026-02-01,565,train,normal,,1025,1281,1,bf7e3410c95324b102596143032400bfca1eb7ca9d28e3a3e14744207fc4c11c,,
1.0,G01-260201-154131-566,G01-260201-154131-566.bmp,G01,2026-02-01T15:41:31,2026-02-01,G01_2026-02-01,566,train,normal,,1025,1281,1,901e6add62793a4c6cbca7ca51d832ed6cbe4f4024e201b974db9518f5dbdc5f,,
1.0,G01-260201-154154-567,G01-260201-154154-567.bmp,G01,2026-02-01T15:41:54,2026-02-01,G01_2026-02-01,567,train,normal,,1025,1281,1,dccb65440d5ec6e4b025538f1cde330033e8b1d29aae439183dc6ac983a5e416,,
1.0,G01-260201-154201-568,G01-260201-154201-568.bmp,G01,2026-02-01T15:42:01,2026-02-01,G01_2026-02-01,568,train,normal,,1025,1281,1,ac32da7e112e67cdfc9bb30e2b4d717de5da8a3cc82503832387027961811f24,,
1.0,G01-260201-154223-569,G01-260201-154223-569.bmp,G01,2026-02-01T15:42:23,2026-02-01,G01_2026-02-01,569,train,normal,,1025,1281,1,d3d94dac5e1463bc9d7fcbc43cf8644f90dd82fc9a7366fb948541b3e77bd787,,
1.0,G01-260201-154229-570,G01-260201-154229-570.bmp,G01,2026-02-01T15:42:29,2026-02-01,G01_2026-02-01,570,train,normal,,1025,1281,1,e252572a9055f6dfbd276ae4bc6abaa81aae1715bfe466d4d58cd594b7fe5851,,
1.0,G01-260201-154254-571,G01-260201-154254-571.bmp,G01,2026-02-01T15:42:54,2026-02-01,G01_2026-02-01,571,train,normal,,1025,1281,1,40c72fc1f6508d0552231d3eab6dc9373d38a3547e7874141cb347bc780e6004,,
1.0,G01-260201-154300-572,G01-260201-154300-572.bmp,G01,2026-02-01T15:43:00,2026-02-01,G01_2026-02-01,572,train,normal,,1025,1281,1,6d191c30936e2642611ea71d40467e7aaa475f8168137eca789f1bf6a106a50d,,
1.0,G01-260201-154326-573,G01-260201-154326-573.bmp,G01,2026-02-01T15:43:26,2026-02-01,G01_2026-02-01,573,train,normal,,1025,1281,1,b029203bf3c0de3429af1d87db7a95fbc6f142a6b9fd6f4a856e2fa9c985f31d,,
1.0,G01-260201-154333-574,G01-260201-154333-574.bmp,G01,2026-02-01T15:43:33,2026-02-01,G01_2026-02-01,574,train,normal,,1025,1281,1,b574d321d257efe05c385272222a0b4cfabea89d22117511601cedeb5bf89552,,
1.0,G01-260201-154355-575,G01-260201-154355-575.bmp,G01,2026-02-01T15:43:55,2026-02-01,G01_2026-02-01,575,train,normal,,1025,1281,1,5e5958aaf37334b448317e93019646c0f69444259b2d9c15eecbc1b03456f5cd,,
1.0,G01-260201-154401-576,G01-260201-154401-576.bmp,G01,2026-02-01T15:44:01,2026-02-01,G01_2026-02-01,576,train,normal,,1025,1281,1,1f0608aca6222e1f91dffc76ecd107f3462d3ceb32e86d718ee5e6c0867f2d53,,
1.0,G01-260201-154428-577,G01-260201-154428-577.bmp,G01,2026-02-01T15:44:28,2026-02-01,G01_2026-02-01,577,train,normal,,1025,1281,1,421daea79b5e2966bd41e850a0699f98366d92264831f0cc635cb89af5f30d45,,
1.0,G01-260201-154434-578,G01-260201-154434-578.bmp,G01,2026-02-01T15:44:34,2026-02-01,G01_2026-02-01,578,train,normal,,1025,1281,1,0f92eb4be054f9b2999f50e9ec7a2d22f5cc408b2d591c72fabc6b98fdd6ed4d,,
1.0,G01-260201-154455-579,G01-260201-154455-579.bmp,G01,2026-02-01T15:44:55,2026-02-01,G01_2026-02-01,579,train,normal,,1025,1281,1,dfc856734898a950d5e96fe2a7605f18ccb124995f4c0ad1e46a1f2c4b509bd0,,
1.0,G01-260201-154502-580,G01-260201-154502-580.bmp,G01,2026-02-01T15:45:02,2026-02-01,G01_2026-02-01,580,train,normal,,1025,1281,1,f88ebbb9b517978068ba4907490a0d0e43c53530daef221da0091b5423a95387,,
1.0,G01-260201-154526-581,G01-260201-154526-581.bmp,G01,2026-02-01T15:45:26,2026-02-01,G01_2026-02-01,581,train,normal,,1025,1281,1,67ef4a7d7988e57f7147cc28c524330fd2599cfb0a4867b32435833621dbe84b,,
1.0,G01-260201-154533-582,G01-260201-154533-582.bmp,G01,2026-02-01T15:45:33,2026-02-01,G01_2026-02-01,582,train,normal,,1025,1281,1,88af670634c490786c59b0ff3ad4ed3acf7dca72efc0e1c39a3ac01f6b317627,,
1.0,G01-260201-154555-583,G01-260201-154555-583.bmp,G01,2026-02-01T15:45:55,2026-02-01,G01_2026-02-01,583,train,normal,,1025,1281,1,14420122de4445a33339174b4e0d5d37684cce15d48c586edd4db655689a3abf,,
1.0,G01-260201-154602-584,G01-260201-154602-584.bmp,G01,2026-02-01T15:46:02,2026-02-01,G01_2026-02-01,584,train,normal,,1025,1281,1,e44aa088aeef2f1a40dc2003c5b7db02c2a3de725dc304b02f1a9adb9371170c,,
1.0,G01-260201-154625-585,G01-260201-154625-585.bmp,G01,2026-02-01T15:46:25,2026-02-01,G01_2026-02-01,585,train,normal,,1025,1281,1,f55ed3a30e9a72ba1689769527964a1b42d42b5cd8acec5289fc206da81a482f,,
1.0,G01-260201-154631-586,G01-260201-154631-586.bmp,G01,2026-02-01T15:46:31,2026-02-01,G01_2026-02-01,586,train,normal,,1025,1281,1,46e1bfd090eb7fef502ed5e3304eb7381d125cb6ac22dfdb7f8b0816db4eeecf,,
1.0,G01-260201-154656-587,G01-260201-154656-587.bmp,G01,2026-02-01T15:46:56,2026-02-01,G01_2026-02-01,587,train,normal,,1025,1281,1,5db64f95f1636b3c3dc8081e292a5f06c0954e91ad46d3d2817677c598906cad,,
1.0,G01-260201-154702-588,G01-260201-154702-588.bmp,G01,2026-02-01T15:47:02,2026-02-01,G01_2026-02-01,588,train,normal,,1025,1281,1,5882fea69538bf94652769e2320beff32ef944da0d08fb25ed0d42e1232e9a00,,
1.0,G01-260201-154724-589,G01-260201-154724-589.bmp,G01,2026-02-01T15:47:24,2026-02-01,G01_2026-02-01,589,train,normal,,1025,1281,1,e834d9757cf1253e47e67593683a826f9508eb3068ec829da5a47edf170e5d3e,,
1.0,G01-260201-154731-590,G01-260201-154731-590.bmp,G01,2026-02-01T15:47:31,2026-02-01,G01_2026-02-01,590,train,normal,,1025,1281,1,77a1416c4b64eeefd547fae7b329d3e9754a9fa554f75d4a4542645fbc690f2a,,
1.0,G01-260201-154756-591,G01-260201-154756-591.bmp,G01,2026-02-01T15:47:56,2026-02-01,G01_2026-02-01,591,train,normal,,1025,1281,1,0d56933e206cc861aeaab88002a1ea18446923a47e5d7a0f4065a664e320049c,,
1.0,G01-260201-154803-592,G01-260201-154803-592.bmp,G01,2026-02-01T15:48:03,2026-02-01,G01_2026-02-01,592,train,normal,,1025,1281,1,8593615c84546e79ffb32f346b7fc07decd8b9b51dc0ed5f00e82483f1448cc4,,
1.0,G01-260201-154823-593,G01-260201-154823-593.bmp,G01,2026-02-01T15:48:23,2026-02-01,G01_2026-02-01,593,train,normal,,1025,1281,1,f9bac51196af86d01ec331597c7e60ea1f9a9fc3a472b88eec72ad1584d44b9a,,
1.0,G01-260201-154829-594,G01-260201-154829-594.bmp,G01,2026-02-01T15:48:29,2026-02-01,G01_2026-02-01,594,train,normal,,1025,1281,1,6bf98fabb9236ec7862e11229d35419d99719c78f94e8d362400407dc7b3eca3,,
1.0,G01-260201-154856-595,G01-260201-154856-595.bmp,G01,2026-02-01T15:48:56,2026-02-01,G01_2026-02-01,595,train,normal,,1025,1281,1,3dffd970619507971f609d3691c1fdfb307e3a4d884ed3647fe12dbe17285c4d,,
1.0,G01-260201-154903-596,G01-260201-154903-596.bmp,G01,2026-02-01T15:49:03,2026-02-01,G01_2026-02-01,596,train,normal,,1025,1281,1,cfee8a5c0a67b162715c33486ccf68e04ffbc7d9c8bd71992c361b52395c6550,,
1.0,G01-260201-154956-597,G01-260201-154956-597.bmp,G01,2026-02-01T15:49:56,2026-02-01,G01_2026-02-01,597,train,normal,,1025,1281,1,5667ebb1bf2c6f724c43cbca8968d4b567ba969909db06dd660466627fc9931a,,
1.0,G01-260201-155002-598,G01-260201-155002-598.bmp,G01,2026-02-01T15:50:02,2026-02-01,G01_2026-02-01,598,train,normal,,1025,1281,1,384eca9a12bf7aed0316f948dfcb7056178868013fbeab4797424942dab8247e,,
1.0,G01-260201-155027-599,G01-260201-155027-599.bmp,G01,2026-02-01T15:50:27,2026-02-01,G01_2026-02-01,599,train,normal,,1025,1281,1,c00f42957e0e966d99b4e76b39a510a10eba9661eb31345be5ccd27f26337904,,
1.0,G01-260201-155033-600,G01-260201-155033-600.bmp,G01,2026-02-01T15:50:33,2026-02-01,G01_2026-02-01,600,train,normal,,1025,1281,1,a46cf879187ab5113bb123666a7d8240dc62de411fb9c9a16bf48940f3499d22,,
1.0,G01-260201-155055-601,G01-260201-155055-601.bmp,G01,2026-02-01T15:50:55,2026-02-01,G01_2026-02-01,601,train,normal,,1025,1281,1,4edd0c80c23018c030c033201729ccdedaff705560cfb9dd07769769de930cb3,,
1.0,G01-260201-155101-602,G01-260201-155101-602.bmp,G01,2026-02-01T15:51:01,2026-02-01,G01_2026-02-01,602,train,normal,,1025,1281,1,611aab9aea5a68475c9801d35d6ba2a60a74a2df823651fa76947d6c6dbc8161,,
1.0,G01-260201-155128-603,G01-260201-155128-603.bmp,G01,2026-02-01T15:51:28,2026-02-01,G01_2026-02-01,603,train,normal,,1025,1281,1,077f91b7c0a1a0b1c031c90c2c47724b2d375d50b46e5b60abbf025dada7b3d6,,
1.0,G01-260201-155134-604,G01-260201-155134-604.bmp,G01,2026-02-01T15:51:34,2026-02-01,G01_2026-02-01,604,train,normal,,1025,1281,1,8bee0dc4e42bf16bb68764c312814bcc63ea12fbc6a731b29a9d175741bf3b0b,,
1.0,G01-260201-155157-605,G01-260201-155157-605.bmp,G01,2026-02-01T15:51:57,2026-02-01,G01_2026-02-01,605,train,normal,,1025,1281,1,ca97ef91caff557c3465a8bab566bc891a6d20f2fa512d0042644df3afc2dc84,,
1.0,G01-260201-155203-606,G01-260201-155203-606.bmp,G01,2026-02-01T15:52:03,2026-02-01,G01_2026-02-01,606,train,normal,,1025,1281,1,704c43bf4db49e813b567f1eb26b605ca779d408e611de7b623d6b04a50eddb3,,
1.0,G01-260201-155227-607,G01-260201-155227-607.bmp,G01,2026-02-01T15:52:27,2026-02-01,G01_2026-02-01,607,train,normal,,1025,1281,1,c44267648363533894a335499e699c4a0ac55b3a109fbe0d19afc3c6b538ef6e,,
1.0,G01-260201-155233-608,G01-260201-155233-608.bmp,G01,2026-02-01T15:52:33,2026-02-01,G01_2026-02-01,608,train,normal,,1025,1281,1,8b21a1e590d814ad6c1e42bf5fe6d7bfa74d5dfe6403d61c8136d89f8e9c7edd,,
1.0,G01-260201-155255-609,G01-260201-155255-609.bmp,G01,2026-02-01T15:52:55,2026-02-01,G01_2026-02-01,609,train,normal,,1025,1281,1,51450a55362e5c03c62e9d076526d6a5978c6a01804cf0106c69b028c1f2b7e5,,
1.0,G01-260201-155301-610,G01-260201-155301-610.bmp,G01,2026-02-01T15:53:01,2026-02-01,G01_2026-02-01,610,train,normal,,1025,1281,1,8d0895c327285be9a743749fd43429ff879b2e800fad90a7ef45b226f56f8758,,
1.0,G01-260201-155327-611,G01-260201-155327-611.bmp,G01,2026-02-01T15:53:27,2026-02-01,G01_2026-02-01,611,train,normal,,1025,1281,1,111162a67c627d1255fa8a4eae359de2ae6c04a9d7483f90958ae0117b6bcfa0,,
1.0,G01-260201-155333-612,G01-260201-155333-612.bmp,G01,2026-02-01T15:53:33,2026-02-01,G01_2026-02-01,612,train,normal,,1025,1281,1,3c6734215e35226999b296436726d2d8cfdd562bb43fc3c050d541b97afba72f,,
1.0,G01-260201-155356-613,G01-260201-155356-613.bmp,G01,2026-02-01T15:53:56,2026-02-01,G01_2026-02-01,613,train,normal,,1025,1281,1,352560b762ac0e0bf20a0bf289181bd24d9c51b1cae03130941f098f9a82794a,,
1.0,G01-260201-155403-614,G01-260201-155403-614.bmp,G01,2026-02-01T15:54:03,2026-02-01,G01_2026-02-01,614,train,normal,,1025,1281,1,773718673eba746ce6b3431a5b1b62702d416b83879aed8fc6008cabea2f7566,,
1.0,G01-260201-155428-615,G01-260201-155428-615.bmp,G01,2026-02-01T15:54:28,2026-02-01,G01_2026-02-01,615,train,normal,,1025,1281,1,a9e766ef18de148537f05fd1c42107430994f6079843b5aed34d9625569a40ec,,
1.0,G01-260201-155434-616,G01-260201-155434-616.bmp,G01,2026-02-01T15:54:34,2026-02-01,G01_2026-02-01,616,train,normal,,1025,1281,1,4e8a7fc71962c0e52bab694fb4a432892803e25c5ee2cb1b76a099df31a2224a,,
1.0,G01-260201-155459-617,G01-260201-155459-617.bmp,G01,2026-02-01T15:54:59,2026-02-01,G01_2026-02-01,617,train,normal,,1025,1281,1,c455b37c041b2d12e2d4cca8243fc9225b08393c44328c243e5aad85c6c5c0da,,
1.0,G01-260201-155505-618,G01-260201-155505-618.bmp,G01,2026-02-01T15:55:05,2026-02-01,G01_2026-02-01,618,train,normal,,1025,1281,1,948173f0804e2672a15a6a2088e70d75cc2a2dcd04660e54d84b0552b0118754,,
1.0,G01-260201-155527-619,G01-260201-155527-619.bmp,G01,2026-02-01T15:55:27,2026-02-01,G01_2026-02-01,619,train,normal,,1025,1281,1,d9ca44cc114e8969a92c824a766a129e6d776082be3d41466390ae19f45da4fb,,
1.0,G01-260201-155533-620,G01-260201-155533-620.bmp,G01,2026-02-01T15:55:33,2026-02-01,G01_2026-02-01,620,train,normal,,1025,1281,1,9dcbc61e0ae2d93f9d6a414c8e079a1cffc54436b16609cf7ce255c827e27917,,
1.0,G01-260201-155557-621,G01-260201-155557-621.bmp,G01,2026-02-01T15:55:57,2026-02-01,G01_2026-02-01,621,train,normal,,1025,1281,1,bf3cc65a116297bc73676f29c3e5a2533dc0ad82e753ab02c8269323b6759b84,,
1.0,G01-260201-155603-622,G01-260201-155603-622.bmp,G01,2026-02-01T15:56:03,2026-02-01,G01_2026-02-01,622,train,normal,,1025,1281,1,e3f5deab27f57004b1b7f016b4c0f64476c93710ecf70bf159606bda47eda574,,
1.0,G01-260201-155627-623,G01-260201-155627-623.bmp,G01,2026-02-01T15:56:27,2026-02-01,G01_2026-02-01,623,train,normal,,1025,1281,1,7b04041c561b9e4f21091bd9f3399f4011513a65b63ebb9f861d26a38f801e48,,
1.0,G01-260201-155634-624,G01-260201-155634-624.bmp,G01,2026-02-01T15:56:34,2026-02-01,G01_2026-02-01,624,train,normal,,1025,1281,1,ae12c5339bd775bc60454f3829d95be4a0dcd4a5923ae66fd211e2466b6b2b9e,,
1.0,G01-260201-155658-625,G01-260201-155658-625.bmp,G01,2026-02-01T15:56:58,2026-02-01,G01_2026-02-01,625,train,normal,,1025,1281,1,3bbde880dd84fdeedad9ac00617a40629e69a77a913a979a912c6e25af93e086,,
1.0,G01-260201-155704-626,G01-260201-155704-626.bmp,G01,2026-02-01T15:57:04,2026-02-01,G01_2026-02-01,626,train,normal,,1025,1281,1,7935442628ebf73a31bd93482bcdacac22e0ca147f79353889979f0df79c6653,,
1.0,G01-260201-155730-627,G01-260201-155730-627.bmp,G01,2026-02-01T15:57:30,2026-02-01,G01_2026-02-01,627,train,normal,,1025,1281,1,577d0f64d395c133614c91e543178e256f0d9a41cbbbbb072c45f8902f4c9df2,,
1.0,G01-260201-155737-628,G01-260201-155737-628.bmp,G01,2026-02-01T15:57:37,2026-02-01,G01_2026-02-01,628,train,normal,,1025,1281,1,8825511cef6fffdbc5be1391205cc2a00e73f1f2c40c3274025a39a2b8018b6e,,
1.0,G01-260201-155759-629,G01-260201-155759-629.bmp,G01,2026-02-01T15:57:59,2026-02-01,G01_2026-02-01,629,train,normal,,1025,1281,1,ce1affa3374dd17fb4f2cd29ffc91793ecf3959852d2b5e5e066d859477607d5,,
1.0,G01-260201-155806-630,G01-260201-155806-630.bmp,G01,2026-02-01T15:58:06,2026-02-01,G01_2026-02-01,630,train,normal,,1025,1281,1,6c0a1c4a533e0e164cd6465e3210faa37244ed8c2e569049f084cbc2fdd3106c,,
1.0,G01-260201-155830-631,G01-260201-155830-631.bmp,G01,2026-02-01T15:58:30,2026-02-01,G01_2026-02-01,631,train,normal,,1025,1281,1,743a0d175c9f62028a0595c20005d9225b59fe626d92f935f9936255fa10db9f,,
1.0,G01-260201-155836-632,G01-260201-155836-632.bmp,G01,2026-02-01T15:58:36,2026-02-01,G01_2026-02-01,632,train,normal,,1025,1281,1,064a3ffdcf0a55d09c1f9d509a31e546f142bf82cae03e07f671e64d65f95511,,
1.0,G01-260201-155859-633,G01-260201-155859-633.bmp,G01,2026-02-01T15:58:59,2026-02-01,G01_2026-02-01,633,train,normal,,1025,1281,1,514de08fd882eafe34a03021fd8481850b27d312e24370474cb3879d1e0b553c,,
1.0,G01-260201-155905-634,G01-260201-155905-634.bmp,G01,2026-02-01T15:59:05,2026-02-01,G01_2026-02-01,634,train,normal,,1025,1281,1,fd01d67bbe7d252bcb8e94b671a227e3c72ac8d3b0eb52551a9de2b42f3f93e5,,
1.0,G01-260201-155927-635,G01-260201-155927-635.bmp,G01,2026-02-01T15:59:27,2026-02-01,G01_2026-02-01,635,train,normal,,1025,1281,1,84ba7b1eae032a047f7348e0bf78bd1d2d55b5299d90d678d8062970ac6aca34,,
1.0,G01-260201-155934-636,G01-260201-155934-636.bmp,G01,2026-02-01T15:59:34,2026-02-01,G01_2026-02-01,636,train,normal,,1025,1281,1,cb0fb9cbd83548bd6c488119aedaa94c99efb7d0d6e7bff89f2e14092fcfe463,,
1.0,G01-260201-155959-637,G01-260201-155959-637.bmp,G01,2026-02-01T15:59:59,2026-02-01,G01_2026-02-01,637,train,normal,,1025,1281,1,c025fc9d499ab10819e8086297185988470b6362386540ac129400f55e8a13fe,,
1.0,G01-260201-160005-638,G01-260201-160005-638.bmp,G01,2026-02-01T16:00:05,2026-02-01,G01_2026-02-01,638,train,normal,,1025,1281,1,06ab289e1bf0243592e3c400fbd33b111ba81c93fa075a8882e3d68370815bca,,
1.0,G01-260201-160031-639,G01-260201-160031-639.bmp,G01,2026-02-01T16:00:31,2026-02-01,G01_2026-02-01,639,train,normal,,1025,1281,1,4e92cdd8508c0acf12c807a8b68e49afd86d32eae21f3d607c2d885da8f72f26,,
1.0,G01-260201-160037-640,G01-260201-160037-640.bmp,G01,2026-02-01T16:00:37,2026-02-01,G01_2026-02-01,640,train,normal,,1025,1281,1,7bb4849dd2993611e886a2b5f33630e8a8aaaa26d58fb930a18ab009a9c98a8a,,
1.0,G01-260201-160100-641,G01-260201-160100-641.bmp,G01,2026-02-01T16:01:00,2026-02-01,G01_2026-02-01,641,train,normal,,1025,1281,1,5f6547ac82db425648a47524a72896ceb3484cc7ce1d9386ae3002755d24dfcf,,
1.0,G01-260201-160106-642,G01-260201-160106-642.bmp,G01,2026-02-01T16:01:06,2026-02-01,G01_2026-02-01,642,train,normal,,1025,1281,1,f020645210a82015f85984472d41ec3c06d9b042d2b3eea5c0e9c475f9a37870,,
1.0,G01-260201-160136-643,G01-260201-160136-643.bmp,G01,2026-02-01T16:01:36,2026-02-01,G01_2026-02-01,643,train,normal,,1025,1281,1,bbcea81e91ab3f6194fbd35c63aee6f337655b4d26e7a5b8009e0226f91e7bd1,,
1.0,G01-260201-160142-644,G01-260201-160142-644.bmp,G01,2026-02-01T16:01:42,2026-02-01,G01_2026-02-01,644,train,normal,,1025,1281,1,5c21b3f94325cdfaf54905ead9c852f21d590296d89f0a86828377acb6f09e08,,
1.0,G01-260201-160200-645,G01-260201-160200-645.bmp,G01,2026-02-01T16:02:00,2026-02-01,G01_2026-02-01,645,train,normal,,1025,1281,1,ba62768773c7412d73cc6f0287122dfafcb2cbe9677f9883f78875d4aabbe370,,
1.0,G01-260201-160207-646,G01-260201-160207-646.bmp,G01,2026-02-01T16:02:07,2026-02-01,G01_2026-02-01,646,train,normal,,1025,1281,1,8c74239d2a7fc3a500685c97834214e9201adb8ca95a56110b9c869c3be60ab7,,
1.0,G01-260201-160231-647,G01-260201-160231-647.bmp,G01,2026-02-01T16:02:31,2026-02-01,G01_2026-02-01,647,train,normal,,1025,1281,1,7118e8dd685bf4830f2a838b037b0a01f6054a41434a5a9b9c70488d19f1e2bc,,
1.0,G01-260201-160238-648,G01-260201-160238-648.bmp,G01,2026-02-01T16:02:38,2026-02-01,G01_2026-02-01,648,train,normal,,1025,1281,1,4d8e2e453d26bf72ce73d1124239f32be3778f38da519f480f91a6e5fe8c7d6a,,
1.0,G01-260201-160300-649,G01-260201-160300-649.bmp,G01,2026-02-01T16:03:00,2026-02-01,G01_2026-02-01,649,train,normal,,1025,1281,1,dcf17096f00ba94fc0d43c0f5401bdcb8cab500399df729b4f2e15500aa95efa,,
1.0,G01-260201-160306-650,G01-260201-160306-650.bmp,G01,2026-02-01T16:03:06,2026-02-01,G01_2026-02-01,650,train,normal,,1025,1281,1,b6aba4919b8e646437d234108f5fd7a36926cd6f7b0f6e42a97bc97cd907d3ff,,
1.0,G01-260201-160331-651,G01-260201-160331-651.bmp,G01,2026-02-01T16:03:31,2026-02-01,G01_2026-02-01,651,train,normal,,1025,1281,1,3e4100dd3bad013303ada8c9f5e41cfcb17ad86513042f1aa61e5be143331712,,
1.0,G01-260201-160337-652,G01-260201-160337-652.bmp,G01,2026-02-01T16:03:37,2026-02-01,G01_2026-02-01,652,train,normal,,1025,1281,1,0df7481bdf0d237baa1862153fcae3279ea570a5a3eee71a4527cb423ec6048f,,
1.0,G01-260201-160400-653,G01-260201-160400-653.bmp,G01,2026-02-01T16:04:00,2026-02-01,G01_2026-02-01,653,train,normal,,1025,1281,1,029aad861a05719a04503a90c3d7c9a978779e6afa94078d4601946539c6a344,,
1.0,G01-260201-160406-654,G01-260201-160406-654.bmp,G01,2026-02-01T16:04:06,2026-02-01,G01_2026-02-01,654,train,normal,,1025,1281,1,10364386a6ac3ad86a85e4666c200a98dce2405bd65c1bb3464e4e56dbd0719c,,
1.0,G01-260201-160431-655,G01-260201-160431-655.bmp,G01,2026-02-01T16:04:31,2026-02-01,G01_2026-02-01,655,train,normal,,1025,1281,1,b46a9931174b89089153ab483c174771665cf4150d71636c47e8c7a3963ff56d,,
1.0,G01-260201-160438-656,G01-260201-160438-656.bmp,G01,2026-02-01T16:04:38,2026-02-01,G01_2026-02-01,656,train,normal,,1025,1281,1,620bcfa48d0d4e72865f6b9ada7308537f676b3cbcbe23d13bcdfc000a52f2aa,,
1.0,G01-260201-160455-657,G01-260201-160455-657.bmp,G01,2026-02-01T16:04:55,2026-02-01,G01_2026-02-01,657,train,normal,,1025,1281,1,7d26adee023d14ab6fe9d8b9edb0a7418865b9cf6177c4a721591b148ec0b93c,,
1.0,G01-260201-160531-658,G01-260201-160531-658.bmp,G01,2026-02-01T16:05:31,2026-02-01,G01_2026-02-01,658,train,normal,,1025,1281,1,c2bd3401a99f21445e39901cafe55c7aacbff573b731471287e322add8897663,,
1.0,G01-260201-160537-659,G01-260201-160537-659.bmp,G01,2026-02-01T16:05:37,2026-02-01,G01_2026-02-01,659,train,normal,,1025,1281,1,943904d0421898657da44e2421b816663b40c4eeb3496e35b960e07d99ef22dc,,
1.0,G01-260201-160545-660,G01-260201-160545-660.bmp,G01,2026-02-01T16:05:45,2026-02-01,G01_2026-02-01,660,train,normal,,1025,1281,1,06b4358d4002b4a9ff667c09d6d9bbb8e2f2ed9d8af1aba8eed3f1e71b11c4a8,,
1.0,G01-260201-160602-661,G01-260201-160602-661.bmp,G01,2026-02-01T16:06:02,2026-02-01,G01_2026-02-01,661,train,normal,,1025,1281,1,7b117e5e46a84b45baf76e63707f08192723aa85fce821adc186bf959b83d4af,,
1.0,G01-260201-160608-662,G01-260201-160608-662.bmp,G01,2026-02-01T16:06:08,2026-02-01,G01_2026-02-01,662,train,normal,,1025,1281,1,6f833a59beffa043d79eed1a8edd2aedf46a27779e24bc43e84046b1d560b4f9,,
1.0,G01-260201-160630-663,G01-260201-160630-663.bmp,G01,2026-02-01T16:06:30,2026-02-01,G01_2026-02-01,663,train,normal,,1025,1281,1,b2779b179cbcc07f7c878129d8d11c828e4d9818eefe637095273a3577be1a25,,
1.0,G01-260201-160637-664,G01-260201-160637-664.bmp,G01,2026-02-01T16:06:37,2026-02-01,G01_2026-02-01,664,train,normal,,1025,1281,1,edc7481ac90bbf67cfad24da0a00aa536deceba6243fe664a8043a2547185344,,
1.0,G01-260201-160659-665,G01-260201-160659-665.bmp,G01,2026-02-01T16:06:59,2026-02-01,G01_2026-02-01,665,train,normal,,1025,1281,1,60c0e091dc5e6b19dab1d36f19b88be07f40887876007251e559c12e5592ad64,,
1.0,G01-260201-160706-666,G01-260201-160706-666.bmp,G01,2026-02-01T16:07:06,2026-02-01,G01_2026-02-01,666,train,normal,,1025,1281,1,a6ac88c90841fbb89a8e6c60b038b30d0c0c28622a4a8d44a832c46eee80a828,,
1.0,G01-260201-160730-667,G01-260201-160730-667.bmp,G01,2026-02-01T16:07:30,2026-02-01,G01_2026-02-01,667,train,normal,,1025,1281,1,07a734b084da7712da90648b24be0a34f2b4fc245f0d5422a7200db63f9b819a,,
1.0,G01-260201-160736-668,G01-260201-160736-668.bmp,G01,2026-02-01T16:07:36,2026-02-01,G01_2026-02-01,668,train,normal,,1025,1281,1,a24267263ec73ddb14a78dc789a3b1b0c42f1381c5e8847e4d5b0d83a57b5a42,,
1.0,G01-260201-160801-669,G01-260201-160801-669.bmp,G01,2026-02-01T16:08:01,2026-02-01,G01_2026-02-01,669,train,normal,,1025,1281,1,1ab044b8ada840dd179669a6c7854b6f6656b5a06afbe95a996346b443607ad5,,
1.0,G01-260201-160807-670,G01-260201-160807-670.bmp,G01,2026-02-01T16:08:07,2026-02-01,G01_2026-02-01,670,train,normal,,1025,1281,1,77a1f697157bbd69e5ddc6f0b4901767899c46445b4cc377d98fd02a1ea7f4e5,,
1.0,G01-260201-160832-671,G01-260201-160832-671.bmp,G01,2026-02-01T16:08:32,2026-02-01,G01_2026-02-01,671,train,normal,,1025,1281,1,09cdb3e8257a910202b5df938949cb4e883c5b388150bc1d11dbd9dc3063b263,,
1.0,G01-260201-160838-672,G01-260201-160838-672.bmp,G01,2026-02-01T16:08:38,2026-02-01,G01_2026-02-01,672,train,normal,,1025,1281,1,1b12ec66243668ddd05be3a0705378cb90d70874a5f16c5ccbe9e2a2ab2236d9,,
1.0,G01-260201-160900-673,G01-260201-160900-673.bmp,G01,2026-02-01T16:09:00,2026-02-01,G01_2026-02-01,673,train,normal,,1025,1281,1,16963df2fe24594a540b16e003059f40a6703e16f3d64f2624e1cbd11cbedfc5,,
1.0,G01-260201-160906-674,G01-260201-160906-674.bmp,G01,2026-02-01T16:09:06,2026-02-01,G01_2026-02-01,674,train,normal,,1025,1281,1,a5cb2643a558438c705308c8a2b4c9b3494ab9e0cce972aed119611b984dd47d,,
1.0,G01-260201-160931-675,G01-260201-160931-675.bmp,G01,2026-02-01T16:09:31,2026-02-01,G01_2026-02-01,675,train,normal,,1025,1281,1,2383464da1445fa9dee9249b8d19a59547559f0dc1ea2719a1b30b66a00bd3b5,,
1.0,G01-260201-160938-676,G01-260201-160938-676.bmp,G01,2026-02-01T16:09:38,2026-02-01,G01_2026-02-01,676,train,normal,,1025,1281,1,dfe820cfdadf7b0d99f4bb77ec04522fdcaab51da087e6831c6718da327f5635,,
1.0,G01-260201-161001-677,G01-260201-161001-677.bmp,G01,2026-02-01T16:10:01,2026-02-01,G01_2026-02-01,677,train,normal,,1025,1281,1,4645f4fe9b18128792d01579f8b45c43a2f391c295281f9b901b297dacc13522,,
1.0,G01-260201-161008-678,G01-260201-161008-678.bmp,G01,2026-02-01T16:10:08,2026-02-01,G01_2026-02-01,678,train,normal,,1025,1281,1,0b603d031ffebbbe1370d972bb9d2019c62bbd46daf8b8cd97b0db4f58a95068,,
1.0,G01-260201-161032-679,G01-260201-161032-679.bmp,G01,2026-02-01T16:10:32,2026-02-01,G01_2026-02-01,679,train,normal,,1025,1281,1,a78aafba32b6256ded36fec693847c0a3718b68e6cef28a83536c9547a96ea94,,
1.0,G01-260201-161039-680,G01-260201-161039-680.bmp,G01,2026-02-01T16:10:39,2026-02-01,G01_2026-02-01,680,train,normal,,1025,1281,1,86e5e710ee4b45ddacd07f6cfc35c772a07b9e269ddfbb6c1800e3664f30a5aa,,
1.0,G01-260201-161102-681,G01-260201-161102-681.bmp,G01,2026-02-01T16:11:02,2026-02-01,G01_2026-02-01,681,train,normal,,1025,1281,1,b5c97f9a32a0798717a0b35690b69e506675f927afa4d096604434386d3113a8,,
1.0,G01-260201-161108-682,G01-260201-161108-682.bmp,G01,2026-02-01T16:11:08,2026-02-01,G01_2026-02-01,682,train,normal,,1025,1281,1,08efcf1fa586aaab71617934e08be3780a3fc34c6ab29778037f57026c90ba1a,,
1.0,G01-260201-161132-683,G01-260201-161132-683.bmp,G01,2026-02-01T16:11:32,2026-02-01,G01_2026-02-01,683,train,normal,,1025,1281,1,ad539c6f5dfac9c01f0eaab52b8ffb7f5c23151f26be31e3be13532c132f0009,,
1.0,G01-260201-161138-684,G01-260201-161138-684.bmp,G01,2026-02-01T16:11:38,2026-02-01,G01_2026-02-01,684,train,normal,,1025,1281,1,12758299f742e938ba1593b662794cc0f24c523c4c3baf7c268a6f1aaedefbe3,,
1.0,G01-260202-115623-876,G01-260202-115623-876.bmp,G01,2026-02-02T11:56:23,2026-02-02,G01_2026-02-02,876,train,normal,,1025,1281,1,3e944946567003a7c1be373b9c6a57e0e57776863bd9a59751c431f4e5704de3,,
1.0,G01-260202-115629-877,G01-260202-115629-877.bmp,G01,2026-02-02T11:56:29,2026-02-02,G01_2026-02-02,877,train,normal,,1025,1281,1,76348130ff32d95a0689a17031eb3facce7b0ea9a2e15e28c0835919024b0cff,,
1.0,G01-260202-115652-878,G01-260202-115652-878.bmp,G01,2026-02-02T11:56:52,2026-02-02,G01_2026-02-02,878,train,normal,,1025,1281,1,e6f8899308bc56d1b59d593c60bf1afea8f692a30d0b4d7ce1ceeb8e7168af9f,,
1.0,G01-260202-115658-879,G01-260202-115658-879.bmp,G01,2026-02-02T11:56:58,2026-02-02,G01_2026-02-02,879,train,normal,,1025,1281,1,2760fcea6c45aebc2f59417ee2512862b9d1e7874521387a60f0153cd6bcff1a,,
1.0,G01-260202-115723-880,G01-260202-115723-880.bmp,G01,2026-02-02T11:57:23,2026-02-02,G01_2026-02-02,880,train,normal,,1025,1281,1,6b78e1f6c169987078b4a9ddde435426e412900bf318087c8360c7a52376f5de,,
1.0,G01-260202-115730-881,G01-260202-115730-881.bmp,G01,2026-02-02T11:57:30,2026-02-02,G01_2026-02-02,881,train,normal,,1025,1281,1,09ba2216123ca869b495978d770aa60de4138f80e16a968bc776fc2fdc38f0b7,,
1.0,G01-260202-115752-882,G01-260202-115752-882.bmp,G01,2026-02-02T11:57:52,2026-02-02,G01_2026-02-02,882,train,normal,,1025,1281,1,f51ecddb6dbbbd3c6ec64be9075095e32cbd30093ae865ec2405b9cb44dfebcd,,
1.0,G01-260202-115758-883,G01-260202-115758-883.bmp,G01,2026-02-02T11:57:58,2026-02-02,G01_2026-02-02,883,train,normal,,1025,1281,1,40efd10c7bb7928f8e3aee7dc22d5a448cb55b7cea8cab98e8f6375ddd1ee96a,,
1.0,G01-260202-115823-884,G01-260202-115823-884.bmp,G01,2026-02-02T11:58:23,2026-02-02,G01_2026-02-02,884,train,normal,,1025,1281,1,e99ce1d328dfaf99fa8d1025fc51297f914645c484623e078db68d687ded62d9,,
1.0,G01-260202-115830-885,G01-260202-115830-885.bmp,G01,2026-02-02T11:58:30,2026-02-02,G01_2026-02-02,885,train,normal,,1025,1281,1,59d51b8cee8c018b2be7473cabaea5363eda2013f48a201398984077cb30bcee,,
1.0,G01-260202-115851-886,G01-260202-115851-886.bmp,G01,2026-02-02T11:58:51,2026-02-02,G01_2026-02-02,886,train,normal,,1025,1281,1,fe5afe28097f1db655699286ed86a6c514d419744db7a31d9e2c769d1460ad71,,
1.0,G01-260202-115909-887,G01-260202-115909-887.bmp,G01,2026-02-02T11:59:09,2026-02-02,G01_2026-02-02,887,train,normal,,1025,1281,1,a3e40ba362940c32d03f1d9fb7cc8e08f6a4d68a482e0d42d39990afdd73fba3,,
1.0,G01-260202-115926-888,G01-260202-115926-888.bmp,G01,2026-02-02T11:59:26,2026-02-02,G01_2026-02-02,888,train,normal,,1025,1281,1,75fd22f29961b9bb0fa3488f4c66cac4023a334b6cd0c541f774ca3cd5c01dbe,,
1.0,G01-260202-115933-889,G01-260202-115933-889.bmp,G01,2026-02-02T11:59:33,2026-02-02,G01_2026-02-02,889,train,normal,,1025,1281,1,811924e28ab19f81365b21ed88a957c5f9ea819f2c5d92a218ae654eec1ed54e,,
1.0,G01-260202-115954-890,G01-260202-115954-890.bmp,G01,2026-02-02T11:59:54,2026-02-02,G01_2026-02-02,890,train,normal,,1025,1281,1,c9922706d4f8e72fef595547578c96530c1decfe6981e13d5c1011ad2d89310a,,
1.0,G01-260202-120001-891,G01-260202-120001-891.bmp,G01,2026-02-02T12:00:01,2026-02-02,G01_2026-02-02,891,train,normal,,1025,1281,1,c63349a7c0fc06ab7a6a01f2ec1b12647861b1d41c35115812cb006bac908f92,,
1.0,G01-260202-120023-892,G01-260202-120023-892.bmp,G01,2026-02-02T12:00:23,2026-02-02,G01_2026-02-02,892,train,normal,,1025,1281,1,778f47186b34b77ee65db5ed8f6a0e00056b05f6716eb9852fc299f150b9a461,,
1.0,G01-260202-120029-893,G01-260202-120029-893.bmp,G01,2026-02-02T12:00:29,2026-02-02,G01_2026-02-02,893,train,normal,,1025,1281,1,b6736a91380f7c4541d64779a3367aa9077c825193ce3028173287e9d33fb395,,
1.0,G01-260202-120051-894,G01-260202-120051-894.bmp,G01,2026-02-02T12:00:51,2026-02-02,G01_2026-02-02,894,train,normal,,1025,1281,1,f98708c56117dd29d5676d38117a92d8a6b819b72dc62ed59d19ef9d396510a2,,
1.0,G01-260202-120057-895,G01-260202-120057-895.bmp,G01,2026-02-02T12:00:57,2026-02-02,G01_2026-02-02,895,train,normal,,1025,1281,1,28ee8b40e54228a53aba8ac08b6a7d2ea94ce0aad60c438a6d7b1ca021fbd2ed,,
1.0,G01-260202-120122-896,G01-260202-120122-896.bmp,G01,2026-02-02T12:01:22,2026-02-02,G01_2026-02-02,896,train,normal,,1025,1281,1,62618c96e5fcc2999dde0b714db929530a2ae43f6c220c53a7d20ee321dae17d,,
1.0,G01-260202-120128-897,G01-260202-120128-897.bmp,G01,2026-02-02T12:01:28,2026-02-02,G01_2026-02-02,897,train,normal,,1025,1281,1,b92570fd0f39635130c3319930da0fa4713aeac33004ca02eb4d71ae0a949123,,
1.0,G01-260202-120153-898,G01-260202-120153-898.bmp,G01,2026-02-02T12:01:53,2026-02-02,G01_2026-02-02,898,train,normal,,1025,1281,1,377b17ee0b85247836360645d74e7edcf8e47b98c1055ff4fef5210cf5b875d8,,
1.0,G01-260202-120200-899,G01-260202-120200-899.bmp,G01,2026-02-02T12:02:00,2026-02-02,G01_2026-02-02,899,train,normal,,1025,1281,1,e4aebcad89213a478556df53fbcd48b45fe927c4c1878b10f5dd7949846aa337,,
1.0,G01-260202-120224-900,G01-260202-120224-900.bmp,G01,2026-02-02T12:02:24,2026-02-02,G01_2026-02-02,900,train,normal,,1025,1281,1,f0cf1504eb70d6bf5ed597ba07cb50001d80d4279ab145bd86e4a451141a4f36,,
1.0,G01-260202-120230-901,G01-260202-120230-901.bmp,G01,2026-02-02T12:02:30,2026-02-02,G01_2026-02-02,901,train,normal,,1025,1281,1,2abb919546a4dfe2f4ed0ba927ac078793677702fc070dd0904105f5c107a247,,
1.0,G01-260202-120259-902,G01-260202-120259-902.bmp,G01,2026-02-02T12:02:59,2026-02-02,G01_2026-02-02,902,train,normal,,1025,1281,1,79175c25f526829407177a1cd0e0a35f88cbf3cd2e70e99f623d7218f00efdb7,,
1.0,G01-260202-120309-903,G01-260202-120309-903.bmp,G01,2026-02-02T12:03:09,2026-02-02,G01_2026-02-02,903,train,normal,,1025,1281,1,1e9ff22c5af536db11583d6354c058888eb1922102f2a89d2b82abb35444b367,,
1.0,G01-260202-120316-904,G01-260202-120316-904.bmp,G01,2026-02-02T12:03:16,2026-02-02,G01_2026-02-02,904,train,normal,,1025,1281,1,c2904aaee81c141e37546981c7c4f8e638fc7be8ee72af1f97de80557e5981ba,,
1.0,G01-260202-120322-905,G01-260202-120322-905.bmp,G01,2026-02-02T12:03:22,2026-02-02,G01_2026-02-02,905,train,normal,,1025,1281,1,7f809c8b6b4a68cc0cad3fd02d82cdba14220962c08eb6e01599737caf4f09bf,,
1.0,G01-260202-120352-906,G01-260202-120352-906.bmp,G01,2026-02-02T12:03:52,2026-02-02,G01_2026-02-02,906,train,normal,,1025,1281,1,973b29a778d7132bbf94d6ed30334df479d5b44ce7aff1560f60ec4a4cb0bd7c,,
1.0,G01-260202-120359-907,G01-260202-120359-907.bmp,G01,2026-02-02T12:03:59,2026-02-02,G01_2026-02-02,907,train,normal,,1025,1281,1,97b34f624bec4b19dfa85765c5ef5b237d59bb6838a6399c0eff3ae4ad42494d,,
1.0,G01-260202-120424-908,G01-260202-120424-908.bmp,G01,2026-02-02T12:04:24,2026-02-02,G01_2026-02-02,908,train,normal,,1025,1281,1,2b2b4012e00a47f5732e27384cd2596acd6ca54e739661edd8a76fe08e62c840,,
1.0,G01-260202-120431-909,G01-260202-120431-909.bmp,G01,2026-02-02T12:04:31,2026-02-02,G01_2026-02-02,909,train,normal,,1025,1281,1,d3926c5f18807412b222e8b36cf97a924fc14b4d2872b88658ff067aed99d726,,
1.0,G01-260202-120454-910,G01-260202-120454-910.bmp,G01,2026-02-02T12:04:54,2026-02-02,G01_2026-02-02,910,train,normal,,1025,1281,1,a61d0705d912c93aae032d2bae86e9d4f8e67aa960671b0b48bb5be3f3b1618f,,
1.0,G01-260202-120500-911,G01-260202-120500-911.bmp,G01,2026-02-02T12:05:00,2026-02-02,G01_2026-02-02,911,train,normal,,1025,1281,1,8d59a9038024ba75bb7739f682a4ca9da3ddd06c28970774cc030aa8c74d53ea,,
1.0,G01-260202-120523-912,G01-260202-120523-912.bmp,G01,2026-02-02T12:05:23,2026-02-02,G01_2026-02-02,912,train,normal,,1025,1281,1,997ab2ace1995708a5600a99029f9c6ef936384e5f24960e7d7ccc4782d7ae30,,
1.0,G01-260202-120529-913,G01-260202-120529-913.bmp,G01,2026-02-02T12:05:29,2026-02-02,G01_2026-02-02,913,train,normal,,1025,1281,1,2c4b9d1a816a4508568e8d887370b77e01a7925f24cc580434f1118245bc380c,,
1.0,G01-260202-120554-914,G01-260202-120554-914.bmp,G01,2026-02-02T12:05:54,2026-02-02,G01_2026-02-02,914,train,normal,,1025,1281,1,5b57eef09102095756f27be55716798e2a0df8193b39d1106b2132a4dbe4c287,,
1.0,G01-260202-120601-915,G01-260202-120601-915.bmp,G01,2026-02-02T12:06:01,2026-02-02,G01_2026-02-02,915,train,normal,,1025,1281,1,ff4362d39a93a53f76f9b17c6eef8d23bb843ff8721dbe662d13373c021622ef,,
1.0,G01-260202-120625-916,G01-260202-120625-916.bmp,G01,2026-02-02T12:06:25,2026-02-02,G01_2026-02-02,916,train,normal,,1025,1281,1,3ccee1f3ed4d9adf3bcac12977e4c556f5e1cdc08432f5fda1bd9afe1d949185,,
1.0,G01-260202-120632-917,G01-260202-120632-917.bmp,G01,2026-02-02T12:06:32,2026-02-02,G01_2026-02-02,917,train,normal,,1025,1281,1,49f3bd463e180955909419565c300ca121364e9cc57eafe0e2f7fb19be53a9a5,,
1.0,G01-260202-120655-918,G01-260202-120655-918.bmp,G01,2026-02-02T12:06:55,2026-02-02,G01_2026-02-02,918,train,normal,,1025,1281,1,a89f46bc5bb6eb3b3ef0be72cc0e49f896451656857a7d5ba45f8bd33933a695,,
1.0,G01-260202-120701-919,G01-260202-120701-919.bmp,G01,2026-02-02T12:07:01,2026-02-02,G01_2026-02-02,919,train,normal,,1025,1281,1,50ec16ea817895e15e02d8129436f48dab757a010fcdf0e10b189d9b0a6badb4,,
1.0,G01-260202-120722-920,G01-260202-120722-920.bmp,G01,2026-02-02T12:07:22,2026-02-02,G01_2026-02-02,920,train,normal,,1025,1281,1,320eeae39fec852671470d90c31b28647c46702a153e13f1f71fb766114660b2,,
1.0,G01-260202-120729-921,G01-260202-120729-921.bmp,G01,2026-02-02T12:07:29,2026-02-02,G01_2026-02-02,921,train,normal,,1025,1281,1,0af51be44261d84f43e875450ab6b697f5b725035b19d6b9a24e83c42775576f,,
1.0,G01-260202-120755-922,G01-260202-120755-922.bmp,G01,2026-02-02T12:07:55,2026-02-02,G01_2026-02-02,922,train,normal,,1025,1281,1,963a61cafdafc61ef8b03fa9cde691d5500c6fca41f7c43766f3cbfb792aad60,,
1.0,G01-260202-120802-923,G01-260202-120802-923.bmp,G01,2026-02-02T12:08:02,2026-02-02,G01_2026-02-02,923,train,normal,,1025,1281,1,55fcd21e2e55fa2caf2998435f10bf495c9459345ae3a620d68c45a0fe1d6ac6,,
1.0,G01-260202-120825-924,G01-260202-120825-924.bmp,G01,2026-02-02T12:08:25,2026-02-02,G01_2026-02-02,924,train,normal,,1025,1281,1,b6f1dfe5123495729219546a6f756ce236e200f66c7f48c60252ae2f7f0af021,,
1.0,G01-260202-120832-925,G01-260202-120832-925.bmp,G01,2026-02-02T12:08:32,2026-02-02,G01_2026-02-02,925,train,normal,,1025,1281,1,212768275b79f8a327c1f1a8f7ec99cd2a18ae19dcb96472b2aab9d1f156c833,,
1.0,G01-260202-120853-926,G01-260202-120853-926.bmp,G01,2026-02-02T12:08:53,2026-02-02,G01_2026-02-02,926,train,normal,,1025,1281,1,77d0cd145373bf6e587f60e290e0abf6374acac0ff08e9073bc23625cd7719c6,,
1.0,G01-260202-120859-927,G01-260202-120859-927.bmp,G01,2026-02-02T12:08:59,2026-02-02,G01_2026-02-02,927,train,normal,,1025,1281,1,c7eb8ae907353fcc0925347a6bafdf850a027ffa05748d6db427b61a66aeb39c,,
1.0,G01-260202-120920-928,G01-260202-120920-928.bmp,G01,2026-02-02T12:09:20,2026-02-02,G01_2026-02-02,928,train,normal,,1025,1281,1,5f6a32953fb9ae6a3d4555851383295e3db7d0864707e43fb9203b5ea2df1d5b,,
1.0,G01-260202-120933-929,G01-260202-120933-929.bmp,G01,2026-02-02T12:09:33,2026-02-02,G01_2026-02-02,929,train,normal,,1025,1281,1,02fed00ea162728cda4c05357df59a77638f6eeb746ff2e6a5114bb318d1df92,,
1.0,G01-260202-120955-930,G01-260202-120955-930.bmp,G01,2026-02-02T12:09:55,2026-02-02,G01_2026-02-02,930,train,normal,,1025,1281,1,784d21061e10329195516a3226ee33702fb11cee56cef14786953e73c9dd934f,,
1.0,G01-260202-121001-931,G01-260202-121001-931.bmp,G01,2026-02-02T12:10:01,2026-02-02,G01_2026-02-02,931,train,normal,,1025,1281,1,333b11cefb8b8e0b2a96bab4e5592c602a53992de1088ff0ea82f2f160574402,,
1.0,G01-260202-121031-932,G01-260202-121031-932.bmp,G01,2026-02-02T12:10:31,2026-02-02,G01_2026-02-02,932,train,normal,,1025,1281,1,d2ea59bd3efac046df4deebc7c7c2b49b15393c2a0c43288c443f1798f6375c7,,
1.0,G01-260202-121037-933,G01-260202-121037-933.bmp,G01,2026-02-02T12:10:37,2026-02-02,G01_2026-02-02,933,train,normal,,1025,1281,1,e4178189ac6b0652223a84c2dfe87af0abb29c5e0ed817d27a4056aeda7b0b7a,,
1.0,G01-260202-121055-934,G01-260202-121055-934.bmp,G01,2026-02-02T12:10:55,2026-02-02,G01_2026-02-02,934,train,normal,,1025,1281,1,8e416651db19a7ab05431d335d663194d7c169f43ba69359831d72b655ecda0f,,
1.0,G01-260202-121102-935,G01-260202-121102-935.bmp,G01,2026-02-02T12:11:02,2026-02-02,G01_2026-02-02,935,train,normal,,1025,1281,1,7ea9dabcbf39c91f910c63464ff00822fcbfb9431bbb9d36920faa532358e897,,
1.0,G01-260202-121126-936,G01-260202-121126-936.bmp,G01,2026-02-02T12:11:26,2026-02-02,G01_2026-02-02,936,train,normal,,1025,1281,1,4ea917e919480ef0541a733d3fd1de8fee9552408d2e4473b33e1d70223213f5,,
1.0,G01-260202-121132-937,G01-260202-121132-937.bmp,G01,2026-02-02T12:11:32,2026-02-02,G01_2026-02-02,937,train,normal,,1025,1281,1,6b6bbf4ec06b663227f678a004a19ac03db4a7f74676b00da9fb5aedcfa3fced,,
1.0,G01-260202-121154-938,G01-260202-121154-938.bmp,G01,2026-02-02T12:11:54,2026-02-02,G01_2026-02-02,938,train,normal,,1025,1281,1,8051039aac89ec8d1728e38633687f39cf3876a2b30f1d2e8a148aaa926356d5,,
1.0,G01-260202-121201-939,G01-260202-121201-939.bmp,G01,2026-02-02T12:12:01,2026-02-02,G01_2026-02-02,939,train,normal,,1025,1281,1,9b846a1cef6dba0d19d1cf76780018c7be2fdbdecfc26779a053b8aacef4a9c4,,
1.0,G01-260202-121225-940,G01-260202-121225-940.bmp,G01,2026-02-02T12:12:25,2026-02-02,G01_2026-02-02,940,train,normal,,1025,1281,1,5b015a81b7f2e86ffbab8351dd9c0bc68ce3e1c02749ea1422902de665e18664,,
1.0,G01-260202-121231-941,G01-260202-121231-941.bmp,G01,2026-02-02T12:12:31,2026-02-02,G01_2026-02-02,941,train,normal,,1025,1281,1,3c7817556dac5fd00740c57f5dfff4d8a5ca9c73a3f6cfbe67bced9f8b3f5777,,
1.0,G01-260202-121254-942,G01-260202-121254-942.bmp,G01,2026-02-02T12:12:54,2026-02-02,G01_2026-02-02,942,train,normal,,1025,1281,1,6af4a7ce9274b75683b878c7677d97c6331a0a6038ff737ead47564f7a10555d,,
1.0,G01-260202-121300-943,G01-260202-121300-943.bmp,G01,2026-02-02T12:13:00,2026-02-02,G01_2026-02-02,943,train,normal,,1025,1281,1,06529a73c8f74d61841e91efb4f9b7370a99d090d26a4ff0f4f3a30e023e70fb,,
1.0,G01-260202-121326-944,G01-260202-121326-944.bmp,G01,2026-02-02T12:13:26,2026-02-02,G01_2026-02-02,944,train,normal,,1025,1281,1,41867beca315cc479aceb8db11aec9caaf07d6da24a35ff27612e543a48360aa,,
1.0,G01-260202-121332-945,G01-260202-121332-945.bmp,G01,2026-02-02T12:13:32,2026-02-02,G01_2026-02-02,945,train,normal,,1025,1281,1,45151fc72d36147c439416d666c6965b668ad0e984f7af50464595c33ecbac5e,,
1.0,G01-260202-121422-946,G01-260202-121422-946.bmp,G01,2026-02-02T12:14:22,2026-02-02,G01_2026-02-02,946,train,normal,,1025,1281,1,8a37da50248ec9f206f7de81e001d58f2d0a145c19a325a6b1e0fd96230f0937,,
1.0,G01-260202-121423-947,G01-260202-121423-947.bmp,G01,2026-02-02T12:14:23,2026-02-02,G01_2026-02-02,947,train,normal,,1025,1281,1,62a53e6ffb7bd6b325a499d9cda0f16582e5e399e452dc9a9aab7b80a3990ad8,,
1.0,G01-260202-121437-948,G01-260202-121437-948.bmp,G01,2026-02-02T12:14:37,2026-02-02,G01_2026-02-02,948,train,normal,,1025,1281,1,8e10dec31458627ce7f128bfafd6928a981aad2d53f2c654cd7bf0966485b044,,
1.0,G01-260202-121443-949,G01-260202-121443-949.bmp,G01,2026-02-02T12:14:43,2026-02-02,G01_2026-02-02,949,train,normal,,1025,1281,1,a96943d47d4607b66cc7d11f0ccfbb4de8d11885d240368caa18df6424b0e598,,
1.0,G01-260202-121456-950,G01-260202-121456-950.bmp,G01,2026-02-02T12:14:56,2026-02-02,G01_2026-02-02,950,train,normal,,1025,1281,1,2541268ba6bb645e64649bdc25e0da3acd39db9c667fc55a51a6c4b3a364454a,,
1.0,G01-260202-121502-951,G01-260202-121502-951.bmp,G01,2026-02-02T12:15:02,2026-02-02,G01_2026-02-02,951,train,normal,,1025,1281,1,a91bba5647204b5789a4a154034bb3961df58c80a219231bf0e2f9decad1247e,,
1.0,G01-260202-121524-952,G01-260202-121524-952.bmp,G01,2026-02-02T12:15:24,2026-02-02,G01_2026-02-02,952,train,normal,,1025,1281,1,7ab9f3906daa58f60c54691b848186e8a98dc75a688f1fbf2e4f4aacd8d6554d,,
1.0,G01-260202-121530-953,G01-260202-121530-953.bmp,G01,2026-02-02T12:15:30,2026-02-02,G01_2026-02-02,953,train,normal,,1025,1281,1,bf5cac3676758b52e5faf604318ae88180861b8d17d8905ac4a9ce161897d1ad,,
1.0,G01-260202-121555-954,G01-260202-121555-954.bmp,G01,2026-02-02T12:15:55,2026-02-02,G01_2026-02-02,954,train,normal,,1025,1281,1,344cc7806c0bae00103b712bb808016af0b1b3f913d40ff9f6a88ec4d3ab1460,,
1.0,G01-260202-121601-955,G01-260202-121601-955.bmp,G01,2026-02-02T12:16:01,2026-02-02,G01_2026-02-02,955,train,normal,,1025,1281,1,8574af576d60515a1d1002ab7998182ed36101e53f1fd8ee7a4d6ebd81b5c837,,
1.0,G01-260202-121624-956,G01-260202-121624-956.bmp,G01,2026-02-02T12:16:24,2026-02-02,G01_2026-02-02,956,train,normal,,1025,1281,1,d51072863ca2ffa3e4da1a81942c9b0eb95e11a3e9a39dd8d1e6103be393e1db,,
1.0,G01-260202-121631-957,G01-260202-121631-957.bmp,G01,2026-02-02T12:16:31,2026-02-02,G01_2026-02-02,957,train,normal,,1025,1281,1,36e9b935f6c6cffcd1e66f63aab264e476735e37806705b5d5ac0d37b70fa498,,
1.0,G01-260202-121656-958,G01-260202-121656-958.bmp,G01,2026-02-02T12:16:56,2026-02-02,G01_2026-02-02,958,train,normal,,1025,1281,1,654cadde261f0db02997a2ca09e7e6f1621f51715d248020b0e518e9b9eae13a,,
1.0,G01-260202-121703-959,G01-260202-121703-959.bmp,G01,2026-02-02T12:17:03,2026-02-02,G01_2026-02-02,959,train,normal,,1025,1281,1,5caaa645656679a4d2172b9d19484132b3a01314b5bdefb90dfb585a47209e43,,
1.0,G01-260202-121726-960,G01-260202-121726-960.bmp,G01,2026-02-02T12:17:26,2026-02-02,G01_2026-02-02,960,train,normal,,1025,1281,1,886457e42fd0855ee8706f82a8949a8736c63d2ab29818e9bc724bcb839c8116,,
1.0,G01-260202-121732-961,G01-260202-121732-961.bmp,G01,2026-02-02T12:17:32,2026-02-02,G01_2026-02-02,961,train,normal,,1025,1281,1,534221d9c0e9ea7cfe8098b53b06bf9c7104d434c49c5330621c8d96a829f9a9,,
1.0,G01-260202-121756-962,G01-260202-121756-962.bmp,G01,2026-02-02T12:17:56,2026-02-02,G01_2026-02-02,962,train,normal,,1025,1281,1,e7775391d149a486f374d8eb1a8c079fdca42f5bdeccf1dd0033860f49d698fc,,
1.0,G01-260202-121802-963,G01-260202-121802-963.bmp,G01,2026-02-02T12:18:02,2026-02-02,G01_2026-02-02,963,train,normal,,1025,1281,1,ddee36520fb6c7c3d40276bb7ac72df715c8359239060305caddbf0629e1240e,,
1.0,G01-260202-121825-964,G01-260202-121825-964.bmp,G01,2026-02-02T12:18:25,2026-02-02,G01_2026-02-02,964,train,normal,,1025,1281,1,83513e377f89179903017c94969f8c5d8e12f2de5b9917289a927b30c40cd17f,,
1.0,G01-260202-121833-965,G01-260202-121833-965.bmp,G01,2026-02-02T12:18:33,2026-02-02,G01_2026-02-02,965,train,normal,,1025,1281,1,ef3f873f93500c166e5d3c13c8cf43b927a1ee7ae1f0ff1ab4486f8b891dbc9c,,
1.0,G01-260202-121857-966,G01-260202-121857-966.bmp,G01,2026-02-02T12:18:57,2026-02-02,G01_2026-02-02,966,train,normal,,1025,1281,1,1264e67af80183f6320352c8177a0e2c836c7859e5c2880838088b846d7c641b,,
1.0,G01-260202-121904-967,G01-260202-121904-967.bmp,G01,2026-02-02T12:19:04,2026-02-02,G01_2026-02-02,967,train,normal,,1025,1281,1,510378e9a4dd11cf1a840011d237cd93268ef48d28b1f68e4a090dfdeb59d983,,
1.0,G01-260202-121925-968,G01-260202-121925-968.bmp,G01,2026-02-02T12:19:25,2026-02-02,G01_2026-02-02,968,train,normal,,1025,1281,1,0c22f7468d56d522555ca4f81712f0dd5d76822c573b12aaf18d77bdd24b8667,,
1.0,G01-260202-121932-969,G01-260202-121932-969.bmp,G01,2026-02-02T12:19:32,2026-02-02,G01_2026-02-02,969,train,normal,,1025,1281,1,c84d9cc2bfb5d7afb9d6f38693cdf9818b846b782c9c79b68badc5987112a7cc,,
1.0,G01-260202-121955-970,G01-260202-121955-970.bmp,G01,2026-02-02T12:19:55,2026-02-02,G01_2026-02-02,970,train,normal,,1025,1281,1,32a090ea1b9f1e37973ffe6d6fc57e05f9c84cf3b18d90b7bec01d73c91f4ad6,,
1.0,G01-260202-121959-971,G01-260202-121959-971.bmp,G01,2026-02-02T12:19:59,2026-02-02,G01_2026-02-02,971,train,normal,,1025,1281,1,4cc18b2beea6ee75f6e790f706773cec99267265aa73934c0c867d0914d98be0,,
1.0,G01-260202-122006-972,G01-260202-122006-972.bmp,G01,2026-02-02T12:20:06,2026-02-02,G01_2026-02-02,972,train,normal,,1025,1281,1,64bc4a50fddf08366d43e2e6178f751aa661dcea172ed251831705d051002529,,
1.0,G01-260202-122012-973,G01-260202-122012-973.bmp,G01,2026-02-02T12:20:12,2026-02-02,G01_2026-02-02,973,train,normal,,1025,1281,1,75bad0ef3dcdd7fc12975518fad5a62eb57909225ce84534ea046c10882b2634,,
1.0,G01-260202-122025-974,G01-260202-122025-974.bmp,G01,2026-02-02T12:20:25,2026-02-02,G01_2026-02-02,974,train,normal,,1025,1281,1,cd4eed8249f5b05a06bdd3eb5a4d1efa284a6ab887b66e401c51627838ca2191,,
1.0,G01-260202-122031-975,G01-260202-122031-975.bmp,G01,2026-02-02T12:20:31,2026-02-02,G01_2026-02-02,975,train,normal,,1025,1281,1,8f0b39213e37b95c4b0d7d73fa03265834961680c4d221759f4b8391c11c75fe,,
1.0,G01-260202-122047-976,G01-260202-122047-976.bmp,G01,2026-02-02T12:20:47,2026-02-02,G01_2026-02-02,976,train,normal,,1025,1281,1,5124bf8e303a6c7b26a6e32d630aab78669364a316efd9b73f2d0843ba33cad2,,
1.0,G01-260202-122055-977,G01-260202-122055-977.bmp,G01,2026-02-02T12:20:55,2026-02-02,G01_2026-02-02,977,train,normal,,1025,1281,1,ed83e0edb2fbf75d6c677af4bdde71bd2de345a5ff93c86d4f9f7b34b45ee789,,
1.0,G01-260202-122101-978,G01-260202-122101-978.bmp,G01,2026-02-02T12:21:01,2026-02-02,G01_2026-02-02,978,train,normal,,1025,1281,1,067244eba657cc425d31cbffdb835c5e3596e7361aa56749354f4b2b6f6e8883,,
1.0,G01-260202-122125-979,G01-260202-122125-979.bmp,G01,2026-02-02T12:21:25,2026-02-02,G01_2026-02-02,979,train,normal,,1025,1281,1,8b557218561ad281cb50f07e29cc397c9e8ef8f56d397d07bcc2c8fb988f506b,,
1.0,G01-260202-122132-980,G01-260202-122132-980.bmp,G01,2026-02-02T12:21:32,2026-02-02,G01_2026-02-02,980,train,normal,,1025,1281,1,84e035a0625ff6e5b33a9bd19f7558bcf2f0118a78e4d518b0ca089a032592ce,,
1.0,G01-260202-122155-981,G01-260202-122155-981.bmp,G01,2026-02-02T12:21:55,2026-02-02,G01_2026-02-02,981,train,normal,,1025,1281,1,fd70595be855ad72d39cbc81d3919640393c246c11b245d2740993be2acce56c,,
1.0,G01-260202-122202-982,G01-260202-122202-982.bmp,G01,2026-02-02T12:22:02,2026-02-02,G01_2026-02-02,982,train,normal,,1025,1281,1,1b9c63fc6991271b0d49a85de08e8d29125ae4cc1e5f95de920a20b3f02a4ab6,,
1.0,G01-260202-122225-983,G01-260202-122225-983.bmp,G01,2026-02-02T12:22:25,2026-02-02,G01_2026-02-02,983,train,normal,,1025,1281,1,9cf5d0861c54de3c171407a3b93315c0839611d91a4916ce6ca6a58664d5e03d,,
1.0,G01-260202-122231-984,G01-260202-122231-984.bmp,G01,2026-02-02T12:22:31,2026-02-02,G01_2026-02-02,984,train,normal,,1025,1281,1,88d303512fc6340b7793192b85599200b1e1d0e71ade7e9d513215607c5d1d3a,,
1.0,G01-260202-122255-985,G01-260202-122255-985.bmp,G01,2026-02-02T12:22:55,2026-02-02,G01_2026-02-02,985,train,normal,,1025,1281,1,2109ead1b63f3d7a29fe5fb71f91dd0788a979c71c302e4f7b254235697f7881,,
1.0,G01-260202-122302-986,G01-260202-122302-986.bmp,G01,2026-02-02T12:23:02,2026-02-02,G01_2026-02-02,986,train,normal,,1025,1281,1,dc6404b3c1c8e748d4178f91e9db0cb2e8b4d94b99f507ed2436b6a96a536cef,,
1.0,G01-260202-122328-987,G01-260202-122328-987.bmp,G01,2026-02-02T12:23:28,2026-02-02,G01_2026-02-02,987,train,normal,,1025,1281,1,3aa00a43d91b1b569a7514177fcb9eb5e1434f579e92d96b5109fd9b699975f3,,
1.0,G01-260202-122334-988,G01-260202-122334-988.bmp,G01,2026-02-02T12:23:34,2026-02-02,G01_2026-02-02,988,train,normal,,1025,1281,1,03b8da9ba505efc660b709df0d94c73a7fb7b1a27abdb7a14b69819f3b920298,,
1.0,G01-260202-122358-989,G01-260202-122358-989.bmp,G01,2026-02-02T12:23:58,2026-02-02,G01_2026-02-02,989,train,normal,,1025,1281,1,4ca3bfeff25bfc8d9be40aa3d2abf84c60a5bc0da83e22f2527608f2001cccd8,,
1.0,G01-260202-122405-990,G01-260202-122405-990.bmp,G01,2026-02-02T12:24:05,2026-02-02,G01_2026-02-02,990,train,normal,,1025,1281,1,85593389828b86a14037f58c32a8cb3a04b145aa98675f076694c0547a5da2d5,,
1.0,G01-260202-122426-991,G01-260202-122426-991.bmp,G01,2026-02-02T12:24:26,2026-02-02,G01_2026-02-02,991,train,normal,,1025,1281,1,7e569da7790d384b285e2954ea40df0f242599070e47d2abd9fa29bdae16db49,,
1.0,G01-260202-122433-992,G01-260202-122433-992.bmp,G01,2026-02-02T12:24:33,2026-02-02,G01_2026-02-02,992,train,normal,,1025,1281,1,e4e81908eda6cc74604593078ed7f71ea8fb7a8937e036405372227fee5f9c35,,
1.0,G01-260202-122504-993,G01-260202-122504-993.bmp,G01,2026-02-02T12:25:04,2026-02-02,G01_2026-02-02,993,train,normal,,1025,1281,1,bb187faa836c9b1c3697e67bcadb1aaa010a398c5bbc0ec73ecc49218688e6d7,,
1.0,G01-260202-122512-994,G01-260202-122512-994.bmp,G01,2026-02-02T12:25:12,2026-02-02,G01_2026-02-02,994,train,normal,,1025,1281,1,9aee4fb045b16bb5a01c9fcf2cc9b94dd2b430f001831f40650834375761afd9,,
1.0,G01-260202-122530-995,G01-260202-122530-995.bmp,G01,2026-02-02T12:25:30,2026-02-02,G01_2026-02-02,995,train,normal,,1025,1281,1,d715e8f76d004af586f120f0540731160ad2c04ad6d621a44245132fe38b23ef,,
1.0,G01-260202-122536-996,G01-260202-122536-996.bmp,G01,2026-02-02T12:25:36,2026-02-02,G01_2026-02-02,996,train,normal,,1025,1281,1,dde0261febbae86dab3b7758f12a0051180b79b99c76e5ba73c46403e23228ba,,
1.0,G01-260202-122558-997,G01-260202-122558-997.bmp,G01,2026-02-02T12:25:58,2026-02-02,G01_2026-02-02,997,train,normal,,1025,1281,1,cac4657541724e4fd6062a97ac5f7463adad0197f8d730b976d54724fb2766aa,,
1.0,G01-260202-122604-998,G01-260202-122604-998.bmp,G01,2026-02-02T12:26:04,2026-02-02,G01_2026-02-02,998,train,normal,,1025,1281,1,4e5daa3f950d5104ff870e311c0eb65214256474350102a852716874f3f2926b,,
1.0,G01-260202-122625-999,G01-260202-122625-999.bmp,G01,2026-02-02T12:26:25,2026-02-02,G01_2026-02-02,999,train,normal,,1025,1281,1,d499215face3a0e32691a30c28fcf6fe4d9370e246e27584c00412aa69826979,,
1.0,G01-260202-122631-000,G01-260202-122631-000.bmp,G01,2026-02-02T12:26:31,2026-02-02,G01_2026-02-02,0,train,normal,,1025,1281,1,0508b38670a4fce4ad8dbd5335b1ee4aa9df53b3c6c704adc4aee4643747bdd7,,
1.0,G01-260202-122658-001,G01-260202-122658-001.bmp,G01,2026-02-02T12:26:58,2026-02-02,G01_2026-02-02,1,train,normal,,1025,1281,1,d286f971dd92bd197dc994fec9171afc8cb26292e15a59ae7941f26fcd691b59,,
1.0,G01-260202-122704-002,G01-260202-122704-002.bmp,G01,2026-02-02T12:27:04,2026-02-02,G01_2026-02-02,2,train,normal,,1025,1281,1,cd2e754d1c193cc357be5cf312dfba06f695ca12567e60b0016c0a6f46f82dc7,,
1.0,G01-260202-122726-003,G01-260202-122726-003.bmp,G01,2026-02-02T12:27:26,2026-02-02,G01_2026-02-02,3,train,normal,,1025,1281,1,a5ca3dfbc529ca0610c84eb00489c3b62cce2c8cbf7f3a1deb9f022d57c991a6,,
1.0,G01-260202-122734-004,G01-260202-122734-004.bmp,G01,2026-02-02T12:27:34,2026-02-02,G01_2026-02-02,4,train,normal,,1025,1281,1,bafafd5f6b4bdddeaba2d8e623c827a55280e3bfa2ef535fcda6b3f46e48ff5c,,
1.0,G01-260202-122800-005,G01-260202-122800-005.bmp,G01,2026-02-02T12:28:00,2026-02-02,G01_2026-02-02,5,train,normal,,1025,1281,1,c56216d6692c0b41ce3d056a9e6a48c53d59d37dd3096655ef566f14c0bb59a8,,
1.0,G01-260202-122806-006,G01-260202-122806-006.bmp,G01,2026-02-02T12:28:06,2026-02-02,G01_2026-02-02,6,train,normal,,1025,1281,1,a200f1d4c2d34d6cde8f9c066724dacdedd05669ad1757caa881e64fb0d6071c,,
1.0,G01-260202-122828-007,G01-260202-122828-007.bmp,G01,2026-02-02T12:28:28,2026-02-02,G01_2026-02-02,7,train,normal,,1025,1281,1,a59bd289b8be27e6e932c16da9b76d928c7f7dbb42e1adc31d71714e82206929,,
1.0,G01-260202-122834-008,G01-260202-122834-008.bmp,G01,2026-02-02T12:28:34,2026-02-02,G01_2026-02-02,8,train,normal,,1025,1281,1,e67e5dd4b833fbf1c151d64b69e48393f06223a3f9b030d9f49fd11e1a7bcda8,,
1.0,G01-260202-122858-009,G01-260202-122858-009.bmp,G01,2026-02-02T12:28:58,2026-02-02,G01_2026-02-02,9,train,normal,,1025,1281,1,8fc2fb766f78b1dbbc9c5e59e2d5b11b7da0c4f8173d9214ff4ca55fedd64f53,,
1.0,G01-260202-122904-010,G01-260202-122904-010.bmp,G01,2026-02-02T12:29:04,2026-02-02,G01_2026-02-02,10,train,normal,,1025,1281,1,e425d643ab97902a6496032c253a245ba6520a1cdd7b368e1c03225f69667a8c,,
1.0,G01-260202-122926-011,G01-260202-122926-011.bmp,G01,2026-02-02T12:29:26,2026-02-02,G01_2026-02-02,11,train,normal,,1025,1281,1,b7c31e84c886496a7e2cd1ee4033a660f6d5031838670690f5d93c8abe3aef1d,,
1.0,G01-260202-122933-012,G01-260202-122933-012.bmp,G01,2026-02-02T12:29:33,2026-02-02,G01_2026-02-02,12,train,normal,,1025,1281,1,6a0afcd6acd159cd6787af8c69ae01e30d9a057dca6bc11f84f897a70a10f71d,,
1.0,G01-260202-123000-013,G01-260202-123000-013.bmp,G01,2026-02-02T12:30:00,2026-02-02,G01_2026-02-02,13,train,normal,,1025,1281,1,1bf012b27128459d269b6c00d9b5f1e38b3e410bdfbd6b2bae396dac26c2bf82,,
1.0,G01-260202-123006-014,G01-260202-123006-014.bmp,G01,2026-02-02T12:30:06,2026-02-02,G01_2026-02-02,14,train,normal,,1025,1281,1,2bb45819814a21f9d595429f338c09112dd204078daeae0b83fd1cc368e5e316,,
1.0,G01-260202-123028-015,G01-260202-123028-015.bmp,G01,2026-02-02T12:30:28,2026-02-02,G01_2026-02-02,15,train,normal,,1025,1281,1,992bb4e1cd4dd87f833a18f8690c9ae8b5f7e296b31314ca32b68ecd4c88526f,,
1.0,G01-260202-123035-016,G01-260202-123035-016.bmp,G01,2026-02-02T12:30:35,2026-02-02,G01_2026-02-02,16,train,normal,,1025,1281,1,60ad22ca95b8d990e8112827df1476aea69ca5cbf990c306a8500e9b4cde6f34,,
1.0,G01-260202-123058-017,G01-260202-123058-017.bmp,G01,2026-02-02T12:30:58,2026-02-02,G01_2026-02-02,17,train,normal,,1025,1281,1,8ebb11dafcc3b5df8ab30ca4639ed7e9264534801a28e3456bd8b50a0cfc3441,,
1.0,G01-260202-123105-018,G01-260202-123105-018.bmp,G01,2026-02-02T12:31:05,2026-02-02,G01_2026-02-02,18,train,normal,,1025,1281,1,97124b6c55ee3f8897a2dde30966681c696e212f3724a555175f7e033884a19a,,
1.0,G01-260202-123128-019,G01-260202-123128-019.bmp,G01,2026-02-02T12:31:28,2026-02-02,G01_2026-02-02,19,train,normal,,1025,1281,1,f812c4b189915a562f93eed21f5a79b1171d2c008fa4fa20070f0d97ca78b585,,
1.0,G01-260202-123135-020,G01-260202-123135-020.bmp,G01,2026-02-02T12:31:35,2026-02-02,G01_2026-02-02,20,train,normal,,1025,1281,1,f6cfc6722950a6493aecb5162952cebe551994d5ec38c23c85b5d46987d031a6,,
1.0,G01-260202-123158-021,G01-260202-123158-021.bmp,G01,2026-02-02T12:31:58,2026-02-02,G01_2026-02-02,21,train,normal,,1025,1281,1,f1fefd652a8becd3e84036848c52e0f888e19be16883dbd6417ff1bbd5c0a7d6,,
1.0,G01-260202-123205-022,G01-260202-123205-022.bmp,G01,2026-02-02T12:32:05,2026-02-02,G01_2026-02-02,22,train,normal,,1025,1281,1,07fab1c6ffeb2fa230e4f9df261b5d346bb4ad52d151dabd81acdfe6c687a489,,
1.0,G01-260202-123227-023,G01-260202-123227-023.bmp,G01,2026-02-02T12:32:27,2026-02-02,G01_2026-02-02,23,train,normal,,1025,1281,1,01287b6646dd534f514a603903bba2e8b840c333f3fe267628569826e755bad0,,
1.0,G01-260202-123233-024,G01-260202-123233-024.bmp,G01,2026-02-02T12:32:33,2026-02-02,G01_2026-02-02,24,train,normal,,1025,1281,1,ab5448d2cf4b3fa5b51685a80daf0312950f253c6b456e4bb7a18e854dbf018c,,
1.0,G01-260202-123258-025,G01-260202-123258-025.bmp,G01,2026-02-02T12:32:58,2026-02-02,G01_2026-02-02,25,train,normal,,1025,1281,1,48cae448279d88a38ca42fb198f15c8765ae202601b0d685ae16ce43650aed95,,
1.0,G01-260202-123304-026,G01-260202-123304-026.bmp,G01,2026-02-02T12:33:04,2026-02-02,G01_2026-02-02,26,train,normal,,1025,1281,1,edffac29932fb4cb508217a15df8034a86538d924fc98f27b377a0376183f6f7,,
1.0,G01-260202-123327-027,G01-260202-123327-027.bmp,G01,2026-02-02T12:33:27,2026-02-02,G01_2026-02-02,27,train,normal,,1025,1281,1,302ec2434814e7a6744c3b7f04b09d3a1d56ed1ad79875d8ed1d747e3fb4af6a,,
1.0,G01-260202-123334-028,G01-260202-123334-028.bmp,G01,2026-02-02T12:33:34,2026-02-02,G01_2026-02-02,28,train,normal,,1025,1281,1,326547ba92c6b24df63671058078ec32438aae531f66a8f2cd36e0cf68ef2a17,,
1.0,G01-260202-123400-029,G01-260202-123400-029.bmp,G01,2026-02-02T12:34:00,2026-02-02,G01_2026-02-02,29,train,normal,,1025,1281,1,ad4ff32194de61d783c345f014638904187831a25e7d220277ce5f5e497c30fa,,
1.0,G01-260202-123406-030,G01-260202-123406-030.bmp,G01,2026-02-02T12:34:06,2026-02-02,G01_2026-02-02,30,train,normal,,1025,1281,1,fed46dedd500e9b6080c07313b175d1ec9bec0465e0953bd8e067c558e24b18a,,
1.0,G01-260202-123429-031,G01-260202-123429-031.bmp,G01,2026-02-02T12:34:29,2026-02-02,G01_2026-02-02,31,train,normal,,1025,1281,1,7f872dd61fbb3dc2f7d6a0d8ef2ed236e2ac20c2996531ac39493b1ea7aa7791,,
1.0,G01-260202-123436-032,G01-260202-123436-032.bmp,G01,2026-02-02T12:34:36,2026-02-02,G01_2026-02-02,32,train,normal,,1025,1281,1,b7a47ed7b15cd7eb147d2433ac4f219f3e23c382db9aa2951137590c68f7b1db,,
1.0,G01-260202-123458-033,G01-260202-123458-033.bmp,G01,2026-02-02T12:34:58,2026-02-02,G01_2026-02-02,33,train,normal,,1025,1281,1,b257896725f81bf8995201c5ebd22abf0965d722708055c1c09508a41a307760,,
1.0,G01-260202-123504-034,G01-260202-123504-034.bmp,G01,2026-02-02T12:35:04,2026-02-02,G01_2026-02-02,34,train,normal,,1025,1281,1,c06ef2c72d75de5e75563fcc9b405612cee5fb1f7452af5d50596232ff2be218,,
1.0,G01-260202-123528-035,G01-260202-123528-035.bmp,G01,2026-02-02T12:35:28,2026-02-02,G01_2026-02-02,35,train,normal,,1025,1281,1,1545f8c542fb847c12f843c1241f15167228c00170747f136580370c2d562de8,,
1.0,G01-260202-123535-036,G01-260202-123535-036.bmp,G01,2026-02-02T12:35:35,2026-02-02,G01_2026-02-02,36,train,normal,,1025,1281,1,6dff442e70a577fa2dc55eb2cb140302fefc8edb65e82e93b9122aa91d9a6281,,
1.0,G01-260202-123559-037,G01-260202-123559-037.bmp,G01,2026-02-02T12:35:59,2026-02-02,G01_2026-02-02,37,train,normal,,1025,1281,1,d276b00a50d066e94843d0d9a7ee4f330a501372793484fac1124b392abb9aa7,,
1.0,G01-260202-123605-038,G01-260202-123605-038.bmp,G01,2026-02-02T12:36:05,2026-02-02,G01_2026-02-02,38,train,normal,,1025,1281,1,6cb1d341ef0b62cb8c43c39edccdf2ca1aac89ebc3f0f8629c478a51bf7f7943,,
1.0,G01-260202-123627-039,G01-260202-123627-039.bmp,G01,2026-02-02T12:36:27,2026-02-02,G01_2026-02-02,39,train,normal,,1025,1281,1,5a588e8af58f7ff8d3efd63f395ff0b7d48fb56336abfe9cf0bb92a3eba4cc79,,
1.0,G01-260202-123634-040,G01-260202-123634-040.bmp,G01,2026-02-02T12:36:34,2026-02-02,G01_2026-02-02,40,train,normal,,1025,1281,1,a480d744071b9a6f69dc4836734de8633fe9b2a9311752bb057295a174dbe4de,,
1.0,G01-260202-123651-041,G01-260202-123651-041.bmp,G01,2026-02-02T12:36:51,2026-02-02,G01_2026-02-02,41,train,normal,,1025,1281,1,850c3cb161b2f3753fbb86401a59b4891e73da346e31ca071beeaac425ed48b7,,
1.0,G01-260202-123728-042,G01-260202-123728-042.bmp,G01,2026-02-02T12:37:28,2026-02-02,G01_2026-02-02,42,train,normal,,1025,1281,1,999e5338cf11ecbbb5d7d601e9d36ee35bb4356328daeeae5aeb5f410dad0785,,
1.0,G01-260202-123735-043,G01-260202-123735-043.bmp,G01,2026-02-02T12:37:35,2026-02-02,G01_2026-02-02,43,train,normal,,1025,1281,1,66d640db85ede55e9fd102d9d7bc88911955cce5f117822310a9bd4907036445,,
1.0,G01-260202-123741-044,G01-260202-123741-044.bmp,G01,2026-02-02T12:37:41,2026-02-02,G01_2026-02-02,44,train,normal,,1025,1281,1,ef6d53c2d3d90d8cba40b3623cf7440a17b86c56ce42d7d7e5f1aba8ce746bdd,,
1.0,G01-260202-123759-045,G01-260202-123759-045.bmp,G01,2026-02-02T12:37:59,2026-02-02,G01_2026-02-02,45,train,normal,,1025,1281,1,992496a339f1f56e1c89fd07d308ea30d7bebad077b0051fc81a385f3b2b3d21,,
1.0,G01-260202-123806-046,G01-260202-123806-046.bmp,G01,2026-02-02T12:38:06,2026-02-02,G01_2026-02-02,46,train,normal,,1025,1281,1,55a64d02dab58e56192dec3167cadd2bdf45265b446ed87799c5786e22aebcf7,,
1.0,G01-260202-123829-047,G01-260202-123829-047.bmp,G01,2026-02-02T12:38:29,2026-02-02,G01_2026-02-02,47,train,normal,,1025,1281,1,f7fff045c72f465e790b56b84eff5e184de21525797b0c8957ba9b8b0fe62f5f,,
1.0,G01-260202-123835-048,G01-260202-123835-048.bmp,G01,2026-02-02T12:38:35,2026-02-02,G01_2026-02-02,48,train,normal,,1025,1281,1,fdf0b37aeac839eb2c700b9b703e2a7cc457a987bd4a3e8d57db002d30d75982,,
1.0,G01-260202-123858-049,G01-260202-123858-049.bmp,G01,2026-02-02T12:38:58,2026-02-02,G01_2026-02-02,49,train,normal,,1025,1281,1,c296ece9b7308c6dccaa018d2b1c285af00c81162770e061ef3deb8df9e947d2,,
1.0,G01-260202-123905-050,G01-260202-123905-050.bmp,G01,2026-02-02T12:39:05,2026-02-02,G01_2026-02-02,50,train,normal,,1025,1281,1,35128578de3c1920e433b8459b8a538f04d72df75036c02b7633e1f459f86a61,,
1.0,G01-260202-123928-051,G01-260202-123928-051.bmp,G01,2026-02-02T12:39:28,2026-02-02,G01_2026-02-02,51,train,normal,,1025,1281,1,b8e7b099d1caca32047183894df577e7ad3c61de701d142bccde12dc70aa8a36,,
1.0,G01-260202-123935-052,G01-260202-123935-052.bmp,G01,2026-02-02T12:39:35,2026-02-02,G01_2026-02-02,52,train,normal,,1025,1281,1,7d7aa03f89d3ce0950a8a07fc0adfa3627bf1642560828676fb5f143894c9768,,
1.0,G01-260202-123957-053,G01-260202-123957-053.bmp,G01,2026-02-02T12:39:57,2026-02-02,G01_2026-02-02,53,train,normal,,1025,1281,1,20e4f069abeee0d08f36ac0de88e4a809d427c7f550883f81a95e35ff9862556,,
1.0,G01-260202-124003-054,G01-260202-124003-054.bmp,G01,2026-02-02T12:40:03,2026-02-02,G01_2026-02-02,54,train,normal,,1025,1281,1,8bb13a245b063d455df5260423897f3186eace56c221ad17aa9674c0f568d359,,
1.0,G01-260202-124027-055,G01-260202-124027-055.bmp,G01,2026-02-02T12:40:27,2026-02-02,G01_2026-02-02,55,train,normal,,1025,1281,1,f12301a58c7679b452730afb5a2f3aab3371716c21b60ea268352b6c8256d4ad,,
1.0,G01-260202-124033-056,G01-260202-124033-056.bmp,G01,2026-02-02T12:40:33,2026-02-02,G01_2026-02-02,56,train,normal,,1025,1281,1,0f680332caafac1d2989dd5c88e24da52dd3e2fe3137648f3c0c9f1e297f4010,,
1.0,G01-260202-124052-057,G01-260202-124052-057.bmp,G01,2026-02-02T12:40:52,2026-02-02,G01_2026-02-02,57,train,normal,,1025,1281,1,cf61cf44f60efdd3c420f2b5e0c7e8d3c72136614503731c6ef46febc827d911,,
1.0,G01-260202-124117-058,G01-260202-124117-058.bmp,G01,2026-02-02T12:41:17,2026-02-02,G01_2026-02-02,58,train,normal,,1025,1281,1,08e7d9d70a604f788e18836ab36b968a66c22faa38ba2c8ffd08efd451c801a4,,
1.0,G01-260202-124133-059,G01-260202-124133-059.bmp,G01,2026-02-02T12:41:33,2026-02-02,G01_2026-02-02,59,train,normal,,1025,1281,1,dee18ce0e48d3487c2bbda0194ccf9be2f5db2cf3e811b43fa8b07e4641b7f9c,,
1.0,G01-260202-124144-060,G01-260202-124144-060.bmp,G01,2026-02-02T12:41:44,2026-02-02,G01_2026-02-02,60,train,normal,,1025,1281,1,12f0b981e5e3bb56794da9e992f51632f2e5464d74d946e6136b89dce94fe2b5,,
1.0,G01-260202-124201-061,G01-260202-124201-061.bmp,G01,2026-02-02T12:42:01,2026-02-02,G01_2026-02-02,61,train,normal,,1025,1281,1,f2c0eae1777760ce90a46e02b176f185336b9a6831c243e5989aca0b4540ba31,,
1.0,G01-260202-124207-062,G01-260202-124207-062.bmp,G01,2026-02-02T12:42:07,2026-02-02,G01_2026-02-02,62,train,normal,,1025,1281,1,f63cf2315e9c7bc7a5e4b9538656c0ad4a05a3329a0027d9f0face296c6241f7,,
1.0,G01-260202-124224-063,G01-260202-124224-063.bmp,G01,2026-02-02T12:42:24,2026-02-02,G01_2026-02-02,63,train,normal,,1025,1281,1,0baa51bc5a0faf9527bb69c9a27b70b982c9bdf759089d3a4eceeb4909214d96,,
1.0,G01-260202-124238-064,G01-260202-124238-064.bmp,G01,2026-02-02T12:42:38,2026-02-02,G01_2026-02-02,64,train,normal,,1025,1281,1,846285dc00e2cfc453bc97c48abf7fa860dad7ba7ba6d17f917339337d1eae7b,,
1.0,G01-260202-124301-065,G01-260202-124301-065.bmp,G01,2026-02-02T12:43:01,2026-02-02,G01_2026-02-02,65,train,normal,,1025,1281,1,44f8b693825d9372502d6d70df73c3dd2840e761c27460fa7912e73d72b1f651,,
1.0,G01-260202-124308-066,G01-260202-124308-066.bmp,G01,2026-02-02T12:43:08,2026-02-02,G01_2026-02-02,66,train,normal,,1025,1281,1,447c435a338e634c2510a126b6279ef7ceaf83cde1fe9f549917c0b7cd8bf6dd,,
1.0,G01-260202-124334-067,G01-260202-124334-067.bmp,G01,2026-02-02T12:43:34,2026-02-02,G01_2026-02-02,67,train,normal,,1025,1281,1,a76566440673316cdaa038a5204fbb816c65ae34561c0ac05add3acac70d2d42,,
1.0,G01-260202-124340-068,G01-260202-124340-068.bmp,G01,2026-02-02T12:43:40,2026-02-02,G01_2026-02-02,68,train,normal,,1025,1281,1,5f3696c5ac42718f0a6217ef8c20cb4fd631ccdb9107f4d8ba49739cb4223ebe,,
1.0,G01-260202-124401-069,G01-260202-124401-069.bmp,G01,2026-02-02T12:44:01,2026-02-02,G01_2026-02-02,69,train,normal,,1025,1281,1,45fe0f01eb46dc942bafdb64996c0a4b5c78d078089fab038fbede172a22deaf,,
1.0,G01-260202-124409-070,G01-260202-124409-070.bmp,G01,2026-02-02T12:44:09,2026-02-02,G01_2026-02-02,70,train,normal,,1025,1281,1,7d5eddbc15ca276689c449d53ac0cd95c09a6ec68e5390223fdd93373bf9449a,,
1.0,G01-260202-124446-071,G01-260202-124446-071.bmp,G01,2026-02-02T12:44:46,2026-02-02,G01_2026-02-02,71,train,normal,,1025,1281,1,8ad231e7b0ec1428d3c3b4fdd211915ae16b6d4caa564df586619b53143d6cc1,,
1.0,G01-260202-124453-072,G01-260202-124453-072.bmp,G01,2026-02-02T12:44:53,2026-02-02,G01_2026-02-02,72,train,normal,,1025,1281,1,5bdc07f56b111269931e624d5950a26bae73eb5a1596a787bbd7ab46f9270cdf,,
1.0,G01-260202-124512-073,G01-260202-124512-073.bmp,G01,2026-02-02T12:45:12,2026-02-02,G01_2026-02-02,73,train,normal,,1025,1281,1,68036d40541dc66a4cb990c048e8f946fa12fd967a26d22c0f1aa16941def8e1,,
1.0,G01-260202-124531-074,G01-260202-124531-074.bmp,G01,2026-02-02T12:45:31,2026-02-02,G01_2026-02-02,74,train,normal,,1025,1281,1,9a46a63a612822d97680915f8cbd1b3d5ed32667401dc44c93c8626f3d69151e,,
1.0,G01-260202-124542-075,G01-260202-124542-075.bmp,G01,2026-02-02T12:45:42,2026-02-02,G01_2026-02-02,75,train,normal,,1025,1281,1,0d53f79b592e5de6aba299675fdae623a70c03a6a5318621f473a411d1daacbd,,
1.0,G01-260202-124549-076,G01-260202-124549-076.bmp,G01,2026-02-02T12:45:49,2026-02-02,G01_2026-02-02,76,train,normal,,1025,1281,1,d50def43dca0af4304d7183102773e7e9a8ed32e5501008b5fd07f9790379a30,,
1.0,G01-260202-124601-077,G01-260202-124601-077.bmp,G01,2026-02-02T12:46:01,2026-02-02,G01_2026-02-02,77,train,normal,,1025,1281,1,2f1422803348fa45ec4b2f829b922d8b2e3bbba7eb93fc9d597e4511b543dc4e,,
1.0,G01-260202-124607-078,G01-260202-124607-078.bmp,G01,2026-02-02T12:46:07,2026-02-02,G01_2026-02-02,78,train,normal,,1025,1281,1,595cd5b17c18898f0a2249fa79b0e0b6e7e9d7738cd9e70c4f6e68e61b6ebeae,,
1.0,G01-260202-124629-079,G01-260202-124629-079.bmp,G01,2026-02-02T12:46:29,2026-02-02,G01_2026-02-02,79,train,normal,,1025,1281,1,f9f617c96884f95e2f7e7627689a4d969186f9c81f1e640a125212ec61f6ee80,,
1.0,G01-260202-124635-080,G01-260202-124635-080.bmp,G01,2026-02-02T12:46:35,2026-02-02,G01_2026-02-02,80,train,normal,,1025,1281,1,4cc589786fbd138d69c236d051d2f11b4e4da52114e19ae1455a5e37725c8d04,,
1.0,G01-260202-124700-081,G01-260202-124700-081.bmp,G01,2026-02-02T12:47:00,2026-02-02,G01_2026-02-02,81,train,normal,,1025,1281,1,8c80d0780ab4ba31983890567381358f9a6951a5d785e72b58320b42624352a5,,
1.0,G01-260202-124706-082,G01-260202-124706-082.bmp,G01,2026-02-02T12:47:06,2026-02-02,G01_2026-02-02,82,train,normal,,1025,1281,1,77cbc43609b9deff990b4c2b8f30f1cc10d86abd3b75bfc75d1c869cb8a3b641,,
1.0,G01-260202-124729-083,G01-260202-124729-083.bmp,G01,2026-02-02T12:47:29,2026-02-02,G01_2026-02-02,83,train,normal,,1025,1281,1,c85f39853e126bf2f9fb85f03385009f8c2ee90ba8cb3fc2fd32872ee94eba53,,
1.0,G01-260202-124736-084,G01-260202-124736-084.bmp,G01,2026-02-02T12:47:36,2026-02-02,G01_2026-02-02,84,train,normal,,1025,1281,1,c2507ce7355eac8e5c5b3d0fa43c703ef37fe5e45162998ca997335ec49fb6a9,,
1.0,G01-260202-124801-085,G01-260202-124801-085.bmp,G01,2026-02-02T12:48:01,2026-02-02,G01_2026-02-02,85,train,normal,,1025,1281,1,d1ecd5247c7271d28f0bd2cfd24666a9bb81de66aaeb7c9d113a80c320755b23,,
1.0,G01-260202-124807-086,G01-260202-124807-086.bmp,G01,2026-02-02T12:48:07,2026-02-02,G01_2026-02-02,86,train,normal,,1025,1281,1,6954ab102ec855d505f7652caff02f1067342d76c1434647c3f50faa00b03118,,
1.0,G01-260202-124830-087,G01-260202-124830-087.bmp,G01,2026-02-02T12:48:30,2026-02-02,G01_2026-02-02,87,train,normal,,1025,1281,1,6dd278d6fd9026a6456e10634747301e568c53443dde214507e603e811917514,,
1.0,G01-260202-124836-088,G01-260202-124836-088.bmp,G01,2026-02-02T12:48:36,2026-02-02,G01_2026-02-02,88,train,normal,,1025,1281,1,ca6974fc225d93c5de48f6d0a67342b0f61bfc3fa8904ea67d68d629e1e53417,,
1.0,G01-260202-124858-089,G01-260202-124858-089.bmp,G01,2026-02-02T12:48:58,2026-02-02,G01_2026-02-02,89,train,normal,,1025,1281,1,251508e1f5a54a68532b683f7a20a5861e2dd25f762631246271553366a29435,,
1.0,G01-260202-124904-090,G01-260202-124904-090.bmp,G01,2026-02-02T12:49:04,2026-02-02,G01_2026-02-02,90,train,normal,,1025,1281,1,6340d2cf3b1b05d26ae72fc67b2aaa66d6decceab3b59df00fc3856051176f6b,,
1.0,G01-260202-124928-091,G01-260202-124928-091.bmp,G01,2026-02-02T12:49:28,2026-02-02,G01_2026-02-02,91,train,normal,,1025,1281,1,5254d934625340b1b8316c1c54a8914d20e815a9ca3fe10b9b60c68162f850b9,,
1.0,G01-260202-124935-092,G01-260202-124935-092.bmp,G01,2026-02-02T12:49:35,2026-02-02,G01_2026-02-02,92,train,normal,,1025,1281,1,64fb0389c422073f373ce0582629b216f628be81410ac41edbc3880c6140c336,,
1.0,G01-260202-124958-093,G01-260202-124958-093.bmp,G01,2026-02-02T12:49:58,2026-02-02,G01_2026-02-02,93,train,normal,,1025,1281,1,e58985548f4e1099cba95a842c99bad53e8aa8c30671ecbe4fd92f3d53ebb6a8,,
1.0,G01-260202-125004-094,G01-260202-125004-094.bmp,G01,2026-02-02T12:50:04,2026-02-02,G01_2026-02-02,94,train,normal,,1025,1281,1,db89421d012a417d978fb83374be525766170a13d373f03acbc4a125a9194d93,,
1.0,G01-260202-125022-095,G01-260202-125022-095.bmp,G01,2026-02-02T12:50:22,2026-02-02,G01_2026-02-02,95,train,normal,,1025,1281,1,c007810ede2cbd9b56e5b25d906ff6665fd6e754dfdea4c0bd2844dec3707e81,,
1.0,G01-260202-125040-096,G01-260202-125040-096.bmp,G01,2026-02-02T12:50:40,2026-02-02,G01_2026-02-02,96,train,normal,,1025,1281,1,c390bbe85e073b38e36285cde5f9bfdbb63309160792420c0157e72cceaba6e2,,
1.0,G01-260202-125055-097,G01-260202-125055-097.bmp,G01,2026-02-02T12:50:55,2026-02-02,G01_2026-02-02,97,train,normal,,1025,1281,1,48fcc2d4cb66eecb4518ca097e5ff36084a0201f3067613bd6f9d959c8836763,,
1.0,G01-260202-125132-098,G01-260202-125132-098.bmp,G01,2026-02-02T12:51:32,2026-02-02,G01_2026-02-02,98,train,normal,,1025,1281,1,824191805c4ccc73dfc41caab99e016d5d56b604fdd5432681c726e9160096c6,,
1.0,G01-260202-125144-099,G01-260202-125144-099.bmp,G01,2026-02-02T12:51:44,2026-02-02,G01_2026-02-02,99,train,normal,,1025,1281,1,5c38a529f4eaf4e5b97b6b149be69ed74b3d36d9c4025cc72e6fb223df0a260a,,
1.0,G01-260202-125150-100,G01-260202-125150-100.bmp,G01,2026-02-02T12:51:50,2026-02-02,G01_2026-02-02,100,train,normal,,1025,1281,1,1681bc50188a2fec9b5273dd1d1df1b024585d40efb235ad1195beef5c29ec3f,,
1.0,G01-260202-125202-101,G01-260202-125202-101.bmp,G01,2026-02-02T12:52:02,2026-02-02,G01_2026-02-02,101,train,normal,,1025,1281,1,c801d4be88e3fb657b07ad52b6901066e801d8dcc6fe9bca968aa118e6d3d60e,,
1.0,G01-260202-125208-102,G01-260202-125208-102.bmp,G01,2026-02-02T12:52:08,2026-02-02,G01_2026-02-02,102,train,normal,,1025,1281,1,f1d8edc7a12b57bd2f3ec9ae00e128d6fa2a37bb1a0a296d7c1140ee3a4ad015,,
1.0,G01-260202-125229-103,G01-260202-125229-103.bmp,G01,2026-02-02T12:52:29,2026-02-02,G01_2026-02-02,103,train,normal,,1025,1281,1,5638e73d88f5beaa4324e5bb4af990cae1a44bf7dc1b616f00c4b0392ad7209f,,
1.0,G01-260202-125236-104,G01-260202-125236-104.bmp,G01,2026-02-02T12:52:36,2026-02-02,G01_2026-02-02,104,train,normal,,1025,1281,1,b51a37e2204f3b76ca9c8fcbbfbe0a720761d69a1aabd5ebf599f72b3df0f62c,,
1.0,G01-260202-125302-105,G01-260202-125302-105.bmp,G01,2026-02-02T12:53:02,2026-02-02,G01_2026-02-02,105,train,normal,,1025,1281,1,37838f10f5feb6bb8db9619137ef0b1e979d17692ee0da4616ce8122c0bb0824,,
1.0,G01-260202-125308-106,G01-260202-125308-106.bmp,G01,2026-02-02T12:53:08,2026-02-02,G01_2026-02-02,106,train,normal,,1025,1281,1,6b84b15cbb256f13baed75aef49335bb9b309c6ee407950cafa66b7df8d9c416,,
1.0,G01-260202-125331-107,G01-260202-125331-107.bmp,G01,2026-02-02T12:53:31,2026-02-02,G01_2026-02-02,107,train,normal,,1025,1281,1,9aec0eb758736b2d5434e38bc701354bbec2d8d509a7369c15abe872de1f731c,,
1.0,G01-260202-125337-108,G01-260202-125337-108.bmp,G01,2026-02-02T12:53:37,2026-02-02,G01_2026-02-02,108,train,normal,,1025,1281,1,6e877fd31350a4a95d14b45868e7ef2076ba533a3715e4c508a5af24831d69b8,,
1.0,G01-260202-125359-109,G01-260202-125359-109.bmp,G01,2026-02-02T12:53:59,2026-02-02,G01_2026-02-02,109,train,normal,,1025,1281,1,0857a1595cfa389e990d52cabcd568c37ac8a641566d067b608cde0740d54bc3,,
1.0,G01-260202-125407-110,G01-260202-125407-110.bmp,G01,2026-02-02T12:54:07,2026-02-02,G01_2026-02-02,110,train,normal,,1025,1281,1,5ccc4dd1a5235230a27cd6b12d351ba9899fff243c1bda02d50363199b516de8,,
1.0,G01-260202-125432-111,G01-260202-125432-111.bmp,G01,2026-02-02T12:54:32,2026-02-02,G01_2026-02-02,111,train,normal,,1025,1281,1,71bd8a05ee0ba269c9c37fe1481ef94f71aac13a33e0bdb62eb17b363f8287a7,,
1.0,G01-260202-125438-112,G01-260202-125438-112.bmp,G01,2026-02-02T12:54:38,2026-02-02,G01_2026-02-02,112,train,normal,,1025,1281,1,986a936e6b085f57b7812591757654df40be5264979824a0d1daff2ee021bf6d,,
1.0,G01-260202-125459-113,G01-260202-125459-113.bmp,G01,2026-02-02T12:54:59,2026-02-02,G01_2026-02-02,113,train,normal,,1025,1281,1,7c0eba7c90b6e5459c13894a904112d0dabc7b63dfd7c48875444fb3433818de,,
1.0,G01-260202-125505-114,G01-260202-125505-114.bmp,G01,2026-02-02T12:55:05,2026-02-02,G01_2026-02-02,114,train,normal,,1025,1281,1,e7555cc8bc772bd0f8d89c039865e3336d41cd6eef41b86489dbe8db6a517c5c,,
1.0,G01-260202-125531-115,G01-260202-125531-115.bmp,G01,2026-02-02T12:55:31,2026-02-02,G01_2026-02-02,115,train,normal,,1025,1281,1,ae1f47046369b133e4e850c2be51c0f74f11fdd4030645d6b28864e8bb05387d,,
1.0,G01-260202-125537-116,G01-260202-125537-116.bmp,G01,2026-02-02T12:55:37,2026-02-02,G01_2026-02-02,116,train,normal,,1025,1281,1,ace767266873e4c0830b9e6c913ac43d840cea66ccb145a072367c671c49b8a5,,
1.0,G01-260202-125558-117,G01-260202-125558-117.bmp,G01,2026-02-02T12:55:58,2026-02-02,G01_2026-02-02,117,train,normal,,1025,1281,1,48e999842c3819b049d8491d7161d013b04709f24c4965f93907fed7a34fb8a6,,
1.0,G01-260202-125605-118,G01-260202-125605-118.bmp,G01,2026-02-02T12:56:05,2026-02-02,G01_2026-02-02,118,train,normal,,1025,1281,1,24068ac055e4618b5206f4359dc09bed28bbd29923e699cef79c2513111515cc,,
1.0,G01-260202-125629-119,G01-260202-125629-119.bmp,G01,2026-02-02T12:56:29,2026-02-02,G01_2026-02-02,119,train,normal,,1025,1281,1,45011af811e70ad210e456f9d7128e848f03fea261e0b835d9b9c9ff2045e2e6,,
1.0,G01-260202-125635-120,G01-260202-125635-120.bmp,G01,2026-02-02T12:56:35,2026-02-02,G01_2026-02-02,120,train,normal,,1025,1281,1,64accc4ae06b35f2eb03dc8228676314e7b70bf7e8f081fc0deb4b15f3a71c2e,,
1.0,G01-260202-125701-121,G01-260202-125701-121.bmp,G01,2026-02-02T12:57:01,2026-02-02,G01_2026-02-02,121,train,normal,,1025,1281,1,6df7971ef4c2abd8549c08cf3f38fae9e18c5b5bd328f5aba053fb5403dd51df,,
1.0,G01-260202-125707-122,G01-260202-125707-122.bmp,G01,2026-02-02T12:57:07,2026-02-02,G01_2026-02-02,122,train,normal,,1025,1281,1,f87b1f6b80c8e1af6f9294c52a47a982cddabcb6a2f380601743a1e4ffbaebb2,,
1.0,G01-260202-125729-123,G01-260202-125729-123.bmp,G01,2026-02-02T12:57:29,2026-02-02,G01_2026-02-02,123,train,normal,,1025,1281,1,f602f8f5bb860d19b9eb66df21af1c46db2faedc075d8a7336deb86260ad6cca,,
1.0,G01-260202-125736-124,G01-260202-125736-124.bmp,G01,2026-02-02T12:57:36,2026-02-02,G01_2026-02-02,124,train,normal,,1025,1281,1,cc6c6dbc3e9ae543fdfcf16b5ab36990f4bab85c1378b3165696e54e132fd488,,
1.0,G01-260202-125800-125,G01-260202-125800-125.bmp,G01,2026-02-02T12:58:00,2026-02-02,G01_2026-02-02,125,train,normal,,1025,1281,1,bc1b0fd46e30251ac38d46b056b175b7f35fbe474056268de8e12fef7f1e7592,,
1.0,G01-260202-125806-126,G01-260202-125806-126.bmp,G01,2026-02-02T12:58:06,2026-02-02,G01_2026-02-02,126,train,normal,,1025,1281,1,2205241972b6eb655d828f637ff04e3d5bf312b3f7686acb39278d948e82e2d6,,
1.0,G01-260202-125830-127,G01-260202-125830-127.bmp,G01,2026-02-02T12:58:30,2026-02-02,G01_2026-02-02,127,train,normal,,1025,1281,1,27d6d700fa72aad904cd0b65dec06c8bf2d2038e9bdeae100ca79a73f305b2a8,,
1.0,G01-260202-125836-128,G01-260202-125836-128.bmp,G01,2026-02-02T12:58:36,2026-02-02,G01_2026-02-02,128,train,normal,,1025,1281,1,d129ba284055e8fe104396dbfb368f3b13683660efabd315625630ab1ab5eff9,,
1.0,G01-260202-125901-129,G01-260202-125901-129.bmp,G01,2026-02-02T12:59:01,2026-02-02,G01_2026-02-02,129,train,normal,,1025,1281,1,b0af8b5d7fa86f0a27a8708f08feb6f7bb376324912c942b6bc7b5c764996e22,,
1.0,G01-260202-125907-130,G01-260202-125907-130.bmp,G01,2026-02-02T12:59:07,2026-02-02,G01_2026-02-02,130,train,normal,,1025,1281,1,3f91ad2d48bd250c77736e1274452486403d9acbad385c64ceacd9c17179118d,,
1.0,G01-260202-125930-131,G01-260202-125930-131.bmp,G01,2026-02-02T12:59:30,2026-02-02,G01_2026-02-02,131,train,normal,,1025,1281,1,0cfd2266f95cf6e73452980dd126d85ad229edbe7f62835b511346260e1ef16a,,
1.0,G01-260202-125936-132,G01-260202-125936-132.bmp,G01,2026-02-02T12:59:36,2026-02-02,G01_2026-02-02,132,train,normal,,1025,1281,1,23a769f15cf3eb2dc519a2cc60dc69a302c84f899d8338e0fa231a6f744a2e5e,,
1.0,G01-260202-130001-133,G01-260202-130001-133.bmp,G01,2026-02-02T13:00:01,2026-02-02,G01_2026-02-02,133,train,normal,,1025,1281,1,f3a6e048b177fde51d6b83faf9dfd8f322ae70e086feef9757f147d00f97ce60,,
1.0,G01-260202-130007-134,G01-260202-130007-134.bmp,G01,2026-02-02T13:00:07,2026-02-02,G01_2026-02-02,134,train,normal,,1025,1281,1,f9d34e7d03f8805a0e8443cd8a87d0477c1f9d6ed179f06e237271aafc8c8c14,,
1.0,G01-260202-130024-135,G01-260202-130024-135.bmp,G01,2026-02-02T13:00:24,2026-02-02,G01_2026-02-02,135,train,normal,,1025,1281,1,48c7554bd33765d6f70c1c5582ef92ee00c1f4c4d2f5fa5c9ef6d79fbcd51697,,
1.0,G01-260202-130102-136,G01-260202-130102-136.bmp,G01,2026-02-02T13:01:02,2026-02-02,G01_2026-02-02,136,train,normal,,1025,1281,1,684ee34839f9e3f393930b7e0bf72ae6309147ade02735f6f78283919a727b05,,
1.0,G01-260202-130108-137,G01-260202-130108-137.bmp,G01,2026-02-02T13:01:08,2026-02-02,G01_2026-02-02,137,train,normal,,1025,1281,1,76d8c2dbdd011f6ad9467091e7a42ab67324402bee7bf98aae290f38f1519a3e,,
1.0,G01-260202-130116-138,G01-260202-130116-138.bmp,G01,2026-02-02T13:01:16,2026-02-02,G01_2026-02-02,138,train,normal,,1025,1281,1,eeca15568109b87a6bbfab97166280f0ac184031089d9a5832ee1f018557dc68,,
1.0,G01-260202-130425-139,G01-260202-130425-139.bmp,G01,2026-02-02T13:04:25,2026-02-02,G01_2026-02-02,139,train,normal,,1025,1281,1,bc1805fd666813f37665ede2892da714068494fa6a5592bf2a3b4519abe41c25,,
1.0,G01-260202-130433-140,G01-260202-130433-140.bmp,G01,2026-02-02T13:04:33,2026-02-02,G01_2026-02-02,140,train,normal,,1025,1281,1,d76732328b7ba60f0587297d30be6a90b83ef4e6fbe310dc51af638964f9827e,,
1.0,G01-260202-130442-141,G01-260202-130442-141.bmp,G01,2026-02-02T13:04:42,2026-02-02,G01_2026-02-02,141,train,normal,,1025,1281,1,2d9a8d5b0b8ff9dd2345bccd2423e6b879fd3599e095799b32ccf5fa4f6f0346,,
1.0,G01-260202-130503-142,G01-260202-130503-142.bmp,G01,2026-02-02T13:05:03,2026-02-02,G01_2026-02-02,142,train,normal,,1025,1281,1,d92e69048364a4c91741d668571dabf13145e1f240e5d75802c1eb4160b02017,,
1.0,G01-260202-130509-143,G01-260202-130509-143.bmp,G01,2026-02-02T13:05:09,2026-02-02,G01_2026-02-02,143,train,normal,,1025,1281,1,bbafe1bf8fd9dbff8cb483e9350f68134599027bde358d5e75d56b0ccdfddb07,,
1.0,G01-260202-130531-144,G01-260202-130531-144.bmp,G01,2026-02-02T13:05:31,2026-02-02,G01_2026-02-02,144,train,normal,,1025,1281,1,ea0b375158cda5ad964e48213235f22ce33c1118d06c30cbd8404d4a4cccb51a,,
1.0,G01-260202-130538-145,G01-260202-130538-145.bmp,G01,2026-02-02T13:05:38,2026-02-02,G01_2026-02-02,145,train,normal,,1025,1281,1,c8f63c0ff2e66d83c218e1784a8c7ca19c1dd0d99409d73a819c63ac9ea9fd12,,
1.0,G01-260202-130556-146,G01-260202-130556-146.bmp,G01,2026-02-02T13:05:56,2026-02-02,G01_2026-02-02,146,train,normal,,1025,1281,1,562814d7449b53c8aa23ef93e82883b0696337e88e59086c169d1d1acb9f4a78,,
1.0,G01-260202-130636-147,G01-260202-130636-147.bmp,G01,2026-02-02T13:06:36,2026-02-02,G01_2026-02-02,147,train,normal,,1025,1281,1,e8fa97aad0f796aeb03b7ecb0c6c22987d9f255bfa4a269ca7fa77ab4d3adafd,,
1.0,G01-260202-130642-148,G01-260202-130642-148.bmp,G01,2026-02-02T13:06:42,2026-02-02,G01_2026-02-02,148,train,normal,,1025,1281,1,28097145e5d48d3e72775715157e1cd284c82666afb93045ca606884193f7bd7,,
1.0,G01-260202-130650-149,G01-260202-130650-149.bmp,G01,2026-02-02T13:06:50,2026-02-02,G01_2026-02-02,149,train,normal,,1025,1281,1,af6855657feef35e75ecd4289deae695d83c69ef614f0de11ab671456fc38813,,
1.0,G01-260202-130712-150,G01-260202-130712-150.bmp,G01,2026-02-02T13:07:12,2026-02-02,G01_2026-02-02,150,train,normal,,1025,1281,1,e452da8869cba182626114819099d5c3f2d770649b15cbfe562f0801a5a5ca4d,,
1.0,G01-260202-130721-151,G01-260202-130721-151.bmp,G01,2026-02-02T13:07:21,2026-02-02,G01_2026-02-02,151,train,normal,,1025,1281,1,9c6a6c447f89539b6951692beac78fdbdd57d1b9988652f34a9fa91045c0ec2d,,
1.0,G01-260202-130731-152,G01-260202-130731-152.bmp,G01,2026-02-02T13:07:31,2026-02-02,G01_2026-02-02,152,train,normal,,1025,1281,1,ae59d28c63816a50986322cbb58a24da729f3ea5e115291d210502b33ba4981b,,
1.0,G01-260202-130737-153,G01-260202-130737-153.bmp,G01,2026-02-02T13:07:37,2026-02-02,G01_2026-02-02,153,train,normal,,1025,1281,1,5bc14ae25edd5f34e77fffe409bdd35414b6478310bf4e8a7b7322106ca5cc78,,
1.0,G01-260202-130803-154,G01-260202-130803-154.bmp,G01,2026-02-02T13:08:03,2026-02-02,G01_2026-02-02,154,train,normal,,1025,1281,1,b2facb5f0e602bdd197d8619341906a1442da4a852d4be49900c7ba039fcf98b,,
1.0,G01-260202-130809-155,G01-260202-130809-155.bmp,G01,2026-02-02T13:08:09,2026-02-02,G01_2026-02-02,155,train,normal,,1025,1281,1,744dfb60374a469d1f8b2197b952b1351b190c0747a6c8f377bcc560017c41de,,
1.0,G01-260202-130821-156,G01-260202-130821-156.bmp,G01,2026-02-02T13:08:21,2026-02-02,G01_2026-02-02,156,train,normal,,1025,1281,1,e5e43c89bc929362bad62ab200cf40ec50392cd5b8dd023348bcb5bea538caa1,,
1.0,G01-260202-130827-157,G01-260202-130827-157.bmp,G01,2026-02-02T13:08:27,2026-02-02,G01_2026-02-02,157,train,normal,,1025,1281,1,a98feeda8ba81bb6dfdb7a4c7e93803bf8acfc458553feee2960e3e0440d374c,,
1.0,G01-260202-130833-158,G01-260202-130833-158.bmp,G01,2026-02-02T13:08:33,2026-02-02,G01_2026-02-02,158,train,normal,,1025,1281,1,c01097f4b75aea4797d25a1fbdfc2e7be5049315b4e8c5461878214a74d0e22b,,
1.0,G01-260202-130929-159,G01-260202-130929-159.bmp,G01,2026-02-02T13:09:29,2026-02-02,G01_2026-02-02,159,train,normal,,1025,1281,1,66dc989ec71d71c30136b71a8371480e83bab9a391b7ed7f0fdec934bdfef15d,,
1.0,G01-260202-130936-160,G01-260202-130936-160.bmp,G01,2026-02-02T13:09:36,2026-02-02,G01_2026-02-02,160,train,normal,,1025,1281,1,6189141b06c330939775da0996cc31c92bd8f06ff05df261ab5d30184ae3abed,,
1.0,G01-260202-130942-161,G01-260202-130942-161.bmp,G01,2026-02-02T13:09:42,2026-02-02,G01_2026-02-02,161,train,normal,,1025,1281,1,3ce7a70b1316e63df1002fba2b2f91a4457110e855a809aab23e063612963b6d,,
1.0,G01-260202-131008-162,G01-260202-131008-162.bmp,G01,2026-02-02T13:10:08,2026-02-02,G01_2026-02-02,162,train,normal,,1025,1281,1,ae6b41651d5f5a26e532c0814ae8eb5b53b39ed2d138c4491bf2699d3b7ccdc5,,
1.0,G01-260202-131018-163,G01-260202-131018-163.bmp,G01,2026-02-02T13:10:18,2026-02-02,G01_2026-02-02,163,train,normal,,1025,1281,1,56ec7c94caa77aba523e4c00fd6e3a2f4889a4608c156e9ba60fe8887a9719e3,,
1.0,G01-260202-131030-164,G01-260202-131030-164.bmp,G01,2026-02-02T13:10:30,2026-02-02,G01_2026-02-02,164,train,normal,,1025,1281,1,d71e36d4b45a5064c3897a824131f9f73aed962139156ec15137ce8699c854f1,,
1.0,G01-260202-131036-165,G01-260202-131036-165.bmp,G01,2026-02-02T13:10:36,2026-02-02,G01_2026-02-02,165,train,normal,,1025,1281,1,5ce5bb0ce14e00a33d8560da5e4fa71ab585108f3ceb2244df619abac7e77a9d,,
1.0,G01-260202-131043-166,G01-260202-131043-166.bmp,G01,2026-02-02T13:10:43,2026-02-02,G01_2026-02-02,166,train,normal,,1025,1281,1,e1216b1781e6416957ded546b84a0ab104e3b0ed79eaee2700531993958dd288,,
1.0,G01-260202-131115-167,G01-260202-131115-167.bmp,G01,2026-02-02T13:11:15,2026-02-02,G01_2026-02-02,167,train,normal,,1025,1281,1,49e5eace47991e88add062197747b93d3295d113f9893650735044daacfced8e,,
1.0,G01-260202-131122-168,G01-260202-131122-168.bmp,G01,2026-02-02T13:11:22,2026-02-02,G01_2026-02-02,168,train,normal,,1025,1281,1,433797cc654181231f35653d5675deca2bd639894dbf54474104f7c905bf0364,,
1.0,G01-260202-131128-169,G01-260202-131128-169.bmp,G01,2026-02-02T13:11:28,2026-02-02,G01_2026-02-02,169,train,normal,,1025,1281,1,686759526d67259996e445ec889a43f1c98df7c5291c67c4dc46be1ed0fa190b,,
1.0,G01-260202-131157-170,G01-260202-131157-170.bmp,G01,2026-02-02T13:11:57,2026-02-02,G01_2026-02-02,170,train,normal,,1025,1281,1,18012d873c9d9d61e02701b18eeb7d81c8f7d14171b480b304327fb55cd006dd,,
1.0,G01-260202-131208-171,G01-260202-131208-171.bmp,G01,2026-02-02T13:12:08,2026-02-02,G01_2026-02-02,171,train,normal,,1025,1281,1,2771d33f84e64bd12d176f998f38e7153bf1802592492c84c5fe18c24efe1e70,,
1.0,G01-260202-131219-172,G01-260202-131219-172.bmp,G01,2026-02-02T13:12:19,2026-02-02,G01_2026-02-02,172,train,normal,,1025,1281,1,3a93753f5553133adc050c944fb86136c7af011c9f415fd2efc5a0922f53b2df,,
1.0,G01-260202-131225-173,G01-260202-131225-173.bmp,G01,2026-02-02T13:12:25,2026-02-02,G01_2026-02-02,173,train,normal,,1025,1281,1,32a32cc41d977e158c55039c53f17635ec8d3eb260861933e52aa5398a7b9a01,,
1.0,G01-260202-131231-174,G01-260202-131231-174.bmp,G01,2026-02-02T13:12:31,2026-02-02,G01_2026-02-02,174,train,normal,,1025,1281,1,a55fc9a77bc7917fe94a9369b85d32b4e223f76e3d0f40a9c728749f60bad894,,
1.0,G01-260202-131304-175,G01-260202-131304-175.bmp,G01,2026-02-02T13:13:04,2026-02-02,G01_2026-02-02,175,train,normal,,1025,1281,1,e5e8374091101382392eddf2326d0ac3603291d1eab6366381ea8a58982dd408,,
1.0,G01-260202-131333-176,G01-260202-131333-176.bmp,G01,2026-02-02T13:13:33,2026-02-02,G01_2026-02-02,176,train,normal,,1025,1281,1,a992c065ccaa8944e827b99570e14158997d139e20053810b7e9d7cd61ea5bd7,,
1.0,G01-260202-131339-177,G01-260202-131339-177.bmp,G01,2026-02-02T13:13:39,2026-02-02,G01_2026-02-02,177,train,normal,,1025,1281,1,3eb2be4d7b82200f04870c792bf5f5ab2dffc07ebaf12247b1ff88c20372797f,,
1.0,G01-260202-131402-178,G01-260202-131402-178.bmp,G01,2026-02-02T13:14:02,2026-02-02,G01_2026-02-02,178,train,normal,,1025,1281,1,ded5aafe541f7d6227c9d13a07735c45da774c1f6202f805d834285381dbc9f2,,
1.0,G01-260202-131408-179,G01-260202-131408-179.bmp,G01,2026-02-02T13:14:08,2026-02-02,G01_2026-02-02,179,train,normal,,1025,1281,1,2cff6ee7b024089478faae3b80b8c16c08c11be6954782c24ed5a39de44aff60,,
1.0,G01-260202-131429-180,G01-260202-131429-180.bmp,G01,2026-02-02T13:14:29,2026-02-02,G01_2026-02-02,180,train,normal,,1025,1281,1,3639762aeff89b7d9e0f044dd625f9ed919a355cfe5e82b48ab7a25e08419ee3,,
1.0,G01-260202-131506-181,G01-260202-131506-181.bmp,G01,2026-02-02T13:15:06,2026-02-02,G01_2026-02-02,181,train,normal,,1025,1281,1,1f00f95f2eb9d1df87d35d277ef8419ae694d4082fef6fbf1219297a741160e8,,
1.0,G01-260202-131512-182,G01-260202-131512-182.bmp,G01,2026-02-02T13:15:12,2026-02-02,G01_2026-02-02,182,train,normal,,1025,1281,1,9d495ade5f0d9108576e8808051db8812c24f3c29bbeb3d01989af40e62a6831,,
1.0,G01-260202-131533-184,G01-260202-131533-184.bmp,G01,2026-02-02T13:15:33,2026-02-02,G01_2026-02-02,184,train,normal,,1025,1281,1,17e7aada6417909f2fce4491dcbaf8ebaeb8675d728e08810b4b4f3fb7d0e89d,,
1.0,G01-260202-131539-185,G01-260202-131539-185.bmp,G01,2026-02-02T13:15:39,2026-02-02,G01_2026-02-02,185,train,normal,,1025,1281,1,fec79c3c1ddcf44e3b4cd30caaa572ee636540cd749ab732dfc43547063e1725,,
1.0,G01-260202-131608-186,G01-260202-131608-186.bmp,G01,2026-02-02T13:16:08,2026-02-02,G01_2026-02-02,186,train,normal,,1025,1281,1,b84975b50f36bfa1ab391fd8c86fafc2af6826cbd991991addd6cb2805bf4cce,,
1.0,G01-260202-131620-187,G01-260202-131620-187.bmp,G01,2026-02-02T13:16:20,2026-02-02,G01_2026-02-02,187,train,normal,,1025,1281,1,287403390d976f24f5254b339789fed08858aca540b29aef260440ecc770e4cd,,
1.0,G01-260202-131629-188,G01-260202-131629-188.bmp,G01,2026-02-02T13:16:29,2026-02-02,G01_2026-02-02,188,train,normal,,1025,1281,1,296683aad1011b89e161be0e645de3dd0d39eb822524f5fdc321ce631e6b20ee,,
1.0,G01-260202-131635-189,G01-260202-131635-189.bmp,G01,2026-02-02T13:16:35,2026-02-02,G01_2026-02-02,189,train,normal,,1025,1281,1,7b0aefb66c3764cb5298533fce72a3ed2655e2b32f96e14978082438fb810162,,
1.0,G01-260202-131643-190,G01-260202-131643-190.bmp,G01,2026-02-02T13:16:43,2026-02-02,G01_2026-02-02,190,train,normal,,1025,1281,1,5bd3afa420a96794564a8d6ba51515f8c6a227d1b7e2c4e1576c89d788b7c8c5,,
1.0,G01-260202-131700-191,G01-260202-131700-191.bmp,G01,2026-02-02T13:17:00,2026-02-02,G01_2026-02-02,191,train,normal,,1025,1281,1,10f75f54e3d369464b442edc3e03c66beeb71a6ce8173341b06867432b2866f2,,
1.0,G01-260202-131713-192,G01-260202-131713-192.bmp,G01,2026-02-02T13:17:13,2026-02-02,G01_2026-02-02,192,train,normal,,1025,1281,1,dfd3eb1a60a534493dac6ba8d52bf08156edb3aa24c7eef28018f9abde3d559d,,
1.0,G01-260202-131720-193,G01-260202-131720-193.bmp,G01,2026-02-02T13:17:20,2026-02-02,G01_2026-02-02,193,train,normal,,1025,1281,1,5f34cd46ca068f12f72453f0d1f1c46f5a998665977c970af2511b5ac33e74d7,,
1.0,G01-260202-131726-194,G01-260202-131726-194.bmp,G01,2026-02-02T13:17:26,2026-02-02,G01_2026-02-02,194,train,normal,,1025,1281,1,958883b4bcd75040bc9d8746c5eff402e40fab174bc65d61203c896be6589fb9,,
1.0,G01-260202-131756-195,G01-260202-131756-195.bmp,G01,2026-02-02T13:17:56,2026-02-02,G01_2026-02-02,195,train,normal,,1025,1281,1,977ac64c3f79c957b85390c91e0f6f61e5acf20dde1745ef75fc1c1e70ef7316,,
1.0,G01-260202-131828-196,G01-260202-131828-196.bmp,G01,2026-02-02T13:18:28,2026-02-02,G01_2026-02-02,196,train,normal,,1025,1281,1,ca0f95c81b1451cdbe96787d92f2e06ff833fe30f0f3c06516f25fabcbd213bb,,
1.0,G01-260202-131835-197,G01-260202-131835-197.bmp,G01,2026-02-02T13:18:35,2026-02-02,G01_2026-02-02,197,train,normal,,1025,1281,1,5d995d5d0cab7e1bcb4b4c811bef637f693cd57da8553384568a239f32c4fa00,,
1.0,G01-260202-131903-198,G01-260202-131903-198.bmp,G01,2026-02-02T13:19:03,2026-02-02,G01_2026-02-02,198,train,normal,,1025,1281,1,b418579736f690157de79c9dbdec6335217c1009235f5ffcd3a5c2fcce5c082e,,
1.0,G01-260202-131909-199,G01-260202-131909-199.bmp,G01,2026-02-02T13:19:09,2026-02-02,G01_2026-02-02,199,train,normal,,1025,1281,1,d83a25633dff9de8384750555925377e0f159c6e036698f36badadf483b0a69c,,
1.0,G01-260202-131938-200,G01-260202-131938-200.bmp,G01,2026-02-02T13:19:38,2026-02-02,G01_2026-02-02,200,train,normal,,1025,1281,1,bfedb9893ba5f6a1c930c42d589584ef5a8bbd2ba67838faec2ab6be10de3467,,
1.0,G01-260202-131948-201,G01-260202-131948-201.bmp,G01,2026-02-02T13:19:48,2026-02-02,G01_2026-02-02,201,train,normal,,1025,1281,1,68f67f5bf58fe304b1914f092cc507718d92f67a0e2e4677aa810d0bde73a452,,
1.0,G01-260202-131955-202,G01-260202-131955-202.bmp,G01,2026-02-02T13:19:55,2026-02-02,G01_2026-02-02,202,train,normal,,1025,1281,1,5513e7f1cc4c4780ed3b500a77eb471e8aaa3921c26308d2e63524bf47c5f59c,,
1.0,G01-260202-132001-203,G01-260202-132001-203.bmp,G01,2026-02-02T13:20:01,2026-02-02,G01_2026-02-02,203,train,normal,,1025,1281,1,c865d8dc2e30741c766ea0db7deef468fe7080b4126a99c1bf13f949dc019ea9,,
1.0,G01-260202-132034-204,G01-260202-132034-204.bmp,G01,2026-02-02T13:20:34,2026-02-02,G01_2026-02-02,204,train,normal,,1025,1281,1,5c35bb7ca2a3ee586bcf9746d41b29d7fd1be9674cb5a6a6e14fb6a59bd69815,,
1.0,G01-260202-132041-205,G01-260202-132041-205.bmp,G01,2026-02-02T13:20:41,2026-02-02,G01_2026-02-02,205,train,normal,,1025,1281,1,564c0c4c2e4d767a9366409e9d4346728b873f01b0235189f72da100092a34ec,,
1.0,G01-260202-132103-206,G01-260202-132103-206.bmp,G01,2026-02-02T13:21:03,2026-02-02,G01_2026-02-02,206,train,normal,,1025,1281,1,7fd10514d0f5e9ce257bc0b6144c8204a2cf7b33416eb8b1527380638ee14c56,,
1.0,G01-260202-132109-207,G01-260202-132109-207.bmp,G01,2026-02-02T13:21:09,2026-02-02,G01_2026-02-02,207,train,normal,,1025,1281,1,9334ec731bf26a7bceed87ad8e63d5cf5b22688532268b53fc1a8968614f8456,,
1.0,G01-260202-132132-208,G01-260202-132132-208.bmp,G01,2026-02-02T13:21:32,2026-02-02,G01_2026-02-02,208,train,normal,,1025,1281,1,b5be65a713ae27584d48ee5fc4b82e5496dd3c2921c1300afd5b6f8c7e41ecf7,,
1.0,G01-260202-132138-209,G01-260202-132138-209.bmp,G01,2026-02-02T13:21:38,2026-02-02,G01_2026-02-02,209,train,normal,,1025,1281,1,87910cf128ccb8e2be9f6051875118d7507ccebcd6fd22e3cdd9c2112f4889b8,,
1.0,G01-260202-132204-210,G01-260202-132204-210.bmp,G01,2026-02-02T13:22:04,2026-02-02,G01_2026-02-02,210,train,normal,,1025,1281,1,bfff0ea8dd2a6f9c6f5f4d407d394b46ff6d0608aec2715f059f90b53beaaf5e,,
1.0,G01-260202-132210-211,G01-260202-132210-211.bmp,G01,2026-02-02T13:22:10,2026-02-02,G01_2026-02-02,211,train,normal,,1025,1281,1,94c1da6b0abf8831b4394ab59b6ee7d5b632fa6bb35405ed05e054c0370229cc,,
1.0,G01-260202-132232-212,G01-260202-132232-212.bmp,G01,2026-02-02T13:22:32,2026-02-02,G01_2026-02-02,212,train,normal,,1025,1281,1,709229fe58c18686cfe088a3ffd9a3f9dba749d8708ccaf198df487b90439795,,
1.0,G01-260202-132238-213,G01-260202-132238-213.bmp,G01,2026-02-02T13:22:38,2026-02-02,G01_2026-02-02,213,train,normal,,1025,1281,1,3aab6d0a9fee5652e96485fae148e1e6eb07f411c465a8b1ba5f76fb0e4204bb,,
1.0,G01-260202-132302-214,G01-260202-132302-214.bmp,G01,2026-02-02T13:23:02,2026-02-02,G01_2026-02-02,214,train,normal,,1025,1281,1,f278e484792dbf5b9f2ec781da33294b7c8a0e8942dd6ec686b7f8e5e030af39,,
1.0,G01-260202-132308-215,G01-260202-132308-215.bmp,G01,2026-02-02T13:23:08,2026-02-02,G01_2026-02-02,215,train,normal,,1025,1281,1,d2a675a2631e6ba2adcaa7a2a309b4887e58eb266089c26a1e7160299018456a,,
1.0,G01-260202-132333-216,G01-260202-132333-216.bmp,G01,2026-02-02T13:23:33,2026-02-02,G01_2026-02-02,216,train,normal,,1025,1281,1,f82082d79790639b11b51cc0d05ebe625c9fe780de594fbadedd390d1beeedea,,
1.0,G01-260202-132340-217,G01-260202-132340-217.bmp,G01,2026-02-02T13:23:40,2026-02-02,G01_2026-02-02,217,train,normal,,1025,1281,1,4559f24531ab8e77c324327c1dedb0ce537faa3015ef190ef9b581b92c659a5b,,
1.0,G01-260202-132405-218,G01-260202-132405-218.bmp,G01,2026-02-02T13:24:05,2026-02-02,G01_2026-02-02,218,train,normal,,1025,1281,1,f91122839b9e5996d384476bb1a8e77906ff9bb2075801d6f5429626dd1e84c0,,
1.0,G01-260202-132411-219,G01-260202-132411-219.bmp,G01,2026-02-02T13:24:11,2026-02-02,G01_2026-02-02,219,train,normal,,1025,1281,1,3db0f39ba729abaa5346b8dc53c98ea40998ca7402246351299cc68ee2fe4daa,,
1.0,G01-260202-132434-220,G01-260202-132434-220.bmp,G01,2026-02-02T13:24:34,2026-02-02,G01_2026-02-02,220,train,normal,,1025,1281,1,5ab43378aa0e836fb6110a16c8ba5f2eb87d163b66b04207c58f597a4a50bfbc,,
1.0,G01-260202-132440-221,G01-260202-132440-221.bmp,G01,2026-02-02T13:24:40,2026-02-02,G01_2026-02-02,221,train,normal,,1025,1281,1,bc288bc0574e3201a0169bf6f278aa98f47043d17422febe27fa4553f1b179e9,,
1.0,G01-260202-132456-222,G01-260202-132456-222.bmp,G01,2026-02-02T13:24:56,2026-02-02,G01_2026-02-02,222,train,normal,,1025,1281,1,3c58435150c45d115635b47287e6dec7136db233e8154a7d6474733dc1e7bab3,,
1.0,G01-260202-132520-223,G01-260202-132520-223.bmp,G01,2026-02-02T13:25:20,2026-02-02,G01_2026-02-02,223,train,normal,,1025,1281,1,f0befdcf25bd37374d399301bda96d2c56c84ee6cca0bf810e63cd3d9ba6f589,,
1.0,G01-260202-132535-224,G01-260202-132535-224.bmp,G01,2026-02-02T13:25:35,2026-02-02,G01_2026-02-02,224,train,normal,,1025,1281,1,67e809e92a8fe44c1a3c9ae10a04f383e2b5ea919b29b41675a7ee56bfefb3f1,,
1.0,G01-260202-132542-225,G01-260202-132542-225.bmp,G01,2026-02-02T13:25:42,2026-02-02,G01_2026-02-02,225,train,normal,,1025,1281,1,24a6414ae787e5c5172ecda87f7c3345cb462b8bb1f9f7c510e6c4542a387eb2,,
1.0,G01-260202-132605-226,G01-260202-132605-226.bmp,G01,2026-02-02T13:26:05,2026-02-02,G01_2026-02-02,226,train,normal,,1025,1281,1,6311e53a22458fd9af99b42a971ec15752c02a2eb0273dd577e10b8714ad60fc,,
1.0,G01-260202-132611-227,G01-260202-132611-227.bmp,G01,2026-02-02T13:26:11,2026-02-02,G01_2026-02-02,227,train,normal,,1025,1281,1,4948da9f37e956a6a6dbd02fde4c575f0efa3187dd7d9b88ee9d665fa8c1c0f7,,
1.0,G01-260202-132636-228,G01-260202-132636-228.bmp,G01,2026-02-02T13:26:36,2026-02-02,G01_2026-02-02,228,train,normal,,1025,1281,1,238605f9f4f8969069d004ee3674d858c77025e202d09fddcae3c307fce7aa66,,
1.0,G01-260202-132642-229,G01-260202-132642-229.bmp,G01,2026-02-02T13:26:42,2026-02-02,G01_2026-02-02,229,train,normal,,1025,1281,1,fce5658a8f850d7b228eb9f9dc2d85c3a8ba241ffa3e6dc46aa993dc536fe78e,,
1.0,G01-260202-132705-230,G01-260202-132705-230.bmp,G01,2026-02-02T13:27:05,2026-02-02,G01_2026-02-02,230,train,normal,,1025,1281,1,9381e2d206a1aeb34a0f6490a13065690babcc0eef68af37d1de72f239249bb3,,
1.0,G01-260202-132712-231,G01-260202-132712-231.bmp,G01,2026-02-02T13:27:12,2026-02-02,G01_2026-02-02,231,train,normal,,1025,1281,1,2f465d33ead9c67c2aeed37c360ec61732ee08ef6dcd079bf9243a4041d3602a,,
1.0,G01-260202-132736-232,G01-260202-132736-232.bmp,G01,2026-02-02T13:27:36,2026-02-02,G01_2026-02-02,232,train,normal,,1025,1281,1,2532042b6c756f7896c8e9dbe6df93182cf318900afd7694f614efc623e3d6cb,,
1.0,G01-260202-132742-233,G01-260202-132742-233.bmp,G01,2026-02-02T13:27:42,2026-02-02,G01_2026-02-02,233,train,normal,,1025,1281,1,c072e0b57f2a241539621253cffa7f1b7b01665a6c8ad1b2d3b404b6d5835f04,,
1.0,G01-260202-132805-234,G01-260202-132805-234.bmp,G01,2026-02-02T13:28:05,2026-02-02,G01_2026-02-02,234,train,normal,,1025,1281,1,015620d48a654cb4af4bae90c922e3ae3993376a09bae8cd0ba5e60763f3afe9,,
1.0,G01-260202-132811-235,G01-260202-132811-235.bmp,G01,2026-02-02T13:28:11,2026-02-02,G01_2026-02-02,235,train,normal,,1025,1281,1,7663d83fde01a04585f21ae3d22d44481457ba4f154eef49b14d6aa8453ab922,,
1.0,G01-260202-132835-236,G01-260202-132835-236.bmp,G01,2026-02-02T13:28:35,2026-02-02,G01_2026-02-02,236,train,normal,,1025,1281,1,eba19641e251ee381e726e72e7a75d1c230e415792ebdece876348dd9cf5a543,,
1.0,G01-260202-132841-237,G01-260202-132841-237.bmp,G01,2026-02-02T13:28:41,2026-02-02,G01_2026-02-02,237,train,normal,,1025,1281,1,1739e244577610e1250ee1e05cb3302629b6e4c44e57e767c618f52146811641,,
1.0,G01-260202-132905-238,G01-260202-132905-238.bmp,G01,2026-02-02T13:29:05,2026-02-02,G01_2026-02-02,238,train,normal,,1025,1281,1,ebdc92e3bb69f6a25eb1f74ccc68eafe0a76276de435af850e82fd5baf54e10a,,
1.0,G01-260202-132911-239,G01-260202-132911-239.bmp,G01,2026-02-02T13:29:11,2026-02-02,G01_2026-02-02,239,train,normal,,1025,1281,1,9cef0e9c2aee332b1ae72a7aa7ee44b75eb55ce3510a691e0d76bc084896e2ed,,
1.0,G01-260202-132932-240,G01-260202-132932-240.bmp,G01,2026-02-02T13:29:32,2026-02-02,G01_2026-02-02,240,train,normal,,1025,1281,1,9c3348682fae24e9795d95ba1b0b7236f358d3459d57efe029c27dcb945d906f,,
1.0,G01-260202-132939-241,G01-260202-132939-241.bmp,G01,2026-02-02T13:29:39,2026-02-02,G01_2026-02-02,241,train,normal,,1025,1281,1,b985ee48179cec2af7ccaa879fe158f259e2357980a6808e6fb0f280d535be99,,
1.0,G01-260202-133003-242,G01-260202-133003-242.bmp,G01,2026-02-02T13:30:03,2026-02-02,G01_2026-02-02,242,train,normal,,1025,1281,1,3826ab00682eb0e3cbe24805359d0a5fcd7ea6e548df24d30edd2c678ee8c2da,,
1.0,G01-260202-133009-243,G01-260202-133009-243.bmp,G01,2026-02-02T13:30:09,2026-02-02,G01_2026-02-02,243,train,normal,,1025,1281,1,d544af26ff4ae355281957e9cf94bbfa380a730f881e28f427e4cf7aa313918f,,
1.0,G01-260202-133031-244,G01-260202-133031-244.bmp,G01,2026-02-02T13:30:31,2026-02-02,G01_2026-02-02,244,train,normal,,1025,1281,1,686fab0e5ba2ab5529af09ce4e1bdfbcc2b940e9740e82e514ef73d4330e1b32,,
1.0,G01-260202-133043-245,G01-260202-133043-245.bmp,G01,2026-02-02T13:30:43,2026-02-02,G01_2026-02-02,245,train,normal,,1025,1281,1,3db47cac8341fa154c205d4b7bafe1fb0338ae3614e20a10dbc4dace562e2df3,,
1.0,G01-260202-133106-246,G01-260202-133106-246.bmp,G01,2026-02-02T13:31:06,2026-02-02,G01_2026-02-02,246,train,normal,,1025,1281,1,7d7feb7cbbde902d709c712c5805c42cb747165ce4f1cdbe36d17e77049bf87c,,
1.0,G01-260202-133112-247,G01-260202-133112-247.bmp,G01,2026-02-02T13:31:12,2026-02-02,G01_2026-02-02,247,train,normal,,1025,1281,1,1a83206477d02141ddb32ead7a3f1e3d046b4a4f6106cb9bd4dca8ce6d0bb78c,,
1.0,G01-260202-133135-248,G01-260202-133135-248.bmp,G01,2026-02-02T13:31:35,2026-02-02,G01_2026-02-02,248,train,normal,,1025,1281,1,e12e6701894a4607a500017eebad585dddb66b0920a93dbe320eb5fd0f45cd0f,,
1.0,G01-260202-133141-249,G01-260202-133141-249.bmp,G01,2026-02-02T13:31:41,2026-02-02,G01_2026-02-02,249,train,normal,,1025,1281,1,71cc1a3e4aee94c109e1ff9d291fa20f9c2017454f37b34e1c9f97439f4b14bb,,
1.0,G01-260202-133205-250,G01-260202-133205-250.bmp,G01,2026-02-02T13:32:05,2026-02-02,G01_2026-02-02,250,train,normal,,1025,1281,1,bc506d9c15e8658fdd6fac71aa679b3236d5df337e3355747c310454069c6ca7,,
1.0,G01-260202-133211-251,G01-260202-133211-251.bmp,G01,2026-02-02T13:32:11,2026-02-02,G01_2026-02-02,251,train,normal,,1025,1281,1,74458b2d58b2c72a19bdf7e238b295354c3df635538ba2f416849ed4bff42887,,
1.0,G01-260202-133235-252,G01-260202-133235-252.bmp,G01,2026-02-02T13:32:35,2026-02-02,G01_2026-02-02,252,train,normal,,1025,1281,1,c3fa706c585da1caf0139b8952d1ca95f86af12e8317987de219f8c244558d6c,,
1.0,G01-260202-133241-253,G01-260202-133241-253.bmp,G01,2026-02-02T13:32:41,2026-02-02,G01_2026-02-02,253,train,normal,,1025,1281,1,ebc0ec6e3016c059fbd42f633effc5f7ee1b7b7efba78b46c55cae878f862a00,,
1.0,G01-260202-133306-254,G01-260202-133306-254.bmp,G01,2026-02-02T13:33:06,2026-02-02,G01_2026-02-02,254,train,normal,,1025,1281,1,b5746ee90097fc44392759c95a747627b26027d512827e9a081e729a08282f57,,
1.0,G01-260202-133312-255,G01-260202-133312-255.bmp,G01,2026-02-02T13:33:12,2026-02-02,G01_2026-02-02,255,train,normal,,1025,1281,1,c0e41d031add5f0bc2e4bb7f2eb49650228ffab01cf8fb0737fddeb2c0f19a67,,
1.0,G01-260202-133330-256,G01-260202-133330-256.bmp,G01,2026-02-02T13:33:30,2026-02-02,G01_2026-02-02,256,train,normal,,1025,1281,1,7f3bf8c620c4b57401a06a16d142ec1b18b93d596e22111467da90bf69219cac,,
1.0,G01-260202-133357-257,G01-260202-133357-257.bmp,G01,2026-02-02T13:33:57,2026-02-02,G01_2026-02-02,257,train,normal,,1025,1281,1,a5fb22c142dd655dd0b4352c647dd261814b8a2caf2192cfd5584863369436b7,,
1.0,G01-260202-133426-258,G01-260202-133426-258.bmp,G01,2026-02-02T13:34:26,2026-02-02,G01_2026-02-02,258,train,normal,,1025,1281,1,340392782b96b1458edb26afc00255f8795c8b2ce599e688f5800576bd626a98,,
1.0,G01-260202-133436-259,G01-260202-133436-259.bmp,G01,2026-02-02T13:34:36,2026-02-02,G01_2026-02-02,259,train,normal,,1025,1281,1,06d0dc31acf7098bb83d551f880e114417388cfa8d979f42c81f8f96a08914e0,,
1.0,G01-260202-133444-260,G01-260202-133444-260.bmp,G01,2026-02-02T13:34:44,2026-02-02,G01_2026-02-02,260,train,normal,,1025,1281,1,0afc2bd3e7bb45bfb80dc2d892571bcf7ff3a258f7d543a4a0a130448b6b8dc8,,
1.0,G01-260202-133506-261,G01-260202-133506-261.bmp,G01,2026-02-02T13:35:06,2026-02-02,G01_2026-02-02,261,train,normal,,1025,1281,1,670c750ba12106c8048e1872b91c47a9ba632380909581d6537771ef25b2e178,,
1.0,G01-260202-133512-262,G01-260202-133512-262.bmp,G01,2026-02-02T13:35:12,2026-02-02,G01_2026-02-02,262,train,normal,,1025,1281,1,d4b5b0e8225a4a2d5251cab67c973a89dd46f1b3781203f22fcde01d8aa089e1,,
1.0,G01-260202-133536-263,G01-260202-133536-263.bmp,G01,2026-02-02T13:35:36,2026-02-02,G01_2026-02-02,263,train,normal,,1025,1281,1,faa98985aaf444a371c6d32b321b1c03e0cd5db8fa9569bfed3e5b08d3fb5b7e,,
1.0,G01-260202-133543-264,G01-260202-133543-264.bmp,G01,2026-02-02T13:35:43,2026-02-02,G01_2026-02-02,264,train,normal,,1025,1281,1,64ecc8c3dd477e8a29de91b7caf7aa528f4ece3bee932042740c28ab03c4ac5a,,
1.0,G01-260202-133605-265,G01-260202-133605-265.bmp,G01,2026-02-02T13:36:05,2026-02-02,G01_2026-02-02,265,train,normal,,1025,1281,1,674c6e697dbd9e0c7a3c5274cd825c634682a636a25a1ae6fd18928f3a00e208,,
1.0,G01-260202-133611-266,G01-260202-133611-266.bmp,G01,2026-02-02T13:36:11,2026-02-02,G01_2026-02-02,266,train,normal,,1025,1281,1,ed3028e278cd3bb525207e9514bb37d39888505407570bec646ce227cc378d84,,
1.0,G01-260202-133636-267,G01-260202-133636-267.bmp,G01,2026-02-02T13:36:36,2026-02-02,G01_2026-02-02,267,train,normal,,1025,1281,1,5e961f40fecbed1f4ddfb35ce13475dcf0da7e107926ff52d476c0750ca97ceb,,
1.0,G01-260202-133644-268,G01-260202-133644-268.bmp,G01,2026-02-02T13:36:44,2026-02-02,G01_2026-02-02,268,train,normal,,1025,1281,1,da098cc1a1cd74d06a9d19e1a0a695e670fbc81be00992264de788a9520eec61,,
1.0,G01-260202-133701-269,G01-260202-133701-269.bmp,G01,2026-02-02T13:37:01,2026-02-02,G01_2026-02-02,269,train,normal,,1025,1281,1,df22c86728669a9ca7f41b778607fcdaa15681fdcdeda672d6016fa1ea3f5d14,,
1.0,G01-260202-133738-270,G01-260202-133738-270.bmp,G01,2026-02-02T13:37:38,2026-02-02,G01_2026-02-02,270,train,normal,,1025,1281,1,da63f30fd462aee5cfd666db53ee53ab4989092ce293c4d097635c0535a1855e,,
1.0,G01-260202-133748-271,G01-260202-133748-271.bmp,G01,2026-02-02T13:37:48,2026-02-02,G01_2026-02-02,271,train,normal,,1025,1281,1,c144dad3f36648b734bb60442cdfd79d024b00c157eaae0db386e4cd6f0110ab,,
1.0,G01-260202-133756-272,G01-260202-133756-272.bmp,G01,2026-02-02T13:37:56,2026-02-02,G01_2026-02-02,272,train,normal,,1025,1281,1,743b61c6de0f158d9176a77460b4ac8b6457f20143e90008423fdd8952d41447,,
1.0,G01-260202-133808-273,G01-260202-133808-273.bmp,G01,2026-02-02T13:38:08,2026-02-02,G01_2026-02-02,273,train,normal,,1025,1281,1,165fe4e9e99efc5cbacc11c962f69db062e88fe79cd58103916c675b8653c720,,
1.0,G01-260202-133815-274,G01-260202-133815-274.bmp,G01,2026-02-02T13:38:15,2026-02-02,G01_2026-02-02,274,train,normal,,1025,1281,1,115ad8578d49f1d4fdfef25529fc88f6f55f8e651bd9a5df28b0914500a7dda3,,
1.0,G01-260202-133834-275,G01-260202-133834-275.bmp,G01,2026-02-02T13:38:34,2026-02-02,G01_2026-02-02,275,train,normal,,1025,1281,1,2fcaa563eaebd883c00506cd9b460c53d96ba75cf42c48c2d8514428ed99b8d3,,
1.0,G01-260202-133841-276,G01-260202-133841-276.bmp,G01,2026-02-02T13:38:41,2026-02-02,G01_2026-02-02,276,train,normal,,1025,1281,1,7edce8c8125a4274c97dd146918ec4fca2a3c5504b3ff3930a5e1fd2d3afe05c,,
1.0,G01-260202-133905-277,G01-260202-133905-277.bmp,G01,2026-02-02T13:39:05,2026-02-02,G01_2026-02-02,277,train,normal,,1025,1281,1,0618d01d20b89f7447ba1332568ed3ce8f4cb2c03f9fd91a9a9de9ade8dd88d7,,
1.0,G01-260202-133911-278,G01-260202-133911-278.bmp,G01,2026-02-02T13:39:11,2026-02-02,G01_2026-02-02,278,train,normal,,1025,1281,1,e8bf75f45b805b5b977118520f5c33efb21c8e2fbfcd105388396615f3db1d7a,,
1.0,G01-260202-133935-279,G01-260202-133935-279.bmp,G01,2026-02-02T13:39:35,2026-02-02,G01_2026-02-02,279,train,normal,,1025,1281,1,76a366eca9f2764d16f5efc394f80bc29659c9513fdcd63e558958555cc88ff6,,
1.0,G01-260202-133941-280,G01-260202-133941-280.bmp,G01,2026-02-02T13:39:41,2026-02-02,G01_2026-02-02,280,train,normal,,1025,1281,1,9caa746a1c3868f104e7f9d04bbf16efac1b52b09ecb535718abb8a0665a0b2e,,
1.0,G01-260202-134005-281,G01-260202-134005-281.bmp,G01,2026-02-02T13:40:05,2026-02-02,G01_2026-02-02,281,train,normal,,1025,1281,1,3f16f7ae00853506cd8e08b1a41539c438836e020002eba18115bde475abb340,,
1.0,G01-260202-134011-282,G01-260202-134011-282.bmp,G01,2026-02-02T13:40:11,2026-02-02,G01_2026-02-02,282,train,normal,,1025,1281,1,25ea455ae40eb14140b2fe0ea166b74094ec8fd11563e4c3f6207609032ea3a9,,
1.0,G01-260202-134029-283,G01-260202-134029-283.bmp,G01,2026-02-02T13:40:29,2026-02-02,G01_2026-02-02,283,train,normal,,1025,1281,1,00a940d9507271122a191cc11779c920006094b7b4798fdf44a341353e286cdc,,
1.0,G01-260202-134107-284,G01-260202-134107-284.bmp,G01,2026-02-02T13:41:07,2026-02-02,G01_2026-02-02,284,train,normal,,1025,1281,1,1bf2c7c02a370761580480c2b9d260a763ced8d542dea56084f109d271a0b631,,
1.0,G01-260202-134113-285,G01-260202-134113-285.bmp,G01,2026-02-02T13:41:13,2026-02-02,G01_2026-02-02,285,train,normal,,1025,1281,1,544609fd499469167de9929d4055319513f2eadaa70a4bf0864f7c3cef309eb1,,
1.0,G01-260202-134122-286,G01-260202-134122-286.bmp,G01,2026-02-02T13:41:22,2026-02-02,G01_2026-02-02,286,train,normal,,1025,1281,1,6b6d960a12b0b4c6de873f53f59ca4833a22b610df33267a56b10f0058997121,,
1.0,G01-260202-134139-287,G01-260202-134139-287.bmp,G01,2026-02-02T13:41:39,2026-02-02,G01_2026-02-02,287,train,normal,,1025,1281,1,91824071a48205a58b5e9e011be9ae065a87516a27f17eb0d276fc672599e5dd,,
1.0,G01-260202-134145-288,G01-260202-134145-288.bmp,G01,2026-02-02T13:41:45,2026-02-02,G01_2026-02-02,288,train,normal,,1025,1281,1,bac6123e481d2077343582b89a10c385c2b3783e6202c547da92df2cde74b65e,,
1.0,G01-260202-134206-289,G01-260202-134206-289.bmp,G01,2026-02-02T13:42:06,2026-02-02,G01_2026-02-02,289,train,normal,,1025,1281,1,105ccb05a4a81a87c296bbb3bd64d45ca56303027bf135448cb80cb80ed895d4,,
1.0,G01-260202-134213-290,G01-260202-134213-290.bmp,G01,2026-02-02T13:42:13,2026-02-02,G01_2026-02-02,290,train,normal,,1025,1281,1,bc85721cbb8b8c36b62607bf0d96e32ac3b4b3c9f55ef31daf1cfddd077f025f,,
1.0,G01-260202-134237-291,G01-260202-134237-291.bmp,G01,2026-02-02T13:42:37,2026-02-02,G01_2026-02-02,291,train,normal,,1025,1281,1,83a77db358488ce17ccf3f6725c109fb6699410865659dc74139cf6b7a71b38f,,
1.0,G01-260202-134243-292,G01-260202-134243-292.bmp,G01,2026-02-02T13:42:43,2026-02-02,G01_2026-02-02,292,train,normal,,1025,1281,1,0daf113492c75e7f3fbc31c053d381205cb20811efb8b10973abeb082aabd35d,,
1.0,G01-260202-134304-293,G01-260202-134304-293.bmp,G01,2026-02-02T13:43:04,2026-02-02,G01_2026-02-02,293,train,normal,,1025,1281,1,d48466ee7993a9d5acac5727669e3ab562cd1f27ba9d1cf92949b31029301828,,
1.0,G01-260202-134311-294,G01-260202-134311-294.bmp,G01,2026-02-02T13:43:11,2026-02-02,G01_2026-02-02,294,train,normal,,1025,1281,1,48322eb3274438be7c88aa00c25bcfe1278fe5ccd4b1d90db203bd039eb0830c,,
1.0,G01-260202-134422-295,G01-260202-134422-295.bmp,G01,2026-02-02T13:44:22,2026-02-02,G01_2026-02-02,295,train,normal,,1025,1281,1,c38c333546cdcab5262ef8a904666ea3bf70bc31143d18683934e5c765c41f49,,
1.0,G01-260202-134752-296,G01-260202-134752-296.bmp,G01,2026-02-02T13:47:52,2026-02-02,G01_2026-02-02,296,train,normal,,1025,1281,1,a913308c301ebb4de57c9e5864cc366bb7b7cc80c00e70ddadb07b839e1362a7,,
1.0,G01-260202-134807-297,G01-260202-134807-297.bmp,G01,2026-02-02T13:48:07,2026-02-02,G01_2026-02-02,297,train,normal,,1025,1281,1,fc7a05f1624d666c99929c7725e764067d06fe1e870c6c6dae009fa3ff929c7d,,
1.0,G01-260202-134816-298,G01-260202-134816-298.bmp,G01,2026-02-02T13:48:16,2026-02-02,G01_2026-02-02,298,train,normal,,1025,1281,1,1397b6be9fc01694b17e5f9695a01892bfc76e6454d071d873b765412e957e26,,
1.0,G01-260202-134823-299,G01-260202-134823-299.bmp,G01,2026-02-02T13:48:23,2026-02-02,G01_2026-02-02,299,train,normal,,1025,1281,1,8fdd65c53b5b6c96fc72d6cc7366032b16daea77cb2c9f44bcfbcf5ba8784c2b,,
1.0,G01-260202-134829-300,G01-260202-134829-300.bmp,G01,2026-02-02T13:48:29,2026-02-02,G01_2026-02-02,300,train,normal,,1025,1281,1,2347a7a0e9c5cddcdf128852b9ad8846b6c880381e0e6a74dde93ae7bf464a2b,,
1.0,G01-260202-134837-301,G01-260202-134837-301.bmp,G01,2026-02-02T13:48:37,2026-02-02,G01_2026-02-02,301,train,normal,,1025,1281,1,977ce0db48eda77bda32f24dfe5a012e80f3fe1313bac43674506afaf92d7879,,
1.0,G01-260202-134853-302,G01-260202-134853-302.bmp,G01,2026-02-02T13:48:53,2026-02-02,G01_2026-02-02,302,train,normal,,1025,1281,1,8dda5b456efc266d192d1d70947d7f1fc907824432da8dea70b6c8d7d8b75a89,,
1.0,G01-260202-134900-303,G01-260202-134900-303.bmp,G01,2026-02-02T13:49:00,2026-02-02,G01_2026-02-02,303,train,normal,,1025,1281,1,7c1a650f92e3a0af5e3d695f6a85f9b69d997a65ed0644c6b6a7713753cb08aa,,
1.0,G01-260202-134906-304,G01-260202-134906-304.bmp,G01,2026-02-02T13:49:06,2026-02-02,G01_2026-02-02,304,train,normal,,1025,1281,1,1809382f171540001795c47a91da5a00398eaf5baac756144b98b028c772b3e4,,
1.0,G01-260202-134916-305,G01-260202-134916-305.bmp,G01,2026-02-02T13:49:16,2026-02-02,G01_2026-02-02,305,train,normal,,1025,1281,1,66e8ee1f0c22a21225c9c2cba05f0893cd40acb8623fce76ce7f4e8e75c9fb49,,
1.0,G01-260202-134924-306,G01-260202-134924-306.bmp,G01,2026-02-02T13:49:24,2026-02-02,G01_2026-02-02,306,train,normal,,1025,1281,1,b4b16d3fa295b87e2a6e2f45573cac9adbd5a02258decc22962b8dbd499f5a2c,,
1.0,G01-260202-134940-307,G01-260202-134940-307.bmp,G01,2026-02-02T13:49:40,2026-02-02,G01_2026-02-02,307,train,normal,,1025,1281,1,13896947d14b253dd06d4f24a98c55751dc7c8ac9f295b7d9cab7a91bd85fb5c,,
1.0,G01-260202-134947-308,G01-260202-134947-308.bmp,G01,2026-02-02T13:49:47,2026-02-02,G01_2026-02-02,308,train,normal,,1025,1281,1,3c37fc603837f287b4ee8ba63fcfa0858667a2e506a54c2c2752967f0364b230,,
1.0,G01-260202-134959-309,G01-260202-134959-309.bmp,G01,2026-02-02T13:49:59,2026-02-02,G01_2026-02-02,309,train,normal,,1025,1281,1,3c09306e430eec7f0f9775904d1b472da842b458d464d3b3d734f3abb336596c,,
1.0,G01-260202-135008-310,G01-260202-135008-310.bmp,G01,2026-02-02T13:50:08,2026-02-02,G01_2026-02-02,310,train,normal,,1025,1281,1,127deff51c6ae28c7495d19b14312aedd88ef0b9ec413ec7e86a1437973e9eff,,
1.0,G01-260202-135017-311,G01-260202-135017-311.bmp,G01,2026-02-02T13:50:17,2026-02-02,G01_2026-02-02,311,train,normal,,1025,1281,1,c753891bb9f9d96541101416421c8bfd1667e6de38ba8c57068d4e668c409f42,,
1.0,G01-260202-135023-312,G01-260202-135023-312.bmp,G01,2026-02-02T13:50:23,2026-02-02,G01_2026-02-02,312,train,normal,,1025,1281,1,ac1926be7ea4bce3b3cf578d021bc58fe69fd61b187d363b140808e9649c6071,,
1.0,G01-260202-135055-313,G01-260202-135055-313.bmp,G01,2026-02-02T13:50:55,2026-02-02,G01_2026-02-02,313,train,normal,,1025,1281,1,3b1ae9db08a8678129db3fb0b1a8cf3c340a01420a42d1dca129406c27e8925e,,
1.0,G01-260202-135101-314,G01-260202-135101-314.bmp,G01,2026-02-02T13:51:01,2026-02-02,G01_2026-02-02,314,train,normal,,1025,1281,1,e58fc2e7113a7efd9ef577f5ca9e3418fdd5fa8387194fb8941a0773a50d8eb5,,
1.0,G01-260202-135115-315,G01-260202-135115-315.bmp,G01,2026-02-02T13:51:15,2026-02-02,G01_2026-02-02,315,train,normal,,1025,1281,1,715bf5fea848f9b23d96719f6793ed40d083bd14ea9d0de8360032223bdd6db6,,
1.0,G01-260202-135122-316,G01-260202-135122-316.bmp,G01,2026-02-02T13:51:22,2026-02-02,G01_2026-02-02,316,train,normal,,1025,1281,1,b327c47da346b5c1f6687cb3ac74763cdb9decf4b4cc177fa646663722c00f3a,,
1.0,G01-260202-135130-317,G01-260202-135130-317.bmp,G01,2026-02-02T13:51:30,2026-02-02,G01_2026-02-02,317,train,normal,,1025,1281,1,9bff427d91e2e86c141d282ad6da080055a868c8ea5f27432905280c9edf8acb,,
1.0,G01-260202-135138-318,G01-260202-135138-318.bmp,G01,2026-02-02T13:51:38,2026-02-02,G01_2026-02-02,318,train,normal,,1025,1281,1,15ca56d3d77407f74fdf71be7e806526bd4f2a62c0bc6bfb9374d8ae8e3c4171,,
1.0,G01-260202-135149-319,G01-260202-135149-319.bmp,G01,2026-02-02T13:51:49,2026-02-02,G01_2026-02-02,319,train,normal,,1025,1281,1,d801d337d3bc006801b35781369d5368a4e18d423837d4bfd730e556c6755ae6,,
1.0,G01-260202-135158-320,G01-260202-135158-320.bmp,G01,2026-02-02T13:51:58,2026-02-02,G01_2026-02-02,320,train,normal,,1025,1281,1,eb5a0cc2cced1725ea582d3d70b9bc4d876e06c76ec40e83a107dbfd2023f222,,
1.0,G01-260202-135211-321,G01-260202-135211-321.bmp,G01,2026-02-02T13:52:11,2026-02-02,G01_2026-02-02,321,train,normal,,1025,1281,1,33d8483d9fa92205e30bef41cca090e3bfa6ae23db4bdd7b6b66b13856c34561,,
1.0,G01-260202-135219-322,G01-260202-135219-322.bmp,G01,2026-02-02T13:52:19,2026-02-02,G01_2026-02-02,322,train,normal,,1025,1281,1,86afde621145f14270bd3f90336d461893c7f705d035a4b95fbcbef0295b0847,,
1.0,G01-260202-135233-323,G01-260202-135233-323.bmp,G01,2026-02-02T13:52:33,2026-02-02,G01_2026-02-02,323,train,normal,,1025,1281,1,ccc5cbc981ef941119f88e6ba9f9145b22c4bc9ba142faa7285e784ac2e03e27,,
1.0,G01-260202-135240-324,G01-260202-135240-324.bmp,G01,2026-02-02T13:52:40,2026-02-02,G01_2026-02-02,324,train,normal,,1025,1281,1,bd5b1abf06c222a027c7d419d0c41a0362a5d4dcc06289aec4e30a596a792645,,
1.0,G01-260202-135249-325,G01-260202-135249-325.bmp,G01,2026-02-02T13:52:49,2026-02-02,G01_2026-02-02,325,train,normal,,1025,1281,1,d9610b1461d9a43e93e22fb97555f4b93454e3c755724d6d5efa59ca15f49665,,
1.0,G01-260202-135259-326,G01-260202-135259-326.bmp,G01,2026-02-02T13:52:59,2026-02-02,G01_2026-02-02,326,train,normal,,1025,1281,1,e9242e56d546b1c5eb7540df829b10756e2add2e8d69f4ea450716aca893114b,,
1.0,G01-260202-135305-327,G01-260202-135305-327.bmp,G01,2026-02-02T13:53:05,2026-02-02,G01_2026-02-02,327,train,normal,,1025,1281,1,a15a149ca4d53489161a45c7cf0eb88fdf36879da15d96c68f59f19364a45247,,
1.0,G01-260202-135312-328,G01-260202-135312-328.bmp,G01,2026-02-02T13:53:12,2026-02-02,G01_2026-02-02,328,train,normal,,1025,1281,1,037a09e2a5fce63094864b2aca6e8c591c64b05a0fb4a40cc47cacf645836374,,
1.0,G01-260202-135331-329,G01-260202-135331-329.bmp,G01,2026-02-02T13:53:31,2026-02-02,G01_2026-02-02,329,train,normal,,1025,1281,1,6f4d2820d4409480d2ca6bb176c28ef65c5bd58630e2d21754b073e7758aa9df,,
1.0,G01-260202-135337-330,G01-260202-135337-330.bmp,G01,2026-02-02T13:53:37,2026-02-02,G01_2026-02-02,330,train,normal,,1025,1281,1,0fae775028aff6d396ca09a71436985d407c71c430a6385a86701be67795d5c2,,
1.0,G01-260202-135408-331,G01-260202-135408-331.bmp,G01,2026-02-02T13:54:08,2026-02-02,G01_2026-02-02,331,train,normal,,1025,1281,1,4dd8cb1aa6a7927d7acc183b4efe24dec50746ecbd9f41041190e8ad6bbcf5f8,,
1.0,G01-260202-135415-332,G01-260202-135415-332.bmp,G01,2026-02-02T13:54:15,2026-02-02,G01_2026-02-02,332,train,normal,,1025,1281,1,9d595481fdb6e5645cb06a1e1b83a749331092a29a541eb8668b9e5a222c8d41,,
1.0,G01-260202-135436-333,G01-260202-135436-333.bmp,G01,2026-02-02T13:54:36,2026-02-02,G01_2026-02-02,333,train,normal,,1025,1281,1,4c7ae27224971b7b7970fe51e38f8fb4e1bb2f752f21e038a46d62f59cfa4730,,
1.0,G01-260202-135442-334,G01-260202-135442-334.bmp,G01,2026-02-02T13:54:42,2026-02-02,G01_2026-02-02,334,train,normal,,1025,1281,1,abc1665ccd10883e89f866aeba3af956a30eef7da6f04be0b6b72bad8f1f97b6,,
1.0,G01-260202-135506-335,G01-260202-135506-335.bmp,G01,2026-02-02T13:55:06,2026-02-02,G01_2026-02-02,335,train,normal,,1025,1281,1,ee8196759d61e7570b848b970b55ea76398bfdaf0d8a68c5a4ddd5506ce1fdc6,,
1.0,G01-260202-135513-336,G01-260202-135513-336.bmp,G01,2026-02-02T13:55:13,2026-02-02,G01_2026-02-02,336,train,normal,,1025,1281,1,9cd95c7181a4031b32b68e0eb9e821ab4902aad290c69b2c45982d6264c7499f,,
1.0,G01-260202-135537-337,G01-260202-135537-337.bmp,G01,2026-02-02T13:55:37,2026-02-02,G01_2026-02-02,337,train,normal,,1025,1281,1,3513cf43a55a12d9eca5489def46f5ada4809b8698fd554d807db382e761c860,,
1.0,G01-260202-135544-338,G01-260202-135544-338.bmp,G01,2026-02-02T13:55:44,2026-02-02,G01_2026-02-02,338,train,normal,,1025,1281,1,77aa148b0979ca30d6af74a136b40963f63865205bdcbbc4828f246bd59cac65,,
1.0,G01-260202-135605-339,G01-260202-135605-339.bmp,G01,2026-02-02T13:56:05,2026-02-02,G01_2026-02-02,339,train,normal,,1025,1281,1,25183a7cdd70cd5224fa57b0441a35e73e680ffe927d9578e01d5de45ebb88ac,,
1.0,G01-260202-135612-340,G01-260202-135612-340.bmp,G01,2026-02-02T13:56:12,2026-02-02,G01_2026-02-02,340,train,normal,,1025,1281,1,abd96a78ef43092b97223162ca5877af48a039051e0f5968ca33cacde070cdbd,,
1.0,G01-260202-135637-341,G01-260202-135637-341.bmp,G01,2026-02-02T13:56:37,2026-02-02,G01_2026-02-02,341,train,normal,,1025,1281,1,b15c47a593c59468ce1e57b92806147e07fad4433289f0b45a242c64fd5c5ae4,,
1.0,G01-260202-135643-342,G01-260202-135643-342.bmp,G01,2026-02-02T13:56:43,2026-02-02,G01_2026-02-02,342,train,normal,,1025,1281,1,9841a2f8a5c3a2f8ff8c04aedb6a3ef983f493f8892955d8078b88a8d527904d,,
1.0,G01-260202-135706-343,G01-260202-135706-343.bmp,G01,2026-02-02T13:57:06,2026-02-02,G01_2026-02-02,343,train,normal,,1025,1281,1,870d1714d8d63ecb67e5fb6a604be1d9248263c376a6f8899382745810a7d594,,
1.0,G01-260202-135712-344,G01-260202-135712-344.bmp,G01,2026-02-02T13:57:12,2026-02-02,G01_2026-02-02,344,train,normal,,1025,1281,1,f87240911e9d9831ace8b4120eb2a31e855eb49f727714410bc12f560bea0530,,
1.0,G01-260202-135735-345,G01-260202-135735-345.bmp,G01,2026-02-02T13:57:35,2026-02-02,G01_2026-02-02,345,train,normal,,1025,1281,1,f3fd4266057904d4a3a5350f88d41230c46de8ef2d3729a32b9219c87d7010fb,,
1.0,G01-260202-135807-346,G01-260202-135807-346.bmp,G01,2026-02-02T13:58:07,2026-02-02,G01_2026-02-02,346,train,normal,,1025,1281,1,1841d0f7bbe1b0f66ba31843bc9c9a4a13f95745ea842eb9265abfb816bf5cc3,,
1.0,G01-260202-135813-347,G01-260202-135813-347.bmp,G01,2026-02-02T13:58:13,2026-02-02,G01_2026-02-02,347,train,normal,,1025,1281,1,04fb5023b4a30f46f825d52e8160b9f236611868d63293f79377c15eceacca87,,
1.0,G01-260202-135838-348,G01-260202-135838-348.bmp,G01,2026-02-02T13:58:38,2026-02-02,G01_2026-02-02,348,train,normal,,1025,1281,1,fb0ad5ece2577331bb4d2722e63ffdbeececa9bd6835552f4f713d6968a6e8fd,,
1.0,G01-260202-135844-349,G01-260202-135844-349.bmp,G01,2026-02-02T13:58:44,2026-02-02,G01_2026-02-02,349,train,normal,,1025,1281,1,f08a66d84d61e7e17016805700c15847a8c38a40a82aaccc6de97f49d0ece2d2,,
1.0,G01-260202-135904-350,G01-260202-135904-350.bmp,G01,2026-02-02T13:59:04,2026-02-02,G01_2026-02-02,350,train,normal,,1025,1281,1,738680643b48b44e218a2a68fbc05480a30b0ff724ce03d30b8b07f3cfd15c36,,
1.0,G01-260202-135910-351,G01-260202-135910-351.bmp,G01,2026-02-02T13:59:10,2026-02-02,G01_2026-02-02,351,train,normal,,1025,1281,1,8ce9fd7053df97a5df73932b0d1654ca08ffd7af7d6e9219855cc1727b010c7e,,
1.0,G01-260202-135937-352,G01-260202-135937-352.bmp,G01,2026-02-02T13:59:37,2026-02-02,G01_2026-02-02,352,train,normal,,1025,1281,1,4d148972ce9d39dea57220a750fb1ab8cd69c87b7a46ea3479afbf2c07524788,,
1.0,G01-260202-135943-353,G01-260202-135943-353.bmp,G01,2026-02-02T13:59:43,2026-02-02,G01_2026-02-02,353,train,normal,,1025,1281,1,4a2ccd2826fa889527b0470f22cbccee9ea5a396051ac6da640d81f87f69be3e,,
1.0,G01-260202-140008-354,G01-260202-140008-354.bmp,G01,2026-02-02T14:00:08,2026-02-02,G01_2026-02-02,354,train,normal,,1025,1281,1,306367a922cadd6bff593a5c8e9337b46fd457194952ec376f1d9e46a499f4da,,
1.0,G01-260202-140014-355,G01-260202-140014-355.bmp,G01,2026-02-02T14:00:14,2026-02-02,G01_2026-02-02,355,train,normal,,1025,1281,1,60bf1bb5798b5c4c9da7210fe4f3c36a4932f767ac43b557b19f880040379af0,,
1.0,G01-260202-140038-356,G01-260202-140038-356.bmp,G01,2026-02-02T14:00:38,2026-02-02,G01_2026-02-02,356,train,normal,,1025,1281,1,582ee39f184f749a14a46b4d1d2bc0035c065b4e04e324280f93f394062dc627,,
1.0,G01-260202-140045-357,G01-260202-140045-357.bmp,G01,2026-02-02T14:00:45,2026-02-02,G01_2026-02-02,357,train,normal,,1025,1281,1,7432f54cf83206baf217bd50e135e461a7f50f836d1979cb5d546118a8d5c632,,
1.0,G01-260202-140109-358,G01-260202-140109-358.bmp,G01,2026-02-02T14:01:09,2026-02-02,G01_2026-02-02,358,train,normal,,1025,1281,1,9b0d9d2b64604bb874bb28d591ba63d1e5e5ba9f5e4ad8ff7d9637a64d4dcdec,,
1.0,G01-260202-140115-359,G01-260202-140115-359.bmp,G01,2026-02-02T14:01:15,2026-02-02,G01_2026-02-02,359,train,normal,,1025,1281,1,33a42dac2eadbe45ce51a0998cd02e75e0cab70745101f0ddaf0579f7c88c781,,
1.0,G01-260202-140138-360,G01-260202-140138-360.bmp,G01,2026-02-02T14:01:38,2026-02-02,G01_2026-02-02,360,train,normal,,1025,1281,1,77c95e3dedba1fb6b07de100085d3d43091c1aab340c62c16f129859b29f1171,,
1.0,G01-260202-140147-361,G01-260202-140147-361.bmp,G01,2026-02-02T14:01:47,2026-02-02,G01_2026-02-02,361,train,normal,,1025,1281,1,7454f37b991995d188bf1953e8f136877abb821bd72861b04101bb6b2a38e600,,
1.0,G01-260202-140205-362,G01-260202-140205-362.bmp,G01,2026-02-02T14:02:05,2026-02-02,G01_2026-02-02,362,train,normal,,1025,1281,1,61c2c9e3157bfeb2fe9d4ea3869b9b9a9d35fca692218663d14634b4ae036c12,,
1.0,G01-260202-140211-363,G01-260202-140211-363.bmp,G01,2026-02-02T14:02:11,2026-02-02,G01_2026-02-02,363,train,normal,,1025,1281,1,b418f6a05b63cfa9bdbe6ece4db3763cb4f886bd1b45a225d5fe841a39c559ca,,
1.0,G01-260202-140242-364,G01-260202-140242-364.bmp,G01,2026-02-02T14:02:42,2026-02-02,G01_2026-02-02,364,train,normal,,1025,1281,1,88b745c2c12eefd4fe27b0f4714d62c50115024fc8d62b028c1a2da0b4ea2214,,
1.0,G01-260202-140249-365,G01-260202-140249-365.bmp,G01,2026-02-02T14:02:49,2026-02-02,G01_2026-02-02,365,train,normal,,1025,1281,1,4a274de41ffd6c3f6434c43ae73b46d780c2b48be9987010d1ea5e2e18d0c2ed,,
1.0,G01-260202-140255-366,G01-260202-140255-366.bmp,G01,2026-02-02T14:02:55,2026-02-02,G01_2026-02-02,366,train,normal,,1025,1281,1,35510d2124e15f8b0eb62923bfb2b0aebdb94016e0366e1ca9ab16670dfdb870,,
1.0,G01-260202-140306-367,G01-260202-140306-367.bmp,G01,2026-02-02T14:03:06,2026-02-02,G01_2026-02-02,367,train,normal,,1025,1281,1,74b25517d82efe700712fe3a4435afb7faee4b7610d1d440256740f4016b9bd9,,
1.0,G01-260202-140337-368,G01-260202-140337-368.bmp,G01,2026-02-02T14:03:37,2026-02-02,G01_2026-02-02,368,train,normal,,1025,1281,1,cd85ca62a1f3719bbfc8c81efdecd7e462016906e48e6fe1f1b0877884f017a3,,
1.0,G01-260202-140343-369,G01-260202-140343-369.bmp,G01,2026-02-02T14:03:43,2026-02-02,G01_2026-02-02,369,train,normal,,1025,1281,1,bb320bce731226e1e3a71ec399e6e505fb5079c121ad37399cfa2cf7becca804,,
1.0,G01-260202-140408-370,G01-260202-140408-370.bmp,G01,2026-02-02T14:04:08,2026-02-02,G01_2026-02-02,370,train,normal,,1025,1281,1,ea0774d858723d1e94c68be30a63fb082bb53e417ed4b110118c2a2dd4f071b7,,
1.0,G01-260202-140445-371,G01-260202-140445-371.bmp,G01,2026-02-02T14:04:45,2026-02-02,G01_2026-02-02,371,train,normal,,1025,1281,1,4a8ef0516f4f2e1674457bba24fc1a3b0ca99d5816ff85f5b9800a3a2508b8dc,,
1.0,G01-260202-140452-372,G01-260202-140452-372.bmp,G01,2026-02-02T14:04:52,2026-02-02,G01_2026-02-02,372,train,normal,,1025,1281,1,8e79bc89dab24031cd6c1e7c58a54d3ff56b864b06029f430bfa98e9a3a5a647,,
1.0,G01-260202-140458-373,G01-260202-140458-373.bmp,G01,2026-02-02T14:04:58,2026-02-02,G01_2026-02-02,373,train,normal,,1025,1281,1,b8f67539eff9154c58822027faeb998f322ea291654478c61f364939646fc386,,
1.0,G01-260202-140535-374,G01-260202-140535-374.bmp,G01,2026-02-02T14:05:35,2026-02-02,G01_2026-02-02,374,train,normal,,1025,1281,1,5640a776cf8c4cc2285376a178832063fb929b3ad7835bcb1dda28e9bef6ba67,,
1.0,G01-260202-140541-375,G01-260202-140541-375.bmp,G01,2026-02-02T14:05:41,2026-02-02,G01_2026-02-02,375,train,normal,,1025,1281,1,d624cd9c15035c85f54f758cb5e65084ee22e56910a862137df7766b755fa837,,
1.0,G01-260202-140608-376,G01-260202-140608-376.bmp,G01,2026-02-02T14:06:08,2026-02-02,G01_2026-02-02,376,train,normal,,1025,1281,1,d326ca5c79c3219c93ac50b03daed284c5068709a42e873aa4ac30d23601d976,,
1.0,G01-260202-140614-377,G01-260202-140614-377.bmp,G01,2026-02-02T14:06:14,2026-02-02,G01_2026-02-02,377,train,normal,,1025,1281,1,b9e153b242a8f6ba46b987f5393ea0d3b005fca748f3ded3e89e7f9ac3580fc8,,
1.0,G01-260202-140635-378,G01-260202-140635-378.bmp,G01,2026-02-02T14:06:35,2026-02-02,G01_2026-02-02,378,train,normal,,1025,1281,1,4e0f80c5be732ccb074b21ec3ef243f4e0f46fb11e9e6aa4c01c81821d6a07cd,,
1.0,G01-260202-140642-379,G01-260202-140642-379.bmp,G01,2026-02-02T14:06:42,2026-02-02,G01_2026-02-02,379,train,normal,,1025,1281,1,0e3daa709616fd6c930957185405913686dcb36aee43cfacefe6f3b6ae0e7452,,
1.0,G01-260202-140707-380,G01-260202-140707-380.bmp,G01,2026-02-02T14:07:07,2026-02-02,G01_2026-02-02,380,train,normal,,1025,1281,1,98a540f114cc172803cf06c15ae4681b6c3cf994ddd1e129b16a55661f57b4cd,,
1.0,G01-260202-140713-381,G01-260202-140713-381.bmp,G01,2026-02-02T14:07:13,2026-02-02,G01_2026-02-02,381,train,normal,,1025,1281,1,fcb5759068b2eb63a04e3f26ee04919edda71e941d4da0bcc3f76ca859b57f4f,,
1.0,G01-260202-140742-382,G01-260202-140742-382.bmp,G01,2026-02-02T14:07:42,2026-02-02,G01_2026-02-02,382,train,normal,,1025,1281,1,ee3c89a848d88df4521e0e3a3cc80f3cc217d7fb16ec96e481333870abff3931,,
1.0,G01-260202-140748-383,G01-260202-140748-383.bmp,G01,2026-02-02T14:07:48,2026-02-02,G01_2026-02-02,383,train,normal,,1025,1281,1,cdc184bcc97c0f4a493997716c3679368999d6e5bf17f4b219473889788e4e74,,
1.0,G01-260202-140755-384,G01-260202-140755-384.bmp,G01,2026-02-02T14:07:55,2026-02-02,G01_2026-02-02,384,train,normal,,1025,1281,1,419aa08608bb0b4d428faa2e84f3807bcf07fc5da43e061a93ca21031b721f65,,
1.0,G01-260202-140812-385,G01-260202-140812-385.bmp,G01,2026-02-02T14:08:12,2026-02-02,G01_2026-02-02,385,train,normal,,1025,1281,1,4b09281ff799760e57ed97d84732b11c67d23b812c09d5cde3d8800d97f9c72a,,
1.0,G01-260202-140818-386,G01-260202-140818-386.bmp,G01,2026-02-02T14:08:18,2026-02-02,G01_2026-02-02,386,train,normal,,1025,1281,1,166257675d78a7b151a9cc7bcdd137a0e37a5234686adf918b5af6950d46b34f,,
1.0,G01-260202-141232-387,G01-260202-141232-387.bmp,G01,2026-02-02T14:12:32,2026-02-02,G01_2026-02-02,387,train,normal,,1025,1281,1,0ab3fb41348f1cb36aedec8e3c916ca65ac7f2a4dca884921ff4db4d8c8ab41d,,
1.0,G01-260202-141400-388,G01-260202-141400-388.bmp,G01,2026-02-02T14:14:00,2026-02-02,G01_2026-02-02,388,train,normal,,1025,1281,1,44273dd75086e99e7341ddb83170bcebbb66e3b81936e3bf2b2f179eaf4e2f5c,,
1.0,G01-260202-141407-389,G01-260202-141407-389.bmp,G01,2026-02-02T14:14:07,2026-02-02,G01_2026-02-02,389,train,normal,,1025,1281,1,176ad66475a6d7fa71c505fb9e2e0e373df793fb6075d3eb3a07547fffe10f6e,,
1.0,G01-260202-141419-390,G01-260202-141419-390.bmp,G01,2026-02-02T14:14:19,2026-02-02,G01_2026-02-02,390,train,normal,,1025,1281,1,46e7dc89f830ba90dbadd1c8e48f98d97b0ea6442a793434dbc2636a5a37968a,,
1.0,G01-260202-141425-391,G01-260202-141425-391.bmp,G01,2026-02-02T14:14:25,2026-02-02,G01_2026-02-02,391,train,normal,,1025,1281,1,1167769dbf206f559f20eead11d0379f6089e78e2178cdc557bfb863208edf36,,
1.0,G01-260202-141433-392,G01-260202-141433-392.bmp,G01,2026-02-02T14:14:33,2026-02-02,G01_2026-02-02,392,train,normal,,1025,1281,1,47a5ee22a9ca8a7426e6815da7559db1a03b7664fc5932a9f06e80fd2061c828,,
1.0,G01-260202-141446-393,G01-260202-141446-393.bmp,G01,2026-02-02T14:14:46,2026-02-02,G01_2026-02-02,393,train,normal,,1025,1281,1,eeb3608d56c4a3c50b0f24bc70fac62d97ed47390f07cba659600f3d6159ef61,,
1.0,G01-260202-141459-395,G01-260202-141459-395.bmp,G01,2026-02-02T14:14:59,2026-02-02,G01_2026-02-02,395,train,normal,,1025,1281,1,77beabd1d4b2f422ae41360c1aad3097a0a56971cd309dafdf01b15526c2f398,,
1.0,G01-260202-141514-396,G01-260202-141514-396.bmp,G01,2026-02-02T14:15:14,2026-02-02,G01_2026-02-02,396,train,normal,,1025,1281,1,b7f44c442b1a4cd5380a8db17eda7d6159b02cc6bf0e09b802995675c6ec6f30,,
1.0,G01-260202-141521-397,G01-260202-141521-397.bmp,G01,2026-02-02T14:15:21,2026-02-02,G01_2026-02-02,397,train,normal,,1025,1281,1,0ccf5a1dc6e0dc8a179cf0b01e65935e8cbde861b942c5e6dfccc29b46796b69,,
1.0,G01-260202-141529-398,G01-260202-141529-398.bmp,G01,2026-02-02T14:15:29,2026-02-02,G01_2026-02-02,398,train,normal,,1025,1281,1,4dc2ac1b6593e91922e3963527be1106f6cb084a1d906a7d7b4c64f311220679,,
1.0,G01-260202-141538-399,G01-260202-141538-399.bmp,G01,2026-02-02T14:15:38,2026-02-02,G01_2026-02-02,399,train,normal,,1025,1281,1,adbd0ecb2be506a68b5234bdcf1aa2931066f3e491dcded971b51b25987747cf,,
1.0,G01-260202-141544-400,G01-260202-141544-400.bmp,G01,2026-02-02T14:15:44,2026-02-02,G01_2026-02-02,400,train,normal,,1025,1281,1,fc8cee8691020ff5c5d3d888ba2dbbe9efbd7c886fa26d29d8e952e1eca40647,,
1.0,G01-260202-141554-401,G01-260202-141554-401.bmp,G01,2026-02-02T14:15:54,2026-02-02,G01_2026-02-02,401,train,normal,,1025,1281,1,dfaaea7acd23a256ca11b320d1d9bc832d4035d7fca719be8c5162819254a7bb,,
1.0,G01-260202-141609-402,G01-260202-141609-402.bmp,G01,2026-02-02T14:16:09,2026-02-02,G01_2026-02-02,402,train,normal,,1025,1281,1,bf10355494243c7b254fef5cec617f8442337a6822eacb12239d5a95864e1a70,,
1.0,G01-260202-141615-403,G01-260202-141615-403.bmp,G01,2026-02-02T14:16:15,2026-02-02,G01_2026-02-02,403,train,normal,,1025,1281,1,69ed016bceccea9c0b8311366600545a89603e6d4f51880f00fd3f07f6f732c8,,
1.0,G01-260202-141628-404,G01-260202-141628-404.bmp,G01,2026-02-02T14:16:28,2026-02-02,G01_2026-02-02,404,train,normal,,1025,1281,1,97cfd173f859f4fbc561b163638505f82bbe272cd6f56e33c72107db2b54897f,,
1.0,G01-260202-141637-405,G01-260202-141637-405.bmp,G01,2026-02-02T14:16:37,2026-02-02,G01_2026-02-02,405,train,normal,,1025,1281,1,ae36abb6ad524bcdef9d48229a4c89193adf74da6004be54bbc27e2b344d8c19,,
1.0,G01-260202-141644-406,G01-260202-141644-406.bmp,G01,2026-02-02T14:16:44,2026-02-02,G01_2026-02-02,406,train,normal,,1025,1281,1,8f09dbf2ac15b1e3c932598af071a987edba2df49eb13d76e4a056f2a05849f0,,
1.0,G01-260202-141650-407,G01-260202-141650-407.bmp,G01,2026-02-02T14:16:50,2026-02-02,G01_2026-02-02,407,train,normal,,1025,1281,1,af46469cba1a07be871f6c71f13db9e1d2a9500eff6fdf32b98dbc19de0eb296,,
1.0,G01-260202-141658-408,G01-260202-141658-408.bmp,G01,2026-02-02T14:16:58,2026-02-02,G01_2026-02-02,408,train,normal,,1025,1281,1,756635828cfa5298dbf500f632efeb0d6afc5afa18e6bec7210e301301c886bc,,
1.0,G01-260202-141708-409,G01-260202-141708-409.bmp,G01,2026-02-02T14:17:08,2026-02-02,G01_2026-02-02,409,train,normal,,1025,1281,1,ad780031a3245a7baae4ac07817dff194f1e5ad6ea84bc14082459dc615c1719,,
1.0,G01-260202-141723-410,G01-260202-141723-410.bmp,G01,2026-02-02T14:17:23,2026-02-02,G01_2026-02-02,410,train,normal,,1025,1281,1,63986eaf97dcff9611267054065dc8ea3b1db5e003ec03658a9c623b08f49139,,
1.0,G01-260202-141729-411,G01-260202-141729-411.bmp,G01,2026-02-02T14:17:29,2026-02-02,G01_2026-02-02,411,train,normal,,1025,1281,1,3951c80d9dc5bbbe914d20ad476b49b815b77af4f6cc8a8c1fdd01a43134b634,,
1.0,G01-260202-141745-413,G01-260202-141745-413.bmp,G01,2026-02-02T14:17:45,2026-02-02,G01_2026-02-02,413,train,normal,,1025,1281,1,8c02bf3e3c5760dc4b94c48df3d9302496cdd4433c2a7ee0dcade480c3e0c75b,,
1.0,G01-260202-141754-414,G01-260202-141754-414.bmp,G01,2026-02-02T14:17:54,2026-02-02,G01_2026-02-02,414,train,normal,,1025,1281,1,a8f25f0a256b431c00ea0a896b389b3681ab0cf406e20c1c41f547c7fd8e9081,,
1.0,G01-260202-141813-415,G01-260202-141813-415.bmp,G01,2026-02-02T14:18:13,2026-02-02,G01_2026-02-02,415,train,normal,,1025,1281,1,61bb8f513d1a2a9dbd1e0878107e50dc8fc8c2dba2aeb629b05afe83dc79a39f,,
1.0,G01-260202-141819-416,G01-260202-141819-416.bmp,G01,2026-02-02T14:18:19,2026-02-02,G01_2026-02-02,416,train,normal,,1025,1281,1,db209afd9cc4d8c6b9030001d27497539a9c2035f3cee7ccb8feabf506a03f99,,
1.0,G01-260202-141826-417,G01-260202-141826-417.bmp,G01,2026-02-02T14:18:26,2026-02-02,G01_2026-02-02,417,train,normal,,1025,1281,1,9ab54adaffab02385e1ea5a034dd4d870cf0bb4f40fc1e2eb1cfc62b10bc4ba5,,
1.0,G01-260202-141834-418,G01-260202-141834-418.bmp,G01,2026-02-02T14:18:34,2026-02-02,G01_2026-02-02,418,train,normal,,1025,1281,1,900113dd623f1d558972611f8db7b9ccf92d790ab07e30216f7bce9bb0481571,,
1.0,G01-260202-141843-419,G01-260202-141843-419.bmp,G01,2026-02-02T14:18:43,2026-02-02,G01_2026-02-02,419,train,normal,,1025,1281,1,32f4f3be4243e10ec8295a987082f239a6971970177838abf472b3e28cfbcef2,,
1.0,G01-260202-141855-420,G01-260202-141855-420.bmp,G01,2026-02-02T14:18:55,2026-02-02,G01_2026-02-02,420,train,normal,,1025,1281,1,1424d576f4a1609a879f09442f8550795b31bfeaa14ba8e3ec2b3efc7af8ce90,,
1.0,G01-260202-141903-421,G01-260202-141903-421.bmp,G01,2026-02-02T14:19:03,2026-02-02,G01_2026-02-02,421,train,normal,,1025,1281,1,f9eb436b0938617ad1ecab91b4ae3b43a63d7a56f7625813130f1d40d5470e43,,
1.0,G01-260202-141918-422,G01-260202-141918-422.bmp,G01,2026-02-02T14:19:18,2026-02-02,G01_2026-02-02,422,train,normal,,1025,1281,1,3d62e4eaec8f0ccebc51a16c014e3429b18e47da7b7a171b6b62229d8a831531,,
1.0,G01-260202-141924-423,G01-260202-141924-423.bmp,G01,2026-02-02T14:19:24,2026-02-02,G01_2026-02-02,423,train,normal,,1025,1281,1,bb9d1fbbb7b1babb1cfee42f3b1c8763f430e9b935a350049a84aae189e5228c,,
1.0,G01-260202-141933-424,G01-260202-141933-424.bmp,G01,2026-02-02T14:19:33,2026-02-02,G01_2026-02-02,424,train,normal,,1025,1281,1,983a45c6e5f5ca0221640fd32f3eec295e75f7ee655985cedc689f7edfc31f76,,
1.0,G01-260202-141943-425,G01-260202-141943-425.bmp,G01,2026-02-02T14:19:43,2026-02-02,G01_2026-02-02,425,train,normal,,1025,1281,1,f636fefdf480aef5fefc4b795f33514455815d7533171bc19b44c63444a7eb85,,
1.0,G01-260202-141955-426,G01-260202-141955-426.bmp,G01,2026-02-02T14:19:55,2026-02-02,G01_2026-02-02,426,train,normal,,1025,1281,1,730beae0d808cccdf435b7a58768dc1bf4a659ee3568bd1d59ec1e7820ec0879,,
1.0,G01-260202-142004-427,G01-260202-142004-427.bmp,G01,2026-02-02T14:20:04,2026-02-02,G01_2026-02-02,427,train,normal,,1025,1281,1,7055c9b65a60d52d32b81d8455ad6c9d13ddf1b3e3501356b746fb739ec2b55c,,
1.0,G01-260202-142014-428,G01-260202-142014-428.bmp,G01,2026-02-02T14:20:14,2026-02-02,G01_2026-02-02,428,train,normal,,1025,1281,1,2765f5c0e966f51a43fc242b21ff9adac7106e29e40c6ea6ba76e441bd632451,,
1.0,G01-260202-142020-429,G01-260202-142020-429.bmp,G01,2026-02-02T14:20:20,2026-02-02,G01_2026-02-02,429,train,normal,,1025,1281,1,487b18d88c3f96ee882874399250c2bffc6e7131fb29f483d385e008b47e1484,,
1.0,G01-260202-142027-430,G01-260202-142027-430.bmp,G01,2026-02-02T14:20:27,2026-02-02,G01_2026-02-02,430,train,normal,,1025,1281,1,ef79ebf5e6a8dcd88a45f57872092ee14895d00103071fd9fccffa740efe8a71,,
1.0,G01-260202-142040-431,G01-260202-142040-431.bmp,G01,2026-02-02T14:20:40,2026-02-02,G01_2026-02-02,431,train,normal,,1025,1281,1,0e7eac8f5e62e05d1e5ecf68aa8fe279d6a9c28571cd747cbd457bb321ee5188,,
1.0,G01-260202-142047-432,G01-260202-142047-432.bmp,G01,2026-02-02T14:20:47,2026-02-02,G01_2026-02-02,432,train,normal,,1025,1281,1,68e9c3a7bdfe13410b018686e52b5cadfe8aa78146375672cb6fbc1ea7624390,,
1.0,G01-260202-142110-433,G01-260202-142110-433.bmp,G01,2026-02-02T14:21:10,2026-02-02,G01_2026-02-02,433,train,normal,,1025,1281,1,f6a7a9f680949771e2d95590526c7521301d6598cb981158b78d161b0dcef0d0,,
1.0,G01-260202-142117-434,G01-260202-142117-434.bmp,G01,2026-02-02T14:21:17,2026-02-02,G01_2026-02-02,434,train,normal,,1025,1281,1,d29502abd1f826929d52364fe8a2f74f0b551419d3e4d23df9ad51729d11919e,,
1.0,G01-260202-142140-435,G01-260202-142140-435.bmp,G01,2026-02-02T14:21:40,2026-02-02,G01_2026-02-02,435,train,normal,,1025,1281,1,ce11859d8aa15ed33ca89cfb7b5e1a7bc95327d48ea64ae477fec13e941d5c5f,,
1.0,G01-260202-142147-436,G01-260202-142147-436.bmp,G01,2026-02-02T14:21:47,2026-02-02,G01_2026-02-02,436,train,normal,,1025,1281,1,9682d738702297acfd382aac59cf49aad7d1409b1eca5f546ad40fa9d969e937,,
1.0,G01-260202-142210-437,G01-260202-142210-437.bmp,G01,2026-02-02T14:22:10,2026-02-02,G01_2026-02-02,437,train,normal,,1025,1281,1,e3b35d664da55a920e16deab6880b7f52936b5ab55d46d9755cfbd051ea93b5a,,
1.0,G01-260202-142216-438,G01-260202-142216-438.bmp,G01,2026-02-02T14:22:16,2026-02-02,G01_2026-02-02,438,train,normal,,1025,1281,1,ef436d4c02fccf80be03d4fe6458c6b862c59fb935e5770a02d879b569167b2a,,
1.0,G01-260202-142234-439,G01-260202-142234-439.bmp,G01,2026-02-02T14:22:34,2026-02-02,G01_2026-02-02,439,train,normal,,1025,1281,1,b500742e714729cbb18d120ac37877e43dec96c5b917fbb72254e8d65b918b02,,
1.0,G01-260202-142240-440,G01-260202-142240-440.bmp,G01,2026-02-02T14:22:40,2026-02-02,G01_2026-02-02,440,train,normal,,1025,1281,1,0afbf5878d88966ff1aa82d6db2c85abff64b2173382629e0ac191fbc2df4a20,,
1.0,G01-260202-142302-441,G01-260202-142302-441.bmp,G01,2026-02-02T14:23:02,2026-02-02,G01_2026-02-02,441,train,normal,,1025,1281,1,af9dcc0bb45af701ea715d4b4362fdab001920ba97cf0919855f6910a2de484a,,
1.0,G01-260202-142314-442,G01-260202-142314-442.bmp,G01,2026-02-02T14:23:14,2026-02-02,G01_2026-02-02,442,train,normal,,1025,1281,1,33514bc42b4a8a594913384195c9bcea1bd97fa9eb8b2969834bf286cb554131,,
1.0,G01-260202-142323-443,G01-260202-142323-443.bmp,G01,2026-02-02T14:23:23,2026-02-02,G01_2026-02-02,443,train,normal,,1025,1281,1,9ee7c232118aef46ebd2f9a3fc6d63c2ac30d0e5de9197e435d9bf68d1bdf1d4,,
1.0,G01-260202-142338-444,G01-260202-142338-444.bmp,G01,2026-02-02T14:23:38,2026-02-02,G01_2026-02-02,444,train,normal,,1025,1281,1,0092778591ff4176a3b541db6fd5c1c6c16de72ca416718df6b98bc3d1af4c66,,
1.0,G01-260202-142404-445,G01-260202-142404-445.bmp,G01,2026-02-02T14:24:04,2026-02-02,G01_2026-02-02,445,train,normal,,1025,1281,1,922e24fef70f77fb163f736f47b83aa0a59795770e0de0439518d5607812dd3b,,
1.0,G01-260202-142410-446,G01-260202-142410-446.bmp,G01,2026-02-02T14:24:10,2026-02-02,G01_2026-02-02,446,train,normal,,1025,1281,1,45336a6f02963de9bb03523ca3253307dfa66e2bccad6abd729e44d34eda7a79,,
1.0,G01-260202-142439-447,G01-260202-142439-447.bmp,G01,2026-02-02T14:24:39,2026-02-02,G01_2026-02-02,447,train,normal,,1025,1281,1,5d45e5fc12469c849fa35ee45c8790b6722a62b918c9c3825fa38b965e735e96,,
1.0,G01-260202-142445-448,G01-260202-142445-448.bmp,G01,2026-02-02T14:24:45,2026-02-02,G01_2026-02-02,448,train,normal,,1025,1281,1,ebb94c03dfbcd95a318308176d46df60ab6b6d0f19fe2d6ed9972401e3c669ec,,
1.0,G01-260202-142510-449,G01-260202-142510-449.bmp,G01,2026-02-02T14:25:10,2026-02-02,G01_2026-02-02,449,train,normal,,1025,1281,1,1811f113019c675d3846743deaf528f2258a4e14e88c213877752cf070ed6cd0,,
1.0,G01-260202-142517-450,G01-260202-142517-450.bmp,G01,2026-02-02T14:25:17,2026-02-02,G01_2026-02-02,450,train,normal,,1025,1281,1,06488de1c4f839ecab4d7f2afcab6e1eb7e72dd4cd5bad402ec84e7a5cbbffdb,,
1.0,G01-260202-142541-451,G01-260202-142541-451.bmp,G01,2026-02-02T14:25:41,2026-02-02,G01_2026-02-02,451,train,normal,,1025,1281,1,78292284be2d684d36a3917020bfd870b0269feebd3812451debed10bc570323,,
1.0,G01-260202-142548-452,G01-260202-142548-452.bmp,G01,2026-02-02T14:25:48,2026-02-02,G01_2026-02-02,452,train,normal,,1025,1281,1,425d854fb618d14c07b378fb04c2121e62b71efa1c445d8a3e57ba987c1bd22d,,
1.0,G01-260202-142608-453,G01-260202-142608-453.bmp,G01,2026-02-02T14:26:08,2026-02-02,G01_2026-02-02,453,train,normal,,1025,1281,1,7e90c608d6f7b57c5e13c877ea47febcfdb4e47f5cae4c5dcc0d518dc6c87deb,,
1.0,G01-260202-142615-454,G01-260202-142615-454.bmp,G01,2026-02-02T14:26:15,2026-02-02,G01_2026-02-02,454,train,normal,,1025,1281,1,019f04c1553440f916d0c10fdc65817b194992f966dc143a5a1949067dc4f958,,
1.0,G01-260202-142637-455,G01-260202-142637-455.bmp,G01,2026-02-02T14:26:37,2026-02-02,G01_2026-02-02,455,train,normal,,1025,1281,1,80ac636b26f6a4316188b5e68c0f0fd1ca84480fae1c57ae2b7906d0e1691885,,
1.0,G01-260202-142643-456,G01-260202-142643-456.bmp,G01,2026-02-02T14:26:43,2026-02-02,G01_2026-02-02,456,train,normal,,1025,1281,1,0f27ebaffd9731a75213abed7515427002af467e9cc998b106e35ee9680a4cc4,,
1.0,G01-260202-142707-457,G01-260202-142707-457.bmp,G01,2026-02-02T14:27:07,2026-02-02,G01_2026-02-02,457,train,normal,,1025,1281,1,9e855ea9942089a5b15e28dc9e9193255525cc9c63657f8387f2448df9bf724c,,
1.0,G01-260202-142713-458,G01-260202-142713-458.bmp,G01,2026-02-02T14:27:13,2026-02-02,G01_2026-02-02,458,train,normal,,1025,1281,1,855e5da0c9dc3bccfa8e74156096a50448cb478bdea0802e61c81d91ff00ea8f,,
1.0,G01-260202-142734-459,G01-260202-142734-459.bmp,G01,2026-02-02T14:27:34,2026-02-02,G01_2026-02-02,459,train,normal,,1025,1281,1,a86f8cfe7b037b5db3f03f1079b43fa385ffab42b68bfbbcd4c36767bdcc305c,,
1.0,G01-260202-142740-460,G01-260202-142740-460.bmp,G01,2026-02-02T14:27:40,2026-02-02,G01_2026-02-02,460,train,normal,,1025,1281,1,9ddc1ad30432b23ebc5781e0520db9e5b1e766a757e22c726eeaeba653c63162,,
1.0,G01-260202-142803-461,G01-260202-142803-461.bmp,G01,2026-02-02T14:28:03,2026-02-02,G01_2026-02-02,461,train,normal,,1025,1281,1,7feebc79bee2ec1474bc33979c0a931ff452907de990611831a52a1d94bfe818,,
1.0,G01-260202-142809-462,G01-260202-142809-462.bmp,G01,2026-02-02T14:28:09,2026-02-02,G01_2026-02-02,462,train,normal,,1025,1281,1,77bd2a010c2b51e79e71c2034aeddb7bf3384f9123a82fec4cf1ec2a259e2259,,
1.0,G01-260202-142833-463,G01-260202-142833-463.bmp,G01,2026-02-02T14:28:33,2026-02-02,G01_2026-02-02,463,train,normal,,1025,1281,1,92781f48a57893eb81ba140a0d2d53db76283eb6d713c1e9810606f865bfd243,,
1.0,G01-260202-142840-464,G01-260202-142840-464.bmp,G01,2026-02-02T14:28:40,2026-02-02,G01_2026-02-02,464,train,normal,,1025,1281,1,9c95ecd6504aaefabc2dfb053f1985683bca662d476c341cc5a71c95b4395445,,
1.0,G01-260202-142857-465,G01-260202-142857-465.bmp,G01,2026-02-02T14:28:57,2026-02-02,G01_2026-02-02,465,train,normal,,1025,1281,1,fbd60af62e7cb9bdd8507ec4dcfd9114592a0e86dfcb9561869242312e59fed6,,
1.0,G01-260202-142913-466,G01-260202-142913-466.bmp,G01,2026-02-02T14:29:13,2026-02-02,G01_2026-02-02,466,train,normal,,1025,1281,1,a49999a22232e9869562739569fb6284cd9e70c8c6227be3054f0bdceb599c91,,
1.0,G01-260202-142946-467,G01-260202-142946-467.bmp,G01,2026-02-02T14:29:46,2026-02-02,G01_2026-02-02,467,train,normal,,1025,1281,1,6ae60ff9dade397ece70c568836ecd3be95517cde0031e30ea4b1a48d4bc1207,,
1.0,G01-260202-142952-468,G01-260202-142952-468.bmp,G01,2026-02-02T14:29:52,2026-02-02,G01_2026-02-02,468,train,normal,,1025,1281,1,332ea52baababa6730a81487d6545fbafd965620ad8051a427b789aa380044f0,,
1.0,G01-260202-143010-469,G01-260202-143010-469.bmp,G01,2026-02-02T14:30:10,2026-02-02,G01_2026-02-02,469,train,normal,,1025,1281,1,116a7dc0421b3530f323bd99f4c87e16e9d39137e352f29d0a2dddce1693706c,,
1.0,G01-260202-143016-470,G01-260202-143016-470.bmp,G01,2026-02-02T14:30:16,2026-02-02,G01_2026-02-02,470,train,normal,,1025,1281,1,69de0e4433e576d3f0ce0aaa837e83ff152435c2a7b1e69eb565065d967e1327,,
1.0,G01-260202-143040-471,G01-260202-143040-471.bmp,G01,2026-02-02T14:30:40,2026-02-02,G01_2026-02-02,471,train,normal,,1025,1281,1,23875ffb3f53329582f7194ece1d07eed2dead1e9dfa9396b31ae0cb0085f729,,
1.0,G01-260202-143047-472,G01-260202-143047-472.bmp,G01,2026-02-02T14:30:47,2026-02-02,G01_2026-02-02,472,train,normal,,1025,1281,1,ed065a97fbc75af640c81b845b4f40bd7e9645ed2d97d4dc3d2c3dcc852f730e,,
1.0,G01-260202-143109-473,G01-260202-143109-473.bmp,G01,2026-02-02T14:31:09,2026-02-02,G01_2026-02-02,473,train,normal,,1025,1281,1,676e8351dc63b4c03826c9fc20fb008a03ec9742cff6939541a9c482b154ae91,,
1.0,G01-260202-143115-474,G01-260202-143115-474.bmp,G01,2026-02-02T14:31:15,2026-02-02,G01_2026-02-02,474,train,normal,,1025,1281,1,78d4981a2ef5b474c107a58f0161624c5ebb9998aa7bf2a190f137e548eace69,,
1.0,G01-260202-143142-475,G01-260202-143142-475.bmp,G01,2026-02-02T14:31:42,2026-02-02,G01_2026-02-02,475,train,normal,,1025,1281,1,70d2fb0e42419bf00999131e08b18103bd9b612c133840acb9eb91cead09e7dd,,
1.0,G01-260202-143148-476,G01-260202-143148-476.bmp,G01,2026-02-02T14:31:48,2026-02-02,G01_2026-02-02,476,train,normal,,1025,1281,1,074143171009866c529e679bed7e268e3d1392259a7919429486dfa30b99ed28,,
1.0,G01-260202-143211-477,G01-260202-143211-477.bmp,G01,2026-02-02T14:32:11,2026-02-02,G01_2026-02-02,477,train,normal,,1025,1281,1,1112115b10fc92881b54fdc0924f2b11f703ced75890f98ba8dcca3dadd93463,,
1.0,G01-260202-143217-478,G01-260202-143217-478.bmp,G01,2026-02-02T14:32:17,2026-02-02,G01_2026-02-02,478,train,normal,,1025,1281,1,e11483ffe87c1b5372f1cff1cb397db043dc1f108b9e568333ee6ad44d310fcc,,
1.0,G01-260202-143238-479,G01-260202-143238-479.bmp,G01,2026-02-02T14:32:38,2026-02-02,G01_2026-02-02,479,train,normal,,1025,1281,1,ecbe355f059de3e7b2ddefd289880c2b092e14216c275df5384917d908da58b0,,
1.0,G01-260202-143244-480,G01-260202-143244-480.bmp,G01,2026-02-02T14:32:44,2026-02-02,G01_2026-02-02,480,train,normal,,1025,1281,1,1cde6d7d12977a8f4b62d41c1948de9b2bb1505d809e4117282368c7c3119c48,,
1.0,G01-260202-143309-481,G01-260202-143309-481.bmp,G01,2026-02-02T14:33:09,2026-02-02,G01_2026-02-02,481,train,normal,,1025,1281,1,4860a956fcc6d24698dba8d47893899a76dd5666ac0430dda2793c259515e07b,,
1.0,G01-260202-143315-482,G01-260202-143315-482.bmp,G01,2026-02-02T14:33:15,2026-02-02,G01_2026-02-02,482,train,normal,,1025,1281,1,510abdbbbe5f2a5533118c7364ccfebb61059ed2492875bfb93a64d6c12677b3,,
1.0,G01-260202-143342-483,G01-260202-143342-483.bmp,G01,2026-02-02T14:33:42,2026-02-02,G01_2026-02-02,483,train,normal,,1025,1281,1,55c902b63eba70cae03e2fd7f87879844e65221b0816ed25e6634ae332b9dafd,,
1.0,G01-260202-143348-484,G01-260202-143348-484.bmp,G01,2026-02-02T14:33:48,2026-02-02,G01_2026-02-02,484,train,normal,,1025,1281,1,7b39eddf0ed9e06fd261348df786d5aeb04f332a7411c657ec3dbe2627776e4a,,
1.0,G01-260202-143410-485,G01-260202-143410-485.bmp,G01,2026-02-02T14:34:10,2026-02-02,G01_2026-02-02,485,train,normal,,1025,1281,1,ba19195199ec518144925754134af8673dddf0b2ef8e2b342023e93cbccb3d87,,
1.0,G01-260202-143416-486,G01-260202-143416-486.bmp,G01,2026-02-02T14:34:16,2026-02-02,G01_2026-02-02,486,train,normal,,1025,1281,1,25bbe025f02cd3e4546400dfcb2eb2e37b8e59666df6c4f7c1d7d0ae58ea3e91,,
1.0,G01-260202-143442-487,G01-260202-143442-487.bmp,G01,2026-02-02T14:34:42,2026-02-02,G01_2026-02-02,487,train,normal,,1025,1281,1,0388cb3fb060392b64a05c6e9ab23774a533002ff04b13f0544355f1f7111b24,,
1.0,G01-260202-143449-488,G01-260202-143449-488.bmp,G01,2026-02-02T14:34:49,2026-02-02,G01_2026-02-02,488,train,normal,,1025,1281,1,8a008ba71e31f5ba2bbff8af572fd96f457adf0108041a1bc7208748842119ef,,
1.0,G01-260202-143509-489,G01-260202-143509-489.bmp,G01,2026-02-02T14:35:09,2026-02-02,G01_2026-02-02,489,train,normal,,1025,1281,1,f5b027abe8bda467b6defd51274ef5932a59310c3bc084b006a0e0855e1ae293,,
1.0,G01-260202-143516-490,G01-260202-143516-490.bmp,G01,2026-02-02T14:35:16,2026-02-02,G01_2026-02-02,490,train,normal,,1025,1281,1,c34213832b655aae8ed7144ea66d33ac8fba7ff2e9728bebfdce2bdffcb1325c,,
1.0,G01-260202-143541-491,G01-260202-143541-491.bmp,G01,2026-02-02T14:35:41,2026-02-02,G01_2026-02-02,491,train,normal,,1025,1281,1,7cec83871fceb9ef3c4c21a28928faaecf792a5acc4387c543b3ff5d2b36f305,,
1.0,G01-260202-143547-492,G01-260202-143547-492.bmp,G01,2026-02-02T14:35:47,2026-02-02,G01_2026-02-02,492,train,normal,,1025,1281,1,0ca1f1ccea4550a054a78d27b377fe2a691226e42d532b7fa67671ee4b53760d,,
1.0,G01-260202-143611-493,G01-260202-143611-493.bmp,G01,2026-02-02T14:36:11,2026-02-02,G01_2026-02-02,493,train,normal,,1025,1281,1,d275ff2a464105254467aca4957451d38e6dd2c6ae8e57c9b8ad24350c9b19d5,,
1.0,G01-260202-143618-494,G01-260202-143618-494.bmp,G01,2026-02-02T14:36:18,2026-02-02,G01_2026-02-02,494,train,normal,,1025,1281,1,db776e3d349747c6562a14955a99cac927cabdc68f328f4f9a2f74ef93790c0b,,
1.0,G01-260202-143641-495,G01-260202-143641-495.bmp,G01,2026-02-02T14:36:41,2026-02-02,G01_2026-02-02,495,train,normal,,1025,1281,1,ef2d47865e750f38463ad4572aae573cd4ecc20423bfd0d126f0aae431b4aca3,,
1.0,G01-260202-143648-496,G01-260202-143648-496.bmp,G01,2026-02-02T14:36:48,2026-02-02,G01_2026-02-02,496,train,normal,,1025,1281,1,b81158e583c6e7561a7ca81ef57ed51ba139566eb8cbaafd9547b76a6a954c37,,
1.0,G01-260202-143712-497,G01-260202-143712-497.bmp,G01,2026-02-02T14:37:12,2026-02-02,G01_2026-02-02,497,train,normal,,1025,1281,1,91b30a6d45e976b25966cbeb2efb1b79e1885c3bf5282e1bdeb26e5de2e7b116,,
1.0,G01-260202-143718-498,G01-260202-143718-498.bmp,G01,2026-02-02T14:37:18,2026-02-02,G01_2026-02-02,498,train,normal,,1025,1281,1,9e15744ddb1d261c822a68c557bfc30462dc01ff8939850b8c09fbfbe7d55329,,
1.0,G01-260202-143740-499,G01-260202-143740-499.bmp,G01,2026-02-02T14:37:40,2026-02-02,G01_2026-02-02,499,train,normal,,1025,1281,1,2eeb6942633e3f6f03cead2b6b16db826b64eb03186044e643f70cc0e02c7a9e,,
1.0,G01-260202-143747-500,G01-260202-143747-500.bmp,G01,2026-02-02T14:37:47,2026-02-02,G01_2026-02-02,500,train,normal,,1025,1281,1,971265abb24f10bf5cb5f7b2526506a951b495b62794aec90a256c023905ad4e,,
1.0,G01-260202-143812-501,G01-260202-143812-501.bmp,G01,2026-02-02T14:38:12,2026-02-02,G01_2026-02-02,501,train,normal,,1025,1281,1,81b7d42fdcdf0ddeeead2121e6949749f66b2db7c1862f95b4ff93e7a278bbdb,,
1.0,G01-260202-143818-502,G01-260202-143818-502.bmp,G01,2026-02-02T14:38:18,2026-02-02,G01_2026-02-02,502,train,normal,,1025,1281,1,4817bb82b2e07387daae2660615346768baa784fa09b568d0bbf789692ac0d05,,
1.0,G01-260202-143842-503,G01-260202-143842-503.bmp,G01,2026-02-02T14:38:42,2026-02-02,G01_2026-02-02,503,train,normal,,1025,1281,1,a3cec60a0ab3378193512079a6c625ebb281d520b28ac4135148e2889babc2ea,,
1.0,G01-260202-143849-504,G01-260202-143849-504.bmp,G01,2026-02-02T14:38:49,2026-02-02,G01_2026-02-02,504,train,normal,,1025,1281,1,45fe9fe7e91f5199efad5bd56ef1cdcd0a6658a6c34b9d92e86cb727d808af4d,,
1.0,G01-260202-143911-505,G01-260202-143911-505.bmp,G01,2026-02-02T14:39:11,2026-02-02,G01_2026-02-02,505,train,normal,,1025,1281,1,16a0000ad45e7604c741fdd141a95ae125d29021b868e46f328e76ecf60cf489,,
1.0,G01-260202-143917-506,G01-260202-143917-506.bmp,G01,2026-02-02T14:39:17,2026-02-02,G01_2026-02-02,506,train,normal,,1025,1281,1,4b0c6b5bd512cb5e1e8fe3bcee0fb4baaa256946e4d7cd897ca0ee1c60aa821c,,
1.0,G01-260202-143942-507,G01-260202-143942-507.bmp,G01,2026-02-02T14:39:42,2026-02-02,G01_2026-02-02,507,train,normal,,1025,1281,1,46522ec6d3c38d4ad1af18ece8029d38be72a021779523655c880afb3d715bac,,
1.0,G01-260202-143949-508,G01-260202-143949-508.bmp,G01,2026-02-02T14:39:49,2026-02-02,G01_2026-02-02,508,train,normal,,1025,1281,1,248fdffe73dafbb8ef5ccbc0a7a853043b9a8e93dd88641d3d0992a6681df9d7,,
1.0,G01-260202-144014-509,G01-260202-144014-509.bmp,G01,2026-02-02T14:40:14,2026-02-02,G01_2026-02-02,509,train,normal,,1025,1281,1,711c11e5c0b824c44b7e07a21e6138be1de4f70a6e1748e018423650ad685721,,
1.0,G01-260202-144020-510,G01-260202-144020-510.bmp,G01,2026-02-02T14:40:20,2026-02-02,G01_2026-02-02,510,train,normal,,1025,1281,1,f819c5eb9e73a3279a5555c1e97105d40793220a61b885d1600f06abf8d3f662,,
1.0,G01-260202-144042-511,G01-260202-144042-511.bmp,G01,2026-02-02T14:40:42,2026-02-02,G01_2026-02-02,511,train,normal,,1025,1281,1,a7b479215a0131f2acaed2d0a0e1d8608cc2eb2ee3e491dd2af1db81a2da9c94,,
1.0,G01-260202-144048-512,G01-260202-144048-512.bmp,G01,2026-02-02T14:40:48,2026-02-02,G01_2026-02-02,512,train,normal,,1025,1281,1,808bab28a0921b47501d05efadc951161dd21161a8e31ff3683946f0ad79e588,,
1.0,G01-260202-144113-513,G01-260202-144113-513.bmp,G01,2026-02-02T14:41:13,2026-02-02,G01_2026-02-02,513,train,normal,,1025,1281,1,0ee652b1f189a4faf02698af18f2247cb8c67377bc9a442f34a7c7f6d3a8d03e,,
1.0,G01-260202-144119-514,G01-260202-144119-514.bmp,G01,2026-02-02T14:41:19,2026-02-02,G01_2026-02-02,514,train,normal,,1025,1281,1,9e9f7f8353a5554d3d1e62a8df4dcdebe77c807159d6ead4ee010601988a9a39,,
1.0,G01-260202-144141-515,G01-260202-144141-515.bmp,G01,2026-02-02T14:41:41,2026-02-02,G01_2026-02-02,515,train,normal,,1025,1281,1,08bd91d779ef7b3e6ec7f1d2d30991e3f3f8e06d6e4a67dc843d52099b1ae540,,
1.0,G01-260202-144147-516,G01-260202-144147-516.bmp,G01,2026-02-02T14:41:47,2026-02-02,G01_2026-02-02,516,train,normal,,1025,1281,1,e634f91729b7e4e7d1074672c9713e08c9d6ea6054f37615c9b6eee4a86444a7,,
1.0,G01-260202-144211-517,G01-260202-144211-517.bmp,G01,2026-02-02T14:42:11,2026-02-02,G01_2026-02-02,517,train,normal,,1025,1281,1,4c81b6c2318365a16a95f48397447d6b1ae2f423a31de1d960a04185fb452147,,
1.0,G01-260202-144218-518,G01-260202-144218-518.bmp,G01,2026-02-02T14:42:18,2026-02-02,G01_2026-02-02,518,train,normal,,1025,1281,1,3ec4d0139d54bdb5cc91b0a471e491d6716c5acd03caaeb16b011aecf0cf2508,,
1.0,G01-260202-144243-519,G01-260202-144243-519.bmp,G01,2026-02-02T14:42:43,2026-02-02,G01_2026-02-02,519,train,normal,,1025,1281,1,00741121450c0b3b12a164b4500d298ae2810d8e95fe9e46c60a180eef832ba4,,
1.0,G01-260202-144251-520,G01-260202-144251-520.bmp,G01,2026-02-02T14:42:51,2026-02-02,G01_2026-02-02,520,train,normal,,1025,1281,1,f04c67f909d818fd6cefa655d416535dea3d579e37567522979668463fdc709d,,
1.0,G01-260202-144307-521,G01-260202-144307-521.bmp,G01,2026-02-02T14:43:07,2026-02-02,G01_2026-02-02,521,train,normal,,1025,1281,1,29bb26b05bef433460f08372cc8f39560cebf67c2e60eae2ee2a49acf9fe97f4,,
1.0,G01-260202-144314-522,G01-260202-144314-522.bmp,G01,2026-02-02T14:43:14,2026-02-02,G01_2026-02-02,522,train,normal,,1025,1281,1,7a6e30d6a3f6cf2f168a0169f7e6cbd458df0657ad99daf037743cb4ad1c28c3,,
1.0,G01-260202-144342-523,G01-260202-144342-523.bmp,G01,2026-02-02T14:43:42,2026-02-02,G01_2026-02-02,523,train,normal,,1025,1281,1,3901a6416c7c8dd3527c7b7070ac4545dc8fcd6b1ef14bdc50ebbd12d16bfad5,,
1.0,G01-260202-144348-524,G01-260202-144348-524.bmp,G01,2026-02-02T14:43:48,2026-02-02,G01_2026-02-02,524,train,normal,,1025,1281,1,b916f26241c19ac76873445a5b1dac1f357ef172dcd24f9f926a0f9507e9cbbc,,
1.0,G01-260202-144412-525,G01-260202-144412-525.bmp,G01,2026-02-02T14:44:12,2026-02-02,G01_2026-02-02,525,train,normal,,1025,1281,1,332d70f6f0968d9f2bff2302463cfed482bda92272e4d1dbdf37dcba551c85ef,,
1.0,G01-260202-144421-526,G01-260202-144421-526.bmp,G01,2026-02-02T14:44:21,2026-02-02,G01_2026-02-02,526,train,normal,,1025,1281,1,f33f6405ffc12efa8922f2edb75df83b11b4084dfef6154467d45b5db265ae7e,,
1.0,G01-260202-144439-527,G01-260202-144439-527.bmp,G01,2026-02-02T14:44:39,2026-02-02,G01_2026-02-02,527,train,normal,,1025,1281,1,47f48da1696bdcc38d0f06cea1ba8fe94456dbf8e85a7efb8e1257f318944828,,
1.0,G01-260202-144510-529,G01-260202-144510-529.bmp,G01,2026-02-02T14:45:10,2026-02-02,G01_2026-02-02,529,train,normal,,1025,1281,1,ee9eff103f315a3c08c27e70ee17570c2106bdc469494de3224109c10a38d96a,,
1.0,G01-260202-144516-530,G01-260202-144516-530.bmp,G01,2026-02-02T14:45:16,2026-02-02,G01_2026-02-02,530,train,normal,,1025,1281,1,1c92602c5aed90e42ecb2f9700fbbf015f9dcfca47d5d692359147adafdbe72e,,
1.0,G01-260202-144542-531,G01-260202-144542-531.bmp,G01,2026-02-02T14:45:42,2026-02-02,G01_2026-02-02,531,train,normal,,1025,1281,1,909200a176830cc42dc014944254a5d7cc9e192d1e46f90e333ea14433beb6a7,,
1.0,G01-260202-144551-532,G01-260202-144551-532.bmp,G01,2026-02-02T14:45:51,2026-02-02,G01_2026-02-02,532,train,normal,,1025,1281,1,b364f5f1adde08b54a8272d7e1306aefd08ad99f8f09ddb5ae37cdbf31a9e757,,
1.0,G01-260202-144608-533,G01-260202-144608-533.bmp,G01,2026-02-02T14:46:08,2026-02-02,G01_2026-02-02,533,train,normal,,1025,1281,1,56a7de83bf88d4f6638880b6963d164de9dcc218930d9e498bc2ef6dcb7c7774,,
1.0,G01-260202-144615-534,G01-260202-144615-534.bmp,G01,2026-02-02T14:46:15,2026-02-02,G01_2026-02-02,534,train,normal,,1025,1281,1,84c78d62c4d3c4cf9f77fb0eecdb106ae4bcba9d344704204ba005ab49f88f20,,
1.0,G01-260202-144643-535,G01-260202-144643-535.bmp,G01,2026-02-02T14:46:43,2026-02-02,G01_2026-02-02,535,train,normal,,1025,1281,1,d82e618f7498baeff8ac5c8746a1747569d353e95dbbbddc8649c7381dccdd74,,
1.0,G01-260202-144649-536,G01-260202-144649-536.bmp,G01,2026-02-02T14:46:49,2026-02-02,G01_2026-02-02,536,train,normal,,1025,1281,1,4bfdbfa1bb68b4ae3a680a49de378f96cc87ff20c927141ff5685830bdaccb9a,,
1.0,G01-260202-144712-537,G01-260202-144712-537.bmp,G01,2026-02-02T14:47:12,2026-02-02,G01_2026-02-02,537,train,normal,,1025,1281,1,71c913e411b6475e63feeba1f10441cdbbbe4e49acea7ce358289dc64bbc0420,,
1.0,G01-260202-144718-538,G01-260202-144718-538.bmp,G01,2026-02-02T14:47:18,2026-02-02,G01_2026-02-02,538,train,normal,,1025,1281,1,7dfcdc69a6da9eb13d6e4ca3ae0d2e20f7ad9065f29009f2b7b9107d559eb28b,,
1.0,G01-260202-144741-539,G01-260202-144741-539.bmp,G01,2026-02-02T14:47:41,2026-02-02,G01_2026-02-02,539,train,normal,,1025,1281,1,bdc32b7fe245ce7c66609747b24d7d2c7202b00d708e53e36c104df6c776a02d,,
1.0,G01-260202-144748-540,G01-260202-144748-540.bmp,G01,2026-02-02T14:47:48,2026-02-02,G01_2026-02-02,540,train,normal,,1025,1281,1,704095555086baf1bde45c5aca01b12ef31a7f940b9a6a7ee104c4e4cf2c4e6f,,
1.0,G01-260202-144812-541,G01-260202-144812-541.bmp,G01,2026-02-02T14:48:12,2026-02-02,G01_2026-02-02,541,train,normal,,1025,1281,1,b1fb36ddb0c41ecc616fed78aeec5321a3b3176977251987067f956ac8fbc976,,
1.0,G01-260202-144819-542,G01-260202-144819-542.bmp,G01,2026-02-02T14:48:19,2026-02-02,G01_2026-02-02,542,train,normal,,1025,1281,1,ad7eaad5bcc18c61643033379784c3a4eb147c83e396768721e1082e425cf411,,
1.0,G01-260202-144843-543,G01-260202-144843-543.bmp,G01,2026-02-02T14:48:43,2026-02-02,G01_2026-02-02,543,train,normal,,1025,1281,1,241781e94c3d79ca713438db90fc42ee3809a0edfebfe95ed53505156d44293b,,
1.0,G01-260202-144849-544,G01-260202-144849-544.bmp,G01,2026-02-02T14:48:49,2026-02-02,G01_2026-02-02,544,train,normal,,1025,1281,1,040e4bb0af10b64295d5dadac85054d8fac26d6230f83fa32659f399e62d878d,,
1.0,G01-260202-144915-545,G01-260202-144915-545.bmp,G01,2026-02-02T14:49:15,2026-02-02,G01_2026-02-02,545,train,normal,,1025,1281,1,7311d3a37b4284b08eb24221ce9fb176cd39e2f13d51234553f73165d190b809,,
1.0,G01-260202-144921-546,G01-260202-144921-546.bmp,G01,2026-02-02T14:49:21,2026-02-02,G01_2026-02-02,546,train,normal,,1025,1281,1,9d56a9e4ab7908b3fdeaabac7520360c0f2418a384990ed25c53992acd85dc3c,,
1.0,G01-260202-144943-547,G01-260202-144943-547.bmp,G01,2026-02-02T14:49:43,2026-02-02,G01_2026-02-02,547,train,normal,,1025,1281,1,354578b3d72d0b7464006a16485b8e67558f59668636f2f8a45f0cc1f5c72453,,
1.0,G01-260202-144949-548,G01-260202-144949-548.bmp,G01,2026-02-02T14:49:49,2026-02-02,G01_2026-02-02,548,train,normal,,1025,1281,1,e6ba35469ef5d03abeb11ceb528cad52635c9ff148b474da08f6e50986ffe23d,,
1.0,G01-260202-145015-549,G01-260202-145015-549.bmp,G01,2026-02-02T14:50:15,2026-02-02,G01_2026-02-02,549,train,normal,,1025,1281,1,4761f5db11e788b8c1b67b23ded12d652a3e0ff30cd0f78e78ce3ce0b056570c,,
1.0,G01-260202-145021-550,G01-260202-145021-550.bmp,G01,2026-02-02T14:50:21,2026-02-02,G01_2026-02-02,550,train,normal,,1025,1281,1,93f35bd9b6a011b93dbd10fd5e74e9199a9331be6f3e6f3d81ac02906bf292f4,,
1.0,G01-260202-145045-551,G01-260202-145045-551.bmp,G01,2026-02-02T14:50:45,2026-02-02,G01_2026-02-02,551,train,normal,,1025,1281,1,4a47f7a573dcbe8fa6449c678f22dd72a1fca68af99197578d8ad4c660495d6d,,
1.0,G01-260202-145051-552,G01-260202-145051-552.bmp,G01,2026-02-02T14:50:51,2026-02-02,G01_2026-02-02,552,train,normal,,1025,1281,1,1d52c457dc3d7678bef046a1d0316996bb2c94bcb1822f810c6502722701049f,,
1.0,G01-260202-145138-553,G01-260202-145138-553.bmp,G01,2026-02-02T14:51:38,2026-02-02,G01_2026-02-02,553,train,normal,,1025,1281,1,21acb7dcf1ae3b7cd1357878739a0308c71ea5dd2aae232b8fb254591e89f242,,
1.0,G01-260202-145141-554,G01-260202-145141-554.bmp,G01,2026-02-02T14:51:41,2026-02-02,G01_2026-02-02,554,train,normal,,1025,1281,1,ebcf209429462bc3b5214c3bd2923948037d906ceab3c3954f9bc38e42ef9bd7,,
1.0,G01-260202-145215-555,G01-260202-145215-555.bmp,G01,2026-02-02T14:52:15,2026-02-02,G01_2026-02-02,555,train,normal,,1025,1281,1,9b3192cb28924a1226c80c3aeb50c5f2e2b552addb6d0059a2069f2e8d52064f,,
1.0,G01-260202-145221-557,G01-260202-145221-557.bmp,G01,2026-02-02T14:52:21,2026-02-02,G01_2026-02-02,557,train,normal,,1025,1281,1,d14c21db6882c577d3673f80754423025cfe2800fed8b403a0064570dc89e4ad,,
1.0,G01-260202-145227-558,G01-260202-145227-558.bmp,G01,2026-02-02T14:52:27,2026-02-02,G01_2026-02-02,558,train,normal,,1025,1281,1,8d8b625c18e9d797c7bac3b6c1baf0c0be35a72364f537bc7a02f803a4867b4c,,
1.0,G01-260202-145245-559,G01-260202-145245-559.bmp,G01,2026-02-02T14:52:45,2026-02-02,G01_2026-02-02,559,train,normal,,1025,1281,1,8be560cc9c9e2378fd41fc6e0a381745968d330976adefd6fd1d38d6b3f372d5,,
1.0,G01-260202-145251-560,G01-260202-145251-560.bmp,G01,2026-02-02T14:52:51,2026-02-02,G01_2026-02-02,560,train,normal,,1025,1281,1,628b19990b3d76d35382983e44e81a09f19fc6ee70ae80966925e205c5da8518,,
1.0,G01-260202-145312-561,G01-260202-145312-561.bmp,G01,2026-02-02T14:53:12,2026-02-02,G01_2026-02-02,561,train,normal,,1025,1281,1,1ec5570928e02c900038cb5349a074233b59ff8ac97516beb664d24e062cc0f5,,
1.0,G01-260202-145319-562,G01-260202-145319-562.bmp,G01,2026-02-02T14:53:19,2026-02-02,G01_2026-02-02,562,train,normal,,1025,1281,1,43e53bbe6792169b02a925733f012374214d7a7f4e213d04d4e44499ebf78b3e,,
1.0,G01-260202-145342-563,G01-260202-145342-563.bmp,G01,2026-02-02T14:53:42,2026-02-02,G01_2026-02-02,563,train,normal,,1025,1281,1,c79e11dc483a9b4e26f078ef95b2846bf62f743ab55e5dae16ea3a5030cc4c32,,
1.0,G01-260202-145349-564,G01-260202-145349-564.bmp,G01,2026-02-02T14:53:49,2026-02-02,G01_2026-02-02,564,train,normal,,1025,1281,1,d9bdeb3d85836bb5f14914c3de6358f8d162eea26246a0881403280d2cc3ce01,,
1.0,G01-260202-145409-565,G01-260202-145409-565.bmp,G01,2026-02-02T14:54:09,2026-02-02,G01_2026-02-02,565,train,normal,,1025,1281,1,30acd4df5ba52bd04ffba8d366a9583500aa8fb80ca779ac96a6a6892cd9951a,,
1.0,G01-260202-145415-566,G01-260202-145415-566.bmp,G01,2026-02-02T14:54:15,2026-02-02,G01_2026-02-02,566,train,normal,,1025,1281,1,578755e86a5d3db621dc95196e5f36300771056ca51548cbc32be455026a8102,,
1.0,G01-260202-145439-567,G01-260202-145439-567.bmp,G01,2026-02-02T14:54:39,2026-02-02,G01_2026-02-02,567,train,normal,,1025,1281,1,59ace0c5305fc8edbd3d81c3f38be0a30e00af13507e773ade945c130d999c3c,,
1.0,G01-260202-145445-568,G01-260202-145445-568.bmp,G01,2026-02-02T14:54:45,2026-02-02,G01_2026-02-02,568,train,normal,,1025,1281,1,f09067c3aeb3564242fd55e0c0b8f2535d7b7492640ddb74f3b529c52579cc60,,
1.0,G01-260202-145513-569,G01-260202-145513-569.bmp,G01,2026-02-02T14:55:13,2026-02-02,G01_2026-02-02,569,train,normal,,1025,1281,1,68b0f6cd4f173d9811e3f05ad1fc69228820e3870168d27dd134e0e77e5917d6,,
1.0,G01-260202-145519-570,G01-260202-145519-570.bmp,G01,2026-02-02T14:55:19,2026-02-02,G01_2026-02-02,570,train,normal,,1025,1281,1,330c4ab23ca42a3b443c0050d4ec53eb1bfe5e8df1bfd8584cd654a6a89be0b3,,
1.0,G01-260202-145542-571,G01-260202-145542-571.bmp,G01,2026-02-02T14:55:42,2026-02-02,G01_2026-02-02,571,train,normal,,1025,1281,1,13c114bc0ba03371339a0bbfc772b917daa094f5bbf7632b05bf0012315f8003,,
1.0,G01-260202-145548-572,G01-260202-145548-572.bmp,G01,2026-02-02T14:55:48,2026-02-02,G01_2026-02-02,572,train,normal,,1025,1281,1,c31d37e47e34ff20963f12bb19eb1ece80732baffbd19ab4904cc109ad3614aa,,
1.0,G01-260202-145608-573,G01-260202-145608-573.bmp,G01,2026-02-02T14:56:08,2026-02-02,G01_2026-02-02,573,train,normal,,1025,1281,1,a21dc94ab931bdeb67ab3239b27135569b0e8aebbd82a8d61abe95136182b09c,,
1.0,G01-260202-145614-574,G01-260202-145614-574.bmp,G01,2026-02-02T14:56:14,2026-02-02,G01_2026-02-02,574,train,normal,,1025,1281,1,9219f2a52a9aebd26ad328c9bc33771183515e4acfd74214e3602732f0360de4,,
1.0,G01-260202-145644-575,G01-260202-145644-575.bmp,G01,2026-02-02T14:56:44,2026-02-02,G01_2026-02-02,575,train,normal,,1025,1281,1,ee619d8aa0c3ecee1be9bd71905705e1c0f223ab3efc10432027e7e3632862f8,,
1.0,G01-260202-145650-576,G01-260202-145650-576.bmp,G01,2026-02-02T14:56:50,2026-02-02,G01_2026-02-02,576,train,normal,,1025,1281,1,d373b78a65bc8400601ed723733d7c6b781d917c13f70c501bf4db32ac206467,,
1.0,G01-260202-145713-577,G01-260202-145713-577.bmp,G01,2026-02-02T14:57:13,2026-02-02,G01_2026-02-02,577,train,normal,,1025,1281,1,c74b8974e7ca6f78774a395e20afc16aec7ca0a97ca3e9ab051b5cdbaf6bdeeb,,
1.0,G01-260202-145719-578,G01-260202-145719-578.bmp,G01,2026-02-02T14:57:19,2026-02-02,G01_2026-02-02,578,train,normal,,1025,1281,1,16687eeccbf8de0f882725a96747425681e42aae8aa40262a75f99fc62a284f0,,
1.0,G01-260202-145745-579,G01-260202-145745-579.bmp,G01,2026-02-02T14:57:45,2026-02-02,G01_2026-02-02,579,train,normal,,1025,1281,1,04d7f24f78e109338e34d561796cf3b2ae3b0c771ad941fa8704fe21bc0ac099,,
1.0,G01-260202-145751-580,G01-260202-145751-580.bmp,G01,2026-02-02T14:57:51,2026-02-02,G01_2026-02-02,580,train,normal,,1025,1281,1,b2d91cfca543a03d167320cb75b8943e449ef575f34d5cd8577db14d9e8fff76,,
1.0,G01-260202-145815-581,G01-260202-145815-581.bmp,G01,2026-02-02T14:58:15,2026-02-02,G01_2026-02-02,581,train,normal,,1025,1281,1,e82aa3f3830876b347a23584ea86f7354d2703bab93937b96b13665584f91394,,
1.0,G01-260202-145822-582,G01-260202-145822-582.bmp,G01,2026-02-02T14:58:22,2026-02-02,G01_2026-02-02,582,train,normal,,1025,1281,1,1c2740db32a96fe18c939cef400caf62057054ca5a4053f35c70fda3b652f845,,
1.0,G01-260202-145841-583,G01-260202-145841-583.bmp,G01,2026-02-02T14:58:41,2026-02-02,G01_2026-02-02,583,train,normal,,1025,1281,1,172412a84540b8658da80fe5c64532fd63a691960b809653e876c71bdf368cf2,,
1.0,G01-260202-145848-584,G01-260202-145848-584.bmp,G01,2026-02-02T14:58:48,2026-02-02,G01_2026-02-02,584,train,normal,,1025,1281,1,ab6d8de854247b21bcd797bcb74a3e5d47a82d5b625e985d44100e40352fbf22,,
1.0,G01-260202-145913-585,G01-260202-145913-585.bmp,G01,2026-02-02T14:59:13,2026-02-02,G01_2026-02-02,585,train,normal,,1025,1281,1,9c3072c0fb7138f26f8f0402119fb34717762bbc22602cc3686ed7f58ac76cc8,,
1.0,G01-260202-145920-586,G01-260202-145920-586.bmp,G01,2026-02-02T14:59:20,2026-02-02,G01_2026-02-02,586,train,normal,,1025,1281,1,d48bf9deddf326cd1da723972cd6d9c0059f64ddc80a40a4bf68b92c91fe89f6,,
1.0,G01-260202-145940-587,G01-260202-145940-587.bmp,G01,2026-02-02T14:59:40,2026-02-02,G01_2026-02-02,587,train,normal,,1025,1281,1,20b83cd454adfb2319ec2f2e84486068f392e8e4cf37d27d5791f2176c7d5bf0,,
1.0,G01-260202-145946-588,G01-260202-145946-588.bmp,G01,2026-02-02T14:59:46,2026-02-02,G01_2026-02-02,588,train,normal,,1025,1281,1,72351fae418bb0c6420e45369e07bf8aff941fc074e33932d9248feef4373d81,,
1.0,G01-260202-150012-589,G01-260202-150012-589.bmp,G01,2026-02-02T15:00:12,2026-02-02,G01_2026-02-02,589,train,normal,,1025,1281,1,c75c0abc79b63a6d5ca7ffe41e0871673ab58db123c0c9cb77250a8e7b13f96d,,
1.0,G01-260202-150019-590,G01-260202-150019-590.bmp,G01,2026-02-02T15:00:19,2026-02-02,G01_2026-02-02,590,train,normal,,1025,1281,1,69f534c8fd5b0ecd3dc1c113aee7f6e667b0d07d81067d26ef8bba23fbb47788,,
1.0,G01-260202-150043-591,G01-260202-150043-591.bmp,G01,2026-02-02T15:00:43,2026-02-02,G01_2026-02-02,591,train,normal,,1025,1281,1,f37f6f804bb8567864e38a1d39679ed1fc2877c3b423a417b49db6a1deb58130,,
1.0,G01-260202-150050-592,G01-260202-150050-592.bmp,G01,2026-02-02T15:00:50,2026-02-02,G01_2026-02-02,592,train,normal,,1025,1281,1,af008450eabf56801ccca3aad7fc88a0c65eb585a64450d98b1fdbe5e6791675,,
1.0,G01-260202-150115-593,G01-260202-150115-593.bmp,G01,2026-02-02T15:01:15,2026-02-02,G01_2026-02-02,593,train,normal,,1025,1281,1,e53adb0dc85e28c5b3a3b69b0764eda095212f666a95b5f298d08a5c07161d11,,
1.0,G01-260202-150121-594,G01-260202-150121-594.bmp,G01,2026-02-02T15:01:21,2026-02-02,G01_2026-02-02,594,train,normal,,1025,1281,1,37086397482d812752151a2133de8c501980a97e0835d4a66718a65c10533ce9,,
1.0,G01-260202-150144-595,G01-260202-150144-595.bmp,G01,2026-02-02T15:01:44,2026-02-02,G01_2026-02-02,595,train,normal,,1025,1281,1,05e132df6cc77f3e838076cc941eb4326a50e5d59ecd2d70a7ff014f917e117a,,
1.0,G01-260202-150151-596,G01-260202-150151-596.bmp,G01,2026-02-02T15:01:51,2026-02-02,G01_2026-02-02,596,train,normal,,1025,1281,1,020beb97e435d917b52969728d69de36b1830d5a90b634a1f9b83ce8d6191432,,
1.0,G01-260202-150215-597,G01-260202-150215-597.bmp,G01,2026-02-02T15:02:15,2026-02-02,G01_2026-02-02,597,train,normal,,1025,1281,1,f91852cf4244196d1ba62be6cf51e94e9e996b84327097c0d60ee3e9f1594a75,,
1.0,G01-260202-150222-598,G01-260202-150222-598.bmp,G01,2026-02-02T15:02:22,2026-02-02,G01_2026-02-02,598,train,normal,,1025,1281,1,759d7e7077ca3301497996453d252bed2700729c7a62a838e71eaa2d4d7ec448,,
1.0,G01-260202-150244-599,G01-260202-150244-599.bmp,G01,2026-02-02T15:02:44,2026-02-02,G01_2026-02-02,599,train,normal,,1025,1281,1,579bf1a0765d5fc2fc021534349cb56e2870fab380f55eca7856a6dfe58416c2,,
1.0,G01-260202-150251-600,G01-260202-150251-600.bmp,G01,2026-02-02T15:02:51,2026-02-02,G01_2026-02-02,600,train,normal,,1025,1281,1,d7676c02d47f7391859d15c057ddeb48f5316a95706432a41fde5486f8bf5bf1,,
1.0,G01-260202-150313-601,G01-260202-150313-601.bmp,G01,2026-02-02T15:03:13,2026-02-02,G01_2026-02-02,601,train,normal,,1025,1281,1,b166e0756d566e3f666fe8320712f42d709a5c025af5f8362051a28b29f1ee7b,,
1.0,G01-260202-150319-602,G01-260202-150319-602.bmp,G01,2026-02-02T15:03:19,2026-02-02,G01_2026-02-02,602,train,normal,,1025,1281,1,d3c15f1b085d933c6efcb495ab379617ed428995f1ecae0f436ce2fef1fa7681,,
1.0,G01-260202-150345-603,G01-260202-150345-603.bmp,G01,2026-02-02T15:03:45,2026-02-02,G01_2026-02-02,603,train,normal,,1025,1281,1,1098f05d3481be8595aaf3fbe9837abf4833f45892826369f6efeaa238c1c360,,
1.0,G01-260202-150351-604,G01-260202-150351-604.bmp,G01,2026-02-02T15:03:51,2026-02-02,G01_2026-02-02,604,train,normal,,1025,1281,1,d259d21f813af524f1a3005834ae331dcc1fa2e1b03aef6a7ad3bf9a774c1d4a,,
1.0,G01-260202-150413-605,G01-260202-150413-605.bmp,G01,2026-02-02T15:04:13,2026-02-02,G01_2026-02-02,605,train,normal,,1025,1281,1,475eaceb84a090dd9be048b3c6f4b399bba9d52dbbec9e1ed6bcf97356184d2c,,
1.0,G01-260202-150420-606,G01-260202-150420-606.bmp,G01,2026-02-02T15:04:20,2026-02-02,G01_2026-02-02,606,train,normal,,1025,1281,1,211ff026a266aedc0b65dfd0fe8422ed7724f2e1d12a2bb458272a006534e841,,
1.0,G01-260202-150446-607,G01-260202-150446-607.bmp,G01,2026-02-02T15:04:46,2026-02-02,G01_2026-02-02,607,train,normal,,1025,1281,1,edd4ab5766e05e414e57fe522bcdcde00257b4bbc57331b69e3423b8e0b23ca2,,
1.0,G01-260202-150452-608,G01-260202-150452-608.bmp,G01,2026-02-02T15:04:52,2026-02-02,G01_2026-02-02,608,train,normal,,1025,1281,1,6458619f6348b17e0135e5323ab0c7307d53d69f7172120598cd526422a5b2ad,,
1.0,G01-260202-150515-609,G01-260202-150515-609.bmp,G01,2026-02-02T15:05:15,2026-02-02,G01_2026-02-02,609,train,normal,,1025,1281,1,ea781333dc183d1278da46bb9a3ce1bb92405344de57c4d77ec37695d955b225,,
1.0,G01-260202-150521-610,G01-260202-150521-610.bmp,G01,2026-02-02T15:05:21,2026-02-02,G01_2026-02-02,610,train,normal,,1025,1281,1,af13332ac44cd5a4ab1e8403e01e55ffdd5a41dcf57162a8453584452a372e7f,,
1.0,G01-260202-150542-611,G01-260202-150542-611.bmp,G01,2026-02-02T15:05:42,2026-02-02,G01_2026-02-02,611,train,normal,,1025,1281,1,ce36a7fabc585bf8560f3688913b502ef8bae271998f17d1fb6c69cd33050145,,
1.0,G01-260202-150548-612,G01-260202-150548-612.bmp,G01,2026-02-02T15:05:48,2026-02-02,G01_2026-02-02,612,train,normal,,1025,1281,1,b8a54ea6755ae8d87efdc857c111bff82a9d3eff4abc4294546271b3306d9685,,
1.0,G01-260202-150611-613,G01-260202-150611-613.bmp,G01,2026-02-02T15:06:11,2026-02-02,G01_2026-02-02,613,train,normal,,1025,1281,1,131ef35fb380b3bd2c41f227f4671f0d37492ab54bc3b3210a291eaeddae947e,,
1.0,G01-260202-150618-614,G01-260202-150618-614.bmp,G01,2026-02-02T15:06:18,2026-02-02,G01_2026-02-02,614,train,normal,,1025,1281,1,d63bd14442e1e46eb5d786c20562e07801dfa2add4884b46396e60a72b4e5f5b,,
1.0,G01-260202-150641-615,G01-260202-150641-615.bmp,G01,2026-02-02T15:06:41,2026-02-02,G01_2026-02-02,615,train,normal,,1025,1281,1,f9d711cf214c94be353b24748c5427da0bdf4bd483a277f0fa02f35775259f02,,
1.0,G01-260202-150648-616,G01-260202-150648-616.bmp,G01,2026-02-02T15:06:48,2026-02-02,G01_2026-02-02,616,train,normal,,1025,1281,1,97bf82e9de768928cb7ac43e2342ff5e97f22c110fbe1b6ca64a969394b820be,,
1.0,G01-260202-150713-617,G01-260202-150713-617.bmp,G01,2026-02-02T15:07:13,2026-02-02,G01_2026-02-02,617,train,normal,,1025,1281,1,b9628ab1a8c0023b90c61cb61ecca516a25c0277e6344051217b8aa298a98a7c,,
1.0,G01-260202-150719-618,G01-260202-150719-618.bmp,G01,2026-02-02T15:07:19,2026-02-02,G01_2026-02-02,618,train,normal,,1025,1281,1,5e949580585b2a5dc75fa32969b3a349d2804cdac5319a02716abcf508146b8b,,
1.0,G01-260202-150743-619,G01-260202-150743-619.bmp,G01,2026-02-02T15:07:43,2026-02-02,G01_2026-02-02,619,train,normal,,1025,1281,1,3fbbcd1803f5343fc0175a1538d82007f62a3bd28153e4d4ffa736223ce1b985,,
1.0,G01-260202-150750-620,G01-260202-150750-620.bmp,G01,2026-02-02T15:07:50,2026-02-02,G01_2026-02-02,620,train,normal,,1025,1281,1,508f33791c47ddb2255d6d8bf1be939f6c2392a699145bb453a77cc1835e6175,,
1.0,G01-260202-150815-621,G01-260202-150815-621.bmp,G01,2026-02-02T15:08:15,2026-02-02,G01_2026-02-02,621,train,normal,,1025,1281,1,13f7763025730cfb448d12714eed6fe9bfb3b8e219b7c118956174f7351289a7,,
1.0,G01-260202-150822-622,G01-260202-150822-622.bmp,G01,2026-02-02T15:08:22,2026-02-02,G01_2026-02-02,622,train,normal,,1025,1281,1,e839f9d2f68401c027dd2107819b02ed8192927e33eb63687435845a46e35551,,
1.0,G01-260202-150845-623,G01-260202-150845-623.bmp,G01,2026-02-02T15:08:45,2026-02-02,G01_2026-02-02,623,train,normal,,1025,1281,1,8d308515fcdc98afcb8af8417e91b28fc5fa1c0af515b8ee043d42121230ef8d,,
1.0,G01-260202-150852-624,G01-260202-150852-624.bmp,G01,2026-02-02T15:08:52,2026-02-02,G01_2026-02-02,624,train,normal,,1025,1281,1,7f57422134aeef3442b64e054180792b2f02b9c638c4354307161bbb29597908,,
1.0,G01-260202-150915-625,G01-260202-150915-625.bmp,G01,2026-02-02T15:09:15,2026-02-02,G01_2026-02-02,625,train,normal,,1025,1281,1,1bce7908fe984dd8cd9169e3d5d22ca7596abd4c7016b21dd5904ec477e88a1e,,
1.0,G01-260202-150921-626,G01-260202-150921-626.bmp,G01,2026-02-02T15:09:21,2026-02-02,G01_2026-02-02,626,train,normal,,1025,1281,1,7501e20e4eb7e7e77413b5e0ca7451cfc0e6daafc3b740ee219aae8bf80b9d1b,,
1.0,G01-260202-150946-627,G01-260202-150946-627.bmp,G01,2026-02-02T15:09:46,2026-02-02,G01_2026-02-02,627,train,normal,,1025,1281,1,e3063dfaa12ed8fd3f607cd44291e19c99baa7ea06cbff4757ad084da8c6d98f,,
1.0,G01-260202-150952-628,G01-260202-150952-628.bmp,G01,2026-02-02T15:09:52,2026-02-02,G01_2026-02-02,628,train,normal,,1025,1281,1,3f2f6741b461a422079f1acd6c151a007e0a2d797b0918d63836ca2fb98b5cb3,,
1.0,G01-260202-151015-629,G01-260202-151015-629.bmp,G01,2026-02-02T15:10:15,2026-02-02,G01_2026-02-02,629,train,normal,,1025,1281,1,0599f76fdd7c458590d3c75b6348d2196692d4e5b0c98b237406416ac887eb24,,
1.0,G01-260202-151021-630,G01-260202-151021-630.bmp,G01,2026-02-02T15:10:21,2026-02-02,G01_2026-02-02,630,train,normal,,1025,1281,1,740589ceb12d64a984d5d36280f7248aa0819a8ad337f779c196c3dffea48e25,,
1.0,G01-260202-151046-631,G01-260202-151046-631.bmp,G01,2026-02-02T15:10:46,2026-02-02,G01_2026-02-02,631,train,normal,,1025,1281,1,d0f42733674a8e4c526a9e93f21091c5a4678efbbf34c2f23cf1d570c11e1cc3,,
1.0,G01-260202-151053-632,G01-260202-151053-632.bmp,G01,2026-02-02T15:10:53,2026-02-02,G01_2026-02-02,632,train,normal,,1025,1281,1,ddf7b74cb379db2774415de3107173356ae71bb1b99951babd0a0004cc7d09c1,,
1.0,G01-260202-151115-633,G01-260202-151115-633.bmp,G01,2026-02-02T15:11:15,2026-02-02,G01_2026-02-02,633,train,normal,,1025,1281,1,a2d8769d5b058088bd6e5558cc13eb18c2b2f58bc371a2915dec4ae94ff3c8f5,,
1.0,G01-260202-151121-634,G01-260202-151121-634.bmp,G01,2026-02-02T15:11:21,2026-02-02,G01_2026-02-02,634,train,normal,,1025,1281,1,60fec98ed1e251c4865c82de106865a9c151cd69ff70b62bfdf1d415f3c1c355,,
1.0,G01-260202-151146-635,G01-260202-151146-635.bmp,G01,2026-02-02T15:11:46,2026-02-02,G01_2026-02-02,635,train,normal,,1025,1281,1,238132b97494d257ac014e81cf5f71cf7a1d87b0f93772bcb6d57f69226f43e8,,
1.0,G01-260202-151152-636,G01-260202-151152-636.bmp,G01,2026-02-02T15:11:52,2026-02-02,G01_2026-02-02,636,train,normal,,1025,1281,1,c27cec15076235944fd00a15205c7bb3753b1e8f3c7114ce927ae60b73958404,,
1.0,G01-260202-151214-637,G01-260202-151214-637.bmp,G01,2026-02-02T15:12:14,2026-02-02,G01_2026-02-02,637,train,normal,,1025,1281,1,66c805d1ad7c4397787f93e1bb679b7d514fe506c8b22de0fe2a4262e6ab070d,,
1.0,G01-260202-151221-638,G01-260202-151221-638.bmp,G01,2026-02-02T15:12:21,2026-02-02,G01_2026-02-02,638,train,normal,,1025,1281,1,6cb9172f3861453db78cbb65a30105f107b28660b9bc534cdacb2e7c88b90166,,
1.0,G01-260202-151245-639,G01-260202-151245-639.bmp,G01,2026-02-02T15:12:45,2026-02-02,G01_2026-02-02,639,train,normal,,1025,1281,1,abb287e5b89e23303056fac1dea58ad42d0c512ededead489ef0b02de019f5cc,,
1.0,G01-260202-151252-640,G01-260202-151252-640.bmp,G01,2026-02-02T15:12:52,2026-02-02,G01_2026-02-02,640,train,normal,,1025,1281,1,dce2d46ccce4d906d891aa8dd3782f5cad655ebb215bec240106370590a45197,,
1.0,G01-260202-151314-641,G01-260202-151314-641.bmp,G01,2026-02-02T15:13:14,2026-02-02,G01_2026-02-02,641,train,normal,,1025,1281,1,2ae45eb681adb745203c51f8b547707f0cf3350e52ad82feca3b966bdd89483a,,
1.0,G01-260202-151321-642,G01-260202-151321-642.bmp,G01,2026-02-02T15:13:21,2026-02-02,G01_2026-02-02,642,train,normal,,1025,1281,1,a7152f2c427753353dcaa36616631f0e0c906b36ff72b6627e9dc97f81905a0c,,
1.0,G01-260202-151345-643,G01-260202-151345-643.bmp,G01,2026-02-02T15:13:45,2026-02-02,G01_2026-02-02,643,train,normal,,1025,1281,1,5b972aa3af21b8fcc151d903d76922b60bbb35da1038b519bc79d2eb9a06c897,,
1.0,G01-260202-151352-644,G01-260202-151352-644.bmp,G01,2026-02-02T15:13:52,2026-02-02,G01_2026-02-02,644,train,normal,,1025,1281,1,5db132a406f09bc9ff2f3c6a75346ff257d9915dc6e4a06813f337face1f59c2,,
1.0,G01-260202-151415-645,G01-260202-151415-645.bmp,G01,2026-02-02T15:14:15,2026-02-02,G01_2026-02-02,645,train,normal,,1025,1281,1,8abc4d1e52f1ecba0e0932f8ab7378448c077d81ed1360989d564877d451e4eb,,
1.0,G01-260202-151422-646,G01-260202-151422-646.bmp,G01,2026-02-02T15:14:22,2026-02-02,G01_2026-02-02,646,train,normal,,1025,1281,1,ffa22349311acd81a3562789e59f538596ea10d7329cd137da2011486077d0b6,,
1.0,G01-260202-151444-647,G01-260202-151444-647.bmp,G01,2026-02-02T15:14:44,2026-02-02,G01_2026-02-02,647,train,normal,,1025,1281,1,5aeea4d74d287db2d9475f9427ea6bbc0517f68e00b7dc10b00052ae434c7cfa,,
1.0,G01-260202-151450-648,G01-260202-151450-648.bmp,G01,2026-02-02T15:14:50,2026-02-02,G01_2026-02-02,648,train,normal,,1025,1281,1,e122fb0b9d4cbd3b0122bdfd95573fce25d408b654c08370a13b7a5b9887d2b3,,
1.0,G01-260202-151513-649,G01-260202-151513-649.bmp,G01,2026-02-02T15:15:13,2026-02-02,G01_2026-02-02,649,train,normal,,1025,1281,1,ef27dfe4afb8862de6f2479b7411f77464b0b7897bec3508032fe0dbbd55f73b,,
1.0,G01-260202-151519-650,G01-260202-151519-650.bmp,G01,2026-02-02T15:15:19,2026-02-02,G01_2026-02-02,650,train,normal,,1025,1281,1,02c5d12e7ed9bf1c88b54b08b8dd715a2e18adf12937bb0fa82ee3f93e3993e8,,
1.0,G01-260202-151543-651,G01-260202-151543-651.bmp,G01,2026-02-02T15:15:43,2026-02-02,G01_2026-02-02,651,train,normal,,1025,1281,1,b657bb220e7f642ed389695ef131822fd41c13145ddfd79a9e10c6135b9dc782,,
1.0,G01-260202-151550-652,G01-260202-151550-652.bmp,G01,2026-02-02T15:15:50,2026-02-02,G01_2026-02-02,652,train,normal,,1025,1281,1,377738a7eff167bd98503fb7f17b5e4af71111a4c6bf6e16e392d856399e62f4,,
1.0,G01-260202-151615-653,G01-260202-151615-653.bmp,G01,2026-02-02T15:16:15,2026-02-02,G01_2026-02-02,653,train,normal,,1025,1281,1,be699b743daba678470a09db73e86c5afde852474a40c1b8df8d887c7719c546,,
1.0,G01-260202-151622-654,G01-260202-151622-654.bmp,G01,2026-02-02T15:16:22,2026-02-02,G01_2026-02-02,654,train,normal,,1025,1281,1,a1efb40ec9a037e9d2afb6dab43d657986795b2643f83989c6b96fcb3708bada,,
1.0,G01-260202-151646-655,G01-260202-151646-655.bmp,G01,2026-02-02T15:16:46,2026-02-02,G01_2026-02-02,655,train,normal,,1025,1281,1,a927165cfd6f4b289c7090931313f25081e9ffcf0a8654220953abb300b443b6,,
1.0,G01-260202-151652-656,G01-260202-151652-656.bmp,G01,2026-02-02T15:16:52,2026-02-02,G01_2026-02-02,656,train,normal,,1025,1281,1,ce92cad08b2e7cfc59ca723217c30180eeace168b209c109ded96c6e5252aab8,,
1.0,G01-260202-151716-657,G01-260202-151716-657.bmp,G01,2026-02-02T15:17:16,2026-02-02,G01_2026-02-02,657,train,normal,,1025,1281,1,22b41b091ddd1b92a7cfac647cb1bbc9c6c960e413bc7903c639fe507b561850,,
1.0,G01-260202-151722-658,G01-260202-151722-658.bmp,G01,2026-02-02T15:17:22,2026-02-02,G01_2026-02-02,658,train,normal,,1025,1281,1,4172ac48d8777358d0d66cc979faa1d7959a96ddc67554bb561faf850646bc3e,,
1.0,G01-260202-151745-659,G01-260202-151745-659.bmp,G01,2026-02-02T15:17:45,2026-02-02,G01_2026-02-02,659,train,normal,,1025,1281,1,9d4e3e259e9964626ee3d753b12e92f9b45d492404189f756ac5fc88ff95bad8,,
1.0,G01-260202-151751-660,G01-260202-151751-660.bmp,G01,2026-02-02T15:17:51,2026-02-02,G01_2026-02-02,660,train,normal,,1025,1281,1,5aa4a75241f5adef278ceb64d5a5cb093f045d4aa76bb5b443065912e25bcca0,,
1.0,G01-260202-151816-661,G01-260202-151816-661.bmp,G01,2026-02-02T15:18:16,2026-02-02,G01_2026-02-02,661,train,normal,,1025,1281,1,63a5704e5eacfcc48ecd165c668d5a1e9956bf05fc778df2ea9f213da64d4a9e,,
1.0,G01-260202-151823-662,G01-260202-151823-662.bmp,G01,2026-02-02T15:18:23,2026-02-02,G01_2026-02-02,662,train,normal,,1025,1281,1,93b14c675f73b2c49c2ce2fd52fff5ba2a88371c575e26c5b94886bb7b8d62f0,,
1.0,G01-260202-151847-663,G01-260202-151847-663.bmp,G01,2026-02-02T15:18:47,2026-02-02,G01_2026-02-02,663,train,normal,,1025,1281,1,cb7a9e8daa3bac5ba8aff0815a434a2a5b0611dc45452223f2551de82249ea8a,,
1.0,G01-260202-151853-664,G01-260202-151853-664.bmp,G01,2026-02-02T15:18:53,2026-02-02,G01_2026-02-02,664,train,normal,,1025,1281,1,ba145d6dfe11b8207d55de8f0b04d84391b4a3d051abec3d63c3835ea3f25376,,
1.0,G01-260202-151924-666,G01-260202-151924-666.bmp,G01,2026-02-02T15:19:24,2026-02-02,G01_2026-02-02,666,train,normal,,1025,1281,1,32192c33907e920ed414b75260e15a789e8815593afb6d41b2c3d613bc44502c,,
1.0,G01-260202-151947-667,G01-260202-151947-667.bmp,G01,2026-02-02T15:19:47,2026-02-02,G01_2026-02-02,667,train,normal,,1025,1281,1,1261197dcbda945993be5ed75adfeca9b374f880ab2328413f1cb9458ee6dd28,,
1.0,G01-260202-151953-668,G01-260202-151953-668.bmp,G01,2026-02-02T15:19:53,2026-02-02,G01_2026-02-02,668,train,normal,,1025,1281,1,da881194f279671a4465df77d2f8e491aeee08c93814086c42b15634b14d806b,,
1.0,G01-260202-152016-669,G01-260202-152016-669.bmp,G01,2026-02-02T15:20:16,2026-02-02,G01_2026-02-02,669,train,normal,,1025,1281,1,389943cdde95deca7e5c1f254c2c297bee69af49bf6410b083355602232f1b5e,,
1.0,G01-260202-152022-670,G01-260202-152022-670.bmp,G01,2026-02-02T15:20:22,2026-02-02,G01_2026-02-02,670,train,normal,,1025,1281,1,66d988597627eafd953d9259ea5ae26d26b3ed68723f123872ba2345d659d557,,
1.0,G01-260202-152046-671,G01-260202-152046-671.bmp,G01,2026-02-02T15:20:46,2026-02-02,G01_2026-02-02,671,train,normal,,1025,1281,1,d1700e9786621e1954974eb46ec95395982b91f09c19d4612876480cf5e4e78f,,
1.0,G01-260202-152053-672,G01-260202-152053-672.bmp,G01,2026-02-02T15:20:53,2026-02-02,G01_2026-02-02,672,train,normal,,1025,1281,1,3e8994241956c4d49194ff377f69d420b8a5926c804e29982323629798249b84,,
1.0,G01-260202-152117-673,G01-260202-152117-673.bmp,G01,2026-02-02T15:21:17,2026-02-02,G01_2026-02-02,673,train,normal,,1025,1281,1,5c1da4c42bd60b03499c7106d7d774c3331a0bc22001dddd672fdc06775deff0,,
1.0,G01-260202-152123-674,G01-260202-152123-674.bmp,G01,2026-02-02T15:21:23,2026-02-02,G01_2026-02-02,674,train,normal,,1025,1281,1,e1ef95f1081bcba952c3644894a2c04b7b8be9e6ec7805a8a466508856b1388d,,
1.0,G01-260202-152146-675,G01-260202-152146-675.bmp,G01,2026-02-02T15:21:46,2026-02-02,G01_2026-02-02,675,train,normal,,1025,1281,1,21a8de9b89aef48490e451866bda4c87e555bacc4e2440751b2dca229e2e3bae,,
1.0,G01-260202-152153-676,G01-260202-152153-676.bmp,G01,2026-02-02T15:21:53,2026-02-02,G01_2026-02-02,676,train,normal,,1025,1281,1,295dfc7245f4210b4a20ad036c67e2203f04480e0cca3cf0c14eb4119a008af5,,
1.0,G01-260202-152214-677,G01-260202-152214-677.bmp,G01,2026-02-02T15:22:14,2026-02-02,G01_2026-02-02,677,train,normal,,1025,1281,1,9899255fe39ff9fe335650bf20909e7dd96636268a5731b1feb5b14b26769fc6,,
1.0,G01-260202-152221-678,G01-260202-152221-678.bmp,G01,2026-02-02T15:22:21,2026-02-02,G01_2026-02-02,678,train,normal,,1025,1281,1,fc0adea176e133c6cf87deb2e7feb0ed7bfe7c1a88a26dcc25787a8e1659f738,,
1.0,G01-260202-152246-679,G01-260202-152246-679.bmp,G01,2026-02-02T15:22:46,2026-02-02,G01_2026-02-02,679,train,normal,,1025,1281,1,34d7e24d2729f7f9e8f5b4fdb030de4c6ae7ec8eed0c79caaea911764ddf05c6,,
1.0,G01-260202-152253-680,G01-260202-152253-680.bmp,G01,2026-02-02T15:22:53,2026-02-02,G01_2026-02-02,680,train,normal,,1025,1281,1,1e52039487609fd95b5eb1285616942abd53813284b6b5eecc98d95aa7a7bbb8,,
1.0,G01-260202-152315-681,G01-260202-152315-681.bmp,G01,2026-02-02T15:23:15,2026-02-02,G01_2026-02-02,681,train,normal,,1025,1281,1,7e2a43fcbc4dfc2a408e59b4c980071a1f922eae7f559dc6b35f6fdf1dc4eba0,,
1.0,G01-260202-152321-682,G01-260202-152321-682.bmp,G01,2026-02-02T15:23:21,2026-02-02,G01_2026-02-02,682,train,normal,,1025,1281,1,477ea973c22e50809a8021325c79b95d522f135ca0be4b897b40db13dcc02e66,,
1.0,G01-260202-152346-683,G01-260202-152346-683.bmp,G01,2026-02-02T15:23:46,2026-02-02,G01_2026-02-02,683,train,normal,,1025,1281,1,00fb9875ee8aeceb8c4457322d64174d8e8b1576fa8cb2d809f6f8d6a38ed71a,,
1.0,G01-260202-152352-684,G01-260202-152352-684.bmp,G01,2026-02-02T15:23:52,2026-02-02,G01_2026-02-02,684,train,normal,,1025,1281,1,70e541b20272f79382d0d5a2bf564cc42d3d7e19ce8bafe03146b9b7f4a1dfd6,,
1.0,G01-260202-152414-685,G01-260202-152414-685.bmp,G01,2026-02-02T15:24:14,2026-02-02,G01_2026-02-02,685,train,normal,,1025,1281,1,85ab2a56f5ce044cf9623929f26415d1b0a24f108d211046e9bbfb7d3b66a820,,
1.0,G01-260202-152420-686,G01-260202-152420-686.bmp,G01,2026-02-02T15:24:20,2026-02-02,G01_2026-02-02,686,train,normal,,1025,1281,1,0945ceffa2f105672d21a6cd710471cfc1afb5e15a05b2ef74431df86a34b8e0,,
1.0,G01-260202-152447-687,G01-260202-152447-687.bmp,G01,2026-02-02T15:24:47,2026-02-02,G01_2026-02-02,687,train,normal,,1025,1281,1,63a373697d6972282acb54198e43f78ba6b043f8311af05699b97a0d3a2d6a8c,,
1.0,G01-260202-152453-688,G01-260202-152453-688.bmp,G01,2026-02-02T15:24:53,2026-02-02,G01_2026-02-02,688,train,normal,,1025,1281,1,12afc3741163f555144d454beb2ab81bad4f0cffad52aa482d64f927b6cc6b55,,
1.0,G01-260202-152519-689,G01-260202-152519-689.bmp,G01,2026-02-02T15:25:19,2026-02-02,G01_2026-02-02,689,train,normal,,1025,1281,1,6ea715480f4d8020713ddad2eff2a7a4fa00b8c75e55c7b1342a90898323ceb5,,
1.0,G01-260202-152525-690,G01-260202-152525-690.bmp,G01,2026-02-02T15:25:25,2026-02-02,G01_2026-02-02,690,train,normal,,1025,1281,1,9f40fcd1f17ab9fcb0fbc1857f3b2202c75ecd5507828c8a6412d70799b43cbe,,
1.0,G01-260202-152548-691,G01-260202-152548-691.bmp,G01,2026-02-02T15:25:48,2026-02-02,G01_2026-02-02,691,train,normal,,1025,1281,1,cf68a5cec969bb5ec985cb71145c5b31df46b92950640e6401108d30106dd462,,
1.0,G01-260202-152554-692,G01-260202-152554-692.bmp,G01,2026-02-02T15:25:54,2026-02-02,G01_2026-02-02,692,train,normal,,1025,1281,1,acd5a1928656938aaad8ec937f8be14e65fb4b5bdd149ba1ce3c5896a2c423a6,,
1.0,G01-260202-152615-693,G01-260202-152615-693.bmp,G01,2026-02-02T15:26:15,2026-02-02,G01_2026-02-02,693,train,normal,,1025,1281,1,a6191f3a1ae5dd5196eaaf53ec817f136ce768e4015fcb32480fe83b93d6650b,,
1.0,G01-260202-152621-694,G01-260202-152621-694.bmp,G01,2026-02-02T15:26:21,2026-02-02,G01_2026-02-02,694,train,normal,,1025,1281,1,26b752968579c821183edaefb3920cc60819aa616c97cbd35fdf6cadbc7813a1,,
1.0,G01-260202-152643-695,G01-260202-152643-695.bmp,G01,2026-02-02T15:26:43,2026-02-02,G01_2026-02-02,695,train,normal,,1025,1281,1,6198e46f939c45b0f62a0e81dda31cbc071631498c420c886841ced59410b4cf,,
1.0,G01-260202-152649-696,G01-260202-152649-696.bmp,G01,2026-02-02T15:26:49,2026-02-02,G01_2026-02-02,696,train,normal,,1025,1281,1,e8d8d7e78a0883ff8c5fd94adf5b2b08fe467a77016a1feb78dafb3e2b114243,,
1.0,G01-260202-152716-697,G01-260202-152716-697.bmp,G01,2026-02-02T15:27:16,2026-02-02,G01_2026-02-02,697,train,normal,,1025,1281,1,b013710cc80add2e503ab53d3c8aee4d6c6be5aa9cd984cba42737a98036cc56,,
1.0,G01-260202-152722-698,G01-260202-152722-698.bmp,G01,2026-02-02T15:27:22,2026-02-02,G01_2026-02-02,698,train,normal,,1025,1281,1,bd6042807b30061273f598c50520c375d3475fa3ea6ee85f586ba5b416c4131e,,
1.0,G01-260202-152748-699,G01-260202-152748-699.bmp,G01,2026-02-02T15:27:48,2026-02-02,G01_2026-02-02,699,train,normal,,1025,1281,1,6ef9afd33170dd798b9b2a13eb58a5d192e5505e254457faae4ffd8205af4e95,,
1.0,G01-260202-152754-700,G01-260202-152754-700.bmp,G01,2026-02-02T15:27:54,2026-02-02,G01_2026-02-02,700,train,normal,,1025,1281,1,7e5fd69888989e17ec4b581fa059af88287766edc56ff3dbfe658342589fb71e,,
1.0,G01-260202-152818-701,G01-260202-152818-701.bmp,G01,2026-02-02T15:28:18,2026-02-02,G01_2026-02-02,701,train,normal,,1025,1281,1,59d087763061193beecd2dc6f4932e8085718fa35130bf36044e2d22fa9c7654,,
1.0,G01-260202-152825-702,G01-260202-152825-702.bmp,G01,2026-02-02T15:28:25,2026-02-02,G01_2026-02-02,702,train,normal,,1025,1281,1,4a7557ea4cda51cd1fb5fded46e2a37177a54f5c156aa40a4b26708465026a5f,,
1.0,G01-260202-152848-703,G01-260202-152848-703.bmp,G01,2026-02-02T15:28:48,2026-02-02,G01_2026-02-02,703,train,normal,,1025,1281,1,05bb53e420defea987990946f632144c06979ce91b538f259b3a286fae1b80b7,,
1.0,G01-260202-152854-704,G01-260202-152854-704.bmp,G01,2026-02-02T15:28:54,2026-02-02,G01_2026-02-02,704,train,normal,,1025,1281,1,9641ec370d97730aecbbeef6711c0caa4b31aa5e47b9ac235e3f69fe37b6c1f6,,
1.0,G01-260202-152917-705,G01-260202-152917-705.bmp,G01,2026-02-02T15:29:17,2026-02-02,G01_2026-02-02,705,train,normal,,1025,1281,1,337e1485e13da1839d7b53425bb63182459e612cb563d167e89064d665ffcaff,,
1.0,G01-260202-152926-706,G01-260202-152926-706.bmp,G01,2026-02-02T15:29:26,2026-02-02,G01_2026-02-02,706,train,normal,,1025,1281,1,7884d9a1ad758c9cc91b4bb86dc6b024494ec32bdfb46136b0d60f51143468ef,,
1.0,G01-260202-152940-707,G01-260202-152940-707.bmp,G01,2026-02-02T15:29:40,2026-02-02,G01_2026-02-02,707,train,normal,,1025,1281,1,bda36237aad5e9acfafdfb5f3f31d58e2cad86ccbfa62970561d9a831e22b135,,
1.0,G01-260202-152946-708,G01-260202-152946-708.bmp,G01,2026-02-02T15:29:46,2026-02-02,G01_2026-02-02,708,train,normal,,1025,1281,1,24d6c2d06c85a68b2dad8778e3fe93447fa54f9712ff76a7105e98234c69854a,,
1.0,G01-260202-153010-709,G01-260202-153010-709.bmp,G01,2026-02-02T15:30:10,2026-02-02,G01_2026-02-02,709,train,normal,,1025,1281,1,2a63d348485ff796f5bd316f44f66885e1f9d64564243d5b4d2fe341de548edb,,
1.0,G01-260202-153017-710,G01-260202-153017-710.bmp,G01,2026-02-02T15:30:17,2026-02-02,G01_2026-02-02,710,train,normal,,1025,1281,1,5d74804e78d24b3255b6be1d5b33c6e229e451f7acc8c3260b2298ec43b23e28,,
1.0,G01-260202-153046-711,G01-260202-153046-711.bmp,G01,2026-02-02T15:30:46,2026-02-02,G01_2026-02-02,711,train,normal,,1025,1281,1,ae7b013a612177dd9a2f56fc109cb8582782868b98c71fbd30e3e9a20febca0d,,
1.0,G01-260202-153053-712,G01-260202-153053-712.bmp,G01,2026-02-02T15:30:53,2026-02-02,G01_2026-02-02,712,train,normal,,1025,1281,1,a5a51e48114c222cf2db2598f49c0245d55938d8fdedd194ededf3834a705d1f,,
1.0,G01-260202-153118-713,G01-260202-153118-713.bmp,G01,2026-02-02T15:31:18,2026-02-02,G01_2026-02-02,713,train,normal,,1025,1281,1,984072d860191426f0fb161ed79c1146a2b1d9b8138fa99852f38d547609126b,,
1.0,G01-260202-153124-714,G01-260202-153124-714.bmp,G01,2026-02-02T15:31:24,2026-02-02,G01_2026-02-02,714,train,normal,,1025,1281,1,e442299e60d635b0652abaa8d21485b219fece0ddd94000ad7bc74aa059a9f9f,,
1.0,G01-260202-153148-715,G01-260202-153148-715.bmp,G01,2026-02-02T15:31:48,2026-02-02,G01_2026-02-02,715,train,normal,,1025,1281,1,bd735835e4a708dbd4cf9052fa15b09261fa4cb2b1be92248b42fc056e1433c7,,
1.0,G01-260202-153157-716,G01-260202-153157-716.bmp,G01,2026-02-02T15:31:57,2026-02-02,G01_2026-02-02,716,train,normal,,1025,1281,1,94ac16e97398159e433e30828fdd0a0980fe03dba73ecd7dd0044c74069039a1,,
1.0,G01-260202-153212-717,G01-260202-153212-717.bmp,G01,2026-02-02T15:32:12,2026-02-02,G01_2026-02-02,717,train,normal,,1025,1281,1,6280122434701febffbe746baa6655b027971055f654a97397acfaf550d0d0b2,,
1.0,G01-260202-153219-718,G01-260202-153219-718.bmp,G01,2026-02-02T15:32:19,2026-02-02,G01_2026-02-02,718,train,normal,,1025,1281,1,13300cc396b8536cebeb0834e97b82fb7025d7e194b5933695f10d0bc784b6ee,,
1.0,G01-260202-153250-719,G01-260202-153250-719.bmp,G01,2026-02-02T15:32:50,2026-02-02,G01_2026-02-02,719,train,normal,,1025,1281,1,dded91b3cf52e578b17bbbc972890ba4e2aa49d35fcaecc5c69222e8e91aa729,,
1.0,G01-260202-153256-720,G01-260202-153256-720.bmp,G01,2026-02-02T15:32:56,2026-02-02,G01_2026-02-02,720,train,normal,,1025,1281,1,b093cab27737d27d7ed101c319c788824afa7f42e1ebebc41f9487e83c0352db,,
1.0,G01-260202-153325-721,G01-260202-153325-721.bmp,G01,2026-02-02T15:33:25,2026-02-02,G01_2026-02-02,721,train,normal,,1025,1281,1,7b73e39fba19d4ff6ed08107283aca5d3546725aa3d3d0def0c75b24018fced0,,
1.0,G01-260202-153331-722,G01-260202-153331-722.bmp,G01,2026-02-02T15:33:31,2026-02-02,G01_2026-02-02,722,train,normal,,1025,1281,1,bec1b9f2452afbe01c2882754465a6b93f4ff08524ef25f7f7a39fc547c51d80,,
1.0,G01-260202-153338-723,G01-260202-153338-723.bmp,G01,2026-02-02T15:33:38,2026-02-02,G01_2026-02-02,723,train,normal,,1025,1281,1,9d1f4286caac1301877e9e7cc16170ec864892919c3c0324bac1000fc1ca7508,,
1.0,G01-260202-153347-724,G01-260202-153347-724.bmp,G01,2026-02-02T15:33:47,2026-02-02,G01_2026-02-02,724,train,normal,,1025,1281,1,ea7c019aad9b3d9b28f0fa2508b3782a4f58e499cc5cd9aa672194aea367633f,,
1.0,G01-260202-153415-725,G01-260202-153415-725.bmp,G01,2026-02-02T15:34:15,2026-02-02,G01_2026-02-02,725,train,normal,,1025,1281,1,1871ba8b6b89fb41168439a3d9809ca7fee93556015972b157edd7c04dbdf328,,
1.0,G01-260202-153422-726,G01-260202-153422-726.bmp,G01,2026-02-02T15:34:22,2026-02-02,G01_2026-02-02,726,train,normal,,1025,1281,1,1e19b40c5cec3cf13aad8ad9901e6e9b17dbdb4e4b5918db0278016d6371787f,,
1.0,G01-260202-153447-727,G01-260202-153447-727.bmp,G01,2026-02-02T15:34:47,2026-02-02,G01_2026-02-02,727,train,normal,,1025,1281,1,05e104ec6cc22cc895477d99c54421d7504f94c3557b927b6e984435497c4614,,
1.0,G01-260202-153454-728,G01-260202-153454-728.bmp,G01,2026-02-02T15:34:54,2026-02-02,G01_2026-02-02,728,train,normal,,1025,1281,1,4d7f30284ecee19f4ea1e3d484ecb5b63bf26cb9bf69a201f33adb393ab89d35,,
1.0,G01-260202-153518-729,G01-260202-153518-729.bmp,G01,2026-02-02T15:35:18,2026-02-02,G01_2026-02-02,729,train,normal,,1025,1281,1,f690a56e9c4de95d29e384a163cbffb6f8e2c51f04632902003d907f880157bb,,
1.0,G01-260202-153525-730,G01-260202-153525-730.bmp,G01,2026-02-02T15:35:25,2026-02-02,G01_2026-02-02,730,train,normal,,1025,1281,1,ecce18dbefb589cbe04b5b27c21044dac91f35472dd5b5f10c5d5ce1747ad04a,,
1.0,G01-260202-153549-731,G01-260202-153549-731.bmp,G01,2026-02-02T15:35:49,2026-02-02,G01_2026-02-02,731,train,normal,,1025,1281,1,e43f012178c3d2f8d8390dc43fe2c7d8a6e54a9773351a135836e45e499cac1e,,
1.0,G01-260202-153555-732,G01-260202-153555-732.bmp,G01,2026-02-02T15:35:55,2026-02-02,G01_2026-02-02,732,train,normal,,1025,1281,1,34468e1cd59806fbddcbc2584df73aaf5089abb63ea36271c8c7947fce7fc32c,,
1.0,G01-260202-153617-733,G01-260202-153617-733.bmp,G01,2026-02-02T15:36:17,2026-02-02,G01_2026-02-02,733,train,normal,,1025,1281,1,6b444e080dee3ff831317dc9e16c70730a669613fdc2d7d08d6ce469c8877081,,
1.0,G01-260202-153623-734,G01-260202-153623-734.bmp,G01,2026-02-02T15:36:23,2026-02-02,G01_2026-02-02,734,train,normal,,1025,1281,1,e4c010bce035c06da5274e6b2daab8fc9822a487419a3ae785fa5cd3f62ebcc9,,
1.0,G01-260202-153643-735,G01-260202-153643-735.bmp,G01,2026-02-02T15:36:43,2026-02-02,G01_2026-02-02,735,train,normal,,1025,1281,1,c4bf1d29ce9458cb039cb50ea6a8ce10c178bb688b864cfd0db11715f260ecf4,,
1.0,G01-260202-153650-736,G01-260202-153650-736.bmp,G01,2026-02-02T15:36:50,2026-02-02,G01_2026-02-02,736,train,normal,,1025,1281,1,c17a6c08f95f2e48e32a9eb12ee8f12b335f9b4968544de2c35151294c5ce0c2,,
1.0,G01-260202-153713-737,G01-260202-153713-737.bmp,G01,2026-02-02T15:37:13,2026-02-02,G01_2026-02-02,737,train,normal,,1025,1281,1,75920e031de235729ff305955264fd80938a20e4980e4fd2abae2bf6715378e3,,
1.0,G01-260202-153722-738,G01-260202-153722-738.bmp,G01,2026-02-02T15:37:22,2026-02-02,G01_2026-02-02,738,train,normal,,1025,1281,1,aa09bdee59f1b799880b0d5e5d95ba9bbf43e7089c4488fa8ff9ba7bc590f964,,
1.0,G01-260202-153748-739,G01-260202-153748-739.bmp,G01,2026-02-02T15:37:48,2026-02-02,G01_2026-02-02,739,train,normal,,1025,1281,1,3e78340948a6ed39b358f826edee9a9fba70a9e5006d276a5ca7b5733df1fa91,,
1.0,G01-260202-153755-740,G01-260202-153755-740.bmp,G01,2026-02-02T15:37:55,2026-02-02,G01_2026-02-02,740,train,normal,,1025,1281,1,7fbd5da25933cba7134b788c232e576194d4737f2a77cd0069d8988c2e3d57ca,,
1.0,G01-260202-153817-741,G01-260202-153817-741.bmp,G01,2026-02-02T15:38:17,2026-02-02,G01_2026-02-02,741,train,normal,,1025,1281,1,3fe5d6c1121e492cbb357febac705c021b08fc89fed3d7166656642900d52d8b,,
1.0,G01-260202-153824-742,G01-260202-153824-742.bmp,G01,2026-02-02T15:38:24,2026-02-02,G01_2026-02-02,742,train,normal,,1025,1281,1,64a7906a1c7328c7f2fc2c8e2d57fbe466ca0a2e6642829cb408cb9c8f62cbb9,,
1.0,G01-260202-153848-743,G01-260202-153848-743.bmp,G01,2026-02-02T15:38:48,2026-02-02,G01_2026-02-02,743,train,normal,,1025,1281,1,0d9df6bf037dc58ed57a1d3915a5c78b110e626a411a79c969d428a455461649,,
1.0,G01-260202-153854-744,G01-260202-153854-744.bmp,G01,2026-02-02T15:38:54,2026-02-02,G01_2026-02-02,744,train,normal,,1025,1281,1,dc7ee2b396b283152168a337fcb5b2f06cbd42f214d44e373ca6d0237d3821ed,,
1.0,G01-260202-153919-745,G01-260202-153919-745.bmp,G01,2026-02-02T15:39:19,2026-02-02,G01_2026-02-02,745,train,normal,,1025,1281,1,f335ac2db2615f3bea7d1bf7801493ce2f135a637a551a73172d7f78683d428d,,
1.0,G01-260202-153925-746,G01-260202-153925-746.bmp,G01,2026-02-02T15:39:25,2026-02-02,G01_2026-02-02,746,train,normal,,1025,1281,1,505980a08c0e16cadc69bf82e9496188f2b07c43fd061e6180c39f95fb85504e,,
1.0,G01-260202-153947-747,G01-260202-153947-747.bmp,G01,2026-02-02T15:39:47,2026-02-02,G01_2026-02-02,747,train,normal,,1025,1281,1,58439a17cb899d0b4b7a106a121a0bc2c3f3e27052bd1485407674a8da93c6ef,,
1.0,G01-260202-153953-748,G01-260202-153953-748.bmp,G01,2026-02-02T15:39:53,2026-02-02,G01_2026-02-02,748,train,normal,,1025,1281,1,1ccace331acf48180baebab890c539f8d63fabd4040120807de73d5d935d77f3,,
1.0,G01-260202-154018-749,G01-260202-154018-749.bmp,G01,2026-02-02T15:40:18,2026-02-02,G01_2026-02-02,749,train,normal,,1025,1281,1,37af37f3f4a544d67561aba7be2067aef4acbdef45ef1b465cc71c73aab51588,,
1.0,G01-260202-154025-750,G01-260202-154025-750.bmp,G01,2026-02-02T15:40:25,2026-02-02,G01_2026-02-02,750,train,normal,,1025,1281,1,509dd144866c7246dbddabcd6ffd0e62a7b8e84c34f6bbd96a22e66ef7a11b39,,
1.0,G01-260202-154045-751,G01-260202-154045-751.bmp,G01,2026-02-02T15:40:45,2026-02-02,G01_2026-02-02,751,train,normal,,1025,1281,1,c4f4f663f41bc32c44e90f2162122704837885e974930409a6444cb4902109fb,,
1.0,G01-260202-154051-752,G01-260202-154051-752.bmp,G01,2026-02-02T15:40:51,2026-02-02,G01_2026-02-02,752,train,normal,,1025,1281,1,197fc4bc1836248cd8b9f4e5064e39ede69fc933a5ce3fd8352a57e9adb1a1fc,,
1.0,G01-260202-154118-753,G01-260202-154118-753.bmp,G01,2026-02-02T15:41:18,2026-02-02,G01_2026-02-02,753,train,normal,,1025,1281,1,ca701bde1de2b0d1d93563878fce7eb2b7506f43be3d3e3dbc1b0afa4f28282c,,
1.0,G01-260202-154125-754,G01-260202-154125-754.bmp,G01,2026-02-02T15:41:25,2026-02-02,G01_2026-02-02,754,train,normal,,1025,1281,1,9b779588ad6c6f17c37127a956feeee6dbd3115e2d67b84751568f9351ca9310,,
1.0,G01-260202-154150-755,G01-260202-154150-755.bmp,G01,2026-02-02T15:41:50,2026-02-02,G01_2026-02-02,755,train,normal,,1025,1281,1,ee55e2dd3bc6bbe75b8836ac591f4fa8a86c6a318ae2fefb94d4248b483cf030,,
1.0,G01-260202-154157-756,G01-260202-154157-756.bmp,G01,2026-02-02T15:41:57,2026-02-02,G01_2026-02-02,756,train,normal,,1025,1281,1,15ccb02f830a2cfe3685caa1cf14fd3ba7a7ffbf8c82228885ce35b66bfb20f2,,
1.0,G01-260202-154219-757,G01-260202-154219-757.bmp,G01,2026-02-02T15:42:19,2026-02-02,G01_2026-02-02,757,train,normal,,1025,1281,1,20123f54efb427682ffbd44c1a757aa108901a1825037e2e92e443ac229b1e86,,
1.0,G01-260202-154225-758,G01-260202-154225-758.bmp,G01,2026-02-02T15:42:25,2026-02-02,G01_2026-02-02,758,train,normal,,1025,1281,1,4c606766b8bcf6d9002663fde9b497b652070da88a81a691619b0db28e0e0b9f,,
1.0,G01-260202-154247-759,G01-260202-154247-759.bmp,G01,2026-02-02T15:42:47,2026-02-02,G01_2026-02-02,759,train,normal,,1025,1281,1,e0145d70f3e5ee60eff1ed6f35ba57f28312e01a48523cc5bdf2a548eb3da621,,
1.0,G01-260202-154253-760,G01-260202-154253-760.bmp,G01,2026-02-02T15:42:53,2026-02-02,G01_2026-02-02,760,train,normal,,1025,1281,1,d3ccebefc8a4dc9bacfdf3fe586728411f1807583e333e2a4e3c88033347372d,,
1.0,G01-260202-154320-761,G01-260202-154320-761.bmp,G01,2026-02-02T15:43:20,2026-02-02,G01_2026-02-02,761,train,normal,,1025,1281,1,f62296afc4b00ac28259511d2d3346cbb188250d10920c32ae7724fdf4e0329a,,
1.0,G01-260202-154326-762,G01-260202-154326-762.bmp,G01,2026-02-02T15:43:26,2026-02-02,G01_2026-02-02,762,train,normal,,1025,1281,1,6f4e4321388dcddda045af40b90add4c1c4a2765cb1328ec339cfba0c2485a02,,
1.0,G01-260202-154349-763,G01-260202-154349-763.bmp,G01,2026-02-02T15:43:49,2026-02-02,G01_2026-02-02,763,train,normal,,1025,1281,1,ea763b38725a0bbd55e8c765fc71e0e2a05f23a196f4edb5c90b2c3a2595b428,,
1.0,G01-260202-154356-764,G01-260202-154356-764.bmp,G01,2026-02-02T15:43:56,2026-02-02,G01_2026-02-02,764,train,normal,,1025,1281,1,5006f1f00a9a05ab070c57e46b6d951f0ccfaa261ef20b5eec8e74205de7f001,,
1.0,G01-260202-154418-765,G01-260202-154418-765.bmp,G01,2026-02-02T15:44:18,2026-02-02,G01_2026-02-02,765,train,normal,,1025,1281,1,23b43696590f20c0b0dba8f3cf711b01f498c075e7a36642e1ca58881623db70,,
1.0,G01-260202-154424-766,G01-260202-154424-766.bmp,G01,2026-02-02T15:44:24,2026-02-02,G01_2026-02-02,766,train,normal,,1025,1281,1,8c63344d743ba2cfb33eaeeb247ab2704e94d62019f63ba8c2ab19508ee1dc7f,,
1.0,G01-260202-154448-767,G01-260202-154448-767.bmp,G01,2026-02-02T15:44:48,2026-02-02,G01_2026-02-02,767,train,normal,,1025,1281,1,184940c124925f036ffe423dbb27df0719eaccc7b6012938bf5d1d13b05bd0bc,,
1.0,G01-260202-154454-768,G01-260202-154454-768.bmp,G01,2026-02-02T15:44:54,2026-02-02,G01_2026-02-02,768,train,normal,,1025,1281,1,e3f833a8df81476101d9cd73d8dea0bb828eaf94fcc2fea40c44172316ad9cee,,
1.0,G01-260202-154520-769,G01-260202-154520-769.bmp,G01,2026-02-02T15:45:20,2026-02-02,G01_2026-02-02,769,train,normal,,1025,1281,1,dd95475a9d62fe1e296553c875982e40dd4b33279148a3a5ed8571a814a3b97d,,
1.0,G01-260202-154526-770,G01-260202-154526-770.bmp,G01,2026-02-02T15:45:26,2026-02-02,G01_2026-02-02,770,train,normal,,1025,1281,1,c9107c82dbf2f8dae2e326a82a29814db872b57b00b2a3b6996a04704e6b9faa,,
1.0,G01-260202-154548-771,G01-260202-154548-771.bmp,G01,2026-02-02T15:45:48,2026-02-02,G01_2026-02-02,771,train,normal,,1025,1281,1,49a589ffb819a984b3d3e74736f218bd221e2b8006fa0e9f4425322d2bb5f3f7,,
1.0,G01-260202-154554-772,G01-260202-154554-772.bmp,G01,2026-02-02T15:45:54,2026-02-02,G01_2026-02-02,772,train,normal,,1025,1281,1,74a17470f707f79f49bb94776030f8815988cae7d124ca5494f823903cc48df1,,
1.0,G01-260202-154615-773,G01-260202-154615-773.bmp,G01,2026-02-02T15:46:15,2026-02-02,G01_2026-02-02,773,train,normal,,1025,1281,1,3c50a27b8c5c17fdc8545d79a0ab50d38ac4d1474f5299f893acd068b07f1222,,
1.0,G01-260202-154621-774,G01-260202-154621-774.bmp,G01,2026-02-02T15:46:21,2026-02-02,G01_2026-02-02,774,train,normal,,1025,1281,1,de425759957c61dbd15a303f32cf80b15089e980910e235771647f05af1cf942,,
1.0,G01-260202-154648-775,G01-260202-154648-775.bmp,G01,2026-02-02T15:46:48,2026-02-02,G01_2026-02-02,775,train,normal,,1025,1281,1,e36db68b5cccb03b16adf010a356a33841d40bf428908601e7096d268a467a67,,
1.0,G01-260202-154654-776,G01-260202-154654-776.bmp,G01,2026-02-02T15:46:54,2026-02-02,G01_2026-02-02,776,train,normal,,1025,1281,1,e056fc6feb46b271d96bc105f0cec308e93d85f54c60735a5c055a7c9211eff3,,
1.0,G01-260202-154719-777,G01-260202-154719-777.bmp,G01,2026-02-02T15:47:19,2026-02-02,G01_2026-02-02,777,train,normal,,1025,1281,1,e68edb54bf5b08ca1221830c72ff5f29d12d07c22925c25846f8d4b0ddf7e119,,
1.0,G01-260202-154725-778,G01-260202-154725-778.bmp,G01,2026-02-02T15:47:25,2026-02-02,G01_2026-02-02,778,train,normal,,1025,1281,1,b95f06aff70f31dfa534848ff1adf0d7b9ec06b9587a93ae305a5bc5f9b0b205,,
1.0,G01-260202-154750-779,G01-260202-154750-779.bmp,G01,2026-02-02T15:47:50,2026-02-02,G01_2026-02-02,779,train,normal,,1025,1281,1,e9de51158f87a456a57d0617a2cd51641de0b1b44959533686c94d94bb99655c,,
1.0,G01-260202-154756-780,G01-260202-154756-780.bmp,G01,2026-02-02T15:47:56,2026-02-02,G01_2026-02-02,780,train,normal,,1025,1281,1,874bb25491058792d64a70c197a955f85bbc5c3232f4fe51ea06878772686aa9,,
1.0,G01-260202-154819-781,G01-260202-154819-781.bmp,G01,2026-02-02T15:48:19,2026-02-02,G01_2026-02-02,781,train,normal,,1025,1281,1,60621ae2a3097b6062554852b340a804843db4d06afafa59d53c517b500a26db,,
1.0,G01-260202-154825-782,G01-260202-154825-782.bmp,G01,2026-02-02T15:48:25,2026-02-02,G01_2026-02-02,782,train,normal,,1025,1281,1,c8a417f1b4a90bff18bf06334cd0f737078ed0ecad77e4c3b2f2a3abe6085a55,,
1.0,G01-260202-154846-783,G01-260202-154846-783.bmp,G01,2026-02-02T15:48:46,2026-02-02,G01_2026-02-02,783,train,normal,,1025,1281,1,2123d5435a24d5238647d9259c43a45173e800059f360eb2625a8f010ff666db,,
1.0,G01-260202-154854-784,G01-260202-154854-784.bmp,G01,2026-02-02T15:48:54,2026-02-02,G01_2026-02-02,784,train,normal,,1025,1281,1,df3dcc35163a9647fd333925ed47756fd8de0fde6516df4dd0e54ff9a2e3ff15,,
1.0,G01-260202-154918-785,G01-260202-154918-785.bmp,G01,2026-02-02T15:49:18,2026-02-02,G01_2026-02-02,785,train,normal,,1025,1281,1,7b5fc0c8b61de7d590a94ac77049888053c600af7900197860eb7f32cb554891,,
1.0,G01-260202-154924-786,G01-260202-154924-786.bmp,G01,2026-02-02T15:49:24,2026-02-02,G01_2026-02-02,786,train,normal,,1025,1281,1,440634f41703a5f53c905d234845bd8faef994d4aa1863525cd20795c9096438,,
1.0,G01-260202-154948-787,G01-260202-154948-787.bmp,G01,2026-02-02T15:49:48,2026-02-02,G01_2026-02-02,787,train,normal,,1025,1281,1,19502f3c5b00cdfae1f128d77a0f006c1176b90f8d21be8fdbadbba1973f9d7c,,
1.0,G01-260202-154955-788,G01-260202-154955-788.bmp,G01,2026-02-02T15:49:55,2026-02-02,G01_2026-02-02,788,train,normal,,1025,1281,1,00450f8fb08aac9c668d9e194830ea82ef535da8f21ed24a4cdc753a8a4485d5,,
1.0,G01-260202-155017-789,G01-260202-155017-789.bmp,G01,2026-02-02T15:50:17,2026-02-02,G01_2026-02-02,789,train,normal,,1025,1281,1,bcfbcc7b07a5756e7bd5bd179443df015cc90808b9885697e2bede44b334bc39,,
1.0,G01-260202-155023-790,G01-260202-155023-790.bmp,G01,2026-02-02T15:50:23,2026-02-02,G01_2026-02-02,790,train,normal,,1025,1281,1,c146b94ed52007dc85d2db022993588372df4ac6663caba96ef1beb91719070a,,
1.0,G01-260202-155049-791,G01-260202-155049-791.bmp,G01,2026-02-02T15:50:49,2026-02-02,G01_2026-02-02,791,train,normal,,1025,1281,1,60400e2fcb7d6a43c5af3d9ca79fd817f40cfb9f3bf26c36be822191c7fea945,,
1.0,G01-260202-155055-792,G01-260202-155055-792.bmp,G01,2026-02-02T15:50:55,2026-02-02,G01_2026-02-02,792,train,normal,,1025,1281,1,9d3036111aad0f2af9285bcb69f16843cfbd3557ba160471fa3a6e86b31d376a,,
1.0,G01-260202-155121-793,G01-260202-155121-793.bmp,G01,2026-02-02T15:51:21,2026-02-02,G01_2026-02-02,793,train,normal,,1025,1281,1,0699190e32b5aa574f86fe69c725bf2351c6f97e773472b89951488dfb74db32,,
1.0,G01-260202-155128-794,G01-260202-155128-794.bmp,G01,2026-02-02T15:51:28,2026-02-02,G01_2026-02-02,794,train,normal,,1025,1281,1,7b5c51fce35e56b3adc2ef6fa7507003d720666c37e0b18da6efbbeef993e74a,,
1.0,G01-260202-155150-795,G01-260202-155150-795.bmp,G01,2026-02-02T15:51:50,2026-02-02,G01_2026-02-02,795,train,normal,,1025,1281,1,79cada8dff6a25023d26efa2f5ff7c7e9a59eb8ce4c8d8f7898f8c90573b2e28,,
1.0,G01-260202-155216-797,G01-260202-155216-797.bmp,G01,2026-02-02T15:52:16,2026-02-02,G01_2026-02-02,797,train,normal,,1025,1281,1,051f7903842ff47fefee4e6ad905b56ca8efb7afc5743230836b703cd6ec5c46,,
1.0,G01-260202-155223-798,G01-260202-155223-798.bmp,G01,2026-02-02T15:52:23,2026-02-02,G01_2026-02-02,798,train,normal,,1025,1281,1,c3330e3bb64325fd14a5b1390b8ce1acb576a5e727c24069d656367f8b9c587c,,
1.0,G01-260202-155244-799,G01-260202-155244-799.bmp,G01,2026-02-02T15:52:44,2026-02-02,G01_2026-02-02,799,train,normal,,1025,1281,1,225a97ec2c09eb71bbb69f2d2986d25e4fcd404910aad78c42fe163e3dd87ef5,,
1.0,G01-260202-155251-800,G01-260202-155251-800.bmp,G01,2026-02-02T15:52:51,2026-02-02,G01_2026-02-02,800,train,normal,,1025,1281,1,614efb43737d0ac7733939855bdcc80a81db458a80c6123e2cf21a4bb9b4d202,,
1.0,G01-260202-155318-801,G01-260202-155318-801.bmp,G01,2026-02-02T15:53:18,2026-02-02,G01_2026-02-02,801,train,normal,,1025,1281,1,dc8d874b8a844a41884548ca32736b0aba839c89cece04f874abe7ec1dae45a3,,
1.0,G01-260202-155325-802,G01-260202-155325-802.bmp,G01,2026-02-02T15:53:25,2026-02-02,G01_2026-02-02,802,train,normal,,1025,1281,1,a72a2b8e32d6b62425fd123d8500754ef073a3ea31255c4ff7efff9133686c26,,
1.0,G01-260202-155350-803,G01-260202-155350-803.bmp,G01,2026-02-02T15:53:50,2026-02-02,G01_2026-02-02,803,train,normal,,1025,1281,1,233469c325667f5aab6abf83665482f3d2d48ea4453bb443be922dcda419ce0e,,
1.0,G01-260202-155359-804,G01-260202-155359-804.bmp,G01,2026-02-02T15:53:59,2026-02-02,G01_2026-02-02,804,train,normal,,1025,1281,1,2242ff00c8379f0b379cc1c80024e17a9c12b7810845f850b6960924d65e3239,,
1.0,G01-260202-155412-805,G01-260202-155412-805.bmp,G01,2026-02-02T15:54:12,2026-02-02,G01_2026-02-02,805,train,normal,,1025,1281,1,30a5e342b71c97e4c225ae2c7e3e92fff998da4e6c47b970897bd3e8be21dc66,,
1.0,G01-260202-155420-806,G01-260202-155420-806.bmp,G01,2026-02-02T15:54:20,2026-02-02,G01_2026-02-02,806,train,normal,,1025,1281,1,1b1426a49557e8301bec70f9ce02623ac653fd588083c8d7c68e36085f838af6,,
1.0,G01-260202-155444-807,G01-260202-155444-807.bmp,G01,2026-02-02T15:54:44,2026-02-02,G01_2026-02-02,807,train,normal,,1025,1281,1,733edbc5260796a897bacc374bb753ed828108bf7bb42ac8397a775f7a4fc39e,,
1.0,G01-260202-155520-808,G01-260202-155520-808.bmp,G01,2026-02-02T15:55:20,2026-02-02,G01_2026-02-02,808,train,normal,,1025,1281,1,825e05c9e091df690331e55cfa3d2fad5c584e496b4454b54118accec91df170,,
1.0,G01-260202-155526-809,G01-260202-155526-809.bmp,G01,2026-02-02T15:55:26,2026-02-02,G01_2026-02-02,809,train,normal,,1025,1281,1,7caaf542d37df7f7ea95a2b8e42f701aea3ab7cba91faf2420d2325c847acf7b,,
1.0,G01-260202-155549-810,G01-260202-155549-810.bmp,G01,2026-02-02T15:55:49,2026-02-02,G01_2026-02-02,810,train,normal,,1025,1281,1,1f1d94d4111fc22cadc698baa161d883c25761504bd06006cad81ec59692d565,,
1.0,G01-260202-155555-811,G01-260202-155555-811.bmp,G01,2026-02-02T15:55:55,2026-02-02,G01_2026-02-02,811,train,normal,,1025,1281,1,03e5d12058cbe68180dc1189803746b4f2dcf8c6fffd3c2bbadd225edc2689ae,,
1.0,G01-260202-155622-812,G01-260202-155622-812.bmp,G01,2026-02-02T15:56:22,2026-02-02,G01_2026-02-02,812,train,normal,,1025,1281,1,ff8349d26bf5e171b855441a1a18a044ac63faa6059ff5caa6bd59f40dc3aced,,
1.0,G01-260202-155628-813,G01-260202-155628-813.bmp,G01,2026-02-02T15:56:28,2026-02-02,G01_2026-02-02,813,train,normal,,1025,1281,1,269406e8ad563fb01e9fc810473013565a1b2543b70f7de10ec0e371d589c48f,,
1.0,G01-260202-155652-814,G01-260202-155652-814.bmp,G01,2026-02-02T15:56:52,2026-02-02,G01_2026-02-02,814,train,normal,,1025,1281,1,b7bfb9d60d39dd5cded08f695c64b1693d49c2853a44eb5068d1a8a232ba6ad2,,
1.0,G01-260202-155658-815,G01-260202-155658-815.bmp,G01,2026-02-02T15:56:58,2026-02-02,G01_2026-02-02,815,train,normal,,1025,1281,1,13c7c7091009f638c5c241e4f6ab948799ea0da108677d232566840da723663d,,
1.0,G01-260202-155723-816,G01-260202-155723-816.bmp,G01,2026-02-02T15:57:23,2026-02-02,G01_2026-02-02,816,train,normal,,1025,1281,1,1d09153b50d2694383745b744a8bc2367df5a8b580d01d9cd9d05afe4078ba11,,
1.0,G01-260202-155729-817,G01-260202-155729-817.bmp,G01,2026-02-02T15:57:29,2026-02-02,G01_2026-02-02,817,train,normal,,1025,1281,1,a4ebc06f5f8b68dff4ca14aeb20c23a298b6cd5382119019e58c8713ce12c9d9,,
1.0,G01-260202-155751-818,G01-260202-155751-818.bmp,G01,2026-02-02T15:57:51,2026-02-02,G01_2026-02-02,818,train,normal,,1025,1281,1,a36d6a1fa94d83c4af69d44f8b2a4fd3a54cb9a0774fc616a5458dd3bf8795b8,,
1.0,G01-260202-155757-819,G01-260202-155757-819.bmp,G01,2026-02-02T15:57:57,2026-02-02,G01_2026-02-02,819,train,normal,,1025,1281,1,a445f403161d8da01fc3fd6e5284f801b1e85336d3d0174c078948ddbd9e2511,,
1.0,G01-260202-155821-820,G01-260202-155821-820.bmp,G01,2026-02-02T15:58:21,2026-02-02,G01_2026-02-02,820,train,normal,,1025,1281,1,282293b1ab845fc9510431735518b51450c607ed2939e3f7426fcfc43b8ae398,,
1.0,G01-260202-155827-821,G01-260202-155827-821.bmp,G01,2026-02-02T15:58:27,2026-02-02,G01_2026-02-02,821,train,normal,,1025,1281,1,5975c7217ce689d2124cf5b19075b63637ece97c11a12dd5214fd9824446ddb9,,
1.0,G01-260202-155851-822,G01-260202-155851-822.bmp,G01,2026-02-02T15:58:51,2026-02-02,G01_2026-02-02,822,train,normal,,1025,1281,1,605235b1e71a5c8a9760e8be2cd4a19edcb260f147cd196b74109893022c12a1,,
1.0,G01-260202-155858-823,G01-260202-155858-823.bmp,G01,2026-02-02T15:58:58,2026-02-02,G01_2026-02-02,823,train,normal,,1025,1281,1,7a8e8364293e8249284585c8046a67cdc472df2104981e7dac37d547442fa165,,
1.0,G01-260202-155919-824,G01-260202-155919-824.bmp,G01,2026-02-02T15:59:19,2026-02-02,G01_2026-02-02,824,train,normal,,1025,1281,1,cdbb072446675c3850bddb97c84a3b119daf1d42693cd61497fd3784c53015a6,,
1.0,G01-260202-155925-825,G01-260202-155925-825.bmp,G01,2026-02-02T15:59:25,2026-02-02,G01_2026-02-02,825,train,normal,,1025,1281,1,3313e39fe99b95b2561f13ad1e3f654645930e3e1d99408d7c336e059bdd87a8,,
1.0,G01-260202-155955-826,G01-260202-155955-826.bmp,G01,2026-02-02T15:59:55,2026-02-02,G01_2026-02-02,826,train,normal,,1025,1281,1,b2210042203f0abc579e2c3850ef1d01a73fedfa551bc3bd8dd28e27eda211f2,,
1.0,G01-260202-160008-827,G01-260202-160008-827.bmp,G01,2026-02-02T16:00:08,2026-02-02,G01_2026-02-02,827,train,normal,,1025,1281,1,9ae4987bb73aab9728faf663c6111270554b91f1a0660979db33be838aa0a7cc,,
1.0,G01-260202-160022-828,G01-260202-160022-828.bmp,G01,2026-02-02T16:00:22,2026-02-02,G01_2026-02-02,828,train,normal,,1025,1281,1,9006c1df71e4fef2038a4978cf3996cdcbac7785f0c241ad7af1779ca540a95f,,
1.0,G01-260202-160028-829,G01-260202-160028-829.bmp,G01,2026-02-02T16:00:28,2026-02-02,G01_2026-02-02,829,train,normal,,1025,1281,1,5f71fc0a0aa0cf23bc9fd83bfd9115e71bd41da4de109859908dd1c8816b8bf3,,
1.0,G01-260202-160052-830,G01-260202-160052-830.bmp,G01,2026-02-02T16:00:52,2026-02-02,G01_2026-02-02,830,train,normal,,1025,1281,1,bce9b36a8aed71e4fda67e8ec97dbda265da81ad775bb80e24b0a6e1ebae48dc,,
1.0,G01-260202-160058-831,G01-260202-160058-831.bmp,G01,2026-02-02T16:00:58,2026-02-02,G01_2026-02-02,831,train,normal,,1025,1281,1,2c3d525dcbdfcaabf220b52b850ace38e191de8bb56439fbf05454fe93950a69,,
1.0,G01-260202-160120-832,G01-260202-160120-832.bmp,G01,2026-02-02T16:01:20,2026-02-02,G01_2026-02-02,832,train,normal,,1025,1281,1,0712b9ba0b80da60fcc081f43b194cd01468c073ce9f989c01a341dad4341509,,
1.0,G01-260202-160126-833,G01-260202-160126-833.bmp,G01,2026-02-02T16:01:26,2026-02-02,G01_2026-02-02,833,train,normal,,1025,1281,1,8d8a641d9db984ddb0881f3a40a43236f73504ab799f843b27fe8fd6f6c4d174,,
1.0,G01-260202-160151-834,G01-260202-160151-834.bmp,G01,2026-02-02T16:01:51,2026-02-02,G01_2026-02-02,834,train,normal,,1025,1281,1,5de0540c93531536de598006861a92f6974c778e74a7fd84452ac68d0b321f09,,
1.0,G01-260202-160158-835,G01-260202-160158-835.bmp,G01,2026-02-02T16:01:58,2026-02-02,G01_2026-02-02,835,train,normal,,1025,1281,1,11505ae89b6db34d4649d9eda3b50611cbc3aa7ec606593d6a59689d429839e8,,
1.0,G01-260202-160221-836,G01-260202-160221-836.bmp,G01,2026-02-02T16:02:21,2026-02-02,G01_2026-02-02,836,train,normal,,1025,1281,1,fcf1f0be54d38079ff0aafabcc2fd8d5cc8860a928cbed62098ae494ffe9ccfb,,
1.0,G01-260202-160228-837,G01-260202-160228-837.bmp,G01,2026-02-02T16:02:28,2026-02-02,G01_2026-02-02,837,train,normal,,1025,1281,1,30854290517fed13a10500c8c37803bdb875ac4bbaae03166866fa8935029429,,
1.0,G01-260202-160250-838,G01-260202-160250-838.bmp,G01,2026-02-02T16:02:50,2026-02-02,G01_2026-02-02,838,train,normal,,1025,1281,1,f3f50976e5df63f8a9cc9f4426880f51de694c2433807fa5f95b89c71a90b59e,,
1.0,G01-260202-160257-839,G01-260202-160257-839.bmp,G01,2026-02-02T16:02:57,2026-02-02,G01_2026-02-02,839,train,normal,,1025,1281,1,e84c332b4c2dd9718ee271d4e2910543510615fc8d731d80fee1aac1d0d36413,,
1.0,G01-260202-160321-840,G01-260202-160321-840.bmp,G01,2026-02-02T16:03:21,2026-02-02,G01_2026-02-02,840,train,normal,,1025,1281,1,aa425e60585bd952c94db1b7792742ddd49c66217adb702107073ead4049c59b,,
1.0,G01-260202-160327-841,G01-260202-160327-841.bmp,G01,2026-02-02T16:03:27,2026-02-02,G01_2026-02-02,841,train,normal,,1025,1281,1,b07a8a517ea3a62b8ac0f9fa11fd867c5089d91e7b877adc3be42dcc1e43acbb,,
1.0,G01-260202-160350-842,G01-260202-160350-842.bmp,G01,2026-02-02T16:03:50,2026-02-02,G01_2026-02-02,842,train,normal,,1025,1281,1,2c03e8208d05063d1280b765652a8ae0eb11ea0157e2c6b4ec836c0788f50ea0,,
1.0,G01-260202-160356-843,G01-260202-160356-843.bmp,G01,2026-02-02T16:03:56,2026-02-02,G01_2026-02-02,843,train,normal,,1025,1281,1,6364a97a90ae242299f7f4646000a7eb2118a752b250b078acb230fb2eb319b4,,
1.0,G01-260202-160450-844,G01-260202-160450-844.bmp,G01,2026-02-02T16:04:50,2026-02-02,G01_2026-02-02,844,train,normal,,1025,1281,1,c878821758f654231074c0761aa25559681968d9aa3cc39f4355df454118393c,,
1.0,G01-260202-160457-845,G01-260202-160457-845.bmp,G01,2026-02-02T16:04:57,2026-02-02,G01_2026-02-02,845,train,normal,,1025,1281,1,f5fc5687d42b4ce566cd448d503e689a24f1e9a700e4c07426b2f98fcbdd57d1,,
1.0,G01-260202-160523-846,G01-260202-160523-846.bmp,G01,2026-02-02T16:05:23,2026-02-02,G01_2026-02-02,846,train,normal,,1025,1281,1,480774a4e00ec9182cd845150fa9108d73308007ae49b9bc411c2fe87fa882e3,,
1.0,G01-260202-160529-847,G01-260202-160529-847.bmp,G01,2026-02-02T16:05:29,2026-02-02,G01_2026-02-02,847,train,normal,,1025,1281,1,bf316454ebd6b24138173d4e635a61ac31589c73b208f1731093eb6bba6ab2d0,,
1.0,G01-260202-160553-848,G01-260202-160553-848.bmp,G01,2026-02-02T16:05:53,2026-02-02,G01_2026-02-02,848,train,normal,,1025,1281,1,ce6b42ef0573fea5e109afe803cc65dff40f9b412219c04dc3db69c58b42ca68,,
1.0,G01-260202-160559-849,G01-260202-160559-849.bmp,G01,2026-02-02T16:05:59,2026-02-02,G01_2026-02-02,849,train,normal,,1025,1281,1,05e087ab9e0cd72b35f7b699e3f423763a8909838ff7b4843f290834689bf40f,,
1.0,G01-260202-160622-850,G01-260202-160622-850.bmp,G01,2026-02-02T16:06:22,2026-02-02,G01_2026-02-02,850,train,normal,,1025,1281,1,a1104cecd8c1eddd2edf5ec44e63d5e1d0338b6fcf2598bab3e8436d76d4324c,,
1.0,G01-260202-160628-851,G01-260202-160628-851.bmp,G01,2026-02-02T16:06:28,2026-02-02,G01_2026-02-02,851,train,normal,,1025,1281,1,6799b932cd1cd571b321c29cc6648891ba2878b8d303333bff29966fe065694a,,
1.0,G01-260202-160651-852,G01-260202-160651-852.bmp,G01,2026-02-02T16:06:51,2026-02-02,G01_2026-02-02,852,train,normal,,1025,1281,1,3217637acea5a74bb7f7aea63584e34fbede7e546023ecd28ac8dc302a6e416a,,
1.0,G01-260202-160657-853,G01-260202-160657-853.bmp,G01,2026-02-02T16:06:57,2026-02-02,G01_2026-02-02,853,train,normal,,1025,1281,1,570a069a29a09a44e25a101e3437b069442b541ae2d9e5da4b420a7ccedafd79,,
1.0,G01-260202-160721-854,G01-260202-160721-854.bmp,G01,2026-02-02T16:07:21,2026-02-02,G01_2026-02-02,854,train,normal,,1025,1281,1,80a68615d0b35890e151efd5079dc7b3693c7e3f87b554777d76dc5398efbfca,,
1.0,G01-260202-160727-855,G01-260202-160727-855.bmp,G01,2026-02-02T16:07:27,2026-02-02,G01_2026-02-02,855,train,normal,,1025,1281,1,ed70b86aef83082f942369a89769d458a3e7184759679df060c2ef46aad78d8e,,
1.0,G01-260202-160752-856,G01-260202-160752-856.bmp,G01,2026-02-02T16:07:52,2026-02-02,G01_2026-02-02,856,train,normal,,1025,1281,1,7698b042fb4d169ebc5e9a1d4a9b8fad2ce86dddb040e31e58bd9dfc2b6e5218,,
1.0,G01-260202-160759-857,G01-260202-160759-857.bmp,G01,2026-02-02T16:07:59,2026-02-02,G01_2026-02-02,857,train,normal,,1025,1281,1,287f1a24e88b9117ef05894126f5d439904d2311ba67aba052eee2081b6beaff,,
1.0,G01-260202-160823-858,G01-260202-160823-858.bmp,G01,2026-02-02T16:08:23,2026-02-02,G01_2026-02-02,858,train,normal,,1025,1281,1,2df9445f339d341304e7c14416504748d2edded1e016b1c844bab0229b1434ce,,
1.0,G01-260202-160830-859,G01-260202-160830-859.bmp,G01,2026-02-02T16:08:30,2026-02-02,G01_2026-02-02,859,train,normal,,1025,1281,1,fc69d130cf498661e5116886d05cc85ffb02d18a2908324473a64ba529141561,,
1.0,G01-260202-160851-860,G01-260202-160851-860.bmp,G01,2026-02-02T16:08:51,2026-02-02,G01_2026-02-02,860,train,normal,,1025,1281,1,5251b0348fca854709bbe85bab87d0083a0e1a5b514088089be31a8b20d34e58,,
1.0,G01-260202-160857-861,G01-260202-160857-861.bmp,G01,2026-02-02T16:08:57,2026-02-02,G01_2026-02-02,861,train,normal,,1025,1281,1,f7d249e32d15d6ae08db9aea13698a9537d7f69ac95c47ee660285189c44b22f,,
1.0,G01-260202-160917-862,G01-260202-160917-862.bmp,G01,2026-02-02T16:09:17,2026-02-02,G01_2026-02-02,862,train,normal,,1025,1281,1,69d5de2b79e12d34e942704147ae70714b08be50b69bfc67f0851eb952f3fd41,,
1.0,G01-260202-160923-863,G01-260202-160923-863.bmp,G01,2026-02-02T16:09:23,2026-02-02,G01_2026-02-02,863,train,normal,,1025,1281,1,aa0d7973260fc04555b9d0339eb80af43013ed0a3437e66926ef141224b037f3,,
1.0,G01-260202-160945-864,G01-260202-160945-864.bmp,G01,2026-02-02T16:09:45,2026-02-02,G01_2026-02-02,864,train,normal,,1025,1281,1,ef417d3979d752a1f69feeca4427913c1aa18a17edfde52e101f44ebc85edbe0,,
1.0,G01-260202-160952-865,G01-260202-160952-865.bmp,G01,2026-02-02T16:09:52,2026-02-02,G01_2026-02-02,865,train,normal,,1025,1281,1,0bdb92238bebe135a1a3e60fcb6b006d3aa8888fa8d18d5d4900cc559613ac62,,
1.0,G01-260202-161016-866,G01-260202-161016-866.bmp,G01,2026-02-02T16:10:16,2026-02-02,G01_2026-02-02,866,train,normal,,1025,1281,1,9a972d60c638f09f55b61324cd80c4c11fe639f429484da8ab549ea505a209b4,,
1.0,G01-260202-161023-867,G01-260202-161023-867.bmp,G01,2026-02-02T16:10:23,2026-02-02,G01_2026-02-02,867,train,normal,,1025,1281,1,d914114503404ad3795b5c6bb92541a0f7a2427f4708b18bf3529314bde26716,,
1.0,G01-260202-161052-868,G01-260202-161052-868.bmp,G01,2026-02-02T16:10:52,2026-02-02,G01_2026-02-02,868,train,normal,,1025,1281,1,34aaa2721b5b078eecb3f361d17146201130f3d8a52b4ac9726d355b1ce39d6d,,
1.0,G01-260202-161058-869,G01-260202-161058-869.bmp,G01,2026-02-02T16:10:58,2026-02-02,G01_2026-02-02,869,train,normal,,1025,1281,1,ddd6ba143f8bb7e49853218d6887d68cb44b8a73e798a65961036af97640df07,,
1.0,G01-260202-161122-870,G01-260202-161122-870.bmp,G01,2026-02-02T16:11:22,2026-02-02,G01_2026-02-02,870,train,normal,,1025,1281,1,ab81867fc898d864b1df37ca77f03d04169b6d30a6d28b36f701f2e4a701f6b1,,
1.0,G01-260202-161128-871,G01-260202-161128-871.bmp,G01,2026-02-02T16:11:28,2026-02-02,G01_2026-02-02,871,train,normal,,1025,1281,1,8909cbd6de922e192c39c08c6e81a7ad50c148394c0fabbe4adb5ddf2286fec2,,
1.0,G01-260202-161154-872,G01-260202-161154-872.bmp,G01,2026-02-02T16:11:54,2026-02-02,G01_2026-02-02,872,train,normal,,1025,1281,1,6c1e4fcb1851c6d99a79da2ed43417f931056616a8a473d02314b47a5af5fd18,,
1.0,G01-260202-161201-873,G01-260202-161201-873.bmp,G01,2026-02-02T16:12:01,2026-02-02,G01_2026-02-02,873,train,normal,,1025,1281,1,a81be5964142b7bac310418e47e921ed16e7090f87a04753335092824d0cb906,,
1.0,G01-260202-161215-874,G01-260202-161215-874.bmp,G01,2026-02-02T16:12:15,2026-02-02,G01_2026-02-02,874,train,normal,,1025,1281,1,196b9b18fed842da084f5bedc5c962a6f25bf72bb6d6b96f58a9e4fb9a406dd1,,
1.0,G01-260202-161223-875,G01-260202-161223-875.bmp,G01,2026-02-02T16:12:23,2026-02-02,G01_2026-02-02,875,train,normal,,1025,1281,1,fd7b3d9363172558a9ce642ec5fc5592699dc44578f0f1ea8d640502e82ce355,,
1.0,G01-260203-082641-481,G01-260203-082641-481.bmp,G01,2026-02-03T08:26:41,2026-02-03,G01_2026-02-03,481,val,normal,,1025,1281,1,eab135a4fc28d34947effde304210348aea3ce5f3b52ddb428b2619eb6cbf9f3,,
1.0,G01-260203-082655-482,G01-260203-082655-482.bmp,G01,2026-02-03T08:26:55,2026-02-03,G01_2026-02-03,482,val,normal,,1025,1281,1,40fb58cd10695937fc011d7338510657a5c1291140e72c14b9fa4b7471cb2994,,
1.0,G01-260203-082708-483,G01-260203-082708-483.bmp,G01,2026-02-03T08:27:08,2026-02-03,G01_2026-02-03,483,val,normal,,1025,1281,1,3da16b40e1a4ac8b78dfcc1b165403f3d139fbc71e400df3f0a9b33c5aad860f,,
1.0,G01-260203-082725-484,G01-260203-082725-484.bmp,G01,2026-02-03T08:27:25,2026-02-03,G01_2026-02-03,484,val,normal,,1025,1281,1,7e9a6c0b7310f4d504f2217e8bc02ff670f236fb0d15d2a6c63344ee3249a760,,
1.0,G01-260203-082738-485,G01-260203-082738-485.bmp,G01,2026-02-03T08:27:38,2026-02-03,G01_2026-02-03,485,val,normal,,1025,1281,1,a888dc3cd7115adf2de6d638672fc650f6d3c903e4d40ca3f5f3e073aad381a4,,
1.0,G01-260203-082756-486,G01-260203-082756-486.bmp,G01,2026-02-03T08:27:56,2026-02-03,G01_2026-02-03,486,val,normal,,1025,1281,1,4835279d297aa813a5769676187d18e72f11d71015132ea6e28f507aaf43da2a,,
1.0,G01-260203-082808-487,G01-260203-082808-487.bmp,G01,2026-02-03T08:28:08,2026-02-03,G01_2026-02-03,487,val,normal,,1025,1281,1,51d1e9f112a13013ea9cc335d8c46ac68c5cd3cdecc144329239154f245d937e,,
1.0,G01-260203-082824-488,G01-260203-082824-488.bmp,G01,2026-02-03T08:28:24,2026-02-03,G01_2026-02-03,488,val,normal,,1025,1281,1,673fad649d95ec3aafb5b90ee1377c52a27e5331d559ec61b22aaf99c77106dc,,
1.0,G01-260203-082835-489,G01-260203-082835-489.bmp,G01,2026-02-03T08:28:35,2026-02-03,G01_2026-02-03,489,val,normal,,1025,1281,1,dd91466ced0585f15f43b4e3829524359e1ebdc8fc065b559c3f6a93abf4727e,,
1.0,G01-260203-082858-490,G01-260203-082858-490.bmp,G01,2026-02-03T08:28:58,2026-02-03,G01_2026-02-03,490,val,normal,,1025,1281,1,ea3ffa5689c68dd1e4f1adf195d2fafafa711e311dea59536a0f8b3c38bfe1fa,,
1.0,G01-260203-082907-491,G01-260203-082907-491.bmp,G01,2026-02-03T08:29:07,2026-02-03,G01_2026-02-03,491,val,normal,,1025,1281,1,d9ba717558aed81c607b1fa658080bbcbdb17324c8b077d47ac1800a89c4e7e1,,
1.0,G01-260203-082926-492,G01-260203-082926-492.bmp,G01,2026-02-03T08:29:26,2026-02-03,G01_2026-02-03,492,val,normal,,1025,1281,1,c605db5074c003f74c207f0d7474fd00df840aa4073a1b7067994ca6116fb622,,
1.0,G01-260203-082940-493,G01-260203-082940-493.bmp,G01,2026-02-03T08:29:40,2026-02-03,G01_2026-02-03,493,val,normal,,1025,1281,1,89a3bcd0ce25ffb828bac0e64ee05db7d7d8ba4e8cdd5925a9db040b81f996c9,,
1.0,G01-260203-082955-494,G01-260203-082955-494.bmp,G01,2026-02-03T08:29:55,2026-02-03,G01_2026-02-03,494,val,normal,,1025,1281,1,c6623ec33c3cb27e1fcc29e27826ba54f9307bea99d285067eea2c9eb7c3d621,,
1.0,G01-260203-083004-495,G01-260203-083004-495.bmp,G01,2026-02-03T08:30:04,2026-02-03,G01_2026-02-03,495,val,normal,,1025,1281,1,910b50e8b7d2badf13777ecf6f28a12dd7e8183693323fcc75097e47bb5f8e89,,
1.0,G01-260203-083027-496,G01-260203-083027-496.bmp,G01,2026-02-03T08:30:27,2026-02-03,G01_2026-02-03,496,val,normal,,1025,1281,1,81fe9a4f8d500fa960293c1f568a9acba657aa2e47139654bc9138817700f245,,
1.0,G01-260203-083037-497,G01-260203-083037-497.bmp,G01,2026-02-03T08:30:37,2026-02-03,G01_2026-02-03,497,val,normal,,1025,1281,1,584789b01edb2375a7114e0d86cc6288341b531912167fd7d0ec44e43ca83482,,
1.0,G01-260203-083056-498,G01-260203-083056-498.bmp,G01,2026-02-03T08:30:56,2026-02-03,G01_2026-02-03,498,val,normal,,1025,1281,1,dcd2f655ff7aade88348e38f01e1d4d661f31631a12ab2b4293276130b758060,,
1.0,G01-260203-083108-499,G01-260203-083108-499.bmp,G01,2026-02-03T08:31:08,2026-02-03,G01_2026-02-03,499,val,normal,,1025,1281,1,eb71c3eaccf695c694e5b1123d1023c5b5b68bf66095bdf1d4d516eded5d87c0,,
1.0,G01-260203-083127-500,G01-260203-083127-500.bmp,G01,2026-02-03T08:31:27,2026-02-03,G01_2026-02-03,500,val,normal,,1025,1281,1,9958917630b7a729f4180877ec87ffa1e169248775ca2e5d0a0da4f615f8d2e3,,
1.0,G01-260203-083139-501,G01-260203-083139-501.bmp,G01,2026-02-03T08:31:39,2026-02-03,G01_2026-02-03,501,val,normal,,1025,1281,1,055d65ea329febd9111d4ae973610e14fad369db5ca44a7c4b192fbf9405d0bb,,
1.0,G01-260203-083156-502,G01-260203-083156-502.bmp,G01,2026-02-03T08:31:56,2026-02-03,G01_2026-02-03,502,val,normal,,1025,1281,1,87bd59cb053150fe541a8bab9f4a47daa8bb2a51e5a3f299791191d0e35abf02,,
1.0,G01-260203-083206-503,G01-260203-083206-503.bmp,G01,2026-02-03T08:32:06,2026-02-03,G01_2026-02-03,503,val,normal,,1025,1281,1,06752ecb564b0b3fd660ba3691b82a054948e0839e89c729115404acddb60c0f,,
1.0,G01-260203-083229-504,G01-260203-083229-504.bmp,G01,2026-02-03T08:32:29,2026-02-03,G01_2026-02-03,504,val,normal,,1025,1281,1,ff588918de70e85e6793d1cdf0bdec9ebce1e1abbe0dbd612d28eca298dfb8a6,,
1.0,G01-260203-083237-505,G01-260203-083237-505.bmp,G01,2026-02-03T08:32:37,2026-02-03,G01_2026-02-03,505,val,normal,,1025,1281,1,b6d5b9fc8a29f5280cf5bd6bc30bbc0b23682e77c1308ff0a3f46ca372b6e0a9,,
1.0,G01-260203-083257-506,G01-260203-083257-506.bmp,G01,2026-02-03T08:32:57,2026-02-03,G01_2026-02-03,506,val,normal,,1025,1281,1,dc9504a40ee9c771bef8233c782841cb0b62b658b6b8d6b7499e6ac1a2450cf2,,
1.0,G01-260203-083328-507,G01-260203-083328-507.bmp,G01,2026-02-03T08:33:28,2026-02-03,G01_2026-02-03,507,val,normal,,1025,1281,1,e01acf733b3f3cf9f0695c24c3cc314a50dda1e7366f8c301bb9ac8f891386c6,,
1.0,G01-260203-083336-508,G01-260203-083336-508.bmp,G01,2026-02-03T08:33:36,2026-02-03,G01_2026-02-03,508,val,normal,,1025,1281,1,ca1ff209cddea724fc3ef844042f829fbef7ab9d8f307474524e52c51364c8c8,,
1.0,G01-260203-083358-509,G01-260203-083358-509.bmp,G01,2026-02-03T08:33:58,2026-02-03,G01_2026-02-03,509,val,normal,,1025,1281,1,e1dfe67549dae0f294d06e89b2ec2101375004a1e13f0c7789b467f348fb53b0,,
1.0,G01-260203-083415-510,G01-260203-083415-510.bmp,G01,2026-02-03T08:34:15,2026-02-03,G01_2026-02-03,510,val,normal,,1025,1281,1,4ed49f8255953eee6b5f439231cba7b6588ac83d5b1444f868da997abbc891b0,,
1.0,G01-260203-083430-511,G01-260203-083430-511.bmp,G01,2026-02-03T08:34:30,2026-02-03,G01_2026-02-03,511,val,normal,,1025,1281,1,8aca02ccaf540c8be76a475e25e0b574fb8f004698ca55c8818787dd0e7c4c7e,,
1.0,G01-260203-083458-512,G01-260203-083458-512.bmp,G01,2026-02-03T08:34:58,2026-02-03,G01_2026-02-03,512,val,normal,,1025,1281,1,68e84048fe668f1883832ddb783407ad59eb36e0a7a6bc83ada726e20a7ae5d7,,
1.0,G01-260203-083507-513,G01-260203-083507-513.bmp,G01,2026-02-03T08:35:07,2026-02-03,G01_2026-02-03,513,val,normal,,1025,1281,1,79bd331cd89ab9b7507e9eaf670d0515bb074d9aafe4539036048fd9e4b8cd49,,
1.0,G01-260203-083528-514,G01-260203-083528-514.bmp,G01,2026-02-03T08:35:28,2026-02-03,G01_2026-02-03,514,val,normal,,1025,1281,1,f386b69a19ba2251d5860ab9767f647c72c974d72101857fc710ca31fe895c6b,,
1.0,G01-260203-083544-515,G01-260203-083544-515.bmp,G01,2026-02-03T08:35:44,2026-02-03,G01_2026-02-03,515,val,normal,,1025,1281,1,513483cff601a6531a2cbe376b60e8fd46164cdea67670aa1796ca4650c32b07,,
1.0,G01-260203-083602-516,G01-260203-083602-516.bmp,G01,2026-02-03T08:36:02,2026-02-03,G01_2026-02-03,516,val,normal,,1025,1281,1,a60a265397113b0d84a109c855ece81e473c64cd89365ea4565e95ce450b6d03,,
1.0,G01-260203-083617-517,G01-260203-083617-517.bmp,G01,2026-02-03T08:36:17,2026-02-03,G01_2026-02-03,517,val,normal,,1025,1281,1,cd4a6bf6dc45696fb4be5ec25515035871cdf875dad46d7019315534a00363bb,,
1.0,G01-260203-083630-518,G01-260203-083630-518.bmp,G01,2026-02-03T08:36:30,2026-02-03,G01_2026-02-03,518,val,normal,,1025,1281,1,879ad6344836d977e4ae04c86568c3d5456c6477d40cc9c2353dd584892d4035,,
1.0,G01-260203-083641-519,G01-260203-083641-519.bmp,G01,2026-02-03T08:36:41,2026-02-03,G01_2026-02-03,519,val,normal,,1025,1281,1,d915ad38af29f0a2d509c1d7cd366304c638f509a7b9639cd37e294866dfde03,,
1.0,G01-260203-083701-520,G01-260203-083701-520.bmp,G01,2026-02-03T08:37:01,2026-02-03,G01_2026-02-03,520,val,normal,,1025,1281,1,be45bf3ef00bd5511fa6efee2ffa8b4ac9f2668542d70d85a81ca92ba4be7eb9,,
1.0,G01-260203-083711-521,G01-260203-083711-521.bmp,G01,2026-02-03T08:37:11,2026-02-03,G01_2026-02-03,521,val,normal,,1025,1281,1,e266a903bab8689b66428283e401cc857dd160375232e4670c923b47928ec257,,
1.0,G01-260203-083733-522,G01-260203-083733-522.bmp,G01,2026-02-03T08:37:33,2026-02-03,G01_2026-02-03,522,val,normal,,1025,1281,1,54af4683cdb8b888b13565d47e5acf4c9925c8a0617e721a98ba478f77e1612d,,
1.0,G01-260203-083746-523,G01-260203-083746-523.bmp,G01,2026-02-03T08:37:46,2026-02-03,G01_2026-02-03,523,val,normal,,1025,1281,1,e77dfd93b280340dc93527487b48b3545e666552a6b22a2593c6e210aad16795,,
1.0,G01-260203-083801-524,G01-260203-083801-524.bmp,G01,2026-02-03T08:38:01,2026-02-03,G01_2026-02-03,524,val,normal,,1025,1281,1,59b66490d0a315ac89282756b16cc6d26e38ad57f7e32c8593090154b59c2189,,
1.0,G01-260203-083814-525,G01-260203-083814-525.bmp,G01,2026-02-03T08:38:14,2026-02-03,G01_2026-02-03,525,val,normal,,1025,1281,1,1ab1637ffba3785662a06af6594bc866ee261a61d980026da36874cdb9a497e8,,
1.0,G01-260203-083830-526,G01-260203-083830-526.bmp,G01,2026-02-03T08:38:30,2026-02-03,G01_2026-02-03,526,val,normal,,1025,1281,1,78535085320de712e010790fe6cb92a40ae9a4f46449203c4f2b71f60d21dc1f,,
1.0,G01-260203-083836-527,G01-260203-083836-527.bmp,G01,2026-02-03T08:38:36,2026-02-03,G01_2026-02-03,527,val,normal,,1025,1281,1,83d93d686b14e15ec1507ffaba34b58d2de8a5623e5aeae9fdae8ee7e81114b2,,
1.0,G01-260203-083901-528,G01-260203-083901-528.bmp,G01,2026-02-03T08:39:01,2026-02-03,G01_2026-02-03,528,val,normal,,1025,1281,1,3c8cf49e42e45d02e963e7c220fbd1c9d9a660822a00910abc8c90230baaaac4,,
1.0,G01-260203-083913-529,G01-260203-083913-529.bmp,G01,2026-02-03T08:39:13,2026-02-03,G01_2026-02-03,529,val,normal,,1025,1281,1,f82a176e37db7fd7040cb358b54be5edb7a3894880d7a6e4f1c1928d94db2cf8,,
1.0,G01-260203-083931-530,G01-260203-083931-530.bmp,G01,2026-02-03T08:39:31,2026-02-03,G01_2026-02-03,530,val,normal,,1025,1281,1,1c3637c344ae75d5cdb47cf5b67eea56a30fa1d2c50b94bef18ebb900d671a1f,,
1.0,G01-260203-083943-531,G01-260203-083943-531.bmp,G01,2026-02-03T08:39:43,2026-02-03,G01_2026-02-03,531,val,normal,,1025,1281,1,00347af8d8ded68b876f22404c0dfdf755d97b13e9214b1082c216ddd0277c85,,
1.0,G01-260203-084000-532,G01-260203-084000-532.bmp,G01,2026-02-03T08:40:00,2026-02-03,G01_2026-02-03,532,val,normal,,1025,1281,1,e7e37fabedc7784104440e5b73890cad4eaddc3db6381d9daaa145327dc2950e,,
1.0,G01-260203-084011-533,G01-260203-084011-533.bmp,G01,2026-02-03T08:40:11,2026-02-03,G01_2026-02-03,533,val,normal,,1025,1281,1,549afe02e765a5be1312307163a8a40b56bb1cf144ba144aff8f9bbadbdad9f8,,
1.0,G01-260203-084034-534,G01-260203-084034-534.bmp,G01,2026-02-03T08:40:34,2026-02-03,G01_2026-02-03,534,val,normal,,1025,1281,1,42f2cfbd9589f3cb69d192dc27fda15ba11d795a651365096b563bf2e342015b,,
1.0,G01-260203-084044-535,G01-260203-084044-535.bmp,G01,2026-02-03T08:40:44,2026-02-03,G01_2026-02-03,535,val,normal,,1025,1281,1,71401b2e207c6e0282fbb4fb8df81dab2d50c89585dd021791dfbcad85938163,,
1.0,G01-260203-084102-536,G01-260203-084102-536.bmp,G01,2026-02-03T08:41:02,2026-02-03,G01_2026-02-03,536,val,normal,,1025,1281,1,9711b9a61437b200f2419bfc2ccc6ae3097a0bc444fa6f62f5d5c72e68c52c21,,
1.0,G01-260203-084110-537,G01-260203-084110-537.bmp,G01,2026-02-03T08:41:10,2026-02-03,G01_2026-02-03,537,val,normal,,1025,1281,1,7edc367ed0b67778eb6459d9f2bb44a929959e3ecccb46f9621c6ad75dc58117,,
1.0,G01-260203-084134-538,G01-260203-084134-538.bmp,G01,2026-02-03T08:41:34,2026-02-03,G01_2026-02-03,538,val,normal,,1025,1281,1,a5237c2d15fdce328faa596a8c42e9d59e8e78eb1cb581f1425f42495894248d,,
1.0,G01-260203-084146-539,G01-260203-084146-539.bmp,G01,2026-02-03T08:41:46,2026-02-03,G01_2026-02-03,539,val,normal,,1025,1281,1,f660b4fb9713f1d4201097c46e787b916bc03e237e902b3dd52f219d436f6104,,
1.0,G01-260203-084203-540,G01-260203-084203-540.bmp,G01,2026-02-03T08:42:03,2026-02-03,G01_2026-02-03,540,val,normal,,1025,1281,1,7b4763cb6a5326b951553ee4fc0975ce3da40dbf7a80337908518dc258056c87,,
1.0,G01-260203-084218-541,G01-260203-084218-541.bmp,G01,2026-02-03T08:42:18,2026-02-03,G01_2026-02-03,541,val,normal,,1025,1281,1,ed67d1848ca6e2420be85c7f996bf43ea529416127eceb23d09699e5d8a3d540,,
1.0,G01-260203-084233-542,G01-260203-084233-542.bmp,G01,2026-02-03T08:42:33,2026-02-03,G01_2026-02-03,542,val,normal,,1025,1281,1,b122531ec95e2f3d5a06a17120a46b42ce9c26a63c67dfa2176eaf3c5eb49841,,
1.0,G01-260203-084249-543,G01-260203-084249-543.bmp,G01,2026-02-03T08:42:49,2026-02-03,G01_2026-02-03,543,val,normal,,1025,1281,1,c95f404dde355a003e5934e37775d5e700f97e67220632394bb37d8dbb7737ab,,
1.0,G01-260203-084303-544,G01-260203-084303-544.bmp,G01,2026-02-03T08:43:03,2026-02-03,G01_2026-02-03,544,val,normal,,1025,1281,1,9350b3aab1712e9bbd3e2078d278eadc4519cc4cb8b45f6211aedc2e8eed51bf,,
1.0,G01-260203-084317-545,G01-260203-084317-545.bmp,G01,2026-02-03T08:43:17,2026-02-03,G01_2026-02-03,545,val,normal,,1025,1281,1,fc1969e4d895a0eddeb753ca562f238a8d1905aa5383d259a63950e80668fbf4,,
1.0,G01-260203-084333-546,G01-260203-084333-546.bmp,G01,2026-02-03T08:43:33,2026-02-03,G01_2026-02-03,546,val,normal,,1025,1281,1,f1eda17409c64dcd5a96958de20ed195ffad20c8b51ba57da5bb8da6f533093f,,
1.0,G01-260203-084345-547,G01-260203-084345-547.bmp,G01,2026-02-03T08:43:45,2026-02-03,G01_2026-02-03,547,val,normal,,1025,1281,1,9472e2f1874ca46cbaa8eb696bcf8b09d3789eb204752249af669edfa9065ce8,,
1.0,G01-260203-084404-548,G01-260203-084404-548.bmp,G01,2026-02-03T08:44:04,2026-02-03,G01_2026-02-03,548,val,normal,,1025,1281,1,bba33542ad91163799e869f423bbfc1daf887e6dceca3901e93e8462e648afb9,,
1.0,G01-260203-084414-549,G01-260203-084414-549.bmp,G01,2026-02-03T08:44:14,2026-02-03,G01_2026-02-03,549,val,normal,,1025,1281,1,54a888b25167d7b5d2516ab29e3cbfb2ec46c7f977eb1eab5ff77534d3129a3f,,
1.0,G01-260203-084436-550,G01-260203-084436-550.bmp,G01,2026-02-03T08:44:36,2026-02-03,G01_2026-02-03,550,val,normal,,1025,1281,1,7969e8303ef5ab675f4c2397f35e0cdcfa6457799e2cc3082f388811a7908246,,
1.0,G01-260203-084446-551,G01-260203-084446-551.bmp,G01,2026-02-03T08:44:46,2026-02-03,G01_2026-02-03,551,val,normal,,1025,1281,1,cea9d7ab903cb762266f1589db8ea22be00fe2935fc833772b1c8d9f599a6aa2,,
1.0,G01-260203-084504-552,G01-260203-084504-552.bmp,G01,2026-02-03T08:45:04,2026-02-03,G01_2026-02-03,552,val,normal,,1025,1281,1,b65133d41483d1cbfb65d39c7966064899c2be16f84564ebfcd9e3183452d83f,,
1.0,G01-260203-084517-553,G01-260203-084517-553.bmp,G01,2026-02-03T08:45:17,2026-02-03,G01_2026-02-03,553,val,normal,,1025,1281,1,8c274e48e8091a6b12c94f6e1f68bd3f13bef2a95968d4c78341c8b1bd3952a5,,
1.0,G01-260203-084536-554,G01-260203-084536-554.bmp,G01,2026-02-03T08:45:36,2026-02-03,G01_2026-02-03,554,val,normal,,1025,1281,1,964ae4abbc893e3177cb380aba140b19707aea85b03f22cd7e27e5f44ac12bcf,,
1.0,G01-260203-084548-555,G01-260203-084548-555.bmp,G01,2026-02-03T08:45:48,2026-02-03,G01_2026-02-03,555,val,normal,,1025,1281,1,3414e00031bb2dd5651f3c0eb0c4d1edee5b7db3c5f55aca35f98517b6989a89,,
1.0,G01-260203-084605-556,G01-260203-084605-556.bmp,G01,2026-02-03T08:46:05,2026-02-03,G01_2026-02-03,556,val,normal,,1025,1281,1,5f26ffab88cf0387696b0cbf054540e5ded3c779ee5b5fc19a4d1ecd7a94e46b,,
1.0,G01-260203-084615-557,G01-260203-084615-557.bmp,G01,2026-02-03T08:46:15,2026-02-03,G01_2026-02-03,557,val,normal,,1025,1281,1,4864d0b3509985f6dc86ef034cb967a0b10c1fefc3a3b141a3d8d5163237ba32,,
1.0,G01-260203-084635-558,G01-260203-084635-558.bmp,G01,2026-02-03T08:46:35,2026-02-03,G01_2026-02-03,558,val,normal,,1025,1281,1,8734588539ccb4a7e87a148b9d664b0c08d51a145c43f425453266d3924be306,,
1.0,G01-260203-084647-559,G01-260203-084647-559.bmp,G01,2026-02-03T08:46:47,2026-02-03,G01_2026-02-03,559,val,normal,,1025,1281,1,ef5e213176e97f1038124ab5636cd8dc43d37b6a81adc53fb06cebf9b7639d84,,
1.0,G01-260203-084707-560,G01-260203-084707-560.bmp,G01,2026-02-03T08:47:07,2026-02-03,G01_2026-02-03,560,val,normal,,1025,1281,1,7923e6a628716901faa42cb9615a4572a0debbc4c5e1ee6ef9fbf6a6445115b9,,
1.0,G01-260203-084720-561,G01-260203-084720-561.bmp,G01,2026-02-03T08:47:20,2026-02-03,G01_2026-02-03,561,val,normal,,1025,1281,1,6a519ca8b04614951aa6c960a21e3a69d2dabefcd04467e0f4e258ca80a867ed,,
1.0,G01-260203-084737-562,G01-260203-084737-562.bmp,G01,2026-02-03T08:47:37,2026-02-03,G01_2026-02-03,562,val,normal,,1025,1281,1,45a0b47771946b9b688f940c88d2aa1b4cffcd1767e02b0f9ec65293cbe40652,,
1.0,G01-260203-084745-563,G01-260203-084745-563.bmp,G01,2026-02-03T08:47:45,2026-02-03,G01_2026-02-03,563,val,normal,,1025,1281,1,ef7fc472e765e266f1dc230cc9bc848c605a817eaaee194bcd61b88184891a70,,
1.0,G01-260203-084807-564,G01-260203-084807-564.bmp,G01,2026-02-03T08:48:07,2026-02-03,G01_2026-02-03,564,val,normal,,1025,1281,1,25656210270a0272206a6a8e6703ef88fc27b531a9ef127b08ae8c7c4061eb16,,
1.0,G01-260203-084819-565,G01-260203-084819-565.bmp,G01,2026-02-03T08:48:19,2026-02-03,G01_2026-02-03,565,val,normal,,1025,1281,1,5afc5237c0a8f5fb576f93f694205bd3c1330f450acbc9062d1fcfba5626e620,,
1.0,G01-260203-084838-566,G01-260203-084838-566.bmp,G01,2026-02-03T08:48:38,2026-02-03,G01_2026-02-03,566,val,normal,,1025,1281,1,3730ef2fca7a98466ad256161a062b3441b8cff2c2bd693bc8f7cf618f3cf497,,
1.0,G01-260203-084849-567,G01-260203-084849-567.bmp,G01,2026-02-03T08:48:49,2026-02-03,G01_2026-02-03,567,val,normal,,1025,1281,1,cefac340ae8421fd554f2246d9b64a16abe2f9c9842a070d5eeafa66f010c0ce,,
1.0,G01-260203-084906-568,G01-260203-084906-568.bmp,G01,2026-02-03T08:49:06,2026-02-03,G01_2026-02-03,568,val,normal,,1025,1281,1,285bf4729a2ce12cf0b5d97659dc4bd1d5d2a7756279923461bfa848e871c0e7,,
1.0,G01-260203-084920-569,G01-260203-084920-569.bmp,G01,2026-02-03T08:49:20,2026-02-03,G01_2026-02-03,569,val,normal,,1025,1281,1,8fc9a0cc71db93e4054d06031513af881114baeb9c5cd08d8a46666873ff86a5,,
1.0,G01-260203-084937-570,G01-260203-084937-570.bmp,G01,2026-02-03T08:49:37,2026-02-03,G01_2026-02-03,570,val,normal,,1025,1281,1,751b4e6816f10254fef31053be7d6597ad9bcc0a3bd03ce186afb5d6ba5e5ec2,,
1.0,G01-260203-084950-571,G01-260203-084950-571.bmp,G01,2026-02-03T08:49:50,2026-02-03,G01_2026-02-03,571,val,normal,,1025,1281,1,2ced3320e6259ab966aa29028d32c36c69f0959ff78a7a4a33c83a1890986c60,,
1.0,G01-260203-085007-572,G01-260203-085007-572.bmp,G01,2026-02-03T08:50:07,2026-02-03,G01_2026-02-03,572,val,normal,,1025,1281,1,b08827cfb01d96567c4c1de2da79b3d4956461bb42e9b14fb24d063c9d713fde,,
1.0,G01-260203-085018-573,G01-260203-085018-573.bmp,G01,2026-02-03T08:50:18,2026-02-03,G01_2026-02-03,573,val,normal,,1025,1281,1,da8d8b21f5476f28925b384941bc2a99dfef51c4c02a4f1d24568941fdfd2540,,
1.0,G01-260203-085038-574,G01-260203-085038-574.bmp,G01,2026-02-03T08:50:38,2026-02-03,G01_2026-02-03,574,val,normal,,1025,1281,1,667bd71349275374688ca9b862e8beb64e5847cc6a7bdb0e884b44d2e66c27d4,,
1.0,G01-260203-085050-575,G01-260203-085050-575.bmp,G01,2026-02-03T08:50:50,2026-02-03,G01_2026-02-03,575,val,normal,,1025,1281,1,bb90e3e167ed01213e5bea1e259415d11a430152be2ea18ee755eba04f66de5d,,
1.0,G01-260203-085108-576,G01-260203-085108-576.bmp,G01,2026-02-03T08:51:08,2026-02-03,G01_2026-02-03,576,val,normal,,1025,1281,1,5aaf25668e41d92244fe118ba55fa3246f6b501e2fe180740fd7f692f07b3053,,
1.0,G01-260203-085115-577,G01-260203-085115-577.bmp,G01,2026-02-03T08:51:15,2026-02-03,G01_2026-02-03,577,val,normal,,1025,1281,1,7da62fc546ae7e997198ebf25b393bf4e37b30faf8058828674e6832184216d4,,
1.0,G01-260203-085138-578,G01-260203-085138-578.bmp,G01,2026-02-03T08:51:38,2026-02-03,G01_2026-02-03,578,val,normal,,1025,1281,1,cfc1486fa25182d3ac06279e2548039f0eec5e9cd5aa200762e248048f7f3dd1,,
1.0,G01-260203-085147-579,G01-260203-085147-579.bmp,G01,2026-02-03T08:51:47,2026-02-03,G01_2026-02-03,579,val,normal,,1025,1281,1,43b263848cf049aa694863931b4b32c0c3213aad4f2f80c02586b48a7a859ebb,,
1.0,G01-260203-085208-580,G01-260203-085208-580.bmp,G01,2026-02-03T08:52:08,2026-02-03,G01_2026-02-03,580,val,normal,,1025,1281,1,2a3fc6d7ad0a077f95050f480ee94aa3cedf17362427ccd90bc6ad0ca1ba4dbe,,
1.0,G01-260203-085220-581,G01-260203-085220-581.bmp,G01,2026-02-03T08:52:20,2026-02-03,G01_2026-02-03,581,val,normal,,1025,1281,1,72222cf90cac516492c0fe105d795836e2254b0cae571e1780cc18f9a714e4ec,,
1.0,G01-260203-085239-582,G01-260203-085239-582.bmp,G01,2026-02-03T08:52:39,2026-02-03,G01_2026-02-03,582,val,normal,,1025,1281,1,4c6797be30a828e5c10dfd9a82f93afcdc8db4c6a0ecc1cb6245a778ec2000a6,,
1.0,G01-260203-085252-583,G01-260203-085252-583.bmp,G01,2026-02-03T08:52:52,2026-02-03,G01_2026-02-03,583,val,normal,,1025,1281,1,3d38915be76d884873b094c5be1b118ec03459bdae26f8d3bb3f236d1f570da0,,
1.0,G01-260203-085310-584,G01-260203-085310-584.bmp,G01,2026-02-03T08:53:10,2026-02-03,G01_2026-02-03,584,val,normal,,1025,1281,1,a93c46f3cb1b15e5b4c0fbb620d7ce750f7cd2a53f12a64974f6b236d8efeb2c,,
1.0,G01-260203-085325-585,G01-260203-085325-585.bmp,G01,2026-02-03T08:53:25,2026-02-03,G01_2026-02-03,585,val,normal,,1025,1281,1,fd24e3c560d7c57ca3e24c4603959d69c96eb0a8cd76f2cce32e7cb142775bd4,,
1.0,G01-260203-085338-586,G01-260203-085338-586.bmp,G01,2026-02-03T08:53:38,2026-02-03,G01_2026-02-03,586,val,normal,,1025,1281,1,51bfc319f78a7eae18441ebd0a6ab27286e7747749c260edb80d8765ef12a4ec,,
1.0,G01-260203-085352-587,G01-260203-085352-587.bmp,G01,2026-02-03T08:53:52,2026-02-03,G01_2026-02-03,587,val,normal,,1025,1281,1,6fe88cc83a9e6c799f2f9677b8420d57d2e926ef6652e50daf82a1f15ae46591,,
1.0,G01-260203-085411-588,G01-260203-085411-588.bmp,G01,2026-02-03T08:54:11,2026-02-03,G01_2026-02-03,588,val,normal,,1025,1281,1,13570f784bcccbe21970da47edd69336ce5ebb59d6f989145cfaa047ed49ba84,,
1.0,G01-260203-085421-589,G01-260203-085421-589.bmp,G01,2026-02-03T08:54:21,2026-02-03,G01_2026-02-03,589,val,normal,,1025,1281,1,c047e22b12a03ce42eeb25121f9e875b1c12b7684f6eb6f5102ff51a934af6e8,,
1.0,G01-260203-085440-590,G01-260203-085440-590.bmp,G01,2026-02-03T08:54:40,2026-02-03,G01_2026-02-03,590,val,normal,,1025,1281,1,b04a11f910e6d18abe8710e4f2187ed569fe6b18f3fe23318c26500eafa07e58,,
1.0,G01-260203-085454-591,G01-260203-085454-591.bmp,G01,2026-02-03T08:54:54,2026-02-03,G01_2026-02-03,591,val,normal,,1025,1281,1,c4b8241788c11bf828611fa9e286334d1cf11d59e6359c8e221307a604ad6ed9,,
1.0,G01-260203-085510-592,G01-260203-085510-592.bmp,G01,2026-02-03T08:55:10,2026-02-03,G01_2026-02-03,592,val,normal,,1025,1281,1,fdefca9181d1861aad3eb6380dc500d16eae80468161aea0a4925f4032e548e0,,
1.0,G01-260203-085525-593,G01-260203-085525-593.bmp,G01,2026-02-03T08:55:25,2026-02-03,G01_2026-02-03,593,val,normal,,1025,1281,1,059b608b9c63b2d0468f1997a4a570c34ae6def342690460f9200c3c3494aa78,,
1.0,G01-260203-085541-594,G01-260203-085541-594.bmp,G01,2026-02-03T08:55:41,2026-02-03,G01_2026-02-03,594,val,normal,,1025,1281,1,59a98688a2a2304527c1fb0963b33b638a670425be99a2de3c22f22698cfe393,,
1.0,G01-260203-085549-595,G01-260203-085549-595.bmp,G01,2026-02-03T08:55:49,2026-02-03,G01_2026-02-03,595,val,normal,,1025,1281,1,6f9f1c1b3af4a842eca0b4ab6c658f1dc5757e4b553c47d5a85dd3dc538ce9ab,,
1.0,G01-260203-085610-596,G01-260203-085610-596.bmp,G01,2026-02-03T08:56:10,2026-02-03,G01_2026-02-03,596,val,normal,,1025,1281,1,b3c5790c0cae4b6dcb330254a6a52ac2a85168e2d8e44fa2e2868993250c6013,,
1.0,G01-260203-085623-597,G01-260203-085623-597.bmp,G01,2026-02-03T08:56:23,2026-02-03,G01_2026-02-03,597,val,normal,,1025,1281,1,3b67dbf1683f0a3b79f8087e358bdf5adb6a14ca22425c48be7d76a46ffc0424,,
1.0,G01-260203-085641-598,G01-260203-085641-598.bmp,G01,2026-02-03T08:56:41,2026-02-03,G01_2026-02-03,598,val,normal,,1025,1281,1,0cf3686ba29c4c7b71e11d68975f3e74b8490fe7c7af39fff15a5bed3d1559c2,,
1.0,G01-260203-085655-599,G01-260203-085655-599.bmp,G01,2026-02-03T08:56:55,2026-02-03,G01_2026-02-03,599,val,normal,,1025,1281,1,7e32f5f47a8e3701a37cc18905b305e6854715605cd0d542eaacbf53ff8df9fc,,
1.0,G01-260203-085714-600,G01-260203-085714-600.bmp,G01,2026-02-03T08:57:14,2026-02-03,G01_2026-02-03,600,val,normal,,1025,1281,1,a2a5f44af811ee57190d641358d7d950f057bd51b0cba51ce8620935fe6a0a82,,
1.0,G01-260203-085727-601,G01-260203-085727-601.bmp,G01,2026-02-03T08:57:27,2026-02-03,G01_2026-02-03,601,val,normal,,1025,1281,1,300981577c7928676f4d9d85f325a41bcda5b66e876b5d05e5ad0195ec13d4d4,,
1.0,G01-260203-085742-602,G01-260203-085742-602.bmp,G01,2026-02-03T08:57:42,2026-02-03,G01_2026-02-03,602,val,normal,,1025,1281,1,d613f1e7e75ed00cb26de74912bbab538e41a0d5232621e20cc82b0c43c37afb,,
1.0,G01-260203-085758-603,G01-260203-085758-603.bmp,G01,2026-02-03T08:57:58,2026-02-03,G01_2026-02-03,603,val,normal,,1025,1281,1,2b2b5b8df453421a9676507df49c2c04de3b97551310f8fde7ce7bef3d1e1ae4,,
1.0,G01-260203-085813-604,G01-260203-085813-604.bmp,G01,2026-02-03T08:58:13,2026-02-03,G01_2026-02-03,604,val,normal,,1025,1281,1,5b5e26e46e27bf35dd273d4914dec69d942598e7d8e2dff0adf5266744a37732,,
1.0,G01-260203-085824-605,G01-260203-085824-605.bmp,G01,2026-02-03T08:58:24,2026-02-03,G01_2026-02-03,605,val,normal,,1025,1281,1,a11453f525d818b3604cdde42e07963fe5367b581d503733cb12e3a2f7693e44,,
1.0,G01-260203-085842-606,G01-260203-085842-606.bmp,G01,2026-02-03T08:58:42,2026-02-03,G01_2026-02-03,606,val,normal,,1025,1281,1,55c08b21939b34293dbd438b6991133c909789bb3728aa56b66c429ef77e3c18,,
1.0,G01-260203-085856-607,G01-260203-085856-607.bmp,G01,2026-02-03T08:58:56,2026-02-03,G01_2026-02-03,607,val,normal,,1025,1281,1,96c7306b5ad38b946a1139a12b5cc3a29faf1a1682bd57c7fb80b122ebff95c2,,
1.0,G01-260203-085918-608,G01-260203-085918-608.bmp,G01,2026-02-03T08:59:18,2026-02-03,G01_2026-02-03,608,val,normal,,1025,1281,1,7791110508f37bd405a52858c15c52abe95351804c137da0a155613759046c5e,,
1.0,G01-260203-085929-609,G01-260203-085929-609.bmp,G01,2026-02-03T08:59:29,2026-02-03,G01_2026-02-03,609,val,normal,,1025,1281,1,88847e1cdedce6a1ca95d247c2fe7606a8dc83f2114891acd9f0bf7cdb24ee08,,
1.0,G01-260203-085940-610,G01-260203-085940-610.bmp,G01,2026-02-03T08:59:40,2026-02-03,G01_2026-02-03,610,val,normal,,1025,1281,1,9b9c74c09206981f7b66afea871034f332806d4f94abeed11cf7f099f0ec57ea,,
1.0,G01-260203-085949-611,G01-260203-085949-611.bmp,G01,2026-02-03T08:59:49,2026-02-03,G01_2026-02-03,611,val,normal,,1025,1281,1,05748741da1ae7b48c48ef06ecfd2ea995cf9cb350b97b6299208895ae9d304f,,
1.0,G01-260203-085959-612,G01-260203-085959-612.bmp,G01,2026-02-03T08:59:59,2026-02-03,G01_2026-02-03,612,val,normal,,1025,1281,1,cd5aa54ab4007f37f96a3c5b5dcb20da30468f6944f7720778f5706d3fc9be02,,
1.0,G01-260203-090010-613,G01-260203-090010-613.bmp,G01,2026-02-03T09:00:10,2026-02-03,G01_2026-02-03,613,val,normal,,1025,1281,1,2daf64f074b5ca6efff4291e4f4089648eaff21f024611341190fc4d382b6da8,,
1.0,G01-260203-090023-614,G01-260203-090023-614.bmp,G01,2026-02-03T09:00:23,2026-02-03,G01_2026-02-03,614,val,normal,,1025,1281,1,23f883f066b41ee6b0590c62aacd4be12af445de25bbc75ad01dc45a17c75a3c,,
1.0,G01-260203-090110-615,G01-260203-090110-615.bmp,G01,2026-02-03T09:01:10,2026-02-03,G01_2026-02-03,615,val,normal,,1025,1281,1,fee578779861a489591867b2b13db17fbe6c756cbd643b9fd4954c3baf872c50,,
1.0,G01-260203-090140-616,G01-260203-090140-616.bmp,G01,2026-02-03T09:01:40,2026-02-03,G01_2026-02-03,616,val,normal,,1025,1281,1,690a4418349f3f4a3b8a582c03c243727d69c19f17af0edfd525e296b9b1906e,,
1.0,G01-260203-090150-617,G01-260203-090150-617.bmp,G01,2026-02-03T09:01:50,2026-02-03,G01_2026-02-03,617,val,normal,,1025,1281,1,6f391188e14c7067c450ff54f2b94bdcc7444e15ea4a28722b665bfb1f87d2d1,,
1.0,G01-260203-090201-618,G01-260203-090201-618.bmp,G01,2026-02-03T09:02:01,2026-02-03,G01_2026-02-03,618,val,normal,,1025,1281,1,f87df74b6d5481bfca95b2e37ff1afc77fe7ea0a8475eae9583bc6cf1adb531c,,
1.0,G01-260203-090218-619,G01-260203-090218-619.bmp,G01,2026-02-03T09:02:18,2026-02-03,G01_2026-02-03,619,val,normal,,1025,1281,1,2ca09caad0bf58a9b1788981b3a534889ab97a50b1de560d8b801d7bdcbed670,,
1.0,G01-260203-090232-620,G01-260203-090232-620.bmp,G01,2026-02-03T09:02:32,2026-02-03,G01_2026-02-03,620,val,normal,,1025,1281,1,8337b44b6b95e6032dbc050c99946a74639390270e2ae4964681c89c92b4c038,,
1.0,G01-260203-090246-621,G01-260203-090246-621.bmp,G01,2026-02-03T09:02:46,2026-02-03,G01_2026-02-03,621,val,normal,,1025,1281,1,a11b9eca0cf249ed82aa12dda3b33f2cb160b1614e09489476b3037ed8ba7ea6,,
1.0,G01-260203-090258-622,G01-260203-090258-622.bmp,G01,2026-02-03T09:02:58,2026-02-03,G01_2026-02-03,622,val,normal,,1025,1281,1,86ea2913015e9420bf5a80fbdbe0fb2b8fed3beded14246fd76695fb75fd788b,,
1.0,G01-260203-090308-623,G01-260203-090308-623.bmp,G01,2026-02-03T09:03:08,2026-02-03,G01_2026-02-03,623,val,normal,,1025,1281,1,29dc499a4508a0253edd915998dfd05963bc493dc70ec80a6756b2504314be2f,,
1.0,G01-260203-090316-624,G01-260203-090316-624.bmp,G01,2026-02-03T09:03:16,2026-02-03,G01_2026-02-03,624,val,normal,,1025,1281,1,c0791ebc8d53e5677ba444285e69bf04b6a819cdc817807fa69acfe0cd2e0304,,
1.0,G01-260203-090346-625,G01-260203-090346-625.bmp,G01,2026-02-03T09:03:46,2026-02-03,G01_2026-02-03,625,val,normal,,1025,1281,1,3ab1ac5d05b55e13fe3429e83948530cd0bf405ab0cdd602016861d6e612d5f8,,
1.0,G01-260203-090355-626,G01-260203-090355-626.bmp,G01,2026-02-03T09:03:55,2026-02-03,G01_2026-02-03,626,val,normal,,1025,1281,1,184e74adb62d51082c15ff5bf73b88432349f2a41e6d5cfebf6b1c5c8f52f684,,
1.0,G01-260203-090458-627,G01-260203-090458-627.bmp,G01,2026-02-03T09:04:58,2026-02-03,G01_2026-02-03,627,val,normal,,1025,1281,1,e39f2d9e291a4ca9bd3f3dbd5e0358f3f8d8aeef026b00d670fc1821d73e0ab7,,
1.0,G01-260203-090459-628,G01-260203-090459-628.bmp,G01,2026-02-03T09:04:59,2026-02-03,G01_2026-02-03,628,val,normal,,1025,1281,1,f454c535cb895b67aef6a22d298b5b2f29c154a87dbe44dfec6defe4898fbdf5,,
1.0,G01-260203-090506-629,G01-260203-090506-629.bmp,G01,2026-02-03T09:05:06,2026-02-03,G01_2026-02-03,629,val,normal,,1025,1281,1,37dfc518f94e880a89586075e6b47189cfe12985ecd9957dabe54e6aed8a1061,,
1.0,G01-260203-090512-630,G01-260203-090512-630.bmp,G01,2026-02-03T09:05:12,2026-02-03,G01_2026-02-03,630,val,normal,,1025,1281,1,15291adc21d5b79af7e3de2af5486b46eb57d75cdd7344f15616e761ab87200c,,
1.0,G01-260203-090522-631,G01-260203-090522-631.bmp,G01,2026-02-03T09:05:22,2026-02-03,G01_2026-02-03,631,val,normal,,1025,1281,1,4651dd99bcbd965d4b8800e5756ce8c7220c338b53f5fb393c7e9c0eefab842f,,
1.0,G01-260203-090540-632,G01-260203-090540-632.bmp,G01,2026-02-03T09:05:40,2026-02-03,G01_2026-02-03,632,val,normal,,1025,1281,1,462c0774fb5adcdd6870ebafc160e88d75d8999d72b8f9176df0a60a3ea5783a,,
1.0,G01-260203-090622-633,G01-260203-090622-633.bmp,G01,2026-02-03T09:06:22,2026-02-03,G01_2026-02-03,633,val,normal,,1025,1281,1,c2ed07301ba48cf744a5e31f77160d20e47b46c07231178e799726ada4393858,,
1.0,G01-260203-090634-634,G01-260203-090634-634.bmp,G01,2026-02-03T09:06:34,2026-02-03,G01_2026-02-03,634,val,normal,,1025,1281,1,bb23243e73fd517d1a0304e7ac36920c06130a0a84f20c79e6f9a929f51eb612,,
1.0,G01-260203-090643-635,G01-260203-090643-635.bmp,G01,2026-02-03T09:06:43,2026-02-03,G01_2026-02-03,635,val,normal,,1025,1281,1,29d765ed403955d89ce24022f1514b0891a8ad2a3aefe456070ca11945e44de0,,
1.0,G01-260203-090653-636,G01-260203-090653-636.bmp,G01,2026-02-03T09:06:53,2026-02-03,G01_2026-02-03,636,val,normal,,1025,1281,1,79c70964e27da1eb496d20a5dc8d0ef615a54d9e14238217eade7c21b9a004a0,,
1.0,G01-260203-090719-638,G01-260203-090719-638.bmp,G01,2026-02-03T09:07:19,2026-02-03,G01_2026-02-03,638,val,normal,,1025,1281,1,4fdfe4e1dad4f5dc01aad313d13e3d7cd1e4bfb8a18c32d61341e10496be664a,,
1.0,G01-260203-090731-639,G01-260203-090731-639.bmp,G01,2026-02-03T09:07:31,2026-02-03,G01_2026-02-03,639,val,normal,,1025,1281,1,13c0956be3841ca35011085ae44192f8fdddf1caa84a411b634b75029564c257,,
1.0,G01-260203-090756-640,G01-260203-090756-640.bmp,G01,2026-02-03T09:07:56,2026-02-03,G01_2026-02-03,640,val,normal,,1025,1281,1,77ea09310bb21aa3f731bc68dd738e823bfcd4b1de27e88e17066a73d290329d,,
1.0,G01-260203-090805-641,G01-260203-090805-641.bmp,G01,2026-02-03T09:08:05,2026-02-03,G01_2026-02-03,641,val,normal,,1025,1281,1,7e263b59f8505de144ebd7fac236eb8864f78cc33b85e2a8d6e1e8df5f76377c,,
1.0,G01-260203-090812-642,G01-260203-090812-642.bmp,G01,2026-02-03T09:08:12,2026-02-03,G01_2026-02-03,642,val,normal,,1025,1281,1,093f9321cdfdb3264b5161a6e4bbca970790acbc1f2fc507afd96737da983395,,
1.0,G01-260203-090832-643,G01-260203-090832-643.bmp,G01,2026-02-03T09:08:32,2026-02-03,G01_2026-02-03,643,val,normal,,1025,1281,1,904e9ac21c6f28c81d6922b46c2cfad49ddcc4c6aa668191997fca2a65ff0ef4,,
1.0,G01-260203-090849-644,G01-260203-090849-644.bmp,G01,2026-02-03T09:08:49,2026-02-03,G01_2026-02-03,644,val,normal,,1025,1281,1,9f91e5cfe0833f1490602d45cb398561fee5caa72dc63d7c1c404b0fdcd3c787,,
1.0,G01-260203-090902-645,G01-260203-090902-645.bmp,G01,2026-02-03T09:09:02,2026-02-03,G01_2026-02-03,645,val,normal,,1025,1281,1,8d4dc32f579861789918a1e276a9700c588c117838199352b451c7c5d572d6c6,,
1.0,G01-260203-090918-646,G01-260203-090918-646.bmp,G01,2026-02-03T09:09:18,2026-02-03,G01_2026-02-03,646,val,normal,,1025,1281,1,76c87ed6ced1a7bd760123191df6cc884a7e78ee0385effc264ce130999df572,,
1.0,G01-260203-090928-647,G01-260203-090928-647.bmp,G01,2026-02-03T09:09:28,2026-02-03,G01_2026-02-03,647,val,normal,,1025,1281,1,a9572303d805e4cc3f69f9a0e8ddd9be87b67129c1da6b4189323eaf6574c351,,
1.0,G01-260203-090950-648,G01-260203-090950-648.bmp,G01,2026-02-03T09:09:50,2026-02-03,G01_2026-02-03,648,val,normal,,1025,1281,1,974fb61656f9077d6a5c10d7b979614b29304d7cd825b31653ba95e391798092,,
1.0,G01-260203-090959-649,G01-260203-090959-649.bmp,G01,2026-02-03T09:09:59,2026-02-03,G01_2026-02-03,649,val,normal,,1025,1281,1,9ae64e2d2a1cb314711c5a5019315ee9c76f65d238bfcfebd9a2474299d01150,,
1.0,G01-260203-091021-650,G01-260203-091021-650.bmp,G01,2026-02-03T09:10:21,2026-02-03,G01_2026-02-03,650,val,normal,,1025,1281,1,f7556bc9e2c6a72a627b210599f1fd852564fb7b7d1a71bf38965a9061410c09,,
1.0,G01-260203-091032-651,G01-260203-091032-651.bmp,G01,2026-02-03T09:10:32,2026-02-03,G01_2026-02-03,651,val,normal,,1025,1281,1,cb11b8ee9578b4faf0f93b4bf5cb66112dc6e09f5860d2840a828b376ec7dd1a,,
1.0,G01-260203-091050-652,G01-260203-091050-652.bmp,G01,2026-02-03T09:10:50,2026-02-03,G01_2026-02-03,652,val,normal,,1025,1281,1,60624d8188f0354946728c955870572c5699249c84132933a32402c98278e509,,
1.0,G01-260203-091105-653,G01-260203-091105-653.bmp,G01,2026-02-03T09:11:05,2026-02-03,G01_2026-02-03,653,val,normal,,1025,1281,1,06e23a2cd7b6609ae98564838739aa77cdb63725fae2a29e35ef95deeab6cffd,,
1.0,G01-260203-091121-654,G01-260203-091121-654.bmp,G01,2026-02-03T09:11:21,2026-02-03,G01_2026-02-03,654,val,normal,,1025,1281,1,89a50281b5d6af3ab307c038da4f3d24d8b83c0b29f3b04e5542a37d34b65268,,
1.0,G01-260203-091130-655,G01-260203-091130-655.bmp,G01,2026-02-03T09:11:30,2026-02-03,G01_2026-02-03,655,val,normal,,1025,1281,1,5433cd7a9e8d0f39ae8b7c7b760832e259609d055468773b6867d9d03a29a830,,
1.0,G01-260203-091152-656,G01-260203-091152-656.bmp,G01,2026-02-03T09:11:52,2026-02-03,G01_2026-02-03,656,val,normal,,1025,1281,1,275db5798632a8ee46147717548249db6d1d40f0c3c58422d80bc8c3b99c8eae,,
1.0,G01-260203-091201-657,G01-260203-091201-657.bmp,G01,2026-02-03T09:12:01,2026-02-03,G01_2026-02-03,657,val,normal,,1025,1281,1,7a2c4c82b1ff8f462231629f67fe2878941418c448a4bb20664e713ed4404b48,,
1.0,G01-260203-091221-658,G01-260203-091221-658.bmp,G01,2026-02-03T09:12:21,2026-02-03,G01_2026-02-03,658,val,normal,,1025,1281,1,e798325e9c3b3bf4a32bc26b9a04f90c715f2100e4036c1700ab522a08ca6e86,,
1.0,G01-260203-091234-659,G01-260203-091234-659.bmp,G01,2026-02-03T09:12:34,2026-02-03,G01_2026-02-03,659,val,normal,,1025,1281,1,006894f0e0474cc6c29c89349a73b1f340854173772bd7e8c7545e185f4bdd58,,
1.0,G01-260203-091250-660,G01-260203-091250-660.bmp,G01,2026-02-03T09:12:50,2026-02-03,G01_2026-02-03,660,val,normal,,1025,1281,1,031a6554bd7dc8e32bca1180ca70a01213e1ff6c639deaa9a16f37958456ab62,,
1.0,G01-260203-091303-661,G01-260203-091303-661.bmp,G01,2026-02-03T09:13:03,2026-02-03,G01_2026-02-03,661,val,normal,,1025,1281,1,4660ad267c048d4e04997e822fa79f5cc9ebadd596dc4afdd65011f35173e61d,,
1.0,G01-260203-091321-662,G01-260203-091321-662.bmp,G01,2026-02-03T09:13:21,2026-02-03,G01_2026-02-03,662,val,normal,,1025,1281,1,81b90dd5bb3f10d9b1f9ddd6baeb57833bcdcf69b2930599c1e792d0dafba841,,
1.0,G01-260203-091335-663,G01-260203-091335-663.bmp,G01,2026-02-03T09:13:35,2026-02-03,G01_2026-02-03,663,val,normal,,1025,1281,1,6dc0e404f5d1ab60bf3b0ccd4b310c130d3eecea42283d8baba804064e949c81,,
1.0,G01-260203-091351-664,G01-260203-091351-664.bmp,G01,2026-02-03T09:13:51,2026-02-03,G01_2026-02-03,664,val,normal,,1025,1281,1,28e2ff9db3830ba2f493af9c9ed03a03c16a7a8f5b3ee40001b6c03bb08156e6,,
1.0,G01-260203-091403-665,G01-260203-091403-665.bmp,G01,2026-02-03T09:14:03,2026-02-03,G01_2026-02-03,665,val,normal,,1025,1281,1,539169754fc150836a7e480aeb065a2b1ffc06e30a68933e45b7736586468af1,,
1.0,G01-260203-091421-666,G01-260203-091421-666.bmp,G01,2026-02-03T09:14:21,2026-02-03,G01_2026-02-03,666,val,normal,,1025,1281,1,5d622ba487855e8e793c49981c2ad762b799663099ccb62917fada385a5e6ca7,,
1.0,G01-260203-091435-667,G01-260203-091435-667.bmp,G01,2026-02-03T09:14:35,2026-02-03,G01_2026-02-03,667,val,normal,,1025,1281,1,4f6b27777af2afc7908bbe5ab06cdf62f551579170310957a224536d1684f84d,,
1.0,G01-260203-091452-668,G01-260203-091452-668.bmp,G01,2026-02-03T09:14:52,2026-02-03,G01_2026-02-03,668,val,normal,,1025,1281,1,2161363c46735465b9cf4a98eecd6f13beb35f19e4b9bf749aa945e77ae1957d,,
1.0,G01-260203-091500-669,G01-260203-091500-669.bmp,G01,2026-02-03T09:15:00,2026-02-03,G01_2026-02-03,669,val,normal,,1025,1281,1,8d501dfd5734df69a25fb4f9bfef39ce30fd435ca3eb217411cde2d62f287a31,,
1.0,G01-260203-091522-670,G01-260203-091522-670.bmp,G01,2026-02-03T09:15:22,2026-02-03,G01_2026-02-03,670,val,normal,,1025,1281,1,e44b7a0787c34fed855efc920767594f2931cc2bd6e3c06e5c225ffa2e0a0cf9,,
1.0,G01-260203-091531-671,G01-260203-091531-671.bmp,G01,2026-02-03T09:15:31,2026-02-03,G01_2026-02-03,671,val,normal,,1025,1281,1,2296f44215b2307a9239ebe3738820287394fa8bcdf7a78a64266ce96f5e247c,,
1.0,G01-260203-091554-672,G01-260203-091554-672.bmp,G01,2026-02-03T09:15:54,2026-02-03,G01_2026-02-03,672,val,normal,,1025,1281,1,af594ebee172de18829c3cca32b1bb64bfc6a2efc9187f603888e594576d6706,,
1.0,G01-260203-091605-673,G01-260203-091605-673.bmp,G01,2026-02-03T09:16:05,2026-02-03,G01_2026-02-03,673,val,normal,,1025,1281,1,a1fab592b2166dea7b3009154ac7a7d59c7c2a542737634565d1cf0f277a993d,,
1.0,G01-260203-091625-674,G01-260203-091625-674.bmp,G01,2026-02-03T09:16:25,2026-02-03,G01_2026-02-03,674,val,normal,,1025,1281,1,5573e6641f78dc6babcf8832237c965d3158690d448ccffd63ff08de0c98e915,,
1.0,G01-260203-091635-675,G01-260203-091635-675.bmp,G01,2026-02-03T09:16:35,2026-02-03,G01_2026-02-03,675,val,normal,,1025,1281,1,5f14f1b8a1fd8c967baf8dc39a1ea1ff32899b98b3a3bbe229255e91cb411752,,
1.0,G01-260203-091653-676,G01-260203-091653-676.bmp,G01,2026-02-03T09:16:53,2026-02-03,G01_2026-02-03,676,val,normal,,1025,1281,1,719074b8e02ae2f0c0a6d829bdff7c0f149b82d4200afbfc6d5f0d7bdaffbc72,,
1.0,G01-260203-091709-677,G01-260203-091709-677.bmp,G01,2026-02-03T09:17:09,2026-02-03,G01_2026-02-03,677,val,normal,,1025,1281,1,24bd14045fb78d2c05553d60779f23d5597820f228bfa633d6ea9e4af5b7296f,,
1.0,G01-260203-091726-678,G01-260203-091726-678.bmp,G01,2026-02-03T09:17:26,2026-02-03,G01_2026-02-03,678,val,normal,,1025,1281,1,beb2eb93469f1e64e940a9123834129eee30505138cf4070ed0513178061f511,,
1.0,G01-260203-091738-679,G01-260203-091738-679.bmp,G01,2026-02-03T09:17:38,2026-02-03,G01_2026-02-03,679,val,normal,,1025,1281,1,5108794bde7ef0d18c4e146720049df292019a72d0cc771f85331436338d0745,,
1.0,G01-260203-091754-680,G01-260203-091754-680.bmp,G01,2026-02-03T09:17:54,2026-02-03,G01_2026-02-03,680,val,normal,,1025,1281,1,71a803f4e14d043383df31d9c00fd0fda730a314046ba794218d13a9e3c98e54,,
1.0,G01-260203-091804-681,G01-260203-091804-681.bmp,G01,2026-02-03T09:18:04,2026-02-03,G01_2026-02-03,681,val,normal,,1025,1281,1,5aeac481e36e5e68e47bc3457bb339f6a9e51aaea7a51589a658184b0ed8acd5,,
1.0,G01-260203-091823-682,G01-260203-091823-682.bmp,G01,2026-02-03T09:18:23,2026-02-03,G01_2026-02-03,682,val,normal,,1025,1281,1,606911915af505804e733b4def1fe8a90d5ff0f6a19ed2d20e7d598524a564af,,
1.0,G01-260203-091833-683,G01-260203-091833-683.bmp,G01,2026-02-03T09:18:33,2026-02-03,G01_2026-02-03,683,val,normal,,1025,1281,1,86233a73ca3ead76bb962d190c04059aa501c8cecfc33e47b4e2662627cf9185,,
1.0,G01-260203-091854-684,G01-260203-091854-684.bmp,G01,2026-02-03T09:18:54,2026-02-03,G01_2026-02-03,684,val,normal,,1025,1281,1,b144e1d1a129c3ad6157c086d9e4cf192728aa3da4be1ff43ed64d24a2e25fc4,,
1.0,G01-260203-091906-685,G01-260203-091906-685.bmp,G01,2026-02-03T09:19:06,2026-02-03,G01_2026-02-03,685,val,normal,,1025,1281,1,3fc5f1a301b7683a761743bdb3b379fab7fbb5213a24a20e03ddb3654a51b96c,,
1.0,G01-260203-091926-686,G01-260203-091926-686.bmp,G01,2026-02-03T09:19:26,2026-02-03,G01_2026-02-03,686,val,normal,,1025,1281,1,daca20864f9f41f90f7bc9ff259754e4b324f3624d5ff7e3797c52c9a665fc3b,,
1.0,G01-260203-091937-687,G01-260203-091937-687.bmp,G01,2026-02-03T09:19:37,2026-02-03,G01_2026-02-03,687,val,normal,,1025,1281,1,cd3bdacba6241d52a5054252199fddc13e11f465a02b2c96420f9400733b1bd3,,
1.0,G01-260203-091955-688,G01-260203-091955-688.bmp,G01,2026-02-03T09:19:55,2026-02-03,G01_2026-02-03,688,val,normal,,1025,1281,1,5bbdc539f07b2ada5508768054002df82b9e93f367200ee93d22bfe858de2271,,
1.0,G01-260203-092007-689,G01-260203-092007-689.bmp,G01,2026-02-03T09:20:07,2026-02-03,G01_2026-02-03,689,val,normal,,1025,1281,1,f1266fd280d8fc1d58e01889fb5de78d751a4e10a96fa5d7b7357477ebea17c6,,
1.0,G01-260203-092026-690,G01-260203-092026-690.bmp,G01,2026-02-03T09:20:26,2026-02-03,G01_2026-02-03,690,val,normal,,1025,1281,1,3d1e53a3b061fd8b1b8f72d6b24b42e132ba2ecdc9f0585ff2cea2011e54bbe9,,
1.0,G01-260203-092039-691,G01-260203-092039-691.bmp,G01,2026-02-03T09:20:39,2026-02-03,G01_2026-02-03,691,val,normal,,1025,1281,1,5dc14bb126000d0abdf7b969cc6a54702940ca3a99ca387b6264702f7cae318c,,
1.0,G01-260203-092057-692,G01-260203-092057-692.bmp,G01,2026-02-03T09:20:57,2026-02-03,G01_2026-02-03,692,val,normal,,1025,1281,1,3134aa20983303ccf8f64b4315e07e778f92bfb076271a4687c699b0e53f7d4f,,
1.0,G01-260203-092104-693,G01-260203-092104-693.bmp,G01,2026-02-03T09:21:04,2026-02-03,G01_2026-02-03,693,val,normal,,1025,1281,1,2b730a6365f03d3f16e2d69e1bb510eda21ed00cc1a479c11e1489494caa8d82,,
1.0,G01-260203-092125-694,G01-260203-092125-694.bmp,G01,2026-02-03T09:21:25,2026-02-03,G01_2026-02-03,694,val,normal,,1025,1281,1,45257d98c5b47ebf9104fcb8b13209df67c15fb0034a54cbc8548a6e05e7abb5,,
1.0,G01-260203-092137-695,G01-260203-092137-695.bmp,G01,2026-02-03T09:21:37,2026-02-03,G01_2026-02-03,695,val,normal,,1025,1281,1,f4c58bd30da64e715224d1739f978fd63d760d1495cf72a7c21e128b2ff349aa,,
1.0,G01-260203-092156-696,G01-260203-092156-696.bmp,G01,2026-02-03T09:21:56,2026-02-03,G01_2026-02-03,696,val,normal,,1025,1281,1,865513e7771834eea1ddd50fb0fb591278eb3475b4286d0f1e436538952e60f7,,
1.0,G01-260203-092208-697,G01-260203-092208-697.bmp,G01,2026-02-03T09:22:08,2026-02-03,G01_2026-02-03,697,val,normal,,1025,1281,1,f08211751d5e90bf3bfcbb0a501485efb255bc210bd12579de1bb259b8bd9ddf,,
1.0,G01-260203-092228-698,G01-260203-092228-698.bmp,G01,2026-02-03T09:22:28,2026-02-03,G01_2026-02-03,698,val,normal,,1025,1281,1,4ff818c88388590e35b6e63ba629a1ab613ea5d3396296bd49f668b5bdd5c5f5,,
1.0,G01-260203-092250-699,G01-260203-092250-699.bmp,G01,2026-02-03T09:22:50,2026-02-03,G01_2026-02-03,699,val,normal,,1025,1281,1,7c8c84eb3517cc648907b728daa6d823ad15aa6aeca85c127bc0ab5a1c607bf6,,
1.0,G01-260203-092305-700,G01-260203-092305-700.bmp,G01,2026-02-03T09:23:05,2026-02-03,G01_2026-02-03,700,val,normal,,1025,1281,1,86098342fa53c0e39883e050c9adc523ebc16b5fba8202f21fba2d14e93f6fcb,,
1.0,G01-260203-092315-701,G01-260203-092315-701.bmp,G01,2026-02-03T09:23:15,2026-02-03,G01_2026-02-03,701,val,normal,,1025,1281,1,1c33de065e528493c5cc20df0e304c7bb5a3afcd617f5b17e9101ae5d3703cbe,,
1.0,G01-260203-092325-702,G01-260203-092325-702.bmp,G01,2026-02-03T09:23:25,2026-02-03,G01_2026-02-03,702,val,normal,,1025,1281,1,6cbf90f27f034c4380d6040c8d90a3d8c6619d8d1405afd4eacf1508ad5ea749,,
1.0,G01-260203-092333-703,G01-260203-092333-703.bmp,G01,2026-02-03T09:23:33,2026-02-03,G01_2026-02-03,703,val,normal,,1025,1281,1,3901fdba58e1efddd1afd382550cafda870e742096a6b1e15079a0ae46ca33fd,,
1.0,G01-260203-092344-704,G01-260203-092344-704.bmp,G01,2026-02-03T09:23:44,2026-02-03,G01_2026-02-03,704,val,normal,,1025,1281,1,907d9895e54ec3585bdb53599d8a83f9f0880065ce6a62d3c5de98a332d01532,,
1.0,G01-260203-092601-705,G01-260203-092601-705.bmp,G01,2026-02-03T09:26:01,2026-02-03,G01_2026-02-03,705,val,normal,,1025,1281,1,93d54639cdcd2e380eb43b02d466181d90a77f5618445a838b60815490f9e787,,
1.0,G01-260203-092612-706,G01-260203-092612-706.bmp,G01,2026-02-03T09:26:12,2026-02-03,G01_2026-02-03,706,val,normal,,1025,1281,1,1b4c303cd58bb46dd8a6fe0d6a9af17d97507c4a24e55e3e1a545c8c54e03668,,
1.0,G01-260203-092630-707,G01-260203-092630-707.bmp,G01,2026-02-03T09:26:30,2026-02-03,G01_2026-02-03,707,val,normal,,1025,1281,1,3dec4c68af71b35a489fbc301886223c96a6368d5e97c308b50fd9efdb5ea9dc,,
1.0,G01-260203-092644-708,G01-260203-092644-708.bmp,G01,2026-02-03T09:26:44,2026-02-03,G01_2026-02-03,708,val,normal,,1025,1281,1,7c98d8dd316e47021ed7e7072c9a729ce7f6e6fdbbc5681ecdea90c5236536d7,,
1.0,G01-260203-092702-709,G01-260203-092702-709.bmp,G01,2026-02-03T09:27:02,2026-02-03,G01_2026-02-03,709,val,normal,,1025,1281,1,e82a3bbbaad9e2ca5b92608b239ca9502e09c28d2f951ddbee7110a595c26385,,
1.0,G01-260203-092729-710,G01-260203-092729-710.bmp,G01,2026-02-03T09:27:29,2026-02-03,G01_2026-02-03,710,val,normal,,1025,1281,1,b345958bc81cb0f2a8a00852635d82144f53063672b13bd1507230c881a4908a,,
1.0,G01-260203-092737-711,G01-260203-092737-711.bmp,G01,2026-02-03T09:27:37,2026-02-03,G01_2026-02-03,711,val,normal,,1025,1281,1,8686c63ff4019a65cbb18ba0338653739c57d096b19a86aa9dc2020054d083f4,,
1.0,G01-260203-092800-712,G01-260203-092800-712.bmp,G01,2026-02-03T09:28:00,2026-02-03,G01_2026-02-03,712,val,normal,,1025,1281,1,f76e3b4c85b7ca2a7bbe626af9d37a28611018855d4dee518358a0b0c2406629,,
1.0,G01-260203-092812-713,G01-260203-092812-713.bmp,G01,2026-02-03T09:28:12,2026-02-03,G01_2026-02-03,713,val,normal,,1025,1281,1,fa3bbe9e60c3d7fb10ebd39b6580c467e141170f0a3bdd9ca8d2537a8166b54c,,
1.0,G01-260203-092830-714,G01-260203-092830-714.bmp,G01,2026-02-03T09:28:30,2026-02-03,G01_2026-02-03,714,val,normal,,1025,1281,1,7a0c5285a2c98dafe6690ae8206f97b9bc2391b4fe22694b9c222a4c467e4a37,,
1.0,G01-260203-092843-715,G01-260203-092843-715.bmp,G01,2026-02-03T09:28:43,2026-02-03,G01_2026-02-03,715,val,normal,,1025,1281,1,ed7de84f5f259f26a3510b32ae2af060f93b0313bd1d56be6d16250774c41bb5,,
1.0,G01-260203-092901-716,G01-260203-092901-716.bmp,G01,2026-02-03T09:29:01,2026-02-03,G01_2026-02-03,716,val,normal,,1025,1281,1,71755664e77cea2bdb2bc16a24e1b5ae740d342d9ee3100aa9ab9e61c0383bed,,
1.0,G01-260203-092914-717,G01-260203-092914-717.bmp,G01,2026-02-03T09:29:14,2026-02-03,G01_2026-02-03,717,val,normal,,1025,1281,1,e180298ddfb9a135c0c1669376570fcb22dd4a37627ecf2359e88df458e94514,,
1.0,G01-260203-092939-718,G01-260203-092939-718.bmp,G01,2026-02-03T09:29:39,2026-02-03,G01_2026-02-03,718,val,normal,,1025,1281,1,a4d0e4403103eb977f50284a8a0093686543a162d998c4715e661244492c95cc,,
1.0,G01-260203-092945-719,G01-260203-092945-719.bmp,G01,2026-02-03T09:29:45,2026-02-03,G01_2026-02-03,719,val,normal,,1025,1281,1,55228141b5b70ff2b8a3045e8c7dacc50887eaa33ecfc348b52c88b751616357,,
1.0,G01-260203-092955-720,G01-260203-092955-720.bmp,G01,2026-02-03T09:29:55,2026-02-03,G01_2026-02-03,720,val,normal,,1025,1281,1,836709189202b2498a27541305b72f314227de409c69b7d8621490b3096e4906,,
1.0,G01-260203-093001-721,G01-260203-093001-721.bmp,G01,2026-02-03T09:30:01,2026-02-03,G01_2026-02-03,721,val,normal,,1025,1281,1,e8a1e05e6e411acbed077d88a097e6f592eec68398a2bb1be067a1a8cf2edbbb,,
1.0,G01-260203-093028-722,G01-260203-093028-722.bmp,G01,2026-02-03T09:30:28,2026-02-03,G01_2026-02-03,722,val,normal,,1025,1281,1,03bd4a73bb72f2f51819ef75d3987769ba1273d33fa7a8a2bcfdbcdf32922a97,,
1.0,G01-260203-093101-723,G01-260203-093101-723.bmp,G01,2026-02-03T09:31:01,2026-02-03,G01_2026-02-03,723,val,normal,,1025,1281,1,77d2a27323ef34b469fc69a9f877786f3d12bea8fbd2fb51d10aeb2b8ea1b71d,,
1.0,G01-260203-093113-724,G01-260203-093113-724.bmp,G01,2026-02-03T09:31:13,2026-02-03,G01_2026-02-03,724,val,normal,,1025,1281,1,8e65f1862238a91869d0b7e18c32b98808a7025c10c72fd07614ffdc33c21bb9,,
1.0,G01-260203-093132-725,G01-260203-093132-725.bmp,G01,2026-02-03T09:31:32,2026-02-03,G01_2026-02-03,725,val,normal,,1025,1281,1,b4311ea1debe4da9fb8a3c5f5a0ba8cd7596bc7dc218342325ba170477cb3bfe,,
1.0,G01-260203-093146-726,G01-260203-093146-726.bmp,G01,2026-02-03T09:31:46,2026-02-03,G01_2026-02-03,726,val,normal,,1025,1281,1,7b4f9c1af3fa4fe28558be222ca97cb37bd0483b1ae71888d5dad63331308493,,
1.0,G01-260203-093202-727,G01-260203-093202-727.bmp,G01,2026-02-03T09:32:02,2026-02-03,G01_2026-02-03,727,val,normal,,1025,1281,1,8e3399cc07afe6f428c2fde6a35465eedf4c0f97ace289576675f780ac5f6492,,
1.0,G01-260203-093215-728,G01-260203-093215-728.bmp,G01,2026-02-03T09:32:15,2026-02-03,G01_2026-02-03,728,val,normal,,1025,1281,1,d04698805f8d48eacece1bf2dbd929fe2d7e26d0dba63014a01ec74b5177b715,,
1.0,G01-260203-093232-729,G01-260203-093232-729.bmp,G01,2026-02-03T09:32:32,2026-02-03,G01_2026-02-03,729,val,normal,,1025,1281,1,dc949e94af601621f27ac6197349265a89fa2bd04aa55688e5ff40470f64af51,,
1.0,G01-260203-093241-730,G01-260203-093241-730.bmp,G01,2026-02-03T09:32:41,2026-02-03,G01_2026-02-03,730,val,normal,,1025,1281,1,95d36da97055bd314634bf5c513912e78539fb8897f92a334659cc3d6d8a3009,,
1.0,G01-260203-093303-731,G01-260203-093303-731.bmp,G01,2026-02-03T09:33:03,2026-02-03,G01_2026-02-03,731,val,normal,,1025,1281,1,3894a5a7ae6fc172aa638c0faa685c58d02551073ae53b7ef8f5b0af10a241b3,,
1.0,G01-260203-093312-732,G01-260203-093312-732.bmp,G01,2026-02-03T09:33:12,2026-02-03,G01_2026-02-03,732,val,normal,,1025,1281,1,e490ce6cb69df1f6476d307492ebf489c0bcbe6e74c3034eeb0689ac53646d77,,
1.0,G01-260203-093333-733,G01-260203-093333-733.bmp,G01,2026-02-03T09:33:33,2026-02-03,G01_2026-02-03,733,val,normal,,1025,1281,1,d969598de4a82a844e344970c4c6fde750184f8d74c3655a10a312048566ccf7,,
1.0,G01-260203-093348-734,G01-260203-093348-734.bmp,G01,2026-02-03T09:33:48,2026-02-03,G01_2026-02-03,734,val,normal,,1025,1281,1,945bc0f6c91fc546904e2308afd4653e1fae4ffa2c3552c70d9c59687fb43d4e,,
1.0,G01-260203-093404-735,G01-260203-093404-735.bmp,G01,2026-02-03T09:34:04,2026-02-03,G01_2026-02-03,735,val,normal,,1025,1281,1,f66568395f3b6664bb792c55218c9b085d1caaecbf15e58f4023d02c5871f54d,,
1.0,G01-260203-093419-736,G01-260203-093419-736.bmp,G01,2026-02-03T09:34:19,2026-02-03,G01_2026-02-03,736,val,normal,,1025,1281,1,5adbe5e9d6d269396a3d87d489b41d70536fff404d97e3e77180bf5a478edb9f,,
1.0,G01-260203-093435-737,G01-260203-093435-737.bmp,G01,2026-02-03T09:34:35,2026-02-03,G01_2026-02-03,737,val,normal,,1025,1281,1,f908281aa478e2d31a14c4160e999d9dfaa91d5f04e4836c927ca3449fbe9c26,,
1.0,G01-260203-093445-738,G01-260203-093445-738.bmp,G01,2026-02-03T09:34:45,2026-02-03,G01_2026-02-03,738,val,normal,,1025,1281,1,c5b1c4bc98b51ff04f48eef01a96f36e12b8bc9f8c473c1d9b59fb9b7b82cb25,,
1.0,G01-260203-093506-739,G01-260203-093506-739.bmp,G01,2026-02-03T09:35:06,2026-02-03,G01_2026-02-03,739,val,normal,,1025,1281,1,5c6e104b5829eedaf33ce3243c9f393ca25dd7333bb59c11caed47c319129379,,
1.0,G01-260203-093522-740,G01-260203-093522-740.bmp,G01,2026-02-03T09:35:22,2026-02-03,G01_2026-02-03,740,val,normal,,1025,1281,1,d2592b019ff63eb7ffa04041468704b755b882f0b285251a162bd27b49bc15fd,,
1.0,G01-260203-093547-742,G01-260203-093547-742.bmp,G01,2026-02-03T09:35:47,2026-02-03,G01_2026-02-03,742,val,normal,,1025,1281,1,dea29e6a6be9159c258a1b8c8e5059fe26c59f84742781c72e4896a688ed6299,,
1.0,G01-260203-093604-743,G01-260203-093604-743.bmp,G01,2026-02-03T09:36:04,2026-02-03,G01_2026-02-03,743,val,normal,,1025,1281,1,34c105cfd1b81c21e8e1d660b09616e71bd09219d74c668d8356eadabfd14fc2,,
1.0,G01-260203-093613-744,G01-260203-093613-744.bmp,G01,2026-02-03T09:36:13,2026-02-03,G01_2026-02-03,744,val,normal,,1025,1281,1,86b16037c10f7f9061535ef8a705034d7b8f48b9a9d4b1fc50e1289e338cf90f,,
1.0,G01-260203-093634-745,G01-260203-093634-745.bmp,G01,2026-02-03T09:36:34,2026-02-03,G01_2026-02-03,745,val,normal,,1025,1281,1,fa5f08abe86328d843c736f43a5494c859f3938825b0a02b1db1cf24ac0151c2,,
1.0,G01-260203-093643-746,G01-260203-093643-746.bmp,G01,2026-02-03T09:36:43,2026-02-03,G01_2026-02-03,746,val,normal,,1025,1281,1,d515f7d96c871ac888af353d4a38986aaf71c929102b69e99f15040245e63afc,,
1.0,G01-260203-093705-747,G01-260203-093705-747.bmp,G01,2026-02-03T09:37:05,2026-02-03,G01_2026-02-03,747,val,normal,,1025,1281,1,cc93541bca6da23a9253bfada48df82b282833f3fd6be9a47b50876a4171c2f7,,
1.0,G01-260203-093724-748,G01-260203-093724-748.bmp,G01,2026-02-03T09:37:24,2026-02-03,G01_2026-02-03,748,val,normal,,1025,1281,1,8f7d520a3669a49246b9a7555d8a13e315bfad9e2d5d3fbf78b98445e1fe2e95,,
1.0,G01-260203-093737-749,G01-260203-093737-749.bmp,G01,2026-02-03T09:37:37,2026-02-03,G01_2026-02-03,749,val,normal,,1025,1281,1,16ae9ca40ab9c8d1011952fab4f77aa81cc922f72033a3e86465cdad8d62cf01,,
1.0,G01-260203-093745-750,G01-260203-093745-750.bmp,G01,2026-02-03T09:37:45,2026-02-03,G01_2026-02-03,750,val,normal,,1025,1281,1,153c84f836f9967d56d6c73bd526c550ace0f85b67ae65ef14310d4d87e2547a,,
1.0,G01-260203-093806-751,G01-260203-093806-751.bmp,G01,2026-02-03T09:38:06,2026-02-03,G01_2026-02-03,751,val,normal,,1025,1281,1,5e9e41ecbb2e09e9255a00e27b28944bd205a239066e4e7726d671139db8070a,,
1.0,G01-260203-093821-752,G01-260203-093821-752.bmp,G01,2026-02-03T09:38:21,2026-02-03,G01_2026-02-03,752,val,normal,,1025,1281,1,461a36d0f56ac76534919fcaf7713ed80a01c1495e5402d1bd217e2eb83c8539,,
1.0,G01-260203-093835-753,G01-260203-093835-753.bmp,G01,2026-02-03T09:38:35,2026-02-03,G01_2026-02-03,753,val,normal,,1025,1281,1,6f429d935d38e29552aa4dee4b024d17b0c63aa2a7f9d63f522badbd49472600,,
1.0,G01-260203-093842-754,G01-260203-093842-754.bmp,G01,2026-02-03T09:38:42,2026-02-03,G01_2026-02-03,754,val,normal,,1025,1281,1,90034c514eade5d74bb8eabe5f5139dfd2e51b5aa580452857803b6f89e228b7,,
1.0,G01-260203-093906-755,G01-260203-093906-755.bmp,G01,2026-02-03T09:39:06,2026-02-03,G01_2026-02-03,755,val,normal,,1025,1281,1,0158dd3971e0dddab5e39d48e62e7e8af49b125cbef9fab2c02abf649e6df54a,,
1.0,G01-260203-093913-756,G01-260203-093913-756.bmp,G01,2026-02-03T09:39:13,2026-02-03,G01_2026-02-03,756,val,normal,,1025,1281,1,45f69c6ef69c44409f8662c61d8704e887666b8370cf9e64c71a93596aa07b08,,
1.0,G01-260203-093936-757,G01-260203-093936-757.bmp,G01,2026-02-03T09:39:36,2026-02-03,G01_2026-02-03,757,val,normal,,1025,1281,1,ae9ad3a19830c54017658fbc7a98fc29498224a35950f3ec1ca2d5fb1dba44b3,,
1.0,G01-260203-093948-758,G01-260203-093948-758.bmp,G01,2026-02-03T09:39:48,2026-02-03,G01_2026-02-03,758,val,normal,,1025,1281,1,fed263b90d2fe5bd0b1b81503dd626fb84098b2a781d35eeba0c757a82b20bc7,,
1.0,G01-260203-094006-759,G01-260203-094006-759.bmp,G01,2026-02-03T09:40:06,2026-02-03,G01_2026-02-03,759,val,normal,,1025,1281,1,ade79becb626b65f2e0b56eff2b0c5d0aa79d14ba287dc15b65bad0a5a2de4a6,,
1.0,G01-260203-094022-760,G01-260203-094022-760.bmp,G01,2026-02-03T09:40:22,2026-02-03,G01_2026-02-03,760,val,normal,,1025,1281,1,ce586da4ec3bd683725e3386d9646e317f3ee6d408c7b438f93403e480b11f6c,,
1.0,G01-260203-094037-761,G01-260203-094037-761.bmp,G01,2026-02-03T09:40:37,2026-02-03,G01_2026-02-03,761,val,normal,,1025,1281,1,02bf33b9ce5909b49d803ac565567166dd1a8f6d6e9228b95c83da238352c885,,
1.0,G01-260203-094046-762,G01-260203-094046-762.bmp,G01,2026-02-03T09:40:46,2026-02-03,G01_2026-02-03,762,val,normal,,1025,1281,1,919df42ae3c3642f12334078cba6cae96c5046d3ca9d24ded8bb0145f2b06d93,,
1.0,G01-260203-094107-763,G01-260203-094107-763.bmp,G01,2026-02-03T09:41:07,2026-02-03,G01_2026-02-03,763,val,normal,,1025,1281,1,1e8be1bf9d289c2ca06680bc27531aff107c58585c4b0a7a45285d1f36974a6f,,
1.0,G01-260203-094121-764,G01-260203-094121-764.bmp,G01,2026-02-03T09:41:21,2026-02-03,G01_2026-02-03,764,val,normal,,1025,1281,1,8061fcc1ebd233fdaa1efafa47c6170d421ddce14c3cb322e1ee9f4209815fa1,,
1.0,G01-260203-094137-765,G01-260203-094137-765.bmp,G01,2026-02-03T09:41:37,2026-02-03,G01_2026-02-03,765,val,normal,,1025,1281,1,9ddc6eb598bc5367ef93fefa662cc68eb0df76e2abfcccbf57b1805cd4767e82,,
1.0,G01-260203-094150-766,G01-260203-094150-766.bmp,G01,2026-02-03T09:41:50,2026-02-03,G01_2026-02-03,766,val,normal,,1025,1281,1,6c772cebb525800472767d8fb03365c48a4bea81b101950a21e79b6c576be944,,
1.0,G01-260203-094207-767,G01-260203-094207-767.bmp,G01,2026-02-03T09:42:07,2026-02-03,G01_2026-02-03,767,val,normal,,1025,1281,1,41eba78b193aab56cb4286423977ac6e988c9435a034926a8c2cb3623e3cd669,,
1.0,G01-260203-094218-768,G01-260203-094218-768.bmp,G01,2026-02-03T09:42:18,2026-02-03,G01_2026-02-03,768,val,normal,,1025,1281,1,b3efdcf078143fe8d15eefc0e1b230fe3a55799c605cce39f83324e26f0eb426,,
1.0,G01-260203-094240-769,G01-260203-094240-769.bmp,G01,2026-02-03T09:42:40,2026-02-03,G01_2026-02-03,769,val,normal,,1025,1281,1,eace3521090c18ab20ebaff758d19637298bd583c2634e6c0c621c3bd253b755,,
1.0,G01-260203-094258-770,G01-260203-094258-770.bmp,G01,2026-02-03T09:42:58,2026-02-03,G01_2026-02-03,770,val,normal,,1025,1281,1,2a9b283e6efb640bb2f4f28ba1ac0c7ba4a79cff3c265b58a72ad500ee8c3ae4,,
1.0,G01-260203-094310-771,G01-260203-094310-771.bmp,G01,2026-02-03T09:43:10,2026-02-03,G01_2026-02-03,771,val,normal,,1025,1281,1,d1f741a58e77e4c897b9b3470a962650bc685ffc29880d90f95fef1f4a52b6f0,,
1.0,G01-260203-094323-772,G01-260203-094323-772.bmp,G01,2026-02-03T09:43:23,2026-02-03,G01_2026-02-03,772,val,normal,,1025,1281,1,8be9645b8aaa70a4bf6b9ba5a9d5830d14ad0bc17174e585bcfcb472f314b9d9,,
1.0,G01-260203-094339-773,G01-260203-094339-773.bmp,G01,2026-02-03T09:43:39,2026-02-03,G01_2026-02-03,773,val,normal,,1025,1281,1,7998a9f2a1adf0e14647cc3ace1e2d24d32af8ca88f65554690f0db6786a69be,,
1.0,G01-260203-094352-774,G01-260203-094352-774.bmp,G01,2026-02-03T09:43:52,2026-02-03,G01_2026-02-03,774,val,normal,,1025,1281,1,4a45157ace32c6abb3f16405f173c57d481cc18fae42c7af71fbe06db64318c1,,
1.0,G01-260203-094411-775,G01-260203-094411-775.bmp,G01,2026-02-03T09:44:11,2026-02-03,G01_2026-02-03,775,val,normal,,1025,1281,1,952fd08860a372b287d398761ea3b0b034949800b94a00e28511c2621711d9b2,,
1.0,G01-260203-094427-776,G01-260203-094427-776.bmp,G01,2026-02-03T09:44:27,2026-02-03,G01_2026-02-03,776,val,normal,,1025,1281,1,29f6251d025dd41523be1dd4d9740e279c840b6a84f24e6040ba480778f8dac8,,
1.0,G01-260203-094440-777,G01-260203-094440-777.bmp,G01,2026-02-03T09:44:40,2026-02-03,G01_2026-02-03,777,val,normal,,1025,1281,1,5b5ea5894751e3fc55676f17b2fe3243e55585d44875da0f506a0b29219228fb,,
1.0,G01-260203-094457-778,G01-260203-094457-778.bmp,G01,2026-02-03T09:44:57,2026-02-03,G01_2026-02-03,778,val,normal,,1025,1281,1,fa61e515a541963758c51f327bb5b9cd72c5090ba2b62ba3abd7dd51fd60b64e,,
1.0,G01-260203-094510-779,G01-260203-094510-779.bmp,G01,2026-02-03T09:45:10,2026-02-03,G01_2026-02-03,779,val,normal,,1025,1281,1,d88be544c6d75114d950824fa4fbd87148648c2dca515e427a8200fefb4c5c02,,
1.0,G01-260203-094521-780,G01-260203-094521-780.bmp,G01,2026-02-03T09:45:21,2026-02-03,G01_2026-02-03,780,val,normal,,1025,1281,1,ee8bcfa0bcccd48851eddfe2dd4093397b4bffd88d7c24e5149ba26933f8e86f,,
1.0,G01-260203-094541-781,G01-260203-094541-781.bmp,G01,2026-02-03T09:45:41,2026-02-03,G01_2026-02-03,781,val,normal,,1025,1281,1,c044ebd84804a896061962150d3af22605873f06b65864482d520bf5373717c5,,
1.0,G01-260203-094553-782,G01-260203-094553-782.bmp,G01,2026-02-03T09:45:53,2026-02-03,G01_2026-02-03,782,val,normal,,1025,1281,1,f24e8aeea598a15c11b2c643ee55cff8147556a85212eb6853d358032e117507,,
1.0,G01-260203-094611-783,G01-260203-094611-783.bmp,G01,2026-02-03T09:46:11,2026-02-03,G01_2026-02-03,783,val,normal,,1025,1281,1,4ea78ee64a7d93f7ae12a7335e7bed41ca09cd6561143fe23868517faa69cdfa,,
1.0,G01-260203-094640-784,G01-260203-094640-784.bmp,G01,2026-02-03T09:46:40,2026-02-03,G01_2026-02-03,784,val,normal,,1025,1281,1,815189f88e4d941cfdea7c23419f75b940b96006e75238114ff94d18cad3c23f,,
1.0,G01-260203-094658-785,G01-260203-094658-785.bmp,G01,2026-02-03T09:46:58,2026-02-03,G01_2026-02-03,785,val,normal,,1025,1281,1,61e8b343e25ac75fb27cf3e914445b025504b09a97a123227fefdbbc560904e3,,
1.0,G01-260203-094710-786,G01-260203-094710-786.bmp,G01,2026-02-03T09:47:10,2026-02-03,G01_2026-02-03,786,val,normal,,1025,1281,1,66c66d9ad179dbe8f10ad791f92178e7a4b7d1c548f5fa29cb98cf94500dc400,,
1.0,G01-260203-094720-787,G01-260203-094720-787.bmp,G01,2026-02-03T09:47:20,2026-02-03,G01_2026-02-03,787,val,normal,,1025,1281,1,3bf83c17f6157f2877457216b254d8d867225c57bd7b361063e71a325c1e1cae,,
1.0,G01-260203-094741-788,G01-260203-094741-788.bmp,G01,2026-02-03T09:47:41,2026-02-03,G01_2026-02-03,788,val,normal,,1025,1281,1,b4ddacbf10ca456bd15691025c7be57ed714d8bcd32bfccbad0df7a9e4e50316,,
1.0,G01-260203-094754-789,G01-260203-094754-789.bmp,G01,2026-02-03T09:47:54,2026-02-03,G01_2026-02-03,789,val,normal,,1025,1281,1,bb902cd38dfb51d6690ee9c1adf9fe7af6056cf27587626dc548968cd7c46ddf,,
1.0,G01-260203-094812-790,G01-260203-094812-790.bmp,G01,2026-02-03T09:48:12,2026-02-03,G01_2026-02-03,790,val,normal,,1025,1281,1,f43b1c969b91c9846ee778670f9cbe3a3c13baff9c6c14bb8ef345970d23a303,,
1.0,G01-260203-094826-791,G01-260203-094826-791.bmp,G01,2026-02-03T09:48:26,2026-02-03,G01_2026-02-03,791,val,normal,,1025,1281,1,b033a97399bf5d22da5dd836af968464d334e7d41a49b807930e44d0c9cd6ffd,,
1.0,G01-260203-094843-792,G01-260203-094843-792.bmp,G01,2026-02-03T09:48:43,2026-02-03,G01_2026-02-03,792,val,normal,,1025,1281,1,b09bfbdc54e1c18e27cf76f48bd0993cec59510de0088cb8d8f24dd08c503600,,
1.0,G01-260203-094854-793,G01-260203-094854-793.bmp,G01,2026-02-03T09:48:54,2026-02-03,G01_2026-02-03,793,val,normal,,1025,1281,1,2bd5c7f1cc6e1ec9a38f9f20e4e6d62695a4d65e70180154a85262187110bac8,,
1.0,G01-260203-094912-794,G01-260203-094912-794.bmp,G01,2026-02-03T09:49:12,2026-02-03,G01_2026-02-03,794,val,normal,,1025,1281,1,d2bf682058f4ab4bcd4bab9193aede90af60044e4ebc1b2f8c99b1d2dd6b1638,,
1.0,G01-260203-094922-795,G01-260203-094922-795.bmp,G01,2026-02-03T09:49:22,2026-02-03,G01_2026-02-03,795,val,normal,,1025,1281,1,14d816d288c83b721b85da88a5fe83b5e1748cbbe86505b999538bb407e0331e,,
1.0,G01-260203-094943-796,G01-260203-094943-796.bmp,G01,2026-02-03T09:49:43,2026-02-03,G01_2026-02-03,796,val,normal,,1025,1281,1,1ab12ac529cab4e86f09d9aec2fe0b852a86c4da061d3d0c5ebb80ac18f78778,,
1.0,G01-260203-094953-797,G01-260203-094953-797.bmp,G01,2026-02-03T09:49:53,2026-02-03,G01_2026-02-03,797,val,normal,,1025,1281,1,f6b1e20abe3b461cd5803d0ef840886d2b9bb09310f1d8eb697af7470fef6d3d,,
1.0,G01-260203-095014-798,G01-260203-095014-798.bmp,G01,2026-02-03T09:50:14,2026-02-03,G01_2026-02-03,798,val,normal,,1025,1281,1,b43fc9117f1881f4b0a82a478b7295d53c50de5ef57e246bac97269df021e874,,
1.0,G01-260203-095027-799,G01-260203-095027-799.bmp,G01,2026-02-03T09:50:27,2026-02-03,G01_2026-02-03,799,val,normal,,1025,1281,1,3e86c42c8982db8d0398f55cd927e7882fcfafd8948b513cda5d3487b3a4609d,,
1.0,G01-260203-095046-800,G01-260203-095046-800.bmp,G01,2026-02-03T09:50:46,2026-02-03,G01_2026-02-03,800,val,normal,,1025,1281,1,24a73f2beba829fe63ea72efc72bd9d6897d66583b354753cb40641fff16c0d0,,
1.0,G01-260203-095056-801,G01-260203-095056-801.bmp,G01,2026-02-03T09:50:56,2026-02-03,G01_2026-02-03,801,val,normal,,1025,1281,1,3a148d07b89deb02ccb06f23df0469d8da2648320789448c6051bb8cdfc8ae9a,,
1.0,G01-260203-095114-802,G01-260203-095114-802.bmp,G01,2026-02-03T09:51:14,2026-02-03,G01_2026-02-03,802,val,normal,,1025,1281,1,3aa068a7e351c50f4e571d9b0c29c43f8932ff824f253288dd68811ce67c9bcb,,
1.0,G01-260203-095125-803,G01-260203-095125-803.bmp,G01,2026-02-03T09:51:25,2026-02-03,G01_2026-02-03,803,val,normal,,1025,1281,1,714bdd6b8b22b5ec62030394769d4690f312693736c26ae9e06c1ceab0503f0b,,
1.0,G01-260203-095143-804,G01-260203-095143-804.bmp,G01,2026-02-03T09:51:43,2026-02-03,G01_2026-02-03,804,val,normal,,1025,1281,1,29eb9c556009a8b00d9139742f90b8cc1635caf87fecbfbf7118819d922a8f0d,,
1.0,G01-260203-095150-805,G01-260203-095150-805.bmp,G01,2026-02-03T09:51:50,2026-02-03,G01_2026-02-03,805,val,normal,,1025,1281,1,bed99fb79b2f0331cb103b3ef4f81f8c58b16c749054290aa87f6b31aa5d3d27,,
1.0,G01-260203-095214-806,G01-260203-095214-806.bmp,G01,2026-02-03T09:52:14,2026-02-03,G01_2026-02-03,806,val,normal,,1025,1281,1,5bbe26122f722b0a1e641a9bd34c7a517f817a3708bccea29ad4267b72aa771b,,
1.0,G01-260203-095230-807,G01-260203-095230-807.bmp,G01,2026-02-03T09:52:30,2026-02-03,G01_2026-02-03,807,val,normal,,1025,1281,1,15b7ee82fe563a86721cc4f29ca2d9353a920f6d5fc003c2606e204c74893d96,,
1.0,G01-260203-095243-808,G01-260203-095243-808.bmp,G01,2026-02-03T09:52:43,2026-02-03,G01_2026-02-03,808,val,normal,,1025,1281,1,ee2befb35094016ddd4e16a3b53745f136801054ec8ca59a3bdc9edb92e76752,,
1.0,G01-260203-095255-809,G01-260203-095255-809.bmp,G01,2026-02-03T09:52:55,2026-02-03,G01_2026-02-03,809,val,normal,,1025,1281,1,71d5ecfd7a6e12062d5f7323a1fec19632e8501d86fdb2294b2e36d5774e057a,,
1.0,G01-260203-095315-810,G01-260203-095315-810.bmp,G01,2026-02-03T09:53:15,2026-02-03,G01_2026-02-03,810,val,normal,,1025,1281,1,15fb35859890fb39ddbf3ae0a72103261e532abac6b94a1c601c669ece34b6dd,,
1.0,G01-260203-095326-811,G01-260203-095326-811.bmp,G01,2026-02-03T09:53:26,2026-02-03,G01_2026-02-03,811,val,normal,,1025,1281,1,c58e70889bed86d82b6cea2b8e7a294c652345908333db6cbafd3b3bad39a54a,,
1.0,G01-260203-095345-812,G01-260203-095345-812.bmp,G01,2026-02-03T09:53:45,2026-02-03,G01_2026-02-03,812,val,normal,,1025,1281,1,d5f3ff3a257eec9bb059aab344b6d0365a3ce57d53eddbb6de85976480138b1b,,
1.0,G01-260203-095356-813,G01-260203-095356-813.bmp,G01,2026-02-03T09:53:56,2026-02-03,G01_2026-02-03,813,val,normal,,1025,1281,1,8da6205beb4d6dfff2a03f146aa7e2b4e71e09ed36ecc72a2246551f944c7cc6,,
1.0,G01-260203-095415-814,G01-260203-095415-814.bmp,G01,2026-02-03T09:54:15,2026-02-03,G01_2026-02-03,814,val,normal,,1025,1281,1,7e4bf6be4d8334f0c4f471d0e035ac92a4157e00a3686619049cd2b2587b2fd9,,
1.0,G01-260203-095423-815,G01-260203-095423-815.bmp,G01,2026-02-03T09:54:23,2026-02-03,G01_2026-02-03,815,val,normal,,1025,1281,1,3878d92f8ff1ef4a6b8bed471a9a92306422fa8ed3f920b38074ac99df372c18,,
1.0,G01-260203-095650-816,G01-260203-095650-816.bmp,G01,2026-02-03T09:56:50,2026-02-03,G01_2026-02-03,816,val,normal,,1025,1281,1,fbdeff2f26d6d7cb4963358bcf6b0a5117e6ed98e41dab913d1d3c277d835302,,
1.0,G01-260203-095657-818,G01-260203-095657-818.bmp,G01,2026-02-03T09:56:57,2026-02-03,G01_2026-02-03,818,val,normal,,1025,1281,1,dc54d5c5fc54e2af26006e69f66fbcb12abd652a594c266491ac9b48706c4cd4,,
1.0,G01-260203-095704-819,G01-260203-095704-819.bmp,G01,2026-02-03T09:57:04,2026-02-03,G01_2026-02-03,819,val,normal,,1025,1281,1,efe678d71aa65662bf4f5d0dbdc817575e1380b9c5da45ffbd9ef08eacdb1c0d,,
1.0,G01-260203-095718-820,G01-260203-095718-820.bmp,G01,2026-02-03T09:57:18,2026-02-03,G01_2026-02-03,820,val,normal,,1025,1281,1,406df4eafc7174000d9a6ceadad2072776bbf305ae181f3af5ac1f52f9d99f14,,
1.0,G01-260203-095727-821,G01-260203-095727-821.bmp,G01,2026-02-03T09:57:27,2026-02-03,G01_2026-02-03,821,val,normal,,1025,1281,1,84ef2939dd25a18ece8410f821576625b9f5cb60c4b02b1115dc4c2baf3fee93,,
1.0,G01-260203-095749-822,G01-260203-095749-822.bmp,G01,2026-02-03T09:57:49,2026-02-03,G01_2026-02-03,822,val,normal,,1025,1281,1,6d18bf1c91e0f62fde8d40bc657120c96c2d06611f15d0931a6fae864cd980e2,,
1.0,G01-260203-095757-823,G01-260203-095757-823.bmp,G01,2026-02-03T09:57:57,2026-02-03,G01_2026-02-03,823,val,normal,,1025,1281,1,d8128a39baa5c2f0fc8a4beb2f7635a02423a69a6f010f8ffb708bda2b642821,,
1.0,G01-260203-095819-824,G01-260203-095819-824.bmp,G01,2026-02-03T09:58:19,2026-02-03,G01_2026-02-03,824,val,normal,,1025,1281,1,7ce836437ee8bd5292376f0e5cfac439f9d85fa85c113318094753154b56b59d,,
1.0,G01-260203-095826-825,G01-260203-095826-825.bmp,G01,2026-02-03T09:58:26,2026-02-03,G01_2026-02-03,825,val,normal,,1025,1281,1,381cd903e2932d256243e97d06f1afeb9da2d62617c77a967522b73bc152bd2f,,
1.0,G01-260203-095847-826,G01-260203-095847-826.bmp,G01,2026-02-03T09:58:47,2026-02-03,G01_2026-02-03,826,val,normal,,1025,1281,1,a1bc72f59442ab212fe6d413e61c74343cc2e36aa6e1fc6b29f0595837b54045,,
1.0,G01-260203-095856-827,G01-260203-095856-827.bmp,G01,2026-02-03T09:58:56,2026-02-03,G01_2026-02-03,827,val,normal,,1025,1281,1,edf5e4feb4c8911787d341a8827fb4b285814a9a157df461fc12a1e2d70392fc,,
1.0,G01-260203-095955-828,G01-260203-095955-828.bmp,G01,2026-02-03T09:59:55,2026-02-03,G01_2026-02-03,828,val,normal,,1025,1281,1,9e7e6134a0ae4b06fd85dd3b48663b21f5654adff6b0d730a44bc48a1b835db7,,
1.0,G01-260203-095957-829,G01-260203-095957-829.bmp,G01,2026-02-03T09:59:57,2026-02-03,G01_2026-02-03,829,val,normal,,1025,1281,1,074f9d2b9039ee66b6021f8a5fb187ebc2acde2634888c59138d842a98a7adee,,
1.0,G01-260203-100003-830,G01-260203-100003-830.bmp,G01,2026-02-03T10:00:03,2026-02-03,G01_2026-02-03,830,val,normal,,1025,1281,1,3339092c7ae5a23618f64f17182f15df115dd8f07c4637de7dee3b59b3535ba1,,
1.0,G01-260203-100009-831,G01-260203-100009-831.bmp,G01,2026-02-03T10:00:09,2026-02-03,G01_2026-02-03,831,val,normal,,1025,1281,1,f911f3be7f3d0d62ed2ed2c5b78cc1fdaa429e03ac3907e817bcb7b5da675042,,
1.0,G01-260203-100019-832,G01-260203-100019-832.bmp,G01,2026-02-03T10:00:19,2026-02-03,G01_2026-02-03,832,val,normal,,1025,1281,1,c7f2dee31f13d5279c48e301cd5f48f548531a96650a3f5ccff26902d496d136,,
1.0,G01-260203-100031-833,G01-260203-100031-833.bmp,G01,2026-02-03T10:00:31,2026-02-03,G01_2026-02-03,833,val,normal,,1025,1281,1,7164eb741f65195da6ae5067b08daee4fc77aebfec3b4372ee7c150e679ce853,,
1.0,G01-260203-100050-834,G01-260203-100050-834.bmp,G01,2026-02-03T10:00:50,2026-02-03,G01_2026-02-03,834,val,normal,,1025,1281,1,e8adf91d826a83af0321a0240afd0b3bbeecd0241c46e7da25a767822b6d88b8,,
1.0,G01-260203-100101-835,G01-260203-100101-835.bmp,G01,2026-02-03T10:01:01,2026-02-03,G01_2026-02-03,835,val,normal,,1025,1281,1,e41419e95e3c15fa4ce89c724f92f674295cf30cf1cb16239b324e7bbbb8c9fd,,
1.0,G01-260203-100121-836,G01-260203-100121-836.bmp,G01,2026-02-03T10:01:21,2026-02-03,G01_2026-02-03,836,val,normal,,1025,1281,1,4bda618f360d106fe7523d0d1f01aea88d187606e97f420f3682785aee507ead,,
1.0,G01-260203-100129-837,G01-260203-100129-837.bmp,G01,2026-02-03T10:01:29,2026-02-03,G01_2026-02-03,837,val,normal,,1025,1281,1,f2dfb2063ff8c25e21c9c19b94e324d6a265f363c1c53619cbcf8a7d5b01297f,,
1.0,G01-260203-100150-838,G01-260203-100150-838.bmp,G01,2026-02-03T10:01:50,2026-02-03,G01_2026-02-03,838,val,normal,,1025,1281,1,72ea30401fa341c5613004afe6a85f5f4f15c3eb936c8093bed8d33890bdc0fb,,
1.0,G01-260203-100158-839,G01-260203-100158-839.bmp,G01,2026-02-03T10:01:58,2026-02-03,G01_2026-02-03,839,val,normal,,1025,1281,1,9a078e5799e22fcea0e92696ccd56d007f2f486cbcc50b4f5a44e5723478cfb8,,
1.0,G01-260203-100219-840,G01-260203-100219-840.bmp,G01,2026-02-03T10:02:19,2026-02-03,G01_2026-02-03,840,val,normal,,1025,1281,1,91eddcac178c789a89003ef721033beff1f08e6508276fb4e14406e29d3f56a3,,
1.0,G01-260203-100229-841,G01-260203-100229-841.bmp,G01,2026-02-03T10:02:29,2026-02-03,G01_2026-02-03,841,val,normal,,1025,1281,1,ce9f76b21d2c697d386d2dd3bf2d538295cd9d072891e3cc0fb75d9744bbf1de,,
1.0,G01-260203-100252-842,G01-260203-100252-842.bmp,G01,2026-02-03T10:02:52,2026-02-03,G01_2026-02-03,842,val,normal,,1025,1281,1,658337e7b3dd51f03ca5d7288c21801798bfd8a2a84d1a7b8a03f1279d3c315a,,
1.0,G01-260203-100302-843,G01-260203-100302-843.bmp,G01,2026-02-03T10:03:02,2026-02-03,G01_2026-02-03,843,val,normal,,1025,1281,1,232994beeb09c23b7fbe395605b5ee757140c979b23f1532b8c6c971901f5ad7,,
1.0,G01-260203-100321-844,G01-260203-100321-844.bmp,G01,2026-02-03T10:03:21,2026-02-03,G01_2026-02-03,844,val,normal,,1025,1281,1,ab00cd8f4fe1a467596c85dc587977a6bea0e50e18af12db186853df34c62d15,,
1.0,G01-260203-100336-845,G01-260203-100336-845.bmp,G01,2026-02-03T10:03:36,2026-02-03,G01_2026-02-03,845,val,normal,,1025,1281,1,ba4bf272a5790d55b0823885fc7a9d9a521792cc35d236a9b196437c4233154c,,
1.0,G01-260203-100350-846,G01-260203-100350-846.bmp,G01,2026-02-03T10:03:50,2026-02-03,G01_2026-02-03,846,val,normal,,1025,1281,1,cf401bb3fc9e074e31840d8784e36a73b34d5779cfeb75b60363210b3d6ad3f7,,
1.0,G01-260203-100421-848,G01-260203-100421-848.bmp,G01,2026-02-03T10:04:21,2026-02-03,G01_2026-02-03,848,val,normal,,1025,1281,1,25babfc00426947a54dfdea8ef469fd4ddda60ad2cfd1638f0cdf6e431d1e5ef,,
1.0,G01-260203-100431-849,G01-260203-100431-849.bmp,G01,2026-02-03T10:04:31,2026-02-03,G01_2026-02-03,849,val,normal,,1025,1281,1,6eba91262072c079ec246d031da40637ae8e462ee3b8e878c914f9a32fa28503,,
1.0,G01-260203-100453-850,G01-260203-100453-850.bmp,G01,2026-02-03T10:04:53,2026-02-03,G01_2026-02-03,850,val,normal,,1025,1281,1,719dd8f5405dc5e015f7e9a55c96b544df0d3ad80bfe593cdeee5f91ab59e6da,,
1.0,G01-260203-100503-851,G01-260203-100503-851.bmp,G01,2026-02-03T10:05:03,2026-02-03,G01_2026-02-03,851,val,normal,,1025,1281,1,833b16ba61a64a3b24c995b1103db878f05d1a8476a547ce7fe66b0f2fea779f,,
1.0,G01-260203-100522-852,G01-260203-100522-852.bmp,G01,2026-02-03T10:05:22,2026-02-03,G01_2026-02-03,852,val,normal,,1025,1281,1,637043038f5b7ae06e76f409722d653a6cefe15c9c2040b719c6e6290f8d414e,,
1.0,G01-260203-100535-853,G01-260203-100535-853.bmp,G01,2026-02-03T10:05:35,2026-02-03,G01_2026-02-03,853,val,normal,,1025,1281,1,68ac5c9ef79330a7f5fb778cf193787f47c67ed0b19d1cfff120c73a4556b9de,,
1.0,G01-260203-100551-854,G01-260203-100551-854.bmp,G01,2026-02-03T10:05:51,2026-02-03,G01_2026-02-03,854,val,normal,,1025,1281,1,a584ccab9077f287460318c51acaed7f178b1de74b6c6356b9d45f420670daa9,,
1.0,G01-260203-100600-855,G01-260203-100600-855.bmp,G01,2026-02-03T10:06:00,2026-02-03,G01_2026-02-03,855,val,normal,,1025,1281,1,6cc92d7c261e07c06edd710922b0c7f49092af2279e157c153609ca8ea9098a2,,
1.0,G01-260203-100621-856,G01-260203-100621-856.bmp,G01,2026-02-03T10:06:21,2026-02-03,G01_2026-02-03,856,val,normal,,1025,1281,1,fc5c522622611266c5a03fe01839089d38e91d36c763413022ae6b1b413ea779,,
1.0,G01-260203-100632-857,G01-260203-100632-857.bmp,G01,2026-02-03T10:06:32,2026-02-03,G01_2026-02-03,857,val,normal,,1025,1281,1,e80fc3d6a0bc3825b29851d0de50e0982fd56c3b77ceba6504e2c5d23ab6e7cb,,
1.0,G01-260203-100652-858,G01-260203-100652-858.bmp,G01,2026-02-03T10:06:52,2026-02-03,G01_2026-02-03,858,val,normal,,1025,1281,1,7da1ac8cee18363c36f9e0829f8c05664a6288482e378d32362a632f3cc59ca9,,
1.0,G01-260203-100703-859,G01-260203-100703-859.bmp,G01,2026-02-03T10:07:03,2026-02-03,G01_2026-02-03,859,val,normal,,1025,1281,1,424efd62af979c23afe11d33c7b6280f9d67a470416e9854535c8e2d45ada008,,
1.0,G01-260203-100723-860,G01-260203-100723-860.bmp,G01,2026-02-03T10:07:23,2026-02-03,G01_2026-02-03,860,val,normal,,1025,1281,1,d5967e69dd388532de28790b7194eff7127795c7c0073a4ee19af520d39acc9d,,
1.0,G01-260203-100738-861,G01-260203-100738-861.bmp,G01,2026-02-03T10:07:38,2026-02-03,G01_2026-02-03,861,val,normal,,1025,1281,1,f7ee3448df05f088f770059a8f357d909312b7e8c8ff4ec0394224ec7d33458e,,
1.0,G01-260203-100751-862,G01-260203-100751-862.bmp,G01,2026-02-03T10:07:51,2026-02-03,G01_2026-02-03,862,val,normal,,1025,1281,1,be09186f3e4908d5ce78b841774860ef0dbbfa0e806b3c7a2b6d29e43f56527a,,
1.0,G01-260203-100801-863,G01-260203-100801-863.bmp,G01,2026-02-03T10:08:01,2026-02-03,G01_2026-02-03,863,val,normal,,1025,1281,1,34cfafff65bf5046b7357a16834941aa3d9994ae5e0811dbe9f6f443babbc108,,
1.0,G01-260203-100826-864,G01-260203-100826-864.bmp,G01,2026-02-03T10:08:26,2026-02-03,G01_2026-02-03,864,val,normal,,1025,1281,1,c2239ed593246eb7edfe35ac5da332ee1650befc4bcf97a7a0eb2a6af29d475c,,
1.0,G01-260203-100834-865,G01-260203-100834-865.bmp,G01,2026-02-03T10:08:34,2026-02-03,G01_2026-02-03,865,val,normal,,1025,1281,1,ef80a88b7b5d241d803ecefac595e150e60c0ba64088cd933c948b1e29e6e783,,
1.0,G01-260203-100854-866,G01-260203-100854-866.bmp,G01,2026-02-03T10:08:54,2026-02-03,G01_2026-02-03,866,val,normal,,1025,1281,1,8099c92d0638fc2104b4372c7561cae1bb7140d95e835fd26ba443e71252b42c,,
1.0,G01-260203-100907-867,G01-260203-100907-867.bmp,G01,2026-02-03T10:09:07,2026-02-03,G01_2026-02-03,867,val,normal,,1025,1281,1,84878619d1422eaf56a01121c92ecf6c73ef61c5c8bc1f682ae85c540a577b2e,,
1.0,G01-260203-100923-868,G01-260203-100923-868.bmp,G01,2026-02-03T10:09:23,2026-02-03,G01_2026-02-03,868,val,normal,,1025,1281,1,a2d2074ce29d28cf685cfdc933efb39fb3fe9cec8df092c15d6a3554e35614da,,
1.0,G01-260203-100932-869,G01-260203-100932-869.bmp,G01,2026-02-03T10:09:32,2026-02-03,G01_2026-02-03,869,val,normal,,1025,1281,1,831db01b16f5961f473932ae214ad65ead12e7b0c37a44c712c037b2dab98ce3,,
1.0,G01-260203-100953-870,G01-260203-100953-870.bmp,G01,2026-02-03T10:09:53,2026-02-03,G01_2026-02-03,870,val,normal,,1025,1281,1,5eb7dfd7e98b2a7e768be4b7560e7fa54cf063468ed57a6bd08bf2fa75c3d774,,
1.0,G01-260203-101005-871,G01-260203-101005-871.bmp,G01,2026-02-03T10:10:05,2026-02-03,G01_2026-02-03,871,val,normal,,1025,1281,1,88880ba6a3bd3fa20dfcb70bf1c1c02d90ce42968c8408dd215a3458b7772689,,
1.0,G01-260203-101023-872,G01-260203-101023-872.bmp,G01,2026-02-03T10:10:23,2026-02-03,G01_2026-02-03,872,val,normal,,1025,1281,1,6419a7e19da298506e5b43db4cdada70830957d2e46cde1dea30b366b82b6207,,
1.0,G01-260203-101035-873,G01-260203-101035-873.bmp,G01,2026-02-03T10:10:35,2026-02-03,G01_2026-02-03,873,val,normal,,1025,1281,1,f03cb881da2cbefa5af413780a43b60d01f8b4fd8e84a082e045c8930d7eb925,,
1.0,G01-260203-101053-874,G01-260203-101053-874.bmp,G01,2026-02-03T10:10:53,2026-02-03,G01_2026-02-03,874,val,normal,,1025,1281,1,1f673ace5ff973e9a90f42fe026509044b5565afe685389ade8f7dec1c88848f,,
1.0,G01-260203-101102-875,G01-260203-101102-875.bmp,G01,2026-02-03T10:11:02,2026-02-03,G01_2026-02-03,875,val,normal,,1025,1281,1,b11f31250677a275a0cfbf2c399a46740e1e98264909baa095e05f3e8db88412,,
1.0,G01-260203-101124-876,G01-260203-101124-876.bmp,G01,2026-02-03T10:11:24,2026-02-03,G01_2026-02-03,876,val,normal,,1025,1281,1,bd98d7863e13a705ca146e3ba5bab5aeea88977c0670f1eb1eb59c71c1aaac56,,
1.0,G01-260203-101137-877,G01-260203-101137-877.bmp,G01,2026-02-03T10:11:37,2026-02-03,G01_2026-02-03,877,val,normal,,1025,1281,1,ba9cfa17dfe4e2208a09d1efb04fbc0d779e11bef61a5474aca30fc6ca016f67,,
1.0,G01-260203-101155-878,G01-260203-101155-878.bmp,G01,2026-02-03T10:11:55,2026-02-03,G01_2026-02-03,878,val,normal,,1025,1281,1,b9f5338aa70cd3d47cc55486bb8855a89914e7c586c78548ca42c9fca1286486,,
1.0,G01-260203-101204-879,G01-260203-101204-879.bmp,G01,2026-02-03T10:12:04,2026-02-03,G01_2026-02-03,879,val,normal,,1025,1281,1,386410fb09f5b29237c82d1588fbd52d41419df389d56e2ea7d0692224da13d1,,
1.0,G01-260203-101226-880,G01-260203-101226-880.bmp,G01,2026-02-03T10:12:26,2026-02-03,G01_2026-02-03,880,val,normal,,1025,1281,1,2ddb9813e8232a314143f77f44b771fe6be49484caa16fc2b6c4ef62143a1a1e,,
1.0,G01-260203-101237-881,G01-260203-101237-881.bmp,G01,2026-02-03T10:12:37,2026-02-03,G01_2026-02-03,881,val,normal,,1025,1281,1,1948ecbe740686f197b4a0a152e1de811db49b8f89d3269bc4f1c55abaf83a84,,
1.0,G01-260203-101254-882,G01-260203-101254-882.bmp,G01,2026-02-03T10:12:54,2026-02-03,G01_2026-02-03,882,val,normal,,1025,1281,1,2b615280182660e2025337fc7f039fd8401a8b87e13334cf46864fc6e6a7550f,,
1.0,G01-260203-101301-883,G01-260203-101301-883.bmp,G01,2026-02-03T10:13:01,2026-02-03,G01_2026-02-03,883,val,normal,,1025,1281,1,27af619c706a2b569c14c3cc598d0eae2e97244b2000a76615e7826ce7fb6c3a,,
1.0,G01-260203-101326-884,G01-260203-101326-884.bmp,G01,2026-02-03T10:13:26,2026-02-03,G01_2026-02-03,884,val,normal,,1025,1281,1,291d1d9fb0c9a374febb738665d13b829784a7c368de511639104624618aa9a5,,
1.0,G01-260203-101334-885,G01-260203-101334-885.bmp,G01,2026-02-03T10:13:34,2026-02-03,G01_2026-02-03,885,val,normal,,1025,1281,1,1943dea26605e49e0a575c306f8bde602238782551cf7d3ca8892fb296c42a27,,
1.0,G01-260203-101400-886,G01-260203-101400-886.bmp,G01,2026-02-03T10:14:00,2026-02-03,G01_2026-02-03,886,val,normal,,1025,1281,1,b7efd52e2fd8fe281857b3ef707281933a4433b644ab85ffae267a677dc486a9,,
1.0,G01-260203-101414-887,G01-260203-101414-887.bmp,G01,2026-02-03T10:14:14,2026-02-03,G01_2026-02-03,887,val,normal,,1025,1281,1,039f08f7f0a0207428b721354783f87e5539968acac4b6a59c116a18c3a4a7a1,,
1.0,G01-260203-101531-888,G01-260203-101531-888.bmp,G01,2026-02-03T10:15:31,2026-02-03,G01_2026-02-03,888,val,normal,,1025,1281,1,3e049e5a1cec7f630a0eda382536c6abc0c3156fb5061253dfccc5145604141b,,
1.0,G01-260203-101546-889,G01-260203-101546-889.bmp,G01,2026-02-03T10:15:46,2026-02-03,G01_2026-02-03,889,val,normal,,1025,1281,1,9bc7bd2b7261725058408e48fbcad8a4a716f40b616038c6710944c4f349177a,,
1.0,G01-260203-101559-890,G01-260203-101559-890.bmp,G01,2026-02-03T10:15:59,2026-02-03,G01_2026-02-03,890,val,normal,,1025,1281,1,549b15fa3970d5694b073d375163d7f2a84d6a7e0005804b58af515ce1d36dcb,,
1.0,G01-260203-101611-891,G01-260203-101611-891.bmp,G01,2026-02-03T10:16:11,2026-02-03,G01_2026-02-03,891,val,normal,,1025,1281,1,6c12d1c344d4586de0cdb80fd6567e1083681d3bb55914f056f9ad36091676fa,,
1.0,G01-260203-101628-892,G01-260203-101628-892.bmp,G01,2026-02-03T10:16:28,2026-02-03,G01_2026-02-03,892,val,normal,,1025,1281,1,be489258ad2336a0ba0d13be62cf8adbe5f265bbba68df3413e48fea93c98e19,,
1.0,G01-260203-101639-893,G01-260203-101639-893.bmp,G01,2026-02-03T10:16:39,2026-02-03,G01_2026-02-03,893,val,normal,,1025,1281,1,db1cc60bf83af39724d2f6aaa65f0211b9cef5eb3e9d306d45811a10a821fdc6,,
1.0,G01-260203-101659-894,G01-260203-101659-894.bmp,G01,2026-02-03T10:16:59,2026-02-03,G01_2026-02-03,894,val,normal,,1025,1281,1,382bdb74612403e169f2b417ff329b16b9ac3ff2ba03456326705bbe1456696f,,
1.0,G01-260203-101719-895,G01-260203-101719-895.bmp,G01,2026-02-03T10:17:19,2026-02-03,G01_2026-02-03,895,val,normal,,1025,1281,1,2c1b1406e08bd3598f81a8bbd41a398c9fe06e0baab092825a0ed8710b1f9ef8,,
1.0,G01-260203-101729-896,G01-260203-101729-896.bmp,G01,2026-02-03T10:17:29,2026-02-03,G01_2026-02-03,896,val,normal,,1025,1281,1,525be68c695542fa236a290b4547789ddf45afd92ce07c93909e0317ae57dce3,,
1.0,G01-260203-101736-897,G01-260203-101736-897.bmp,G01,2026-02-03T10:17:36,2026-02-03,G01_2026-02-03,897,val,normal,,1025,1281,1,b3d03167e3aa2e6396dde8c53a0bbe4a4f797a33a92fef9221f88a88c74a79a8,,
1.0,G01-260203-101800-898,G01-260203-101800-898.bmp,G01,2026-02-03T10:18:00,2026-02-03,G01_2026-02-03,898,val,normal,,1025,1281,1,edcec586174dfad1dc2c280c47a6248b3fc3082d79058e8e76dd3647699d6dc6,,
1.0,G01-260203-101811-899,G01-260203-101811-899.bmp,G01,2026-02-03T10:18:11,2026-02-03,G01_2026-02-03,899,val,normal,,1025,1281,1,99e6eaaa44f5ed362277ebe4f8555b198a90b807a0363f6e64288965f6e7fdea,,
1.0,G01-260203-101829-900,G01-260203-101829-900.bmp,G01,2026-02-03T10:18:29,2026-02-03,G01_2026-02-03,900,val,normal,,1025,1281,1,5a538a49bc3e7df13b7cd9b2fb8b303e03a3003e3fed8a983430e204648831ac,,
1.0,G01-260203-101841-901,G01-260203-101841-901.bmp,G01,2026-02-03T10:18:41,2026-02-03,G01_2026-02-03,901,val,normal,,1025,1281,1,6d93f34840346a3554cd70d389ae6ac144d8aff79473b972577cf0740a75877c,,
1.0,G01-260203-101900-902,G01-260203-101900-902.bmp,G01,2026-02-03T10:19:00,2026-02-03,G01_2026-02-03,902,val,normal,,1025,1281,1,c314492dba7c4acbdd219505a68f272dc826ba148fe58ddb04c67ed55841cdf4,,
1.0,G01-260203-101914-903,G01-260203-101914-903.bmp,G01,2026-02-03T10:19:14,2026-02-03,G01_2026-02-03,903,val,normal,,1025,1281,1,1e04f1c71788822977784b910ab93976cd1ee93b8bc2444fce13e951a561934b,,
1.0,G01-260203-101931-904,G01-260203-101931-904.bmp,G01,2026-02-03T10:19:31,2026-02-03,G01_2026-02-03,904,val,normal,,1025,1281,1,402302609b3c55015e6e885bacc25e265352ca367ac86b129779a4b4dd7abaed,,
1.0,G01-260203-101944-905,G01-260203-101944-905.bmp,G01,2026-02-03T10:19:44,2026-02-03,G01_2026-02-03,905,val,normal,,1025,1281,1,7b2a9d612449c576b7a159cdacfbdde81f5cc149963495ab838a873158edf6ad,,
1.0,G01-260203-102001-906,G01-260203-102001-906.bmp,G01,2026-02-03T10:20:01,2026-02-03,G01_2026-02-03,906,val,normal,,1025,1281,1,ac36724ea3dd24c26f36674fdd210d5e82757bcdb563ad6345266fbe549e3272,,
1.0,G01-260203-102012-907,G01-260203-102012-907.bmp,G01,2026-02-03T10:20:12,2026-02-03,G01_2026-02-03,907,val,normal,,1025,1281,1,5a1667d5d58d56d2c6154075847094d27fedc31c27222c8bddf74c2e090260a8,,
1.0,G01-260203-102029-908,G01-260203-102029-908.bmp,G01,2026-02-03T10:20:29,2026-02-03,G01_2026-02-03,908,val,normal,,1025,1281,1,0e7cb554c93eb17991cb3e707f942c40d6e519b534c42eed4bff9b99a7cc5967,,
1.0,G01-260203-102042-909,G01-260203-102042-909.bmp,G01,2026-02-03T10:20:42,2026-02-03,G01_2026-02-03,909,val,normal,,1025,1281,1,37a977c30229d6eef7baadfafcf8b0601fd97d61aebe055a5933041e853d61fc,,
1.0,G01-260203-102100-910,G01-260203-102100-910.bmp,G01,2026-02-03T10:21:00,2026-02-03,G01_2026-02-03,910,val,normal,,1025,1281,1,2dd8380d322fa3d8b02e8e834dceef572c1fa546808a7b911f9046914e3aa541,,
1.0,G01-260203-102110-911,G01-260203-102110-911.bmp,G01,2026-02-03T10:21:10,2026-02-03,G01_2026-02-03,911,val,normal,,1025,1281,1,44413a5f20777a47169e9b9e570685a747369a10bf2c5eeceedfca459b30d583,,
1.0,G01-260203-102131-912,G01-260203-102131-912.bmp,G01,2026-02-03T10:21:31,2026-02-03,G01_2026-02-03,912,val,normal,,1025,1281,1,a97c97a3d1982468b06af4f6f56978b8a151b7407680f4336c01b074f98fa080,,
1.0,G01-260203-102146-913,G01-260203-102146-913.bmp,G01,2026-02-03T10:21:46,2026-02-03,G01_2026-02-03,913,val,normal,,1025,1281,1,5b3e839fb9d4de8e8effb784b3ede6e6b056c5a1e02a09ddc7ed7d986e2133fd,,
1.0,G01-260203-102200-914,G01-260203-102200-914.bmp,G01,2026-02-03T10:22:00,2026-02-03,G01_2026-02-03,914,val,normal,,1025,1281,1,3bdd13f0f0c3b877bf30a715478c64d7bf5981e5453531785e4425c7c564bc7a,,
1.0,G01-260203-102211-915,G01-260203-102211-915.bmp,G01,2026-02-03T10:22:11,2026-02-03,G01_2026-02-03,915,val,normal,,1025,1281,1,3ba69eb2dc3a9e159ffab45e86a6b27946ae842d5e1fe54343c9e5af2f9460ce,,
1.0,G01-260203-102231-916,G01-260203-102231-916.bmp,G01,2026-02-03T10:22:31,2026-02-03,G01_2026-02-03,916,val,normal,,1025,1281,1,ae9e45b6ec03c372ddb32d32fa150b009b07ae2cf2e5b19b91cad804ed86bb1b,,
1.0,G01-260203-102242-917,G01-260203-102242-917.bmp,G01,2026-02-03T10:22:42,2026-02-03,G01_2026-02-03,917,val,normal,,1025,1281,1,33c54f0581d727af197b165a86ba887bf3dbd066e4c87c8254db317d051b2556,,
1.0,G01-260203-102302-918,G01-260203-102302-918.bmp,G01,2026-02-03T10:23:02,2026-02-03,G01_2026-02-03,918,val,normal,,1025,1281,1,5fff2545201a421315ee0aeeb2d090b8313f8c44368a750e4bc20e3fd406a8d3,,
1.0,G01-260203-102316-919,G01-260203-102316-919.bmp,G01,2026-02-03T10:23:16,2026-02-03,G01_2026-02-03,919,val,normal,,1025,1281,1,448d514a41d06bd2914bbdf23e1d61685a1ee4b907c4c3bf0564651110b801d9,,
1.0,G01-260203-102334-920,G01-260203-102334-920.bmp,G01,2026-02-03T10:23:34,2026-02-03,G01_2026-02-03,920,val,normal,,1025,1281,1,d00b3821222cc704b015dee91a788f283f07bd05ae49868a6eb85d061e03369b,,
1.0,G01-260203-102346-921,G01-260203-102346-921.bmp,G01,2026-02-03T10:23:46,2026-02-03,G01_2026-02-03,921,val,normal,,1025,1281,1,21e398cd911fe011c7ca1a79555ff2b0be930ba5973c12a3a4b32cbbef5d7c1e,,
1.0,G01-260203-102403-922,G01-260203-102403-922.bmp,G01,2026-02-03T10:24:03,2026-02-03,G01_2026-02-03,922,val,normal,,1025,1281,1,91e1c64aa2687d2bd77186720ab3a4987339134cc8e8499e4361ca020fbf9d0f,,
1.0,G01-260203-102412-923,G01-260203-102412-923.bmp,G01,2026-02-03T10:24:12,2026-02-03,G01_2026-02-03,923,val,normal,,1025,1281,1,13dafe51a1d13f70108a1eabc8dd1f2400dcb9bf53045344a48f87bacbe292b4,,
1.0,G01-260203-102435-924,G01-260203-102435-924.bmp,G01,2026-02-03T10:24:35,2026-02-03,G01_2026-02-03,924,val,normal,,1025,1281,1,be0cc31e54ce7cc672df4e9d616d4a70dea99c256b12f5dffab273d783a5cba7,,
1.0,G01-260203-102445-925,G01-260203-102445-925.bmp,G01,2026-02-03T10:24:45,2026-02-03,G01_2026-02-03,925,val,normal,,1025,1281,1,d8814ca0e359150fa43e05732a2eed02bc8720a8999000bd3cb2450be95bb1cd,,
1.0,G01-260203-102504-926,G01-260203-102504-926.bmp,G01,2026-02-03T10:25:04,2026-02-03,G01_2026-02-03,926,val,normal,,1025,1281,1,58270c3537b26085191335b1cf987e92ca39326156eee1bbb9f3a68d4ab1b273,,
1.0,G01-260203-102518-927,G01-260203-102518-927.bmp,G01,2026-02-03T10:25:18,2026-02-03,G01_2026-02-03,927,val,normal,,1025,1281,1,d3a60799b382145f98828d4030cf510159c4d6e7b310b5e2fe911fc20b5fe306,,
1.0,G01-260203-102532-928,G01-260203-102532-928.bmp,G01,2026-02-03T10:25:32,2026-02-03,G01_2026-02-03,928,val,normal,,1025,1281,1,82ff000f49d793b812c68b6353e2cb658e7b68b1bd5a6c45f23d08f16a020cf4,,
1.0,G01-260203-102603-929,G01-260203-102603-929.bmp,G01,2026-02-03T10:26:03,2026-02-03,G01_2026-02-03,929,val,normal,,1025,1281,1,b2cac2f989ccbceb0cd6042b41bc881a9bb5045c2a5abe0fd70d8c3aa4fcac46,,
1.0,G01-260203-102622-930,G01-260203-102622-930.bmp,G01,2026-02-03T10:26:22,2026-02-03,G01_2026-02-03,930,val,normal,,1025,1281,1,dca19c0fd77a3ff70a380c642a10142ae0b3e3fca6ca0c1435259b97d4d526d2,,
1.0,G01-260203-102634-931,G01-260203-102634-931.bmp,G01,2026-02-03T10:26:34,2026-02-03,G01_2026-02-03,931,val,normal,,1025,1281,1,8dfd96f774f088a1c058d3e38c1359b86fdd69e87bd4dc14fe1aa77a6e9ff7c1,,
1.0,G01-260203-102647-932,G01-260203-102647-932.bmp,G01,2026-02-03T10:26:47,2026-02-03,G01_2026-02-03,932,val,normal,,1025,1281,1,08d3d71e1ae2bca4884802f0d346a40d6e0e0e6f603af2ea243c324c639115df,,
1.0,G01-260203-102704-933,G01-260203-102704-933.bmp,G01,2026-02-03T10:27:04,2026-02-03,G01_2026-02-03,933,val,normal,,1025,1281,1,e535ad0ad006e90ca4f932e045821e50bca5675d6835fc498e39a7aa8116668e,,
1.0,G01-260203-102712-934,G01-260203-102712-934.bmp,G01,2026-02-03T10:27:12,2026-02-03,G01_2026-02-03,934,val,normal,,1025,1281,1,ab3236b63fe35de08184eaa80f7ac67a961c84bc79a18d6f4f339debd9eb0013,,
1.0,G01-260203-102734-935,G01-260203-102734-935.bmp,G01,2026-02-03T10:27:34,2026-02-03,G01_2026-02-03,935,val,normal,,1025,1281,1,0dea1a5cf4e23f79bd61b85e1b4a7a88b0ad450d19602f7c6b39adfe5e1e8654,,
1.0,G01-260203-102743-936,G01-260203-102743-936.bmp,G01,2026-02-03T10:27:43,2026-02-03,G01_2026-02-03,936,val,normal,,1025,1281,1,1bf8a7810c758863f320b4555626ab746314475f245d5b98518ea55b1ca36e51,,
1.0,G01-260203-102806-937,G01-260203-102806-937.bmp,G01,2026-02-03T10:28:06,2026-02-03,G01_2026-02-03,937,val,normal,,1025,1281,1,532a6271f2e2a14b97e5068ce28914c377b80d2ba4f88e84bfa4d95ae3cea0eb,,
1.0,G01-260203-102818-938,G01-260203-102818-938.bmp,G01,2026-02-03T10:28:18,2026-02-03,G01_2026-02-03,938,val,normal,,1025,1281,1,7c23560dc9f8412d43b6ba3a681da5460b9677a255d9f6f78eecf0bee9f88572,,
1.0,G01-260203-102906-939,G01-260203-102906-939.bmp,G01,2026-02-03T10:29:06,2026-02-03,G01_2026-02-03,939,val,normal,,1025,1281,1,9d2ddedbc5191e732ba8ca87c3e3e18da3ae8a18217d147a842acea551a41120,,
1.0,G01-260203-102918-940,G01-260203-102918-940.bmp,G01,2026-02-03T10:29:18,2026-02-03,G01_2026-02-03,940,val,normal,,1025,1281,1,d9a3ad9edafd4a56ed94b7e1c2218486f4ef18dffd71183a80e46e90eb6388e0,,
1.0,G01-260203-102935-941,G01-260203-102935-941.bmp,G01,2026-02-03T10:29:35,2026-02-03,G01_2026-02-03,941,val,normal,,1025,1281,1,1e4aa1811a60faecbb87d13fb1fad9775ce21988a6fd743abbee5dc68756517f,,
1.0,G01-260203-102945-942,G01-260203-102945-942.bmp,G01,2026-02-03T10:29:45,2026-02-03,G01_2026-02-03,942,val,normal,,1025,1281,1,11429bcdd09a80940a82a72b47ecbd00b907ecc76bcd41f93f27829360b15413,,
1.0,G01-260203-103005-943,G01-260203-103005-943.bmp,G01,2026-02-03T10:30:05,2026-02-03,G01_2026-02-03,943,val,normal,,1025,1281,1,297b164b47f52e9e758285772401d2985a8d7c0b3422062a38155ad0a459e3b0,,
1.0,G01-260203-103017-944,G01-260203-103017-944.bmp,G01,2026-02-03T10:30:17,2026-02-03,G01_2026-02-03,944,val,normal,,1025,1281,1,7bd72eda23b260acd428936cdc1a17f6c639a6401ecee1d481d31fe2b525dcb3,,
1.0,G01-260203-103036-945,G01-260203-103036-945.bmp,G01,2026-02-03T10:30:36,2026-02-03,G01_2026-02-03,945,val,normal,,1025,1281,1,08255ecfdd7ae36cc96dce89e1745306302fa08609b1ab424a4f3fd0c6cb9d63,,
1.0,G01-260203-103059-946,G01-260203-103059-946.bmp,G01,2026-02-03T10:30:59,2026-02-03,G01_2026-02-03,946,val,normal,,1025,1281,1,628a62a7093fd47f96ead4030fcb3e0f422122c993faf9ecb9328022dfaaa0c2,,
1.0,G01-260203-103106-947,G01-260203-103106-947.bmp,G01,2026-02-03T10:31:06,2026-02-03,G01_2026-02-03,947,val,normal,,1025,1281,1,2305d8f6578752ecd9bf285fe3bcb4ddbba6154257448d7b382d7094e6f9fc03,,
1.0,G01-260203-103117-948,G01-260203-103117-948.bmp,G01,2026-02-03T10:31:17,2026-02-03,G01_2026-02-03,948,val,normal,,1025,1281,1,3eaaadd2133e34c9a7ff61175b38289df68f678d7ebccd2540ccf3eea0f56e1e,,
1.0,G01-260203-103135-949,G01-260203-103135-949.bmp,G01,2026-02-03T10:31:35,2026-02-03,G01_2026-02-03,949,val,normal,,1025,1281,1,320bd9afac49444294ea4c0964c171bcdcc7c7ee7b53e949a81bb13271fa5c27,,
1.0,G01-260203-103146-950,G01-260203-103146-950.bmp,G01,2026-02-03T10:31:46,2026-02-03,G01_2026-02-03,950,val,normal,,1025,1281,1,771973119209323783a5db32405fade47a42e82cbd41db1d12f83c97c43f3873,,
1.0,G01-260203-103206-951,G01-260203-103206-951.bmp,G01,2026-02-03T10:32:06,2026-02-03,G01_2026-02-03,951,val,normal,,1025,1281,1,84d59a7d11b018def3da63afac7472306436bb72b953dae1cfffec2a7d2a58e7,,
1.0,G01-260203-103219-952,G01-260203-103219-952.bmp,G01,2026-02-03T10:32:19,2026-02-03,G01_2026-02-03,952,val,normal,,1025,1281,1,d83eaf0eb280e54e4e1201b3c771fd6711e4110a073ba10f57c51c34488f4439,,
1.0,G01-260203-103236-953,G01-260203-103236-953.bmp,G01,2026-02-03T10:32:36,2026-02-03,G01_2026-02-03,953,val,normal,,1025,1281,1,d2433f00c1e84cfd918916a2705647d890bd40fc904bfe8d5f8db378d718cf5e,,
1.0,G01-260203-103250-954,G01-260203-103250-954.bmp,G01,2026-02-03T10:32:50,2026-02-03,G01_2026-02-03,954,val,normal,,1025,1281,1,9af14f2ce93aab1389f6ff68598379cb5bf291d37bbad8956a96d0a5c67f0f0a,,
1.0,G01-260203-103308-955,G01-260203-103308-955.bmp,G01,2026-02-03T10:33:08,2026-02-03,G01_2026-02-03,955,val,normal,,1025,1281,1,20ba08308bee9c831d560d8b53b4ce0a4386622448c6d719af44ddc570a332f4,,
1.0,G01-260203-103316-956,G01-260203-103316-956.bmp,G01,2026-02-03T10:33:16,2026-02-03,G01_2026-02-03,956,val,normal,,1025,1281,1,3530823448531dc1c5952d05d13e10c86a63d6cf8784d0d2196273b37f8f91d4,,
1.0,G01-260203-103339-957,G01-260203-103339-957.bmp,G01,2026-02-03T10:33:39,2026-02-03,G01_2026-02-03,957,val,normal,,1025,1281,1,97c16f80e4ea342e6292ddc35af8b01f5a3030d65091db143f8ae83f8efad127,,
1.0,G01-260203-103348-958,G01-260203-103348-958.bmp,G01,2026-02-03T10:33:48,2026-02-03,G01_2026-02-03,958,val,normal,,1025,1281,1,5994b374550fdd7e1c1c1beeb59223d9883526cbab9a9131fc7220e5130aab63,,
1.0,G01-260203-103410-959,G01-260203-103410-959.bmp,G01,2026-02-03T10:34:10,2026-02-03,G01_2026-02-03,959,val,normal,,1025,1281,1,5f8a8676474a260db530dfd2ce9dd17ae9d79ac314b52acdd3f1df3fcaf3e2bf,,
1.0,G01-260203-103453-960,G01-260203-103453-960.bmp,G01,2026-02-03T10:34:53,2026-02-03,G01_2026-02-03,960,val,normal,,1025,1281,1,961cbf941073d0dbd4f93ccf3407a48b5312c0ffde897f36e221afc3840176c9,,
1.0,G01-260203-104036-961,G01-260203-104036-961.bmp,G01,2026-02-03T10:40:36,2026-02-03,G01_2026-02-03,961,val,normal,,1025,1281,1,2b88623672207c39fbd7209a3d914bd575c3fe4b76339d3d5147efbc7d3707cc,,
1.0,G01-260203-104221-962,G01-260203-104221-962.bmp,G01,2026-02-03T10:42:21,2026-02-03,G01_2026-02-03,962,val,normal,,1025,1281,1,47ed4ddd9b22e5f993276c4ae0ece4a702afaf7f84694cd6ae69271146a668cd,,
1.0,G01-260203-104936-963,G01-260203-104936-963.bmp,G01,2026-02-03T10:49:36,2026-02-03,G01_2026-02-03,963,val,normal,,1025,1281,1,6f7f12fc61ecce7b6eecc35b064efa46df3eecb4efed6480dbd4156bec142e40,,
1.0,G01-260203-111844-964,G01-260203-111844-964.bmp,G01,2026-02-03T11:18:44,2026-02-03,G01_2026-02-03,964,val,normal,,1025,1281,1,70469f128229034bcb32090d57d36ee1fb36eaf816f39a1c26ad937d39695304,,
1.0,G01-260203-122310-965,G01-260203-122310-965.bmp,G01,2026-02-03T12:23:10,2026-02-03,G01_2026-02-03,965,val,normal,,1025,1281,1,32c83e016a6172bdb916a61946d5d53aef5575e44a7fbf713935a2ed3e9f1bf7,,
1.0,G01-260203-122318-966,G01-260203-122318-966.bmp,G01,2026-02-03T12:23:18,2026-02-03,G01_2026-02-03,966,val,normal,,1025,1281,1,a7161ab5a08ebc9eb7793071aff0fa16675a0f72c2d97ea86a0488489f2112f9,,
1.0,G01-260203-122336-967,G01-260203-122336-967.bmp,G01,2026-02-03T12:23:36,2026-02-03,G01_2026-02-03,967,val,normal,,1025,1281,1,a96a32552f3a7e594dce4b1319f99d2cf2168953f4f2af52a189ce1d9583bb41,,
1.0,G01-260203-122344-968,G01-260203-122344-968.bmp,G01,2026-02-03T12:23:44,2026-02-03,G01_2026-02-03,968,val,normal,,1025,1281,1,92d0e23b4340da6513c2853a05e4c4290d1d090a73fcd318521b16ef65aa0828,,
1.0,G01-260203-122350-969,G01-260203-122350-969.bmp,G01,2026-02-03T12:23:50,2026-02-03,G01_2026-02-03,969,val,normal,,1025,1281,1,ed13ad5d8ad9acdf33712c425618dd48cee85ef6d0cd320f6912bbd8434de8d0,,
1.0,G01-260203-122409-970,G01-260203-122409-970.bmp,G01,2026-02-03T12:24:09,2026-02-03,G01_2026-02-03,970,val,normal,,1025,1281,1,5b7996c3d09660d5e9a9dec5bb84f543acc86ccf97b5c0227787fba50d9fee2a,,
1.0,G01-260203-122433-971,G01-260203-122433-971.bmp,G01,2026-02-03T12:24:33,2026-02-03,G01_2026-02-03,971,val,normal,,1025,1281,1,79052bf42a786b869bf7988ebb526c4cb64a95640e1a284166e4d08c5118153c,,
1.0,G01-260203-122441-972,G01-260203-122441-972.bmp,G01,2026-02-03T12:24:41,2026-02-03,G01_2026-02-03,972,val,normal,,1025,1281,1,a867f3d59511399015522bc1e011ee9faaf2c924ac671784ad9df247fb5b8d3f,,
1.0,G01-260203-122507-973,G01-260203-122507-973.bmp,G01,2026-02-03T12:25:07,2026-02-03,G01_2026-02-03,973,val,normal,,1025,1281,1,36c0b5f722c92adbffaa80f20589b348c0ff4f53ea3e11e6b9a62905d0a0b4ed,,
1.0,G01-260203-122516-974,G01-260203-122516-974.bmp,G01,2026-02-03T12:25:16,2026-02-03,G01_2026-02-03,974,val,normal,,1025,1281,1,6ad1012853d27be4d976ad2d7383281227f67006a466f8898425eefb620bcc88,,
1.0,G01-260203-122538-975,G01-260203-122538-975.bmp,G01,2026-02-03T12:25:38,2026-02-03,G01_2026-02-03,975,val,normal,,1025,1281,1,bcc13b8569854976cd17643e5afcb25eea1518abc8e84272cb08401e02cee50c,,
1.0,G01-260203-122545-976,G01-260203-122545-976.bmp,G01,2026-02-03T12:25:45,2026-02-03,G01_2026-02-03,976,val,normal,,1025,1281,1,de254da41e93a2425454076ec81cc53f41e48f21714a3df8f40c26801e675ab1,,
1.0,G01-260203-122609-977,G01-260203-122609-977.bmp,G01,2026-02-03T12:26:09,2026-02-03,G01_2026-02-03,977,val,normal,,1025,1281,1,b0567acf41abdd12f85753808ee2c4ebcd8fafcfad3ebc016383ca0ac712d117,,
1.0,G01-260203-122617-978,G01-260203-122617-978.bmp,G01,2026-02-03T12:26:17,2026-02-03,G01_2026-02-03,978,val,normal,,1025,1281,1,5e2845b683ec72845a08102a496d0e9913b09718028dd8abdb138bbf1c9e9b60,,
1.0,G01-260203-122641-979,G01-260203-122641-979.bmp,G01,2026-02-03T12:26:41,2026-02-03,G01_2026-02-03,979,val,normal,,1025,1281,1,5bb58d95102e6de6b9ceded3b702cf2fbb8b1bab8a2bf71dde09af7d8cf2b0e1,,
1.0,G01-260203-122649-980,G01-260203-122649-980.bmp,G01,2026-02-03T12:26:49,2026-02-03,G01_2026-02-03,980,val,normal,,1025,1281,1,aabe5254d945932b19bbee839695168eb74ad7922c215aa3d832fe9d42ac8f8d,,
1.0,G01-260203-122710-981,G01-260203-122710-981.bmp,G01,2026-02-03T12:27:10,2026-02-03,G01_2026-02-03,981,val,normal,,1025,1281,1,2c8a1461907776e10ed7fdae2ed7783a8bb3191da238e473d9836e1115ec21f8,,
1.0,G01-260203-122718-982,G01-260203-122718-982.bmp,G01,2026-02-03T12:27:18,2026-02-03,G01_2026-02-03,982,val,normal,,1025,1281,1,31bc6f62149ea12d80c8b9e0c3d13bc71d8a52289d71394853c90efbb4d1803a,,
1.0,G01-260203-122739-983,G01-260203-122739-983.bmp,G01,2026-02-03T12:27:39,2026-02-03,G01_2026-02-03,983,val,normal,,1025,1281,1,6ace6b90d30ddfd3ea063220381c8e331444b1bc11025dcfe1d62730ffc87beb,,
1.0,G01-260203-122746-984,G01-260203-122746-984.bmp,G01,2026-02-03T12:27:46,2026-02-03,G01_2026-02-03,984,val,normal,,1025,1281,1,70c1a29d88e40c674ff02af877da594a1cc9fa67b487532a95880da076e2cc0b,,
1.0,G01-260203-122810-985,G01-260203-122810-985.bmp,G01,2026-02-03T12:28:10,2026-02-03,G01_2026-02-03,985,val,normal,,1025,1281,1,25a5f9f0eacbdca89aba22a07e7786912bcf45adced8d3455b2fdcad78e5cae3,,
1.0,G01-260203-122819-986,G01-260203-122819-986.bmp,G01,2026-02-03T12:28:19,2026-02-03,G01_2026-02-03,986,val,normal,,1025,1281,1,12fc582727063471efdabea4563ab39d5494715b7048bb457bbd518c06750364,,
1.0,G01-260203-122839-987,G01-260203-122839-987.bmp,G01,2026-02-03T12:28:39,2026-02-03,G01_2026-02-03,987,val,normal,,1025,1281,1,b9be6531c8494366d5b640a4c27aee7bb6a7501b7a7622e90417cce97d8e9ba0,,
1.0,G01-260203-122848-988,G01-260203-122848-988.bmp,G01,2026-02-03T12:28:48,2026-02-03,G01_2026-02-03,988,val,normal,,1025,1281,1,c699f63ca7619a4a918761f005af1df56194b418cdcea210a03d775b11d07371,,
1.0,G01-260203-122910-989,G01-260203-122910-989.bmp,G01,2026-02-03T12:29:10,2026-02-03,G01_2026-02-03,989,val,normal,,1025,1281,1,9b804406326f57b799487197e900dc1c055daaa3595e669e09a9b602edd05aa7,,
1.0,G01-260203-122918-990,G01-260203-122918-990.bmp,G01,2026-02-03T12:29:18,2026-02-03,G01_2026-02-03,990,val,normal,,1025,1281,1,0ad6450cbb86c485ae8b72908b933102d514cbbcb261afcc70af233c7e4a962d,,
1.0,G01-260203-122940-991,G01-260203-122940-991.bmp,G01,2026-02-03T12:29:40,2026-02-03,G01_2026-02-03,991,val,normal,,1025,1281,1,0a5815f636fa91693b5593a455d7ad55a10de6a88007519344fc558d465b29bf,,
1.0,G01-260203-122948-992,G01-260203-122948-992.bmp,G01,2026-02-03T12:29:48,2026-02-03,G01_2026-02-03,992,val,normal,,1025,1281,1,d6c0f5f6daf676496cebf0c44f7efd6d1c1949f6078aeeb9115d3dee91280bd8,,
1.0,G01-260203-123009-993,G01-260203-123009-993.bmp,G01,2026-02-03T12:30:09,2026-02-03,G01_2026-02-03,993,val,normal,,1025,1281,1,4e95b08decb89332f19cb2bf0ebffe80895aea76e68a9da37a0e685e28d44b29,,
1.0,G01-260203-123040-994,G01-260203-123040-994.bmp,G01,2026-02-03T12:30:40,2026-02-03,G01_2026-02-03,994,val,normal,,1025,1281,1,39f017a4c8c3a4a43d3d27d98ce92db356d78f9142af47c3cfe5be5c6ece6e57,,
1.0,G01-260203-123051-995,G01-260203-123051-995.bmp,G01,2026-02-03T12:30:51,2026-02-03,G01_2026-02-03,995,val,normal,,1025,1281,1,f4a38e674c41ff14258a6127fbf4447fbffa86818e25a4bd54b0bc2b1b60be7d,,
1.0,G01-260203-123108-996,G01-260203-123108-996.bmp,G01,2026-02-03T12:31:08,2026-02-03,G01_2026-02-03,996,val,normal,,1025,1281,1,a00c26560c66f57e25066d860356ec210ba106931b82492efd3d5607e3dfc4b0,,
1.0,G01-260203-123116-997,G01-260203-123116-997.bmp,G01,2026-02-03T12:31:16,2026-02-03,G01_2026-02-03,997,val,normal,,1025,1281,1,4c677531c0530dbf477faa1cf20b854015472e4a5aed3445bfd717264f6793d1,,
1.0,G01-260203-123139-998,G01-260203-123139-998.bmp,G01,2026-02-03T12:31:39,2026-02-03,G01_2026-02-03,998,val,normal,,1025,1281,1,46f537be8e85c658fe476893a6315a5a6d866e213ea1b0c46f5e452987418d45,,
1.0,G01-260203-123148-999,G01-260203-123148-999.bmp,G01,2026-02-03T12:31:48,2026-02-03,G01_2026-02-03,999,val,normal,,1025,1281,1,9b95b829c08293a3a0f35d4197330e939a18edfa3f868efeca39d4b75b0e0c4e,,
1.0,G01-260203-123208-000,G01-260203-123208-000.bmp,G01,2026-02-03T12:32:08,2026-02-03,G01_2026-02-03,0,val,normal,,1025,1281,1,583514343a4d365d77489b774af7c731ea37a802230ab3c70c44fbf6c52a9a02,,
1.0,G01-260203-123216-001,G01-260203-123216-001.bmp,G01,2026-02-03T12:32:16,2026-02-03,G01_2026-02-03,1,val,normal,,1025,1281,1,b86fc7da29124a41e1954d494d716ecd3971869168e477209f803a624f369355,,
1.0,G01-260203-123240-002,G01-260203-123240-002.bmp,G01,2026-02-03T12:32:40,2026-02-03,G01_2026-02-03,2,val,normal,,1025,1281,1,3cd50dd135078a45845e1004e7837c34e13a9ad9960a2c322e0462d228bf2d82,,
1.0,G01-260203-123250-003,G01-260203-123250-003.bmp,G01,2026-02-03T12:32:50,2026-02-03,G01_2026-02-03,3,val,normal,,1025,1281,1,a72d44dfb8a2de5b1d2c6b4a701016d327ea4284e891f639c0149504943952d0,,
1.0,G01-260203-123310-004,G01-260203-123310-004.bmp,G01,2026-02-03T12:33:10,2026-02-03,G01_2026-02-03,4,val,normal,,1025,1281,1,8aca79c5092e85c457d1e5721365d3f31148fdfafe8508011e277c348465f67a,,
1.0,G01-260203-123318-005,G01-260203-123318-005.bmp,G01,2026-02-03T12:33:18,2026-02-03,G01_2026-02-03,5,val,normal,,1025,1281,1,a89eb0cdb372d603f4e61ae4f88331a5a302efafad37a99d61af5fdd99eb562e,,
1.0,G01-260203-123341-006,G01-260203-123341-006.bmp,G01,2026-02-03T12:33:41,2026-02-03,G01_2026-02-03,6,val,normal,,1025,1281,1,f7918a918de32b1eb78450c3237106029f1a4bb43105d8c7369e952591b8785a,,
1.0,G01-260203-123349-007,G01-260203-123349-007.bmp,G01,2026-02-03T12:33:49,2026-02-03,G01_2026-02-03,7,val,normal,,1025,1281,1,58839813bc7c9606d8488dcfb45954dbb1dce46ba6fc1f7bc1abfb5c1e54eedf,,
1.0,G01-260203-123410-008,G01-260203-123410-008.bmp,G01,2026-02-03T12:34:10,2026-02-03,G01_2026-02-03,8,val,normal,,1025,1281,1,62f3abb1981c4df71510cadcbba5f39b6cafa1ff2dad4f80004cfed8d741b675,,
1.0,G01-260203-123422-009,G01-260203-123422-009.bmp,G01,2026-02-03T12:34:22,2026-02-03,G01_2026-02-03,9,val,normal,,1025,1281,1,2c49cd055a323d80a67d1b49c3d19830f032ac5ba3659e13b4bc7c4a3e233825,,
1.0,G01-260203-123438-010,G01-260203-123438-010.bmp,G01,2026-02-03T12:34:38,2026-02-03,G01_2026-02-03,10,val,normal,,1025,1281,1,3da846195a81a04e18e2463dd4d933066caf2c2c2142a6f895ae5666b3fbcced,,
1.0,G01-260203-123446-011,G01-260203-123446-011.bmp,G01,2026-02-03T12:34:46,2026-02-03,G01_2026-02-03,11,val,normal,,1025,1281,1,979230d9b49068ad25c9c06412f662a37ef48da7d67d3b76331b0e7adc585df3,,
1.0,G01-260203-123509-012,G01-260203-123509-012.bmp,G01,2026-02-03T12:35:09,2026-02-03,G01_2026-02-03,12,val,normal,,1025,1281,1,1686f544fcc226dc0f07eff907b4521fa1a47c8df8c5af2d398096b3cd6d361d,,
1.0,G01-260203-123517-013,G01-260203-123517-013.bmp,G01,2026-02-03T12:35:17,2026-02-03,G01_2026-02-03,13,val,normal,,1025,1281,1,657038abbe53a8242facb21ff46dfe5673f75ae69cb98a42e9f0249dfe82abc0,,
1.0,G01-260203-123539-014,G01-260203-123539-014.bmp,G01,2026-02-03T12:35:39,2026-02-03,G01_2026-02-03,14,val,normal,,1025,1281,1,a8a9215c6ddebc861576baff15e4c2ff125a0dde8da98465b50fa51cd229c715,,
1.0,G01-260203-123546-015,G01-260203-123546-015.bmp,G01,2026-02-03T12:35:46,2026-02-03,G01_2026-02-03,15,val,normal,,1025,1281,1,60c624bad6ae920c5e92f4b58702dd2b6b1f7145eff319756b80ff92ea7f14a5,,
1.0,G01-260203-123609-016,G01-260203-123609-016.bmp,G01,2026-02-03T12:36:09,2026-02-03,G01_2026-02-03,16,val,normal,,1025,1281,1,de5b588add5f5cdaa08bce3d74e7db88da1fd53b7c3c5f95a859c4f18de81c4d,,
1.0,G01-260203-123616-017,G01-260203-123616-017.bmp,G01,2026-02-03T12:36:16,2026-02-03,G01_2026-02-03,17,val,normal,,1025,1281,1,1bf8863268bed50575d477d0bfcc710547fc6042a008efa4dc9ec2c3bd5518e8,,
1.0,G01-260203-123638-018,G01-260203-123638-018.bmp,G01,2026-02-03T12:36:38,2026-02-03,G01_2026-02-03,18,val,normal,,1025,1281,1,b513ada06b156dbaed31660abf9a1324f5c8066d2d739dceb58fb4fda3c1139c,,
1.0,G01-260203-123648-019,G01-260203-123648-019.bmp,G01,2026-02-03T12:36:48,2026-02-03,G01_2026-02-03,19,val,normal,,1025,1281,1,2a709e3e0203f3f7f0dd29539ad370d1d64473fcbe0ba04c92a40a883b2a09cd,,
1.0,G01-260203-123710-020,G01-260203-123710-020.bmp,G01,2026-02-03T12:37:10,2026-02-03,G01_2026-02-03,20,val,normal,,1025,1281,1,5fd5c2ade10bea8d4bf9f35e39402fa2730af236469fb9a1390e6b7018c23a0b,,
1.0,G01-260203-123719-021,G01-260203-123719-021.bmp,G01,2026-02-03T12:37:19,2026-02-03,G01_2026-02-03,21,val,normal,,1025,1281,1,047232080d0421a27521ce2c3f18b1e0e218254030c528129b0f5b4feb321488,,
1.0,G01-260203-123740-022,G01-260203-123740-022.bmp,G01,2026-02-03T12:37:40,2026-02-03,G01_2026-02-03,22,val,normal,,1025,1281,1,c5e0c3a4e5e69af5165f7bcd363df15b6af323a5d8c2bf778f654f695a8bf539,,
1.0,G01-260203-123748-023,G01-260203-123748-023.bmp,G01,2026-02-03T12:37:48,2026-02-03,G01_2026-02-03,23,val,normal,,1025,1281,1,3540159f29d6e4839859f7225ba44ead718b99a83a8eb4649df16448edfcf67d,,
1.0,G01-260203-123811-024,G01-260203-123811-024.bmp,G01,2026-02-03T12:38:11,2026-02-03,G01_2026-02-03,24,val,normal,,1025,1281,1,318df17625b3becaf977b194fe76e4bf29d24bfe17dc520283bae4ea9ddb8e80,,
1.0,G01-260203-123819-025,G01-260203-123819-025.bmp,G01,2026-02-03T12:38:19,2026-02-03,G01_2026-02-03,25,val,normal,,1025,1281,1,885cdd9f92668943487ca4deab5dfb3ba6d46d1c051d19823d50f328ce97df83,,
1.0,G01-260203-123841-026,G01-260203-123841-026.bmp,G01,2026-02-03T12:38:41,2026-02-03,G01_2026-02-03,26,val,normal,,1025,1281,1,3e3d5080b3173da69d44201dfeb791a3645d751db5c93435eb57aa4a2e600fdf,,
1.0,G01-260203-123849-027,G01-260203-123849-027.bmp,G01,2026-02-03T12:38:49,2026-02-03,G01_2026-02-03,27,val,normal,,1025,1281,1,81da1db90452c83a0ae639eca7b477f21e21609997479c2bd05e0d6bfe53b97f,,
1.0,G01-260203-123911-028,G01-260203-123911-028.bmp,G01,2026-02-03T12:39:11,2026-02-03,G01_2026-02-03,28,val,normal,,1025,1281,1,11c550b377ad581a5b7326917546575adb8373e114fc53587d7c2a1f8e880c66,,
1.0,G01-260203-123919-029,G01-260203-123919-029.bmp,G01,2026-02-03T12:39:19,2026-02-03,G01_2026-02-03,29,val,normal,,1025,1281,1,736982528518765e60dfd0f3a4488d79c764e92b3742b665087a6b53391c91da,,
1.0,G01-260203-123940-030,G01-260203-123940-030.bmp,G01,2026-02-03T12:39:40,2026-02-03,G01_2026-02-03,30,val,normal,,1025,1281,1,4383d59abc415734c10eda23e327bfa7b8305631ff66c7af9cda0d4378124325,,
1.0,G01-260203-123948-031,G01-260203-123948-031.bmp,G01,2026-02-03T12:39:48,2026-02-03,G01_2026-02-03,31,val,normal,,1025,1281,1,7d66f5695b04e812e728a5c52a07fdfd1f31ddf754f8d4ae962d7cd1d5234a09,,
1.0,G01-260203-124010-032,G01-260203-124010-032.bmp,G01,2026-02-03T12:40:10,2026-02-03,G01_2026-02-03,32,val,normal,,1025,1281,1,717a800b00c7fd82276067896ee2978c2448bce7aad70892c6f7fa725430f448,,
1.0,G01-260203-124019-033,G01-260203-124019-033.bmp,G01,2026-02-03T12:40:19,2026-02-03,G01_2026-02-03,33,val,normal,,1025,1281,1,b6b58b32a5d612fc276e5b9848e48e90db290878e8ac14c24b2d92201f060d14,,
1.0,G01-260203-124040-034,G01-260203-124040-034.bmp,G01,2026-02-03T12:40:40,2026-02-03,G01_2026-02-03,34,val,normal,,1025,1281,1,7998d2882d4b9389ce6ef94b7af3c4179b9a8994efe0f66d192dd2f5e96dd64d,,
1.0,G01-260203-124050-035,G01-260203-124050-035.bmp,G01,2026-02-03T12:40:50,2026-02-03,G01_2026-02-03,35,val,normal,,1025,1281,1,0fe814a9d978f9723585f2e940c353a703564ae8e79c0373dc3a574dace601ee,,
1.0,G01-260203-124111-036,G01-260203-124111-036.bmp,G01,2026-02-03T12:41:11,2026-02-03,G01_2026-02-03,36,val,normal,,1025,1281,1,3929b39c284e12d3dda6db86316facc2a743711937785ddf57265204a90e3b51,,
1.0,G01-260203-124118-037,G01-260203-124118-037.bmp,G01,2026-02-03T12:41:18,2026-02-03,G01_2026-02-03,37,val,normal,,1025,1281,1,a3c119c1a6da27407d76d318647b7741d7c7d20f733c246a4d111e6d79836754,,
1.0,G01-260203-124141-038,G01-260203-124141-038.bmp,G01,2026-02-03T12:41:41,2026-02-03,G01_2026-02-03,38,val,normal,,1025,1281,1,e0fd4198bd2376e9ab20b0c93fcdf5f994eaaf872541b2264ac97e5895354280,,
1.0,G01-260203-124148-039,G01-260203-124148-039.bmp,G01,2026-02-03T12:41:48,2026-02-03,G01_2026-02-03,39,val,normal,,1025,1281,1,23e51baf7cf9657606618cdb73baa42294851062afa9967efe2e723fc92dee1d,,
1.0,G01-260203-124209-040,G01-260203-124209-040.bmp,G01,2026-02-03T12:42:09,2026-02-03,G01_2026-02-03,40,val,normal,,1025,1281,1,248f091d7916693fcf8ac4927f987505382f7fb05e9e2887865d4f8341ba149c,,
1.0,G01-260203-124219-041,G01-260203-124219-041.bmp,G01,2026-02-03T12:42:19,2026-02-03,G01_2026-02-03,41,val,normal,,1025,1281,1,2564afd25bec87f15aa644c6361f50648b5abf4990a619f372586a55c2528456,,
1.0,G01-260203-124241-042,G01-260203-124241-042.bmp,G01,2026-02-03T12:42:41,2026-02-03,G01_2026-02-03,42,val,normal,,1025,1281,1,3f0bcdb2df1ec4a1d4e483959982e42ccda4164f0e939e4e246686f06f1a0014,,
1.0,G01-260203-124251-043,G01-260203-124251-043.bmp,G01,2026-02-03T12:42:51,2026-02-03,G01_2026-02-03,43,val,normal,,1025,1281,1,4ef765b835f48eeff1d372cdf66ceab0ed0eaeeaadaeeba46516e1845f55814a,,
1.0,G01-260203-124309-044,G01-260203-124309-044.bmp,G01,2026-02-03T12:43:09,2026-02-03,G01_2026-02-03,44,val,normal,,1025,1281,1,6313a12eb47456f6ae999728321e750b0c772df61c3e8a8f534a09cf61b4b1da,,
1.0,G01-260203-124342-045,G01-260203-124342-045.bmp,G01,2026-02-03T12:43:42,2026-02-03,G01_2026-02-03,45,val,normal,,1025,1281,1,f2503a706626e9133e5f762640cd416a6695aa852470278ca8bffca8213cc244,,
1.0,G01-260203-124354-046,G01-260203-124354-046.bmp,G01,2026-02-03T12:43:54,2026-02-03,G01_2026-02-03,46,val,normal,,1025,1281,1,3f58cc0e9c5078ffb522d997b09b1de617089faa83584c24bbf4a32107ddc0ad,,
1.0,G01-260203-124417-047,G01-260203-124417-047.bmp,G01,2026-02-03T12:44:17,2026-02-03,G01_2026-02-03,47,val,normal,,1025,1281,1,47446f45b848fa79a9fae0e44e1914dc6b570cb4c9b6cb319ce3cbf1673fccf8,,
1.0,G01-260203-124446-048,G01-260203-124446-048.bmp,G01,2026-02-03T12:44:46,2026-02-03,G01_2026-02-03,48,val,normal,,1025,1281,1,9cb8c25ef96ce7fcc9b18d2eda898a2fcda1553752d7d873bbe31e644f330caf,,
1.0,G01-260203-124500-049,G01-260203-124500-049.bmp,G01,2026-02-03T12:45:00,2026-02-03,G01_2026-02-03,49,val,normal,,1025,1281,1,ee71c3cb51e88523cd67ec59e721e33b3ac27841ac2a9dc3a31da7ae42b124c0,,
1.0,G01-260203-124508-050,G01-260203-124508-050.bmp,G01,2026-02-03T12:45:08,2026-02-03,G01_2026-02-03,50,val,normal,,1025,1281,1,b02e09fac98c9220eced9cb6198f9b4ab8f0c8461d8d66c43c563b174303c978,,
1.0,G01-260203-124517-051,G01-260203-124517-051.bmp,G01,2026-02-03T12:45:17,2026-02-03,G01_2026-02-03,51,val,normal,,1025,1281,1,95148a7ffab7a3bc499ad0220314faa3413cfb7c92abf8235e5cd7154fc611de,,
1.0,G01-260203-124551-052,G01-260203-124551-052.bmp,G01,2026-02-03T12:45:51,2026-02-03,G01_2026-02-03,52,val,normal,,1025,1281,1,ae0e3c9ae5d395d05724b435ff6174f99cc30d1abeb12e543dfb85b1ceb8a01b,,
1.0,G01-260203-124557-053,G01-260203-124557-053.bmp,G01,2026-02-03T12:45:57,2026-02-03,G01_2026-02-03,53,val,normal,,1025,1281,1,a4113b82240edcc524d3a0e2def7df0d11d47ca361e048462013c26f0aa9a6c4,,
1.0,G01-260203-124607-054,G01-260203-124607-054.bmp,G01,2026-02-03T12:46:07,2026-02-03,G01_2026-02-03,54,val,normal,,1025,1281,1,1733b1cb7f9850e38eeb8b52c14c2f81ff6be80e572a4911d251b59b0cd0c394,,
1.0,G01-260203-124641-055,G01-260203-124641-055.bmp,G01,2026-02-03T12:46:41,2026-02-03,G01_2026-02-03,55,val,normal,,1025,1281,1,277b3e21f5f26763a2afc14b2550914b78ed387fbb916d2dc04a7d7a2aac79b5,,
1.0,G01-260203-124648-056,G01-260203-124648-056.bmp,G01,2026-02-03T12:46:48,2026-02-03,G01_2026-02-03,56,val,normal,,1025,1281,1,d01e7cb8ba293ec4c37205f54b9e0ce4858142ffd6852d8f4124facf32e9ce8c,,
1.0,G01-260203-124710-057,G01-260203-124710-057.bmp,G01,2026-02-03T12:47:10,2026-02-03,G01_2026-02-03,57,val,normal,,1025,1281,1,de4c32789440f8112816b54246f5867669429f3c55d32d353d0637a8252948e8,,
1.0,G01-260203-124718-058,G01-260203-124718-058.bmp,G01,2026-02-03T12:47:18,2026-02-03,G01_2026-02-03,58,val,normal,,1025,1281,1,906a6b67bb0abeb533859b0e27a049731cb55896122604a178d01d39b516d5de,,
1.0,G01-260203-124739-059,G01-260203-124739-059.bmp,G01,2026-02-03T12:47:39,2026-02-03,G01_2026-02-03,59,val,normal,,1025,1281,1,6c6360f4c9483f2acc3b6dcde572aa3bc035943b3983a45a3a49c64c25d4e374,,
1.0,G01-260203-124748-060,G01-260203-124748-060.bmp,G01,2026-02-03T12:47:48,2026-02-03,G01_2026-02-03,60,val,normal,,1025,1281,1,7aebcda544b1b756bb38fcf13919dbe328dbea40e8646d0ab2e467b2c05e62c8,,
1.0,G01-260203-124811-061,G01-260203-124811-061.bmp,G01,2026-02-03T12:48:11,2026-02-03,G01_2026-02-03,61,val,normal,,1025,1281,1,46cb7ff1e932e102b5800b9f94f4d0f80b7e9a21df4296dc40d8e5acdbd424e0,,
1.0,G01-260203-124841-062,G01-260203-124841-062.bmp,G01,2026-02-03T12:48:41,2026-02-03,G01_2026-02-03,62,val,normal,,1025,1281,1,7673dbc77ad374bae2b949b3cc79129e62675955d72a4e7a153d5e50eb87e7fc,,
1.0,G01-260203-124849-063,G01-260203-124849-063.bmp,G01,2026-02-03T12:48:49,2026-02-03,G01_2026-02-03,63,val,normal,,1025,1281,1,8ff3f1df3cdaa13a291ed9a97e990b1fe6c71a23799256ace42de92fd8961db9,,
1.0,G01-260203-124938-064,G01-260203-124938-064.bmp,G01,2026-02-03T12:49:38,2026-02-03,G01_2026-02-03,64,val,normal,,1025,1281,1,547900d43b3641e09879aa25b5752d0be55160c6e915aab16a33a8180f728d88,,
1.0,G01-260203-124942-065,G01-260203-124942-065.bmp,G01,2026-02-03T12:49:42,2026-02-03,G01_2026-02-03,65,val,normal,,1025,1281,1,dceb1ff0b5be5a50ca9c6aa4b7ecb75b8f6e9ce446487b93823c60490e9d1313,,
1.0,G01-260203-124948-066,G01-260203-124948-066.bmp,G01,2026-02-03T12:49:48,2026-02-03,G01_2026-02-03,66,val,normal,,1025,1281,1,8c91f6bd0b5c26c94ca771fb0a9bafec35b6f632e1b1d8a714119e380816c910,,
1.0,G01-260203-124955-067,G01-260203-124955-067.bmp,G01,2026-02-03T12:49:55,2026-02-03,G01_2026-02-03,67,val,normal,,1025,1281,1,ba77a78117ee6d6b5e9cfc79f4f9036c807c3de7db994eed986915e273efbd0d,,
1.0,G01-260203-125041-068,G01-260203-125041-068.bmp,G01,2026-02-03T12:50:41,2026-02-03,G01_2026-02-03,68,val,normal,,1025,1281,1,b257f99a74aac27e691d5d229afaff0614e3ee5566d86f183646c6f8e24c1379,,
1.0,G01-260203-125050-069,G01-260203-125050-069.bmp,G01,2026-02-03T12:50:50,2026-02-03,G01_2026-02-03,69,val,normal,,1025,1281,1,5640424af050953eb373c610211eee154c01c28a55d0fe4c011adb103f980392,,
1.0,G01-260203-125123-070,G01-260203-125123-070.bmp,G01,2026-02-03T12:51:23,2026-02-03,G01_2026-02-03,70,val,normal,,1025,1281,1,ba6b33a2bd7b6716fb7b8b9d884ceddda2596bf50ff29bcdbc40b3aa549dfec7,,
1.0,G01-260203-125129-071,G01-260203-125129-071.bmp,G01,2026-02-03T12:51:29,2026-02-03,G01_2026-02-03,71,val,normal,,1025,1281,1,209decea807d81eaf1d6b084f4cc8ba024b62b07af8ddd9c66a3e365baad5f48,,
1.0,G01-260203-133452-072,G01-260203-133452-072.bmp,G01,2026-02-03T13:34:52,2026-02-03,G01_2026-02-03,72,val,normal,,1025,1281,1,af3662cb0eabc34f4d157518e0f734c6ff1b8cbfccdfa7f75e7baf3d3f357841,,
1.0,G01-260203-133501-073,G01-260203-133501-073.bmp,G01,2026-02-03T13:35:01,2026-02-03,G01_2026-02-03,73,val,normal,,1025,1281,1,12eeecbcf9f9557cf95eff7755cb2fa5d6c00684b13a2cacd123bdf916401f89,,
1.0,G01-260203-133511-074,G01-260203-133511-074.bmp,G01,2026-02-03T13:35:11,2026-02-03,G01_2026-02-03,74,val,normal,,1025,1281,1,baac9889a0918da217e5033dc129a1cc8368e276bdde3b64c4a35193666c261a,,
1.0,G01-260203-133521-075,G01-260203-133521-075.bmp,G01,2026-02-03T13:35:21,2026-02-03,G01_2026-02-03,75,val,normal,,1025,1281,1,f8ef8b2211a9a747b6820e92f27be26dccc35bd6b77d5c1c55315e5b60199874,,
1.0,G01-260203-133532-076,G01-260203-133532-076.bmp,G01,2026-02-03T13:35:32,2026-02-03,G01_2026-02-03,76,val,normal,,1025,1281,1,cd098dd3d1661e61656458991ccdff253b17573be10afb3ae365004edb8a4156,,
1.0,G01-260203-133542-077,G01-260203-133542-077.bmp,G01,2026-02-03T13:35:42,2026-02-03,G01_2026-02-03,77,val,normal,,1025,1281,1,a03407526ad1b3fe943124a4d4951fb7e18aae3c6afd68fe73edaa7fb10b18da,,
1.0,G01-260203-133551-078,G01-260203-133551-078.bmp,G01,2026-02-03T13:35:51,2026-02-03,G01_2026-02-03,78,val,normal,,1025,1281,1,7201de45c9a77540da9865b1eb6314917de6de3163f55b65206b328be29a1b61,,
1.0,G01-260203-133601-079,G01-260203-133601-079.bmp,G01,2026-02-03T13:36:01,2026-02-03,G01_2026-02-03,79,val,normal,,1025,1281,1,5c29f42912e31193e25757659aaf6893fab9b0bd7592dde493527de8733e0a8b,,
1.0,G01-260203-133607-080,G01-260203-133607-080.bmp,G01,2026-02-03T13:36:07,2026-02-03,G01_2026-02-03,80,val,normal,,1025,1281,1,3d152879ef609d3c457b2f2e4b988166361cead3fb2c03350f14138ab52c0b0f,,
1.0,G01-260203-133651-081,G01-260203-133651-081.bmp,G01,2026-02-03T13:36:51,2026-02-03,G01_2026-02-03,81,val,normal,,1025,1281,1,3b2c6ae5a54f12c709f4ce8dbaec706bfafd4b26165d9432618e2425a31f32ee,,
1.0,G01-260203-133724-082,G01-260203-133724-082.bmp,G01,2026-02-03T13:37:24,2026-02-03,G01_2026-02-03,82,val,normal,,1025,1281,1,e264cd3c5a0416c429a98d9edfec2bebfd015aa31833dc621d540d6c65fb0b5a,,
1.0,G01-260203-133734-083,G01-260203-133734-083.bmp,G01,2026-02-03T13:37:34,2026-02-03,G01_2026-02-03,83,val,normal,,1025,1281,1,46cca6b841eadc72f133c3d698d065f2c2931bb7418882d21f7eb4d15f5ac3fe,,
1.0,G01-260203-133755-084,G01-260203-133755-084.bmp,G01,2026-02-03T13:37:55,2026-02-03,G01_2026-02-03,84,val,normal,,1025,1281,1,d0aea4b353aca617b1904c0105a437ac03dc73b8031f2c5bfbc88bad47999784,,
1.0,G01-260203-133803-085,G01-260203-133803-085.bmp,G01,2026-02-03T13:38:03,2026-02-03,G01_2026-02-03,85,val,normal,,1025,1281,1,09c26fd515fc3768f414188f004a31cdc5bdf4498716699890cf5c97d890f091,,
1.0,G01-260203-133825-086,G01-260203-133825-086.bmp,G01,2026-02-03T13:38:25,2026-02-03,G01_2026-02-03,86,val,normal,,1025,1281,1,c1fb8f4f4ff4776881d0c23f86148cd32c83bf1a8834ce5cc1f24458287f8e43,,
1.0,G01-260203-133835-087,G01-260203-133835-087.bmp,G01,2026-02-03T13:38:35,2026-02-03,G01_2026-02-03,87,val,normal,,1025,1281,1,1629bdd0bdff9bc6de642fc7e5dc6b738fccaf2db959a15aa3519042e7d5c7f1,,
1.0,G01-260203-133856-088,G01-260203-133856-088.bmp,G01,2026-02-03T13:38:56,2026-02-03,G01_2026-02-03,88,val,normal,,1025,1281,1,3086d92c7dc79c4253e9f26bc3b5815433efc10d637745965a12700a0f84098a,,
1.0,G01-260203-133905-089,G01-260203-133905-089.bmp,G01,2026-02-03T13:39:05,2026-02-03,G01_2026-02-03,89,val,normal,,1025,1281,1,cf7c37d341c26755472922c8f93ef92c903a2be63f9603fd7a1b4de8a2d8782c,,
1.0,G01-260203-133925-090,G01-260203-133925-090.bmp,G01,2026-02-03T13:39:25,2026-02-03,G01_2026-02-03,90,val,normal,,1025,1281,1,66b801b947b2e3d50fa21091a379f101a69ef82b37a9e87ddcebf65f4839646e,,
1.0,G01-260203-133934-091,G01-260203-133934-091.bmp,G01,2026-02-03T13:39:34,2026-02-03,G01_2026-02-03,91,val,normal,,1025,1281,1,85418532843e3dfcb38fce9dd45bd2f75fff0ef1d66eb8627a2b04c1ea2979c9,,
1.0,G01-260203-133956-092,G01-260203-133956-092.bmp,G01,2026-02-03T13:39:56,2026-02-03,G01_2026-02-03,92,val,normal,,1025,1281,1,9529b328854b8f557fd27f6eea10695154bf05f5226f701f808a0f7130f40514,,
1.0,G01-260203-134005-093,G01-260203-134005-093.bmp,G01,2026-02-03T13:40:05,2026-02-03,G01_2026-02-03,93,val,normal,,1025,1281,1,1dfc16189a0a8bf8d66d445a4b71eadd07ecadbcba1b19e0c97e0981d4f1700c,,
1.0,G01-260203-134025-094,G01-260203-134025-094.bmp,G01,2026-02-03T13:40:25,2026-02-03,G01_2026-02-03,94,val,normal,,1025,1281,1,9d66a0312074440ee95dad5f128622c0795abafac3a8e8954f2d00b9c822b4e8,,
1.0,G01-260203-134036-095,G01-260203-134036-095.bmp,G01,2026-02-03T13:40:36,2026-02-03,G01_2026-02-03,95,val,normal,,1025,1281,1,0e791e1fc61b7d52d0055e29d4dbb59175fc436da8bf9f2c764fce8a61b93853,,
1.0,G01-260203-134055-096,G01-260203-134055-096.bmp,G01,2026-02-03T13:40:55,2026-02-03,G01_2026-02-03,96,val,normal,,1025,1281,1,366d17741fea51a5c5223c10e34def78df1f17eedb1af05928c597e2c2268b9b,,
1.0,G01-260203-134108-097,G01-260203-134108-097.bmp,G01,2026-02-03T13:41:08,2026-02-03,G01_2026-02-03,97,val,normal,,1025,1281,1,2318cef4011e4a9bff76d6b79b6316d157a591bdde83d02dbd569d8d8034d063,,
1.0,G01-260203-134126-098,G01-260203-134126-098.bmp,G01,2026-02-03T13:41:26,2026-02-03,G01_2026-02-03,98,val,normal,,1025,1281,1,0ef363b574530289f84ede80c779fe52922a44ce70579c9a89b0231b78f02983,,
1.0,G01-260203-134134-099,G01-260203-134134-099.bmp,G01,2026-02-03T13:41:34,2026-02-03,G01_2026-02-03,99,val,normal,,1025,1281,1,f9e40d4e12d095935769a4aefb8c32f870144dba0db2f4da4b35aa81cf011342,,
1.0,G01-260203-134156-100,G01-260203-134156-100.bmp,G01,2026-02-03T13:41:56,2026-02-03,G01_2026-02-03,100,val,normal,,1025,1281,1,825056f9367337dd7fee7a3d54e91ecd15ce9649b5f7c22229fb72f7bbe949d6,,
1.0,G01-260203-134206-101,G01-260203-134206-101.bmp,G01,2026-02-03T13:42:06,2026-02-03,G01_2026-02-03,101,val,normal,,1025,1281,1,6898bd164ee145cbaaf6e49e490f36df3b410a2f5f6179b1a98f3f01e7f4581f,,
1.0,G01-260203-134226-102,G01-260203-134226-102.bmp,G01,2026-02-03T13:42:26,2026-02-03,G01_2026-02-03,102,val,normal,,1025,1281,1,a1b5945d35f2c2184d01e220c30c8cb05f281946c81842a4c05a480c7a8a7b53,,
1.0,G01-260203-134238-103,G01-260203-134238-103.bmp,G01,2026-02-03T13:42:38,2026-02-03,G01_2026-02-03,103,val,normal,,1025,1281,1,520566578e9ef4d057f1ccf436606de0fb02849218d20823efbffd51a0477249,,
1.0,G01-260203-134256-104,G01-260203-134256-104.bmp,G01,2026-02-03T13:42:56,2026-02-03,G01_2026-02-03,104,val,normal,,1025,1281,1,998aa5f006197654c848b77552ee26be4829b1b2cd3e81dd35f3d91411a33f60,,
1.0,G01-260203-134306-105,G01-260203-134306-105.bmp,G01,2026-02-03T13:43:06,2026-02-03,G01_2026-02-03,105,val,normal,,1025,1281,1,49f1cb6bb3532c06ff7b26f6e65e75453c3200f56b88c5ad04f3c2abe9a76785,,
1.0,G01-260203-134326-106,G01-260203-134326-106.bmp,G01,2026-02-03T13:43:26,2026-02-03,G01_2026-02-03,106,val,normal,,1025,1281,1,e9c98bb57030f0b0a0d1f4af5fb1f7e0263c895e8b002d523b157ec1cbec3d82,,
1.0,G01-260203-134335-107,G01-260203-134335-107.bmp,G01,2026-02-03T13:43:35,2026-02-03,G01_2026-02-03,107,val,normal,,1025,1281,1,6696e39f396b861b9bc146599c6a1e6776ea7314164c9004939a296e5eed9604,,
1.0,G01-260203-134356-108,G01-260203-134356-108.bmp,G01,2026-02-03T13:43:56,2026-02-03,G01_2026-02-03,108,val,normal,,1025,1281,1,bfdbcc280dbf6a22c8a125c0e18ee5e5fbc8b364ece6332b81be0687c8163618,,
1.0,G01-260203-134407-109,G01-260203-134407-109.bmp,G01,2026-02-03T13:44:07,2026-02-03,G01_2026-02-03,109,val,normal,,1025,1281,1,7043844b98f01292dbaad89487f08a3ba5d129c3ae858a425d7c2d88f6e3de7a,,
1.0,G01-260203-134425-110,G01-260203-134425-110.bmp,G01,2026-02-03T13:44:25,2026-02-03,G01_2026-02-03,110,val,normal,,1025,1281,1,7385f52201aaf489ef2a8ea9da093e319b4fe4aac16f599d5e38e4a0ba5dd065,,
1.0,G01-260203-134439-111,G01-260203-134439-111.bmp,G01,2026-02-03T13:44:39,2026-02-03,G01_2026-02-03,111,val,normal,,1025,1281,1,d8e770cb0a4157e15508fa6e808dec74ad88333e787b5a1972fd1209692b57b3,,
1.0,G01-260203-134457-112,G01-260203-134457-112.bmp,G01,2026-02-03T13:44:57,2026-02-03,G01_2026-02-03,112,val,normal,,1025,1281,1,73db1fa9bce053c797ec1e3d21b790f5222e5ebed6a8e71dffa079a526e40fbf,,
1.0,G01-260203-134504-113,G01-260203-134504-113.bmp,G01,2026-02-03T13:45:04,2026-02-03,G01_2026-02-03,113,val,normal,,1025,1281,1,94272930270c325f56bb3e73a892c4cccfcf6e9efabaaca8e050a19a0f19bf2d,,
1.0,G01-260203-134528-114,G01-260203-134528-114.bmp,G01,2026-02-03T13:45:28,2026-02-03,G01_2026-02-03,114,val,normal,,1025,1281,1,9ef8d793829646c5bf1890134b9d39c856b0fa638c5579db1eb7897dd8d07e15,,
1.0,G01-260203-134538-115,G01-260203-134538-115.bmp,G01,2026-02-03T13:45:38,2026-02-03,G01_2026-02-03,115,val,normal,,1025,1281,1,183b1b858f17dfd6f9a3f001d413263b962e3807d62c0d54910ee2534069901a,,
1.0,G01-260203-134557-116,G01-260203-134557-116.bmp,G01,2026-02-03T13:45:57,2026-02-03,G01_2026-02-03,116,val,normal,,1025,1281,1,bbdfca18caf0faa60bf6dea83b7fdd696bd733a1c50e68e2862530a216d056f3,,
1.0,G01-260203-134607-117,G01-260203-134607-117.bmp,G01,2026-02-03T13:46:07,2026-02-03,G01_2026-02-03,117,val,normal,,1025,1281,1,b9f75f784ead754c3271c4429605b6fa9b06db5c92c9c465ec49f55d0883b818,,
1.0,G01-260203-134628-118,G01-260203-134628-118.bmp,G01,2026-02-03T13:46:28,2026-02-03,G01_2026-02-03,118,val,normal,,1025,1281,1,77dadff35e907e477b5fd257a40ad25db8e20fe980a0b58a39d7cd2c4392adcc,,
1.0,G01-260203-134640-119,G01-260203-134640-119.bmp,G01,2026-02-03T13:46:40,2026-02-03,G01_2026-02-03,119,val,normal,,1025,1281,1,9fbe75c3d048b2fa3e3d3f08ac7321c0930010238e0c80952e1f13b1b0ca12c1,,
1.0,G01-260203-134657-120,G01-260203-134657-120.bmp,G01,2026-02-03T13:46:57,2026-02-03,G01_2026-02-03,120,val,normal,,1025,1281,1,df4bc346acfc11bb8741d3817ed89b69772b47328b7a35e02e0182121845792f,,
1.0,G01-260203-134707-121,G01-260203-134707-121.bmp,G01,2026-02-03T13:47:07,2026-02-03,G01_2026-02-03,121,val,normal,,1025,1281,1,da5dbfe4ab2fe41c313a5df155805b16957b6501ac30e27b2e3e9fc93880f5ef,,
1.0,G01-260203-134717-122,G01-260203-134717-122.bmp,G01,2026-02-03T13:47:17,2026-02-03,G01_2026-02-03,122,val,normal,,1025,1281,1,f25bebf12dfca52a26247e5f4874766e87e3e79e80301e2952d952bb7004e5fb,,
1.0,G01-260203-134739-123,G01-260203-134739-123.bmp,G01,2026-02-03T13:47:39,2026-02-03,G01_2026-02-03,123,val,normal,,1025,1281,1,6b6be79fad6b8c728d39bb0775a55ab23ce8d48ed754c9aedbf83b1d70f671fc,,
1.0,G01-260203-134748-124,G01-260203-134748-124.bmp,G01,2026-02-03T13:47:48,2026-02-03,G01_2026-02-03,124,val,normal,,1025,1281,1,b5097ac4df4146d2c0ab85e2d1a8594aea4f5d22926ac404c96b0c096d4c1b97,,
1.0,G01-260203-134757-125,G01-260203-134757-125.bmp,G01,2026-02-03T13:47:57,2026-02-03,G01_2026-02-03,125,val,normal,,1025,1281,1,748c08820d5a52c1ac467011e559d24b00030bc83281691fdcb817b3bf4edbb8,,
1.0,G01-260203-134834-126,G01-260203-134834-126.bmp,G01,2026-02-03T13:48:34,2026-02-03,G01_2026-02-03,126,val,normal,,1025,1281,1,bd1d56cbb92515545582dfff4ba87d58e70d1319f214584ae69545aeea03700d,,
1.0,G01-260203-134844-127,G01-260203-134844-127.bmp,G01,2026-02-03T13:48:44,2026-02-03,G01_2026-02-03,127,val,normal,,1025,1281,1,e43854df0088a23e758afc13dbd6042029339f3191b1b81bcba00f5f4c62d48b,,
1.0,G01-260203-134854-128,G01-260203-134854-128.bmp,G01,2026-02-03T13:48:54,2026-02-03,G01_2026-02-03,128,val,normal,,1025,1281,1,652cd350f984371a9f6e712a75149c0524a86c4d05d80875348baa2ee8c7ac7c,,
1.0,G01-260203-134900-129,G01-260203-134900-129.bmp,G01,2026-02-03T13:49:00,2026-02-03,G01_2026-02-03,129,val,normal,,1025,1281,1,2e25677f84e422d122fed574385b99de1911c0ae80cc0e0db8f4ec9c0ed2a6f4,,
1.0,G01-260203-134927-130,G01-260203-134927-130.bmp,G01,2026-02-03T13:49:27,2026-02-03,G01_2026-02-03,130,val,normal,,1025,1281,1,14334d83e2626140370c05ce09cc3bc045da1fb98cadbd8a06800fac4e96f13e,,
1.0,G01-260203-134938-131,G01-260203-134938-131.bmp,G01,2026-02-03T13:49:38,2026-02-03,G01_2026-02-03,131,val,normal,,1025,1281,1,448dcefe294deea9e42d3433f275e336850afcb5f38c2a81926e9feb28ae9898,,
1.0,G01-260203-134959-132,G01-260203-134959-132.bmp,G01,2026-02-03T13:49:59,2026-02-03,G01_2026-02-03,132,val,normal,,1025,1281,1,1d417ae72a36de9a7bb960978d49fab82116229bbf17207ddb5ff38c5c35ab97,,
1.0,G01-260203-135010-133,G01-260203-135010-133.bmp,G01,2026-02-03T13:50:10,2026-02-03,G01_2026-02-03,133,val,normal,,1025,1281,1,6e30622536de994c71a78e16f8ebc03afd8d2e28775d0955f5bbf3eff7dcf801,,
1.0,G01-260203-135028-134,G01-260203-135028-134.bmp,G01,2026-02-03T13:50:28,2026-02-03,G01_2026-02-03,134,val,normal,,1025,1281,1,60ccdaad914474f2f72f976e9465e4af3a068670c08c40962c9946a942caae55,,
1.0,G01-260203-135037-135,G01-260203-135037-135.bmp,G01,2026-02-03T13:50:37,2026-02-03,G01_2026-02-03,135,val,normal,,1025,1281,1,005092d42bd1a872245ca22ea305a9f36081d2528daf506095424355fd206d12,,
1.0,G01-260203-135059-136,G01-260203-135059-136.bmp,G01,2026-02-03T13:50:59,2026-02-03,G01_2026-02-03,136,val,normal,,1025,1281,1,6b4552406767e8f1ab8f569af0f1a8b989cd7bbca65eedebe513c61c65f3d66f,,
1.0,G01-260203-135108-137,G01-260203-135108-137.bmp,G01,2026-02-03T13:51:08,2026-02-03,G01_2026-02-03,137,val,normal,,1025,1281,1,72615788d2502b20083d488141706edbfd88c04fbb449bb2b41bac70d932d814,,
1.0,G01-260203-135135-138,G01-260203-135135-138.bmp,G01,2026-02-03T13:51:35,2026-02-03,G01_2026-02-03,138,val,normal,,1025,1281,1,65704ae979af34aed3804554ac53dc1be53c9c9ceefcb06d4b524e1680195ec2,,
1.0,G01-260203-135146-139,G01-260203-135146-139.bmp,G01,2026-02-03T13:51:46,2026-02-03,G01_2026-02-03,139,val,normal,,1025,1281,1,8235aab463ad954a5d04b52f05fa9af7136508e4e2e875eb42d54002bf8006be,,
1.0,G01-260203-135159-140,G01-260203-135159-140.bmp,G01,2026-02-03T13:51:59,2026-02-03,G01_2026-02-03,140,val,normal,,1025,1281,1,c2029fcf44e85131230bd545421adbca570529a687aab7ede56dd99c7715b462,,
1.0,G01-260203-135234-141,G01-260203-135234-141.bmp,G01,2026-02-03T13:52:34,2026-02-03,G01_2026-02-03,141,val,normal,,1025,1281,1,43490b99c7d1f3c5a3f6fc001a727009aa35fbbe4e8c713b3b9a8f21bcc41654,,
1.0,G01-260203-135245-142,G01-260203-135245-142.bmp,G01,2026-02-03T13:52:45,2026-02-03,G01_2026-02-03,142,val,normal,,1025,1281,1,3ce729833af9b0010ac0eddb655fd3c67f61771009e83cf2ea887e4e3876b17b,,
1.0,G01-260203-135251-143,G01-260203-135251-143.bmp,G01,2026-02-03T13:52:51,2026-02-03,G01_2026-02-03,143,val,normal,,1025,1281,1,206271dc9c0849ff8baecfe12ccab304fdfdb171fbc010afc1ad787a74d3c61f,,
1.0,G01-260203-135301-144,G01-260203-135301-144.bmp,G01,2026-02-03T13:53:01,2026-02-03,G01_2026-02-03,144,val,normal,,1025,1281,1,a54fbeed6ed452bd6e84342084d2ac54248c2689cbfac429a35883de977c618b,,
1.0,G01-260203-135316-145,G01-260203-135316-145.bmp,G01,2026-02-03T13:53:16,2026-02-03,G01_2026-02-03,145,val,normal,,1025,1281,1,0c2be983458db4430b21c270452932037752aa7fd36ec8f774ab531a64c165b5,,
1.0,G01-260203-135326-146,G01-260203-135326-146.bmp,G01,2026-02-03T13:53:26,2026-02-03,G01_2026-02-03,146,val,normal,,1025,1281,1,e9263dfa81e907c6221dc672dcac8b49b5424b154ced1391b3b98205ce0a2c8a,,
1.0,G01-260203-135405-147,G01-260203-135405-147.bmp,G01,2026-02-03T13:54:05,2026-02-03,G01_2026-02-03,147,val,normal,,1025,1281,1,59811967e977ca0c3287e0ab8a7141d8feafaff5f3f5b10621c119f42df0a440,,
1.0,G01-260203-135415-148,G01-260203-135415-148.bmp,G01,2026-02-03T13:54:15,2026-02-03,G01_2026-02-03,148,val,normal,,1025,1281,1,2a9958c2bb30588d5da84cebe5df5e62c0579d5a52206b01f7dd655c961156d4,,
1.0,G01-260203-135425-149,G01-260203-135425-149.bmp,G01,2026-02-03T13:54:25,2026-02-03,G01_2026-02-03,149,val,normal,,1025,1281,1,40209c5d17f60cd92a736d38a4ae2fe0ffa6400b0c907d93e00803ac6e9761d1,,
1.0,G01-260203-135435-150,G01-260203-135435-150.bmp,G01,2026-02-03T13:54:35,2026-02-03,G01_2026-02-03,150,val,normal,,1025,1281,1,ac4ddc9068c829e8d9e87096cccaadbb365aeab257fd251bdb820c1f4edc9a61,,
1.0,G01-260203-135443-151,G01-260203-135443-151.bmp,G01,2026-02-03T13:54:43,2026-02-03,G01_2026-02-03,151,val,normal,,1025,1281,1,da6fcca95bb36a7d69a0d6acbfe5e2507a2c20a4bed2b7b28ded4ba795c8364d,,
1.0,G01-260203-135450-152,G01-260203-135450-152.bmp,G01,2026-02-03T13:54:50,2026-02-03,G01_2026-02-03,152,val,normal,,1025,1281,1,55d5daa725a55cc18c487aee2bb1733b719db05adf742a1afe161c507c254e2c,,
1.0,G01-260203-135605-153,G01-260203-135605-153.bmp,G01,2026-02-03T13:56:05,2026-02-03,G01_2026-02-03,153,val,normal,,1025,1281,1,fd21615db0433b3414d837e95622189b243ce65a9bc7fa9727d55db206efa830,,
1.0,G01-260203-135615-154,G01-260203-135615-154.bmp,G01,2026-02-03T13:56:15,2026-02-03,G01_2026-02-03,154,val,normal,,1025,1281,1,37c63a690a7d25336f9aa9685b344f2612d61dc11dc1d819519696f76701a4e0,,
1.0,G01-260203-135626-155,G01-260203-135626-155.bmp,G01,2026-02-03T13:56:26,2026-02-03,G01_2026-02-03,155,val,normal,,1025,1281,1,99fcf1bd6057298f627f758ee0d7205abf92feb9917bf1a0367973e296bb1c9c,,
1.0,G01-260203-135636-156,G01-260203-135636-156.bmp,G01,2026-02-03T13:56:36,2026-02-03,G01_2026-02-03,156,val,normal,,1025,1281,1,562cb0b14deeb2be21078863e8ae51001818520139af6b4abf3d70a16197acf4,,
1.0,G01-260203-135645-157,G01-260203-135645-157.bmp,G01,2026-02-03T13:56:45,2026-02-03,G01_2026-02-03,157,val,normal,,1025,1281,1,e8f3ae7f89906f4da73e9be664379786527729049af8835d715f8a8b23e42343,,
1.0,G01-260203-135655-158,G01-260203-135655-158.bmp,G01,2026-02-03T13:56:55,2026-02-03,G01_2026-02-03,158,val,normal,,1025,1281,1,a45e56cd9d44bc3828a2df110ed5fb2fbdbb4475d13752c2c19e45cadd9cf20f,,
1.0,G01-260203-135703-159,G01-260203-135703-159.bmp,G01,2026-02-03T13:57:03,2026-02-03,G01_2026-02-03,159,val,normal,,1025,1281,1,de5ec62058bcad4fe5b4395e30afdcb4297c07ddf0be8f3890e227dfb86d3965,,
1.0,G01-260203-135715-160,G01-260203-135715-160.bmp,G01,2026-02-03T13:57:15,2026-02-03,G01_2026-02-03,160,val,normal,,1025,1281,1,9d86d36e83d80dde1daf55b5b37b1667f9eeb0cce0a46634454bbd611f326a48,,
1.0,G01-260203-135729-161,G01-260203-135729-161.bmp,G01,2026-02-03T13:57:29,2026-02-03,G01_2026-02-03,161,val,normal,,1025,1281,1,8b762f7ef85d8b9f3f9560e09f394a9dd6e66436994633ef9e610f0eb31510ba,,
1.0,G01-260203-135737-162,G01-260203-135737-162.bmp,G01,2026-02-03T13:57:37,2026-02-03,G01_2026-02-03,162,val,normal,,1025,1281,1,691c6b38a8f732d1cd573e77b353ccf23a38d4de349fd3164d222b25483a080a,,
1.0,G01-260203-135759-163,G01-260203-135759-163.bmp,G01,2026-02-03T13:57:59,2026-02-03,G01_2026-02-03,163,val,normal,,1025,1281,1,097f8aaad6b23e2ad15669a3512d9b538a37cad629d6a22e4ad045d3b0e87aef,,
1.0,G01-260203-135809-164,G01-260203-135809-164.bmp,G01,2026-02-03T13:58:09,2026-02-03,G01_2026-02-03,164,val,normal,,1025,1281,1,eea87ccc2438558c2137925cc5015a1e19b921ac94d1828c40022bd8f3bd8ed5,,
1.0,G01-260203-135829-165,G01-260203-135829-165.bmp,G01,2026-02-03T13:58:29,2026-02-03,G01_2026-02-03,165,val,normal,,1025,1281,1,8bcac000060de0aaedbb5dceeefb81cf78927b8dc5d7c032e7ea2167239da0b2,,
1.0,G01-260203-135841-166,G01-260203-135841-166.bmp,G01,2026-02-03T13:58:41,2026-02-03,G01_2026-02-03,166,val,normal,,1025,1281,1,ef5988937c8933ca37b25b04624b05566c897421399890e4253a7e43c1d4ae53,,
1.0,G01-260203-135900-167,G01-260203-135900-167.bmp,G01,2026-02-03T13:59:00,2026-02-03,G01_2026-02-03,167,val,normal,,1025,1281,1,7f6cbe20cdc65dc9fe6bfaded23bf911703dc3ea8fb446126573ae3875217131,,
1.0,G01-260203-135912-168,G01-260203-135912-168.bmp,G01,2026-02-03T13:59:12,2026-02-03,G01_2026-02-03,168,val,normal,,1025,1281,1,fcadb313470cd99678fde82ebc49a7f55cdce75c0384eaae29952e73f80e11b0,,
1.0,G01-260203-135933-169,G01-260203-135933-169.bmp,G01,2026-02-03T13:59:33,2026-02-03,G01_2026-02-03,169,val,normal,,1025,1281,1,29770fbc487d2c45c2de00663a6c21e2b809b5830e2ced6c6a4c46db35e2a04c,,
1.0,G01-260203-135945-170,G01-260203-135945-170.bmp,G01,2026-02-03T13:59:45,2026-02-03,G01_2026-02-03,170,val,normal,,1025,1281,1,19d68e496e01cc54953dd83c18eca5e9e1db8b1c79f618269d1b772c79bc0454,,
1.0,G01-260203-140001-171,G01-260203-140001-171.bmp,G01,2026-02-03T14:00:01,2026-02-03,G01_2026-02-03,171,val,normal,,1025,1281,1,e35233b27d8edff814e62520dc03fc4bfe173d457a68763558b8b84d079251e3,,
1.0,G01-260203-140011-172,G01-260203-140011-172.bmp,G01,2026-02-03T14:00:11,2026-02-03,G01_2026-02-03,172,val,normal,,1025,1281,1,f130d8bb141527b5d346d719295d02b2407c1dfaec28764d68c81f87dfe2658e,,
1.0,G01-260203-140031-173,G01-260203-140031-173.bmp,G01,2026-02-03T14:00:31,2026-02-03,G01_2026-02-03,173,val,normal,,1025,1281,1,9dccccf71fb2018a51c58003cdf39eacd734d4effbdd28d7ca31188a94edfde4,,
1.0,G01-260203-140043-174,G01-260203-140043-174.bmp,G01,2026-02-03T14:00:43,2026-02-03,G01_2026-02-03,174,val,normal,,1025,1281,1,b82940d41f4c114e5d5c114042765ff5c8fee134c74efdaffbeb01478a3fce10,,
1.0,G01-260203-140101-175,G01-260203-140101-175.bmp,G01,2026-02-03T14:01:01,2026-02-03,G01_2026-02-03,175,val,normal,,1025,1281,1,90e0764a2574d27805b7c6850884a86e9775046a45ab40bcfa6bbefc6099dbd3,,
1.0,G01-260203-140114-176,G01-260203-140114-176.bmp,G01,2026-02-03T14:01:14,2026-02-03,G01_2026-02-03,176,val,normal,,1025,1281,1,38b1a9908178eeb5374646fa709fe99a0f3dd1caea7fa0cb3cd88079f26edb01,,
1.0,G01-260203-140130-177,G01-260203-140130-177.bmp,G01,2026-02-03T14:01:30,2026-02-03,G01_2026-02-03,177,val,normal,,1025,1281,1,ec502c586d5cce1eefebe4648f66fc2b27a51a7fcd329e75fd25d0bd44ce2287,,
1.0,G01-260203-140140-178,G01-260203-140140-178.bmp,G01,2026-02-03T14:01:40,2026-02-03,G01_2026-02-03,178,val,normal,,1025,1281,1,a19eec1739a8f2b4228518367866c3367d41addbad65ed33ae01752ec08c1a44,,
1.0,G01-260203-140200-179,G01-260203-140200-179.bmp,G01,2026-02-03T14:02:00,2026-02-03,G01_2026-02-03,179,val,normal,,1025,1281,1,581dc5a84e0c6b282a09e4714277616e72cd7f298fef6b5b3efd1d4a6490a5ab,,
1.0,G01-260203-140211-180,G01-260203-140211-180.bmp,G01,2026-02-03T14:02:11,2026-02-03,G01_2026-02-03,180,val,normal,,1025,1281,1,69aecc0800ab9ca1793333f8e8d1094f73fefee9e64573826aedb31be1603a33,,
1.0,G01-260203-140231-181,G01-260203-140231-181.bmp,G01,2026-02-03T14:02:31,2026-02-03,G01_2026-02-03,181,val,normal,,1025,1281,1,0e9b8a3634dec1c75b9fae12ba1f94e5ef4c48fdd4a1790fbffbf448acf14678,,
1.0,G01-260203-140243-182,G01-260203-140243-182.bmp,G01,2026-02-03T14:02:43,2026-02-03,G01_2026-02-03,182,val,normal,,1025,1281,1,b7e3c1a6b7f25862bf3e2fd32d0722a6ae962eeab3d69da89431538c4e5190b8,,
1.0,G01-260203-140300-183,G01-260203-140300-183.bmp,G01,2026-02-03T14:03:00,2026-02-03,G01_2026-02-03,183,val,normal,,1025,1281,1,70bb30fe81ca43613fca91adfc254b9d5f3393a70375d5c1882831c16212a866,,
1.0,G01-260203-140309-184,G01-260203-140309-184.bmp,G01,2026-02-03T14:03:09,2026-02-03,G01_2026-02-03,184,val,normal,,1025,1281,1,2572e64b11294cca414816c7c66ac0c28c7277ded9063ce4957953ee109fc498,,
1.0,G01-260203-140331-185,G01-260203-140331-185.bmp,G01,2026-02-03T14:03:31,2026-02-03,G01_2026-02-03,185,val,normal,,1025,1281,1,7591dc6f12d1c812a216904f305979ee39e4c21d4b87e5d1186c36e619680bf0,,
1.0,G01-260203-140341-186,G01-260203-140341-186.bmp,G01,2026-02-03T14:03:41,2026-02-03,G01_2026-02-03,186,val,normal,,1025,1281,1,81865721289c723099d5edc3a772aa7a7e650d1dd4f13eae36fd8a88ad975cdb,,
1.0,G01-260203-140400-187,G01-260203-140400-187.bmp,G01,2026-02-03T14:04:00,2026-02-03,G01_2026-02-03,187,val,normal,,1025,1281,1,8577627e2111f0f2819b5ca0c724fbedbfb03c34ab5aa472cc2ac8fff4d9f776,,
1.0,G01-260203-140410-188,G01-260203-140410-188.bmp,G01,2026-02-03T14:04:10,2026-02-03,G01_2026-02-03,188,val,normal,,1025,1281,1,fe7384b30f6f1dea22c36466477d737fde135ccc44e852cc14d730235572cc57,,
1.0,G01-260203-140432-189,G01-260203-140432-189.bmp,G01,2026-02-03T14:04:32,2026-02-03,G01_2026-02-03,189,val,normal,,1025,1281,1,19f4e1f62a05bcf5be97d7d3e45ebf1e80afe76a405e4c813bda89d175bef58d,,
1.0,G01-260203-140445-190,G01-260203-140445-190.bmp,G01,2026-02-03T14:04:45,2026-02-03,G01_2026-02-03,190,val,normal,,1025,1281,1,5d16af3ab32f6198dc42b7085495ead5be07b2b20f573ac70cbe8b9c73d1a251,,
1.0,G01-260203-140502-191,G01-260203-140502-191.bmp,G01,2026-02-03T14:05:02,2026-02-03,G01_2026-02-03,191,val,normal,,1025,1281,1,01812adca6cb96c59ea1ff9d40332d286566deba63bdbee470e1619aff00ecc0,,
1.0,G01-260203-140510-192,G01-260203-140510-192.bmp,G01,2026-02-03T14:05:10,2026-02-03,G01_2026-02-03,192,val,normal,,1025,1281,1,921a764b9aa215fd50133f37f5a319c0990f4993f7aead23ab0f458fae31b1b5,,
1.0,G01-260203-140612-194,G01-260203-140612-194.bmp,G01,2026-02-03T14:06:12,2026-02-03,G01_2026-02-03,194,val,normal,,1025,1281,1,8c70b380a0545d6c0ba8fe263a8373d7f5d884233106f3a60e90e4c423ea7ddb,,
1.0,G01-260203-140618-195,G01-260203-140618-195.bmp,G01,2026-02-03T14:06:18,2026-02-03,G01_2026-02-03,195,val,normal,,1025,1281,1,32fe054ce5b64f9028156507a6c39348865a11a855d33bf22f17c4358b97a7f4,,
1.0,G01-260203-140624-196,G01-260203-140624-196.bmp,G01,2026-02-03T14:06:24,2026-02-03,G01_2026-02-03,196,val,normal,,1025,1281,1,098913a1a04dbbf0cdf263faede8565fd735af9816f1ef9d5981c0c62a7eb923,,
1.0,G01-260203-140632-197,G01-260203-140632-197.bmp,G01,2026-02-03T14:06:32,2026-02-03,G01_2026-02-03,197,val,normal,,1025,1281,1,9f189922b5b7950ec68ff9adaf4e59fb1195bd458c2964e27e2e529e98489519,,
1.0,G01-260203-140641-198,G01-260203-140641-198.bmp,G01,2026-02-03T14:06:41,2026-02-03,G01_2026-02-03,198,val,normal,,1025,1281,1,a6065401640e43d700f39cc696a8c5da9a0c87e186371617eea789d8ea48f7bf,,
1.0,G01-260203-140703-199,G01-260203-140703-199.bmp,G01,2026-02-03T14:07:03,2026-02-03,G01_2026-02-03,199,val,normal,,1025,1281,1,a16fabe537d68310171dec171858edf2743463bbbbf163d34fb2e9c99d847635,,
1.0,G01-260203-140711-200,G01-260203-140711-200.bmp,G01,2026-02-03T14:07:11,2026-02-03,G01_2026-02-03,200,val,normal,,1025,1281,1,60c0c5c903d1ef42bba358af45217a425832c8b5e762f1dcfef2f793bcfc1d65,,
1.0,G01-260203-140732-201,G01-260203-140732-201.bmp,G01,2026-02-03T14:07:32,2026-02-03,G01_2026-02-03,201,val,normal,,1025,1281,1,f7e1551183bcfcacc8760d74306d1c4c0bb766259ed0aa137a78df17bf187f7e,,
1.0,G01-260203-140744-202,G01-260203-140744-202.bmp,G01,2026-02-03T14:07:44,2026-02-03,G01_2026-02-03,202,val,normal,,1025,1281,1,33d4c00e927ef6822293bea71bedc54d8ee905240f009081e7670f262af4d66f,,
1.0,G01-260203-140803-203,G01-260203-140803-203.bmp,G01,2026-02-03T14:08:03,2026-02-03,G01_2026-02-03,203,val,normal,,1025,1281,1,feeaa9dd78c32248e8e3f9e56bc20405b4375d9fb5d0048f6a242c141ba37ec4,,
1.0,G01-260203-140815-204,G01-260203-140815-204.bmp,G01,2026-02-03T14:08:15,2026-02-03,G01_2026-02-03,204,val,normal,,1025,1281,1,50b73c2e0d73f5a8ded583d8b8ef934df3d7fb7d40e5f3678086c55267e55947,,
1.0,G01-260203-140833-205,G01-260203-140833-205.bmp,G01,2026-02-03T14:08:33,2026-02-03,G01_2026-02-03,205,val,normal,,1025,1281,1,9dc3d57d3e2456702a231fad130792daed6d084b3cc73dbc30dd7813c0782d8b,,
1.0,G01-260203-140842-206,G01-260203-140842-206.bmp,G01,2026-02-03T14:08:42,2026-02-03,G01_2026-02-03,206,val,normal,,1025,1281,1,3ef9799e12053c62b63c9abc5fb4bf8acc7bedc0a189d66443505121aa8179da,,
1.0,G01-260203-140902-207,G01-260203-140902-207.bmp,G01,2026-02-03T14:09:02,2026-02-03,G01_2026-02-03,207,val,normal,,1025,1281,1,fcf0ad99d4ba7c9c2f1d70f46b2a3b6016404d0c3058fb80158217bcb2ac818d,,
1.0,G01-260203-140913-208,G01-260203-140913-208.bmp,G01,2026-02-03T14:09:13,2026-02-03,G01_2026-02-03,208,val,normal,,1025,1281,1,cbb4aad6433c91f19392f2606fe97bfc4cc52f3b9bfe4e91db359a054a7d483f,,
1.0,G01-260203-140933-209,G01-260203-140933-209.bmp,G01,2026-02-03T14:09:33,2026-02-03,G01_2026-02-03,209,val,normal,,1025,1281,1,758f49b151a30d0611d730fffd2134a93f1c8007c473cdad1f3793f7ae12be94,,
1.0,G01-260203-140945-210,G01-260203-140945-210.bmp,G01,2026-02-03T14:09:45,2026-02-03,G01_2026-02-03,210,val,normal,,1025,1281,1,1168951937088f7ea077d6f0f9506595fde9e3a95d0766df8c553ff5639b2722,,
1.0,G01-260203-141003-211,G01-260203-141003-211.bmp,G01,2026-02-03T14:10:03,2026-02-03,G01_2026-02-03,211,val,normal,,1025,1281,1,019da669dc18f183f3ab78e08e5417528be031ece4a12483e65e885ca0a81a7c,,
1.0,G01-260203-141013-212,G01-260203-141013-212.bmp,G01,2026-02-03T14:10:13,2026-02-03,G01_2026-02-03,212,val,normal,,1025,1281,1,32badef077d40ca21735e5315d5cc88f8509b6a7eece2be51a065beda02f1e9a,,
1.0,G01-260203-141033-213,G01-260203-141033-213.bmp,G01,2026-02-03T14:10:33,2026-02-03,G01_2026-02-03,213,val,normal,,1025,1281,1,14812456eec063d7b0674578b38796a2455a0946f41374b904cfcec5b578a62c,,
1.0,G01-260203-141048-214,G01-260203-141048-214.bmp,G01,2026-02-03T14:10:48,2026-02-03,G01_2026-02-03,214,val,normal,,1025,1281,1,24c65610b420148fec0ce0a440571b21a36ed2ef32a5c1f5f092a918678e5bd8,,
1.0,G01-260203-141103-215,G01-260203-141103-215.bmp,G01,2026-02-03T14:11:03,2026-02-03,G01_2026-02-03,215,val,normal,,1025,1281,1,0bdb78d37fede0f3b27fcafcea3cd37e802f796330f90661b7ab32dc8d357f25,,
1.0,G01-260203-141114-216,G01-260203-141114-216.bmp,G01,2026-02-03T14:11:14,2026-02-03,G01_2026-02-03,216,val,normal,,1025,1281,1,68c98aab15cf2b1762bc1158c3176843d38411233c705cb093e471a3d53b82fc,,
1.0,G01-260203-141134-217,G01-260203-141134-217.bmp,G01,2026-02-03T14:11:34,2026-02-03,G01_2026-02-03,217,val,normal,,1025,1281,1,28c50c4faac4dc54fe71a4f3e8364f83b389b385aa8ee20845e6c8c481a4264b,,
1.0,G01-260203-141146-218,G01-260203-141146-218.bmp,G01,2026-02-03T14:11:46,2026-02-03,G01_2026-02-03,218,val,normal,,1025,1281,1,79cc7823c0107a8d1173eb6c095ce18aee2ccf7536577920695c84b106b44d8e,,
1.0,G01-260203-141203-219,G01-260203-141203-219.bmp,G01,2026-02-03T14:12:03,2026-02-03,G01_2026-02-03,219,val,normal,,1025,1281,1,7cd0988cd286e6f5d9531b78c24a82c74fd1f567708df2b1bec7256393b382cb,,
1.0,G01-260203-141211-220,G01-260203-141211-220.bmp,G01,2026-02-03T14:12:11,2026-02-03,G01_2026-02-03,220,val,normal,,1025,1281,1,25f4c9539b1fca93fdca1b6f8de40ca25aa40788c9269aa65befcb0022db1a83,,
1.0,G01-260203-141233-221,G01-260203-141233-221.bmp,G01,2026-02-03T14:12:33,2026-02-03,G01_2026-02-03,221,val,normal,,1025,1281,1,0688b7b429d0032c1176bfd6d3e9c6ebae54e7a98c86fcc65a9ff3bf8d46bb83,,
1.0,G01-260203-141243-222,G01-260203-141243-222.bmp,G01,2026-02-03T14:12:43,2026-02-03,G01_2026-02-03,222,val,normal,,1025,1281,1,ace71866a06d615001bdb7000806ca84ebdc9a78e9039e8f51cf7f20f97dff8d,,
1.0,G01-260203-141303-223,G01-260203-141303-223.bmp,G01,2026-02-03T14:13:03,2026-02-03,G01_2026-02-03,223,val,normal,,1025,1281,1,28ba2b34b5d3bcfcf60e466986d985e4b8fed2b37aa8ca5cfd6241a929e27d17,,
1.0,G01-260203-141316-224,G01-260203-141316-224.bmp,G01,2026-02-03T14:13:16,2026-02-03,G01_2026-02-03,224,val,normal,,1025,1281,1,74691c345c4c606b1f84d727fb7f44a8442391ddff8e3a27d778e43d99652da2,,
1.0,G01-260203-141334-225,G01-260203-141334-225.bmp,G01,2026-02-03T14:13:34,2026-02-03,G01_2026-02-03,225,val,normal,,1025,1281,1,b65a0fe2ee55f40d471e142a7bdf8c271afc256ca99f5b28f0934ae4a5284ba3,,
1.0,G01-260203-141345-226,G01-260203-141345-226.bmp,G01,2026-02-03T14:13:45,2026-02-03,G01_2026-02-03,226,val,normal,,1025,1281,1,08973dda5afbbcba632746b5602d0fc4892d952aabf0ddd113c607f2ce05ec0b,,
1.0,G01-260203-141404-227,G01-260203-141404-227.bmp,G01,2026-02-03T14:14:04,2026-02-03,G01_2026-02-03,227,val,normal,,1025,1281,1,0f526e304fa0e28c62e7db614e9a6c9497aa82ac104b020d6845656aa50791ae,,
1.0,G01-260203-141412-228,G01-260203-141412-228.bmp,G01,2026-02-03T14:14:12,2026-02-03,G01_2026-02-03,228,val,normal,,1025,1281,1,a2972d23cd8fbf8fc520dd981851ec568a9af216db3003ff2533fc810f660660,,
1.0,G01-260203-141435-229,G01-260203-141435-229.bmp,G01,2026-02-03T14:14:35,2026-02-03,G01_2026-02-03,229,val,normal,,1025,1281,1,9503069fe895584e637c5dd337382f01a966bc00eb3cddcaa6c9aedf59621b27,,
1.0,G01-260203-141445-230,G01-260203-141445-230.bmp,G01,2026-02-03T14:14:45,2026-02-03,G01_2026-02-03,230,val,normal,,1025,1281,1,a908c1cbfb66411d2a04c9206d52eefe84d95cc258c567d46b3d8cf8453fc88a,,
1.0,G01-260203-141504-231,G01-260203-141504-231.bmp,G01,2026-02-03T14:15:04,2026-02-03,G01_2026-02-03,231,val,normal,,1025,1281,1,f60e763c6783962235e797443ba29de79f9cb888a45382b70aa2052ec535d51a,,
1.0,G01-260203-141516-232,G01-260203-141516-232.bmp,G01,2026-02-03T14:15:16,2026-02-03,G01_2026-02-03,232,val,normal,,1025,1281,1,9c8b591ca3452ac5a412cdc447506292b9703fbfce6d92fc7fb6039ad77c6991,,
1.0,G01-260203-141533-233,G01-260203-141533-233.bmp,G01,2026-02-03T14:15:33,2026-02-03,G01_2026-02-03,233,val,normal,,1025,1281,1,e35109adc278b6f76f3aa6eacb63fd9cbfcf30f07f9541c701185b65a204e5df,,
1.0,G01-260203-141545-234,G01-260203-141545-234.bmp,G01,2026-02-03T14:15:45,2026-02-03,G01_2026-02-03,234,val,normal,,1025,1281,1,4b242dcc9f4d5e035cad5e21e8cac1063dc435769fb0d943fb9fe6df5c3f75a3,,
1.0,G01-260203-141604-235,G01-260203-141604-235.bmp,G01,2026-02-03T14:16:04,2026-02-03,G01_2026-02-03,235,val,normal,,1025,1281,1,20e9f4510c856b635a0e78577fe2a723805a0725d6745319fc7a966de37bcc55,,
1.0,G01-260203-141614-236,G01-260203-141614-236.bmp,G01,2026-02-03T14:16:14,2026-02-03,G01_2026-02-03,236,val,normal,,1025,1281,1,fc0cc6a7d91abde501688dfbcada938ff28fc3f1e33cfdd83e2e50c0f305f852,,
1.0,G01-260203-141635-237,G01-260203-141635-237.bmp,G01,2026-02-03T14:16:35,2026-02-03,G01_2026-02-03,237,val,normal,,1025,1281,1,8ae5daaab8474fc9d675597996c32d0b1d181e18f1bd3b597cc6ce8339757472,,
1.0,G01-260203-141646-238,G01-260203-141646-238.bmp,G01,2026-02-03T14:16:46,2026-02-03,G01_2026-02-03,238,val,normal,,1025,1281,1,0b5903d67b4b60fd096dd67d63a224abaef79fb3be0e312af9b82a75e523e788,,
1.0,G01-260203-141705-239,G01-260203-141705-239.bmp,G01,2026-02-03T14:17:05,2026-02-03,G01_2026-02-03,239,val,normal,,1025,1281,1,8b19e20d467fe5ea8c7d5a258f52858234113c96e4c8d22c6925b0849bf42650,,
1.0,G01-260203-141718-240,G01-260203-141718-240.bmp,G01,2026-02-03T14:17:18,2026-02-03,G01_2026-02-03,240,val,normal,,1025,1281,1,ec73e61d304534dd865353858af92c00bd515201e8dadfe04a251b8b3bee4d4f,,
1.0,G01-260203-141736-241,G01-260203-141736-241.bmp,G01,2026-02-03T14:17:36,2026-02-03,G01_2026-02-03,241,val,normal,,1025,1281,1,2f6095bd33d2c88bd8eadd4b5d5ccc1fa187b934e47f00fc614361c3f1440587,,
1.0,G01-260203-141751-242,G01-260203-141751-242.bmp,G01,2026-02-03T14:17:51,2026-02-03,G01_2026-02-03,242,val,normal,,1025,1281,1,8e25eefe984790dbef56982d3cd2576099d8b3dc0cb8f09fea196de292c93eff,,
1.0,G01-260203-141806-243,G01-260203-141806-243.bmp,G01,2026-02-03T14:18:06,2026-02-03,G01_2026-02-03,243,val,normal,,1025,1281,1,071164d1425a3662b108717b05222abbaa411a9aa70a91e6644b1b09502ed7d3,,
1.0,G01-260203-141815-244,G01-260203-141815-244.bmp,G01,2026-02-03T14:18:15,2026-02-03,G01_2026-02-03,244,val,normal,,1025,1281,1,9982ef956df71c91fdb8e9e87af1514ca64fe36d2971c7e3f5d81f6d2d79a66d,,
1.0,G01-260203-141835-245,G01-260203-141835-245.bmp,G01,2026-02-03T14:18:35,2026-02-03,G01_2026-02-03,245,val,normal,,1025,1281,1,f60d1398bccd07bd1dd3954fce3036768ab43b97caa510a18213ed622dbfbedb,,
1.0,G01-260203-141848-246,G01-260203-141848-246.bmp,G01,2026-02-03T14:18:48,2026-02-03,G01_2026-02-03,246,val,normal,,1025,1281,1,6c98d49de8f6e7989d5671214a48620e90aac0ad376936542e4a0eb8e89b3fdd,,
1.0,G01-260203-141905-247,G01-260203-141905-247.bmp,G01,2026-02-03T14:19:05,2026-02-03,G01_2026-02-03,247,val,normal,,1025,1281,1,58c0ef97b0921d6af82851d4755005866d2ac5de3f94f5f4e0971b102aa01297,,
1.0,G01-260203-141920-248,G01-260203-141920-248.bmp,G01,2026-02-03T14:19:20,2026-02-03,G01_2026-02-03,248,val,normal,,1025,1281,1,193d6973c7477bef293f014849c12c0b6adb9f75f88e62e27b7e0e0095da63fc,,
1.0,G01-260203-141935-249,G01-260203-141935-249.bmp,G01,2026-02-03T14:19:35,2026-02-03,G01_2026-02-03,249,val,normal,,1025,1281,1,f91e5beca69f9d2b382e8f1f5bdb1f17e2e54c36ae31e8b4032220dfc17a9ea6,,
1.0,G01-260203-141944-250,G01-260203-141944-250.bmp,G01,2026-02-03T14:19:44,2026-02-03,G01_2026-02-03,250,val,normal,,1025,1281,1,30da51dfcce328b39a63a13bbad5b81eb621c4f8e999f6a65034bd40c8e1b423,,
1.0,G01-260203-142031-251,G01-260203-142031-251.bmp,G01,2026-02-03T14:20:31,2026-02-03,G01_2026-02-03,251,val,normal,,1025,1281,1,12eb2788c71615a70b0e479da7ef9d7b310fae05ed4db308a2331650ef29f24b,,
1.0,G01-260203-142037-252,G01-260203-142037-252.bmp,G01,2026-02-03T14:20:37,2026-02-03,G01_2026-02-03,252,val,normal,,1025,1281,1,932d21b0902ad26e4ed49e29a7c538f80b848395feee34b3e1fb50778bdb7214,,
1.0,G01-260203-142041-253,G01-260203-142041-253.bmp,G01,2026-02-03T14:20:41,2026-02-03,G01_2026-02-03,253,val,normal,,1025,1281,1,a1df66249e90b11c5ff398366682daf05a6f74d2fc96da213381723907b9af68,,
1.0,G01-260203-142047-254,G01-260203-142047-254.bmp,G01,2026-02-03T14:20:47,2026-02-03,G01_2026-02-03,254,val,normal,,1025,1281,1,e6d56fbd306391d1cfd931c57c089497140dd5973be863afaf5b88ee73ea19fc,,
1.0,G01-260203-142105-255,G01-260203-142105-255.bmp,G01,2026-02-03T14:21:05,2026-02-03,G01_2026-02-03,255,val,normal,,1025,1281,1,e99589564086e11f5c387fc8fb02072f92f57f883befc492160b7d6127ff0ad9,,
1.0,G01-260203-142120-256,G01-260203-142120-256.bmp,G01,2026-02-03T14:21:20,2026-02-03,G01_2026-02-03,256,val,normal,,1025,1281,1,73497d57dd94ec2b0e18d2d7d23df7cb870fcf0ea0b90af511361fc52fe1a99d,,
1.0,G01-260203-142135-257,G01-260203-142135-257.bmp,G01,2026-02-03T14:21:35,2026-02-03,G01_2026-02-03,257,val,normal,,1025,1281,1,3d81063519c76575d003e9a579c8edeede615121f773fd1175cffee07721cab9,,
1.0,G01-260203-142146-258,G01-260203-142146-258.bmp,G01,2026-02-03T14:21:46,2026-02-03,G01_2026-02-03,258,val,normal,,1025,1281,1,cc27725310d67d229d47def77e7891218047d7d249ec03c41dd3a619abd450a0,,
1.0,G01-260203-142205-259,G01-260203-142205-259.bmp,G01,2026-02-03T14:22:05,2026-02-03,G01_2026-02-03,259,val,normal,,1025,1281,1,dd391b76660add65747010f923948f57cf8f3a28c05e2cb448aed1fc9307703d,,
1.0,G01-260203-142218-260,G01-260203-142218-260.bmp,G01,2026-02-03T14:22:18,2026-02-03,G01_2026-02-03,260,val,normal,,1025,1281,1,2b42823c804871ea8f7beb7dbdb036b5866f47197b0bd37a38d88c32f68adba0,,
1.0,G01-260203-142237-261,G01-260203-142237-261.bmp,G01,2026-02-03T14:22:37,2026-02-03,G01_2026-02-03,261,val,normal,,1025,1281,1,2db7bbd056ee64d657199c7d87670d61c5e16e83c833780b66ec01a3c4880284,,
1.0,G01-260203-142249-262,G01-260203-142249-262.bmp,G01,2026-02-03T14:22:49,2026-02-03,G01_2026-02-03,262,val,normal,,1025,1281,1,89f93cb011b911f089018e279086b86ffd2f0558ff9b3de2255157a5d418ec1f,,
1.0,G01-260203-142307-263,G01-260203-142307-263.bmp,G01,2026-02-03T14:23:07,2026-02-03,G01_2026-02-03,263,val,normal,,1025,1281,1,e259982b69b6dedb35eb4fed961b8b44452db5d7df7c783cee6dea44922f2c76,,
1.0,G01-260203-142318-264,G01-260203-142318-264.bmp,G01,2026-02-03T14:23:18,2026-02-03,G01_2026-02-03,264,val,normal,,1025,1281,1,de702d5d71dabb88779f8a7b0808d1e7c1c6cc05ceb2f2ad5468a31265358d60,,
1.0,G01-260203-142337-265,G01-260203-142337-265.bmp,G01,2026-02-03T14:23:37,2026-02-03,G01_2026-02-03,265,val,normal,,1025,1281,1,2ede8510d8a70f039be7838a9d729ed1f5c8021b390e3e79d407fc30a8741abb,,
1.0,G01-260203-142347-266,G01-260203-142347-266.bmp,G01,2026-02-03T14:23:47,2026-02-03,G01_2026-02-03,266,val,normal,,1025,1281,1,888c28fdae9202e6ef45111347be9c9af01a3d5d05b3f340b3aad02d79ed3b92,,
1.0,G01-260203-142406-267,G01-260203-142406-267.bmp,G01,2026-02-03T14:24:06,2026-02-03,G01_2026-02-03,267,val,normal,,1025,1281,1,4cbde14194963d2db9be409e3f09ce600874028effaf50527b287ff9b060bca5,,
1.0,G01-260203-142419-268,G01-260203-142419-268.bmp,G01,2026-02-03T14:24:19,2026-02-03,G01_2026-02-03,268,val,normal,,1025,1281,1,bfb4ec454ca0547aee4b0812a956f0e9ee4686df48fa98ed07c19a41257e2736,,
1.0,G01-260203-142436-269,G01-260203-142436-269.bmp,G01,2026-02-03T14:24:36,2026-02-03,G01_2026-02-03,269,val,normal,,1025,1281,1,dee349d6e5c0b1864b194418a6652623fad7c3688001ae16a5dd297ffce1f7e8,,
1.0,G01-260203-142507-271,G01-260203-142507-271.bmp,G01,2026-02-03T14:25:07,2026-02-03,G01_2026-02-03,271,val,normal,,1025,1281,1,90a7fade11061543818558750ecf6198acfb01d4d35a0b533212b772eff4198b,,
1.0,G01-260203-142516-272,G01-260203-142516-272.bmp,G01,2026-02-03T14:25:16,2026-02-03,G01_2026-02-03,272,val,normal,,1025,1281,1,179e34547b2cce3239c260273a68d4f090f800ee1beda124f69003d796f0adf4,,
1.0,G01-260203-142538-273,G01-260203-142538-273.bmp,G01,2026-02-03T14:25:38,2026-02-03,G01_2026-02-03,273,val,normal,,1025,1281,1,43bea3d8552588dfd629fcb7d32b156f12765fc2e0ec99bf9ff01ad25690a1a5,,
1.0,G01-260203-142549-274,G01-260203-142549-274.bmp,G01,2026-02-03T14:25:49,2026-02-03,G01_2026-02-03,274,val,normal,,1025,1281,1,854927251bb42f1b738157de30ee214d555e017b492ae3ba5e92eb2340b09e5e,,
1.0,G01-260203-142607-275,G01-260203-142607-275.bmp,G01,2026-02-03T14:26:07,2026-02-03,G01_2026-02-03,275,val,normal,,1025,1281,1,0b39d95f2153f47cd1e5cb48d1032e86c1b69cc71c184145d6ef28e0e241f7c7,,
1.0,G01-260203-142619-276,G01-260203-142619-276.bmp,G01,2026-02-03T14:26:19,2026-02-03,G01_2026-02-03,276,val,normal,,1025,1281,1,f809cefa2c1ea94676b19793f38dab48cca4359b85f046485c26a264bb740a79,,
1.0,G01-260203-142638-277,G01-260203-142638-277.bmp,G01,2026-02-03T14:26:38,2026-02-03,G01_2026-02-03,277,val,normal,,1025,1281,1,6fa18e245d2acc5998e810d92c7db16c9a7956f17e276c54b78a693d992cbbb2,,
1.0,G01-260203-142647-278,G01-260203-142647-278.bmp,G01,2026-02-03T14:26:47,2026-02-03,G01_2026-02-03,278,val,normal,,1025,1281,1,a3caa3ebe4f3c146516b4abc45d3c2aecba2a5910885a4cdcf4c2e72069d6e66,,
1.0,G01-260203-142708-279,G01-260203-142708-279.bmp,G01,2026-02-03T14:27:08,2026-02-03,G01_2026-02-03,279,val,normal,,1025,1281,1,6b28666c62ac4f054fcab8b61ed931fff62bcac8985498bd1da13f79b0fb37c0,,
1.0,G01-260203-142717-280,G01-260203-142717-280.bmp,G01,2026-02-03T14:27:17,2026-02-03,G01_2026-02-03,280,val,normal,,1025,1281,1,0134db2dff97ff415a62e9f5d7ca78cea663db2e19d38f0a20e8a670aa7f0227,,
1.0,G01-260203-142737-281,G01-260203-142737-281.bmp,G01,2026-02-03T14:27:37,2026-02-03,G01_2026-02-03,281,val,normal,,1025,1281,1,b8665facc46eef9c9e504e9368bc0a93377eef08a8b56843f7c2c90c8714ac61,,
1.0,G01-260203-142749-282,G01-260203-142749-282.bmp,G01,2026-02-03T14:27:49,2026-02-03,G01_2026-02-03,282,val,normal,,1025,1281,1,9b4b57e1a15214aced7db79f12cc666dd116bd2805633e79bc002d1f7aef4156,,
1.0,G01-260203-142809-283,G01-260203-142809-283.bmp,G01,2026-02-03T14:28:09,2026-02-03,G01_2026-02-03,283,val,normal,,1025,1281,1,a5ea3ac4612c792816c02c55ef9a95749b0db484df1da381c3176b71d00b0a1c,,
1.0,G01-260203-142822-284,G01-260203-142822-284.bmp,G01,2026-02-03T14:28:22,2026-02-03,G01_2026-02-03,284,val,normal,,1025,1281,1,2152dbb411538959dabafe7c6ea54b74626bd725ed4785acd5be3c6ce095e199,,
1.0,G01-260203-142839-285,G01-260203-142839-285.bmp,G01,2026-02-03T14:28:39,2026-02-03,G01_2026-02-03,285,val,normal,,1025,1281,1,7a03ba4c80e29707cc70fc224963b79ef810f69295c48f43d103ad1fe9b06a75,,
1.0,G01-260203-142847-286,G01-260203-142847-286.bmp,G01,2026-02-03T14:28:47,2026-02-03,G01_2026-02-03,286,val,normal,,1025,1281,1,80509e109a9f594846f2f9f4047f2e2af79a9f03074a2b50b0d0bc76c5153f35,,
1.0,G01-260203-142907-287,G01-260203-142907-287.bmp,G01,2026-02-03T14:29:07,2026-02-03,G01_2026-02-03,287,val,normal,,1025,1281,1,cf9d2dc358ad263b34f1800c8ae247750edafa0cc99fa504861e929691b81200,,
1.0,G01-260203-142918-288,G01-260203-142918-288.bmp,G01,2026-02-03T14:29:18,2026-02-03,G01_2026-02-03,288,val,normal,,1025,1281,1,b165983b5f2e9fa9e0de49a18c3ea4d614f1bce4c3d02311749cb6a3a6c0325e,,
1.0,G01-260203-142938-289,G01-260203-142938-289.bmp,G01,2026-02-03T14:29:38,2026-02-03,G01_2026-02-03,289,val,normal,,1025,1281,1,30cb7bb2e5a81a7257e46b907503fca38df7930b50c7c07c389c3f00f5e144a4,,
1.0,G01-260203-142951-290,G01-260203-142951-290.bmp,G01,2026-02-03T14:29:51,2026-02-03,G01_2026-02-03,290,val,normal,,1025,1281,1,80ad50c97d87442c65f6c499a3127ce2c221c26a0bd4fe1292b445ff0259b8c9,,
1.0,G01-260203-143008-291,G01-260203-143008-291.bmp,G01,2026-02-03T14:30:08,2026-02-03,G01_2026-02-03,291,val,normal,,1025,1281,1,9e38de7a91f4536ff3c6640c6a3eec25b498b4db60d65e0983ae2a6a7d04c2d8,,
1.0,G01-260203-143017-292,G01-260203-143017-292.bmp,G01,2026-02-03T14:30:17,2026-02-03,G01_2026-02-03,292,val,normal,,1025,1281,1,40f8138b0bf544000c622e9c50e5d3656955ef609be14754009cbab22d5ec19e,,
1.0,G01-260203-143037-293,G01-260203-143037-293.bmp,G01,2026-02-03T14:30:37,2026-02-03,G01_2026-02-03,293,val,normal,,1025,1281,1,97e0e3676548b9877396e48916400ce3342cf84e24b6fd03a80f143044b3d552,,
1.0,G01-260203-143047-294,G01-260203-143047-294.bmp,G01,2026-02-03T14:30:47,2026-02-03,G01_2026-02-03,294,val,normal,,1025,1281,1,5ec4cdb60a4635e8a912b4aaa26fe01de115cd491d4c7e37ad9c38a422153c5d,,
1.0,G01-260203-143109-295,G01-260203-143109-295.bmp,G01,2026-02-03T14:31:09,2026-02-03,G01_2026-02-03,295,val,normal,,1025,1281,1,7eae219900cdb7f8d293d2796f46b2a34c7dcbdf93d28a32a129c5dcd902bb48,,
1.0,G01-260203-143120-296,G01-260203-143120-296.bmp,G01,2026-02-03T14:31:20,2026-02-03,G01_2026-02-03,296,val,normal,,1025,1281,1,d28b9d7095c5a47edd5c6a04137c55dc7a68cce6d93ee72c94a7122500279a2b,,
1.0,G01-260203-143139-297,G01-260203-143139-297.bmp,G01,2026-02-03T14:31:39,2026-02-03,G01_2026-02-03,297,val,normal,,1025,1281,1,39484372d50e58a72572ae4b3d5fb6c08eac92557a82b8d5e8c391b394023bae,,
1.0,G01-260203-143150-298,G01-260203-143150-298.bmp,G01,2026-02-03T14:31:50,2026-02-03,G01_2026-02-03,298,val,normal,,1025,1281,1,8905a427490aaa73ee8a46d6d33ac4b98fea456da45a7f15e6598ae00b2dd0ba,,
1.0,G01-260203-143204-299,G01-260203-143204-299.bmp,G01,2026-02-03T14:32:04,2026-02-03,G01_2026-02-03,299,val,normal,,1025,1281,1,b833e57b9cdd4c5a49d3ca0e3dc14e32083cae008b099d78d7eddd50b21db8e1,,
1.0,G01-260203-143217-300,G01-260203-143217-300.bmp,G01,2026-02-03T14:32:17,2026-02-03,G01_2026-02-03,300,val,normal,,1025,1281,1,6a77b540324575a5b29adc38b6648cfbd8157ca8556cbcdfcb7755ed0b0da5a3,,
1.0,G01-260203-143238-301,G01-260203-143238-301.bmp,G01,2026-02-03T14:32:38,2026-02-03,G01_2026-02-03,301,val,normal,,1025,1281,1,deb7d81d3de391d46da48af77a9d84c6af4e6668d7256b6f57674a12df176aee,,
1.0,G01-260203-143250-302,G01-260203-143250-302.bmp,G01,2026-02-03T14:32:50,2026-02-03,G01_2026-02-03,302,val,normal,,1025,1281,1,17e2062cb1a0d6553f32d4503fe03c591474375c0d64e67c9b19e419d35f20a5,,
1.0,G01-260203-143308-303,G01-260203-143308-303.bmp,G01,2026-02-03T14:33:08,2026-02-03,G01_2026-02-03,303,val,normal,,1025,1281,1,ecb7f86686e516b0003d8ad7a3cfd25dc8b3b18a12e4912842674223595de280,,
1.0,G01-260203-143321-304,G01-260203-143321-304.bmp,G01,2026-02-03T14:33:21,2026-02-03,G01_2026-02-03,304,val,normal,,1025,1281,1,1be2e4c668d33d781712e3bf45d3abcda6b49f96c814c6395f7d29306f5fcd28,,
1.0,G01-260203-143338-305,G01-260203-143338-305.bmp,G01,2026-02-03T14:33:38,2026-02-03,G01_2026-02-03,305,val,normal,,1025,1281,1,ee5c120a62467ae1252adb217a07f96573c3b5d65d039a1b3d930100f1a840f5,,
1.0,G01-260203-143348-306,G01-260203-143348-306.bmp,G01,2026-02-03T14:33:48,2026-02-03,G01_2026-02-03,306,val,normal,,1025,1281,1,265b2ac99248e36ec6f99341789f7c7ba74c4484a3590f4cae715154cd2d3824,,
1.0,G01-260203-143408-307,G01-260203-143408-307.bmp,G01,2026-02-03T14:34:08,2026-02-03,G01_2026-02-03,307,val,normal,,1025,1281,1,fba17a6f046272dbf0d0e6a2b6698f294a2bf1e7c46670ce4fa6a98b3b436ba3,,
1.0,G01-260203-143418-308,G01-260203-143418-308.bmp,G01,2026-02-03T14:34:18,2026-02-03,G01_2026-02-03,308,val,normal,,1025,1281,1,d2abf10508a29e869234419a4f8857a779a54c0b0e0f54a78be8a11754299aaa,,
1.0,G01-260203-143439-309,G01-260203-143439-309.bmp,G01,2026-02-03T14:34:39,2026-02-03,G01_2026-02-03,309,val,normal,,1025,1281,1,59b55e4e8fce5f4e395d6ff8781d8183716540a4517d821cab36fc575b8e6841,,
1.0,G01-260203-143451-310,G01-260203-143451-310.bmp,G01,2026-02-03T14:34:51,2026-02-03,G01_2026-02-03,310,val,normal,,1025,1281,1,9ad21637d3255f9fb306a6ec96d5de0f40f8fdf5052e794658974fe88023bd27,,
1.0,G01-260203-143510-311,G01-260203-143510-311.bmp,G01,2026-02-03T14:35:10,2026-02-03,G01_2026-02-03,311,val,normal,,1025,1281,1,9adf2211e58be0f1f4489542c55b58ad3464f52eeff3c9cf07fd69bb1e073f00,,
1.0,G01-260203-143523-312,G01-260203-143523-312.bmp,G01,2026-02-03T14:35:23,2026-02-03,G01_2026-02-03,312,val,normal,,1025,1281,1,641139293ac345cbc7ff98aa4e4be97310bf3cf2eef433e36d082fa1a5ed863e,,
1.0,G01-260203-143540-313,G01-260203-143540-313.bmp,G01,2026-02-03T14:35:40,2026-02-03,G01_2026-02-03,313,val,normal,,1025,1281,1,50ec87315b902c3b1e8f51a04d67dde429741bfef3c1da135797de5894ed1e38,,
1.0,G01-260203-143549-314,G01-260203-143549-314.bmp,G01,2026-02-03T14:35:49,2026-02-03,G01_2026-02-03,314,val,normal,,1025,1281,1,3a961caf5ca0c57ddc7e21ab281a200b3a246ef1d090c04a5901e9c2755e4a76,,
1.0,G01-260203-143609-315,G01-260203-143609-315.bmp,G01,2026-02-03T14:36:09,2026-02-03,G01_2026-02-03,315,val,normal,,1025,1281,1,07d5d3eade78aa0610c5c420bb153b2c7e3bb35179bf7a987f8ea5114c322b9f,,
1.0,G01-260203-143620-316,G01-260203-143620-316.bmp,G01,2026-02-03T14:36:20,2026-02-03,G01_2026-02-03,316,val,normal,,1025,1281,1,8913269e8e96fd2e093d430c59ccc0e37d568353b5e018519224a2056da3db90,,
1.0,G01-260203-143641-317,G01-260203-143641-317.bmp,G01,2026-02-03T14:36:41,2026-02-03,G01_2026-02-03,317,val,normal,,1025,1281,1,beba24202ace7f26b213abd9bb6906db89c0db7166e4aa7fca782886326d283f,,
1.0,G01-260203-143652-318,G01-260203-143652-318.bmp,G01,2026-02-03T14:36:52,2026-02-03,G01_2026-02-03,318,val,normal,,1025,1281,1,c648dc89346959d74060f8a61a35f78459b196f87f0f4fb662c56f07a7781828,,
1.0,G01-260203-143710-319,G01-260203-143710-319.bmp,G01,2026-02-03T14:37:10,2026-02-03,G01_2026-02-03,319,val,normal,,1025,1281,1,fd2a53c198f205913ba87589fc90d5af57f9babe1b8ef39b13a5b2866e3a2524,,
1.0,G01-260203-143724-320,G01-260203-143724-320.bmp,G01,2026-02-03T14:37:24,2026-02-03,G01_2026-02-03,320,val,normal,,1025,1281,1,0f134950941ceb90be5e44419638f32d673d73b0e318a4dd948237a4c903f6b1,,
1.0,G01-260203-143740-321,G01-260203-143740-321.bmp,G01,2026-02-03T14:37:40,2026-02-03,G01_2026-02-03,321,val,normal,,1025,1281,1,53963cf88da803e501ef760c98f31d74c09bcbbacb1dbd04b0faa31879d76cb5,,
1.0,G01-260203-143749-322,G01-260203-143749-322.bmp,G01,2026-02-03T14:37:49,2026-02-03,G01_2026-02-03,322,val,normal,,1025,1281,1,c13b55e7bc61ea76acb5048b28de4214e59a121aafd5d834301dc39961ffdd84,,
1.0,G01-260203-143809-323,G01-260203-143809-323.bmp,G01,2026-02-03T14:38:09,2026-02-03,G01_2026-02-03,323,val,normal,,1025,1281,1,aaab228cf7a145eb1cb5ee2c94e3227a1caa30fa1becd868c16ae916ceaeeef4,,
1.0,G01-260203-143823-324,G01-260203-143823-324.bmp,G01,2026-02-03T14:38:23,2026-02-03,G01_2026-02-03,324,val,normal,,1025,1281,1,d13ccacaa1de987aae3b147ad0a3df26fe0326cac1d40d339a71c36e0891a7bd,,
1.0,G01-260203-143840-325,G01-260203-143840-325.bmp,G01,2026-02-03T14:38:40,2026-02-03,G01_2026-02-03,325,val,normal,,1025,1281,1,83beeef12670d42a4f1df9192081532a7c82e836adc4bd326c9813f75a416a5e,,
1.0,G01-260203-143853-326,G01-260203-143853-326.bmp,G01,2026-02-03T14:38:53,2026-02-03,G01_2026-02-03,326,val,normal,,1025,1281,1,fc79da6762abe17e2cf3f0f452cf6b54e8cf47cc6a30699059ad1e354d4ad5bb,,
1.0,G01-260203-143911-327,G01-260203-143911-327.bmp,G01,2026-02-03T14:39:11,2026-02-03,G01_2026-02-03,327,val,normal,,1025,1281,1,374329eba6afc06a3bbec77136410f2b99aa494507bd2d6be8c44a1426f67bc8,,
1.0,G01-260203-143920-328,G01-260203-143920-328.bmp,G01,2026-02-03T14:39:20,2026-02-03,G01_2026-02-03,328,val,normal,,1025,1281,1,936b4d673dbe6c6f3b816970fcf150ddf2d52b6010feaa4b79232c163a87eb3b,,
1.0,G01-260203-143941-329,G01-260203-143941-329.bmp,G01,2026-02-03T14:39:41,2026-02-03,G01_2026-02-03,329,val,normal,,1025,1281,1,489c4106607bb5eb758063aab78a5bdfca468dc73acb637bae667671c447d0b2,,
1.0,G01-260203-143952-330,G01-260203-143952-330.bmp,G01,2026-02-03T14:39:52,2026-02-03,G01_2026-02-03,330,val,normal,,1025,1281,1,02a75508d45841e6236080fd1b783c49af532b7cfdd480922ec38079e778c26c,,
1.0,G01-260203-144011-331,G01-260203-144011-331.bmp,G01,2026-02-03T14:40:11,2026-02-03,G01_2026-02-03,331,val,normal,,1025,1281,1,211fa7be8ae537410b7ebd43fed3ec02af91ddb9ddf258e578d89ecb274c404a,,
1.0,G01-260203-144022-332,G01-260203-144022-332.bmp,G01,2026-02-03T14:40:22,2026-02-03,G01_2026-02-03,332,val,normal,,1025,1281,1,2faa44b9f1a15eb230f4154955a589c5b26511f9336e393af5dd8df78ab0b46a,,
1.0,G01-260203-144042-333,G01-260203-144042-333.bmp,G01,2026-02-03T14:40:42,2026-02-03,G01_2026-02-03,333,val,normal,,1025,1281,1,7caaa68089e1d356ab77ead14d8b313a7e6e3821b209463f2098bcdaf6de0e95,,
1.0,G01-260203-144055-334,G01-260203-144055-334.bmp,G01,2026-02-03T14:40:55,2026-02-03,G01_2026-02-03,334,val,normal,,1025,1281,1,eef803eabee9836144888d24c4a4d838c9a1bb89066919b5877149b84998f1fa,,
1.0,G01-260203-144110-335,G01-260203-144110-335.bmp,G01,2026-02-03T14:41:10,2026-02-03,G01_2026-02-03,335,val,normal,,1025,1281,1,d962d34ee5a7372c18bdff4b65e30e04420bf7353e8ae2040ff74fbf9d57bf90,,
1.0,G01-260203-144119-336,G01-260203-144119-336.bmp,G01,2026-02-03T14:41:19,2026-02-03,G01_2026-02-03,336,val,normal,,1025,1281,1,dc99d2fe195b9a524e8b6e08ba94b98794d4e3cff2a7f3dfa6b1998362939314,,
1.0,G01-260203-144141-337,G01-260203-144141-337.bmp,G01,2026-02-03T14:41:41,2026-02-03,G01_2026-02-03,337,val,normal,,1025,1281,1,8e84832ab59e21ee70d2a7f5190643493b64efe0e3ddc2fbc8d47fd3116b29a7,,
1.0,G01-260203-144151-338,G01-260203-144151-338.bmp,G01,2026-02-03T14:41:51,2026-02-03,G01_2026-02-03,338,val,normal,,1025,1281,1,3b64330324adbf50afb457ad39ab855813e68e755b33573f91ef1cb84f4911c8,,
1.0,G01-260203-144210-339,G01-260203-144210-339.bmp,G01,2026-02-03T14:42:10,2026-02-03,G01_2026-02-03,339,val,normal,,1025,1281,1,18ba22376480d4d01a92f49f524b3ae9e4b3cb76235d9993861e513cf6a4c043,,
1.0,G01-260203-144224-340,G01-260203-144224-340.bmp,G01,2026-02-03T14:42:24,2026-02-03,G01_2026-02-03,340,val,normal,,1025,1281,1,46ca96d663b882e77b5269b2e25b88333598cd92793f874a7be203e13fbded33,,
1.0,G01-260203-144241-341,G01-260203-144241-341.bmp,G01,2026-02-03T14:42:41,2026-02-03,G01_2026-02-03,341,val,normal,,1025,1281,1,e09622ee808ffb4f62cc5201753c5c2ac18efe95979c79450694d8fb91ceaea7,,
1.0,G01-260203-144249-342,G01-260203-144249-342.bmp,G01,2026-02-03T14:42:49,2026-02-03,G01_2026-02-03,342,val,normal,,1025,1281,1,393d42821fe2b29a337bf84966f57758107128558fb4b49d2fa8691136927dcc,,
1.0,G01-260203-144312-343,G01-260203-144312-343.bmp,G01,2026-02-03T14:43:12,2026-02-03,G01_2026-02-03,343,val,normal,,1025,1281,1,e26bf36f515e928512046aca3819cd839972c0a35a9e56ed4945e3b2ef893454,,
1.0,G01-260203-144321-344,G01-260203-144321-344.bmp,G01,2026-02-03T14:43:21,2026-02-03,G01_2026-02-03,344,val,normal,,1025,1281,1,41a0daba5409156ef9a77e5bbabee5a801c81156de5a17d308859c957f788d25,,
1.0,G01-260203-144342-345,G01-260203-144342-345.bmp,G01,2026-02-03T14:43:42,2026-02-03,G01_2026-02-03,345,val,normal,,1025,1281,1,48e051afb43b8b39eab18ba6273856a338a41775e7236f283070b9b1c5e5ca97,,
1.0,G01-260203-144400-346,G01-260203-144400-346.bmp,G01,2026-02-03T14:44:00,2026-02-03,G01_2026-02-03,346,val,normal,,1025,1281,1,3d0cea1a7db2d78298cfed366177d2a0d5bd18601a88fa3bfb4464a65747f928,,
1.0,G01-260203-144411-347,G01-260203-144411-347.bmp,G01,2026-02-03T14:44:11,2026-02-03,G01_2026-02-03,347,val,normal,,1025,1281,1,0f0a484e709011a408877a5ae0287c658ed26dc3d5fcd8c49e61a001f744e7ad,,
1.0,G01-260203-144425-348,G01-260203-144425-348.bmp,G01,2026-02-03T14:44:25,2026-02-03,G01_2026-02-03,348,val,normal,,1025,1281,1,fe567ac3502c2f338e0a729a1d153fe836d42fc950d699b095763aa903be2b0a,,
1.0,G01-260203-144442-349,G01-260203-144442-349.bmp,G01,2026-02-03T14:44:42,2026-02-03,G01_2026-02-03,349,val,normal,,1025,1281,1,a52e7b12ec3f3614c4438ffac753fc709a54b4d96104c291858f5b09e5768ace,,
1.0,G01-260203-144456-350,G01-260203-144456-350.bmp,G01,2026-02-03T14:44:56,2026-02-03,G01_2026-02-03,350,val,normal,,1025,1281,1,7322449c86b419ed65cca5ccace64c5d07060b3ae4d41fd8e4ac79a978bc75ff,,
1.0,G01-260203-144512-351,G01-260203-144512-351.bmp,G01,2026-02-03T14:45:12,2026-02-03,G01_2026-02-03,351,val,normal,,1025,1281,1,e77f3aaa3c56751e86e775eeca36cf6cde9b28f183bb70e1a191fbd94d80d267,,
1.0,G01-260203-144522-352,G01-260203-144522-352.bmp,G01,2026-02-03T14:45:22,2026-02-03,G01_2026-02-03,352,val,normal,,1025,1281,1,1bec127cff70138f144a96cb9f069a151219de1f1b5462a1a6b52580867184df,,
1.0,G01-260203-144541-353,G01-260203-144541-353.bmp,G01,2026-02-03T14:45:41,2026-02-03,G01_2026-02-03,353,val,normal,,1025,1281,1,d8b86989b5de402bdc63462c9f3ca1446bfcf03e0948b3b362bc0fa8de3c6dd1,,
1.0,G01-260203-144554-354,G01-260203-144554-354.bmp,G01,2026-02-03T14:45:54,2026-02-03,G01_2026-02-03,354,val,normal,,1025,1281,1,bb7f44801bc7fa957269c0487396afada7b1f21667d3d99bcbe2091c617bb0ec,,
1.0,G01-260203-144612-355,G01-260203-144612-355.bmp,G01,2026-02-03T14:46:12,2026-02-03,G01_2026-02-03,355,val,normal,,1025,1281,1,a8e94c0422b27b32908b70e285f2009ef78dc2d1306ab4bec04982bff9e30a2d,,
1.0,G01-260203-144620-356,G01-260203-144620-356.bmp,G01,2026-02-03T14:46:20,2026-02-03,G01_2026-02-03,356,val,normal,,1025,1281,1,43dd09115466c1595ad7ba947f710100ff918f87b5bacf99ecca9dbda0181ad3,,
1.0,G01-260203-144642-357,G01-260203-144642-357.bmp,G01,2026-02-03T14:46:42,2026-02-03,G01_2026-02-03,357,val,normal,,1025,1281,1,04b83fd5431a8753fb6cc1327b4e73d140647bbaf7081f0d993acc76acc8f885,,
1.0,G01-260203-144651-358,G01-260203-144651-358.bmp,G01,2026-02-03T14:46:51,2026-02-03,G01_2026-02-03,358,val,normal,,1025,1281,1,7a2613e24df4a316a7da26891efadf11ce874320c3e02f98d98ac15fa019ee40,,
1.0,G01-260203-144713-359,G01-260203-144713-359.bmp,G01,2026-02-03T14:47:13,2026-02-03,G01_2026-02-03,359,val,normal,,1025,1281,1,c2f112f4dacdde7f08b4349f904348fc7fd3e1a67300b1fa166d844c0a5c6ea2,,
1.0,G01-260203-144723-360,G01-260203-144723-360.bmp,G01,2026-02-03T14:47:23,2026-02-03,G01_2026-02-03,360,val,normal,,1025,1281,1,b333457870648283ad067e3efd3a1d28c0cfa306824570707213daae6ffc82d5,,
1.0,G01-260203-144743-361,G01-260203-144743-361.bmp,G01,2026-02-03T14:47:43,2026-02-03,G01_2026-02-03,361,val,normal,,1025,1281,1,ab06534e4ece8991caf342572651bcb008d66d0b3d424632a78b795fb52fc0de,,
1.0,G01-260203-144756-362,G01-260203-144756-362.bmp,G01,2026-02-03T14:47:56,2026-02-03,G01_2026-02-03,362,val,normal,,1025,1281,1,59a651cc1cd057aee77c24aa15ce796f5ef96decc31ec9cae27814171f5c673f,,
1.0,G01-260203-144812-363,G01-260203-144812-363.bmp,G01,2026-02-03T14:48:12,2026-02-03,G01_2026-02-03,363,val,normal,,1025,1281,1,8c3c169960a80a8afb3db7ad148a7d4d45c07c1b1a00b69af6e7d09c8f1b822e,,
1.0,G01-260203-144826-364,G01-260203-144826-364.bmp,G01,2026-02-03T14:48:26,2026-02-03,G01_2026-02-03,364,val,normal,,1025,1281,1,db75808251e92ab60346b0be52d6fb4955ddb9fe95a4f7aa72bc89ebc9cc1df1,,
1.0,G01-260203-144844-365,G01-260203-144844-365.bmp,G01,2026-02-03T14:48:44,2026-02-03,G01_2026-02-03,365,val,normal,,1025,1281,1,66bdc8ee2fab793580797c9f3ccd75cfada773902746329f42e11a3c3750e1a9,,
1.0,G01-260203-144852-366,G01-260203-144852-366.bmp,G01,2026-02-03T14:48:52,2026-02-03,G01_2026-02-03,366,val,normal,,1025,1281,1,bc6c4e40d4058e1a711fabe81cc63b7fe149c213c3caf39bd702d201a9e36390,,
1.0,G01-260203-144912-367,G01-260203-144912-367.bmp,G01,2026-02-03T14:49:12,2026-02-03,G01_2026-02-03,367,val,normal,,1025,1281,1,290d88894308737d3b33a67844c27279a3c43b6d2c0e35b948dafa5cd733f876,,
1.0,G01-260203-144925-368,G01-260203-144925-368.bmp,G01,2026-02-03T14:49:25,2026-02-03,G01_2026-02-03,368,val,normal,,1025,1281,1,110ea0d757d92d19580c13da6b1a69d4fd762ab4873f600db728cba485432b9d,,
1.0,G01-260203-144943-369,G01-260203-144943-369.bmp,G01,2026-02-03T14:49:43,2026-02-03,G01_2026-02-03,369,val,normal,,1025,1281,1,ab1d9c24a8a8c5d0a0fa5fd930c5a89f72074adbe3f830d82cb52482f4fb699e,,
1.0,G01-260203-144958-370,G01-260203-144958-370.bmp,G01,2026-02-03T14:49:58,2026-02-03,G01_2026-02-03,370,val,normal,,1025,1281,1,c50f24e015db4da62ced2e417856cb16836cb85224fae55b919351180d653e49,,
1.0,G01-260203-145013-371,G01-260203-145013-371.bmp,G01,2026-02-03T14:50:13,2026-02-03,G01_2026-02-03,371,val,normal,,1025,1281,1,46a30caca444f1c1eab9782734966cc88d1dee3e1910211b1434f6d626f7cb55,,
1.0,G01-260203-145023-372,G01-260203-145023-372.bmp,G01,2026-02-03T14:50:23,2026-02-03,G01_2026-02-03,372,val,normal,,1025,1281,1,eb74b39684d9122a31dd89aab10fc991abc659bc200a3b846bf251b4c40e834c,,
1.0,G01-260203-145044-373,G01-260203-145044-373.bmp,G01,2026-02-03T14:50:44,2026-02-03,G01_2026-02-03,373,val,normal,,1025,1281,1,57e981f47d4f10381d1db2d58c354390cd1cdd47ffd33eabd856df2579527767,,
1.0,G01-260203-145054-374,G01-260203-145054-374.bmp,G01,2026-02-03T14:50:54,2026-02-03,G01_2026-02-03,374,val,normal,,1025,1281,1,024a060dbed9fe05254bc499f11f6f867aedcd15042f71266a3c3033db626d3d,,
1.0,G01-260203-145113-375,G01-260203-145113-375.bmp,G01,2026-02-03T14:51:13,2026-02-03,G01_2026-02-03,375,val,normal,,1025,1281,1,839f6773a822b30059689c2b58a4a19159bbecd3ec15b6f9b14a50a852ed6694,,
1.0,G01-260203-145126-376,G01-260203-145126-376.bmp,G01,2026-02-03T14:51:26,2026-02-03,G01_2026-02-03,376,val,normal,,1025,1281,1,df8f6770eefa13afae1472c8879cacd19de85150458f56dcca3f0a0306e31a59,,
1.0,G01-260203-145144-377,G01-260203-145144-377.bmp,G01,2026-02-03T14:51:44,2026-02-03,G01_2026-02-03,377,val,normal,,1025,1281,1,7f507e53bbaa808e67fb52d541723cef2639256d864b56e0b8025c99845f68a1,,
1.0,G01-260203-145153-378,G01-260203-145153-378.bmp,G01,2026-02-03T14:51:53,2026-02-03,G01_2026-02-03,378,val,normal,,1025,1281,1,5dc6466211c2ef57a0cd09b263ca093397f15ef7802cb4275aa512d4e479cab9,,
1.0,G01-260203-145214-379,G01-260203-145214-379.bmp,G01,2026-02-03T14:52:14,2026-02-03,G01_2026-02-03,379,val,normal,,1025,1281,1,3a59c3823acfd0ea7e3bd91fbcf2137c866156f2c86b96277d05aeb7cc00b6eb,,
1.0,G01-260203-145223-380,G01-260203-145223-380.bmp,G01,2026-02-03T14:52:23,2026-02-03,G01_2026-02-03,380,val,normal,,1025,1281,1,8a1d8eef3caec5b1911fe7920979053d0a69b615f92066ee7878f99670856774,,
1.0,G01-260203-145244-381,G01-260203-145244-381.bmp,G01,2026-02-03T14:52:44,2026-02-03,G01_2026-02-03,381,val,normal,,1025,1281,1,cc5ea75c2cfaa2561f1ea1d0e71b3bbdc4c4095243cf22abe2415f1e8c7c523f,,
1.0,G01-260203-145259-382,G01-260203-145259-382.bmp,G01,2026-02-03T14:52:59,2026-02-03,G01_2026-02-03,382,val,normal,,1025,1281,1,56992a0a06e87f7d3bfc744a410b6211da1042c732644657763fde13e8a068e5,,
1.0,G01-260203-145314-383,G01-260203-145314-383.bmp,G01,2026-02-03T14:53:14,2026-02-03,G01_2026-02-03,383,val,normal,,1025,1281,1,426b4e87869ec5e684489bef566ad9fc62189358f6facd1235dbdad54b81a539,,
1.0,G01-260203-145328-384,G01-260203-145328-384.bmp,G01,2026-02-03T14:53:28,2026-02-03,G01_2026-02-03,384,val,normal,,1025,1281,1,d259fbb369ff81aefa193f03d6685c3fa4540538bbee93f2d711915a78c32d29,,
1.0,G01-260203-145344-385,G01-260203-145344-385.bmp,G01,2026-02-03T14:53:44,2026-02-03,G01_2026-02-03,385,val,normal,,1025,1281,1,270a467ee32bb8f7348ceb7cc9b5616f8013e9902c30ab9dbd4750bce50304cd,,
1.0,G01-260203-145356-386,G01-260203-145356-386.bmp,G01,2026-02-03T14:53:56,2026-02-03,G01_2026-02-03,386,val,normal,,1025,1281,1,55c72250e5be4a7de535b51d5efa36adb5126bcfdf4c78014c7de2e54f5f2c4e,,
1.0,G01-260203-145414-387,G01-260203-145414-387.bmp,G01,2026-02-03T14:54:14,2026-02-03,G01_2026-02-03,387,val,normal,,1025,1281,1,9c083ddf23c4f15a3aa9f81f01899072f329c1d64a8ca6b4690041ea6274b891,,
1.0,G01-260203-145500-388,G01-260203-145500-388.bmp,G01,2026-02-03T14:55:00,2026-02-03,G01_2026-02-03,388,val,normal,,1025,1281,1,568ba185c2e10212a133ee4f0da37f3b809b051975c0fef27bedddd3e5e3b674,,
1.0,G01-260203-145508-390,G01-260203-145508-390.bmp,G01,2026-02-03T14:55:08,2026-02-03,G01_2026-02-03,390,val,normal,,1025,1281,1,b30c9948715a28235b9c94095da43c6d2e3c912f73932bc8e2e095b2be355bf0,,
1.0,G01-260203-145517-391,G01-260203-145517-391.bmp,G01,2026-02-03T14:55:17,2026-02-03,G01_2026-02-03,391,val,normal,,1025,1281,1,0104f7d089178e0678732dd45910cc11cc36aa31acb55c57c48e0f099a39ecb4,,
1.0,G01-260203-145529-392,G01-260203-145529-392.bmp,G01,2026-02-03T14:55:29,2026-02-03,G01_2026-02-03,392,val,normal,,1025,1281,1,fc9dd1a103741e5ccd1d5cf46b870337bbf429e9060d4d172d301ee5efdc28b3,,
1.0,G01-260203-145545-393,G01-260203-145545-393.bmp,G01,2026-02-03T14:55:45,2026-02-03,G01_2026-02-03,393,val,normal,,1025,1281,1,3e0483be922cd737dd936a18b5d496838d87304426dd17940231027536e0a1b5,,
1.0,G01-260203-145559-394,G01-260203-145559-394.bmp,G01,2026-02-03T14:55:59,2026-02-03,G01_2026-02-03,394,val,normal,,1025,1281,1,0e5ee321204d3544996993a813ae29063fae9880e9337a899c9333a93edf721a,,
1.0,G01-260203-145615-395,G01-260203-145615-395.bmp,G01,2026-02-03T14:56:15,2026-02-03,G01_2026-02-03,395,val,normal,,1025,1281,1,bd5ac69110bf874baa78360d42b6f6969a600aab66386723dfe6467885f1f69d,,
1.0,G01-260203-145630-396,G01-260203-145630-396.bmp,G01,2026-02-03T14:56:30,2026-02-03,G01_2026-02-03,396,val,normal,,1025,1281,1,e8a168bc26bf9fa07b575ca18029d04ce1a30dc083fdbc530fbe3928d8a3de18,,
1.0,G01-260203-145645-397,G01-260203-145645-397.bmp,G01,2026-02-03T14:56:45,2026-02-03,G01_2026-02-03,397,val,normal,,1025,1281,1,08e8efe2dee1d4f4a52cea661a035c30839628aa6aa30b9ba516806de896af80,,
1.0,G01-260203-145659-398,G01-260203-145659-398.bmp,G01,2026-02-03T14:56:59,2026-02-03,G01_2026-02-03,398,val,normal,,1025,1281,1,572697c41e79c5ab1b1f5331c75f535beb011490ca07279dba368bcf2c06865f,,
1.0,G01-260203-145715-399,G01-260203-145715-399.bmp,G01,2026-02-03T14:57:15,2026-02-03,G01_2026-02-03,399,val,normal,,1025,1281,1,5038c5611cdb478f75eb35b4ba9a509d0b3c331ed93bee339b35566c4c9fe372,,
1.0,G01-260203-145724-400,G01-260203-145724-400.bmp,G01,2026-02-03T14:57:24,2026-02-03,G01_2026-02-03,400,val,normal,,1025,1281,1,9b238124d9d9bb58f4d78bab536a4016fb73568b2663fd6fda9abee3368c3f78,,
1.0,G01-260203-145745-401,G01-260203-145745-401.bmp,G01,2026-02-03T14:57:45,2026-02-03,G01_2026-02-03,401,val,normal,,1025,1281,1,464cea91787448477fa5e3f1639a9cc9515fca0be9db84f57ade5749b7d4cbc1,,
1.0,G01-260203-145757-402,G01-260203-145757-402.bmp,G01,2026-02-03T14:57:57,2026-02-03,G01_2026-02-03,402,val,normal,,1025,1281,1,cd270473a688dedc88bb8ca073b2639f4253f84cf6fb662389d920e6c5a2eb26,,
1.0,G01-260203-145815-403,G01-260203-145815-403.bmp,G01,2026-02-03T14:58:15,2026-02-03,G01_2026-02-03,403,val,normal,,1025,1281,1,86f4d2a8a7dc49edbb35289ec49251e8dc46a4c129c850c7123f3b639e3e28e2,,
1.0,G01-260203-145827-404,G01-260203-145827-404.bmp,G01,2026-02-03T14:58:27,2026-02-03,G01_2026-02-03,404,val,normal,,1025,1281,1,2a0994810f89bc6d3d0c16a0cc419aef86d95e4cd86bff1e3c696196105ea928,,
1.0,G01-260203-145846-405,G01-260203-145846-405.bmp,G01,2026-02-03T14:58:46,2026-02-03,G01_2026-02-03,405,val,normal,,1025,1281,1,20c39e735bb177b79b7489f657b0a39d85c4f2197173557e8687b24364f4300f,,
1.0,G01-260203-145940-406,G01-260203-145940-406.bmp,G01,2026-02-03T14:59:40,2026-02-03,G01_2026-02-03,406,val,normal,,1025,1281,1,a0ebd21e79c44b19752386d60e60abe0b8b146a93880bea6f669233992b3b2c5,,
1.0,G01-260203-150018-407,G01-260203-150018-407.bmp,G01,2026-02-03T15:00:18,2026-02-03,G01_2026-02-03,407,val,normal,,1025,1281,1,a35bae688279fb5ddf18be42957f6791c4e44cadd719b4dabde684060994380f,,
1.0,G01-260203-150028-408,G01-260203-150028-408.bmp,G01,2026-02-03T15:00:28,2026-02-03,G01_2026-02-03,408,val,normal,,1025,1281,1,dc8c0b58cebf1a8072ae7cc121a3b96c9e881622b2f864964e885125a073baab,,
1.0,G01-260203-150038-409,G01-260203-150038-409.bmp,G01,2026-02-03T15:00:38,2026-02-03,G01_2026-02-03,409,val,normal,,1025,1281,1,85812ade915364a253f889370fc79378d0a6e052581a2f80f9f04c3cd2d2a7ac,,
1.0,G01-260203-150048-410,G01-260203-150048-410.bmp,G01,2026-02-03T15:00:48,2026-02-03,G01_2026-02-03,410,val,normal,,1025,1281,1,814b22532a56c8136a84bfbcebc194a88965abbf95133eef6a9a0b2a25a41ed3,,
1.0,G01-260203-150058-411,G01-260203-150058-411.bmp,G01,2026-02-03T15:00:58,2026-02-03,G01_2026-02-03,411,val,normal,,1025,1281,1,22f547bf13446403ad1806a0d0f0e668e18929c859d35d4f5a8c530eb7cebe15,,
1.0,G01-260203-150108-412,G01-260203-150108-412.bmp,G01,2026-02-03T15:01:08,2026-02-03,G01_2026-02-03,412,val,normal,,1025,1281,1,416526888ddc28eff164f22124af72acb30dc08930f3b74824e3ee59f21914c1,,
1.0,G01-260203-150118-413,G01-260203-150118-413.bmp,G01,2026-02-03T15:01:18,2026-02-03,G01_2026-02-03,413,val,normal,,1025,1281,1,01ca7082719246ae78ae9d6c4020a38ba97842d3f5db75fce3560b91f08e6fca,,
1.0,G01-260203-150128-414,G01-260203-150128-414.bmp,G01,2026-02-03T15:01:28,2026-02-03,G01_2026-02-03,414,val,normal,,1025,1281,1,24da719bbdc48c594f30d89081671c140576f2813747d71fd18d6aaeac0a952b,,
1.0,G01-260203-150138-415,G01-260203-150138-415.bmp,G01,2026-02-03T15:01:38,2026-02-03,G01_2026-02-03,415,val,normal,,1025,1281,1,918738e93b92d36deee741eaabb947d62ca8e85bf47c2fe8a129a2b8016b12a7,,
1.0,G01-260203-150148-416,G01-260203-150148-416.bmp,G01,2026-02-03T15:01:48,2026-02-03,G01_2026-02-03,416,val,normal,,1025,1281,1,e383000d39650347b7afad55381a1ac3fe2f0b11526ee350bfee9d2e263cc1bf,,
1.0,G01-260203-150157-417,G01-260203-150157-417.bmp,G01,2026-02-03T15:01:57,2026-02-03,G01_2026-02-03,417,val,normal,,1025,1281,1,b6039a289ac079f9b9a92dedaf74b69c954e0327d49e52ce83e55f964e3fe583,,
1.0,G01-260203-150203-418,G01-260203-150203-418.bmp,G01,2026-02-03T15:02:03,2026-02-03,G01_2026-02-03,418,val,normal,,1025,1281,1,62777d300e2e8f7509e4d35674a66345840cfc38277fb2f96a28c9d30ddab4ab,,
1.0,G01-260203-150218-419,G01-260203-150218-419.bmp,G01,2026-02-03T15:02:18,2026-02-03,G01_2026-02-03,419,val,normal,,1025,1281,1,e86c0568b386e5cc68efc1c1c9c2fb4c3e9f04ca170b8fe6775168bc92594184,,
1.0,G01-260203-150229-420,G01-260203-150229-420.bmp,G01,2026-02-03T15:02:29,2026-02-03,G01_2026-02-03,420,val,normal,,1025,1281,1,9414abc6222e53e2626be6ccd78563c7c649b155a323d776bc12a75c41f07f4e,,
1.0,G01-260203-150246-421,G01-260203-150246-421.bmp,G01,2026-02-03T15:02:46,2026-02-03,G01_2026-02-03,421,val,normal,,1025,1281,1,86e74e08971f8745efb6f00c00f87b584215208e60787dec44b208fbac225e35,,
1.0,G01-260203-150255-422,G01-260203-150255-422.bmp,G01,2026-02-03T15:02:55,2026-02-03,G01_2026-02-03,422,val,normal,,1025,1281,1,8adb20fa2ee3052bd29a48334ca8eea64d4a4b5baeebb426671ef254d818a01b,,
1.0,G01-260203-150317-423,G01-260203-150317-423.bmp,G01,2026-02-03T15:03:17,2026-02-03,G01_2026-02-03,423,val,normal,,1025,1281,1,23ff648fe5b2c893da8aa285009dec9dfae6bb2a2eab2f96e8494f1c4e35fffe,,
1.0,G01-260203-150327-424,G01-260203-150327-424.bmp,G01,2026-02-03T15:03:27,2026-02-03,G01_2026-02-03,424,val,normal,,1025,1281,1,009f13103e19c25c2e7ca76c1ecf439d422cf378989231d8d31da9db84740f2c,,
1.0,G01-260203-150348-425,G01-260203-150348-425.bmp,G01,2026-02-03T15:03:48,2026-02-03,G01_2026-02-03,425,val,normal,,1025,1281,1,8ff6a39c7fa8439fd5160825cf9342072d2139c243aade824becbd3454f3d31b,,
1.0,G01-260203-150417-426,G01-260203-150417-426.bmp,G01,2026-02-03T15:04:17,2026-02-03,G01_2026-02-03,426,val,normal,,1025,1281,1,5fce0ae1ecdb5c395997813633ba1e08b137987b77d4453c9aee32abda56aa43,,
1.0,G01-260203-150427-427,G01-260203-150427-427.bmp,G01,2026-02-03T15:04:27,2026-02-03,G01_2026-02-03,427,val,normal,,1025,1281,1,47b433790ebd9b2e5b057c11e1dceb54020063b1ba73bde9a27b7489f9d470b1,,
1.0,G01-260203-150448-428,G01-260203-150448-428.bmp,G01,2026-02-03T15:04:48,2026-02-03,G01_2026-02-03,428,val,normal,,1025,1281,1,f48d63c14db0b229c46b6dbe9a86cd50f50e6598dbf53cd5c345f61376ee1ecb,,
1.0,G01-260203-150459-429,G01-260203-150459-429.bmp,G01,2026-02-03T15:04:59,2026-02-03,G01_2026-02-03,429,val,normal,,1025,1281,1,51ff5ea0456a43b79c93e3e93131ff6e42d09f50ca263e4da6b94965eac1e106,,
1.0,G01-260203-150518-430,G01-260203-150518-430.bmp,G01,2026-02-03T15:05:18,2026-02-03,G01_2026-02-03,430,val,normal,,1025,1281,1,6e21dc92ab5cfc55c6379854fed20797b4e4ed9c12cb1af0fa68cf8c1ac94c20,,
1.0,G01-260203-150534-431,G01-260203-150534-431.bmp,G01,2026-02-03T15:05:34,2026-02-03,G01_2026-02-03,431,val,normal,,1025,1281,1,00d0003770454eae5c719e23b96b1859eef61cb1dbcc9a63a360e59125f942ce,,
1.0,G01-260203-150547-432,G01-260203-150547-432.bmp,G01,2026-02-03T15:05:47,2026-02-03,G01_2026-02-03,432,val,normal,,1025,1281,1,b938c25fec154b734d9e2828acca249f61f90a831d37847614ad1f81d3c7ca4e,,
1.0,G01-260203-150559-433,G01-260203-150559-433.bmp,G01,2026-02-03T15:05:59,2026-02-03,G01_2026-02-03,433,val,normal,,1025,1281,1,fbfbeaa51abe373c19028bfc371f4b4e348574165b25f1e24f216903b28c1ef0,,
1.0,G01-260203-150618-434,G01-260203-150618-434.bmp,G01,2026-02-03T15:06:18,2026-02-03,G01_2026-02-03,434,val,normal,,1025,1281,1,791e72f0f48c43e9f25ae8cf327363f5815e0bef9681d4db1ad628a98efb4008,,
1.0,G01-260203-150626-435,G01-260203-150626-435.bmp,G01,2026-02-03T15:06:26,2026-02-03,G01_2026-02-03,435,val,normal,,1025,1281,1,f9881d0910db82e4f41a41f651b837b4dfa04a1c338ece6f8b530decebe88e89,,
1.0,G01-260203-150647-436,G01-260203-150647-436.bmp,G01,2026-02-03T15:06:47,2026-02-03,G01_2026-02-03,436,val,normal,,1025,1281,1,8416702737aa67feb4abba4dc89ea02e82dce44be16903903c11fd9e7e83760d,,
1.0,G01-260203-150700-437,G01-260203-150700-437.bmp,G01,2026-02-03T15:07:00,2026-02-03,G01_2026-02-03,437,val,normal,,1025,1281,1,8d37cad413cc1274223035e95b93590046de0cda89aba30e87d8ad28eb738954,,
1.0,G01-260203-150717-438,G01-260203-150717-438.bmp,G01,2026-02-03T15:07:17,2026-02-03,G01_2026-02-03,438,val,normal,,1025,1281,1,4312e7339942674599ea0ae0c00499efbf36e7700c0e5ac1b428818082ae7e29,,
1.0,G01-260203-150729-439,G01-260203-150729-439.bmp,G01,2026-02-03T15:07:29,2026-02-03,G01_2026-02-03,439,val,normal,,1025,1281,1,758966b0d3a514601bd1baa75cdd15caf5a266512550cf1ef4bac1382238b8f5,,
1.0,G01-260203-150749-440,G01-260203-150749-440.bmp,G01,2026-02-03T15:07:49,2026-02-03,G01_2026-02-03,440,val,normal,,1025,1281,1,ba267e5f53168a4934c33da5f0c0526a428a90555b6f14a577a08e46960ac2b9,,
1.0,G01-260203-150758-441,G01-260203-150758-441.bmp,G01,2026-02-03T15:07:58,2026-02-03,G01_2026-02-03,441,val,normal,,1025,1281,1,22c3a2d30bd61f782ab3e76e02e0a0357b1bbb99fde0277987e1d282360b9a5d,,
1.0,G01-260203-150817-442,G01-260203-150817-442.bmp,G01,2026-02-03T15:08:17,2026-02-03,G01_2026-02-03,442,val,normal,,1025,1281,1,70b208f3eb6272acef137b43a9db3aa9e2b032894b31441d3558c91c99f83781,,
1.0,G01-260203-150827-443,G01-260203-150827-443.bmp,G01,2026-02-03T15:08:27,2026-02-03,G01_2026-02-03,443,val,normal,,1025,1281,1,45fabdad9956687583c68939f8cc50b97c8e0ae4aef2b739583c88b57e812dd5,,
1.0,G01-260203-150848-444,G01-260203-150848-444.bmp,G01,2026-02-03T15:08:48,2026-02-03,G01_2026-02-03,444,val,normal,,1025,1281,1,4e1f4b1de3b48c8c29f2506155d75bcabd48d56f234be503b8e911db525b058c,,
1.0,G01-260203-150859-445,G01-260203-150859-445.bmp,G01,2026-02-03T15:08:59,2026-02-03,G01_2026-02-03,445,val,normal,,1025,1281,1,db49c4bfb15d04494f44a8573b82237786a0c635f277b1bd0fa014694233df9c,,
1.0,G01-260203-150918-446,G01-260203-150918-446.bmp,G01,2026-02-03T15:09:18,2026-02-03,G01_2026-02-03,446,val,normal,,1025,1281,1,fd7caddc3184e17f120a95c62006f717a64c69ae829e4638d21066c79d88aea3,,
1.0,G01-260203-150929-447,G01-260203-150929-447.bmp,G01,2026-02-03T15:09:29,2026-02-03,G01_2026-02-03,447,val,normal,,1025,1281,1,27a1f434f1a8a67ac9c2ab093f532b03f527290c68c012312767231bfa264a7f,,
1.0,G01-260203-150948-448,G01-260203-150948-448.bmp,G01,2026-02-03T15:09:48,2026-02-03,G01_2026-02-03,448,val,normal,,1025,1281,1,e61fb35a77a23124877daff8be4df1d528d334a30d854281404a0ffc2463605f,,
1.0,G01-260203-150959-449,G01-260203-150959-449.bmp,G01,2026-02-03T15:09:59,2026-02-03,G01_2026-02-03,449,val,normal,,1025,1281,1,0bf437042874e90d9a32b6fa2695d053320c0b8efeb62b8df3b2d45b774833e9,,
1.0,G01-260203-151019-450,G01-260203-151019-450.bmp,G01,2026-02-03T15:10:19,2026-02-03,G01_2026-02-03,450,val,normal,,1025,1281,1,7626b0b1c9c444f3c9199a2cde20468c690ed1e72346466d81b3cdc3f2db8079,,
1.0,G01-260203-151026-451,G01-260203-151026-451.bmp,G01,2026-02-03T15:10:26,2026-02-03,G01_2026-02-03,451,val,normal,,1025,1281,1,7c3cb984a4467331c342c26d32faaca79c4a52118f03e5cd96e5098318b82bcf,,
1.0,G01-260203-151049-452,G01-260203-151049-452.bmp,G01,2026-02-03T15:10:49,2026-02-03,G01_2026-02-03,452,val,normal,,1025,1281,1,0fa9abe447527ff9ebcfbfc3593f268353a34c0e795cc22c7220a37071f3bd76,,
1.0,G01-260203-151100-453,G01-260203-151100-453.bmp,G01,2026-02-03T15:11:00,2026-02-03,G01_2026-02-03,453,val,normal,,1025,1281,1,c56bde5a70be5c6e1a0942f3b448ab60688b31819166199cb4ed8372ad6d5532,,
1.0,G01-260203-151119-454,G01-260203-151119-454.bmp,G01,2026-02-03T15:11:19,2026-02-03,G01_2026-02-03,454,val,normal,,1025,1281,1,b164d95b583908ced20202e58e17fefead042f19a7dbe344dd29e71144865f35,,
1.0,G01-260203-151133-455,G01-260203-151133-455.bmp,G01,2026-02-03T15:11:33,2026-02-03,G01_2026-02-03,455,val,normal,,1025,1281,1,18b4221918d5cdf7f36d5c1afe558d6d156b9503d1ba810872b64e43375fbe67,,
1.0,G01-260203-151149-456,G01-260203-151149-456.bmp,G01,2026-02-03T15:11:49,2026-02-03,G01_2026-02-03,456,val,normal,,1025,1281,1,862403290741c336336ce1e05ac7d60a4fe8788ab2e6e4a3978049c4cd481545,,
1.0,G01-260203-151202-457,G01-260203-151202-457.bmp,G01,2026-02-03T15:12:02,2026-02-03,G01_2026-02-03,457,val,normal,,1025,1281,1,b499e09e6a0b653bacd0281e2d378d1b7013bd66dd9a15c4bbd2e5792a65f768,,
1.0,G01-260203-151220-458,G01-260203-151220-458.bmp,G01,2026-02-03T15:12:20,2026-02-03,G01_2026-02-03,458,val,normal,,1025,1281,1,24c351e2532ce70e4df6cce541660af053938bbb79058d064f6581c823c2ffeb,,
1.0,G01-260203-151230-459,G01-260203-151230-459.bmp,G01,2026-02-03T15:12:30,2026-02-03,G01_2026-02-03,459,val,normal,,1025,1281,1,fced0aebdc644c9413832e35ad02a6da13a437444ace0fcbdb0915f2f9680390,,
1.0,G01-260203-151249-460,G01-260203-151249-460.bmp,G01,2026-02-03T15:12:49,2026-02-03,G01_2026-02-03,460,val,normal,,1025,1281,1,4c7c6028561dbf07737830021c60a85aa9c1929727c1f61a7ae47c20e0d431bd,,
1.0,G01-260203-151302-461,G01-260203-151302-461.bmp,G01,2026-02-03T15:13:02,2026-02-03,G01_2026-02-03,461,val,normal,,1025,1281,1,bd549f4c0e055c5fe2fd69dadbfba67a6a3775a17c937629d08371cee93970f3,,
1.0,G01-260203-151320-462,G01-260203-151320-462.bmp,G01,2026-02-03T15:13:20,2026-02-03,G01_2026-02-03,462,val,normal,,1025,1281,1,701847b2f299f91eb954303027aff8fc3c6e9fdae4d7ef16c5f34434c6e92188,,
1.0,G01-260203-151333-463,G01-260203-151333-463.bmp,G01,2026-02-03T15:13:33,2026-02-03,G01_2026-02-03,463,val,normal,,1025,1281,1,6e96abcdd931040fc9cc0e9d83ab658272456d69e6fde2a3f3c1949ff821fcf2,,
1.0,G01-260203-151349-464,G01-260203-151349-464.bmp,G01,2026-02-03T15:13:49,2026-02-03,G01_2026-02-03,464,val,normal,,1025,1281,1,cd67efa7e685dc65cddc1443fb26ca23452397e321d930a029185f50e01de0a6,,
1.0,G01-260203-151358-465,G01-260203-151358-465.bmp,G01,2026-02-03T15:13:58,2026-02-03,G01_2026-02-03,465,val,normal,,1025,1281,1,5327514382d61a38e26f7f302f2e219edbcdfe0c6f1c9c72a6a878ce1eb34549,,
1.0,G01-260203-151420-466,G01-260203-151420-466.bmp,G01,2026-02-03T15:14:20,2026-02-03,G01_2026-02-03,466,val,normal,,1025,1281,1,8f0c1dcbc322d1e4af1689e909b4b3ae381153a4bdfa37ccd91b5cf74d9afd92,,
1.0,G01-260203-151431-467,G01-260203-151431-467.bmp,G01,2026-02-03T15:14:31,2026-02-03,G01_2026-02-03,467,val,normal,,1025,1281,1,81850b34145ce9f13283e4e0ba9e6ade21ee10ebc6a0052be954e3870f3aeb4e,,
1.0,G01-260203-151448-468,G01-260203-151448-468.bmp,G01,2026-02-03T15:14:48,2026-02-03,G01_2026-02-03,468,val,normal,,1025,1281,1,c9049b6e8b167ad98ed88da575d224fc5e1718811e079ecd88dd9fc13db18622,,
1.0,G01-260203-151458-469,G01-260203-151458-469.bmp,G01,2026-02-03T15:14:58,2026-02-03,G01_2026-02-03,469,val,normal,,1025,1281,1,af1e94eb047adef2b83549adc4a5c8b73bcb212a6d1c0538a63a09f170e8dc9c,,
1.0,G01-260203-151520-470,G01-260203-151520-470.bmp,G01,2026-02-03T15:15:20,2026-02-03,G01_2026-02-03,470,val,normal,,1025,1281,1,2f3c95977fff1b02de3d7e93ac5a119ee26f03981b5dbf030fef53df71896b71,,
1.0,G01-260203-151529-471,G01-260203-151529-471.bmp,G01,2026-02-03T15:15:29,2026-02-03,G01_2026-02-03,471,val,normal,,1025,1281,1,4395da6510dcb7250d55d2b3f9ff4d6805debbc94f071a340e51148eb412eef4,,
1.0,G01-260203-151550-472,G01-260203-151550-472.bmp,G01,2026-02-03T15:15:50,2026-02-03,G01_2026-02-03,472,val,normal,,1025,1281,1,eb6ebc98fdc4b7326b19f3775fe9c6cfa62d875cbaa835076f855317cabaf249,,
1.0,G01-260203-151600-473,G01-260203-151600-473.bmp,G01,2026-02-03T15:16:00,2026-02-03,G01_2026-02-03,473,val,normal,,1025,1281,1,6acd60ac652e288b541bd11dd145ce7ee17b242a66996205c43f2bcaf6dd9e68,,
1.0,G01-260203-151620-474,G01-260203-151620-474.bmp,G01,2026-02-03T15:16:20,2026-02-03,G01_2026-02-03,474,val,normal,,1025,1281,1,af18c14b105084cc11f5fb33a63e1d2888ca805914846d8f2b99dddd2846a78f,,
1.0,G01-260203-151632-475,G01-260203-151632-475.bmp,G01,2026-02-03T15:16:32,2026-02-03,G01_2026-02-03,475,val,normal,,1025,1281,1,06dc0fb28f5dfd1b58bfdad218b0d7e1725a8b7535c514d60726fa4f964f0481,,
1.0,G01-260203-151652-476,G01-260203-151652-476.bmp,G01,2026-02-03T15:16:52,2026-02-03,G01_2026-02-03,476,val,normal,,1025,1281,1,2cb75cd1da7e9229478bff541e793864e9053740b6f50c695587cbfd132e1484,,
1.0,G01-260203-151704-477,G01-260203-151704-477.bmp,G01,2026-02-03T15:17:04,2026-02-03,G01_2026-02-03,477,val,normal,,1025,1281,1,c3701506e23cf7d816c68cab9fa1cb0880ba235fd3e01082a1a3ccb386a1237d,,
1.0,G01-260203-151720-478,G01-260203-151720-478.bmp,G01,2026-02-03T15:17:20,2026-02-03,G01_2026-02-03,478,val,normal,,1025,1281,1,f9888b55b41268c4c46dfc2ca6c5946e09c4953bf46bd8cc6abcfc2d1baa4971,,
1.0,G01-260203-151729-479,G01-260203-151729-479.bmp,G01,2026-02-03T15:17:29,2026-02-03,G01_2026-02-03,479,val,normal,,1025,1281,1,0522fb2b66aa2e620d15a0bcd945f015196729f89341698e74c84bbd01c654f0,,
1.0,G01-260203-151751-480,G01-260203-151751-480.bmp,G01,2026-02-03T15:17:51,2026-02-03,G01_2026-02-03,480,val,normal,,1025,1281,1,7a97cda442c2ef4efe73a7c30c5424ff210b4db56a0fdc3d56b9abc72ca749ca,,
1.0,G01-260203-151801-481,G01-260203-151801-481.bmp,G01,2026-02-03T15:18:01,2026-02-03,G01_2026-02-03,481,val,normal,,1025,1281,1,e2d7519a1aa6b49b2254e7dce225d0290e3502b39d53d72b71d0877c845b4ccf,,
1.0,G01-260204-120012-331,G01-260204-120012-331.bmp,G01,2026-02-04T12:00:12,2026-02-04,G01_2026-02-04,331,test,normal,,1025,1281,1,0d0fb98806bb6267d8e138b0462beb51a0991df6609b02133c7f85a95da9cdc3,,
1.0,G01-260204-120020-332,G01-260204-120020-332.bmp,G01,2026-02-04T12:00:20,2026-02-04,G01_2026-02-04,332,test,normal,,1025,1281,1,98fd28bc01ba72a51ed66bb42c4e1b8e3b8ca7ad397b105ad3ecf1511cd85604,,
1.0,G01-260204-120043-333,G01-260204-120043-333.bmp,G01,2026-02-04T12:00:43,2026-02-04,G01_2026-02-04,333,test,normal,,1025,1281,1,680abc0b7656c02004757bdbccea49a73c8137059502099b78e92c56a9abe50b,,
1.0,G01-260204-120050-334,G01-260204-120050-334.bmp,G01,2026-02-04T12:00:50,2026-02-04,G01_2026-02-04,334,test,normal,,1025,1281,1,c7530d262d64f66c45afba9dbb01445e3e66beac159a266119b8726e3656f027,,
1.0,G01-260204-120114-335,G01-260204-120114-335.bmp,G01,2026-02-04T12:01:14,2026-02-04,G01_2026-02-04,335,test,normal,,1025,1281,1,ec92eac8dc2de693b1ceba1ee63929734482e1aacfdafdca76d17ed745a20b0f,,
1.0,G01-260204-120121-336,G01-260204-120121-336.bmp,G01,2026-02-04T12:01:21,2026-02-04,G01_2026-02-04,336,test,normal,,1025,1281,1,daa17220a12c6e1af94a43d59b1a667d82bb7ac674018cb7e6a73e798a976743,,
1.0,G01-260204-120143-337,G01-260204-120143-337.bmp,G01,2026-02-04T12:01:43,2026-02-04,G01_2026-02-04,337,test,normal,,1025,1281,1,e69080f3da9947c65c29d329699d41781319b73657d2f7e18c7e6a986705c54c,,
1.0,G01-260204-120150-338,G01-260204-120150-338.bmp,G01,2026-02-04T12:01:50,2026-02-04,G01_2026-02-04,338,test,normal,,1025,1281,1,33457d4b6619718f90a3d47f5d996190c2bc7d0620fe1763f1cfed7ea4e51292,,
1.0,G01-260204-120213-339,G01-260204-120213-339.bmp,G01,2026-02-04T12:02:13,2026-02-04,G01_2026-02-04,339,test,normal,,1025,1281,1,c97b7082220d5f998ac28c296de41d2525dc3ae3040319a84214c7decfecb36d,,
1.0,G01-260204-120219-340,G01-260204-120219-340.bmp,G01,2026-02-04T12:02:19,2026-02-04,G01_2026-02-04,340,test,normal,,1025,1281,1,559c798f2171522e5ff2b08a525987bec0a3eb8c1f77e482eddad5777865a96c,,
1.0,G01-260204-120243-341,G01-260204-120243-341.bmp,G01,2026-02-04T12:02:43,2026-02-04,G01_2026-02-04,341,test,normal,,1025,1281,1,7a40337819cbc4d3b941f8f7b48e697507e791f4b4f5cc14ea1a628ffb6659b5,,
1.0,G01-260204-120250-342,G01-260204-120250-342.bmp,G01,2026-02-04T12:02:50,2026-02-04,G01_2026-02-04,342,test,normal,,1025,1281,1,a030da96f1478378a910a2ddb3d9b67e57749702ead8f3c0d9f444d48c4e9ea7,,
1.0,G01-260204-120314-343,G01-260204-120314-343.bmp,G01,2026-02-04T12:03:14,2026-02-04,G01_2026-02-04,343,test,normal,,1025,1281,1,8fd8db5858a7140ecd42437b0c4fbbdbcbab12995d2b096e704d4565b6d8c9f5,,
1.0,G01-260204-120321-344,G01-260204-120321-344.bmp,G01,2026-02-04T12:03:21,2026-02-04,G01_2026-02-04,344,test,normal,,1025,1281,1,72f86467265a033e36453232c41d95141e630674f49a4cfecb8c12353575bed1,,
1.0,G01-260204-120344-345,G01-260204-120344-345.bmp,G01,2026-02-04T12:03:44,2026-02-04,G01_2026-02-04,345,test,normal,,1025,1281,1,223b43cf3c892214eed195af57172e95970109ddf0a86dd15196b838c617711c,,
1.0,G01-260204-120351-346,G01-260204-120351-346.bmp,G01,2026-02-04T12:03:51,2026-02-04,G01_2026-02-04,346,test,normal,,1025,1281,1,92b4746b8c70465d042b49fe4fbcc15af224e04fd73db864c3d7fbcb3ce8913e,,
1.0,G01-260204-120414-347,G01-260204-120414-347.bmp,G01,2026-02-04T12:04:14,2026-02-04,G01_2026-02-04,347,test,normal,,1025,1281,1,f8e57367f54fe24fec9e427688b389c9e27c5b857846a71f0c2c46670b5e64fb,,
1.0,G01-260204-120420-348,G01-260204-120420-348.bmp,G01,2026-02-04T12:04:20,2026-02-04,G01_2026-02-04,348,test,normal,,1025,1281,1,73576e3bbbd56aff247dcc5f5e90fecd648c2e41c12a0cd0009e57a96f18aa79,,
1.0,G01-260204-120444-349,G01-260204-120444-349.bmp,G01,2026-02-04T12:04:44,2026-02-04,G01_2026-02-04,349,test,normal,,1025,1281,1,a9fc9adf9523a25e6e392576946e9b19b083cad57bdcb51ea3325b8a4d16300e,,
1.0,G01-260204-120450-350,G01-260204-120450-350.bmp,G01,2026-02-04T12:04:50,2026-02-04,G01_2026-02-04,350,test,normal,,1025,1281,1,d900a441ad2cb02862370cda7b63f90b26209fd80070c4d49ecade62a7afbf4a,,
1.0,G01-260204-120515-351,G01-260204-120515-351.bmp,G01,2026-02-04T12:05:15,2026-02-04,G01_2026-02-04,351,test,normal,,1025,1281,1,ee5924a6571a6a839d94a6770147a5c873d25a18360d72dae267f63080e80f79,,
1.0,G01-260204-120522-352,G01-260204-120522-352.bmp,G01,2026-02-04T12:05:22,2026-02-04,G01_2026-02-04,352,test,normal,,1025,1281,1,d864ee06e8557685a59ba55c80cd490d7d5ea3ddd173139fed580a9bb88c314a,,
1.0,G01-260204-120544-353,G01-260204-120544-353.bmp,G01,2026-02-04T12:05:44,2026-02-04,G01_2026-02-04,353,test,normal,,1025,1281,1,69137b068c1af7ed4fbcf51cf2ab40f682240af8374d594d892e0e45c868235c,,
1.0,G01-260204-120551-354,G01-260204-120551-354.bmp,G01,2026-02-04T12:05:51,2026-02-04,G01_2026-02-04,354,test,normal,,1025,1281,1,edf4e996803205c0b5b63e896cc082b7232e04b40f49b7547ac001623d863e19,,
1.0,G01-260204-120614-355,G01-260204-120614-355.bmp,G01,2026-02-04T12:06:14,2026-02-04,G01_2026-02-04,355,test,normal,,1025,1281,1,a6f6a215bbdb119fc2b7e4ee189d982e6004363ab7261bd46fe006ada1bb2d82,,
1.0,G01-260204-120621-356,G01-260204-120621-356.bmp,G01,2026-02-04T12:06:21,2026-02-04,G01_2026-02-04,356,test,normal,,1025,1281,1,0001719b439c3a3ece408d0a3648b9740d31d4b2193eed24a17d30b284914e79,,
1.0,G01-260204-120645-357,G01-260204-120645-357.bmp,G01,2026-02-04T12:06:45,2026-02-04,G01_2026-02-04,357,test,normal,,1025,1281,1,1c24c3ed9611830025420bfb0780db37a923dde1d8240d6342245a3718141b12,,
1.0,G01-260204-120652-358,G01-260204-120652-358.bmp,G01,2026-02-04T12:06:52,2026-02-04,G01_2026-02-04,358,test,normal,,1025,1281,1,1af14381856629915efe62f81676a9f9a7e46ef7a3ecb96a743af3c6b7b32ee2,,
1.0,G01-260204-120715-359,G01-260204-120715-359.bmp,G01,2026-02-04T12:07:15,2026-02-04,G01_2026-02-04,359,test,normal,,1025,1281,1,a24a71b87d1c45592afe75c8138dc0b0d42e618c99618d31be0b8f7a15df92ce,,
1.0,G01-260204-120722-360,G01-260204-120722-360.bmp,G01,2026-02-04T12:07:22,2026-02-04,G01_2026-02-04,360,test,normal,,1025,1281,1,53c13d4e6b67c4e58dfa8e82cb8a9680253cc1450b2cb90641a56eb06b7e69fb,,
1.0,G01-260204-120747-361,G01-260204-120747-361.bmp,G01,2026-02-04T12:07:47,2026-02-04,G01_2026-02-04,361,test,normal,,1025,1281,1,8ea818f5e55e69efe04efc64a955507423287ee9a49bbd1d597a44166328c199,,
1.0,G01-260204-120754-362,G01-260204-120754-362.bmp,G01,2026-02-04T12:07:54,2026-02-04,G01_2026-02-04,362,test,normal,,1025,1281,1,d25232eb9fce89de6b0d442ff46333281cb1c5fe3aad251d500eed7b3e38a522,,
1.0,G01-260204-120816-363,G01-260204-120816-363.bmp,G01,2026-02-04T12:08:16,2026-02-04,G01_2026-02-04,363,test,normal,,1025,1281,1,a3ea11b17d71a8a8b462472ee4d7291c889a525187ce15030d4c1db9c3c46453,,
1.0,G01-260204-120822-364,G01-260204-120822-364.bmp,G01,2026-02-04T12:08:22,2026-02-04,G01_2026-02-04,364,test,normal,,1025,1281,1,4c8cd572e68150dc9c2618c7bd6af6fb505fdaa3a8959be001892e5bbfc0d51a,,
1.0,G01-260204-120848-365,G01-260204-120848-365.bmp,G01,2026-02-04T12:08:48,2026-02-04,G01_2026-02-04,365,test,normal,,1025,1281,1,6f580972f076650dc0b700f3025a36e9601c789b1ed1b10ac59941ffb69ab367,,
1.0,G01-260204-120854-366,G01-260204-120854-366.bmp,G01,2026-02-04T12:08:54,2026-02-04,G01_2026-02-04,366,test,normal,,1025,1281,1,d769ef5e8580689d267d5d55759a0cfa48a33e7f30c53c6a12c31ceec164d101,,
1.0,G01-260204-120916-367,G01-260204-120916-367.bmp,G01,2026-02-04T12:09:16,2026-02-04,G01_2026-02-04,367,test,normal,,1025,1281,1,ff9559028570337d80f829a1b0cb28125511fabd083111fbfc5080be19e191c3,,
1.0,G01-260204-120923-368,G01-260204-120923-368.bmp,G01,2026-02-04T12:09:23,2026-02-04,G01_2026-02-04,368,test,normal,,1025,1281,1,44e73ce9c5a75df14ab3a679e9cb0aacfb921945b0449cd574a5aee319e8b819,,
1.0,G01-260204-120945-369,G01-260204-120945-369.bmp,G01,2026-02-04T12:09:45,2026-02-04,G01_2026-02-04,369,test,normal,,1025,1281,1,3ac92dda295f828895e44f076adc246b7c41077fc534b29c2b6bf490566f6192,,
1.0,G01-260204-120952-370,G01-260204-120952-370.bmp,G01,2026-02-04T12:09:52,2026-02-04,G01_2026-02-04,370,test,normal,,1025,1281,1,9d450c60c6c9760b352c3c9c01af6375f10c8c849696c51ebe8e143d2c019795,,
1.0,G01-260204-121016-371,G01-260204-121016-371.bmp,G01,2026-02-04T12:10:16,2026-02-04,G01_2026-02-04,371,test,normal,,1025,1281,1,4d894d2d18506ea9edefe01ead614a6f167a3dab5d0063760c4b7bd28174882d,,
1.0,G01-260204-121023-372,G01-260204-121023-372.bmp,G01,2026-02-04T12:10:23,2026-02-04,G01_2026-02-04,372,test,normal,,1025,1281,1,84c21ee7b55a92240679f7fc2a5dcf312b7e3dd16d123888baa98ac94dba3995,,
1.0,G01-260204-121046-373,G01-260204-121046-373.bmp,G01,2026-02-04T12:10:46,2026-02-04,G01_2026-02-04,373,test,normal,,1025,1281,1,ec5302eda950da2eff07897945a2b767005594c1981c301f12c5b198f2bbc96b,,
1.0,G01-260204-121052-374,G01-260204-121052-374.bmp,G01,2026-02-04T12:10:52,2026-02-04,G01_2026-02-04,374,test,normal,,1025,1281,1,0f216de18d02c90cc3fdf4500c6e77c4f9d4821576e17fdc7ee67e3a0b27d4b6,,
1.0,G01-260204-121118-375,G01-260204-121118-375.bmp,G01,2026-02-04T12:11:18,2026-02-04,G01_2026-02-04,375,test,normal,,1025,1281,1,f8cf7c41c5156718c44732f0dedee73adbe471a419a116b6db58b9d134d009eb,,
1.0,G01-260204-121125-376,G01-260204-121125-376.bmp,G01,2026-02-04T12:11:25,2026-02-04,G01_2026-02-04,376,test,normal,,1025,1281,1,5db5e549d2f3abbffe4d5e21f7472bbb10bc4dbb041ecc8e2b3fc992780720b5,,
1.0,G01-260204-121147-377,G01-260204-121147-377.bmp,G01,2026-02-04T12:11:47,2026-02-04,G01_2026-02-04,377,test,normal,,1025,1281,1,2b51c1bdb21e01090076cf3112959f3a9ef162b3ebb44d016cf3e6b89b6ef276,,
1.0,G01-260204-121154-378,G01-260204-121154-378.bmp,G01,2026-02-04T12:11:54,2026-02-04,G01_2026-02-04,378,test,normal,,1025,1281,1,cc89639868d33edf4237f0926c83fff5507c12dabd94a93ad37efc39eb8d76c9,,
1.0,G01-260204-121218-379,G01-260204-121218-379.bmp,G01,2026-02-04T12:12:18,2026-02-04,G01_2026-02-04,379,test,normal,,1025,1281,1,5b44cf9d33fde54405b407f07ae2877d2716cfb1ee6e0be556909a4040c6ed73,,
1.0,G01-260204-121224-380,G01-260204-121224-380.bmp,G01,2026-02-04T12:12:24,2026-02-04,G01_2026-02-04,380,test,normal,,1025,1281,1,f9ffbaf50613ceb2e509c9729611098fad370b3c4b5683891d5dd795efbc1226,,
1.0,G01-260204-121247-381,G01-260204-121247-381.bmp,G01,2026-02-04T12:12:47,2026-02-04,G01_2026-02-04,381,test,normal,,1025,1281,1,452a4741b10f6ac959bff55580e101a685c0426e2d14e463d543224d81a9f2fc,,
1.0,G01-260204-121253-382,G01-260204-121253-382.bmp,G01,2026-02-04T12:12:53,2026-02-04,G01_2026-02-04,382,test,normal,,1025,1281,1,7891b052874ea954c20a986314844b9fe814d203938b0fe349fc96335d35efa0,,
1.0,G01-260204-121317-383,G01-260204-121317-383.bmp,G01,2026-02-04T12:13:17,2026-02-04,G01_2026-02-04,383,test,normal,,1025,1281,1,675d2f483a3241077e951078ca161e0b4180f61e618db6f9c5fed81ea82328cf,,
1.0,G01-260204-121324-384,G01-260204-121324-384.bmp,G01,2026-02-04T12:13:24,2026-02-04,G01_2026-02-04,384,test,normal,,1025,1281,1,d04eaed495bb7d8dfb60a1b9b40a937af94df425a8ccfe4a0ca41eb9ba1e5bf4,,
1.0,G01-260204-121348-385,G01-260204-121348-385.bmp,G01,2026-02-04T12:13:48,2026-02-04,G01_2026-02-04,385,test,normal,,1025,1281,1,f5c03071879b452fc1fef7bc6d1ed76b4bad4599f3cf65e0c16811a2389f15a8,,
1.0,G01-260204-121355-386,G01-260204-121355-386.bmp,G01,2026-02-04T12:13:55,2026-02-04,G01_2026-02-04,386,test,normal,,1025,1281,1,60e2b0835ee6d5762210eab6e5f440ad12bbd0aea9d7399c5093b69ff38f057f,,
1.0,G01-260204-121417-387,G01-260204-121417-387.bmp,G01,2026-02-04T12:14:17,2026-02-04,G01_2026-02-04,387,test,normal,,1025,1281,1,6b8b223989b009ace469ea37d3083ad427679cd16137726aea3be7ed082cfb13,,
1.0,G01-260204-121424-388,G01-260204-121424-388.bmp,G01,2026-02-04T12:14:24,2026-02-04,G01_2026-02-04,388,test,normal,,1025,1281,1,3033e19bf8b496c32ee08afac61c284776a7025d8a358b60c8c2823cd4dc0bf2,,
1.0,G01-260204-121448-389,G01-260204-121448-389.bmp,G01,2026-02-04T12:14:48,2026-02-04,G01_2026-02-04,389,test,normal,,1025,1281,1,5aa726c20604a1cc66e40d133e1934cafb17f2f258fe6165cff8afc64369809f,,
1.0,G01-260204-121454-390,G01-260204-121454-390.bmp,G01,2026-02-04T12:14:54,2026-02-04,G01_2026-02-04,390,test,normal,,1025,1281,1,7715094760c423fc8f02d57cb38de5adcd1c62c4d14fbcabafc4cc75749df4c0,,
1.0,G01-260204-121517-391,G01-260204-121517-391.bmp,G01,2026-02-04T12:15:17,2026-02-04,G01_2026-02-04,391,test,normal,,1025,1281,1,cb695c8938fc383edbeca2ab6e7b6ec605b9cbd86cd3894f0c036ed2dab5a6ae,,
1.0,G01-260204-121524-392,G01-260204-121524-392.bmp,G01,2026-02-04T12:15:24,2026-02-04,G01_2026-02-04,392,test,normal,,1025,1281,1,e0b47c8a82c0e9a819990375bbbcafb117831aa7bdda68b603c29a4f98bb967b,,
1.0,G01-260204-121548-393,G01-260204-121548-393.bmp,G01,2026-02-04T12:15:48,2026-02-04,G01_2026-02-04,393,test,normal,,1025,1281,1,3627e153a2137636757c16ba50784668a990b3b473721073ae07af4f04dc1216,,
1.0,G01-260204-121554-394,G01-260204-121554-394.bmp,G01,2026-02-04T12:15:54,2026-02-04,G01_2026-02-04,394,test,normal,,1025,1281,1,c467bc8396413cfcde3ba19468f2e64f1e4b264994c89099b497d0c8c49374d6,,
1.0,G01-260204-121618-395,G01-260204-121618-395.bmp,G01,2026-02-04T12:16:18,2026-02-04,G01_2026-02-04,395,test,normal,,1025,1281,1,82962892aafbc82ba95d17c6428f7ba607feb9b3edd192ce9a4194017a07698e,,
1.0,G01-260204-121625-396,G01-260204-121625-396.bmp,G01,2026-02-04T12:16:25,2026-02-04,G01_2026-02-04,396,test,normal,,1025,1281,1,fd28630f7c0884e13778b3ad6d236f730a2a7cdd4f74e98408e80163dae08299,,
1.0,G01-260204-121647-397,G01-260204-121647-397.bmp,G01,2026-02-04T12:16:47,2026-02-04,G01_2026-02-04,397,test,normal,,1025,1281,1,2b8e7035c458120d067d985831a1cbfd960ed2e21093ee4bbdcf4a45b6c49ce5,,
1.0,G01-260204-121654-398,G01-260204-121654-398.bmp,G01,2026-02-04T12:16:54,2026-02-04,G01_2026-02-04,398,test,normal,,1025,1281,1,b7d5328a1171f6ddbec587edf08b82eec48f5b3f4f122c5781a1246a6e7d5310,,
1.0,G01-260204-121718-399,G01-260204-121718-399.bmp,G01,2026-02-04T12:17:18,2026-02-04,G01_2026-02-04,399,test,normal,,1025,1281,1,232e8c850a5f3d8f46a8b988598b46944123ec283a858dda24afc585f9f1e4b4,,
1.0,G01-260204-121725-400,G01-260204-121725-400.bmp,G01,2026-02-04T12:17:25,2026-02-04,G01_2026-02-04,400,test,normal,,1025,1281,1,534fea7256d636d341d4be3ee024f91ba551fba68c21ecff2cd8f0afc74ab8fa,,
1.0,G01-260204-121749-401,G01-260204-121749-401.bmp,G01,2026-02-04T12:17:49,2026-02-04,G01_2026-02-04,401,test,normal,,1025,1281,1,1f58dcd635d64db766e4952d17fe722cc4153961ea6fcb9c483d5fbcf9cd9e5f,,
1.0,G01-260204-121756-402,G01-260204-121756-402.bmp,G01,2026-02-04T12:17:56,2026-02-04,G01_2026-02-04,402,test,normal,,1025,1281,1,a59329950bc3f71716699a8b12c9cc272864928f0b764c98e10c4290ea722f72,,
1.0,G01-260204-121818-403,G01-260204-121818-403.bmp,G01,2026-02-04T12:18:18,2026-02-04,G01_2026-02-04,403,test,normal,,1025,1281,1,a1a4afb0c1e66fecb1fbef8d60a6da29cc865f547561ff804911bdde091bd6d6,,
1.0,G01-260204-121825-404,G01-260204-121825-404.bmp,G01,2026-02-04T12:18:25,2026-02-04,G01_2026-02-04,404,test,normal,,1025,1281,1,2520cd04cd3ad0e62418b627932591145668e6077c4b7ed2e36e010ebb99af88,,
1.0,G01-260204-121849-405,G01-260204-121849-405.bmp,G01,2026-02-04T12:18:49,2026-02-04,G01_2026-02-04,405,test,normal,,1025,1281,1,66a89bc7f2738329a291d6bf84dd653cf2a26830096fef29a648db06c4c34206,,
1.0,G01-260204-121856-406,G01-260204-121856-406.bmp,G01,2026-02-04T12:18:56,2026-02-04,G01_2026-02-04,406,test,normal,,1025,1281,1,086a4bb6cc15eb8ccf3c25aaba29a71ee970d9ceafdfe515120d17a12f1915dd,,
1.0,G01-260204-121920-407,G01-260204-121920-407.bmp,G01,2026-02-04T12:19:20,2026-02-04,G01_2026-02-04,407,test,normal,,1025,1281,1,dc236185ee5ec1c4b8c16507bf3f3ad5b87ccae21281baf971e5abc521bb1610,,
1.0,G01-260204-121927-408,G01-260204-121927-408.bmp,G01,2026-02-04T12:19:27,2026-02-04,G01_2026-02-04,408,test,normal,,1025,1281,1,234ad1a098661ddf1e15cc63ba6caa89dc3e432d085c45ef2e62ad586681f870,,
1.0,G01-260204-121948-409,G01-260204-121948-409.bmp,G01,2026-02-04T12:19:48,2026-02-04,G01_2026-02-04,409,test,normal,,1025,1281,1,40e7aa9c7fcbd415d1d2115a853d7e73f128f09dd35d08ea7f98c32fdfd4907a,,
1.0,G01-260204-121955-410,G01-260204-121955-410.bmp,G01,2026-02-04T12:19:55,2026-02-04,G01_2026-02-04,410,test,normal,,1025,1281,1,617d7a191c4ed1325b6a34936ee336c38ca7379ac47db1f6699a06bc365ec3bd,,
1.0,G01-260204-122018-411,G01-260204-122018-411.bmp,G01,2026-02-04T12:20:18,2026-02-04,G01_2026-02-04,411,test,normal,,1025,1281,1,5d92838ba715f4ddf37b83c6c587fb5b9a8899aaaf6a2b3c6bc989f6c3757507,,
1.0,G01-260204-122024-412,G01-260204-122024-412.bmp,G01,2026-02-04T12:20:24,2026-02-04,G01_2026-02-04,412,test,normal,,1025,1281,1,cb5ec1e5b11c591b19ec580129d06f687970996c39190d7bb665937af9dc0c60,,
1.0,G01-260204-122049-413,G01-260204-122049-413.bmp,G01,2026-02-04T12:20:49,2026-02-04,G01_2026-02-04,413,test,normal,,1025,1281,1,069a5a3c03289fbd832e153f92beef11e679c60a523b7d47cbc38cf72338e574,,
1.0,G01-260204-122055-414,G01-260204-122055-414.bmp,G01,2026-02-04T12:20:55,2026-02-04,G01_2026-02-04,414,test,normal,,1025,1281,1,a4f693926a47e49c82e92ae636ea582536f837d088cd4354917e9fca32eab4a5,,
1.0,G01-260204-122118-415,G01-260204-122118-415.bmp,G01,2026-02-04T12:21:18,2026-02-04,G01_2026-02-04,415,test,normal,,1025,1281,1,6a75d3208a6493283acd687f1fb502ceffaa7659766d32a35acbe8c554aa9449,,
1.0,G01-260204-122125-416,G01-260204-122125-416.bmp,G01,2026-02-04T12:21:25,2026-02-04,G01_2026-02-04,416,test,normal,,1025,1281,1,056d1042ceff53fedd702d3cd2b3ebd12e20d691ca597c3b848f17211e84e43a,,
1.0,G01-260204-122149-417,G01-260204-122149-417.bmp,G01,2026-02-04T12:21:49,2026-02-04,G01_2026-02-04,417,test,normal,,1025,1281,1,686154e6904d8d37007cc878ae59009e0c3ae282e8928106451c8299716df3f5,,
1.0,G01-260204-122156-418,G01-260204-122156-418.bmp,G01,2026-02-04T12:21:56,2026-02-04,G01_2026-02-04,418,test,normal,,1025,1281,1,1242f871a5edce3679ac20ee1a874a19d50c04242635b6b8e8bf9c46746b7a41,,
1.0,G01-260204-122219-419,G01-260204-122219-419.bmp,G01,2026-02-04T12:22:19,2026-02-04,G01_2026-02-04,419,test,normal,,1025,1281,1,3898bf6b02d69abe32737626b5c83074f8d5e67faf41be46783229495beb52c8,,
1.0,G01-260204-122226-420,G01-260204-122226-420.bmp,G01,2026-02-04T12:22:26,2026-02-04,G01_2026-02-04,420,test,normal,,1025,1281,1,5ec27629bc27db1c06ec3b77622685d47997f6d2dd6e020abf8d1f46268c70f2,,
1.0,G01-260204-122249-421,G01-260204-122249-421.bmp,G01,2026-02-04T12:22:49,2026-02-04,G01_2026-02-04,421,test,normal,,1025,1281,1,10f7b972285f75ee90b42a1603a8a8df69a5b158a8097ac26c09bd70a781f97f,,
1.0,G01-260204-122255-422,G01-260204-122255-422.bmp,G01,2026-02-04T12:22:55,2026-02-04,G01_2026-02-04,422,test,normal,,1025,1281,1,e173696f8397ed75caea1689f2b74e95a9172a82c71fd6832ad127a77bb28aa3,,
1.0,G01-260204-122318-423,G01-260204-122318-423.bmp,G01,2026-02-04T12:23:18,2026-02-04,G01_2026-02-04,423,test,normal,,1025,1281,1,8328482e32b02f6658b146c4f4307eaddfc62125a22932fc933f72ce94f1964f,,
1.0,G01-260204-122325-424,G01-260204-122325-424.bmp,G01,2026-02-04T12:23:25,2026-02-04,G01_2026-02-04,424,test,normal,,1025,1281,1,b6048e3409cce9b426364155843c47106598e8eded15a679e44adfed777095ba,,
1.0,G01-260204-122350-425,G01-260204-122350-425.bmp,G01,2026-02-04T12:23:50,2026-02-04,G01_2026-02-04,425,test,normal,,1025,1281,1,3c984be05da6ad876c40f4b4e2ddd325957661be410a61d6e2389c39b896ca22,,
1.0,G01-260204-122357-426,G01-260204-122357-426.bmp,G01,2026-02-04T12:23:57,2026-02-04,G01_2026-02-04,426,test,normal,,1025,1281,1,85b8072e2e0284dba8d0b7d8b2695d5c195efa3ca58655bf3b84a9606b1097f7,,
1.0,G01-260204-122419-427,G01-260204-122419-427.bmp,G01,2026-02-04T12:24:19,2026-02-04,G01_2026-02-04,427,test,normal,,1025,1281,1,eb037c06b8943e53f257a2f82d67e71c59259409c37b8dcf50ed15ff8f2d3c30,,
1.0,G01-260204-122425-428,G01-260204-122425-428.bmp,G01,2026-02-04T12:24:25,2026-02-04,G01_2026-02-04,428,test,normal,,1025,1281,1,f4251d8724f26b65ba3a9de2855ae868529681b27f33e3665ca9ae785765d2fa,,
1.0,G01-260204-122449-429,G01-260204-122449-429.bmp,G01,2026-02-04T12:24:49,2026-02-04,G01_2026-02-04,429,test,normal,,1025,1281,1,dff4830391460c5aff82499cf95a07b1383001f935ed7dd479f8b90c765e0c2a,,
1.0,G01-260204-122456-430,G01-260204-122456-430.bmp,G01,2026-02-04T12:24:56,2026-02-04,G01_2026-02-04,430,test,normal,,1025,1281,1,a4eb0f3cd2c1cf7312a3956b97d3486372c399ab2a4d3a8cd96a5b9de75cdb88,,
1.0,G01-260204-122521-431,G01-260204-122521-431.bmp,G01,2026-02-04T12:25:21,2026-02-04,G01_2026-02-04,431,test,normal,,1025,1281,1,2ac6cfb96f118950ac851cdf78c18fa66f92136e93a7e8df18baf275dfe64f4e,,
1.0,G01-260204-122527-432,G01-260204-122527-432.bmp,G01,2026-02-04T12:25:27,2026-02-04,G01_2026-02-04,432,test,normal,,1025,1281,1,4c0002a2eaabba56b12878c66dff9f093435fd355dc7b93991e1be783cd9ee8c,,
1.0,G01-260204-122551-433,G01-260204-122551-433.bmp,G01,2026-02-04T12:25:51,2026-02-04,G01_2026-02-04,433,test,normal,,1025,1281,1,e9da88ffb3c4b42f33b955e73fc40993fe6f474b1456f32c834a36aea26784da,,
1.0,G01-260204-122558-434,G01-260204-122558-434.bmp,G01,2026-02-04T12:25:58,2026-02-04,G01_2026-02-04,434,test,normal,,1025,1281,1,35f902f904f6cf1c903ea12a581e37b431d207416fbcfa9c4db56cb7e07e8d1d,,
1.0,G01-260204-122620-435,G01-260204-122620-435.bmp,G01,2026-02-04T12:26:20,2026-02-04,G01_2026-02-04,435,test,normal,,1025,1281,1,4d6501cbdc7b886114994e2c16fdc650937270089d08436a78e59498c1141393,,
1.0,G01-260204-122627-436,G01-260204-122627-436.bmp,G01,2026-02-04T12:26:27,2026-02-04,G01_2026-02-04,436,test,normal,,1025,1281,1,b2eebd6746d838f6257067462a8600a60d54191b3911835a17355c67cf79602d,,
1.0,G01-260204-122651-437,G01-260204-122651-437.bmp,G01,2026-02-04T12:26:51,2026-02-04,G01_2026-02-04,437,test,normal,,1025,1281,1,e974edd88f06db4a996fb14e94126b849e59938dba3a207c5525b4a74f60936b,,
1.0,G01-260204-122657-438,G01-260204-122657-438.bmp,G01,2026-02-04T12:26:57,2026-02-04,G01_2026-02-04,438,test,normal,,1025,1281,1,4fd2674c8e5a80aaff1d43aac67bd742e9713f949b57758cbb1edac2bed84e3a,,
1.0,G01-260204-122721-439,G01-260204-122721-439.bmp,G01,2026-02-04T12:27:21,2026-02-04,G01_2026-02-04,439,test,normal,,1025,1281,1,2636555b9815df2d229c73972cfb4c02e4a70268d11f6d0a232188eff613e299,,
1.0,G01-260204-122728-440,G01-260204-122728-440.bmp,G01,2026-02-04T12:27:28,2026-02-04,G01_2026-02-04,440,test,normal,,1025,1281,1,beb4839fb411f06f2f18cc74ca40b267f805a054258857accde11919cf5eec60,,
1.0,G01-260204-122750-441,G01-260204-122750-441.bmp,G01,2026-02-04T12:27:50,2026-02-04,G01_2026-02-04,441,test,normal,,1025,1281,1,bfc89fe199e5cdf7cc6086284ae8899e2c9537a0c3fbcd3bc663b13cd3ac5303,,
1.0,G01-260204-122757-442,G01-260204-122757-442.bmp,G01,2026-02-04T12:27:57,2026-02-04,G01_2026-02-04,442,test,normal,,1025,1281,1,71f813f136cd98f0620242ea492525022e342034087dab7ffef1222e4d55536e,,
1.0,G01-260204-122820-443,G01-260204-122820-443.bmp,G01,2026-02-04T12:28:20,2026-02-04,G01_2026-02-04,443,test,normal,,1025,1281,1,0f34387fcaf9f657e71913ef8d8c120f7a9cbafa78f8cd01cc84e953a009ac69,,
1.0,G01-260204-122827-444,G01-260204-122827-444.bmp,G01,2026-02-04T12:28:27,2026-02-04,G01_2026-02-04,444,test,normal,,1025,1281,1,bc5cb12d027fbebf2c1324c299fa019e0b3abe74ea2119c3d069d28d7e203f5f,,
1.0,G01-260204-122851-445,G01-260204-122851-445.bmp,G01,2026-02-04T12:28:51,2026-02-04,G01_2026-02-04,445,test,normal,,1025,1281,1,ceb3914d53f00444bb78b4f1b1c3f9a604523a545aaaa6eb41ecbd68a73b8c53,,
1.0,G01-260204-122858-446,G01-260204-122858-446.bmp,G01,2026-02-04T12:28:58,2026-02-04,G01_2026-02-04,446,test,normal,,1025,1281,1,a46c296774496c13d1e6d2dfaf4b6098eb2657f7a29db61bd2741515df7cc5c7,,
1.0,G01-260204-122921-447,G01-260204-122921-447.bmp,G01,2026-02-04T12:29:21,2026-02-04,G01_2026-02-04,447,test,normal,,1025,1281,1,6bba15c3cceeb19675497df650008e2f8da28d8daf1763be755f6a1620cb0c2f,,
1.0,G01-260204-122928-448,G01-260204-122928-448.bmp,G01,2026-02-04T12:29:28,2026-02-04,G01_2026-02-04,448,test,normal,,1025,1281,1,a5fc3c41e5ad2bf996b7015a5dcbf8d2eabcb7f3b12c42a0a454ef379f619912,,
1.0,G01-260204-122951-449,G01-260204-122951-449.bmp,G01,2026-02-04T12:29:51,2026-02-04,G01_2026-02-04,449,test,normal,,1025,1281,1,2cbd9af5d083375194a57d6584419bbf373e132000b6461390047b1c09abe7e5,,
1.0,G01-260204-122957-450,G01-260204-122957-450.bmp,G01,2026-02-04T12:29:57,2026-02-04,G01_2026-02-04,450,test,normal,,1025,1281,1,4a068909ec772a86fc36623467d0786be2347884c095fb90ce4847ccf8a9ce53,,
1.0,G01-260204-123021-451,G01-260204-123021-451.bmp,G01,2026-02-04T12:30:21,2026-02-04,G01_2026-02-04,451,test,normal,,1025,1281,1,6fba1aecf6b8cc6a7a66750c7d4c73272e9f6162bd2bbfccc16c60c34975eb8a,,
1.0,G01-260204-123027-452,G01-260204-123027-452.bmp,G01,2026-02-04T12:30:27,2026-02-04,G01_2026-02-04,452,test,normal,,1025,1281,1,96a0a984f65235e7df2d77b4e5360d274c170a1755125cf82a4c7e93a9a3838a,,
1.0,G01-260204-123037-453,G01-260204-123037-453.bmp,G01,2026-02-04T12:30:37,2026-02-04,G01_2026-02-04,453,test,normal,,1025,1281,1,2f9de357e0b83e2c4b143b02a5f0fa5d25a00767dfece7d51a293c2e435dd35e,,
1.0,G01-260204-123043-454,G01-260204-123043-454.bmp,G01,2026-02-04T12:30:43,2026-02-04,G01_2026-02-04,454,test,normal,,1025,1281,1,8a2a87a92077c74fb046c82e6c459c1ec31f21791121e32bad38419e28218e20,,
1.0,G01-260204-123046-455,G01-260204-123046-455.bmp,G01,2026-02-04T12:30:46,2026-02-04,G01_2026-02-04,455,test,normal,,1025,1281,1,8161b0b0e165aa58817fd01bb46b80702d4d43af8a5a4083cc591f0d038972a3,,
1.0,G01-260204-123049-456,G01-260204-123049-456.bmp,G01,2026-02-04T12:30:49,2026-02-04,G01_2026-02-04,456,test,normal,,1025,1281,1,401b101c07e9edb07703b231e13b2cf63a8f8d588575f3f007e8c6a90101b763,,
1.0,G01-260204-123054-457,G01-260204-123054-457.bmp,G01,2026-02-04T12:30:54,2026-02-04,G01_2026-02-04,457,test,normal,,1025,1281,1,de3ebd48475226da08dbeb9ca5f59f606cf3aedf0026bfd96ed2c95f19d0e155,,
1.0,G01-260204-123055-458,G01-260204-123055-458.bmp,G01,2026-02-04T12:30:55,2026-02-04,G01_2026-02-04,458,test,normal,,1025,1281,1,098b55e275096f4cf7a7326c4ed4844bb8b245e23ae1443d036180fe652abe44,,
1.0,G01-260204-123102-459,G01-260204-123102-459.bmp,G01,2026-02-04T12:31:02,2026-02-04,G01_2026-02-04,459,test,normal,,1025,1281,1,c2448585faf05165d8340a7642b2c6d7bcd07295b311b786fce84b2ad087e11d,,
1.0,G01-260204-123108-460,G01-260204-123108-460.bmp,G01,2026-02-04T12:31:08,2026-02-04,G01_2026-02-04,460,test,normal,,1025,1281,1,856b36bc2325adc1ec14a4bbe4e2f4412dc38ec9747dcd34dad4aefcef11ac49,,
1.0,G01-260204-123122-461,G01-260204-123122-461.bmp,G01,2026-02-04T12:31:22,2026-02-04,G01_2026-02-04,461,test,normal,,1025,1281,1,921894649aa4b6df936da97361a339a55e0a803444fd9e67d6b9af6bcc61dfb3,,
1.0,G01-260204-123129-462,G01-260204-123129-462.bmp,G01,2026-02-04T12:31:29,2026-02-04,G01_2026-02-04,462,test,normal,,1025,1281,1,f56cca8e24ddac99c988c7d9dd1ff8bf1d545d6e6bdaf2a2cc98174573751f64,,
1.0,G01-260204-123141-463,G01-260204-123141-463.bmp,G01,2026-02-04T12:31:41,2026-02-04,G01_2026-02-04,463,test,normal,,1025,1281,1,e4eb08539730792f6c6fa877266c9dbc6fb145e67c1dd22e676e40da82539317,,
1.0,G01-260204-123152-464,G01-260204-123152-464.bmp,G01,2026-02-04T12:31:52,2026-02-04,G01_2026-02-04,464,test,normal,,1025,1281,1,7a5b5e8a2002e10200a5da2ec318db9e373023f8ead5a351daa10d327ce54cfb,,
1.0,G01-260204-123159-465,G01-260204-123159-465.bmp,G01,2026-02-04T12:31:59,2026-02-04,G01_2026-02-04,465,test,normal,,1025,1281,1,a5e3086b2a304cf3c467c22f3c16326803208a6f4bd51fea0da1bcf3f74178ba,,
1.0,G01-260204-123222-466,G01-260204-123222-466.bmp,G01,2026-02-04T12:32:22,2026-02-04,G01_2026-02-04,466,test,normal,,1025,1281,1,d877ba9e9f4572697a065fe5d4066bd1c4c05c831102a2dd3a7a6885363524dd,,
1.0,G01-260204-123229-467,G01-260204-123229-467.bmp,G01,2026-02-04T12:32:29,2026-02-04,G01_2026-02-04,467,test,normal,,1025,1281,1,763bdf7d0bd39f79c554a49d1410d07351971a693bf38c8c808cff9b3abc2cc2,,
1.0,G01-260204-123252-468,G01-260204-123252-468.bmp,G01,2026-02-04T12:32:52,2026-02-04,G01_2026-02-04,468,test,normal,,1025,1281,1,e550507b15aec2070d0b6983a7ed79203fb8113ff26673ceab28a98173bea51b,,
1.0,G01-260204-123259-469,G01-260204-123259-469.bmp,G01,2026-02-04T12:32:59,2026-02-04,G01_2026-02-04,469,test,normal,,1025,1281,1,747a84520b060a9e05deec86b0f49b48a298923296a6d4ee309df5db375e1d6e,,
1.0,G01-260204-123323-470,G01-260204-123323-470.bmp,G01,2026-02-04T12:33:23,2026-02-04,G01_2026-02-04,470,test,normal,,1025,1281,1,05242e388cda3c3a02817f94cff4b50488e982962606323b47a0a7ddacbcde0b,,
1.0,G01-260204-123330-471,G01-260204-123330-471.bmp,G01,2026-02-04T12:33:30,2026-02-04,G01_2026-02-04,471,test,normal,,1025,1281,1,365e62916efdb5f612d6eb4d2d48e9e0ee504b3c18999bc0bfb615cc2de5c8f8,,
1.0,G01-260204-123351-472,G01-260204-123351-472.bmp,G01,2026-02-04T12:33:51,2026-02-04,G01_2026-02-04,472,test,normal,,1025,1281,1,985d7318af609e8522db4e896d85d4ce643cade43805728cfe1c16ff4b140b3c,,
1.0,G01-260204-123358-473,G01-260204-123358-473.bmp,G01,2026-02-04T12:33:58,2026-02-04,G01_2026-02-04,473,test,normal,,1025,1281,1,ff66af548222c8dac8de50d5034f6f35ef61394a40e17acb74ccf161c0d9f186,,
1.0,G01-260204-123422-474,G01-260204-123422-474.bmp,G01,2026-02-04T12:34:22,2026-02-04,G01_2026-02-04,474,test,normal,,1025,1281,1,1e651136d127e0fa9a883881f502543ce9485b8782e8b3610ab92814ccb9ce80,,
1.0,G01-260204-123429-475,G01-260204-123429-475.bmp,G01,2026-02-04T12:34:29,2026-02-04,G01_2026-02-04,475,test,normal,,1025,1281,1,339f0ee23652a6eb7e6da995474f65d71d7ba399ab9d16bb5aefeaa0b6efeaf1,,
1.0,G01-260204-123452-476,G01-260204-123452-476.bmp,G01,2026-02-04T12:34:52,2026-02-04,G01_2026-02-04,476,test,normal,,1025,1281,1,df63603c559e407f23f723e5d95806f91b91b2afc12571111e2739f48e84ce64,,
1.0,G01-260204-123500-477,G01-260204-123500-477.bmp,G01,2026-02-04T12:35:00,2026-02-04,G01_2026-02-04,477,test,normal,,1025,1281,1,416391cf2075c1df42e16a4a09ac8c2813d9525610b97dedb01587518dddf4b6,,
1.0,G01-260204-123523-478,G01-260204-123523-478.bmp,G01,2026-02-04T12:35:23,2026-02-04,G01_2026-02-04,478,test,normal,,1025,1281,1,07c54d574bca3ad87eb5ad5080d5a587ee3b4c85cf728c0f62a91070085d450a,,
1.0,G01-260204-123530-479,G01-260204-123530-479.bmp,G01,2026-02-04T12:35:30,2026-02-04,G01_2026-02-04,479,test,normal,,1025,1281,1,527b12d3a722d82328794a0ef446b388d695eee300d265ce3317ab35fac50cad,,
1.0,G01-260204-123553-480,G01-260204-123553-480.bmp,G01,2026-02-04T12:35:53,2026-02-04,G01_2026-02-04,480,test,normal,,1025,1281,1,30bff3f86e333504e6e1797ec6a6d1622ecb2c8e6711f5b282481d56eb244460,,
1.0,G01-260204-123559-481,G01-260204-123559-481.bmp,G01,2026-02-04T12:35:59,2026-02-04,G01_2026-02-04,481,test,normal,,1025,1281,1,b39bd4c19becaaf8a112961f8c2dcf40288ff85da858ab442845b41ee2e8de34,,
1.0,G01-260204-123622-482,G01-260204-123622-482.bmp,G01,2026-02-04T12:36:22,2026-02-04,G01_2026-02-04,482,test,normal,,1025,1281,1,b34a07779e9a1f79e7542bdab0604412db7b55c9cc693def2f2f3a34c528897f,,
1.0,G01-260204-123629-483,G01-260204-123629-483.bmp,G01,2026-02-04T12:36:29,2026-02-04,G01_2026-02-04,483,test,normal,,1025,1281,1,61aa031041807c91f49e5066d5b5e8d2232f40b36b1c54d777a93d81aad6790c,,
1.0,G01-260204-123653-484,G01-260204-123653-484.bmp,G01,2026-02-04T12:36:53,2026-02-04,G01_2026-02-04,484,test,normal,,1025,1281,1,fa3ab52dc736858a4e0c6fc0a892a4e032ff923809873df370062be2461b0bde,,
1.0,G01-260204-123700-485,G01-260204-123700-485.bmp,G01,2026-02-04T12:37:00,2026-02-04,G01_2026-02-04,485,test,normal,,1025,1281,1,2d870dd13eeb2f9dfc7130695dd534075a8823a95ae4258307e301617ce7e33c,,
1.0,G01-260204-123725-486,G01-260204-123725-486.bmp,G01,2026-02-04T12:37:25,2026-02-04,G01_2026-02-04,486,test,normal,,1025,1281,1,a6ab1df8ed01f3f42868cadd402cc82cc99fdba812b51e69f03cdf15b031fb62,,
1.0,G01-260204-123733-487,G01-260204-123733-487.bmp,G01,2026-02-04T12:37:33,2026-02-04,G01_2026-02-04,487,test,normal,,1025,1281,1,ce2296a817530460643348650ffdbbdd0c17defa6683e516a93d81ffe005ed78,,
1.0,G01-260204-123754-488,G01-260204-123754-488.bmp,G01,2026-02-04T12:37:54,2026-02-04,G01_2026-02-04,488,test,normal,,1025,1281,1,3cf5f2641359777da92c0f2322f2051a7cd265323476ddd10d324b1116c01511,,
1.0,G01-260204-123801-489,G01-260204-123801-489.bmp,G01,2026-02-04T12:38:01,2026-02-04,G01_2026-02-04,489,test,normal,,1025,1281,1,2e4656e179d4c156169c6247a2e49e2bffb986da3f98cba6cd11ba9451dc262b,,
1.0,G01-260204-123823-490,G01-260204-123823-490.bmp,G01,2026-02-04T12:38:23,2026-02-04,G01_2026-02-04,490,test,normal,,1025,1281,1,87a6f44086d93bb4a2f00ce2b4ba8464f162f274bcc20b2e5cc098a86b3ed62d,,
1.0,G01-260204-123830-491,G01-260204-123830-491.bmp,G01,2026-02-04T12:38:30,2026-02-04,G01_2026-02-04,491,test,normal,,1025,1281,1,b0f00712ed7267e99b411a50bd434ea6b641fdb2b938df7aa874bdf026d5ec52,,
1.0,G01-260204-123854-492,G01-260204-123854-492.bmp,G01,2026-02-04T12:38:54,2026-02-04,G01_2026-02-04,492,test,normal,,1025,1281,1,a657cf8a51eda296bba08b81ae978e21c74e283f2a576ed1fc3bdbd176b93de2,,
1.0,G01-260204-123900-493,G01-260204-123900-493.bmp,G01,2026-02-04T12:39:00,2026-02-04,G01_2026-02-04,493,test,normal,,1025,1281,1,3cbb22a023a25e5e2506ff7e1d3a387204611059d47b631255bad61bd0b53b9d,,
1.0,G01-260204-123923-494,G01-260204-123923-494.bmp,G01,2026-02-04T12:39:23,2026-02-04,G01_2026-02-04,494,test,normal,,1025,1281,1,25e4a3c919d8bb5828aa6bfd2e3defa43a1ea996f15810154b4c7984ea6d98d8,,
1.0,G01-260204-123931-495,G01-260204-123931-495.bmp,G01,2026-02-04T12:39:31,2026-02-04,G01_2026-02-04,495,test,normal,,1025,1281,1,fa533b843ea639aa3e0bf90e0cca8c073cf21e07e557309fed9d8dd79aaa7196,,
1.0,G01-260204-123953-496,G01-260204-123953-496.bmp,G01,2026-02-04T12:39:53,2026-02-04,G01_2026-02-04,496,test,normal,,1025,1281,1,3699b231a772d236c0266cc25e6fc95348da973cb5e4e9003cfec10232c2874d,,
1.0,G01-260204-124000-497,G01-260204-124000-497.bmp,G01,2026-02-04T12:40:00,2026-02-04,G01_2026-02-04,497,test,normal,,1025,1281,1,e62f8718acdf47d85cb17544c73b5899b07411fc70c6d292c674956a3d441dbd,,
1.0,G01-260204-124023-498,G01-260204-124023-498.bmp,G01,2026-02-04T12:40:23,2026-02-04,G01_2026-02-04,498,test,normal,,1025,1281,1,8dd822c1261713deed664a508090c9b9b68e09f6c920ca1f0fe53711636cffc7,,
1.0,G01-260204-124030-499,G01-260204-124030-499.bmp,G01,2026-02-04T12:40:30,2026-02-04,G01_2026-02-04,499,test,normal,,1025,1281,1,9eb7699011617315e67ee5139ef6c56a8c51d8cb2d8004a507d96bcbc5dc0647,,
1.0,G01-260204-124053-500,G01-260204-124053-500.bmp,G01,2026-02-04T12:40:53,2026-02-04,G01_2026-02-04,500,test,normal,,1025,1281,1,4ab59e283e0b7b74ce0a0f24857c91958d13fdd4dcde7771d2a123e21e0a00c2,,
1.0,G01-260204-124100-501,G01-260204-124100-501.bmp,G01,2026-02-04T12:41:00,2026-02-04,G01_2026-02-04,501,test,normal,,1025,1281,1,fcce9e6255036cbb0bebf6ec39635f80f1d7e4f5537738b49a6580f8269b84e9,,
1.0,G01-260204-124124-502,G01-260204-124124-502.bmp,G01,2026-02-04T12:41:24,2026-02-04,G01_2026-02-04,502,test,normal,,1025,1281,1,9155498849895423b8dde51e111deb9a6a9b58a8ba53882438144cfc701d4425,,
1.0,G01-260204-124132-503,G01-260204-124132-503.bmp,G01,2026-02-04T12:41:32,2026-02-04,G01_2026-02-04,503,test,normal,,1025,1281,1,8d746e672729b1a1d048f9d3128e34f6bbcdb30eabdf4ae0b87f8d1e8a85e2f8,,
1.0,G01-260204-124155-504,G01-260204-124155-504.bmp,G01,2026-02-04T12:41:55,2026-02-04,G01_2026-02-04,504,test,normal,,1025,1281,1,9359b932f783de5b80b081204db0cb624e5ffa0519eb5792b85efd97cf7910df,,
1.0,G01-260204-124202-505,G01-260204-124202-505.bmp,G01,2026-02-04T12:42:02,2026-02-04,G01_2026-02-04,505,test,normal,,1025,1281,1,1b12d57cccd5113f245c3c5d536762b5c09b467837fc38ba740c6dafec92574c,,
1.0,G01-260204-124224-506,G01-260204-124224-506.bmp,G01,2026-02-04T12:42:24,2026-02-04,G01_2026-02-04,506,test,normal,,1025,1281,1,a6de6898edb2050856648f2c91a671c1299973d669ed27602d09f63d33586407,,
1.0,G01-260204-124231-507,G01-260204-124231-507.bmp,G01,2026-02-04T12:42:31,2026-02-04,G01_2026-02-04,507,test,normal,,1025,1281,1,a5e44953235d9a09928baa5eee5a923be6593014cebc3c4229775b1d0ea348ca,,
1.0,G01-260204-124255-508,G01-260204-124255-508.bmp,G01,2026-02-04T12:42:55,2026-02-04,G01_2026-02-04,508,test,normal,,1025,1281,1,ce154023255ef5463191a572f3b8c48b523ab6392df24dc1e569f281d26105bf,,
1.0,G01-260204-124302-509,G01-260204-124302-509.bmp,G01,2026-02-04T12:43:02,2026-02-04,G01_2026-02-04,509,test,normal,,1025,1281,1,96a765d0bdb259b9b274dd40c7263d90e735107bd1d0d898e499f00c8ebdb7dd,,
1.0,G01-260204-124325-510,G01-260204-124325-510.bmp,G01,2026-02-04T12:43:25,2026-02-04,G01_2026-02-04,510,test,normal,,1025,1281,1,cbe4a560c18e2d3292c7adaee4dd0db385b7f9485b689dd8b00ed47552508ec4,,
1.0,G01-260204-124332-511,G01-260204-124332-511.bmp,G01,2026-02-04T12:43:32,2026-02-04,G01_2026-02-04,511,test,normal,,1025,1281,1,fde1bf1afe14cd6c25292fe90c087e993f161dc7270245396d3b06ce6211ea72,,
1.0,G01-260204-124356-512,G01-260204-124356-512.bmp,G01,2026-02-04T12:43:56,2026-02-04,G01_2026-02-04,512,test,normal,,1025,1281,1,ed4f913b32bbf726a749b0fe925c0e39ddffe9dc7ee605f1970f8c4c30279419,,
1.0,G01-260204-124403-513,G01-260204-124403-513.bmp,G01,2026-02-04T12:44:03,2026-02-04,G01_2026-02-04,513,test,normal,,1025,1281,1,0e9fb22b26fb10c0fdf267b7ae0db428623b8e2391aca4ebd2ee47251919e739,,
1.0,G01-260204-124425-514,G01-260204-124425-514.bmp,G01,2026-02-04T12:44:25,2026-02-04,G01_2026-02-04,514,test,normal,,1025,1281,1,b3c0fdd388698152f489f37fd68925bd106642afd748e5020262b6f6e744ca87,,
1.0,G01-260204-124432-515,G01-260204-124432-515.bmp,G01,2026-02-04T12:44:32,2026-02-04,G01_2026-02-04,515,test,normal,,1025,1281,1,c927d46e261573027859b7ef68252873e190dcf3fc637a53a2217574e1c36fea,,
1.0,G01-260204-124456-516,G01-260204-124456-516.bmp,G01,2026-02-04T12:44:56,2026-02-04,G01_2026-02-04,516,test,normal,,1025,1281,1,28775236f133734a0aaa0bb153a40147a34d10e1094d5ae9086ea933620ce770,,
1.0,G01-260204-124503-517,G01-260204-124503-517.bmp,G01,2026-02-04T12:45:03,2026-02-04,G01_2026-02-04,517,test,normal,,1025,1281,1,8a1b14e92b2604fff8dfaff99c9a248099654414b5a053358e790e142c1f5053,,
1.0,G01-260204-124525-518,G01-260204-124525-518.bmp,G01,2026-02-04T12:45:25,2026-02-04,G01_2026-02-04,518,test,normal,,1025,1281,1,3a90325bd0edfa36707af2a52c9f0aa23836a9c6b805d27d9fb579e1613be062,,
1.0,G01-260204-124533-519,G01-260204-124533-519.bmp,G01,2026-02-04T12:45:33,2026-02-04,G01_2026-02-04,519,test,normal,,1025,1281,1,e44059c95ebe38d4b5bacb21a63cc5eb2879c4991917db090cf0c23410c86369,,
1.0,G01-260204-124555-520,G01-260204-124555-520.bmp,G01,2026-02-04T12:45:55,2026-02-04,G01_2026-02-04,520,test,normal,,1025,1281,1,514615c03e60b49209d2c2dcd570a11c5c0cb070919657070c8e090e0775ef12,,
1.0,G01-260204-124601-521,G01-260204-124601-521.bmp,G01,2026-02-04T12:46:01,2026-02-04,G01_2026-02-04,521,test,normal,,1025,1281,1,ea1b9f1a4141b5ab23e85902c35f957d87483900233e3f3a0d5ac1d4dd2f23a7,,
1.0,G01-260204-124626-522,G01-260204-124626-522.bmp,G01,2026-02-04T12:46:26,2026-02-04,G01_2026-02-04,522,test,normal,,1025,1281,1,585a0677fb3194e219e32f5dfffd7ab6c123fe54641632f4fb93b341fc8990ff,,
1.0,G01-260204-124633-523,G01-260204-124633-523.bmp,G01,2026-02-04T12:46:33,2026-02-04,G01_2026-02-04,523,test,normal,,1025,1281,1,c66fff7148211a677de02e4f1b884d5598654746a5e39a55b15ea2429aab313d,,
1.0,G01-260204-124656-524,G01-260204-124656-524.bmp,G01,2026-02-04T12:46:56,2026-02-04,G01_2026-02-04,524,test,normal,,1025,1281,1,37101f8d3926564c01d00012469384d3a740ebda1374898f47eabf3833a9c1db,,
1.0,G01-260204-124703-525,G01-260204-124703-525.bmp,G01,2026-02-04T12:47:03,2026-02-04,G01_2026-02-04,525,test,normal,,1025,1281,1,16ffeba7a1276155ba014fd910fc89e55650b348d7070be948cfa55c12ac526c,,
1.0,G01-260204-124727-526,G01-260204-124727-526.bmp,G01,2026-02-04T12:47:27,2026-02-04,G01_2026-02-04,526,test,normal,,1025,1281,1,5fe9dab160c80c4631ea3fcf50158c361e64b22418560f6f599d2bd308068988,,
1.0,G01-260204-124734-527,G01-260204-124734-527.bmp,G01,2026-02-04T12:47:34,2026-02-04,G01_2026-02-04,527,test,normal,,1025,1281,1,46c410fa049ff7e7724da973c883d4b90f42375e5c1e8cf3e881caf836d8214f,,
1.0,G01-260204-124756-528,G01-260204-124756-528.bmp,G01,2026-02-04T12:47:56,2026-02-04,G01_2026-02-04,528,test,normal,,1025,1281,1,24f41b23173541ddfe429cc09e640c1d60a9bebdf3bedbda0f851c03405f0001,,
1.0,G01-260204-124803-529,G01-260204-124803-529.bmp,G01,2026-02-04T12:48:03,2026-02-04,G01_2026-02-04,529,test,normal,,1025,1281,1,61e160c624518fb142575806a83474d38f96cc2237f5cb1b940a5dcf1928fae4,,
1.0,G01-260204-124827-530,G01-260204-124827-530.bmp,G01,2026-02-04T12:48:27,2026-02-04,G01_2026-02-04,530,test,normal,,1025,1281,1,d40d2a0806990c1a93b08f78c5014ff73123a283d77bf7c5a2e740db95867a0a,,
1.0,G01-260204-124833-531,G01-260204-124833-531.bmp,G01,2026-02-04T12:48:33,2026-02-04,G01_2026-02-04,531,test,normal,,1025,1281,1,c0c021b3ad810c3d68cc604704f952d3a634e8e17d50584232758bfd2c707aea,,
1.0,G01-260204-124856-532,G01-260204-124856-532.bmp,G01,2026-02-04T12:48:56,2026-02-04,G01_2026-02-04,532,test,normal,,1025,1281,1,6c998172271d2be314a214008ca0ae88ba4af3200d2a3edabbf3bf46cfdf122a,,
1.0,G01-260204-124903-533,G01-260204-124903-533.bmp,G01,2026-02-04T12:49:03,2026-02-04,G01_2026-02-04,533,test,normal,,1025,1281,1,f30e08895d817df3c3971a8e2ce9685295c4b4cbc9c862010b9abf134c897de3,,
1.0,G01-260204-124926-534,G01-260204-124926-534.bmp,G01,2026-02-04T12:49:26,2026-02-04,G01_2026-02-04,534,test,normal,,1025,1281,1,f511fb148f4b35e73b40909ae1753abb1cab2f945555441e8061ff260d8c60da,,
1.0,G01-260204-124933-535,G01-260204-124933-535.bmp,G01,2026-02-04T12:49:33,2026-02-04,G01_2026-02-04,535,test,normal,,1025,1281,1,ad4d8f59ccd44bf497fb12550cc0969f5ff47a19c2caca1a5c8be82bec6039da,,
1.0,G01-260204-124956-536,G01-260204-124956-536.bmp,G01,2026-02-04T12:49:56,2026-02-04,G01_2026-02-04,536,test,normal,,1025,1281,1,b179e8eb7cce80f82b3fea87a0a779398c13c89b0810f354291fd21bb4f3b50e,,
1.0,G01-260204-125002-537,G01-260204-125002-537.bmp,G01,2026-02-04T12:50:02,2026-02-04,G01_2026-02-04,537,test,normal,,1025,1281,1,37789ac60608cc14f21cdd882101c798c820a8eb11cdb570c037382a6e0d53d3,,
1.0,G01-260204-125026-538,G01-260204-125026-538.bmp,G01,2026-02-04T12:50:26,2026-02-04,G01_2026-02-04,538,test,normal,,1025,1281,1,8f4af16c4927ee985f957c4b527e2838fb975cc7c5f3c877ce01ae775437a7de,,
1.0,G01-260204-125032-539,G01-260204-125032-539.bmp,G01,2026-02-04T12:50:32,2026-02-04,G01_2026-02-04,539,test,normal,,1025,1281,1,2a5f2f2589bfce5c9559b5e82f79f7433ce4b3bf2d1900fb17add64e8f296526,,
1.0,G01-260204-125057-540,G01-260204-125057-540.bmp,G01,2026-02-04T12:50:57,2026-02-04,G01_2026-02-04,540,test,normal,,1025,1281,1,8e1f47e01f52559c5f1e4dd882ab0fa2c31ebf568ebb73bb6f51ec2e42ff8c06,,
1.0,G01-260204-125104-541,G01-260204-125104-541.bmp,G01,2026-02-04T12:51:04,2026-02-04,G01_2026-02-04,541,test,normal,,1025,1281,1,637cc829659e6246149734744b756d7fba163e83262290c01d8e16c8f91e7708,,
1.0,G01-260204-125128-542,G01-260204-125128-542.bmp,G01,2026-02-04T12:51:28,2026-02-04,G01_2026-02-04,542,test,normal,,1025,1281,1,0f5a1896421d9799daf4937b71753f8eb1fafd8342343c76919b22f253aadb93,,
1.0,G01-260204-125134-543,G01-260204-125134-543.bmp,G01,2026-02-04T12:51:34,2026-02-04,G01_2026-02-04,543,test,normal,,1025,1281,1,160951ac0889cb9c845491d5afd92c2aa08115d4bb5e073e73fc675b02ce3b9b,,
1.0,G01-260204-125156-544,G01-260204-125156-544.bmp,G01,2026-02-04T12:51:56,2026-02-04,G01_2026-02-04,544,test,normal,,1025,1281,1,ef6da2f208d110fcda816dbec3d2f0f3df8e21c7a31e13936bde757b43c66bf1,,
1.0,G01-260204-125203-545,G01-260204-125203-545.bmp,G01,2026-02-04T12:52:03,2026-02-04,G01_2026-02-04,545,test,normal,,1025,1281,1,c1e20e318f8330d5ac27aba702ef47a5cad005b6852c7381ef045bc9d5cf2a23,,
1.0,G01-260204-125229-546,G01-260204-125229-546.bmp,G01,2026-02-04T12:52:29,2026-02-04,G01_2026-02-04,546,test,normal,,1025,1281,1,102d75724d75af8209f3aadfa796f953b666a4ce7ead3e2d272d1eb936f3c964,,
1.0,G01-260204-125235-547,G01-260204-125235-547.bmp,G01,2026-02-04T12:52:35,2026-02-04,G01_2026-02-04,547,test,normal,,1025,1281,1,b544eb6fbae5aa6a8cae638f9087d39b8ed495d94ba5d08f4061d756e50c1ae0,,
1.0,G01-260204-125257-548,G01-260204-125257-548.bmp,G01,2026-02-04T12:52:57,2026-02-04,G01_2026-02-04,548,test,normal,,1025,1281,1,b0daf0e24631c67cee586d9565afcaacfa80193430b5d475a471f80f7814a08e,,
1.0,G01-260204-125305-549,G01-260204-125305-549.bmp,G01,2026-02-04T12:53:05,2026-02-04,G01_2026-02-04,549,test,normal,,1025,1281,1,d582a0f5aaf167c1e77b123f205db803909c6d7fd470516975a591f6f619e8f4,,
1.0,G01-260204-125328-550,G01-260204-125328-550.bmp,G01,2026-02-04T12:53:28,2026-02-04,G01_2026-02-04,550,test,normal,,1025,1281,1,7a14d043bb90b31d21f0e1bbc1c9c11a3592c792d505c905f2e4cc1319a2f859,,
1.0,G01-260204-125335-551,G01-260204-125335-551.bmp,G01,2026-02-04T12:53:35,2026-02-04,G01_2026-02-04,551,test,normal,,1025,1281,1,fe8313daa29b288e4316242a3bff278060b2c1cc583ecb710e161f2e56963b9c,,
1.0,G01-260204-125359-552,G01-260204-125359-552.bmp,G01,2026-02-04T12:53:59,2026-02-04,G01_2026-02-04,552,test,normal,,1025,1281,1,b4ad5417024714737e9db0d8a9ca6cf3829912d5db37d64c16ad4fc048bfef2b,,
1.0,G01-260204-125406-553,G01-260204-125406-553.bmp,G01,2026-02-04T12:54:06,2026-02-04,G01_2026-02-04,553,test,normal,,1025,1281,1,91d6882c74fd633d8569612e13ac522dc8f015b95f88cd1d4d20aa331fbb8058,,
1.0,G01-260204-125428-554,G01-260204-125428-554.bmp,G01,2026-02-04T12:54:28,2026-02-04,G01_2026-02-04,554,test,normal,,1025,1281,1,218f9390e978d239839684b3353e0420bfe0a7915bd89106fae6588d2685eaf5,,
1.0,G01-260204-125435-555,G01-260204-125435-555.bmp,G01,2026-02-04T12:54:35,2026-02-04,G01_2026-02-04,555,test,normal,,1025,1281,1,ba6523e57eb61146233faf98987663b50d3349918d57a4be10e20bdddcae9d5c,,
1.0,G01-260204-125458-556,G01-260204-125458-556.bmp,G01,2026-02-04T12:54:58,2026-02-04,G01_2026-02-04,556,test,normal,,1025,1281,1,b4a8c9066ff0fef035678addeefb0619c27d5abba8672af621049b0ef447b845,,
1.0,G01-260204-125504-557,G01-260204-125504-557.bmp,G01,2026-02-04T12:55:04,2026-02-04,G01_2026-02-04,557,test,normal,,1025,1281,1,64ceed4de6f86947433fcd56ff8611f87cd18541660e5b028041471564416494,,
1.0,G01-260204-125528-558,G01-260204-125528-558.bmp,G01,2026-02-04T12:55:28,2026-02-04,G01_2026-02-04,558,test,normal,,1025,1281,1,49985ccb0df45f14f959f1990a5079f25b21984ad7f7b327cb8d2301256c54f1,,
1.0,G01-260204-125535-559,G01-260204-125535-559.bmp,G01,2026-02-04T12:55:35,2026-02-04,G01_2026-02-04,559,test,normal,,1025,1281,1,37c89fc893d63435acecb26aac7047025f04997b0bfb6ccb50ee7618c43cd036,,
1.0,G01-260204-125558-560,G01-260204-125558-560.bmp,G01,2026-02-04T12:55:58,2026-02-04,G01_2026-02-04,560,test,normal,,1025,1281,1,21dea8dc827874bd15ed0b1cc35d4bd90b9568c8dadf16da1c4a6a3df8987780,,
1.0,G01-260204-125605-561,G01-260204-125605-561.bmp,G01,2026-02-04T12:56:05,2026-02-04,G01_2026-02-04,561,test,normal,,1025,1281,1,c3415c7d24e946b6ea82cc510517d043d3caff5708f2017e18cdd9ac9f8a89b3,,
1.0,G01-260204-125628-562,G01-260204-125628-562.bmp,G01,2026-02-04T12:56:28,2026-02-04,G01_2026-02-04,562,test,normal,,1025,1281,1,2ac56b57401c7a8e43c0edf95e2b3a5a0c58a55688ef2076d5299d2b6dec5b7e,,
1.0,G01-260204-125635-563,G01-260204-125635-563.bmp,G01,2026-02-04T12:56:35,2026-02-04,G01_2026-02-04,563,test,normal,,1025,1281,1,65df3f350432df9bd764816cf32cd88869ff7f1e1bb907facb84cfeb22aebd07,,
1.0,G01-260204-125658-564,G01-260204-125658-564.bmp,G01,2026-02-04T12:56:58,2026-02-04,G01_2026-02-04,564,test,normal,,1025,1281,1,17fc4e653d62121d306f4bd1145de7d774965f6b2196fd7019e8f0b3255cf6a7,,
1.0,G01-260204-125704-565,G01-260204-125704-565.bmp,G01,2026-02-04T12:57:04,2026-02-04,G01_2026-02-04,565,test,normal,,1025,1281,1,2f3bb1e6ede38454cade8b920e40b12a0cd59f3cd5e4a5b7dd14e77b2a7ba1b2,,
1.0,G01-260204-125729-566,G01-260204-125729-566.bmp,G01,2026-02-04T12:57:29,2026-02-04,G01_2026-02-04,566,test,normal,,1025,1281,1,60890316541483bf9a80f2788a3a04495f391178897ac676f1007e80c6daf769,,
1.0,G01-260204-125736-567,G01-260204-125736-567.bmp,G01,2026-02-04T12:57:36,2026-02-04,G01_2026-02-04,567,test,normal,,1025,1281,1,3e7a2182a978bd21d2da5ef0774a20384e24004b7b293c0acf81f7287ee7f204,,
1.0,G01-260204-125759-568,G01-260204-125759-568.bmp,G01,2026-02-04T12:57:59,2026-02-04,G01_2026-02-04,568,test,normal,,1025,1281,1,3bb926469381857488877c40735da0ba1807ce508572f89b027d4ca1160a8e89,,
1.0,G01-260204-125806-569,G01-260204-125806-569.bmp,G01,2026-02-04T12:58:06,2026-02-04,G01_2026-02-04,569,test,normal,,1025,1281,1,398aa165c1b1140ab427cf46bc773bdb959c4cd98c1c572b4d557d2d165625ee,,
1.0,G01-260204-125830-570,G01-260204-125830-570.bmp,G01,2026-02-04T12:58:30,2026-02-04,G01_2026-02-04,570,test,normal,,1025,1281,1,b095bd2a133bc98c6f2e217e2680570f81844c9c5933daeefbd8ee4f5923539e,,
1.0,G01-260204-125838-571,G01-260204-125838-571.bmp,G01,2026-02-04T12:58:38,2026-02-04,G01_2026-02-04,571,test,normal,,1025,1281,1,32e1f2cb0d6de34feb8e06d6602fc6a10abbd513b1f78d3db792fbf4f930fe88,,
1.0,G01-260204-125900-572,G01-260204-125900-572.bmp,G01,2026-02-04T12:59:00,2026-02-04,G01_2026-02-04,572,test,normal,,1025,1281,1,698feca6a26606bd01d274775810e0c34cba56b7892c431854f4363e151dcede,,
1.0,G01-260204-125906-573,G01-260204-125906-573.bmp,G01,2026-02-04T12:59:06,2026-02-04,G01_2026-02-04,573,test,normal,,1025,1281,1,5ed14ea3d7d7ba338f85c9184f3c1df03baa028285c0fc161bf91c194e6f50c7,,
1.0,G01-260204-125931-574,G01-260204-125931-574.bmp,G01,2026-02-04T12:59:31,2026-02-04,G01_2026-02-04,574,test,normal,,1025,1281,1,ed832492bd00196c0ea3981a1db630f6c3c805cc043c4cb3f2b40be101eae345,,
1.0,G01-260204-125937-575,G01-260204-125937-575.bmp,G01,2026-02-04T12:59:37,2026-02-04,G01_2026-02-04,575,test,normal,,1025,1281,1,6c2198a38e7b23096536308f61ecd56cf571d6821369ea35ab527922f10d440a,,
1.0,G01-260204-125959-576,G01-260204-125959-576.bmp,G01,2026-02-04T12:59:59,2026-02-04,G01_2026-02-04,576,test,normal,,1025,1281,1,3aed753fa49da9afa590f04538354f1c47a857a93ef34e5363233354643a7635,,
1.0,G01-260204-130006-577,G01-260204-130006-577.bmp,G01,2026-02-04T13:00:06,2026-02-04,G01_2026-02-04,577,test,normal,,1025,1281,1,b00d28318196a3c3a1ff95f6960e071dfddf71587cdad1d48179f406d595883d,,
1.0,G01-260204-130029-578,G01-260204-130029-578.bmp,G01,2026-02-04T13:00:29,2026-02-04,G01_2026-02-04,578,test,normal,,1025,1281,1,585e4012a62f9fab23a8a922d6e96003514b9fbf9f14561f47c0977ac280b475,,
1.0,G01-260204-130038-579,G01-260204-130038-579.bmp,G01,2026-02-04T13:00:38,2026-02-04,G01_2026-02-04,579,test,normal,,1025,1281,1,9732c39bc1668f78df30d863ab669159b3f062a6c201949d8c9391b0b94458c5,,
1.0,G01-260204-130058-580,G01-260204-130058-580.bmp,G01,2026-02-04T13:00:58,2026-02-04,G01_2026-02-04,580,test,normal,,1025,1281,1,484339eddec27e02080ba7b010854f84d3e663a191aa57d374f5d1b79a92f7b5,,
1.0,G01-260204-130105-581,G01-260204-130105-581.bmp,G01,2026-02-04T13:01:05,2026-02-04,G01_2026-02-04,581,test,normal,,1025,1281,1,23dc8ef7d0065585c26e1a9253be86d417264ef6d6fb1d7dc582e1d8bbc7b2b9,,
1.0,G01-260204-130129-582,G01-260204-130129-582.bmp,G01,2026-02-04T13:01:29,2026-02-04,G01_2026-02-04,582,test,normal,,1025,1281,1,dd846e8f4f88f305dd7bcffa261481b54ce4da1b6fd0e90874f44fe871c301a5,,
1.0,G01-260204-130136-583,G01-260204-130136-583.bmp,G01,2026-02-04T13:01:36,2026-02-04,G01_2026-02-04,583,test,normal,,1025,1281,1,fe0da4c9426598841b4a5b7e7534cc296d6e260a5ea4ee58bceb245232c5edd7,,
1.0,G01-260204-130159-584,G01-260204-130159-584.bmp,G01,2026-02-04T13:01:59,2026-02-04,G01_2026-02-04,584,test,normal,,1025,1281,1,874ebacabcbfca7396e2189915db339cc06397fe2a78556fb40970cedfef79ce,,
1.0,G01-260204-130207-585,G01-260204-130207-585.bmp,G01,2026-02-04T13:02:07,2026-02-04,G01_2026-02-04,585,test,normal,,1025,1281,1,8c4bfee2b9c46ffb548eacca9d8d0f55ef9afa3684ddf2163e2b8868ee22c88d,,
1.0,G01-260204-130230-586,G01-260204-130230-586.bmp,G01,2026-02-04T13:02:30,2026-02-04,G01_2026-02-04,586,test,normal,,1025,1281,1,c14682567b6c3af837093c368c6686806c2a511d4bdedfde8e5e4b56c7d5a735,,
1.0,G01-260204-130237-587,G01-260204-130237-587.bmp,G01,2026-02-04T13:02:37,2026-02-04,G01_2026-02-04,587,test,normal,,1025,1281,1,596ec497fce20f65d21b3f1b58632f9e27ff2d1081c4ac6caad0a2fa7ce0017e,,
1.0,G01-260204-130301-588,G01-260204-130301-588.bmp,G01,2026-02-04T13:03:01,2026-02-04,G01_2026-02-04,588,test,normal,,1025,1281,1,ea6396e624541b1de7dd2c07225bb83424053ea2bace6ba8a11d7f0244090351,,
1.0,G01-260204-130308-589,G01-260204-130308-589.bmp,G01,2026-02-04T13:03:08,2026-02-04,G01_2026-02-04,589,test,normal,,1025,1281,1,9d61145cc756fc3cb765a88986a3231f2aebbfcaf4d51320acf5abfc254585a0,,
1.0,G01-260204-130330-590,G01-260204-130330-590.bmp,G01,2026-02-04T13:03:30,2026-02-04,G01_2026-02-04,590,test,normal,,1025,1281,1,72309be50148b8718cf7dba7531a481de86c85cfc376f6241996ab544de8c495,,
1.0,G01-260204-130337-591,G01-260204-130337-591.bmp,G01,2026-02-04T13:03:37,2026-02-04,G01_2026-02-04,591,test,normal,,1025,1281,1,bf3ce7c0a54614898914e520980de0a2c883d09cb7c1eb4a4e351219ab5fcdc9,,
1.0,G01-260204-130400-592,G01-260204-130400-592.bmp,G01,2026-02-04T13:04:00,2026-02-04,G01_2026-02-04,592,test,normal,,1025,1281,1,8b690980ee09e54381cabe63ee9b4b21a6e9dd938d19bcf69dd0133c5808917c,,
1.0,G01-260204-130407-593,G01-260204-130407-593.bmp,G01,2026-02-04T13:04:07,2026-02-04,G01_2026-02-04,593,test,normal,,1025,1281,1,192b0541845b4e788e0c05241565990a3c63d3234fb38c6cc38dddbeaa6cd01f,,
1.0,G01-260204-130430-594,G01-260204-130430-594.bmp,G01,2026-02-04T13:04:30,2026-02-04,G01_2026-02-04,594,test,normal,,1025,1281,1,7369327ae6601c971cfec0880cfaa7b96179f7e550afeba25eb4874bae3f145b,,
1.0,G01-260204-130437-595,G01-260204-130437-595.bmp,G01,2026-02-04T13:04:37,2026-02-04,G01_2026-02-04,595,test,normal,,1025,1281,1,870f297b8a122f6e5b1de0bd204661c3ef7c58c54ac9b26413cd95ce6fd23ed9,,
1.0,G01-260204-130501-596,G01-260204-130501-596.bmp,G01,2026-02-04T13:05:01,2026-02-04,G01_2026-02-04,596,test,normal,,1025,1281,1,559c56ba3ae2ad129d7142fda6ae0875f6d467c1d84e5d53951384545d1ab299,,
1.0,G01-260204-130508-597,G01-260204-130508-597.bmp,G01,2026-02-04T13:05:08,2026-02-04,G01_2026-02-04,597,test,normal,,1025,1281,1,2f12dd3fbba59e572928c1239bb1ea2e638a34e54f14da492504eda614adbdd5,,
1.0,G01-260204-130530-598,G01-260204-130530-598.bmp,G01,2026-02-04T13:05:30,2026-02-04,G01_2026-02-04,598,test,normal,,1025,1281,1,4a291ad8a202c9d2d06f94374ef1b0d35ac57520ac1cf9674934e3b15f1b3b2d,,
1.0,G01-260204-130537-599,G01-260204-130537-599.bmp,G01,2026-02-04T13:05:37,2026-02-04,G01_2026-02-04,599,test,normal,,1025,1281,1,c68557de0ba1e0ba156db454358f5d36caf8b85374ca0110d4dd9bd347ba0a40,,
1.0,G01-260204-130601-600,G01-260204-130601-600.bmp,G01,2026-02-04T13:06:01,2026-02-04,G01_2026-02-04,600,test,normal,,1025,1281,1,35846c3ca75b631d3e61821c284b9b23cea5f1f32906c115d6b468a9ef05139f,,
1.0,G01-260204-130608-601,G01-260204-130608-601.bmp,G01,2026-02-04T13:06:08,2026-02-04,G01_2026-02-04,601,test,normal,,1025,1281,1,cd6a294e1a79e27044dabf1ba0045706eaf432a536eecdef568c3ce16dea25af,,
1.0,G01-260204-130631-602,G01-260204-130631-602.bmp,G01,2026-02-04T13:06:31,2026-02-04,G01_2026-02-04,602,test,normal,,1025,1281,1,6fe8cd85e51c21ca7f30fe49c46b48756720d594de0f6505d4c8e0091bb7d4f9,,
1.0,G01-260204-130638-603,G01-260204-130638-603.bmp,G01,2026-02-04T13:06:38,2026-02-04,G01_2026-02-04,603,test,normal,,1025,1281,1,0678d977d88fdc698bf637720d5cb53f8f15ef1153ab53f3d548eaa4d9a70aa0,,
1.0,G01-260204-130701-604,G01-260204-130701-604.bmp,G01,2026-02-04T13:07:01,2026-02-04,G01_2026-02-04,604,test,normal,,1025,1281,1,6716d191dce13d681c9b65268b95f1311c37becfc627258c68218f7b05326eac,,
1.0,G01-260204-130708-605,G01-260204-130708-605.bmp,G01,2026-02-04T13:07:08,2026-02-04,G01_2026-02-04,605,test,normal,,1025,1281,1,8c8133b61ac61a73461682f7283510a31a1d843976e4539e0e8ddef0c4a7aa4d,,
1.0,G01-260204-130731-606,G01-260204-130731-606.bmp,G01,2026-02-04T13:07:31,2026-02-04,G01_2026-02-04,606,test,normal,,1025,1281,1,dbd0bb94fa0cd0c1dd84fb8bcd70001f35b2344898e2b32917c7c98ba46b9d44,,
1.0,G01-260204-130738-607,G01-260204-130738-607.bmp,G01,2026-02-04T13:07:38,2026-02-04,G01_2026-02-04,607,test,normal,,1025,1281,1,b7faf20aafcf3e0e5b25c37f634d0c2d95a695ac6fe18d854d1edd07d8f8975f,,
1.0,G01-260204-130801-608,G01-260204-130801-608.bmp,G01,2026-02-04T13:08:01,2026-02-04,G01_2026-02-04,608,test,normal,,1025,1281,1,ab260d1f5f8e5faca6ba1c449c97a4d2e58683f431a7c7834fe2fa481926a786,,
1.0,G01-260204-130808-609,G01-260204-130808-609.bmp,G01,2026-02-04T13:08:08,2026-02-04,G01_2026-02-04,609,test,normal,,1025,1281,1,89b60400a38fdf693bee8ec764803fda363aa70bce6346dc907adf28b03fc6a2,,
1.0,G01-260204-130831-610,G01-260204-130831-610.bmp,G01,2026-02-04T13:08:31,2026-02-04,G01_2026-02-04,610,test,normal,,1025,1281,1,1b8117c16196d9c3020aebcafe1f29d6d159b53956655be0337f165d154929d9,,
1.0,G01-260204-130838-611,G01-260204-130838-611.bmp,G01,2026-02-04T13:08:38,2026-02-04,G01_2026-02-04,611,test,normal,,1025,1281,1,ab72d0c897189e029565617de6c658d59fc3f9047d5ed5ec32fafc8735abccf1,,
1.0,G01-260204-130902-612,G01-260204-130902-612.bmp,G01,2026-02-04T13:09:02,2026-02-04,G01_2026-02-04,612,test,normal,,1025,1281,1,0ea8c2933e3b54d7a1a6e19142a516b5a8ec54ddb8846cd931b1f6e181be9ab1,,
1.0,G01-260204-130909-613,G01-260204-130909-613.bmp,G01,2026-02-04T13:09:09,2026-02-04,G01_2026-02-04,613,test,normal,,1025,1281,1,38d63e5a4f296d28c17a50a7d74fb82a0c424ad711b3a1345c2b8064c9e30af3,,
1.0,G01-260204-130932-614,G01-260204-130932-614.bmp,G01,2026-02-04T13:09:32,2026-02-04,G01_2026-02-04,614,test,normal,,1025,1281,1,fbfe6ff138cfe8f03721a73f75bdff58ef0fab663dcabc7ae77ad84a3430b6f1,,
1.0,G01-260204-130939-615,G01-260204-130939-615.bmp,G01,2026-02-04T13:09:39,2026-02-04,G01_2026-02-04,615,test,normal,,1025,1281,1,4a3a715b3a7dc4514a9b5c05af30c62d243bc2494a090d2a9160add7b7dc8a65,,
1.0,G01-260204-131002-616,G01-260204-131002-616.bmp,G01,2026-02-04T13:10:02,2026-02-04,G01_2026-02-04,616,test,normal,,1025,1281,1,fcb136a0e46de83c82930ed2828d6917130e9dc3fd1fa65c5d017d58c6f5e36c,,
1.0,G01-260204-131009-617,G01-260204-131009-617.bmp,G01,2026-02-04T13:10:09,2026-02-04,G01_2026-02-04,617,test,normal,,1025,1281,1,9a2bb93eaafed9aeafd9e7a858fe4f94fdf57e7ac292907c22f042486252b4a9,,
1.0,G01-260204-131034-618,G01-260204-131034-618.bmp,G01,2026-02-04T13:10:34,2026-02-04,G01_2026-02-04,618,test,normal,,1025,1281,1,764a9788d82c15ec021695cad32d9306c1608c2c4e1e3eef122732d427b7f3a3,,
1.0,G01-260204-131040-619,G01-260204-131040-619.bmp,G01,2026-02-04T13:10:40,2026-02-04,G01_2026-02-04,619,test,normal,,1025,1281,1,dcdaa9d21bac8c1086ea7af0cb88edb9584f01b49535cd43349921ccbccdacf6,,
1.0,G01-260204-131103-620,G01-260204-131103-620.bmp,G01,2026-02-04T13:11:03,2026-02-04,G01_2026-02-04,620,test,normal,,1025,1281,1,5e2f424ac2d4b41e34a0c03a328ac5f90bfd52ceaea014b2e695dd266dd02a91,,
1.0,G01-260204-131111-621,G01-260204-131111-621.bmp,G01,2026-02-04T13:11:11,2026-02-04,G01_2026-02-04,621,test,normal,,1025,1281,1,fe66b7f2d924ef4863e3832c00318a2a83188012aa16bffebce5c838d287c9fc,,
1.0,G01-260204-131133-622,G01-260204-131133-622.bmp,G01,2026-02-04T13:11:33,2026-02-04,G01_2026-02-04,622,test,normal,,1025,1281,1,879c7dea16b44583a58348abfcc33afaf4264591e602a4568b0e87ca48d9f217,,
1.0,G01-260204-131139-623,G01-260204-131139-623.bmp,G01,2026-02-04T13:11:39,2026-02-04,G01_2026-02-04,623,test,normal,,1025,1281,1,e2d4cc07e00ddc00bb60e34f3377562969aa2b9d75afbcf38d4c09b5c956474c,,
1.0,G01-260204-131203-624,G01-260204-131203-624.bmp,G01,2026-02-04T13:12:03,2026-02-04,G01_2026-02-04,624,test,normal,,1025,1281,1,d534c7c1dd421988aeef572ea73f4858fa547d0e8abe410c2fe191a1a131901c,,
1.0,G01-260204-131209-625,G01-260204-131209-625.bmp,G01,2026-02-04T13:12:09,2026-02-04,G01_2026-02-04,625,test,normal,,1025,1281,1,dc8d98ee49aa856682bcad0dd411bb12057e6b6f836fd7c1c7ff24aef82a8217,,
1.0,G01-260204-131232-626,G01-260204-131232-626.bmp,G01,2026-02-04T13:12:32,2026-02-04,G01_2026-02-04,626,test,normal,,1025,1281,1,deb6188a160feed01f17b53d50daa948b5b40e4d0e6116f739d300ecccb85c7e,,
1.0,G01-260204-131240-627,G01-260204-131240-627.bmp,G01,2026-02-04T13:12:40,2026-02-04,G01_2026-02-04,627,test,normal,,1025,1281,1,b70d4bd4ac5e294a8fca6a18d9a574a16de4de0a0155491cb8f1fde7b0ca61a9,,
1.0,G01-260204-131303-628,G01-260204-131303-628.bmp,G01,2026-02-04T13:13:03,2026-02-04,G01_2026-02-04,628,test,normal,,1025,1281,1,8de52a3f023ba95a73f22c423ff65c2e9fd25e77224d1677a3635e127e598745,,
1.0,G01-260204-131310-629,G01-260204-131310-629.bmp,G01,2026-02-04T13:13:10,2026-02-04,G01_2026-02-04,629,test,normal,,1025,1281,1,8364ad8d3d67bc2c9246882427386d6c50d13ffda28a229835a479a643fe81f6,,
1.0,G01-260204-131332-630,G01-260204-131332-630.bmp,G01,2026-02-04T13:13:32,2026-02-04,G01_2026-02-04,630,test,normal,,1025,1281,1,20c2dc4896328f28d70e33632707343ef418633485f1fa3c6643a6591ebfe265,,
1.0,G01-260204-131339-631,G01-260204-131339-631.bmp,G01,2026-02-04T13:13:39,2026-02-04,G01_2026-02-04,631,test,normal,,1025,1281,1,fca59a29131f9cccb8f17451c2d73a851aa2bde5e98a3e54801ac674237985ee,,
1.0,G01-260204-131403-632,G01-260204-131403-632.bmp,G01,2026-02-04T13:14:03,2026-02-04,G01_2026-02-04,632,test,normal,,1025,1281,1,1de6493b8499af3f0f8043c3c731bcff7581b8d19f26c602e8fd45c825f73072,,
1.0,G01-260204-131411-633,G01-260204-131411-633.bmp,G01,2026-02-04T13:14:11,2026-02-04,G01_2026-02-04,633,test,normal,,1025,1281,1,586d10a2ad9fa4987b2da32774542adabc421eae942960c6c6c17abd4f518b60,,
1.0,G01-260204-131434-634,G01-260204-131434-634.bmp,G01,2026-02-04T13:14:34,2026-02-04,G01_2026-02-04,634,test,normal,,1025,1281,1,96747ec46a6999c3c3dcb45b06a8912efab56d870a3b02da5ed51fed61f1960d,,
1.0,G01-260204-131442-635,G01-260204-131442-635.bmp,G01,2026-02-04T13:14:42,2026-02-04,G01_2026-02-04,635,test,normal,,1025,1281,1,7d61308e61dba3f9413f45722688d63bd770eb718a9eb1b36c0c5f7c84aca7ae,,
1.0,G01-260204-131502-636,G01-260204-131502-636.bmp,G01,2026-02-04T13:15:02,2026-02-04,G01_2026-02-04,636,test,normal,,1025,1281,1,985ac949ea15872a3e8787a42e0db5d0c4266dd9923dfdb5a49db98b85d5217e,,
1.0,G01-260204-131509-637,G01-260204-131509-637.bmp,G01,2026-02-04T13:15:09,2026-02-04,G01_2026-02-04,637,test,normal,,1025,1281,1,ecff49776a5a1f2a36c84557e0d0da0c173a3c2f1d5f0a78287c2cd004e5947a,,
1.0,G01-260204-131533-638,G01-260204-131533-638.bmp,G01,2026-02-04T13:15:33,2026-02-04,G01_2026-02-04,638,test,normal,,1025,1281,1,e409a2d8d003475cd35f4b293deb8c419f6f0aab9f7516fbdefd8415d83d2fda,,
1.0,G01-260204-131540-639,G01-260204-131540-639.bmp,G01,2026-02-04T13:15:40,2026-02-04,G01_2026-02-04,639,test,normal,,1025,1281,1,c76e70ab55fcc623ccb657c0dc1734238eca2e610dee84a3f1ae6d94624f635b,,
1.0,G01-260204-131604-640,G01-260204-131604-640.bmp,G01,2026-02-04T13:16:04,2026-02-04,G01_2026-02-04,640,test,normal,,1025,1281,1,5e88e5c16ec6c8353e9a3ead3cd669f874c7cc29cfa261ae68c2d0bc5c2fa2da,,
1.0,G01-260204-131612-641,G01-260204-131612-641.bmp,G01,2026-02-04T13:16:12,2026-02-04,G01_2026-02-04,641,test,normal,,1025,1281,1,d6e38fd1fa27f92b94b82c96f3fe079aa87a4805df52ff58a831a3ab40e8267f,,
1.0,G01-260204-131635-642,G01-260204-131635-642.bmp,G01,2026-02-04T13:16:35,2026-02-04,G01_2026-02-04,642,test,normal,,1025,1281,1,5e669fe201d4f089d046a0a8f56266fd6a4a5196ad6fa23a66e888646b2f4b10,,
1.0,G01-260204-131642-643,G01-260204-131642-643.bmp,G01,2026-02-04T13:16:42,2026-02-04,G01_2026-02-04,643,test,normal,,1025,1281,1,e5824e75156d69a99aeaa621af5470a7d745b6ddd7566ade6c769d35ead31196,,
1.0,G01-260204-131706-644,G01-260204-131706-644.bmp,G01,2026-02-04T13:17:06,2026-02-04,G01_2026-02-04,644,test,normal,,1025,1281,1,1224488afed8d5652ad34ab4f8724c140a277049fab32ed669ebc7b7baf9214a,,
1.0,G01-260204-131712-645,G01-260204-131712-645.bmp,G01,2026-02-04T13:17:12,2026-02-04,G01_2026-02-04,645,test,normal,,1025,1281,1,526231e139daf8885f9cd7fbd011490d6ed584b4c4bc94cb19518b9dc400e4d5,,
1.0,G01-260204-131734-646,G01-260204-131734-646.bmp,G01,2026-02-04T13:17:34,2026-02-04,G01_2026-02-04,646,test,normal,,1025,1281,1,fd1b6464386524f82905eae4f138febf1ed2865c68c7333134118b1a4171828f,,
1.0,G01-260204-131741-647,G01-260204-131741-647.bmp,G01,2026-02-04T13:17:41,2026-02-04,G01_2026-02-04,647,test,normal,,1025,1281,1,e8c8995f2f4423e2d9ca6cb048e951280a871f5ce2224507439d8d349296b947,,
1.0,G01-260204-131803-648,G01-260204-131803-648.bmp,G01,2026-02-04T13:18:03,2026-02-04,G01_2026-02-04,648,test,normal,,1025,1281,1,46e770ffec47d24e9706b29ba8a16e64f69809b2fabc5c956deaec27f81bba6b,,
1.0,G01-260204-131810-649,G01-260204-131810-649.bmp,G01,2026-02-04T13:18:10,2026-02-04,G01_2026-02-04,649,test,normal,,1025,1281,1,edae3e67f3ec0ad5a9909e9516a707b23b57541faa0e791c062d0d4ee8628e2d,,
1.0,G01-260204-131833-650,G01-260204-131833-650.bmp,G01,2026-02-04T13:18:33,2026-02-04,G01_2026-02-04,650,test,normal,,1025,1281,1,61be3ed021364fffcfc34d49e3ee535a2b9661dc2faaf2bda5a353d6d8a4326c,,
1.0,G01-260204-131840-651,G01-260204-131840-651.bmp,G01,2026-02-04T13:18:40,2026-02-04,G01_2026-02-04,651,test,normal,,1025,1281,1,2153f5951e6a373eec7bf410a8f654f4a692ba5ccc979009bd1a47f3c74ddb7d,,
1.0,G01-260204-131904-652,G01-260204-131904-652.bmp,G01,2026-02-04T13:19:04,2026-02-04,G01_2026-02-04,652,test,normal,,1025,1281,1,4827538b43e34ab0d6f7219782f0b5b69c9ebdd295fd386291359c86c6fbc6fe,,
1.0,G01-260204-131911-653,G01-260204-131911-653.bmp,G01,2026-02-04T13:19:11,2026-02-04,G01_2026-02-04,653,test,normal,,1025,1281,1,6d8eef3881f8d0bee79b48236f414291397d52c249b6134c496a83be001ce644,,
1.0,G01-260204-131934-654,G01-260204-131934-654.bmp,G01,2026-02-04T13:19:34,2026-02-04,G01_2026-02-04,654,test,normal,,1025,1281,1,d85c58131f98344cc0382474094d283be3cffd17b3364b99baaebd18f42698b2,,
1.0,G01-260204-131941-655,G01-260204-131941-655.bmp,G01,2026-02-04T13:19:41,2026-02-04,G01_2026-02-04,655,test,normal,,1025,1281,1,b299be6ebdd94759ee25546764b8fc09b7b79bbdce775335c19b4d049989002e,,
1.0,G01-260204-132006-656,G01-260204-132006-656.bmp,G01,2026-02-04T13:20:06,2026-02-04,G01_2026-02-04,656,test,normal,,1025,1281,1,1b84ed5918e5b4bb4a9645571eddaedd469995ce48dad17de11a8426d3fb4bea,,
1.0,G01-260204-132013-657,G01-260204-132013-657.bmp,G01,2026-02-04T13:20:13,2026-02-04,G01_2026-02-04,657,test,normal,,1025,1281,1,4a3b538ee7f375ec9df1f0a4ed6b0c1a7832bdd54c64a0a8b34453f552555600,,
1.0,G01-260204-132035-658,G01-260204-132035-658.bmp,G01,2026-02-04T13:20:35,2026-02-04,G01_2026-02-04,658,test,normal,,1025,1281,1,80acf2938b362345a5171a509b7a9187e06ef3c9941bade40c34ead052c3fdf0,,
1.0,G01-260204-132043-659,G01-260204-132043-659.bmp,G01,2026-02-04T13:20:43,2026-02-04,G01_2026-02-04,659,test,normal,,1025,1281,1,4064f910cc181424b751347ff899a32020f1d241bcee8c1f2d45039217fa3c31,,
1.0,G01-260204-132105-660,G01-260204-132105-660.bmp,G01,2026-02-04T13:21:05,2026-02-04,G01_2026-02-04,660,test,normal,,1025,1281,1,c4c10ae844b084fd9289c781266e2b21d1534eaddf0d11c762ec0e2d87667fb5,,
1.0,G01-260204-132112-661,G01-260204-132112-661.bmp,G01,2026-02-04T13:21:12,2026-02-04,G01_2026-02-04,661,test,normal,,1025,1281,1,edd3e501c443c057c3798da9fbe7b26ef44ea92028b3902605761dc0b31c4443,,
1.0,G01-260204-132135-662,G01-260204-132135-662.bmp,G01,2026-02-04T13:21:35,2026-02-04,G01_2026-02-04,662,test,normal,,1025,1281,1,aaeaa5ff49e7dd71390b9a0e57d76ef0be2746799c2814f09867128a3979990d,,
1.0,G01-260204-132142-663,G01-260204-132142-663.bmp,G01,2026-02-04T13:21:42,2026-02-04,G01_2026-02-04,663,test,normal,,1025,1281,1,9806537f57f101a5f55797a7197cdad6eb597f5812e0bcc543dd99362db4142b,,
1.0,G01-260204-132206-664,G01-260204-132206-664.bmp,G01,2026-02-04T13:22:06,2026-02-04,G01_2026-02-04,664,test,normal,,1025,1281,1,45b79d2174a51bc1c83d3148f42253cbb1e25cf6ffdc9dd5d31ce401c2991fe4,,
1.0,G01-260204-132213-665,G01-260204-132213-665.bmp,G01,2026-02-04T13:22:13,2026-02-04,G01_2026-02-04,665,test,normal,,1025,1281,1,397724c143d86953ab3e25a0a6a4917b80b0906dbb9625c34adb5cfa51589db9,,
1.0,G01-260204-132235-666,G01-260204-132235-666.bmp,G01,2026-02-04T13:22:35,2026-02-04,G01_2026-02-04,666,test,normal,,1025,1281,1,a019a7856289a08cf9230ed9c448b3c63eef20ce7cba9e22608f25dd53d4b923,,
1.0,G01-260204-132241-667,G01-260204-132241-667.bmp,G01,2026-02-04T13:22:41,2026-02-04,G01_2026-02-04,667,test,normal,,1025,1281,1,ca6096e5f9eb0a2f238d2065735619ef2cd08e690e39560241d7aa8d8f97b5b9,,
1.0,G01-260204-132306-668,G01-260204-132306-668.bmp,G01,2026-02-04T13:23:06,2026-02-04,G01_2026-02-04,668,test,normal,,1025,1281,1,014daf96df587efd97aab9e0b173f2a021d0c2d5388069407f910963ad8ffe29,,
1.0,G01-260204-132312-669,G01-260204-132312-669.bmp,G01,2026-02-04T13:23:12,2026-02-04,G01_2026-02-04,669,test,normal,,1025,1281,1,b1c955047ec9c60b258a8a1591b1ca8878a8934ed35bfe31eddf07312bc91ffa,,
1.0,G01-260204-132336-670,G01-260204-132336-670.bmp,G01,2026-02-04T13:23:36,2026-02-04,G01_2026-02-04,670,test,normal,,1025,1281,1,d96c809d99453ce95bcf2c4766400310e8e7cd38bc43030eb5661864a5a60323,,
1.0,G01-260204-132343-671,G01-260204-132343-671.bmp,G01,2026-02-04T13:23:43,2026-02-04,G01_2026-02-04,671,test,normal,,1025,1281,1,bb687cfb297003268d4cc14965dd8ededd1698f5b8734a83dfa2e6fa13611d64,,
1.0,G01-260204-132406-672,G01-260204-132406-672.bmp,G01,2026-02-04T13:24:06,2026-02-04,G01_2026-02-04,672,test,normal,,1025,1281,1,ff3ef3f4df74f5b1c4a4ebdde888df6f2ef49b13c0231aab74dda29ff71e5559,,
1.0,G01-260204-132414-673,G01-260204-132414-673.bmp,G01,2026-02-04T13:24:14,2026-02-04,G01_2026-02-04,673,test,normal,,1025,1281,1,e62590b3beae8c726cac3085da3bc54241100dec718b34342a70e88e849ea8e5,,
1.0,G01-260204-132436-674,G01-260204-132436-674.bmp,G01,2026-02-04T13:24:36,2026-02-04,G01_2026-02-04,674,test,normal,,1025,1281,1,9c44487167520db1d8182bd68e005313b24b89563409c6c7ceec6bd3ca82fcda,,
1.0,G01-260204-132442-675,G01-260204-132442-675.bmp,G01,2026-02-04T13:24:42,2026-02-04,G01_2026-02-04,675,test,normal,,1025,1281,1,1c600c25ddc4f189ee4c47703959eabcd9c1423e6af496f95141dab0ae38bc8e,,
1.0,G01-260204-132506-676,G01-260204-132506-676.bmp,G01,2026-02-04T13:25:06,2026-02-04,G01_2026-02-04,676,test,normal,,1025,1281,1,ec7ebe45e39122dde28b39704ec37e6bd61f0eb2204a60cf195e3b7f01aa4e2b,,
1.0,G01-260204-132513-677,G01-260204-132513-677.bmp,G01,2026-02-04T13:25:13,2026-02-04,G01_2026-02-04,677,test,normal,,1025,1281,1,d65cc8939dcad965b57185cd28992405af2f2aaf7e70d04f93fbc6990bcbf279,,
1.0,G01-260204-132535-678,G01-260204-132535-678.bmp,G01,2026-02-04T13:25:35,2026-02-04,G01_2026-02-04,678,test,normal,,1025,1281,1,f5c8efc7fe47e43438a04f870ae929ca1f1fa99914ba2006da14f574ca321363,,
1.0,G01-260204-132542-679,G01-260204-132542-679.bmp,G01,2026-02-04T13:25:42,2026-02-04,G01_2026-02-04,679,test,normal,,1025,1281,1,af16064a571f99632d42a5ace3a175db649bee1676f1fdcb3a6b620734d3672f,,
1.0,G01-260204-132607-680,G01-260204-132607-680.bmp,G01,2026-02-04T13:26:07,2026-02-04,G01_2026-02-04,680,test,normal,,1025,1281,1,249ca16648b5b67c5cae2c6e0f7cec20f74594e28d0aeab7929e8d6142582b62,,
1.0,G01-260204-132615-681,G01-260204-132615-681.bmp,G01,2026-02-04T13:26:15,2026-02-04,G01_2026-02-04,681,test,normal,,1025,1281,1,c8c2999ae067bbdeda996aca721c9159afc486cce6d4f2f211560e275ff4b117,,
1.0,G01-260204-132635-682,G01-260204-132635-682.bmp,G01,2026-02-04T13:26:35,2026-02-04,G01_2026-02-04,682,test,normal,,1025,1281,1,a725b4236d9fe124dee5c55a3099197a1f25b3742c647f5e0142e7b052a1b99c,,
1.0,G01-260204-132643-683,G01-260204-132643-683.bmp,G01,2026-02-04T13:26:43,2026-02-04,G01_2026-02-04,683,test,normal,,1025,1281,1,60f37bccf912a4343fccafe7e406e60b1230106fe38b9b99f316661d69f77634,,
1.0,G01-260204-132707-684,G01-260204-132707-684.bmp,G01,2026-02-04T13:27:07,2026-02-04,G01_2026-02-04,684,test,normal,,1025,1281,1,bf22c82961040d04254886255c391eb57078dd7111026f748476b9dc29297af6,,
1.0,G01-260204-132714-685,G01-260204-132714-685.bmp,G01,2026-02-04T13:27:14,2026-02-04,G01_2026-02-04,685,test,normal,,1025,1281,1,903b5648a9a278c7fdfd614a06a275dbfeb0d1123c5556df02d05653b8a99449,,
1.0,G01-260204-132736-686,G01-260204-132736-686.bmp,G01,2026-02-04T13:27:36,2026-02-04,G01_2026-02-04,686,test,normal,,1025,1281,1,e887fd3dbed0ddc679d92305561df45cae426c1b7d06190b3fb56bb2da8f9ec0,,
1.0,G01-260204-132744-687,G01-260204-132744-687.bmp,G01,2026-02-04T13:27:44,2026-02-04,G01_2026-02-04,687,test,normal,,1025,1281,1,7c5d1258f54c95d61f3241b70929178adfb1aefd3447fdb093b4965f6affc5fa,,
1.0,G01-260204-132808-688,G01-260204-132808-688.bmp,G01,2026-02-04T13:28:08,2026-02-04,G01_2026-02-04,688,test,normal,,1025,1281,1,80acd416b9e273e713703c849fd53263038f46c981ead9bc68c3bb43ffb4104b,,
1.0,G01-260204-132814-689,G01-260204-132814-689.bmp,G01,2026-02-04T13:28:14,2026-02-04,G01_2026-02-04,689,test,normal,,1025,1281,1,fd37be1dcf9613a27b1c5d42c11fdc8351e28748051e94b46220a7f558a9bf05,,
1.0,G01-260204-132837-690,G01-260204-132837-690.bmp,G01,2026-02-04T13:28:37,2026-02-04,G01_2026-02-04,690,test,normal,,1025,1281,1,e7c385b6bad9bc9f609605035a7d9e89b53193085cdde71fcfbb39a3d8648387,,
1.0,G01-260204-132845-691,G01-260204-132845-691.bmp,G01,2026-02-04T13:28:45,2026-02-04,G01_2026-02-04,691,test,normal,,1025,1281,1,e56a3f79976d0045355541445eed7da0fdcc9764c18607c02a974279fdb020d4,,
1.0,G01-260204-132906-692,G01-260204-132906-692.bmp,G01,2026-02-04T13:29:06,2026-02-04,G01_2026-02-04,692,test,normal,,1025,1281,1,318063bd3d725b0adf188e7c3bc0091dced6656c4bb7918b91e1179a1ef6d388,,
1.0,G01-260204-132913-693,G01-260204-132913-693.bmp,G01,2026-02-04T13:29:13,2026-02-04,G01_2026-02-04,693,test,normal,,1025,1281,1,47dd6a42c0c2bf2545ca3472639407d0de676a3e2a9e9d34053000bbb5501bfc,,
1.0,G01-260204-132938-694,G01-260204-132938-694.bmp,G01,2026-02-04T13:29:38,2026-02-04,G01_2026-02-04,694,test,normal,,1025,1281,1,36886eefb0b9fb0dced3935df17b6e5c3c4a5df5c05df8eccbf0466843477492,,
1.0,G01-260204-132944-695,G01-260204-132944-695.bmp,G01,2026-02-04T13:29:44,2026-02-04,G01_2026-02-04,695,test,normal,,1025,1281,1,a0533505776f02ca602ee397f30bf328f4b222cbd4fad3ea6e42414a351b6ce6,,
1.0,G01-260204-133006-696,G01-260204-133006-696.bmp,G01,2026-02-04T13:30:06,2026-02-04,G01_2026-02-04,696,test,normal,,1025,1281,1,5151780a56b1380e48b45c0164d982c51825e89d239949488d95ff8c0326b943,,
1.0,G01-260204-133012-697,G01-260204-133012-697.bmp,G01,2026-02-04T13:30:12,2026-02-04,G01_2026-02-04,697,test,normal,,1025,1281,1,7a1442468b9a6eb7426623d1640e47b6346163319ab4186b62264a200db7e2bb,,
1.0,G01-260204-133037-698,G01-260204-133037-698.bmp,G01,2026-02-04T13:30:37,2026-02-04,G01_2026-02-04,698,test,normal,,1025,1281,1,bfa5c4e3371a2ba7b6b9c76b0268415a61c376a4b3a94742acacf119753ebd51,,
1.0,G01-260204-133043-699,G01-260204-133043-699.bmp,G01,2026-02-04T13:30:43,2026-02-04,G01_2026-02-04,699,test,normal,,1025,1281,1,ca96f61e523e3821e3e3adb1b2094b35d58054929f77bae8d3e91e5767b969dc,,
1.0,G01-260204-133109-700,G01-260204-133109-700.bmp,G01,2026-02-04T13:31:09,2026-02-04,G01_2026-02-04,700,test,normal,,1025,1281,1,bb8aa5dd31029610d532f615ff643cfafc49bbab54dd5c6e7f91ca6c453b5bcd,,
1.0,G01-260204-133116-701,G01-260204-133116-701.bmp,G01,2026-02-04T13:31:16,2026-02-04,G01_2026-02-04,701,test,normal,,1025,1281,1,7768f4554e6fdcff77a80d2a2ad604b67d95d7536c36ed342be71ceb22b0218b,,
1.0,G01-260204-133138-702,G01-260204-133138-702.bmp,G01,2026-02-04T13:31:38,2026-02-04,G01_2026-02-04,702,test,normal,,1025,1281,1,708eecb796124fb3387c15eda9a33a6d168be78274c99f00c0a26b3029ff5ba3,,
1.0,G01-260204-133144-703,G01-260204-133144-703.bmp,G01,2026-02-04T13:31:44,2026-02-04,G01_2026-02-04,703,test,normal,,1025,1281,1,b11d6f3b4f0e80154f819f3d70163794108ed3c6d7a5443105965baa9829f6b4,,
1.0,G01-260204-133209-704,G01-260204-133209-704.bmp,G01,2026-02-04T13:32:09,2026-02-04,G01_2026-02-04,704,test,normal,,1025,1281,1,5be1a98fc90bd2c33716c84e338153919ff305bfa7980a81f21bed1b259def06,,
1.0,G01-260204-133216-705,G01-260204-133216-705.bmp,G01,2026-02-04T13:32:16,2026-02-04,G01_2026-02-04,705,test,normal,,1025,1281,1,2f1a1077d03a6dc85b31e0f24d30aa67ab4afbb7f629cb03da5c498ed56d8324,,
1.0,G01-260204-133238-706,G01-260204-133238-706.bmp,G01,2026-02-04T13:32:38,2026-02-04,G01_2026-02-04,706,test,normal,,1025,1281,1,47a89e4f3541753d27fff453629a28ef02630fa5e1acfddc9c77412dd85eedae,,
1.0,G01-260204-133244-707,G01-260204-133244-707.bmp,G01,2026-02-04T13:32:44,2026-02-04,G01_2026-02-04,707,test,normal,,1025,1281,1,c79a35b19180c3e7ce6e5ab0d34a6829c9502e76ca46eabc74eb49873041d257,,
1.0,G01-260204-133309-708,G01-260204-133309-708.bmp,G01,2026-02-04T13:33:09,2026-02-04,G01_2026-02-04,708,test,normal,,1025,1281,1,6bf6b341dba01dabdfda518a21d31c62e92686a06d0a0046a7ee24fa83fdac3a,,
1.0,G01-260204-133316-709,G01-260204-133316-709.bmp,G01,2026-02-04T13:33:16,2026-02-04,G01_2026-02-04,709,test,normal,,1025,1281,1,4a3f69deeb510b72d9ef08dd87749367f4164018c8e555044721e8518c4f13cf,,
1.0,G01-260204-133338-710,G01-260204-133338-710.bmp,G01,2026-02-04T13:33:38,2026-02-04,G01_2026-02-04,710,test,normal,,1025,1281,1,d7554c3c21066413cdca1e483e2d2c5eb854c1c4be6fd3c4f42de3aa841bb3b8,,
1.0,G01-260204-133345-711,G01-260204-133345-711.bmp,G01,2026-02-04T13:33:45,2026-02-04,G01_2026-02-04,711,test,normal,,1025,1281,1,69573f4bafbc2bc5fadbf41abe9ff12da2dbdfc38206252f2d832c318be48ceb,,
1.0,G01-260204-133408-712,G01-260204-133408-712.bmp,G01,2026-02-04T13:34:08,2026-02-04,G01_2026-02-04,712,test,normal,,1025,1281,1,d62d22a2a8b8c33ae7b4efbce3d5d132ab36f88d12c371903562d5ff640991fd,,
1.0,G01-260204-133440-713,G01-260204-133440-713.bmp,G01,2026-02-04T13:34:40,2026-02-04,G01_2026-02-04,713,test,normal,,1025,1281,1,67a448bc9f20ef8354992fa12320bdee4311e0f8c73de98e8b88e1e2f6df6d68,,
1.0,G01-260204-133446-714,G01-260204-133446-714.bmp,G01,2026-02-04T13:34:46,2026-02-04,G01_2026-02-04,714,test,normal,,1025,1281,1,55f717f3292e40671990bf6fa69120d3a92f95f9d02595f2eb74be7a81f1e8f6,,
1.0,G01-260204-133508-715,G01-260204-133508-715.bmp,G01,2026-02-04T13:35:08,2026-02-04,G01_2026-02-04,715,test,normal,,1025,1281,1,56f8e0980b32d11485ae507c6c71cb6c5218cc7dbc95fefa7736e3786c5a1e9d,,
1.0,G01-260204-133515-716,G01-260204-133515-716.bmp,G01,2026-02-04T13:35:15,2026-02-04,G01_2026-02-04,716,test,normal,,1025,1281,1,499fb4a3bbba0ebe8308f76d808036d8e221459eaff103f2e1832189f375e193,,
1.0,G01-260204-133538-717,G01-260204-133538-717.bmp,G01,2026-02-04T13:35:38,2026-02-04,G01_2026-02-04,717,test,normal,,1025,1281,1,5d97eb367c68d30ed8edf09e4640938253dbe4a7d8367f432537888bce40fa06,,
1.0,G01-260204-133546-718,G01-260204-133546-718.bmp,G01,2026-02-04T13:35:46,2026-02-04,G01_2026-02-04,718,test,normal,,1025,1281,1,8a9623bc827a414562f14f01c814f93b4b38fedfe532db8d5c9dcd6023fdea70,,
1.0,G01-260204-133609-719,G01-260204-133609-719.bmp,G01,2026-02-04T13:36:09,2026-02-04,G01_2026-02-04,719,test,normal,,1025,1281,1,9365634601dd3623543bb858f953a821013c789287aa4c0a3213d3f82b5c0d4e,,
1.0,G01-260204-133616-720,G01-260204-133616-720.bmp,G01,2026-02-04T13:36:16,2026-02-04,G01_2026-02-04,720,test,normal,,1025,1281,1,2a7f8a90927922c982e039a72400cdf88e78a0f34a749de954b07ff5aa94c9e9,,
1.0,G01-260204-133639-721,G01-260204-133639-721.bmp,G01,2026-02-04T13:36:39,2026-02-04,G01_2026-02-04,721,test,normal,,1025,1281,1,774c3abc534813038ea26b4c1364d046613d7027a932c9cdc29d93dc63474241,,
1.0,G01-260204-133647-722,G01-260204-133647-722.bmp,G01,2026-02-04T13:36:47,2026-02-04,G01_2026-02-04,722,test,normal,,1025,1281,1,f9fd6f93bfdb5225881f021e5a364a175f965f63d501b611f5f2bddbc6f365df,,
1.0,G01-260204-133709-723,G01-260204-133709-723.bmp,G01,2026-02-04T13:37:09,2026-02-04,G01_2026-02-04,723,test,normal,,1025,1281,1,54c4a41503ec79493a929f3e1f617a097fb9a5b69d1cd96152c4333f18f66bde,,
1.0,G01-260204-133715-724,G01-260204-133715-724.bmp,G01,2026-02-04T13:37:15,2026-02-04,G01_2026-02-04,724,test,normal,,1025,1281,1,6ffb7ac05f480b24e28069e66724590579d70095ea40aea089ea87ea3c6a987b,,
1.0,G01-260204-133738-725,G01-260204-133738-725.bmp,G01,2026-02-04T13:37:38,2026-02-04,G01_2026-02-04,725,test,normal,,1025,1281,1,58cc77872fc0c10a5020b323a6008f11115f30f3f0d3994e1e591aefbe7550e2,,
1.0,G01-260204-133745-726,G01-260204-133745-726.bmp,G01,2026-02-04T13:37:45,2026-02-04,G01_2026-02-04,726,test,normal,,1025,1281,1,cce3a5f3afe8f90a58f5a64c43fab13dc15f3e37189ce90d4d81443dcaa3083d,,
1.0,G01-260204-133811-727,G01-260204-133811-727.bmp,G01,2026-02-04T13:38:11,2026-02-04,G01_2026-02-04,727,test,normal,,1025,1281,1,07226daf107cb7c13c5754700bf92c89f90a92e5cafa9ba21976a4e1d13c3e2a,,
1.0,G01-260204-133818-728,G01-260204-133818-728.bmp,G01,2026-02-04T13:38:18,2026-02-04,G01_2026-02-04,728,test,normal,,1025,1281,1,423417a0c17d3331c01ba986227acdea83802fbb20acd2d8cb6bcc95791ccf93,,
1.0,G01-260204-133839-729,G01-260204-133839-729.bmp,G01,2026-02-04T13:38:39,2026-02-04,G01_2026-02-04,729,test,normal,,1025,1281,1,6e8aa14903e22945585a0da19f1d01f7cadb5860a449f89fa1502e0fe7737974,,
1.0,G01-260204-133846-730,G01-260204-133846-730.bmp,G01,2026-02-04T13:38:46,2026-02-04,G01_2026-02-04,730,test,normal,,1025,1281,1,05d4c3920a3b1ca35ab638fbe82169afbb86bb99fd7752b519bc8d3d60bae408,,
1.0,G01-260204-133909-731,G01-260204-133909-731.bmp,G01,2026-02-04T13:39:09,2026-02-04,G01_2026-02-04,731,test,normal,,1025,1281,1,07f7d2155e1369381ef5055586299a494a1133b76a136703f4cd2a3abe2a4d7f,,
1.0,G01-260204-133915-732,G01-260204-133915-732.bmp,G01,2026-02-04T13:39:15,2026-02-04,G01_2026-02-04,732,test,normal,,1025,1281,1,1a1274247ec53eee752e2647e0077c4f3c4aeec0fd8763a367a375d4af75c234,,
1.0,G01-260204-133940-733,G01-260204-133940-733.bmp,G01,2026-02-04T13:39:40,2026-02-04,G01_2026-02-04,733,test,normal,,1025,1281,1,ae081b35ba5ae9dc77beb59297d474450bc296ddffa9f823498997af99780db8,,
1.0,G01-260204-133948-734,G01-260204-133948-734.bmp,G01,2026-02-04T13:39:48,2026-02-04,G01_2026-02-04,734,test,normal,,1025,1281,1,f4ee6a3a6792f550428e6c4c5e2ece7918c2599d94503d444cd888f2e819eb32,,
1.0,G01-260204-134009-735,G01-260204-134009-735.bmp,G01,2026-02-04T13:40:09,2026-02-04,G01_2026-02-04,735,test,normal,,1025,1281,1,1d0fd39949fb9d5a5cb86d28616bae12232ce1fe2c221a85c1b8de7a2f2efbf5,,
1.0,G01-260204-134017-736,G01-260204-134017-736.bmp,G01,2026-02-04T13:40:17,2026-02-04,G01_2026-02-04,736,test,normal,,1025,1281,1,4df9f051f0baa66136193b6072f78dbff468fe518e97f3fff57ef80d1ec4c7f7,,
1.0,G01-260204-134039-737,G01-260204-134039-737.bmp,G01,2026-02-04T13:40:39,2026-02-04,G01_2026-02-04,737,test,normal,,1025,1281,1,f5ff8167549632279396c114f2a3df9685b8d038ebdb8e3403a9531e1afc9917,,
1.0,G01-260204-134046-738,G01-260204-134046-738.bmp,G01,2026-02-04T13:40:46,2026-02-04,G01_2026-02-04,738,test,normal,,1025,1281,1,524d5d5f60eb58f74e3f19263409fa1ff7f398c4541eb91f8b287ffb36cefa31,,
1.0,G01-260204-134111-739,G01-260204-134111-739.bmp,G01,2026-02-04T13:41:11,2026-02-04,G01_2026-02-04,739,test,normal,,1025,1281,1,9313eb95e7e25ffb49e16ec505fe27446d5ece0e500a18ef4e77546eb437fecf,,
1.0,G01-260204-134118-740,G01-260204-134118-740.bmp,G01,2026-02-04T13:41:18,2026-02-04,G01_2026-02-04,740,test,normal,,1025,1281,1,9c9fbb8bf3be55a78ec96d8d8464f7658a7eeb895b5edfc771c8a9d7c8a61205,,
1.0,G01-260204-134140-741,G01-260204-134140-741.bmp,G01,2026-02-04T13:41:40,2026-02-04,G01_2026-02-04,741,test,normal,,1025,1281,1,3431196ee527076d1bea7fc71c73fa40f3395c5e20df91b512c0280ead4d9954,,
1.0,G01-260204-134148-742,G01-260204-134148-742.bmp,G01,2026-02-04T13:41:48,2026-02-04,G01_2026-02-04,742,test,normal,,1025,1281,1,87d41535c586d70e89abaee2639f3b157cd6d7d4c3c2de6ff040b56bd62cd75d,,
1.0,G01-260204-134210-743,G01-260204-134210-743.bmp,G01,2026-02-04T13:42:10,2026-02-04,G01_2026-02-04,743,test,normal,,1025,1281,1,a2fa4ffd89c0070c3d27e3a389b62ab1e8ff9ac5c40a62281b62a59e97277ccf,,
1.0,G01-260204-134217-744,G01-260204-134217-744.bmp,G01,2026-02-04T13:42:17,2026-02-04,G01_2026-02-04,744,test,normal,,1025,1281,1,aea9d18544493584fe38b37592a169162493b0a498e3845e062cbac085ef837d,,
1.0,G01-260204-134241-745,G01-260204-134241-745.bmp,G01,2026-02-04T13:42:41,2026-02-04,G01_2026-02-04,745,test,normal,,1025,1281,1,0e9123576eba8ab14a264a4e4728620a479de9e5215c0225107b831669b6d9e4,,
1.0,G01-260204-134248-746,G01-260204-134248-746.bmp,G01,2026-02-04T13:42:48,2026-02-04,G01_2026-02-04,746,test,normal,,1025,1281,1,3472a8400dea7de610bed4ed9e846f6f3cc20e7f0cc56b918af901a43561cf89,,
1.0,G01-260204-134311-747,G01-260204-134311-747.bmp,G01,2026-02-04T13:43:11,2026-02-04,G01_2026-02-04,747,test,normal,,1025,1281,1,6cb023354dedee8fafd8c9e406b1ea08eb10ca911e0c9795a24886f3b61961e1,,
1.0,G01-260204-134319-748,G01-260204-134319-748.bmp,G01,2026-02-04T13:43:19,2026-02-04,G01_2026-02-04,748,test,normal,,1025,1281,1,edcb693e5eb6847c7ace1ea8b6c543181c57f95f93aef050c19b039f27a5a8f4,,
1.0,G01-260204-134340-749,G01-260204-134340-749.bmp,G01,2026-02-04T13:43:40,2026-02-04,G01_2026-02-04,749,test,normal,,1025,1281,1,f3c99034b11c20a11ec97d889a202a5c01e829423121481a5635e2712438d675,,
1.0,G01-260204-134347-750,G01-260204-134347-750.bmp,G01,2026-02-04T13:43:47,2026-02-04,G01_2026-02-04,750,test,normal,,1025,1281,1,b67837366ced2f6a10f8f1c07d8f183b569f3670f614a99703416fc93dd941c7,,
1.0,G01-260204-134412-751,G01-260204-134412-751.bmp,G01,2026-02-04T13:44:12,2026-02-04,G01_2026-02-04,751,test,normal,,1025,1281,1,19fe01d07e254647e3ca0aac052580fa28df60ac6bbfcaa18af3b87e8209598a,,
1.0,G01-260204-134420-752,G01-260204-134420-752.bmp,G01,2026-02-04T13:44:20,2026-02-04,G01_2026-02-04,752,test,normal,,1025,1281,1,6e1becf33f11d2764098fb1cf42c597691b003c711e66ce740a5a18a2af75f60,,
1.0,G01-260204-134444-753,G01-260204-134444-753.bmp,G01,2026-02-04T13:44:44,2026-02-04,G01_2026-02-04,753,test,normal,,1025,1281,1,caa1e6b90a1604e6c92c7fd54762b747a25baa1bce625adaec6ef6f45999b145,,
1.0,G01-260204-134451-754,G01-260204-134451-754.bmp,G01,2026-02-04T13:44:51,2026-02-04,G01_2026-02-04,754,test,normal,,1025,1281,1,6736928847061ad0b85ce151c43d58e163ebba369d1028721cee2b5b1f1e3ec7,,
1.0,G01-260204-134511-755,G01-260204-134511-755.bmp,G01,2026-02-04T13:45:11,2026-02-04,G01_2026-02-04,755,test,normal,,1025,1281,1,c9312453c743b1d8af7fbad4794bfee34246f5abff3d5dcaf57c389616c59861,,
1.0,G01-260204-134518-756,G01-260204-134518-756.bmp,G01,2026-02-04T13:45:18,2026-02-04,G01_2026-02-04,756,test,normal,,1025,1281,1,64d54481b849817cd7fdde7dd6604a4c589786974351f58225feb029ebca50f3,,
1.0,G01-260204-134543-757,G01-260204-134543-757.bmp,G01,2026-02-04T13:45:43,2026-02-04,G01_2026-02-04,757,test,normal,,1025,1281,1,b4077c26a9a93ef6ddbc10664dd07fbdcfd9f3e3f0eed1c3ba4903f2cc6560ad,,
1.0,G01-260204-134550-758,G01-260204-134550-758.bmp,G01,2026-02-04T13:45:50,2026-02-04,G01_2026-02-04,758,test,normal,,1025,1281,1,79a69865bbc6a39c3ff9be5e15ec96f65fcf2c91140ad44a11bcabc1b63922bb,,
1.0,G01-260204-134612-759,G01-260204-134612-759.bmp,G01,2026-02-04T13:46:12,2026-02-04,G01_2026-02-04,759,test,normal,,1025,1281,1,79c37728e508fdf63cfa0525dc5023d7e171b8da416d58e47dcc9563e4c6cc6d,,
1.0,G01-260204-134618-760,G01-260204-134618-760.bmp,G01,2026-02-04T13:46:18,2026-02-04,G01_2026-02-04,760,test,normal,,1025,1281,1,d5f10a19af473bb472e4fa0ce3ed7f8f12cf7e3399512f980dd461b62e613501,,
1.0,G01-260204-134641-761,G01-260204-134641-761.bmp,G01,2026-02-04T13:46:41,2026-02-04,G01_2026-02-04,761,test,normal,,1025,1281,1,b25025ef7a237632df9bfcb12b6bfc88f3f992fc9feafd418da6b17a281fee8c,,
1.0,G01-260204-134648-762,G01-260204-134648-762.bmp,G01,2026-02-04T13:46:48,2026-02-04,G01_2026-02-04,762,test,normal,,1025,1281,1,4897f3cfa9531a70bac5d448cf53d4240279552cff98a9abae9b1b6e8171a2e5,,
1.0,G01-260204-134711-763,G01-260204-134711-763.bmp,G01,2026-02-04T13:47:11,2026-02-04,G01_2026-02-04,763,test,normal,,1025,1281,1,4950868025a00565bf8923e8e955e7f42a64f10d18e1f3c6b0a0ece49e008bfa,,
1.0,G01-260204-134718-764,G01-260204-134718-764.bmp,G01,2026-02-04T13:47:18,2026-02-04,G01_2026-02-04,764,test,normal,,1025,1281,1,e4d1e3478e81155dca7efad16f7652a224bab4c936036f2b99f5b8381667fdb7,,
1.0,G01-260204-134742-765,G01-260204-134742-765.bmp,G01,2026-02-04T13:47:42,2026-02-04,G01_2026-02-04,765,test,normal,,1025,1281,1,f43edbdf94b12668fb474629b99607cbf8355aa92135d986312427cbfda4bc82,,
1.0,G01-260204-134812-766,G01-260204-134812-766.bmp,G01,2026-02-04T13:48:12,2026-02-04,G01_2026-02-04,766,test,normal,,1025,1281,1,c5fa1006938fb659004e04068df144eb8c6bf581403be1616e426d399e1b8828,,
1.0,G01-260204-134819-767,G01-260204-134819-767.bmp,G01,2026-02-04T13:48:19,2026-02-04,G01_2026-02-04,767,test,normal,,1025,1281,1,f81a869fe0dd331f3a21848dd8c880ca689298baaf2a5c3d0ccdc41b906ac548,,
1.0,G01-260204-134841-768,G01-260204-134841-768.bmp,G01,2026-02-04T13:48:41,2026-02-04,G01_2026-02-04,768,test,normal,,1025,1281,1,63c8ebce74b91c155f669ab4249c237f6069827ba2b436ded18e1cc44ed8e726,,
1.0,G01-260204-134848-769,G01-260204-134848-769.bmp,G01,2026-02-04T13:48:48,2026-02-04,G01_2026-02-04,769,test,normal,,1025,1281,1,9d596738e173fdb47b4e6b20d8cdcffccd8e87f3a4bb4ed012b45b30429a1ba3,,
1.0,G01-260204-134912-770,G01-260204-134912-770.bmp,G01,2026-02-04T13:49:12,2026-02-04,G01_2026-02-04,770,test,normal,,1025,1281,1,0b69892c57374272333b5db11842a90059e2c2edfc31c2a8e418d04f670cf845,,
1.0,G01-260204-134919-771,G01-260204-134919-771.bmp,G01,2026-02-04T13:49:19,2026-02-04,G01_2026-02-04,771,test,normal,,1025,1281,1,6fca43fac7ab43a6e6eaae42b396e867f68d6e0049466d7fdd6c6b08767200a2,,
1.0,G01-260204-134943-772,G01-260204-134943-772.bmp,G01,2026-02-04T13:49:43,2026-02-04,G01_2026-02-04,772,test,normal,,1025,1281,1,0ca4ed7577be5cd0da4d1ac22922d96efdf3d5cd9ca7f7ae64ab519985292b34,,
1.0,G01-260204-134950-773,G01-260204-134950-773.bmp,G01,2026-02-04T13:49:50,2026-02-04,G01_2026-02-04,773,test,normal,,1025,1281,1,8b8681faca542d82b4740588148f2f3cc17fcd53a6771c992dfd66cec6fcc42c,,
1.0,G01-260204-135013-774,G01-260204-135013-774.bmp,G01,2026-02-04T13:50:13,2026-02-04,G01_2026-02-04,774,test,normal,,1025,1281,1,d3403a2f6eb699ae54dc89790ae216309556a3c6ea738b77fd1c72556b5b79f6,,
1.0,G01-260204-135020-775,G01-260204-135020-775.bmp,G01,2026-02-04T13:50:20,2026-02-04,G01_2026-02-04,775,test,normal,,1025,1281,1,a8b96a91452fc19e1d9e5d081a6a40b98e4747e28607137a6e492e42776eb0f3,,
1.0,G01-260204-135043-776,G01-260204-135043-776.bmp,G01,2026-02-04T13:50:43,2026-02-04,G01_2026-02-04,776,test,normal,,1025,1281,1,c43bec374f06e96ed53ae6dd4552640107b25951ca32f96ffb0c31ebf528da21,,
1.0,G01-260204-135050-777,G01-260204-135050-777.bmp,G01,2026-02-04T13:50:50,2026-02-04,G01_2026-02-04,777,test,normal,,1025,1281,1,a6a9b099a287dc031884ab9d662738658eb329661975b8ac96686e6a69b38af6,,
1.0,G01-260204-135113-778,G01-260204-135113-778.bmp,G01,2026-02-04T13:51:13,2026-02-04,G01_2026-02-04,778,test,normal,,1025,1281,1,4ee23c2a49675a5d07c67bffb3e8d8a38502d10b0db48e79175967e7d7528cb6,,
1.0,G01-260204-135121-779,G01-260204-135121-779.bmp,G01,2026-02-04T13:51:21,2026-02-04,G01_2026-02-04,779,test,normal,,1025,1281,1,51ef7c0554a5aa61296dbb8f44f0d32424ca74bb321c08b166a88fb63ce92ba9,,
1.0,G01-260204-135143-780,G01-260204-135143-780.bmp,G01,2026-02-04T13:51:43,2026-02-04,G01_2026-02-04,780,test,normal,,1025,1281,1,ae2afdd82fa0db54cde89f84d81022d4e2b0775cd706d8b72004b1f23966a4a8,,
1.0,G01-260204-135150-781,G01-260204-135150-781.bmp,G01,2026-02-04T13:51:50,2026-02-04,G01_2026-02-04,781,test,normal,,1025,1281,1,67f81aad513ec05fe643408501b3335a9deb4d4be1add029fa6856adf00d834f,,
1.0,G01-260204-135212-782,G01-260204-135212-782.bmp,G01,2026-02-04T13:52:12,2026-02-04,G01_2026-02-04,782,test,normal,,1025,1281,1,b4e8d2e7092b9d6a7cfcca300500f3ba32d0d57723db42a584806f8e868c8145,,
1.0,G01-260204-135220-783,G01-260204-135220-783.bmp,G01,2026-02-04T13:52:20,2026-02-04,G01_2026-02-04,783,test,normal,,1025,1281,1,36f4eaac675d8e726e1565859e2b935cbfcd2a12a9538015296be0ad2dc5c16b,,
1.0,G01-260204-135243-784,G01-260204-135243-784.bmp,G01,2026-02-04T13:52:43,2026-02-04,G01_2026-02-04,784,test,normal,,1025,1281,1,d8c9345cf0dc97cad62470a3f8aa9968f1f1f9f1bf0f0fe857fed0a91c143b4a,,
1.0,G01-260204-135253-785,G01-260204-135253-785.bmp,G01,2026-02-04T13:52:53,2026-02-04,G01_2026-02-04,785,test,normal,,1025,1281,1,58829b8cdb141409ee10f4805bfcea1e93bfdb0c71da632aa212f4562050ce8a,,
1.0,G01-260204-135313-786,G01-260204-135313-786.bmp,G01,2026-02-04T13:53:13,2026-02-04,G01_2026-02-04,786,test,normal,,1025,1281,1,d7b36c265b92e0a40b1f1642088def1b010252ffea246908fa210e4bc6cae2b2,,
1.0,G01-260204-135321-787,G01-260204-135321-787.bmp,G01,2026-02-04T13:53:21,2026-02-04,G01_2026-02-04,787,test,normal,,1025,1281,1,c777794f252bf5f0c5478802cd80ee41107ea828408293462fc3d6c3a6df8870,,
1.0,G01-260204-135345-788,G01-260204-135345-788.bmp,G01,2026-02-04T13:53:45,2026-02-04,G01_2026-02-04,788,test,normal,,1025,1281,1,7c094377b7446dd3fc0281a8fb6a788527040a8aba3e5a7f529c17303973f58d,,
1.0,G01-260204-135351-789,G01-260204-135351-789.bmp,G01,2026-02-04T13:53:51,2026-02-04,G01_2026-02-04,789,test,normal,,1025,1281,1,117274566d2d75e8a8f2aa4a4807c11c88184da8419d6d1fe4f7c7a132a79bab,,
1.0,G01-260204-135414-790,G01-260204-135414-790.bmp,G01,2026-02-04T13:54:14,2026-02-04,G01_2026-02-04,790,test,normal,,1025,1281,1,ff1244a536c8b2411b5545a1fc06beb5255e00245a5b04eb64f206093f8771ba,,
1.0,G01-260204-135421-791,G01-260204-135421-791.bmp,G01,2026-02-04T13:54:21,2026-02-04,G01_2026-02-04,791,test,normal,,1025,1281,1,f2f052d7965c4df931258bc0b9bd10450b5ece5fbe8f96073da7e9ad93de98d7,,
1.0,G01-260204-135451-792,G01-260204-135451-792.bmp,G01,2026-02-04T13:54:51,2026-02-04,G01_2026-02-04,792,test,normal,,1025,1281,1,8427220afcb29d56e174821f211f32b5c183502aa20dd91a1301171170351e87,,
1.0,G01-260204-135515-793,G01-260204-135515-793.bmp,G01,2026-02-04T13:55:15,2026-02-04,G01_2026-02-04,793,test,normal,,1025,1281,1,55fa38ac978b58d67a392b6b25b4d4c8a05a4e1e46c9887d8bfbc89ce3144afd,,
1.0,G01-260204-135522-794,G01-260204-135522-794.bmp,G01,2026-02-04T13:55:22,2026-02-04,G01_2026-02-04,794,test,normal,,1025,1281,1,38fef8c427da7e176f089b82631bc63120da83195a610fba3677eb82336cf753,,
1.0,G01-260204-135544-795,G01-260204-135544-795.bmp,G01,2026-02-04T13:55:44,2026-02-04,G01_2026-02-04,795,test,normal,,1025,1281,1,2e6fa3506f8124eb264a4f02dd7b9e50f6ded35f1b00306784df812a3e0f7ce4,,
1.0,G01-260204-135550-796,G01-260204-135550-796.bmp,G01,2026-02-04T13:55:50,2026-02-04,G01_2026-02-04,796,test,normal,,1025,1281,1,1d034edee7c6f4249b0b4b55f2867fa6e33f1d66aa09d3d71bee7ce28d5fdec3,,
1.0,G01-260204-135614-797,G01-260204-135614-797.bmp,G01,2026-02-04T13:56:14,2026-02-04,G01_2026-02-04,797,test,normal,,1025,1281,1,7e1a550e5419daa335cb7df691a09bdc2b1d34cdc56db037a787dd44d8685330,,
1.0,G01-260204-135620-798,G01-260204-135620-798.bmp,G01,2026-02-04T13:56:20,2026-02-04,G01_2026-02-04,798,test,normal,,1025,1281,1,082db58ad44d18f7784660d396870dbbf43299966e887c52d5521b484f4d98d0,,
1.0,G01-260204-135644-799,G01-260204-135644-799.bmp,G01,2026-02-04T13:56:44,2026-02-04,G01_2026-02-04,799,test,normal,,1025,1281,1,5a2be6f4f8d1a26a657923cd2a1119b1e13bc7bad75807979173709a231e89e8,,
1.0,G01-260204-135651-800,G01-260204-135651-800.bmp,G01,2026-02-04T13:56:51,2026-02-04,G01_2026-02-04,800,test,normal,,1025,1281,1,20642dc2754933aaaa27425fa9b8277bc5adecce89d0abb4c219740c3fddd86f,,
1.0,G01-260204-135714-801,G01-260204-135714-801.bmp,G01,2026-02-04T13:57:14,2026-02-04,G01_2026-02-04,801,test,normal,,1025,1281,1,ad1255d14876fe80c3f1b987e5490b893d0eebb64aa17233c4b84c6e3d100029,,
1.0,G01-260204-135721-802,G01-260204-135721-802.bmp,G01,2026-02-04T13:57:21,2026-02-04,G01_2026-02-04,802,test,normal,,1025,1281,1,4ed1b61aaf2d725c8d6b5f07eb40331ddb95f5d717634981f40245ffd537e626,,
1.0,G01-260204-135744-803,G01-260204-135744-803.bmp,G01,2026-02-04T13:57:44,2026-02-04,G01_2026-02-04,803,test,normal,,1025,1281,1,1eb5bc5708714c354736535a320906e2ef6e6952c157a7d4b36cc68b1721ebd8,,
1.0,G01-260204-135752-804,G01-260204-135752-804.bmp,G01,2026-02-04T13:57:52,2026-02-04,G01_2026-02-04,804,test,normal,,1025,1281,1,a1110691ebd46a718302fbe70fc7c621792c77058ae6ab095a30286117de4ab2,,
1.0,G01-260204-135815-805,G01-260204-135815-805.bmp,G01,2026-02-04T13:58:15,2026-02-04,G01_2026-02-04,805,test,normal,,1025,1281,1,a2d038dc458e45a328fb126a215c1c08b0a7bfcfd1004f2b15cb69483240c803,,
1.0,G01-260204-135822-806,G01-260204-135822-806.bmp,G01,2026-02-04T13:58:22,2026-02-04,G01_2026-02-04,806,test,normal,,1025,1281,1,2c23d0256fd2d3d44a1503c50e03ff6c48221ec70443ba7a4fb55baab5e32178,,
1.0,G01-260204-135845-807,G01-260204-135845-807.bmp,G01,2026-02-04T13:58:45,2026-02-04,G01_2026-02-04,807,test,normal,,1025,1281,1,f123f506e63605f33e1188cf59f6d57e1e15d199dafa9b61977eb2eb57e7548d,,
1.0,G01-260204-135853-808,G01-260204-135853-808.bmp,G01,2026-02-04T13:58:53,2026-02-04,G01_2026-02-04,808,test,normal,,1025,1281,1,59bf28124f4699764bbc2b82cd8e718d7b4b6a2933fdd8a0c038910c0292b80d,,
1.0,G01-260204-135916-809,G01-260204-135916-809.bmp,G01,2026-02-04T13:59:16,2026-02-04,G01_2026-02-04,809,test,normal,,1025,1281,1,b74216dc2f07ba41e41910471f727ab651b2f160b039f4547e2c050ba2757e39,,
1.0,G01-260204-135923-810,G01-260204-135923-810.bmp,G01,2026-02-04T13:59:23,2026-02-04,G01_2026-02-04,810,test,normal,,1025,1281,1,e7b0fd213c2c11badda4cbd58b0b05d53cebeb74486f09febb323b2ec81090f1,,
1.0,G01-260204-135945-811,G01-260204-135945-811.bmp,G01,2026-02-04T13:59:45,2026-02-04,G01_2026-02-04,811,test,normal,,1025,1281,1,7bd6903ec95895ca43258c063d37fb357a70e08cd6db42a9c71fdd3b77d0f36c,,
1.0,G01-260204-135952-812,G01-260204-135952-812.bmp,G01,2026-02-04T13:59:52,2026-02-04,G01_2026-02-04,812,test,normal,,1025,1281,1,1dab1c96d2b1b0da67b9d4afdcd5d8e31602c6f70b95bbf061f807cffe3cc8ec,,
1.0,G01-260204-140015-813,G01-260204-140015-813.bmp,G01,2026-02-04T14:00:15,2026-02-04,G01_2026-02-04,813,test,normal,,1025,1281,1,9b1aba26923ff8779ea70c97c4000a8b427b1a64da5495fd7852ebb1556041c4,,
1.0,G01-260204-140022-814,G01-260204-140022-814.bmp,G01,2026-02-04T14:00:22,2026-02-04,G01_2026-02-04,814,test,normal,,1025,1281,1,8dd4d020cf4cb6d0b1d1a03d4ca0afc37fcddc546c0b027715ea93d8971eff51,,
1.0,G01-260204-140045-815,G01-260204-140045-815.bmp,G01,2026-02-04T14:00:45,2026-02-04,G01_2026-02-04,815,test,normal,,1025,1281,1,7369cf4fc614510b3783a2a9b301e07eab471c48f7d14f6b5605b53e92c8d69a,,
1.0,G01-260204-140051-816,G01-260204-140051-816.bmp,G01,2026-02-04T14:00:51,2026-02-04,G01_2026-02-04,816,test,normal,,1025,1281,1,747e8a1d1df50ebf4bd30ce2c4bfc104e046e4e30c2dbcbe8706b4fed36d6d83,,
1.0,G01-260204-140117-817,G01-260204-140117-817.bmp,G01,2026-02-04T14:01:17,2026-02-04,G01_2026-02-04,817,test,normal,,1025,1281,1,cada132fd2873a3fbdba67b902ca72e4cc64f2b25dd2c22d03f73c3a79ad2a37,,
1.0,G01-260204-140124-818,G01-260204-140124-818.bmp,G01,2026-02-04T14:01:24,2026-02-04,G01_2026-02-04,818,test,normal,,1025,1281,1,9b1f6ddbd696f7b9dbf9be6504e4d519ff2de5456c749930bf66655022727f70,,
1.0,G01-260204-140146-819,G01-260204-140146-819.bmp,G01,2026-02-04T14:01:46,2026-02-04,G01_2026-02-04,819,test,normal,,1025,1281,1,8aab9e6fadfba17eaa2db4bdcf1564a851b64e6dd82740965900dce365ddaf36,,
1.0,G01-260204-140153-820,G01-260204-140153-820.bmp,G01,2026-02-04T14:01:53,2026-02-04,G01_2026-02-04,820,test,normal,,1025,1281,1,fb91b9b452365fa8611184c3daa19b6fb3a0cd01d2cf12eda3033503d42326bd,,
1.0,G01-260204-140215-821,G01-260204-140215-821.bmp,G01,2026-02-04T14:02:15,2026-02-04,G01_2026-02-04,821,test,normal,,1025,1281,1,f157a3006a022b8f8c0f2eb2d6cf4543a66de0f8fe1c7c84f3fbb9b1837b7dbc,,
1.0,G01-260204-140221-822,G01-260204-140221-822.bmp,G01,2026-02-04T14:02:21,2026-02-04,G01_2026-02-04,822,test,normal,,1025,1281,1,9e6050966fd97803280c5f5b8adb8bf1841a1290599325c5d2daa4e7b2f8e6ee,,
1.0,G01-260204-140246-823,G01-260204-140246-823.bmp,G01,2026-02-04T14:02:46,2026-02-04,G01_2026-02-04,823,test,normal,,1025,1281,1,6b2d48d2f59b13f775b0d509cbad7beada25de987924f5e0ceececbbdb8c1c00,,
1.0,G01-260204-140253-824,G01-260204-140253-824.bmp,G01,2026-02-04T14:02:53,2026-02-04,G01_2026-02-04,824,test,normal,,1025,1281,1,9a0c84ed9be4da0fe3a84e87bb87063375e201d8bbf381b671e1e6e0ffd739ca,,
1.0,G01-260204-140317-825,G01-260204-140317-825.bmp,G01,2026-02-04T14:03:17,2026-02-04,G01_2026-02-04,825,test,normal,,1025,1281,1,ebce14ed2fd45a7520de6bf7d4c27f19af1410fd595d442e5b16d85f6117daa2,,
1.0,G01-260204-140324-826,G01-260204-140324-826.bmp,G01,2026-02-04T14:03:24,2026-02-04,G01_2026-02-04,826,test,normal,,1025,1281,1,0ca7c6c9b4bc84f7d8e198863e9a94ceeaf47da7d75bafc16720fd61f36e06a5,,
1.0,G01-260204-140347-827,G01-260204-140347-827.bmp,G01,2026-02-04T14:03:47,2026-02-04,G01_2026-02-04,827,test,normal,,1025,1281,1,47138363400d2210ab69935246566283e637566721d3cd386573eb782bc954db,,
1.0,G01-260204-140354-828,G01-260204-140354-828.bmp,G01,2026-02-04T14:03:54,2026-02-04,G01_2026-02-04,828,test,normal,,1025,1281,1,d05b2c1a4d4607192e43216d0196be5c88248ad11a3a39c02755c488419e4598,,
1.0,G01-260204-140416-829,G01-260204-140416-829.bmp,G01,2026-02-04T14:04:16,2026-02-04,G01_2026-02-04,829,test,normal,,1025,1281,1,4396f96308dc166004d89fcecfe2a458e82a7b352e67574ec8f303c2ea9a9c11,,
1.0,G01-260204-140423-830,G01-260204-140423-830.bmp,G01,2026-02-04T14:04:23,2026-02-04,G01_2026-02-04,830,test,normal,,1025,1281,1,84039535773136d339c351bc6308f589945611c7dfb210ba60161b50bb2d6a18,,
1.0,G01-260204-140446-831,G01-260204-140446-831.bmp,G01,2026-02-04T14:04:46,2026-02-04,G01_2026-02-04,831,test,normal,,1025,1281,1,9df0e7fced18bb0126cf19184e2f989dac321e303b8f37fec7debab2345be25c,,
1.0,G01-260204-140453-832,G01-260204-140453-832.bmp,G01,2026-02-04T14:04:53,2026-02-04,G01_2026-02-04,832,test,normal,,1025,1281,1,bb9a15a37e4029e7d205f8d7c54a90bfceb2cad75c3baf2bb78b722d0af3c01b,,
1.0,G01-260204-140516-833,G01-260204-140516-833.bmp,G01,2026-02-04T14:05:16,2026-02-04,G01_2026-02-04,833,test,normal,,1025,1281,1,17c1b6bd1d3b8447a464cb550e521cc5b29807b8befc14b94e273d386424fa8d,,
1.0,G01-260204-140524-834,G01-260204-140524-834.bmp,G01,2026-02-04T14:05:24,2026-02-04,G01_2026-02-04,834,test,normal,,1025,1281,1,5c428ffe4e1306cbc2fcce856a529120e054edf009ea82f677f414fd77205ab2,,
1.0,G01-260204-140547-835,G01-260204-140547-835.bmp,G01,2026-02-04T14:05:47,2026-02-04,G01_2026-02-04,835,test,normal,,1025,1281,1,67bb60d177c2597f7b8da3c20af601bd64d8c40ac9684ce731157892fea5d1ce,,
1.0,G01-260204-140553-836,G01-260204-140553-836.bmp,G01,2026-02-04T14:05:53,2026-02-04,G01_2026-02-04,836,test,normal,,1025,1281,1,22ddc5b0eca872d37e9aaeb6efdc8c8039babf92e3698b865dc7a648374c43c3,,
1.0,G01-260204-140617-837,G01-260204-140617-837.bmp,G01,2026-02-04T14:06:17,2026-02-04,G01_2026-02-04,837,test,normal,,1025,1281,1,73a6e06a17105cfd9a986ae49c0e3c12ed9b369cb9cf25bfe057c181ae08c352,,
1.0,G01-260204-140624-838,G01-260204-140624-838.bmp,G01,2026-02-04T14:06:24,2026-02-04,G01_2026-02-04,838,test,normal,,1025,1281,1,4045b35a72a0bc7b65710d667fb4988794a963cbda70852bf547df8fa949fa88,,
1.0,G01-260204-140647-839,G01-260204-140647-839.bmp,G01,2026-02-04T14:06:47,2026-02-04,G01_2026-02-04,839,test,normal,,1025,1281,1,8aa9f9e71e4d7818214ab20934efb4c9383e80c34f58a6d38969570e812d8d96,,
1.0,G01-260204-140654-840,G01-260204-140654-840.bmp,G01,2026-02-04T14:06:54,2026-02-04,G01_2026-02-04,840,test,normal,,1025,1281,1,2d584a6a188c34260db2e5ddb5922497bfc498048fb68c28bbd3416acc4bd003,,
1.0,G01-260204-140718-841,G01-260204-140718-841.bmp,G01,2026-02-04T14:07:18,2026-02-04,G01_2026-02-04,841,test,normal,,1025,1281,1,f9df4e85e21aff512c71e63635a095617143b69ec5537125efa04872ac6d652f,,
1.0,G01-260204-140725-842,G01-260204-140725-842.bmp,G01,2026-02-04T14:07:25,2026-02-04,G01_2026-02-04,842,test,normal,,1025,1281,1,b10b5b5ba23ee4e0995fb78bd61f44e037d4b46c07d6c8902a5b09f0d339e59f,,
1.0,G01-260204-140747-843,G01-260204-140747-843.bmp,G01,2026-02-04T14:07:47,2026-02-04,G01_2026-02-04,843,test,normal,,1025,1281,1,4d352b5010a50a41779e5fdd4a1aa49e210f7128cb1ef59e939b0a2ba50b7be9,,
1.0,G01-260204-140755-844,G01-260204-140755-844.bmp,G01,2026-02-04T14:07:55,2026-02-04,G01_2026-02-04,844,test,normal,,1025,1281,1,fa2b8f2939ead1f319dfd373f6b56c51de258affa27795288744410655a1dd7a,,
1.0,G01-260204-140817-845,G01-260204-140817-845.bmp,G01,2026-02-04T14:08:17,2026-02-04,G01_2026-02-04,845,test,normal,,1025,1281,1,0a260e9901d0842ffb8d8a41d07bc4e0d89860c686bb8a09c9e6950e4d5964eb,,
1.0,G01-260204-140824-846,G01-260204-140824-846.bmp,G01,2026-02-04T14:08:24,2026-02-04,G01_2026-02-04,846,test,normal,,1025,1281,1,40afe67b14f9632834d20af7c6bc2c14cd92311ded0cc9789d1195f029baaf29,,
1.0,G01-260204-140850-847,G01-260204-140850-847.bmp,G01,2026-02-04T14:08:50,2026-02-04,G01_2026-02-04,847,test,normal,,1025,1281,1,a81574193f3b3bc00cc5ba11ad69fa9c823cff798a2e1750ab2863b496cf62e3,,
1.0,G01-260204-140857-848,G01-260204-140857-848.bmp,G01,2026-02-04T14:08:57,2026-02-04,G01_2026-02-04,848,test,normal,,1025,1281,1,f9f28d4fcf907d0956c61dc722b616fdb4f9d5b09c50da67c0fadff47a9e6c49,,
1.0,G01-260204-140918-849,G01-260204-140918-849.bmp,G01,2026-02-04T14:09:18,2026-02-04,G01_2026-02-04,849,test,normal,,1025,1281,1,58c536b8dead9203f9a602af01398d054f38155c315ab8094a495007a1f1b083,,
1.0,G01-260204-140926-850,G01-260204-140926-850.bmp,G01,2026-02-04T14:09:26,2026-02-04,G01_2026-02-04,850,test,normal,,1025,1281,1,a373fa3808dd5a16762a86a862fd812d6a0ebedad5a616246d5765684a92cc21,,
1.0,G01-260204-140948-851,G01-260204-140948-851.bmp,G01,2026-02-04T14:09:48,2026-02-04,G01_2026-02-04,851,test,normal,,1025,1281,1,9a36a02af1779239aaaa170fb4b766c32ec01866fb5f737f7d872c64fdad21d4,,
1.0,G01-260204-140955-852,G01-260204-140955-852.bmp,G01,2026-02-04T14:09:55,2026-02-04,G01_2026-02-04,852,test,normal,,1025,1281,1,75ca36c3298ac1db2bf243069096d5bd71e8b65f9bf3b1c29d96ebfe3c6d5050,,
1.0,G01-260204-141018-853,G01-260204-141018-853.bmp,G01,2026-02-04T14:10:18,2026-02-04,G01_2026-02-04,853,test,normal,,1025,1281,1,d07e826cac951f482d0a7609b2190ff6fb88dbedb9dbf1293dd5cb18f18ab162,,
1.0,G01-260204-141025-854,G01-260204-141025-854.bmp,G01,2026-02-04T14:10:25,2026-02-04,G01_2026-02-04,854,test,normal,,1025,1281,1,550f6a5e425790ae0e852ca8a6e7f66016aa92a74b598cf06b58dd4467839e22,,
1.0,G01-260204-141048-855,G01-260204-141048-855.bmp,G01,2026-02-04T14:10:48,2026-02-04,G01_2026-02-04,855,test,normal,,1025,1281,1,b0a9a120ac2c4c0ecdaef14966f1b339eba39c939ac6da75a9f874bd00d9a4cb,,
1.0,G01-260204-141056-856,G01-260204-141056-856.bmp,G01,2026-02-04T14:10:56,2026-02-04,G01_2026-02-04,856,test,normal,,1025,1281,1,8c6cdc43164bb3e59d63d4839a349dece62307bb7a1b2d41fd80acaafaad459a,,
1.0,G01-260204-141118-857,G01-260204-141118-857.bmp,G01,2026-02-04T14:11:18,2026-02-04,G01_2026-02-04,857,test,normal,,1025,1281,1,3e1a7cf7d73cd4f315b2b84be69583d625916e103e52f2ed4661759340e13b0b,,
1.0,G01-260204-141125-858,G01-260204-141125-858.bmp,G01,2026-02-04T14:11:25,2026-02-04,G01_2026-02-04,858,test,normal,,1025,1281,1,3be80a14d8d759f6fa87b27055190a5856d620dd1e45209eff7d599f7ddeb7f4,,
1.0,G01-260204-141149-859,G01-260204-141149-859.bmp,G01,2026-02-04T14:11:49,2026-02-04,G01_2026-02-04,859,test,normal,,1025,1281,1,40e7a94322e68ba66cbbac480eca740bbf45c55da1b58bab871178a773c66777,,
1.0,G01-260204-141156-860,G01-260204-141156-860.bmp,G01,2026-02-04T14:11:56,2026-02-04,G01_2026-02-04,860,test,normal,,1025,1281,1,a8712466099262f8422cb8cf42dd60fa751a2260f064258e3c2c513503b9d88f,,
1.0,G01-260204-141219-861,G01-260204-141219-861.bmp,G01,2026-02-04T14:12:19,2026-02-04,G01_2026-02-04,861,test,normal,,1025,1281,1,b327dbc25ff5b13a5a93ebb7870a017b382d9ffd63d794ff5ab9696223d67fae,,
1.0,G01-260204-141226-862,G01-260204-141226-862.bmp,G01,2026-02-04T14:12:26,2026-02-04,G01_2026-02-04,862,test,normal,,1025,1281,1,4262d3c5425895e4df01a74529c2f9fb23b31194c584b3903c2280e89f48cbbb,,
1.0,G01-260204-141249-863,G01-260204-141249-863.bmp,G01,2026-02-04T14:12:49,2026-02-04,G01_2026-02-04,863,test,normal,,1025,1281,1,d6609bd61cfd85d3600886e62a924f6f12fe48a637cac8c323a1f11ef87ba0e4,,
1.0,G01-260204-141257-864,G01-260204-141257-864.bmp,G01,2026-02-04T14:12:57,2026-02-04,G01_2026-02-04,864,test,normal,,1025,1281,1,e1462a863f72ce2aae241b60f92371dc22ab47a163ab58743fd3a8f9b5c8dafe,,
1.0,G01-260204-141320-865,G01-260204-141320-865.bmp,G01,2026-02-04T14:13:20,2026-02-04,G01_2026-02-04,865,test,normal,,1025,1281,1,53e32c521c81c1cb40fa252abcbdc143fcafd37c4eb73e556cc38e2de49b2b00,,
1.0,G01-260204-141327-866,G01-260204-141327-866.bmp,G01,2026-02-04T14:13:27,2026-02-04,G01_2026-02-04,866,test,normal,,1025,1281,1,c87ace25aa04cb5550f1e7b3f0f967056dc81b405bf94dcdb98a6fb4814c0db8,,
1.0,G01-260204-141349-867,G01-260204-141349-867.bmp,G01,2026-02-04T14:13:49,2026-02-04,G01_2026-02-04,867,test,normal,,1025,1281,1,fbfe067dba808f986ea51e1bc761f8b99792c28cc8cd4d742e3a325f3cf0b608,,
1.0,G01-260204-141356-868,G01-260204-141356-868.bmp,G01,2026-02-04T14:13:56,2026-02-04,G01_2026-02-04,868,test,normal,,1025,1281,1,8b889d5b8c5136d0be0c919425d907ebbad2d426df1ee81bb6eb8074a9ff275c,,
1.0,G01-260204-141419-869,G01-260204-141419-869.bmp,G01,2026-02-04T14:14:19,2026-02-04,G01_2026-02-04,869,test,normal,,1025,1281,1,b808a6bec61f2bbdcb26d5f839639b6fb733253b76ef82ed1621eb0594c1a5b6,,
1.0,G01-260204-141428-870,G01-260204-141428-870.bmp,G01,2026-02-04T14:14:28,2026-02-04,G01_2026-02-04,870,test,normal,,1025,1281,1,e58e2c6196560bc20c6cb03a675b5fe23d095090f5748f108c6a023edeaee661,,
1.0,G01-260204-141449-871,G01-260204-141449-871.bmp,G01,2026-02-04T14:14:49,2026-02-04,G01_2026-02-04,871,test,normal,,1025,1281,1,50ede2dbffe018667dde736d3f30cb12c30e26fe80a7b2793d02431876089e84,,
1.0,G01-260204-141456-872,G01-260204-141456-872.bmp,G01,2026-02-04T14:14:56,2026-02-04,G01_2026-02-04,872,test,normal,,1025,1281,1,2847a6d58a33bff2e15c07426bf6bad77606bcfc21da283c5bda27e163355c6f,,
1.0,G01-260204-141520-873,G01-260204-141520-873.bmp,G01,2026-02-04T14:15:20,2026-02-04,G01_2026-02-04,873,test,normal,,1025,1281,1,c6c81fd8890c739a9988506baf5c5ebd716e138da5d241b221026cf60d75227d,,
1.0,G01-260204-141526-874,G01-260204-141526-874.bmp,G01,2026-02-04T14:15:26,2026-02-04,G01_2026-02-04,874,test,normal,,1025,1281,1,6831b3c66a909bad4021f5c6c90a989a610e51604aeb24aaf1b7acfdea86f2b2,,
1.0,G01-260204-141550-875,G01-260204-141550-875.bmp,G01,2026-02-04T14:15:50,2026-02-04,G01_2026-02-04,875,test,normal,,1025,1281,1,bd24af103bfaeea9f36b92fd941f358595d207961ba0e050e2bf27fbd343edda,,
1.0,G01-260204-141557-876,G01-260204-141557-876.bmp,G01,2026-02-04T14:15:57,2026-02-04,G01_2026-02-04,876,test,normal,,1025,1281,1,ae55329445f0f89988f0097ba99ebd917f2922d730370b1cd0842f82fcca760d,,
1.0,G01-260204-141620-877,G01-260204-141620-877.bmp,G01,2026-02-04T14:16:20,2026-02-04,G01_2026-02-04,877,test,normal,,1025,1281,1,6db681a8a00afc7862058c1eedda81923a8c0d8cdb14a754d40a8239afb8f20d,,
1.0,G01-260204-141627-878,G01-260204-141627-878.bmp,G01,2026-02-04T14:16:27,2026-02-04,G01_2026-02-04,878,test,normal,,1025,1281,1,8f3955a527d7468080f308619c6798e80488093424f9c0cae34fd70731676f39,,
1.0,G01-260204-141649-879,G01-260204-141649-879.bmp,G01,2026-02-04T14:16:49,2026-02-04,G01_2026-02-04,879,test,normal,,1025,1281,1,80d8a685a0b2ae9a9118695b37796269366af6ffeb709914ae8e282fa4e819f5,,
1.0,G01-260204-141657-880,G01-260204-141657-880.bmp,G01,2026-02-04T14:16:57,2026-02-04,G01_2026-02-04,880,test,normal,,1025,1281,1,9b7542e628489ffbe6b47dd4a5efdaa5c2154d76466f3a23d1a78b3694c1e2d5,,
1.0,G01-260204-141720-881,G01-260204-141720-881.bmp,G01,2026-02-04T14:17:20,2026-02-04,G01_2026-02-04,881,test,normal,,1025,1281,1,85f6055463c95f623aa9d16090e12862892b399feda43ce0ff09e2135773b12e,,
1.0,G01-260204-141727-882,G01-260204-141727-882.bmp,G01,2026-02-04T14:17:27,2026-02-04,G01_2026-02-04,882,test,normal,,1025,1281,1,2512f42c27323546a7f79bc7460e7f95c6bd07a5a20a8619b07a1d66cef8686e,,
1.0,G01-260204-141750-883,G01-260204-141750-883.bmp,G01,2026-02-04T14:17:50,2026-02-04,G01_2026-02-04,883,test,normal,,1025,1281,1,a45837a4879009cb41aa3529b731904f4ceef8b4e22c15cbbab426d2f140adb2,,
1.0,G01-260204-141757-884,G01-260204-141757-884.bmp,G01,2026-02-04T14:17:57,2026-02-04,G01_2026-02-04,884,test,normal,,1025,1281,1,55ab5b6099a3c4576bc7fdfcaddbda1e246016931da7ccacc9f9221bb3369b1e,,
1.0,G01-260204-141821-885,G01-260204-141821-885.bmp,G01,2026-02-04T14:18:21,2026-02-04,G01_2026-02-04,885,test,normal,,1025,1281,1,f99d5e85961760644e54766790f5297bbe7c4a76d16e032459701c1ec749961d,,
1.0,G01-260204-141828-886,G01-260204-141828-886.bmp,G01,2026-02-04T14:18:28,2026-02-04,G01_2026-02-04,886,test,normal,,1025,1281,1,122bc9731290fe09645d1b5216793aba0b97391e9365e837f19714d553b93dc3,,
1.0,G01-260204-141850-887,G01-260204-141850-887.bmp,G01,2026-02-04T14:18:50,2026-02-04,G01_2026-02-04,887,test,normal,,1025,1281,1,ab8f2ab4a93d03442965851918de6e9bb99482b91cdf8b48406e39b8304c93b1,,
1.0,G01-260204-141856-888,G01-260204-141856-888.bmp,G01,2026-02-04T14:18:56,2026-02-04,G01_2026-02-04,888,test,normal,,1025,1281,1,480385533ef9870d3e0c9bb5b9b5b0981ac1f7e8c064a2634e5b15ed6002bf4f,,
1.0,G01-260204-141920-889,G01-260204-141920-889.bmp,G01,2026-02-04T14:19:20,2026-02-04,G01_2026-02-04,889,test,normal,,1025,1281,1,b24b1cc774cf3228dae5d74a137f9d7694b798ce97fc6a037c2f551b54133ea2,,
1.0,G01-260204-141927-890,G01-260204-141927-890.bmp,G01,2026-02-04T14:19:27,2026-02-04,G01_2026-02-04,890,test,normal,,1025,1281,1,fb927e3d51e96977edd79147e26b35a2fce8d2059ad74ea9bc126e2e54acbdc0,,
1.0,G01-260204-141951-891,G01-260204-141951-891.bmp,G01,2026-02-04T14:19:51,2026-02-04,G01_2026-02-04,891,test,normal,,1025,1281,1,143d6ed7bd934b0daeb0f06f9d1b8b795ec55c19400988d40c9ee420dbde7069,,
1.0,G01-260204-141958-892,G01-260204-141958-892.bmp,G01,2026-02-04T14:19:58,2026-02-04,G01_2026-02-04,892,test,normal,,1025,1281,1,f73d80daf315f752b3d978338c557c3a275b2c4e356744df5ffc9607aec4a0e1,,
1.0,G01-260204-142020-893,G01-260204-142020-893.bmp,G01,2026-02-04T14:20:20,2026-02-04,G01_2026-02-04,893,test,normal,,1025,1281,1,9ae5b9f261953171a2d3d45c99baa1c9441d747e4dd73ddd4775193a2425ec7e,,
1.0,G01-260204-142027-894,G01-260204-142027-894.bmp,G01,2026-02-04T14:20:27,2026-02-04,G01_2026-02-04,894,test,normal,,1025,1281,1,73042abd2111c75ed26a24de47e1d93bd42f8b39b7410e5d99b1cf75e80057da,,
1.0,G01-260204-142049-895,G01-260204-142049-895.bmp,G01,2026-02-04T14:20:49,2026-02-04,G01_2026-02-04,895,test,normal,,1025,1281,1,8f564f506d252a805ade252af8b1077a147734fdb75fa087d685dd60c1ab4578,,
1.0,G01-260204-142056-896,G01-260204-142056-896.bmp,G01,2026-02-04T14:20:56,2026-02-04,G01_2026-02-04,896,test,normal,,1025,1281,1,bbbf09a10bf2f1eab154bdcb680dcab41a6151de7ecfc6ccecc0237bf4a28a7d,,
1.0,G01-260204-142121-897,G01-260204-142121-897.bmp,G01,2026-02-04T14:21:21,2026-02-04,G01_2026-02-04,897,test,normal,,1025,1281,1,62de46dabf82cd7d9111f34a10293b60b43d34bfbd2f6253c99b1efbdb577a6b,,
1.0,G01-260204-142127-898,G01-260204-142127-898.bmp,G01,2026-02-04T14:21:27,2026-02-04,G01_2026-02-04,898,test,normal,,1025,1281,1,bafc08a8ddab77b6c10f8bd60611b813e079738acf23cad1e2fe270e72f32c8e,,
1.0,G01-260204-142152-899,G01-260204-142152-899.bmp,G01,2026-02-04T14:21:52,2026-02-04,G01_2026-02-04,899,test,normal,,1025,1281,1,fb5ac081da69937e5532e145ca718e32e31436a71d473e09edae6c2b96be09c5,,
1.0,G01-260204-142159-900,G01-260204-142159-900.bmp,G01,2026-02-04T14:21:59,2026-02-04,G01_2026-02-04,900,test,normal,,1025,1281,1,652b2274f55817db9e194b5727cd476f8c114505f30cf3477909df9c91296fd2,,
1.0,G01-260204-142222-901,G01-260204-142222-901.bmp,G01,2026-02-04T14:22:22,2026-02-04,G01_2026-02-04,901,test,normal,,1025,1281,1,de3b2e61b316d158bfc20216e61dff36e7a2d7e5286a276ad40918b6ac145405,,
1.0,G01-260204-142229-902,G01-260204-142229-902.bmp,G01,2026-02-04T14:22:29,2026-02-04,G01_2026-02-04,902,test,normal,,1025,1281,1,9698badc1835244d6c0b6ce300f2ad7d7505c5f0cf6506a6787ddf1baf6b2f09,,
1.0,G01-260204-142251-903,G01-260204-142251-903.bmp,G01,2026-02-04T14:22:51,2026-02-04,G01_2026-02-04,903,test,normal,,1025,1281,1,86c6e87c9860bad24a444cbe26d60be46df40f169302eba964f01fb7f036ae94,,
1.0,G01-260204-142258-904,G01-260204-142258-904.bmp,G01,2026-02-04T14:22:58,2026-02-04,G01_2026-02-04,904,test,normal,,1025,1281,1,60a3d847de94281fa11d35dfa0f62ea244088bff859c4eb29aaaaf55bff80419,,
1.0,G01-260204-142320-905,G01-260204-142320-905.bmp,G01,2026-02-04T14:23:20,2026-02-04,G01_2026-02-04,905,test,normal,,1025,1281,1,7d25b2c8b5df30d445f2d27637d4366a9b7a6e667706242863822a8a0d7659db,,
1.0,G01-260204-142327-906,G01-260204-142327-906.bmp,G01,2026-02-04T14:23:27,2026-02-04,G01_2026-02-04,906,test,normal,,1025,1281,1,e2f81235aee61a78aad2506191ea96931655e385dab8802ed13670caa803d235,,
1.0,G01-260204-142352-907,G01-260204-142352-907.bmp,G01,2026-02-04T14:23:52,2026-02-04,G01_2026-02-04,907,test,normal,,1025,1281,1,dfd8922359b188c8d3a7d636f7cb2b343cec1dccc567b2949d2adcf55e4a2173,,
1.0,G01-260204-142400-908,G01-260204-142400-908.bmp,G01,2026-02-04T14:24:00,2026-02-04,G01_2026-02-04,908,test,normal,,1025,1281,1,8b524af3c1a0e72b9977c5b136b54523368014e75052542af8a889abd4417484,,
1.0,G01-260204-142421-909,G01-260204-142421-909.bmp,G01,2026-02-04T14:24:21,2026-02-04,G01_2026-02-04,909,test,normal,,1025,1281,1,1a367f48a45d604ca0cd705ff7f396b27c95cc6a81a7d4f97082b2999e9e9ab9,,
1.0,G01-260204-142428-910,G01-260204-142428-910.bmp,G01,2026-02-04T14:24:28,2026-02-04,G01_2026-02-04,910,test,normal,,1025,1281,1,39f4fc4ca196fba48b482136d2c9508e7131bf50c5147392d2324ad77502e0f4,,
1.0,G01-260204-142451-911,G01-260204-142451-911.bmp,G01,2026-02-04T14:24:51,2026-02-04,G01_2026-02-04,911,test,normal,,1025,1281,1,5bd739f92ae96affc0cf3fe4cd826523f46e522b833597f0063e69d7a5fd5189,,
1.0,G01-260204-142458-912,G01-260204-142458-912.bmp,G01,2026-02-04T14:24:58,2026-02-04,G01_2026-02-04,912,test,normal,,1025,1281,1,fa365b809478c10157bc4c19e4b50ab535518aff2e1b5c0d2dd703379165092d,,
1.0,G01-260204-142522-913,G01-260204-142522-913.bmp,G01,2026-02-04T14:25:22,2026-02-04,G01_2026-02-04,913,test,normal,,1025,1281,1,39b97b6c91b4f49bb650010e22de2fbc6b857e4687801e19854696fb0439bce7,,
1.0,G01-260204-142529-914,G01-260204-142529-914.bmp,G01,2026-02-04T14:25:29,2026-02-04,G01_2026-02-04,914,test,normal,,1025,1281,1,f6e773d6bc79f8042aa842bd9e930ffe770185d5359b0e7cadcc8f632d9470a3,,
1.0,G01-260204-142553-915,G01-260204-142553-915.bmp,G01,2026-02-04T14:25:53,2026-02-04,G01_2026-02-04,915,test,normal,,1025,1281,1,1013f51d81ec237e0c843bdb627b404f2b5436655e767b7d3ec5d3c5331e38eb,,
1.0,G01-260204-142602-916,G01-260204-142602-916.bmp,G01,2026-02-04T14:26:02,2026-02-04,G01_2026-02-04,916,test,normal,,1025,1281,1,8ef196b4a16d2219f16162b96dbeaacbcdee66494416d8fd01f450c2cb0e70b5,,
1.0,G01-260204-142622-917,G01-260204-142622-917.bmp,G01,2026-02-04T14:26:22,2026-02-04,G01_2026-02-04,917,test,normal,,1025,1281,1,fcbb9b829b230afbedf2efe968e6c8443ec3795c61b306d702e484b6174a7702,,
1.0,G01-260204-142629-918,G01-260204-142629-918.bmp,G01,2026-02-04T14:26:29,2026-02-04,G01_2026-02-04,918,test,normal,,1025,1281,1,2e4bcccd94fbc37d0c159095921c556180a3c0079ff11ce4d576635371fea2ca,,
1.0,G01-260204-142652-919,G01-260204-142652-919.bmp,G01,2026-02-04T14:26:52,2026-02-04,G01_2026-02-04,919,test,normal,,1025,1281,1,61638965e734f102bace68057126613f5dad968eed8a575c6f9919267e546943,,
1.0,G01-260204-142659-920,G01-260204-142659-920.bmp,G01,2026-02-04T14:26:59,2026-02-04,G01_2026-02-04,920,test,normal,,1025,1281,1,33c877abb83c0acdf2edec250f62f9ad5bae502699690dde3cff41a15c70c9bb,,
1.0,G01-260204-142722-921,G01-260204-142722-921.bmp,G01,2026-02-04T14:27:22,2026-02-04,G01_2026-02-04,921,test,normal,,1025,1281,1,41c835e79ea1f469259cf671a5905f1f70f323bc5a8040cb89be266061715e84,,
1.0,G01-260204-142729-922,G01-260204-142729-922.bmp,G01,2026-02-04T14:27:29,2026-02-04,G01_2026-02-04,922,test,normal,,1025,1281,1,317c13dd234471e33f044aa3a3ee5c1895ea2e3bce6584cf136545659310957c,,
1.0,G01-260204-142752-923,G01-260204-142752-923.bmp,G01,2026-02-04T14:27:52,2026-02-04,G01_2026-02-04,923,test,normal,,1025,1281,1,210d8d78981fdd7e11d8aed6e93d548f8c23764f3d09e56326d35eb6df99a7aa,,
1.0,G01-260204-142759-924,G01-260204-142759-924.bmp,G01,2026-02-04T14:27:59,2026-02-04,G01_2026-02-04,924,test,normal,,1025,1281,1,47adf09c22111167eb499292a7afbca594906e4948b9ae1bfb87f85b4537337a,,
1.0,G01-260204-142823-925,G01-260204-142823-925.bmp,G01,2026-02-04T14:28:23,2026-02-04,G01_2026-02-04,925,test,normal,,1025,1281,1,2983c1094fc3fa3b147622f055bd0b0bbd312e798349f724d055843bc3f966cb,,
1.0,G01-260204-142830-926,G01-260204-142830-926.bmp,G01,2026-02-04T14:28:30,2026-02-04,G01_2026-02-04,926,test,normal,,1025,1281,1,21710030504435f52a8e8761fd41b9954a0150dbbd7e2a61c42116d9dffa3efd,,
1.0,G01-260204-142854-927,G01-260204-142854-927.bmp,G01,2026-02-04T14:28:54,2026-02-04,G01_2026-02-04,927,test,normal,,1025,1281,1,0e165db1c21f4295b2dbb4d99c4a7acb78a9fd8cec9f1ff95392f153d1529524,,
1.0,G01-260204-142901-928,G01-260204-142901-928.bmp,G01,2026-02-04T14:29:01,2026-02-04,G01_2026-02-04,928,test,normal,,1025,1281,1,5eb8031de95071be1bab5d889eab061428796ab513d4f8fcea89e9bc351e2a3e,,
1.0,G01-260204-142923-929,G01-260204-142923-929.bmp,G01,2026-02-04T14:29:23,2026-02-04,G01_2026-02-04,929,test,normal,,1025,1281,1,747b0a957484e569edd63d4892b031f619fdb35026bad66a4c82d4b6092ecd63,,
1.0,G01-260204-142930-930,G01-260204-142930-930.bmp,G01,2026-02-04T14:29:30,2026-02-04,G01_2026-02-04,930,test,normal,,1025,1281,1,216dfa5b094572e925a50e753b5e23f015a9809d47cd0ebfa824f49e7ea5600b,,
1.0,G01-260204-142954-931,G01-260204-142954-931.bmp,G01,2026-02-04T14:29:54,2026-02-04,G01_2026-02-04,931,test,normal,,1025,1281,1,1551e488b2512911bc15bdbef240190d8e051e9c6923cafcb89d23e6da75ba3b,,
1.0,G01-260204-143001-932,G01-260204-143001-932.bmp,G01,2026-02-04T14:30:01,2026-02-04,G01_2026-02-04,932,test,normal,,1025,1281,1,bdab4666ba64c93f29985c0580c1c8bc5d186b88994b0fe55ff3d9ba0bdb0476,,
1.0,G01-260204-143023-933,G01-260204-143023-933.bmp,G01,2026-02-04T14:30:23,2026-02-04,G01_2026-02-04,933,test,normal,,1025,1281,1,e2d965e2b9ce9abe65b841998e5b46743d6be9a3153edff6a56c475b2aadb072,,
1.0,G01-260204-143031-934,G01-260204-143031-934.bmp,G01,2026-02-04T14:30:31,2026-02-04,G01_2026-02-04,934,test,normal,,1025,1281,1,5c71bcd393a7f8c01d77f3bc30e3ede8bb72e5043e3a7a13bc1cb69af61c3318,,
1.0,G01-260204-143054-935,G01-260204-143054-935.bmp,G01,2026-02-04T14:30:54,2026-02-04,G01_2026-02-04,935,test,normal,,1025,1281,1,15975e45f9663c0cd01abfecc2351c9a3252f6ac9c60cdcd0771609a83ae2f99,,
1.0,G01-260204-143101-936,G01-260204-143101-936.bmp,G01,2026-02-04T14:31:01,2026-02-04,G01_2026-02-04,936,test,normal,,1025,1281,1,cac466b07c3ef5231af0512b3990a0681d7d81aec7e1cba4e83c4c81717181ce,,
1.0,G01-260204-143124-937,G01-260204-143124-937.bmp,G01,2026-02-04T14:31:24,2026-02-04,G01_2026-02-04,937,test,normal,,1025,1281,1,4131384a22207537b7c06c1f2f9ffb7730fbc62844126cc2865afdb09225ad29,,
1.0,G01-260204-143130-938,G01-260204-143130-938.bmp,G01,2026-02-04T14:31:30,2026-02-04,G01_2026-02-04,938,test,normal,,1025,1281,1,0c62d4b8c0f2a4cc58fff1400c75775d2576d02ef241db864228dafd104fb22b,,
1.0,G01-260204-143155-939,G01-260204-143155-939.bmp,G01,2026-02-04T14:31:55,2026-02-04,G01_2026-02-04,939,test,normal,,1025,1281,1,a69fce21d0186eb529edee201dbf0212e03b087ed8991beb0441adc26476e082,,
1.0,G01-260204-143201-940,G01-260204-143201-940.bmp,G01,2026-02-04T14:32:01,2026-02-04,G01_2026-02-04,940,test,normal,,1025,1281,1,94237fd2df2ba7b0f2d57fe46a6bdb3f40cfa87d7aaf89c20d41436879f01461,,
1.0,G01-260204-143224-941,G01-260204-143224-941.bmp,G01,2026-02-04T14:32:24,2026-02-04,G01_2026-02-04,941,test,normal,,1025,1281,1,0bbc6c553c68457a70fa9633ee7cfac8fe9c92779e80194770beb8afce7f57b6,,
1.0,G01-260204-143231-942,G01-260204-143231-942.bmp,G01,2026-02-04T14:32:31,2026-02-04,G01_2026-02-04,942,test,normal,,1025,1281,1,65253669ae1cce7732178f9c3cf14bfcedf0fde76930d1591ed651a41f85f072,,
1.0,G01-260204-143255-943,G01-260204-143255-943.bmp,G01,2026-02-04T14:32:55,2026-02-04,G01_2026-02-04,943,test,normal,,1025,1281,1,8d5c354ed9aac5eaf5e57d55bb1fdb63f0fae74278872964d996b13d4fe55ab8,,
1.0,G01-260204-143302-944,G01-260204-143302-944.bmp,G01,2026-02-04T14:33:02,2026-02-04,G01_2026-02-04,944,test,normal,,1025,1281,1,c72c9987f7c37b633a22594f78f138f69efdd9ee3d60cb4895ae863a5538fb17,,
1.0,G01-260204-143324-945,G01-260204-143324-945.bmp,G01,2026-02-04T14:33:24,2026-02-04,G01_2026-02-04,945,test,normal,,1025,1281,1,fc855f91220bedb070dac39b78635fce98d32028bf3335db18b50913bb40bbd4,,
1.0,G01-260204-143332-946,G01-260204-143332-946.bmp,G01,2026-02-04T14:33:32,2026-02-04,G01_2026-02-04,946,test,normal,,1025,1281,1,fd3e33a1809957e9f5fb93258347d003f4c460ecd2803da65350803eda37a638,,
1.0,G01-260204-143354-947,G01-260204-143354-947.bmp,G01,2026-02-04T14:33:54,2026-02-04,G01_2026-02-04,947,test,normal,,1025,1281,1,f8e092af7642278faeeff07bedc5eb310c42d335540bd40157965865c28e594d,,
1.0,G01-260204-143401-948,G01-260204-143401-948.bmp,G01,2026-02-04T14:34:01,2026-02-04,G01_2026-02-04,948,test,normal,,1025,1281,1,038fa496474954566b3b9e3ffd6c68ef724996721410e1cf76fc992fecb11b4e,,
1.0,G01-260204-143425-949,G01-260204-143425-949.bmp,G01,2026-02-04T14:34:25,2026-02-04,G01_2026-02-04,949,test,normal,,1025,1281,1,63dbb97bcb24b040643b43b7f10796c4f5b0db45efb7cdc273bb8c762223f44f,,
1.0,G01-260204-143432-950,G01-260204-143432-950.bmp,G01,2026-02-04T14:34:32,2026-02-04,G01_2026-02-04,950,test,normal,,1025,1281,1,22eebbda7b3d4df43f8582b48970526fa563401da9084dfb8f47bd5b1c6bd1d0,,
1.0,G01-260204-143454-951,G01-260204-143454-951.bmp,G01,2026-02-04T14:34:54,2026-02-04,G01_2026-02-04,951,test,normal,,1025,1281,1,8452f745ee986036ed9e68da89ff3c0c5cbbfae2806f35552d8cc6f32a05b647,,
1.0,G01-260204-143501-952,G01-260204-143501-952.bmp,G01,2026-02-04T14:35:01,2026-02-04,G01_2026-02-04,952,test,normal,,1025,1281,1,a915a1cd8960aa11c6253698516380ed974e293c909f30deb5b9e523343f822d,,
1.0,G01-260204-143526-953,G01-260204-143526-953.bmp,G01,2026-02-04T14:35:26,2026-02-04,G01_2026-02-04,953,test,normal,,1025,1281,1,d0dba6699a59e63381cbaeb11a71f91ffa1e22377a3b6cfb8ab4c11f1a653ec9,,
1.0,G01-260204-143532-954,G01-260204-143532-954.bmp,G01,2026-02-04T14:35:32,2026-02-04,G01_2026-02-04,954,test,normal,,1025,1281,1,0d16aa9904baf78f7532f3ee51b48cf865536a923825148d0a703625bf118b1a,,
1.0,G01-260204-143554-955,G01-260204-143554-955.bmp,G01,2026-02-04T14:35:54,2026-02-04,G01_2026-02-04,955,test,normal,,1025,1281,1,4887fdf70fa2aefe0d1c559a9d3ba8c2f3fdceccd5a655f93b29101175b503bf,,
1.0,G01-260204-143601-956,G01-260204-143601-956.bmp,G01,2026-02-04T14:36:01,2026-02-04,G01_2026-02-04,956,test,normal,,1025,1281,1,acd47e3a445b7360b29dc9f0436cfde88c52523e7e8367a678d39286ff230d12,,
1.0,G01-260204-143626-957,G01-260204-143626-957.bmp,G01,2026-02-04T14:36:26,2026-02-04,G01_2026-02-04,957,test,normal,,1025,1281,1,68730bdea4fb859b7dc24070f1069dee266f750c179fbb4d0117707237c9f953,,
1.0,G01-260204-143632-958,G01-260204-143632-958.bmp,G01,2026-02-04T14:36:32,2026-02-04,G01_2026-02-04,958,test,normal,,1025,1281,1,be6f64e22fceb48a7b5450a57ae1cfe5f780c7e6af4e2d735b359995c621bbb1,,
1.0,G01-260204-143655-959,G01-260204-143655-959.bmp,G01,2026-02-04T14:36:55,2026-02-04,G01_2026-02-04,959,test,normal,,1025,1281,1,018360e0579cca255c7a25c0ffdc87e9b427905f914bb9c060fcd7ebbe14a00f,,
1.0,G01-260204-143703-960,G01-260204-143703-960.bmp,G01,2026-02-04T14:37:03,2026-02-04,G01_2026-02-04,960,test,normal,,1025,1281,1,56335327ec291e4d07dd6fcb3ce13c42b4a2421b9feeffa901c7c57c3ed6e7a7,,
1.0,G01-260204-143725-961,G01-260204-143725-961.bmp,G01,2026-02-04T14:37:25,2026-02-04,G01_2026-02-04,961,test,normal,,1025,1281,1,7bcce451bfb43b1ea3a1e5c3f432b842441188d1eed91f779115c04b8cf708ce,,
1.0,G01-260204-143731-962,G01-260204-143731-962.bmp,G01,2026-02-04T14:37:31,2026-02-04,G01_2026-02-04,962,test,normal,,1025,1281,1,45673d3620df5441dc1e1a55842219cfa205410dd7761fa81bfc013712131373,,
1.0,G01-260204-143755-963,G01-260204-143755-963.bmp,G01,2026-02-04T14:37:55,2026-02-04,G01_2026-02-04,963,test,normal,,1025,1281,1,45279d7c3e92864ce1e70b1faf96814333498b028b6a4a1c57abe2855a2d7567,,
1.0,G01-260204-143802-964,G01-260204-143802-964.bmp,G01,2026-02-04T14:38:02,2026-02-04,G01_2026-02-04,964,test,normal,,1025,1281,1,3f502ab43d63c5469fc4a3b8632d7778632a1916f39a41c6a47ddd9d75d459c3,,
1.0,G01-260204-143825-965,G01-260204-143825-965.bmp,G01,2026-02-04T14:38:25,2026-02-04,G01_2026-02-04,965,test,normal,,1025,1281,1,a21887b566c0a0f6209bfeac32e2fe41842e1371a0505ec55422b20c314a2f02,,
1.0,G01-260204-143832-966,G01-260204-143832-966.bmp,G01,2026-02-04T14:38:32,2026-02-04,G01_2026-02-04,966,test,normal,,1025,1281,1,a76c02d72a2e4f559ec692637a14fd2d9d799b52f54c11bcfc9b9e4c413e9495,,
1.0,G01-260204-143855-967,G01-260204-143855-967.bmp,G01,2026-02-04T14:38:55,2026-02-04,G01_2026-02-04,967,test,normal,,1025,1281,1,40b9bc49551560ed2998b88366e86cf74bc65f6fdd794c081b2fb025060df40b,,
1.0,G01-260204-143901-968,G01-260204-143901-968.bmp,G01,2026-02-04T14:39:01,2026-02-04,G01_2026-02-04,968,test,normal,,1025,1281,1,26b9b5756699890a7fef28fd7359ccc44c37b9a4c64b21ca5c95b0a171cd5405,,
1.0,G01-260204-143925-969,G01-260204-143925-969.bmp,G01,2026-02-04T14:39:25,2026-02-04,G01_2026-02-04,969,test,normal,,1025,1281,1,30e5a9fb2560433a374861f66273d18e644e5c6616c9023262aaa517cfbae2bb,,
1.0,G01-260204-143932-970,G01-260204-143932-970.bmp,G01,2026-02-04T14:39:32,2026-02-04,G01_2026-02-04,970,test,normal,,1025,1281,1,95876392947e70eba763a87140877ce58d06644a2646965664162e460c6fb4b8,,
1.0,G01-260204-143957-971,G01-260204-143957-971.bmp,G01,2026-02-04T14:39:57,2026-02-04,G01_2026-02-04,971,test,normal,,1025,1281,1,eb6e285fcd8b03c9e9c846aa36f644090f00b55aaccfe667d8dfd63da07ba7f0,,
1.0,G01-260204-144004-972,G01-260204-144004-972.bmp,G01,2026-02-04T14:40:04,2026-02-04,G01_2026-02-04,972,test,normal,,1025,1281,1,a6e1c0401d8bdc1c88e7ae1a723b2568fc37f45840af0e4a44b1a181ec688d2d,,
1.0,G01-260204-144026-973,G01-260204-144026-973.bmp,G01,2026-02-04T14:40:26,2026-02-04,G01_2026-02-04,973,test,normal,,1025,1281,1,49cec783f1e0ac11b109cb1cd3720c61fe0395e2a6fbd78279d123c7b842fa89,,
1.0,G01-260204-144033-974,G01-260204-144033-974.bmp,G01,2026-02-04T14:40:33,2026-02-04,G01_2026-02-04,974,test,normal,,1025,1281,1,9640dfa76fe581ac4dec0a4799da834871a6d6ff6990cf962ebbbc9325a440ae,,
1.0,G01-260204-144055-975,G01-260204-144055-975.bmp,G01,2026-02-04T14:40:55,2026-02-04,G01_2026-02-04,975,test,normal,,1025,1281,1,4f639c9747fbc6c992d80ba6b6cbd179010bd22c4adefb349d7c457200f9813c,,
1.0,G01-260204-144103-976,G01-260204-144103-976.bmp,G01,2026-02-04T14:41:03,2026-02-04,G01_2026-02-04,976,test,normal,,1025,1281,1,3acedf9de2f6dc94f85220ec84575ba22c46340e679c7bddf2e6969c61213eb5,,
1.0,G01-260204-144127-977,G01-260204-144127-977.bmp,G01,2026-02-04T14:41:27,2026-02-04,G01_2026-02-04,977,test,normal,,1025,1281,1,049857715fc38c295fe044687b161a21833964fd3866d86338d56b52e4e401f2,,
1.0,G01-260204-144134-978,G01-260204-144134-978.bmp,G01,2026-02-04T14:41:34,2026-02-04,G01_2026-02-04,978,test,normal,,1025,1281,1,ef2a5ef9038fe9b73ac8d3b66abbe67acf9047a3cc7539ba2f9184d886abdc71,,
1.0,G01-260204-144156-979,G01-260204-144156-979.bmp,G01,2026-02-04T14:41:56,2026-02-04,G01_2026-02-04,979,test,normal,,1025,1281,1,024023b2868f7c9c48498e7ef03fdf44fa663efb32a129a7b933382f94570298,,
1.0,G01-260204-144203-980,G01-260204-144203-980.bmp,G01,2026-02-04T14:42:03,2026-02-04,G01_2026-02-04,980,test,normal,,1025,1281,1,50cbd2bb01ae72b2daa7b90b603b037603430e00893511b9f37a06b0e1aa2f45,,
1.0,G01-260204-144227-981,G01-260204-144227-981.bmp,G01,2026-02-04T14:42:27,2026-02-04,G01_2026-02-04,981,test,normal,,1025,1281,1,8b067bdea30fbda6e5a592772c492fc0e1ae20c3367236118f65f98c874b7e3d,,
1.0,G01-260204-144234-982,G01-260204-144234-982.bmp,G01,2026-02-04T14:42:34,2026-02-04,G01_2026-02-04,982,test,normal,,1025,1281,1,4a5a8abbf9284acf7f6b14ab414b5894a7d337ab284291e239876f02f17cce90,,
1.0,G01-260204-144256-983,G01-260204-144256-983.bmp,G01,2026-02-04T14:42:56,2026-02-04,G01_2026-02-04,983,test,normal,,1025,1281,1,3c152c5c1a5f16cc2c6e9ae489b2fa25cf52b643cd3c8cd759c8cdfad0ebcc87,,
1.0,G01-260204-144303-984,G01-260204-144303-984.bmp,G01,2026-02-04T14:43:03,2026-02-04,G01_2026-02-04,984,test,normal,,1025,1281,1,8dc53ccef573676055bac71c8bcec9874e9f7d20c180ed12b9e7d2da8a495d8e,,
1.0,G01-260204-144327-985,G01-260204-144327-985.bmp,G01,2026-02-04T14:43:27,2026-02-04,G01_2026-02-04,985,test,normal,,1025,1281,1,350dc0f702fdf2f17b2de81ec104cc10fd62ec5dad40ad927041e7ac2e2a4655,,
1.0,G01-260204-144333-986,G01-260204-144333-986.bmp,G01,2026-02-04T14:43:33,2026-02-04,G01_2026-02-04,986,test,normal,,1025,1281,1,8b24dd58e0f74b62d4069c0b397b432f9a8c98774c6862552ad375b652e8f429,,
1.0,G01-260204-144356-987,G01-260204-144356-987.bmp,G01,2026-02-04T14:43:56,2026-02-04,G01_2026-02-04,987,test,normal,,1025,1281,1,139a958d291033ee395854174aefa5ff6856684607c220f2ca33d3409678d86c,,
1.0,G01-260204-144403-988,G01-260204-144403-988.bmp,G01,2026-02-04T14:44:03,2026-02-04,G01_2026-02-04,988,test,normal,,1025,1281,1,60c2fcdcb579cc5dc69f250d3d0cfe0a4b0c922e3a907c025c965c081a5ff146,,
1.0,G01-260204-144427-989,G01-260204-144427-989.bmp,G01,2026-02-04T14:44:27,2026-02-04,G01_2026-02-04,989,test,normal,,1025,1281,1,128f86fc8da2efc1d2a06ae2b338f17139c992f27f1982ab680218d154cc7d8d,,
1.0,G01-260204-144434-990,G01-260204-144434-990.bmp,G01,2026-02-04T14:44:34,2026-02-04,G01_2026-02-04,990,test,normal,,1025,1281,1,27eb4d9dbed5319fd76f7226d89f591292320b7a0a1f86bc89f23632f2b17995,,
1.0,G01-260204-144457-991,G01-260204-144457-991.bmp,G01,2026-02-04T14:44:57,2026-02-04,G01_2026-02-04,991,test,normal,,1025,1281,1,dada4de6ef21da969591e54115f1c35380c2b2df8d949c3792376be35a472a17,,
1.0,G01-260204-144504-992,G01-260204-144504-992.bmp,G01,2026-02-04T14:45:04,2026-02-04,G01_2026-02-04,992,test,normal,,1025,1281,1,ff56cd36b7c1dfd56b926983b26ce2b98be1f5ea613ec4cc9cffb76838f04682,,
1.0,G01-260204-144527-993,G01-260204-144527-993.bmp,G01,2026-02-04T14:45:27,2026-02-04,G01_2026-02-04,993,test,normal,,1025,1281,1,74acb6d0a2ea71f2fe14c51a8e4233884c5985f20a81c1437e8a2b452fcf9948,,
1.0,G01-260204-144557-994,G01-260204-144557-994.bmp,G01,2026-02-04T14:45:57,2026-02-04,G01_2026-02-04,994,test,normal,,1025,1281,1,f7255d4fa8f055dda6d06572161016e153271fc4d6fe0069073062c9bbff4ce1,,
1.0,G01-260204-144604-995,G01-260204-144604-995.bmp,G01,2026-02-04T14:46:04,2026-02-04,G01_2026-02-04,995,test,normal,,1025,1281,1,091b4659695ee237e6d76691ff22105c0f2a24c934ddc2eeb6f9d95b332dc020,,
1.0,G01-260204-144627-996,G01-260204-144627-996.bmp,G01,2026-02-04T14:46:27,2026-02-04,G01_2026-02-04,996,test,normal,,1025,1281,1,876da429b9742d2e01db9877675e04d227bdfabe762c679125caef201b7f0251,,
1.0,G01-260204-144634-997,G01-260204-144634-997.bmp,G01,2026-02-04T14:46:34,2026-02-04,G01_2026-02-04,997,test,normal,,1025,1281,1,e2239d961ace27b18bece0ece41788099addb9ac7c3445b9e003dd6c3744a5ae,,
1.0,G01-260204-144657-998,G01-260204-144657-998.bmp,G01,2026-02-04T14:46:57,2026-02-04,G01_2026-02-04,998,test,normal,,1025,1281,1,7c0cad9bb24798d9a85bfff4d2cedcf9d55c0deaee99fbe69479ae8701e9057f,,
1.0,G01-260204-144704-999,G01-260204-144704-999.bmp,G01,2026-02-04T14:47:04,2026-02-04,G01_2026-02-04,999,test,normal,,1025,1281,1,ad878ce15c3b385c51981d8f9d60a2a1d718f3101a9b4fc5f6c42fac0e3d4fb7,,
1.0,G01-260204-144727-000,G01-260204-144727-000.bmp,G01,2026-02-04T14:47:27,2026-02-04,G01_2026-02-04,0,test,normal,,1025,1281,1,78a173c829cdb4590803933222dcfd4c457f1caf02ded83861997fa30ec99f29,,
1.0,G01-260204-144734-001,G01-260204-144734-001.bmp,G01,2026-02-04T14:47:34,2026-02-04,G01_2026-02-04,1,test,normal,,1025,1281,1,616a93477b6a1f91d09f3e1e08f705637ff775614ce41fa3295abe2c7c8cadc2,,
1.0,G01-260204-144758-002,G01-260204-144758-002.bmp,G01,2026-02-04T14:47:58,2026-02-04,G01_2026-02-04,2,test,normal,,1025,1281,1,e6259994d5cf0fac76e7b9e440bd266204b21599ee8d75bd4adf08e796dadbe0,,
1.0,G01-260204-144804-003,G01-260204-144804-003.bmp,G01,2026-02-04T14:48:04,2026-02-04,G01_2026-02-04,3,test,normal,,1025,1281,1,8381d0a92c856bec2702fb966c4711c3d02b1565a5883537df4707a420d82609,,
1.0,G01-260204-144828-004,G01-260204-144828-004.bmp,G01,2026-02-04T14:48:28,2026-02-04,G01_2026-02-04,4,test,normal,,1025,1281,1,f2a678e3e86f6d0e147a873318a7287282035b70d668662c6b1adb0fccbaeb30,,
1.0,G01-260204-144835-005,G01-260204-144835-005.bmp,G01,2026-02-04T14:48:35,2026-02-04,G01_2026-02-04,5,test,normal,,1025,1281,1,e0fb62eb45aafbfab9e2d6a2bfc090bebe328ee0a951eb66e274e72f5f89e6a5,,
1.0,G01-260204-144858-006,G01-260204-144858-006.bmp,G01,2026-02-04T14:48:58,2026-02-04,G01_2026-02-04,6,test,normal,,1025,1281,1,bd3f28ec6c058e6742f210935059099c88eff6b11412c5b3fe205b98e17384f4,,
1.0,G01-260204-144904-007,G01-260204-144904-007.bmp,G01,2026-02-04T14:49:04,2026-02-04,G01_2026-02-04,7,test,normal,,1025,1281,1,306b40cbaa694e356b51d7e833950de3dfcaafe6ccecbd54a219d92ec60c1f16,,
1.0,G01-260204-144928-008,G01-260204-144928-008.bmp,G01,2026-02-04T14:49:28,2026-02-04,G01_2026-02-04,8,test,normal,,1025,1281,1,c8abeff0acc2f380cbdf7a47d5c690320c7b9f98cbca182c7b78e1c32298110b,,
1.0,G01-260204-144935-009,G01-260204-144935-009.bmp,G01,2026-02-04T14:49:35,2026-02-04,G01_2026-02-04,9,test,normal,,1025,1281,1,afe823c01b7a14352914d7a84afc1d006c874c84985c95d889f8749026b30563,,
1.0,G01-260204-144959-010,G01-260204-144959-010.bmp,G01,2026-02-04T14:49:59,2026-02-04,G01_2026-02-04,10,test,normal,,1025,1281,1,7ea3cc41b6035174e51f7af2ea158e8cc23566588c9413f2207d431d5b585b8a,,
1.0,G01-260204-145005-011,G01-260204-145005-011.bmp,G01,2026-02-04T14:50:05,2026-02-04,G01_2026-02-04,11,test,normal,,1025,1281,1,e9f24e0230f40414aa8dfed7fdefe381e67f92f7cabdd90bb50de8a8fec0171d,,
1.0,G01-260204-145030-012,G01-260204-145030-012.bmp,G01,2026-02-04T14:50:30,2026-02-04,G01_2026-02-04,12,test,normal,,1025,1281,1,c976bdcbbc0ad72b6a00ca51fd17811ae500532a57e13e20a8f19fe6b45aa5e5,,
1.0,G01-260204-145037-013,G01-260204-145037-013.bmp,G01,2026-02-04T14:50:37,2026-02-04,G01_2026-02-04,13,test,normal,,1025,1281,1,f94b79d83c8a56eb89d275fb91727d47696c4eae3e6eb162d27ec02bc0005269,,
1.0,G01-260204-145059-014,G01-260204-145059-014.bmp,G01,2026-02-04T14:50:59,2026-02-04,G01_2026-02-04,14,test,normal,,1025,1281,1,a28cbaf9fb6c81bbe02e4b5dc002a714039512dbd4539a51635e19e8bbd904c5,,
1.0,G01-260204-145105-015,G01-260204-145105-015.bmp,G01,2026-02-04T14:51:05,2026-02-04,G01_2026-02-04,15,test,normal,,1025,1281,1,49b82aa0323a673051bc39b9eb1e195a31489ee8e62e38e9d04697184beecccb,,
1.0,G01-260204-145129-016,G01-260204-145129-016.bmp,G01,2026-02-04T14:51:29,2026-02-04,G01_2026-02-04,16,test,normal,,1025,1281,1,bae4bc147206bace555e2a676a48227ab6d5e67a426f51451779fd4e0efad432,,
1.0,G01-260204-145136-017,G01-260204-145136-017.bmp,G01,2026-02-04T14:51:36,2026-02-04,G01_2026-02-04,17,test,normal,,1025,1281,1,408254ad616c4ad98596d5bd47cafb70a596482807082dcf611a432f73dc33e0,,
1.0,G01-260204-145159-018,G01-260204-145159-018.bmp,G01,2026-02-04T14:51:59,2026-02-04,G01_2026-02-04,18,test,normal,,1025,1281,1,d01f7b3d1ab47d9e3e073ae7330b5f920cfe8d8e89fca4cc06e054fe90d2e930,,
1.0,G01-260204-145206-019,G01-260204-145206-019.bmp,G01,2026-02-04T14:52:06,2026-02-04,G01_2026-02-04,19,test,normal,,1025,1281,1,76f5466674e11eb681f5ce748658ec224844eb77747b25b7860d96af91d1da41,,
1.0,G01-260204-145229-020,G01-260204-145229-020.bmp,G01,2026-02-04T14:52:29,2026-02-04,G01_2026-02-04,20,test,normal,,1025,1281,1,7456e17e23b12e84939ce200be02a79763a9e8590466df882decda458e6de56b,,
1.0,G01-260204-145236-021,G01-260204-145236-021.bmp,G01,2026-02-04T14:52:36,2026-02-04,G01_2026-02-04,21,test,normal,,1025,1281,1,a3947a6b3ed172dacd4b004eb723e2e7ba2f50136f5efa48f8e262eaf2f4d674,,
1.0,G01-260204-145259-022,G01-260204-145259-022.bmp,G01,2026-02-04T14:52:59,2026-02-04,G01_2026-02-04,22,test,normal,,1025,1281,1,3ce9143983a05aec7232b68dc2d66252c178b77fce1a92d4aaf1f90fe4bbdb13,,
1.0,G01-260204-145309-023,G01-260204-145309-023.bmp,G01,2026-02-04T14:53:09,2026-02-04,G01_2026-02-04,23,test,normal,,1025,1281,1,72ec774f1cbf5198dc943bd4dfc28c2abc24cd7ff2c39a40c77880edf6bdeb13,,
1.0,G01-260204-145329-024,G01-260204-145329-024.bmp,G01,2026-02-04T14:53:29,2026-02-04,G01_2026-02-04,24,test,normal,,1025,1281,1,cabe90243f6ff1ee619d579ecf78f41a83e823ed86d9a5920db46283e17900a6,,
1.0,G01-260204-145336-025,G01-260204-145336-025.bmp,G01,2026-02-04T14:53:36,2026-02-04,G01_2026-02-04,25,test,normal,,1025,1281,1,50a4c838b50517e07c32d3e4d1a0386f9d8bd6871c9e417ba06aa5848f31532b,,
1.0,G01-260204-145400-026,G01-260204-145400-026.bmp,G01,2026-02-04T14:54:00,2026-02-04,G01_2026-02-04,26,test,normal,,1025,1281,1,24d457296ebad002a14188e1148c25a80ce47ed0f44299662c35250d64854bec,,
1.0,G01-260204-145407-027,G01-260204-145407-027.bmp,G01,2026-02-04T14:54:07,2026-02-04,G01_2026-02-04,27,test,normal,,1025,1281,1,7442ca1294fce3ff7daeb32c7b46750b6509d9bfc93d409e9695d06de6e52e9a,,
1.0,G01-260204-145431-028,G01-260204-145431-028.bmp,G01,2026-02-04T14:54:31,2026-02-04,G01_2026-02-04,28,test,normal,,1025,1281,1,b995b03cd21f3b879113be76e9285b41c6547331aecdb579645cb664c7603c82,,
1.0,G01-260204-145438-029,G01-260204-145438-029.bmp,G01,2026-02-04T14:54:38,2026-02-04,G01_2026-02-04,29,test,normal,,1025,1281,1,884fa484f436028825dba06343adc39b61dcd6434bd4df40d7aa7226a1768b6a,,
1.0,G01-260204-145500-030,G01-260204-145500-030.bmp,G01,2026-02-04T14:55:00,2026-02-04,G01_2026-02-04,30,test,normal,,1025,1281,1,ce7a31811c394830e3cac22efcc4774af9b40a9d17482a6acad81631d19bac5f,,
1.0,G01-260204-145506-031,G01-260204-145506-031.bmp,G01,2026-02-04T14:55:06,2026-02-04,G01_2026-02-04,31,test,normal,,1025,1281,1,6b0a695416f2e4a6400fd6bdd66456ad7dd65329873039fd9c8d7b08143f7e9a,,
1.0,G01-260204-145530-032,G01-260204-145530-032.bmp,G01,2026-02-04T14:55:30,2026-02-04,G01_2026-02-04,32,test,normal,,1025,1281,1,1495c555c60a5bebf20a646d30a7efdbbba8c533e81c5e5ea4d5fbc62ae1de9b,,
1.0,G01-260204-145537-033,G01-260204-145537-033.bmp,G01,2026-02-04T14:55:37,2026-02-04,G01_2026-02-04,33,test,normal,,1025,1281,1,9a9c95c0331cabba806494c89d66b5a0afee7bb7e63d72f5d009afe10edc3d73,,
1.0,G01-260204-145559-034,G01-260204-145559-034.bmp,G01,2026-02-04T14:55:59,2026-02-04,G01_2026-02-04,34,test,normal,,1025,1281,1,b2a52cfe0caefb78c90e0bee9e3427c227bee6c0174621270f4a30e508e07f33,,
1.0,G01-260204-145606-035,G01-260204-145606-035.bmp,G01,2026-02-04T14:56:06,2026-02-04,G01_2026-02-04,35,test,normal,,1025,1281,1,2a7637a5d4f8db0f728d5af9502af57a86c7195773de905ac3a6eb4255e72fbd,,
1.0,G01-260204-145630-036,G01-260204-145630-036.bmp,G01,2026-02-04T14:56:30,2026-02-04,G01_2026-02-04,36,test,normal,,1025,1281,1,f4c6a337905c19812f2f1a7dc8826ed1529f11aae3970d564f1a15712cd967a2,,
1.0,G01-260204-145638-037,G01-260204-145638-037.bmp,G01,2026-02-04T14:56:38,2026-02-04,G01_2026-02-04,37,test,normal,,1025,1281,1,c6d13a45b2f064f7cab090cfcd53ba92a24640e9e1b4812eacf1059aa0e37773,,
1.0,G01-260204-145700-038,G01-260204-145700-038.bmp,G01,2026-02-04T14:57:00,2026-02-04,G01_2026-02-04,38,test,normal,,1025,1281,1,298dce0547fc32aee7b3b9cf851ede0440f98b4e459678674b91017ebc0f56d2,,
1.0,G01-260204-145707-039,G01-260204-145707-039.bmp,G01,2026-02-04T14:57:07,2026-02-04,G01_2026-02-04,39,test,normal,,1025,1281,1,8fce4e56c3037ea6191b8895a201f36f8ec62fe294408d510048ced6a0a4e4c9,,
1.0,G01-260204-145729-040,G01-260204-145729-040.bmp,G01,2026-02-04T14:57:29,2026-02-04,G01_2026-02-04,40,test,normal,,1025,1281,1,134abb71f04387d62131dcfc8357f61842176cdcb021930c6e34e9f7559305ad,,
1.0,G01-260204-145737-041,G01-260204-145737-041.bmp,G01,2026-02-04T14:57:37,2026-02-04,G01_2026-02-04,41,test,normal,,1025,1281,1,1f202621212c6f322966b63c01b765aba44f687a163b4caa57c495bf502709df,,
1.0,G01-260204-145801-042,G01-260204-145801-042.bmp,G01,2026-02-04T14:58:01,2026-02-04,G01_2026-02-04,42,test,normal,,1025,1281,1,15b3f3044a1e00654e05353685548b5907dc2c8a9a3ee4cc355cdd7a355523c6,,
1.0,G01-260204-145808-043,G01-260204-145808-043.bmp,G01,2026-02-04T14:58:08,2026-02-04,G01_2026-02-04,43,test,normal,,1025,1281,1,3e7eddef1d4aa5554da7045924c6214fb9861880313ff9b8f33f33cebe6435c7,,
1.0,G01-260204-145831-044,G01-260204-145831-044.bmp,G01,2026-02-04T14:58:31,2026-02-04,G01_2026-02-04,44,test,normal,,1025,1281,1,eab33cd2ad2df6dab42c42b36c8732ecdd005bdbaf64d8b828b2a916a2aab899,,
1.0,G01-260204-145838-045,G01-260204-145838-045.bmp,G01,2026-02-04T14:58:38,2026-02-04,G01_2026-02-04,45,test,normal,,1025,1281,1,c9fc9d73e5ab8cc15d2fb79879d736c5cb3f150ef6a8fa8e9ea01155f4cc7dd0,,
1.0,G01-260204-145902-046,G01-260204-145902-046.bmp,G01,2026-02-04T14:59:02,2026-02-04,G01_2026-02-04,46,test,normal,,1025,1281,1,769cc12abdaab4795f0c4c3c45fee82644a0eee1ca64853882911614c2c08e15,,
1.0,G01-260204-145909-047,G01-260204-145909-047.bmp,G01,2026-02-04T14:59:09,2026-02-04,G01_2026-02-04,47,test,normal,,1025,1281,1,43a58ccaaaf736d350818cfa8ad6690ae1a3248da2d11a7cf7b576076b2465fc,,
1.0,G01-260204-145932-048,G01-260204-145932-048.bmp,G01,2026-02-04T14:59:32,2026-02-04,G01_2026-02-04,48,test,normal,,1025,1281,1,365f19ce99235ac04fdc76af535a07b9521842c801212627a746218b78c31af1,,
1.0,G01-260204-145938-049,G01-260204-145938-049.bmp,G01,2026-02-04T14:59:38,2026-02-04,G01_2026-02-04,49,test,normal,,1025,1281,1,5dd6558649b26e713ac41de5780ec99dd2de7ccc5b6ffcf4e22ec69917a9e5e2,,
1.0,G01-260204-150001-050,G01-260204-150001-050.bmp,G01,2026-02-04T15:00:01,2026-02-04,G01_2026-02-04,50,test,normal,,1025,1281,1,8a59b927e2c97c0444af69721495b5eceae08bcf0bb0efee6b9808e9f0278aca,,
1.0,G01-260204-150010-051,G01-260204-150010-051.bmp,G01,2026-02-04T15:00:10,2026-02-04,G01_2026-02-04,51,test,normal,,1025,1281,1,ab7ee58484d4320cb0f73e7dd4c195b845b6e7b4203aad16b9b967c9b6d034f6,,
1.0,G01-260204-150032-052,G01-260204-150032-052.bmp,G01,2026-02-04T15:00:32,2026-02-04,G01_2026-02-04,52,test,normal,,1025,1281,1,84350e808158ce370afd40d73036f2b97e5ab7ad600ff545c09082bf6fe949e0,,
1.0,G01-260204-150038-053,G01-260204-150038-053.bmp,G01,2026-02-04T15:00:38,2026-02-04,G01_2026-02-04,53,test,normal,,1025,1281,1,5b8e2b60ce98a2c399234cdf51488f4425f538168c346bbffcad483012c9fbd7,,
1.0,G01-260204-150101-054,G01-260204-150101-054.bmp,G01,2026-02-04T15:01:01,2026-02-04,G01_2026-02-04,54,test,normal,,1025,1281,1,12c00818bb75d4de36b5887f7736927b7ebb2d119cd0ff67e93f4d884719af28,,
1.0,G01-260204-150108-055,G01-260204-150108-055.bmp,G01,2026-02-04T15:01:08,2026-02-04,G01_2026-02-04,55,test,normal,,1025,1281,1,8e7aaf4e663f97e3e03df0d7530c2ae76aa343c6518a7f91a8057b8abf60fcde,,
1.0,G01-260204-150132-056,G01-260204-150132-056.bmp,G01,2026-02-04T15:01:32,2026-02-04,G01_2026-02-04,56,test,normal,,1025,1281,1,ae2ccee46cdfc0127baa61a7d44bf8b5dae95da89539e2b9f292c7d18fadbbc8,,
1.0,G01-260204-150139-057,G01-260204-150139-057.bmp,G01,2026-02-04T15:01:39,2026-02-04,G01_2026-02-04,57,test,normal,,1025,1281,1,11fe5058291d752e9721cb27560a9b61f31e7ba1aafc1204afab9a626ec39a6d,,
1.0,G01-260204-150202-058,G01-260204-150202-058.bmp,G01,2026-02-04T15:02:02,2026-02-04,G01_2026-02-04,58,test,normal,,1025,1281,1,6c3ad8d95b0e320f01201355ee8a09da0aab017a8d118fac636df66f1f202775,,
1.0,G01-260204-150209-059,G01-260204-150209-059.bmp,G01,2026-02-04T15:02:09,2026-02-04,G01_2026-02-04,59,test,normal,,1025,1281,1,da3d520b4f1dba13ec711245594f5ce042de2f18cef81d8e4b52307ff67855f3,,
1.0,G01-260204-150232-060,G01-260204-150232-060.bmp,G01,2026-02-04T15:02:32,2026-02-04,G01_2026-02-04,60,test,normal,,1025,1281,1,ff8647975f7c5fc9a4340b095ddf48ad25fa80dc2d66dd77d81e76ef51e3201f,,
1.0,G01-260204-150238-061,G01-260204-150238-061.bmp,G01,2026-02-04T15:02:38,2026-02-04,G01_2026-02-04,61,test,normal,,1025,1281,1,95321340966446ceaec959066c902a3023d828338c87e5a31750c70666733c4c,,
1.0,G01-260204-150303-062,G01-260204-150303-062.bmp,G01,2026-02-04T15:03:03,2026-02-04,G01_2026-02-04,62,test,normal,,1025,1281,1,6e77fd838be507917f58947618e828d468baf4ffc6391583c8a18064e227b083,,
1.0,G01-260204-150309-063,G01-260204-150309-063.bmp,G01,2026-02-04T15:03:09,2026-02-04,G01_2026-02-04,63,test,normal,,1025,1281,1,14564651c13282b62e62a61435081376c9b3cd77771af748ce1117321b3af10b,,
1.0,G01-260204-150332-064,G01-260204-150332-064.bmp,G01,2026-02-04T15:03:32,2026-02-04,G01_2026-02-04,64,test,normal,,1025,1281,1,3fed26569e5938925fb90366907de4a40cc1910ad253bb4bc7e601acfe791d3e,,
1.0,G01-260204-150339-065,G01-260204-150339-065.bmp,G01,2026-02-04T15:03:39,2026-02-04,G01_2026-02-04,65,test,normal,,1025,1281,1,9b08d0433813f629a4e4f3c44a7f74d264382879b259837c7f786006aa429a3d,,
1.0,G01-260204-150402-066,G01-260204-150402-066.bmp,G01,2026-02-04T15:04:02,2026-02-04,G01_2026-02-04,66,test,normal,,1025,1281,1,1b325b546bbd3f7d01edf4d4782e1b3d2311bfde0e2eee655ab62e5ce768c663,,
1.0,G01-260204-150409-067,G01-260204-150409-067.bmp,G01,2026-02-04T15:04:09,2026-02-04,G01_2026-02-04,67,test,normal,,1025,1281,1,38b38ab849d2b6bae84bd3f65930c382ca9937931e5479046677082f10494f62,,
1.0,G01-260204-150433-068,G01-260204-150433-068.bmp,G01,2026-02-04T15:04:33,2026-02-04,G01_2026-02-04,68,test,normal,,1025,1281,1,5ebb98543485e935a1bfd02696730792f6f3486690964af2e6aa382097393758,,
1.0,G01-260204-150440-069,G01-260204-150440-069.bmp,G01,2026-02-04T15:04:40,2026-02-04,G01_2026-02-04,69,test,normal,,1025,1281,1,4c0d2904f1207e839061bb6b657d7f661c456e8f1bff81379e18e6b7a39643a1,,
1.0,G01-260204-150503-070,G01-260204-150503-070.bmp,G01,2026-02-04T15:05:03,2026-02-04,G01_2026-02-04,70,test,normal,,1025,1281,1,77194f505b34c36206a394e8409002cc20c0eb3d8d285242e24beba233107d95,,
1.0,G01-260204-150510-071,G01-260204-150510-071.bmp,G01,2026-02-04T15:05:10,2026-02-04,G01_2026-02-04,71,test,normal,,1025,1281,1,a91d8b4bc3d6d5e7494818d4e29a6e5186cb5730bcd23023c2beec233ba65a34,,
1.0,G01-260204-150534-072,G01-260204-150534-072.bmp,G01,2026-02-04T15:05:34,2026-02-04,G01_2026-02-04,72,test,normal,,1025,1281,1,53b9962db0cf82a3ca4aa6c9c865a43d5295833517146bba379a75603eedea2f,,
1.0,G01-260204-150540-073,G01-260204-150540-073.bmp,G01,2026-02-04T15:05:40,2026-02-04,G01_2026-02-04,73,test,normal,,1025,1281,1,b465d99e933a1d5111eeaf14091229cd935aa8eb9fb83382911d277c43daec85,,
1.0,G01-260204-150603-074,G01-260204-150603-074.bmp,G01,2026-02-04T15:06:03,2026-02-04,G01_2026-02-04,74,test,normal,,1025,1281,1,183dfba73bd75439bd03d9b4b9be73dd86f770456a44e47a5a5ee85e1036c380,,
1.0,G01-260204-150610-075,G01-260204-150610-075.bmp,G01,2026-02-04T15:06:10,2026-02-04,G01_2026-02-04,75,test,normal,,1025,1281,1,f5f5cf23a251851ba06b43f81f09a4662a7ab24a554ad98b3bc01b39fdf720f1,,
1.0,G01-260204-150633-076,G01-260204-150633-076.bmp,G01,2026-02-04T15:06:33,2026-02-04,G01_2026-02-04,76,test,normal,,1025,1281,1,c08e8b3f233386f87dbbb1d05c2b9d8214fd9786562017539ed0b0f91835caca,,
1.0,G01-260204-150703-077,G01-260204-150703-077.bmp,G01,2026-02-04T15:07:03,2026-02-04,G01_2026-02-04,77,test,normal,,1025,1281,1,223a88c5c25d292b277af452d8cd23267b9e950e4ba8ba36aa07a5be3c0b3f81,,
1.0,G01-260204-150710-078,G01-260204-150710-078.bmp,G01,2026-02-04T15:07:10,2026-02-04,G01_2026-02-04,78,test,normal,,1025,1281,1,85e6f309bafc687885f16082c447b79e6e646290b1ffa7e0b9515a3ff3d0f0d7,,
1.0,G01-260204-150734-079,G01-260204-150734-079.bmp,G01,2026-02-04T15:07:34,2026-02-04,G01_2026-02-04,79,test,normal,,1025,1281,1,15005d81c5d5df5d8cd7558d48a72e15f1aa83ba9b0e18e5c49b10ff4cf587d5,,
1.0,G01-260204-150741-080,G01-260204-150741-080.bmp,G01,2026-02-04T15:07:41,2026-02-04,G01_2026-02-04,80,test,normal,,1025,1281,1,3fe5872645447d67c2e33ebf490251dc54feb106e237c402b1229ea632fabe28,,
1.0,G01-260204-150804-081,G01-260204-150804-081.bmp,G01,2026-02-04T15:08:04,2026-02-04,G01_2026-02-04,81,test,normal,,1025,1281,1,aa5589afc3ff58d46d57c1672945196ee45e288d23ae9e07d705ff4c9720e849,,
1.0,G01-260204-150810-082,G01-260204-150810-082.bmp,G01,2026-02-04T15:08:10,2026-02-04,G01_2026-02-04,82,test,normal,,1025,1281,1,8681b7218d15a7af5f894f3e545a0fe24cdb246ce7d635a45818124fa686f5d2,,
1.0,G01-260204-150833-083,G01-260204-150833-083.bmp,G01,2026-02-04T15:08:33,2026-02-04,G01_2026-02-04,83,test,normal,,1025,1281,1,f6fcbc6926f0989139475e09571e7062e1d78eac116802fb4864cf129aa68fd8,,
1.0,G01-260204-150840-084,G01-260204-150840-084.bmp,G01,2026-02-04T15:08:40,2026-02-04,G01_2026-02-04,84,test,normal,,1025,1281,1,0b9f799c297636ce6e38f7791ba00892ffb8edb004fb02dfa340f0929cc59850,,
1.0,G01-260204-150903-085,G01-260204-150903-085.bmp,G01,2026-02-04T15:09:03,2026-02-04,G01_2026-02-04,85,test,normal,,1025,1281,1,22d9428c1532debfe953a9dcd4816bc606e3c9b93031d31d783d4812288abb7d,,
1.0,G01-260204-150910-086,G01-260204-150910-086.bmp,G01,2026-02-04T15:09:10,2026-02-04,G01_2026-02-04,86,test,normal,,1025,1281,1,a3074a1b44a046894715aad29d453c3b33c6dc49a15da484619c57eb48aca561,,
1.0,G01-260204-150934-087,G01-260204-150934-087.bmp,G01,2026-02-04T15:09:34,2026-02-04,G01_2026-02-04,87,test,normal,,1025,1281,1,8633623161d3caf8fba918370cd2d80c52e6467131997c7288b1e5494f654516,,
1.0,G01-260204-150941-088,G01-260204-150941-088.bmp,G01,2026-02-04T15:09:41,2026-02-04,G01_2026-02-04,88,test,normal,,1025,1281,1,782f2720e7c538905cee705e4f2c3f9a8a745cf804b33919128a3cf3ab4db107,,
1.0,G01-260204-151004-089,G01-260204-151004-089.bmp,G01,2026-02-04T15:10:04,2026-02-04,G01_2026-02-04,89,test,normal,,1025,1281,1,e126645a88e32fba702ac6c0403dfa1f8ada56833175e989342b4705fb94652c,,
1.0,G01-260204-151011-090,G01-260204-151011-090.bmp,G01,2026-02-04T15:10:11,2026-02-04,G01_2026-02-04,90,test,normal,,1025,1281,1,a58a870bd6114be7405e2f99d7525d4b5fc01ceb6f4fb7e57df28a38dc293f68,,
1.0,G01-260204-151034-091,G01-260204-151034-091.bmp,G01,2026-02-04T15:10:34,2026-02-04,G01_2026-02-04,91,test,normal,,1025,1281,1,96497db3b1a207c09c8659c50113e60dd22989cc600761d47f70910383096a4e,,
1.0,G01-260204-151041-092,G01-260204-151041-092.bmp,G01,2026-02-04T15:10:41,2026-02-04,G01_2026-02-04,92,test,normal,,1025,1281,1,813bd658b1bdd3762a55931c079b88c1923d5df420455a4727fe66968263d96e,,
1.0,G01-260204-151105-093,G01-260204-151105-093.bmp,G01,2026-02-04T15:11:05,2026-02-04,G01_2026-02-04,93,test,normal,,1025,1281,1,c5875aa3845e0045da78af99a6424cfaf6062e981c7e457105b28872c19360bf,,
1.0,G01-260204-151111-094,G01-260204-151111-094.bmp,G01,2026-02-04T15:11:11,2026-02-04,G01_2026-02-04,94,test,normal,,1025,1281,1,0c578b0a87dba63d6444042034b452c0097e78e32ed6471324d46a1f5cc9b2b3,,
1.0,G01-260204-151134-095,G01-260204-151134-095.bmp,G01,2026-02-04T15:11:34,2026-02-04,G01_2026-02-04,95,test,normal,,1025,1281,1,8c8c90fe7e26558f3378a3479a6c785d5baae7182e1ee5b819f222f3aee6bd28,,
1.0,G01-260204-151140-096,G01-260204-151140-096.bmp,G01,2026-02-04T15:11:40,2026-02-04,G01_2026-02-04,96,test,normal,,1025,1281,1,be314a11506dde506cd8c1c5a6a00864e112df2af97cef1781d2ce5926868935,,
1.0,G01-260204-151205-097,G01-260204-151205-097.bmp,G01,2026-02-04T15:12:05,2026-02-04,G01_2026-02-04,97,test,normal,,1025,1281,1,3aa8ea83ab6b5ba823475ebc96792ad0e73e372f65d0348d8d85fe0acbcac163,,
1.0,G01-260204-151212-098,G01-260204-151212-098.bmp,G01,2026-02-04T15:12:12,2026-02-04,G01_2026-02-04,98,test,normal,,1025,1281,1,1758d980740e883d3b6a9225795569e0bbe630492d06f31b5a4a32bf42c784f0,,
1.0,G01-260204-151236-099,G01-260204-151236-099.bmp,G01,2026-02-04T15:12:36,2026-02-04,G01_2026-02-04,99,test,normal,,1025,1281,1,4265a050ef04520cfffa520f0bf1e51ed527957cf688dbf27fa2eaeb8c08ea56,,
1.0,G01-260204-151243-100,G01-260204-151243-100.bmp,G01,2026-02-04T15:12:43,2026-02-04,G01_2026-02-04,100,test,normal,,1025,1281,1,f551af90cb87a238641631be5d8066a6aa40287af2335d68a48b59162e712a01,,
1.0,G01-260204-151304-101,G01-260204-151304-101.bmp,G01,2026-02-04T15:13:04,2026-02-04,G01_2026-02-04,101,test,normal,,1025,1281,1,f52384e299debacd03d44be1e56605c4a9206bc15fe4d823fa672868fe941e99,,
1.0,G01-260204-151311-102,G01-260204-151311-102.bmp,G01,2026-02-04T15:13:11,2026-02-04,G01_2026-02-04,102,test,normal,,1025,1281,1,e72ca1728eb40bc1e0f2581e516c1446b6690f179b6b5b51cd27ffa1ea69f0c5,,
1.0,G01-260204-151336-103,G01-260204-151336-103.bmp,G01,2026-02-04T15:13:36,2026-02-04,G01_2026-02-04,103,test,normal,,1025,1281,1,e742c663ef82e5c647d54357a6c47601918cc4b512ece224ed386766d3e5e253,,
1.0,G01-260204-151343-104,G01-260204-151343-104.bmp,G01,2026-02-04T15:13:43,2026-02-04,G01_2026-02-04,104,test,normal,,1025,1281,1,66cacfb80ae090c190d3a06bd4197b388bc2782b0ec7d418d32c3f4012f11833,,
1.0,G01-260204-151406-105,G01-260204-151406-105.bmp,G01,2026-02-04T15:14:06,2026-02-04,G01_2026-02-04,105,test,normal,,1025,1281,1,ccf8df9af4b34ad088fb53906bb816a45d8ab6d671f4152100db6e7f548f115f,,
1.0,G01-260204-151413-106,G01-260204-151413-106.bmp,G01,2026-02-04T15:14:13,2026-02-04,G01_2026-02-04,106,test,normal,,1025,1281,1,04592b041cc9932adebad0f5c4884a395588b6b1805f35f3ce508e3dea979482,,
1.0,G01-260204-151436-107,G01-260204-151436-107.bmp,G01,2026-02-04T15:14:36,2026-02-04,G01_2026-02-04,107,test,normal,,1025,1281,1,d5b98b0ad0dd7335af0a4dc4efe96cab026e5e88eddd02a5da682738eacd3256,,
1.0,G01-260204-151442-108,G01-260204-151442-108.bmp,G01,2026-02-04T15:14:42,2026-02-04,G01_2026-02-04,108,test,normal,,1025,1281,1,a919da7234f46185b628c42a7767bc5ca1ab005a94e34aa71ed91d371d748503,,
1.0,G01-260204-151505-109,G01-260204-151505-109.bmp,G01,2026-02-04T15:15:05,2026-02-04,G01_2026-02-04,109,test,normal,,1025,1281,1,bdfea5f77280076c43badaee0392bbc529b70a4ab71a5c172f34c73f970fdcff,,
1.0,G01-260204-151511-110,G01-260204-151511-110.bmp,G01,2026-02-04T15:15:11,2026-02-04,G01_2026-02-04,110,test,normal,,1025,1281,1,47699cec2c498872179a0855fad447972629e92457e88fd585567225808d3749,,
1.0,G01-260204-151535-111,G01-260204-151535-111.bmp,G01,2026-02-04T15:15:35,2026-02-04,G01_2026-02-04,111,test,normal,,1025,1281,1,ce82fc6a8b3426be2d6a1212cfb9e350d2a7be0bd2692f49a62041108d2c579a,,
1.0,G01-260204-151542-112,G01-260204-151542-112.bmp,G01,2026-02-04T15:15:42,2026-02-04,G01_2026-02-04,112,test,normal,,1025,1281,1,2aefeaa743a5681f1f2252320012c8850ed6ea2f8d1821391a43eab7ffceaba3,,
1.0,G01-260204-151606-113,G01-260204-151606-113.bmp,G01,2026-02-04T15:16:06,2026-02-04,G01_2026-02-04,113,test,normal,,1025,1281,1,2e64d8c0bd6632733819fe15f425d5d7890e68e285d6fd82e4e59fae9232ad02,,
1.0,G01-260204-151613-114,G01-260204-151613-114.bmp,G01,2026-02-04T15:16:13,2026-02-04,G01_2026-02-04,114,test,normal,,1025,1281,1,160bee269692f17371bf9cb9e2f52e09ac4babd6bb478b836fe29b4aad6fb677,,
1.0,G01-260204-151637-115,G01-260204-151637-115.bmp,G01,2026-02-04T15:16:37,2026-02-04,G01_2026-02-04,115,test,normal,,1025,1281,1,993483cec043068e2d6345016ae96a8af559dad5cd8b13234d39196184478a32,,
1.0,G01-260204-151643-116,G01-260204-151643-116.bmp,G01,2026-02-04T15:16:43,2026-02-04,G01_2026-02-04,116,test,normal,,1025,1281,1,20359d849859acfe5ff3506dbe11ee21df19db85a05b18d6690bf65dab48dfd7,,
1.0,G01-260204-151706-117,G01-260204-151706-117.bmp,G01,2026-02-04T15:17:06,2026-02-04,G01_2026-02-04,117,test,normal,,1025,1281,1,7bd0d55c8c4949e00b60567f9b0ef2209b54e2337217f3dc1cc004899422e2f0,,
1.0,G01-260204-151712-118,G01-260204-151712-118.bmp,G01,2026-02-04T15:17:12,2026-02-04,G01_2026-02-04,118,test,normal,,1025,1281,1,2c4a5d3f2d9e21e02ebe7dd28fee2c7e3b8df6feb8091c3fed1f137d5b67f3f2,,
1.0,G01-260204-151736-119,G01-260204-151736-119.bmp,G01,2026-02-04T15:17:36,2026-02-04,G01_2026-02-04,119,test,normal,,1025,1281,1,5e7ba7182bf22e870f9a5d0e8ce366053f77a48a4436560edec50768482bdea5,,
1.0,G01-260204-151743-120,G01-260204-151743-120.bmp,G01,2026-02-04T15:17:43,2026-02-04,G01_2026-02-04,120,test,normal,,1025,1281,1,d60be59c8d5443b3caafca79ea5a2bbad4dbe45b69f4e966783837af221392bf,,
1.0,G01-260204-151807-121,G01-260204-151807-121.bmp,G01,2026-02-04T15:18:07,2026-02-04,G01_2026-02-04,121,test,normal,,1025,1281,1,5c0d4c398349c42680cdf4d25be39b580ed14d4518e15da683949d526bb73c2b,,
1.0,G01-260204-151814-122,G01-260204-151814-122.bmp,G01,2026-02-04T15:18:14,2026-02-04,G01_2026-02-04,122,test,normal,,1025,1281,1,8c56f9d8d6b59e1e4dc3c16ae3ab911d119a2e4ee05315e9c799b74de5d000f8,,
1.0,G01-260204-151838-123,G01-260204-151838-123.bmp,G01,2026-02-04T15:18:38,2026-02-04,G01_2026-02-04,123,test,normal,,1025,1281,1,c0e1564a1e25bf2d5e8717066761c7bd6e14135a7a1e6a1280905f82c8e66c10,,
1.0,G01-260204-151845-124,G01-260204-151845-124.bmp,G01,2026-02-04T15:18:45,2026-02-04,G01_2026-02-04,124,test,normal,,1025,1281,1,0881163655bfe3be4dfd581fdb12ae7f100003e20736dc310eb3e54dc70a0042,,
1.0,G01-260204-151906-125,G01-260204-151906-125.bmp,G01,2026-02-04T15:19:06,2026-02-04,G01_2026-02-04,125,test,normal,,1025,1281,1,90c638ad09696099a415175de9945ca1a79bd2f7c7164996ef1633f08783f612,,
1.0,G01-260204-151913-126,G01-260204-151913-126.bmp,G01,2026-02-04T15:19:13,2026-02-04,G01_2026-02-04,126,test,normal,,1025,1281,1,6e97f62016e8034510ffb696178e6d3647f74a4ce07ab233a669ec2af9f0664a,,
1.0,G01-260204-151936-127,G01-260204-151936-127.bmp,G01,2026-02-04T15:19:36,2026-02-04,G01_2026-02-04,127,test,normal,,1025,1281,1,8e14c2667cee53f40de7530f1781ced8ab4d531ecde7b44edadbd9d97443ce91,,
1.0,G01-260204-151945-128,G01-260204-151945-128.bmp,G01,2026-02-04T15:19:45,2026-02-04,G01_2026-02-04,128,test,normal,,1025,1281,1,43d5d211db63100c74f13a5a50b5390ba1ec4360bebc96703df9eb794b6a63c6,,
1.0,G01-260204-152006-129,G01-260204-152006-129.bmp,G01,2026-02-04T15:20:06,2026-02-04,G01_2026-02-04,129,test,normal,,1025,1281,1,cef08f57a76f65a577846de62cdb0953661b4b2e701343b7d412e50c0ea53969,,
1.0,G01-260204-152014-130,G01-260204-152014-130.bmp,G01,2026-02-04T15:20:14,2026-02-04,G01_2026-02-04,130,test,normal,,1025,1281,1,0e436bb3cea7953d458a07f2822162c3164edcbe7bdafe790853d8c82db85e60,,
1.0,G01-260204-152037-131,G01-260204-152037-131.bmp,G01,2026-02-04T15:20:37,2026-02-04,G01_2026-02-04,131,test,normal,,1025,1281,1,a542fb54000007682118cfbc57e4155eda1098d9054e58807ddcc3202810be55,,
1.0,G01-260204-152043-132,G01-260204-152043-132.bmp,G01,2026-02-04T15:20:43,2026-02-04,G01_2026-02-04,132,test,normal,,1025,1281,1,31114e9ed5f843daaf2a11393276f67cfce10e18117e12c75659b42ea79e9edf,,
1.0,G01-260204-152109-133,G01-260204-152109-133.bmp,G01,2026-02-04T15:21:09,2026-02-04,G01_2026-02-04,133,test,normal,,1025,1281,1,413e61fa06ed793eab6a926bfeccbc8d8e0599c8d15a64e781036b4f36245528,,
1.0,G01-260204-152115-134,G01-260204-152115-134.bmp,G01,2026-02-04T15:21:15,2026-02-04,G01_2026-02-04,134,test,normal,,1025,1281,1,997e5cd4fa4dbdac2326718e18490e8244b654e2577199152ba2b06d8ae64e0d,,
1.0,G01-260204-152137-135,G01-260204-152137-135.bmp,G01,2026-02-04T15:21:37,2026-02-04,G01_2026-02-04,135,test,normal,,1025,1281,1,91175d03e6b1b838d6821c329bfe34e75dfdb09e449a6ee3ee6e869b0a88fc88,,
1.0,G01-260204-152144-136,G01-260204-152144-136.bmp,G01,2026-02-04T15:21:44,2026-02-04,G01_2026-02-04,136,test,normal,,1025,1281,1,276ee54f3983ed00024809c5c841ddb70f3215b2f2938e46eaa809852e7374db,,
1.0,G01-260204-152208-137,G01-260204-152208-137.bmp,G01,2026-02-04T15:22:08,2026-02-04,G01_2026-02-04,137,test,normal,,1025,1281,1,0ba8c4d1fa80ee8b846c7aa8b720d0b37174d1fa779a707335a059e4fc5564aa,,
1.0,G01-260204-152214-138,G01-260204-152214-138.bmp,G01,2026-02-04T15:22:14,2026-02-04,G01_2026-02-04,138,test,normal,,1025,1281,1,a5dead61d00ed3f1ea54ec0232f79b2ecfccc2175ccf6d2b48474fe87dc30dc7,,
1.0,G01-260204-152238-139,G01-260204-152238-139.bmp,G01,2026-02-04T15:22:38,2026-02-04,G01_2026-02-04,139,test,normal,,1025,1281,1,75a46cb85d6515af6f871a859feb7e645f380af4f74dc00ad6bee8a0d5496456,,
1.0,G01-260204-152245-140,G01-260204-152245-140.bmp,G01,2026-02-04T15:22:45,2026-02-04,G01_2026-02-04,140,test,normal,,1025,1281,1,699aa168c2a1b7c49f68b4979617e33636e145f100e878d0c511a81eecef44a0,,
1.0,G01-260204-152308-141,G01-260204-152308-141.bmp,G01,2026-02-04T15:23:08,2026-02-04,G01_2026-02-04,141,test,normal,,1025,1281,1,d151406315bafb3283a10ddd1d233b4b1b3c547e951b7c93ff860b97189d4003,,
1.0,G01-260204-152314-142,G01-260204-152314-142.bmp,G01,2026-02-04T15:23:14,2026-02-04,G01_2026-02-04,142,test,normal,,1025,1281,1,0fc993c27660b75569a488e05dd659737af02832ef452c1ed023a57bc8542ef2,,
1.0,G01-260204-152337-143,G01-260204-152337-143.bmp,G01,2026-02-04T15:23:37,2026-02-04,G01_2026-02-04,143,test,normal,,1025,1281,1,d76a176ee4b6534a56330076557d4869f921714080be559211257784e27b5375,,
1.0,G01-260204-152344-144,G01-260204-152344-144.bmp,G01,2026-02-04T15:23:44,2026-02-04,G01_2026-02-04,144,test,normal,,1025,1281,1,0529564672e7d5f98a9d8b899282264ad50821dfcf546aa7f6c45368613d6d29,,
1.0,G01-260204-152407-145,G01-260204-152407-145.bmp,G01,2026-02-04T15:24:07,2026-02-04,G01_2026-02-04,145,test,normal,,1025,1281,1,fd5c21fc59d9ac2b659ade77758718dba2b534aaed96d3925b568f3ccafc48f4,,
1.0,G01-260204-152414-146,G01-260204-152414-146.bmp,G01,2026-02-04T15:24:14,2026-02-04,G01_2026-02-04,146,test,normal,,1025,1281,1,d02116fb557682b0b98d6c2e9dcfb85527b9218ad4b6cf503d6bcae56910bcfd,,
1.0,G01-260204-152437-147,G01-260204-152437-147.bmp,G01,2026-02-04T15:24:37,2026-02-04,G01_2026-02-04,147,test,normal,,1025,1281,1,9eecc44933e685cad09fcc0bac3ec20eee4115b5407265fef1e692229663fbf1,,
1.0,G01-260204-152444-148,G01-260204-152444-148.bmp,G01,2026-02-04T15:24:44,2026-02-04,G01_2026-02-04,148,test,normal,,1025,1281,1,2a740e563eca827346627589a63567718554bbe0b6d07ca065d365e376b1005d,,
1.0,G01-260204-152508-149,G01-260204-152508-149.bmp,G01,2026-02-04T15:25:08,2026-02-04,G01_2026-02-04,149,test,normal,,1025,1281,1,b882ce889209a4c8ab1fbe2985a69b7acd5d039b09270bf394fcf94e26359edc,,
1.0,G01-260204-152514-150,G01-260204-152514-150.bmp,G01,2026-02-04T15:25:14,2026-02-04,G01_2026-02-04,150,test,normal,,1025,1281,1,79392c481bf0b523a67c863ae14c01329da92213f82bd264b5575dd8d8d8938b,,
1.0,G01-260204-152539-151,G01-260204-152539-151.bmp,G01,2026-02-04T15:25:39,2026-02-04,G01_2026-02-04,151,test,normal,,1025,1281,1,d0030e27830bebc3b223c45736d794af6961ce5a7fadac82f3c3950b8ec39da4,,
1.0,G01-260204-152546-152,G01-260204-152546-152.bmp,G01,2026-02-04T15:25:46,2026-02-04,G01_2026-02-04,152,test,normal,,1025,1281,1,890941b3a9b0b61e98bb7484c420acfc5705489af77518f43c50d3769e23affe,,
1.0,G01-260204-152609-153,G01-260204-152609-153.bmp,G01,2026-02-04T15:26:09,2026-02-04,G01_2026-02-04,153,test,normal,,1025,1281,1,1ecb6c5d25520ed489168ee637c30ada40b4231dcad2ce60a59f63af39a87e0a,,
1.0,G01-260204-152616-154,G01-260204-152616-154.bmp,G01,2026-02-04T15:26:16,2026-02-04,G01_2026-02-04,154,test,normal,,1025,1281,1,118eb726e7a9cd11fb3d62fda792c3c834920ad4d31e4fbd643c9e8155e41737,,
1.0,G01-260204-152638-155,G01-260204-152638-155.bmp,G01,2026-02-04T15:26:38,2026-02-04,G01_2026-02-04,155,test,normal,,1025,1281,1,c99039567510e926fd1e6c828a2c4183e34d9767f074600d3355887ed8c66cc7,,
1.0,G01-260204-152645-156,G01-260204-152645-156.bmp,G01,2026-02-04T15:26:45,2026-02-04,G01_2026-02-04,156,test,normal,,1025,1281,1,cc6266234858333d23fbf50df9d29b459c1dd0339ad0be730fcd82329d81e09e,,
1.0,G01-260204-152710-157,G01-260204-152710-157.bmp,G01,2026-02-04T15:27:10,2026-02-04,G01_2026-02-04,157,test,normal,,1025,1281,1,5675578835ed1b9727b70a4f5d7df75ea8dc48c12d0359bbeed11137d4a8840f,,
1.0,G01-260204-152717-158,G01-260204-152717-158.bmp,G01,2026-02-04T15:27:17,2026-02-04,G01_2026-02-04,158,test,normal,,1025,1281,1,b56aaaac319c14ff4cc10cea8a0cb42bd7d4f03982225b7a38b5fd212def41bd,,
1.0,G01-260204-152738-159,G01-260204-152738-159.bmp,G01,2026-02-04T15:27:38,2026-02-04,G01_2026-02-04,159,test,normal,,1025,1281,1,96c9309dbb109c0e04d566316c379dbe8c757b37986ded49cc1f0379366dc9ed,,
1.0,G01-260204-152745-160,G01-260204-152745-160.bmp,G01,2026-02-04T15:27:45,2026-02-04,G01_2026-02-04,160,test,normal,,1025,1281,1,1be47518e45e775df14b7659bccbe5db6abe19bba42dcaf14e3a4b028098384c,,
1.0,G01-260204-152808-161,G01-260204-152808-161.bmp,G01,2026-02-04T15:28:08,2026-02-04,G01_2026-02-04,161,test,normal,,1025,1281,1,5539e1c91e100861a5490624edad66c0bdf2b1364f8082ae78c02fae6ba6385a,,
1.0,G01-260204-152815-162,G01-260204-152815-162.bmp,G01,2026-02-04T15:28:15,2026-02-04,G01_2026-02-04,162,test,normal,,1025,1281,1,b4776f6126a92ce2e6a3e1f3d78ba2b044cbee484d593d37e66e529e712aed81,,
1.0,G01-260204-152839-163,G01-260204-152839-163.bmp,G01,2026-02-04T15:28:39,2026-02-04,G01_2026-02-04,163,test,normal,,1025,1281,1,46d93d90f2397bb342496e8e99dbe36b7f7f13b8d6bca54113a1373e0c178316,,
1.0,G01-260204-152846-164,G01-260204-152846-164.bmp,G01,2026-02-04T15:28:46,2026-02-04,G01_2026-02-04,164,test,normal,,1025,1281,1,5a35a0658f51066a4dc82be68aa2eba2f92d5962be567cdbd0dc1b680d0d6f23,,
1.0,G01-260204-152908-165,G01-260204-152908-165.bmp,G01,2026-02-04T15:29:08,2026-02-04,G01_2026-02-04,165,test,normal,,1025,1281,1,9f2257082dfff8d89c488e7c28072c266affe7a8ff7478c6fb1bb4887973ecfe,,
1.0,G01-260204-152915-166,G01-260204-152915-166.bmp,G01,2026-02-04T15:29:15,2026-02-04,G01_2026-02-04,166,test,normal,,1025,1281,1,8ff2b505eabb2af258d83f428159e006054d285631b50046d30ee3bf031bb8d8,,
1.0,G01-260204-152939-167,G01-260204-152939-167.bmp,G01,2026-02-04T15:29:39,2026-02-04,G01_2026-02-04,167,test,normal,,1025,1281,1,ee68e60fbf11214f2d48ba82ec89392418511b9419d6bc46c76080aa54d57d52,,
1.0,G01-260204-152947-168,G01-260204-152947-168.bmp,G01,2026-02-04T15:29:47,2026-02-04,G01_2026-02-04,168,test,normal,,1025,1281,1,39af7361a3c9dba2f1b862961d58014e69b0ed83be72df60fc73a3ae876b490d,,
1.0,G01-260204-153009-169,G01-260204-153009-169.bmp,G01,2026-02-04T15:30:09,2026-02-04,G01_2026-02-04,169,test,normal,,1025,1281,1,d4a9245dd42e189806d7a50bb6696492b17138ee540a5a7f81633d6ecbd4de76,,
1.0,G01-260204-153016-170,G01-260204-153016-170.bmp,G01,2026-02-04T15:30:16,2026-02-04,G01_2026-02-04,170,test,normal,,1025,1281,1,7b28ec0333aa3c6771720d33c92f90e2c29e9e3835598d453d1ef81651e236be,,
1.0,G01-260204-153041-171,G01-260204-153041-171.bmp,G01,2026-02-04T15:30:41,2026-02-04,G01_2026-02-04,171,test,normal,,1025,1281,1,d2dfba2014ad92cff2b6c73d57e1c1f1b26e3482e433726610d741becd37d418,,
1.0,G01-260204-153048-172,G01-260204-153048-172.bmp,G01,2026-02-04T15:30:48,2026-02-04,G01_2026-02-04,172,test,normal,,1025,1281,1,4551c8cf6805b6308f9958369fb4fd55a79fb3139b031733a2f20a059df57e58,,
1.0,G01-260204-153109-173,G01-260204-153109-173.bmp,G01,2026-02-04T15:31:09,2026-02-04,G01_2026-02-04,173,test,normal,,1025,1281,1,b260b2d9b3b2cfe9efe5564499443f012f3128998bda83dd2520fa94d9a15ff0,,
1.0,G01-260204-153116-174,G01-260204-153116-174.bmp,G01,2026-02-04T15:31:16,2026-02-04,G01_2026-02-04,174,test,normal,,1025,1281,1,8f3fe57e1a2bcb4132e2cd8205c927094aec3822d5e531d0f1f7c7fc9e800cd5,,
1.0,G01-260204-153141-175,G01-260204-153141-175.bmp,G01,2026-02-04T15:31:41,2026-02-04,G01_2026-02-04,175,test,normal,,1025,1281,1,b5c425572e54b2daee0aed55b1c4808a025549ef76ad94b69c9320b517f4013e,,
1.0,G01-260204-153149-176,G01-260204-153149-176.bmp,G01,2026-02-04T15:31:49,2026-02-04,G01_2026-02-04,176,test,normal,,1025,1281,1,cb04442881142e468c24c1ff5d20a437b955148eed1fea199518ce0d3d3276e5,,
1.0,G01-260204-153210-177,G01-260204-153210-177.bmp,G01,2026-02-04T15:32:10,2026-02-04,G01_2026-02-04,177,test,normal,,1025,1281,1,1040b5812e1da1edf714c97798fcdc0b5fbbb15519c631103bd635176117d1d2,,
1.0,G01-260204-153217-178,G01-260204-153217-178.bmp,G01,2026-02-04T15:32:17,2026-02-04,G01_2026-02-04,178,test,normal,,1025,1281,1,3daf6943910ae4d16fd4840d1f11df34d0d43624ed04d0bf08b1f74f86aeffb4,,
1.0,G01-260204-153240-179,G01-260204-153240-179.bmp,G01,2026-02-04T15:32:40,2026-02-04,G01_2026-02-04,179,test,normal,,1025,1281,1,bdfaa5effa91d018ff5982ba3d639b701ef822e6c6118ccb34814e55931ca5e6,,
1.0,G01-260204-153248-180,G01-260204-153248-180.bmp,G01,2026-02-04T15:32:48,2026-02-04,G01_2026-02-04,180,test,normal,,1025,1281,1,3fa97be046a55af7440dff4fe561491517e1d14884d63194351518ed21632c5f,,
1.0,G01-260204-153310-181,G01-260204-153310-181.bmp,G01,2026-02-04T15:33:10,2026-02-04,G01_2026-02-04,181,test,normal,,1025,1281,1,57869481127ddfdb1bc0252820ac4034d3868e02a4789f180b746a91d0bbefe3,,
1.0,G01-260204-153317-182,G01-260204-153317-182.bmp,G01,2026-02-04T15:33:17,2026-02-04,G01_2026-02-04,182,test,normal,,1025,1281,1,f186566bba836811bdddde6f2b2fad4a7750e905ea783d1391bdd910085a57a7,,
1.0,G01-260204-153341-183,G01-260204-153341-183.bmp,G01,2026-02-04T15:33:41,2026-02-04,G01_2026-02-04,183,test,normal,,1025,1281,1,d1eb5eff7833e4fb29c3aefc6badaf85d1e9b1b3a4ae3c6acb78086fa1fed558,,
1.0,G01-260204-153347-184,G01-260204-153347-184.bmp,G01,2026-02-04T15:33:47,2026-02-04,G01_2026-02-04,184,test,normal,,1025,1281,1,7d1a3149d75a227a5d9d580460a378be52249244ee5d46a46e6e23c53c71ef8a,,
1.0,G01-260204-153410-185,G01-260204-153410-185.bmp,G01,2026-02-04T15:34:10,2026-02-04,G01_2026-02-04,185,test,normal,,1025,1281,1,0cbd77d17251f46075007408cbff4f8a892d2b696583e022d3d27a09c685d565,,
1.0,G01-260204-153417-186,G01-260204-153417-186.bmp,G01,2026-02-04T15:34:17,2026-02-04,G01_2026-02-04,186,test,normal,,1025,1281,1,5caaa88d0be9d93af41682dead21a771a10a18bb4dc9bbba6e00e73e763a3b50,,
1.0,G01-260204-153441-187,G01-260204-153441-187.bmp,G01,2026-02-04T15:34:41,2026-02-04,G01_2026-02-04,187,test,normal,,1025,1281,1,9b881e5d3e5ddfebc0313c3e3e98788b6f21f681234763aa43fff7962666a621,,
1.0,G01-260204-153447-188,G01-260204-153447-188.bmp,G01,2026-02-04T15:34:47,2026-02-04,G01_2026-02-04,188,test,normal,,1025,1281,1,2d617e99ee4303e10b2ec0d297817c67f673baeb07ccee2a08433f740cffb107,,
1.0,G01-260204-153511-189,G01-260204-153511-189.bmp,G01,2026-02-04T15:35:11,2026-02-04,G01_2026-02-04,189,test,normal,,1025,1281,1,5cf95c43a7d1485711e98eaeabe868d82326a6468d1d65da74d193403a570b0e,,
1.0,G01-260204-153517-190,G01-260204-153517-190.bmp,G01,2026-02-04T15:35:17,2026-02-04,G01_2026-02-04,190,test,normal,,1025,1281,1,82c479b2b704aba117098dcde832f4bbd940725f5246e4977ecc03d527c12c1f,,
1.0,G01-260204-153540-191,G01-260204-153540-191.bmp,G01,2026-02-04T15:35:40,2026-02-04,G01_2026-02-04,191,test,normal,,1025,1281,1,17cd360c035064ca35e3d40eb3d378464d600cf4163448729ca0d04265611811,,
1.0,G01-260204-153547-192,G01-260204-153547-192.bmp,G01,2026-02-04T15:35:47,2026-02-04,G01_2026-02-04,192,test,normal,,1025,1281,1,05951b98006b3ad9c293a953f0067e9781c9b36352a0990467c41934ad32f16d,,
1.0,G01-260204-153610-193,G01-260204-153610-193.bmp,G01,2026-02-04T15:36:10,2026-02-04,G01_2026-02-04,193,test,normal,,1025,1281,1,38fbc0d01a1319c85cbb4adba0feacdd16b766d3e06c44afd0bf6e8b7c1edc04,,
1.0,G01-260204-153617-194,G01-260204-153617-194.bmp,G01,2026-02-04T15:36:17,2026-02-04,G01_2026-02-04,194,test,normal,,1025,1281,1,b8e65707d14d3130f5b2d5e8dd589f1d55047afc938ab1656a7b152381851366,,
1.0,G01-260204-153641-195,G01-260204-153641-195.bmp,G01,2026-02-04T15:36:41,2026-02-04,G01_2026-02-04,195,test,normal,,1025,1281,1,4d98aff9084e0eaabc7628a4155e1c6f2a88d077c497fb1e23eedb12f0b85760,,
1.0,G01-260204-153647-196,G01-260204-153647-196.bmp,G01,2026-02-04T15:36:47,2026-02-04,G01_2026-02-04,196,test,normal,,1025,1281,1,4b4c34a75b1ce249d0bcd4b8d10598adf49c59feaaffa9ccdaff2c0b0edfb157,,
1.0,G01-260204-153712-197,G01-260204-153712-197.bmp,G01,2026-02-04T15:37:12,2026-02-04,G01_2026-02-04,197,test,normal,,1025,1281,1,1978d2eea5ab87e025be89afca82f34220416b9070ebcac32d5e3b70f71fe964,,
1.0,G01-260204-153719-198,G01-260204-153719-198.bmp,G01,2026-02-04T15:37:19,2026-02-04,G01_2026-02-04,198,test,normal,,1025,1281,1,5efc21c80ae3e4b91d29aaf19f12ec28b40899c382d1fd61118d3b320bf77dab,,
1.0,G01-260204-153741-199,G01-260204-153741-199.bmp,G01,2026-02-04T15:37:41,2026-02-04,G01_2026-02-04,199,test,normal,,1025,1281,1,25d3eec80fc45c239c18730386d9ae7176e6cec35a72954a3a7d219113dffe95,,
1.0,G01-260204-153748-200,G01-260204-153748-200.bmp,G01,2026-02-04T15:37:48,2026-02-04,G01_2026-02-04,200,test,normal,,1025,1281,1,aa872288ce678665a6c9f83faf379d89df1750c5f4fa0aeaef5f16b7b24bc110,,
1.0,G01-260204-153810-201,G01-260204-153810-201.bmp,G01,2026-02-04T15:38:10,2026-02-04,G01_2026-02-04,201,test,normal,,1025,1281,1,25605ba09c4ec641afac7a8f657e3c4fde0371b3ec24196ee55f078463b2421a,,
1.0,G01-260204-153818-202,G01-260204-153818-202.bmp,G01,2026-02-04T15:38:18,2026-02-04,G01_2026-02-04,202,test,normal,,1025,1281,1,00ea3c261827f1c628b615eca95ee85ced53499f377ebc834ddd93fb7b349528,,
1.0,G01-260204-153842-203,G01-260204-153842-203.bmp,G01,2026-02-04T15:38:42,2026-02-04,G01_2026-02-04,203,test,normal,,1025,1281,1,03c37e43cbe74a6ed244f70d3a085447dffbe0e427e6165415c76dab61812b78,,
1.0,G01-260204-153849-204,G01-260204-153849-204.bmp,G01,2026-02-04T15:38:49,2026-02-04,G01_2026-02-04,204,test,normal,,1025,1281,1,d3cbafa0e4b56fd862a43b46bae0318080a275d3b7aa68c1bef330e522b321eb,,
1.0,G01-260204-153912-205,G01-260204-153912-205.bmp,G01,2026-02-04T15:39:12,2026-02-04,G01_2026-02-04,205,test,normal,,1025,1281,1,91e024ad1074a635ca83dc7c9681194b4cca9cb917e0c6334b1ccf865914cdf3,,
1.0,G01-260204-153919-206,G01-260204-153919-206.bmp,G01,2026-02-04T15:39:19,2026-02-04,G01_2026-02-04,206,test,normal,,1025,1281,1,726edf19670d34b58cb07bacf6f7ac081e0b1ba8e57c3158a14c33368c8f8e98,,
1.0,G01-260204-153942-207,G01-260204-153942-207.bmp,G01,2026-02-04T15:39:42,2026-02-04,G01_2026-02-04,207,test,normal,,1025,1281,1,5a13f9a93eb1e40eeaf3032ca9e024d628184af82d2d7bfd9b078ea8f491fee5,,
1.0,G01-260204-153949-208,G01-260204-153949-208.bmp,G01,2026-02-04T15:39:49,2026-02-04,G01_2026-02-04,208,test,normal,,1025,1281,1,121ebcbf3eab37e9d5adb29fbc703c31080a97218c6a90226c86845612e3691a,,
1.0,G01-260204-154012-209,G01-260204-154012-209.bmp,G01,2026-02-04T15:40:12,2026-02-04,G01_2026-02-04,209,test,normal,,1025,1281,1,9f5f3ce4e620f13114bb8e58e5f1c03c3e5657d17d51f3c39edfb912bcab410f,,
1.0,G01-260204-154018-210,G01-260204-154018-210.bmp,G01,2026-02-04T15:40:18,2026-02-04,G01_2026-02-04,210,test,normal,,1025,1281,1,e33ef99e3c94e966cb48f77a2400a75e532bdb41d7991fd3879dedafca694825,,
1.0,G01-260204-154042-211,G01-260204-154042-211.bmp,G01,2026-02-04T15:40:42,2026-02-04,G01_2026-02-04,211,test,normal,,1025,1281,1,fbda9e2b30bec817a16d60858396c75d1f0a1d075810991aee2a8166301d644a,,
1.0,G01-260204-154048-212,G01-260204-154048-212.bmp,G01,2026-02-04T15:40:48,2026-02-04,G01_2026-02-04,212,test,normal,,1025,1281,1,6a1def868e63134e7efa234998a2704b15df507f6668e2af13726a4d1860ad55,,
1.0,G01-260204-154118-213,G01-260204-154118-213.bmp,G01,2026-02-04T15:41:18,2026-02-04,G01_2026-02-04,213,test,normal,,1025,1281,1,a5bae6bccbf072595ca035be018760f4f5f47ca78838f624bf92a98d3e639f95,,
1.0,G01-260204-154124-214,G01-260204-154124-214.bmp,G01,2026-02-04T15:41:24,2026-02-04,G01_2026-02-04,214,test,normal,,1025,1281,1,c59d787360b5e67a5a300542545d786fa32f2d682d9ebdad6b2153bbb42a1d9d,,
1.0,G01-260204-154133-215,G01-260204-154133-215.bmp,G01,2026-02-04T15:41:33,2026-02-04,G01_2026-02-04,215,test,normal,,1025,1281,1,f648201ca07a3517e8475a15df304995675e4c169a28d7ecbd859b3f3577e39d,,
1.0,G01-260204-154149-216,G01-260204-154149-216.bmp,G01,2026-02-04T15:41:49,2026-02-04,G01_2026-02-04,216,test,normal,,1025,1281,1,83010c7eeec155d83fb99e3b230b9560b739af47819fc52f0e45455170486341,,
1.0,G01-260204-154212-217,G01-260204-154212-217.bmp,G01,2026-02-04T15:42:12,2026-02-04,G01_2026-02-04,217,test,normal,,1025,1281,1,2aec807bebfb95e07ac2459c8f3fbcc0791458525b6bd55d039a663d4a1e2931,,
1.0,G01-260204-154246-218,G01-260204-154246-218.bmp,G01,2026-02-04T15:42:46,2026-02-04,G01_2026-02-04,218,test,normal,,1025,1281,1,554fe75478417a7426d834379d9f015ebd7b23f92f44aaa7b4887960f164296e,,
1.0,G01-260204-154311-219,G01-260204-154311-219.bmp,G01,2026-02-04T15:43:11,2026-02-04,G01_2026-02-04,219,test,normal,,1025,1281,1,76740969cf2111341c5716c5a5a44e98b3a3cbe43d6303d47a4d801009ea505f,,
1.0,G01-260204-154318-220,G01-260204-154318-220.bmp,G01,2026-02-04T15:43:18,2026-02-04,G01_2026-02-04,220,test,normal,,1025,1281,1,4e52b669ea1e7442f6d296518eec6ba8eb2914c9c16c69eaac0e7835278bdbd1,,
1.0,G01-260204-154343-221,G01-260204-154343-221.bmp,G01,2026-02-04T15:43:43,2026-02-04,G01_2026-02-04,221,test,normal,,1025,1281,1,44b9a46177ebd4a5966ffd96cd60adb50bd94b55f35c16ee9aebc631e8de1dab,,
1.0,G01-260204-154350-222,G01-260204-154350-222.bmp,G01,2026-02-04T15:43:50,2026-02-04,G01_2026-02-04,222,test,normal,,1025,1281,1,d0b6612c549985140b79e328c3f2c02f5eba87cd46b767cfdd63d89d072557eb,,
1.0,G01-260204-154413-223,G01-260204-154413-223.bmp,G01,2026-02-04T15:44:13,2026-02-04,G01_2026-02-04,223,test,normal,,1025,1281,1,f49e68a7e6f35e4706f1098cb6faa053abd7546f7e617deb70c18d7a709d7270,,
1.0,G01-260204-154419-224,G01-260204-154419-224.bmp,G01,2026-02-04T15:44:19,2026-02-04,G01_2026-02-04,224,test,normal,,1025,1281,1,b2dea2f6c7c7bc241885859d90be21a3e0f0145c5d428486a93df8c2cbf7e22d,,
1.0,G01-260204-154443-225,G01-260204-154443-225.bmp,G01,2026-02-04T15:44:43,2026-02-04,G01_2026-02-04,225,test,normal,,1025,1281,1,bad1abb0bbfa0c1b851f1b8bd5abb372be54de01ffc98077b90e360f54018e92,,
1.0,G01-260204-154450-226,G01-260204-154450-226.bmp,G01,2026-02-04T15:44:50,2026-02-04,G01_2026-02-04,226,test,normal,,1025,1281,1,9c1d46853296429fc0688ce1090aa2ca91c4ec8110a95f81a0cd50488c24e7f7,,
1.0,G01-260204-154514-227,G01-260204-154514-227.bmp,G01,2026-02-04T15:45:14,2026-02-04,G01_2026-02-04,227,test,normal,,1025,1281,1,666c59740dcfb343f9bf81d456cf984272ba736ce6ebf74678600008d1238a60,,
1.0,G01-260204-154520-228,G01-260204-154520-228.bmp,G01,2026-02-04T15:45:20,2026-02-04,G01_2026-02-04,228,test,normal,,1025,1281,1,cc769edc9b1f893154808b71486b6f8b3a5c4ea905f257acb3119a34b6dbca15,,
1.0,G01-260204-154544-229,G01-260204-154544-229.bmp,G01,2026-02-04T15:45:44,2026-02-04,G01_2026-02-04,229,test,normal,,1025,1281,1,e6048df881de3496959f068db58b7c17f5d19df5a591d03890821f11bfd42dd3,,
1.0,G01-260204-154551-230,G01-260204-154551-230.bmp,G01,2026-02-04T15:45:51,2026-02-04,G01_2026-02-04,230,test,normal,,1025,1281,1,2711feb2560e57e0b7eda7b1475daf912dcccf5191e46b362a08cd7cab629f41,,
1.0,G01-260204-154613-231,G01-260204-154613-231.bmp,G01,2026-02-04T15:46:13,2026-02-04,G01_2026-02-04,231,test,normal,,1025,1281,1,314dc7464ecea3d28c3a3daaa8d3333e4d8094b91b765701a3df05552b690522,,
1.0,G01-260204-154620-232,G01-260204-154620-232.bmp,G01,2026-02-04T15:46:20,2026-02-04,G01_2026-02-04,232,test,normal,,1025,1281,1,b9e2a2a5e86b5acd4b1ccf3e65669dcab58276d523736eda79b6ce16d7389d3c,,
1.0,G01-260204-154643-233,G01-260204-154643-233.bmp,G01,2026-02-04T15:46:43,2026-02-04,G01_2026-02-04,233,test,normal,,1025,1281,1,8415d749cd74f05bb6da83c7fd60266c31c59f881142d499d5f9b7785366b170,,
1.0,G01-260204-154649-234,G01-260204-154649-234.bmp,G01,2026-02-04T15:46:49,2026-02-04,G01_2026-02-04,234,test,normal,,1025,1281,1,c5e5b6faa6d03d7a3d45128d48d0fb572d52b6d94dda038b0e5400f1df7f1166,,
1.0,G01-260204-154713-235,G01-260204-154713-235.bmp,G01,2026-02-04T15:47:13,2026-02-04,G01_2026-02-04,235,test,normal,,1025,1281,1,6e4047f8ae5843ad59b76f1849eade54ffea55b177d4452b6b2fe18f51707969,,
1.0,G01-260204-154720-236,G01-260204-154720-236.bmp,G01,2026-02-04T15:47:20,2026-02-04,G01_2026-02-04,236,test,normal,,1025,1281,1,617a1d4296db43c70b1260d4308bd9a25214dcb2f786a369955ffa0c1d88eae0,,
1.0,G01-260204-154745-237,G01-260204-154745-237.bmp,G01,2026-02-04T15:47:45,2026-02-04,G01_2026-02-04,237,test,normal,,1025,1281,1,548662e5e09727f05a3a14369e508311117186605697dedd2aaf241c8f4ce9ee,,
1.0,G01-260204-154752-238,G01-260204-154752-238.bmp,G01,2026-02-04T15:47:52,2026-02-04,G01_2026-02-04,238,test,normal,,1025,1281,1,f28a90049667f36e3d27309edaf3c5e1314c9516464606b53041d256cfa28aec,,
1.0,G01-260204-154813-239,G01-260204-154813-239.bmp,G01,2026-02-04T15:48:13,2026-02-04,G01_2026-02-04,239,test,normal,,1025,1281,1,631ffd0022708527e6eff1c70eb0e147d5903eb50965e69cbdcde5c7314181aa,,
1.0,G01-260204-154821-240,G01-260204-154821-240.bmp,G01,2026-02-04T15:48:21,2026-02-04,G01_2026-02-04,240,test,normal,,1025,1281,1,1b67b90c6e7a8d4900e4b85604a4e4879f93a7a79cdb6f777ae9f00ed9f26a06,,
1.0,G01-260204-154845-241,G01-260204-154845-241.bmp,G01,2026-02-04T15:48:45,2026-02-04,G01_2026-02-04,241,test,normal,,1025,1281,1,1997c89be0521294253b0034159b9ffa9dcf5069b7f39df367eff63d1ae19399,,
1.0,G01-260204-154852-242,G01-260204-154852-242.bmp,G01,2026-02-04T15:48:52,2026-02-04,G01_2026-02-04,242,test,normal,,1025,1281,1,e8f37b8b39000ae7fcd2ab9eeac4f6a168ab113183c672c78b8b24adaa8dd81b,,
1.0,G01-260204-154916-243,G01-260204-154916-243.bmp,G01,2026-02-04T15:49:16,2026-02-04,G01_2026-02-04,243,test,normal,,1025,1281,1,e783c10c0b0f0273fef83e742cf32c8a64ea84eccc7416f6efb165b0e773402a,,
1.0,G01-260204-154924-244,G01-260204-154924-244.bmp,G01,2026-02-04T15:49:24,2026-02-04,G01_2026-02-04,244,test,normal,,1025,1281,1,eda86dce288db61a7e5494be13cf44871bda6dcc4830493c565003397f27cd69,,
1.0,G01-260204-154944-245,G01-260204-154944-245.bmp,G01,2026-02-04T15:49:44,2026-02-04,G01_2026-02-04,245,test,normal,,1025,1281,1,1c2c9db368026dc055642f3525618c4e711f17267159487eb99ffe854b763e34,,
1.0,G01-260204-154951-246,G01-260204-154951-246.bmp,G01,2026-02-04T15:49:51,2026-02-04,G01_2026-02-04,246,test,normal,,1025,1281,1,5fcdfc4118f4859697421ebc7c46b348e4ad7f8c4d38b27c9ce515e40418c3dc,,
1.0,G01-260204-155013-247,G01-260204-155013-247.bmp,G01,2026-02-04T15:50:13,2026-02-04,G01_2026-02-04,247,test,normal,,1025,1281,1,2c3aac0a0a8b8b0d62c92a97008028d6a67c854cd4819713ea0772932f85635f,,
1.0,G01-260204-155020-248,G01-260204-155020-248.bmp,G01,2026-02-04T15:50:20,2026-02-04,G01_2026-02-04,248,test,normal,,1025,1281,1,a40a54dacc44115263d27932025b81fc385dccee95c1bcb144e4791d33f94ac4,,
1.0,G01-260204-155044-249,G01-260204-155044-249.bmp,G01,2026-02-04T15:50:44,2026-02-04,G01_2026-02-04,249,test,normal,,1025,1281,1,a70fbb21aa8d8b4cb98ce25ca1cb9d6cc1fd95c2cead48f57eb75528eff99d60,,
1.0,G01-260204-155050-250,G01-260204-155050-250.bmp,G01,2026-02-04T15:50:50,2026-02-04,G01_2026-02-04,250,test,normal,,1025,1281,1,c9592ff93a8c19a5b0b4db1047dacce735f81ce0b12f60a70630745d8e157fd7,,
1.0,G01-260204-155114-251,G01-260204-155114-251.bmp,G01,2026-02-04T15:51:14,2026-02-04,G01_2026-02-04,251,test,normal,,1025,1281,1,442bae95c2e0e38eaa3e607a1e30cbd37b9ee6239834d54577c449b7bf190ab4,,
1.0,G01-260204-155121-252,G01-260204-155121-252.bmp,G01,2026-02-04T15:51:21,2026-02-04,G01_2026-02-04,252,test,normal,,1025,1281,1,51b0bed96cc0e575aeb691acda9e9084d789aa828cb9165188894d741e1a4018,,
1.0,G01-260204-155144-253,G01-260204-155144-253.bmp,G01,2026-02-04T15:51:44,2026-02-04,G01_2026-02-04,253,test,normal,,1025,1281,1,6330e70b82e5f92f2396247745bdf4f4cc9929d7147d79d2b926d2cffb0ca74d,,
1.0,G01-260204-155150-254,G01-260204-155150-254.bmp,G01,2026-02-04T15:51:50,2026-02-04,G01_2026-02-04,254,test,normal,,1025,1281,1,77e02bb905ea15196ee661f6b980031a6222b4eb8050bf77ba66acc98d7fbe31,,
1.0,G01-260204-155216-255,G01-260204-155216-255.bmp,G01,2026-02-04T15:52:16,2026-02-04,G01_2026-02-04,255,test,normal,,1025,1281,1,8e4f3deaff1658b832e92180a306138bd1ab30af6030a9e179bc1461d68acdf0,,
1.0,G01-260204-155223-256,G01-260204-155223-256.bmp,G01,2026-02-04T15:52:23,2026-02-04,G01_2026-02-04,256,test,normal,,1025,1281,1,9fa8444f592f21df13055ca26c1112c837fcaede29cbff3b2a1923d2f124226a,,
1.0,G01-260204-155245-257,G01-260204-155245-257.bmp,G01,2026-02-04T15:52:45,2026-02-04,G01_2026-02-04,257,test,normal,,1025,1281,1,a53fc9fb9b0479a2ffec87a2f0d563fd904e2215be58b653dbb055b44788f805,,
1.0,G01-260204-155251-258,G01-260204-155251-258.bmp,G01,2026-02-04T15:52:51,2026-02-04,G01_2026-02-04,258,test,normal,,1025,1281,1,4e3a63dcc5d07ab869886415b8b029a3089ca8c81920518fae9137248882a40c,,
1.0,G01-260204-155315-259,G01-260204-155315-259.bmp,G01,2026-02-04T15:53:15,2026-02-04,G01_2026-02-04,259,test,normal,,1025,1281,1,7b28de3fe5169df02467b610d6bcef7c5b5fc6abf8abeff946851dfb01ba504d,,
1.0,G01-260204-155321-260,G01-260204-155321-260.bmp,G01,2026-02-04T15:53:21,2026-02-04,G01_2026-02-04,260,test,normal,,1025,1281,1,625aa1a4a374f9bd4f5b0b13c2d5da7ca6107dc23efe6c72d55e16d6555773c0,,
1.0,G01-260204-155346-261,G01-260204-155346-261.bmp,G01,2026-02-04T15:53:46,2026-02-04,G01_2026-02-04,261,test,normal,,1025,1281,1,ce52c32cc3c17eb516d8ba1ca661ce7b7401049d0ab5e3ce5e6c6a7ca0bfd35f,,
1.0,G01-260204-155353-262,G01-260204-155353-262.bmp,G01,2026-02-04T15:53:53,2026-02-04,G01_2026-02-04,262,test,normal,,1025,1281,1,320caadbd9a2ee02e288c0016c7713e1b00b60f6a1c97aca0533e007392c6b60,,
1.0,G01-260204-155416-263,G01-260204-155416-263.bmp,G01,2026-02-04T15:54:16,2026-02-04,G01_2026-02-04,263,test,normal,,1025,1281,1,e4065ae5864605ba6801c958bd5c174fb7e48abb673ea8be6e7d6204c5695796,,
1.0,G01-260204-155422-264,G01-260204-155422-264.bmp,G01,2026-02-04T15:54:22,2026-02-04,G01_2026-02-04,264,test,normal,,1025,1281,1,c8dc3815430cd3b194da07dccbcac6ce0f45f3e86b4d72ce34e8ed110f0ff7e2,,
1.0,G01-260204-155446-265,G01-260204-155446-265.bmp,G01,2026-02-04T15:54:46,2026-02-04,G01_2026-02-04,265,test,normal,,1025,1281,1,5e234c07e93f3d26ee90137a7222fac4057000b1ae8d388208e78549a64f8426,,
1.0,G01-260204-155453-266,G01-260204-155453-266.bmp,G01,2026-02-04T15:54:53,2026-02-04,G01_2026-02-04,266,test,normal,,1025,1281,1,2037b02ffb00377dfc9817a1c0db8f27d3f16a9a50d3fb3083f2feb061ac547f,,
1.0,G01-260204-155516-267,G01-260204-155516-267.bmp,G01,2026-02-04T15:55:16,2026-02-04,G01_2026-02-04,267,test,normal,,1025,1281,1,166bdeea4463f203f85dd70e0c2430403a72fc8b542a7372d56c7b9fe5ac849a,,
1.0,G01-260204-155523-268,G01-260204-155523-268.bmp,G01,2026-02-04T15:55:23,2026-02-04,G01_2026-02-04,268,test,normal,,1025,1281,1,a6dcf4312b4e1e5a331613f48c6255677e14d30f60eb64c65d30cf2446ac6ed7,,
1.0,G01-260204-155546-269,G01-260204-155546-269.bmp,G01,2026-02-04T15:55:46,2026-02-04,G01_2026-02-04,269,test,normal,,1025,1281,1,d192971c550a9605bd0cffaacacd4d4bd4aeb3d4c7d0c53c2ddfd7ff515436af,,
1.0,G01-260204-155553-270,G01-260204-155553-270.bmp,G01,2026-02-04T15:55:53,2026-02-04,G01_2026-02-04,270,test,normal,,1025,1281,1,4f9ba7a49b9b252d0fda5810eb4bb781cac0335b90b373388478e37c43687bbf,,
1.0,G01-260204-155616-271,G01-260204-155616-271.bmp,G01,2026-02-04T15:56:16,2026-02-04,G01_2026-02-04,271,test,normal,,1025,1281,1,197a2a34a8c2c374785fdc6c308db387b54f7eef7e7ef80df490c061b79f998d,,
1.0,G01-260204-155623-272,G01-260204-155623-272.bmp,G01,2026-02-04T15:56:23,2026-02-04,G01_2026-02-04,272,test,normal,,1025,1281,1,147b876541d687d96170d7d8023d64a29cb9f236272be5106383ba895f9fc53b,,
1.0,G01-260204-155646-273,G01-260204-155646-273.bmp,G01,2026-02-04T15:56:46,2026-02-04,G01_2026-02-04,273,test,normal,,1025,1281,1,e622012137a9333ccb09f44adab33065cbc975af63468f1a88c20b80117162dc,,
1.0,G01-260204-155652-274,G01-260204-155652-274.bmp,G01,2026-02-04T15:56:52,2026-02-04,G01_2026-02-04,274,test,normal,,1025,1281,1,a9e57a5769d81cf8e31b3189621750ce452b66cedd4bef070fa3b06809e5b822,,
1.0,G01-260204-155715-275,G01-260204-155715-275.bmp,G01,2026-02-04T15:57:15,2026-02-04,G01_2026-02-04,275,test,normal,,1025,1281,1,49e2b16127d556860fccc39afec3047ebbd13a881b41e6154f85a4a55f53c4b4,,
1.0,G01-260204-155722-276,G01-260204-155722-276.bmp,G01,2026-02-04T15:57:22,2026-02-04,G01_2026-02-04,276,test,normal,,1025,1281,1,db9edab7996a397eac872fbb67b724ee8623aa36da06874129e0f15f60762fd3,,
1.0,G01-260204-155747-277,G01-260204-155747-277.bmp,G01,2026-02-04T15:57:47,2026-02-04,G01_2026-02-04,277,test,normal,,1025,1281,1,a27fcfd5d5d56931d3dc2a6db0a8f87f573de3e33c11a21337d00f9a52e0ce22,,
1.0,G01-260204-155754-278,G01-260204-155754-278.bmp,G01,2026-02-04T15:57:54,2026-02-04,G01_2026-02-04,278,test,normal,,1025,1281,1,ccefd9b5eaf93a0eba14d679f0dc4c0fe9da0715bee1c48831d58fc679533cbf,,
1.0,G01-260204-155816-279,G01-260204-155816-279.bmp,G01,2026-02-04T15:58:16,2026-02-04,G01_2026-02-04,279,test,normal,,1025,1281,1,451d1e3dfcdccc3872e62a85286de8d0b9feb437bf1776a4a51a020ee39498cf,,
1.0,G01-260204-155824-280,G01-260204-155824-280.bmp,G01,2026-02-04T15:58:24,2026-02-04,G01_2026-02-04,280,test,normal,,1025,1281,1,9333171980c2afb9d578559cc85f7e639388a0302e8ec9daa5dfdd1fac3b3921,,
1.0,G01-260204-155846-281,G01-260204-155846-281.bmp,G01,2026-02-04T15:58:46,2026-02-04,G01_2026-02-04,281,test,normal,,1025,1281,1,0d504135ff8b619a1b4665385dcb62dd31ac051f3a42f147dd855a67f0f47561,,
1.0,G01-260204-155853-282,G01-260204-155853-282.bmp,G01,2026-02-04T15:58:53,2026-02-04,G01_2026-02-04,282,test,normal,,1025,1281,1,1fe357bf08131df7e1aae8a0beb1b37b3dde7eaaebd311f3584329c4ddb637c4,,
1.0,G01-260204-155917-283,G01-260204-155917-283.bmp,G01,2026-02-04T15:59:17,2026-02-04,G01_2026-02-04,283,test,normal,,1025,1281,1,28f9c8885f1b87a36bae09533bfdd7944ddeee39529f3e4aaf3c3b7a59466026,,
1.0,G01-260204-155923-284,G01-260204-155923-284.bmp,G01,2026-02-04T15:59:23,2026-02-04,G01_2026-02-04,284,test,normal,,1025,1281,1,c6c864ea87ceea344c82b50875fd47a873541a4a60d200ba99846ae5d42a56b3,,
1.0,G01-260204-155947-285,G01-260204-155947-285.bmp,G01,2026-02-04T15:59:47,2026-02-04,G01_2026-02-04,285,test,normal,,1025,1281,1,387e01d8cab56fb98641ce724d0d9e75e427871589fe3a665947eeddad1d9364,,
1.0,G01-260204-155955-286,G01-260204-155955-286.bmp,G01,2026-02-04T15:59:55,2026-02-04,G01_2026-02-04,286,test,normal,,1025,1281,1,4aa6686e5fbd340845160d314e0dd2d1de6de45fcbe489b28359b2e907b644fa,,
1.0,G01-260204-160017-287,G01-260204-160017-287.bmp,G01,2026-02-04T16:00:17,2026-02-04,G01_2026-02-04,287,test,normal,,1025,1281,1,0cfca76f18fd2c2de84fd7ff87fd9fc1aff1dea446bce2f461cefcd2feb88b48,,
1.0,G01-260204-160024-288,G01-260204-160024-288.bmp,G01,2026-02-04T16:00:24,2026-02-04,G01_2026-02-04,288,test,normal,,1025,1281,1,ca6404280951d6afb0a203352f20d7f20221b97a7e1afc3b99204e37e5643981,,
1.0,G01-260204-160046-289,G01-260204-160046-289.bmp,G01,2026-02-04T16:00:46,2026-02-04,G01_2026-02-04,289,test,normal,,1025,1281,1,338f801b03975f9f9e3562aef69b33f77fd49330f6a618c7701658fb71c61bdf,,
1.0,G01-260204-160053-290,G01-260204-160053-290.bmp,G01,2026-02-04T16:00:53,2026-02-04,G01_2026-02-04,290,test,normal,,1025,1281,1,2d98d6d7b41889d4d9d9dd88816504ecfd0a5a1ebdc9268362da4a14c86122b8,,
1.0,G01-260204-160117-291,G01-260204-160117-291.bmp,G01,2026-02-04T16:01:17,2026-02-04,G01_2026-02-04,291,test,normal,,1025,1281,1,ce87b03e0ddd9619cb8886777495abfcb96281759ff07d3ead616c1a086434ec,,
1.0,G01-260204-160125-292,G01-260204-160125-292.bmp,G01,2026-02-04T16:01:25,2026-02-04,G01_2026-02-04,292,test,normal,,1025,1281,1,a64efc077059962f6c822e376a599016fc6c191ce4ef985bc7c754677fa05bd7,,
1.0,G01-260204-160147-293,G01-260204-160147-293.bmp,G01,2026-02-04T16:01:47,2026-02-04,G01_2026-02-04,293,test,normal,,1025,1281,1,7df85d38ac3d1fb34afbe8b018d9544f781b95ff02fae88ecd135fce85b42baf,,
1.0,G01-260204-160154-294,G01-260204-160154-294.bmp,G01,2026-02-04T16:01:54,2026-02-04,G01_2026-02-04,294,test,normal,,1025,1281,1,5470781d092dcdc8a3df3f706d282dece596dc262b257b1b1953bb7ce6f17a3c,,
1.0,G01-260204-160218-295,G01-260204-160218-295.bmp,G01,2026-02-04T16:02:18,2026-02-04,G01_2026-02-04,295,test,normal,,1025,1281,1,562e4f0819fd69d8b51166ee38b4707de8fc6b1dc1ebc6a704eba732c3b0f619,,
1.0,G01-260204-160225-296,G01-260204-160225-296.bmp,G01,2026-02-04T16:02:25,2026-02-04,G01_2026-02-04,296,test,normal,,1025,1281,1,60ce3ae42d9e5eb3b2e5f63d99e4a3156642c7b1707b507271d2750ebe9dce01,,
1.0,G01-260204-160248-297,G01-260204-160248-297.bmp,G01,2026-02-04T16:02:48,2026-02-04,G01_2026-02-04,297,test,normal,,1025,1281,1,4f48286d1c793a293d2444a826347ad9b960be0c1cf9ca657e8af63778c1bf0f,,
1.0,G01-260204-160255-298,G01-260204-160255-298.bmp,G01,2026-02-04T16:02:55,2026-02-04,G01_2026-02-04,298,test,normal,,1025,1281,1,13f3ba1b249dae3716b5884d3c0528f0c2a92d654f1bfbf38997df791035e05c,,
1.0,G01-260204-160320-299,G01-260204-160320-299.bmp,G01,2026-02-04T16:03:20,2026-02-04,G01_2026-02-04,299,test,normal,,1025,1281,1,46ff1ea3cdcf09cd749dae45517b372841c69c9db0aa012a69c01c1889d20d14,,
1.0,G01-260204-160327-300,G01-260204-160327-300.bmp,G01,2026-02-04T16:03:27,2026-02-04,G01_2026-02-04,300,test,normal,,1025,1281,1,98b87d9cd1060ed859ef2a81c74578c1624a232bc854cfe8762f794aa8486e34,,
1.0,G01-260204-160349-301,G01-260204-160349-301.bmp,G01,2026-02-04T16:03:49,2026-02-04,G01_2026-02-04,301,test,normal,,1025,1281,1,be08fceb5b46de68b5b6d8d2e2c0f8d4913429a1b5a23c658122db0c3ad876cc,,
1.0,G01-260204-160358-302,G01-260204-160358-302.bmp,G01,2026-02-04T16:03:58,2026-02-04,G01_2026-02-04,302,test,normal,,1025,1281,1,f45bff0fabbea26bc50f09e0a7469ff165b0d44d886795e4976e3094c6dfe04a,,
1.0,G01-260204-160418-303,G01-260204-160418-303.bmp,G01,2026-02-04T16:04:18,2026-02-04,G01_2026-02-04,303,test,normal,,1025,1281,1,b533e4640fec64ccd539f806997b7f8c9c17a335d4fbcc4007c3624b10ec6241,,
1.0,G01-260204-160425-304,G01-260204-160425-304.bmp,G01,2026-02-04T16:04:25,2026-02-04,G01_2026-02-04,304,test,normal,,1025,1281,1,5dd1690506497654734844162833a0be3fab50558cf5abb05f7a9d14f2003ecd,,
1.0,G01-260204-160447-305,G01-260204-160447-305.bmp,G01,2026-02-04T16:04:47,2026-02-04,G01_2026-02-04,305,test,normal,,1025,1281,1,c62d3d1ef7c6dad9085697c88d1d829b0666b3a6a4f5a603957fede04ed7afa4,,
1.0,G01-260204-160454-306,G01-260204-160454-306.bmp,G01,2026-02-04T16:04:54,2026-02-04,G01_2026-02-04,306,test,normal,,1025,1281,1,ba0936ce30021e318fc2468da681ef7ffc775254d6bce7d8d956ab71af41aeae,,
1.0,G01-260204-160517-307,G01-260204-160517-307.bmp,G01,2026-02-04T16:05:17,2026-02-04,G01_2026-02-04,307,test,normal,,1025,1281,1,b914e4c913739ad525c675d0e5611a3eec842444a6cc1303375488040339268c,,
1.0,G01-260204-160524-308,G01-260204-160524-308.bmp,G01,2026-02-04T16:05:24,2026-02-04,G01_2026-02-04,308,test,normal,,1025,1281,1,ad2c883f2a7e293266e89ef022ba023d36c4299f3f9fe917be15779b35974e97,,
1.0,G01-260204-160550-309,G01-260204-160550-309.bmp,G01,2026-02-04T16:05:50,2026-02-04,G01_2026-02-04,309,test,normal,,1025,1281,1,8ece48b2970f3440f288a308eec42cdd48d69b0ed477bdebdf1bb18d5a6bf363,,
1.0,G01-260204-160557-310,G01-260204-160557-310.bmp,G01,2026-02-04T16:05:57,2026-02-04,G01_2026-02-04,310,test,normal,,1025,1281,1,0c901b2bc9b7ed47667383b2b38087ae6eb3943c216de6ce138414f5645ca93d,,
1.0,G01-260204-160620-311,G01-260204-160620-311.bmp,G01,2026-02-04T16:06:20,2026-02-04,G01_2026-02-04,311,test,normal,,1025,1281,1,d3865b3d07c602f6c05fa2706c9026f50b6fd8ab7d3ee95139642a58792b10a8,,
1.0,G01-260204-160626-312,G01-260204-160626-312.bmp,G01,2026-02-04T16:06:26,2026-02-04,G01_2026-02-04,312,test,normal,,1025,1281,1,b3e5cf2032c067191a5eacb5dfb8fea56c05e141fda33474a3c1949558a377d6,,
1.0,G01-260204-160650-313,G01-260204-160650-313.bmp,G01,2026-02-04T16:06:50,2026-02-04,G01_2026-02-04,313,test,normal,,1025,1281,1,edf5aa7beba7416c8f8505ffcc72fa0dc8930d4876633a6f6e8f71cee1dda20d,,
1.0,G01-260204-160719-315,G01-260204-160719-315.bmp,G01,2026-02-04T16:07:19,2026-02-04,G01_2026-02-04,315,test,normal,,1025,1281,1,d2ecc92c29702ebd2c7f5fa2c11513805f03d674aa3f4cbe71deb4f0b958de45,,
1.0,G01-260204-160726-316,G01-260204-160726-316.bmp,G01,2026-02-04T16:07:26,2026-02-04,G01_2026-02-04,316,test,normal,,1025,1281,1,3eb8d429a2295730ad3bedc812dcbde0cc8a5693c1e080d1cfb103fa62fed547,,
1.0,G01-260204-160749-317,G01-260204-160749-317.bmp,G01,2026-02-04T16:07:49,2026-02-04,G01_2026-02-04,317,test,normal,,1025,1281,1,d509e427e449744a27752ccc777e40e187beebe73ee56319e0954aa2c3c16e9c,,
1.0,G01-260204-160756-318,G01-260204-160756-318.bmp,G01,2026-02-04T16:07:56,2026-02-04,G01_2026-02-04,318,test,normal,,1025,1281,1,1055d2a727ec36ab0c5a8308939ffad41600854bf63b756f41e0bbaecb919ef5,,
1.0,G01-260204-160820-319,G01-260204-160820-319.bmp,G01,2026-02-04T16:08:20,2026-02-04,G01_2026-02-04,319,test,normal,,1025,1281,1,5929958baf3d5d153a6acab985e375a43438892f823b9533ca0de035a67a4dd9,,
1.0,G01-260204-160826-320,G01-260204-160826-320.bmp,G01,2026-02-04T16:08:26,2026-02-04,G01_2026-02-04,320,test,normal,,1025,1281,1,1b8af3240439dcb01b243df1ba617e59362b732c4904b3f6d06dc9d18c40a41b,,
1.0,G01-260204-160849-321,G01-260204-160849-321.bmp,G01,2026-02-04T16:08:49,2026-02-04,G01_2026-02-04,321,test,normal,,1025,1281,1,b9fe69a3e4e7c59c5f9a5805946f3d92ce255037506fd5df18114c4acad7959e,,
1.0,G01-260204-160857-322,G01-260204-160857-322.bmp,G01,2026-02-04T16:08:57,2026-02-04,G01_2026-02-04,322,test,normal,,1025,1281,1,db72e94a48d953efb5e6004f826541126dc594baceda694f173a3eb8f6d2f054,,
1.0,G01-260204-160920-323,G01-260204-160920-323.bmp,G01,2026-02-04T16:09:20,2026-02-04,G01_2026-02-04,323,test,normal,,1025,1281,1,3c2f31bcc8bcfff9ad94545a598156a3f9e79213a3935a84e5117f15b9568216,,
1.0,G01-260204-160927-324,G01-260204-160927-324.bmp,G01,2026-02-04T16:09:27,2026-02-04,G01_2026-02-04,324,test,normal,,1025,1281,1,a64a16fd40b3df515e62d418c6d72e7ebcc0a298c2011b369f4a8717b16af280,,
1.0,G01-260204-160950-325,G01-260204-160950-325.bmp,G01,2026-02-04T16:09:50,2026-02-04,G01_2026-02-04,325,test,normal,,1025,1281,1,ebf76f3b8ff5729ed7f00b59b9e356418f28da1b38687cb3137e6d55ccbd5e64,,
1.0,G01-260204-160956-326,G01-260204-160956-326.bmp,G01,2026-02-04T16:09:56,2026-02-04,G01_2026-02-04,326,test,normal,,1025,1281,1,8f9ccf1f25f9445ae8f7944a6ca9e6fff071d232acde08850b175accf985aca5,,
1.0,G01-260204-161020-327,G01-260204-161020-327.bmp,G01,2026-02-04T16:10:20,2026-02-04,G01_2026-02-04,327,test,normal,,1025,1281,1,d8bb1cd8ca1a582f4acae6c03e0f71e4d8de4d8ef7aba8a5a518144d1832184c,,
1.0,G01-260204-161027-328,G01-260204-161027-328.bmp,G01,2026-02-04T16:10:27,2026-02-04,G01_2026-02-04,328,test,normal,,1025,1281,1,6353b5a41d8be598e77484cf21be3deac90e80d0f38f6e10ebefa3eff09a7693,,
1.0,G01-260204-161050-329,G01-260204-161050-329.bmp,G01,2026-02-04T16:10:50,2026-02-04,G01_2026-02-04,329,test,normal,,1025,1281,1,a9ed64099f88d8609d3af23d4920b5dc4c0c4ad4b6afe80a9af90b5f8abc7699,,
1.0,G01-260204-161057-330,G01-260204-161057-330.bmp,G01,2026-02-04T16:10:57,2026-02-04,G01_2026-02-04,330,test,normal,,1025,1281,1,3526197b39cb75f2ebdbd8248ca44a411b9f83fbacde9c0464cae1e94533752b,,
1.0,G01-260205-091549-258,G01-260205-091549-258.bmp,G01,2026-02-05T09:15:49,2026-02-05,G01_2026-02-05,258,test,normal,,1025,1281,1,129d092db1e835cf892c6c2b4eeee9a5964e3b6a400dcaa68314c41e341492c1,isolated_capture;setup_confirmed,
