schema_version,sample_id,source_relpath,camera_angle,captured_at_local,capture_date,session_id,sequence_no,split,label,defect_type,width,height,channels,source_sha256,quality_flags,notes
1.0,G03-260201-115803-681,G03-260201-115803-681.bmp,G03,2026-02-01T11:58:03,2026-02-01,G03_2026-02-01,681,train,normal,,1025,1281,1,0a86fbaecdc29fe5561722f7d7edee8cde57d97e669e5abca0c6420f2ebdd285,,
1.0,G03-260201-115814-682,G03-260201-115814-682.bmp,G03,2026-02-01T11:58:14,2026-02-01,G03_2026-02-01,682,train,normal,,1025,1281,1,429a267a55cd6b8588433bbcf81248b9eae6b2919b5bdd0c24fa643fba0308de,,
1.0,G03-260201-115821-683,G03-260201-115821-683.bmp,G03,2026-02-01T11:58:21,2026-02-01,G03_2026-02-01,683,train,normal,,1025,1281,1,bf9e27452727f99bd77c06504fbd8583962a8e1a2c2f7e2db9c6adba50eebb0a,,
1.0,G03-260201-115827-684,G03-260201-115827-684.bmp,G03,2026-02-01T11:58:27,2026-02-01,G03_2026-02-01,684,train,normal,,1025,1281,1,d8ad899403002b4de49e12fd37131bbf92c946328692586a751c7f56682b08f7,,
1.0,G03-260201-115848-685,G03-260201-115848-685.bmp,G03,2026-02-01T11:58:48,2026-02-01,G03_2026-02-01,685,train,normal,,1025,1281,1,95207dfc833e8e9f4e6a460009cef07825557cc228732596261711978794f1ea,,
1.0,G03-260201-115919-686,G03-260201-115919-686.bmp,G03,2026-02-01T11:59:19,2026-02-01,G03_2026-02-01,686,train,normal,,1025,1281,1,22bc02a6acf855e9f2a898adf15a280e75967fd5a54e66be46c27d73416eb25a,,
1.0,G03-260201-115925-687,G03-260201-115925-687.bmp,G03,2026-02-01T11:59:25,2026-02-01,G03_2026-02-01,687,train,normal,,1025,1281,1,0cb4ba835cbaf6372bf3e5b4085fa9a3ab775b4124dcd46690647e245322d991,,
1.0,G03-260201-115949-688,G03-260201-115949-688.bmp,G03,2026-02-01T11:59:49,2026-02-01,G03_2026-02-01,688,train,normal,,1025,1281,1,1c7ab9e6787c9d135768316b8d11b7cae0c6ec287483f7b288766cc9faed1327,,
1.0,G03-260201-115955-689,G03-260201-115955-689.bmp,G03,2026-02-01T11:59:55,2026-02-01,G03_2026-02-01,689,train,normal,,1025,1281,1,ed81a6847d104150eb4b911eeb25feab2bfe0aa8efa3dcc7567edea87a20a12c,,
1.0,G03-260201-120020-690,G03-260201-120020-690.bmp,G03,2026-02-01T12:00:20,2026-02-01,G03_2026-02-01,690,train,normal,,1025,1281,1,79c55f6d3ed95f24d5564f6cd5c403edfb7f29de7b65fe244d342d007d760ac3,,
1.0,G03-260201-120027-691,G03-260201-120027-691.bmp,G03,2026-02-01T12:00:27,2026-02-01,G03_2026-02-01,691,train,normal,,1025,1281,1,8e597c3f739779ae285fd5236b909fca352acd7bb36bda6e771f5a0856fa9a9b,,
1.0,G03-260201-120053-692,G03-260201-120053-692.bmp,G03,2026-02-01T12:00:53,2026-02-01,G03_2026-02-01,692,train,normal,,1025,1281,1,e37fff47364010e4b8a9e4993f97d7f9bb90831770f4a73bc31f08ae2b09aaea,,
1.0,G03-260201-120059-693,G03-260201-120059-693.bmp,G03,2026-02-01T12:00:59,2026-02-01,G03_2026-02-01,693,train,normal,,1025,1281,1,210a40ebc78b70a7d0feeed621d6c9dbb7751f3fa4f25a78ca2f124bf9ac07be,,
1.0,G03-260201-120121-694,G03-260201-120121-694.bmp,G03,2026-02-01T12:01:21,2026-02-01,G03_2026-02-01,694,train,normal,,1025,1281,1,7602d33ee5c090fd8d3de75297f11e1cbf3beb47ed64b6ab30803d987935846f,,
1.0,G03-260201-120127-695,G03-260201-120127-695.bmp,G03,2026-02-01T12:01:27,2026-02-01,G03_2026-02-01,695,train,normal,,1025,1281,1,74f289207ea5b7a1cbace7878bed3dbadae347a21839dbe60cc4dae60f7d69e5,,
1.0,G03-260201-120152-696,G03-260201-120152-696.bmp,G03,2026-02-01T12:01:52,2026-02-01,G03_2026-02-01,696,train,normal,,1025,1281,1,aab1713681158d5542b9e8783c64c2d449bc0c1d501c6d91699ed763d626f717,,
1.0,G03-260201-120158-697,G03-260201-120158-697.bmp,G03,2026-02-01T12:01:58,2026-02-01,G03_2026-02-01,697,train,normal,,1025,1281,1,04f09ab5954ee9454cb1844c006b2664957c13596920ab45ed5b13e74b2be962,,
1.0,G03-260201-120220-698,G03-260201-120220-698.bmp,G03,2026-02-01T12:02:20,2026-02-01,G03_2026-02-01,698,train,normal,,1025,1281,1,4935b376b8fa0edfd872101d8d75a997d157af2fd6b8ba3cb6a51f65a9bd1c04,,
1.0,G03-260201-120226-699,G03-260201-120226-699.bmp,G03,2026-02-01T12:02:26,2026-02-01,G03_2026-02-01,699,train,normal,,1025,1281,1,4efbcca7a4332aef187c270f35ee6fd2a0df06f9ffa13996cc07e808c53cb7a7,,
1.0,G03-260201-120252-700,G03-260201-120252-700.bmp,G03,2026-02-01T12:02:52,2026-02-01,G03_2026-02-01,700,train,normal,,1025,1281,1,2e4357ff9d922f080a4ad1aab6e0a42b56942623cca4dde8757548df65322727,,
1.0,G03-260201-120258-701,G03-260201-120258-701.bmp,G03,2026-02-01T12:02:58,2026-02-01,G03_2026-02-01,701,train,normal,,1025,1281,1,1c6b7a23c02d62165e2eb8272597060d9fe3db8a93d3e4eb3f3deac7e5c39f9e,,
1.0,G03-260201-120321-702,G03-260201-120321-702.bmp,G03,2026-02-01T12:03:21,2026-02-01,G03_2026-02-01,702,train,normal,,1025,1281,1,a252a7f71182626db956ce469505f039de74ad4a0db1c2b43adcba36a9b54494,,
1.0,G03-260201-120327-703,G03-260201-120327-703.bmp,G03,2026-02-01T12:03:27,2026-02-01,G03_2026-02-01,703,train,normal,,1025,1281,1,45537070a15d6f817ab58dadaba5758b364dd3288995cbe3c42d7760e304c54f,,
1.0,G03-260201-120351-704,G03-260201-120351-704.bmp,G03,2026-02-01T12:03:51,2026-02-01,G03_2026-02-01,704,train,normal,,1025,1281,1,e10bc9bf086effe2050474de6dd33bd95b537a66e1d2d08a7f7f80e46b5f2a88,,
1.0,G03-260201-120357-705,G03-260201-120357-705.bmp,G03,2026-02-01T12:03:57,2026-02-01,G03_2026-02-01,705,train,normal,,1025,1281,1,c8a197a32175e7dd201b07c8ba5f2e8fa000b2171fc7899fdae4bd9293525861,,
1.0,G03-260201-120422-706,G03-260201-120422-706.bmp,G03,2026-02-01T12:04:22,2026-02-01,G03_2026-02-01,706,train,normal,,1025,1281,1,590e7a5afd4000f2c56181f1815645b96f76b3b6bd115f2dd5f702a0bf2daee1,,
1.0,G03-260201-120428-707,G03-260201-120428-707.bmp,G03,2026-02-01T12:04:28,2026-02-01,G03_2026-02-01,707,train,normal,,1025,1281,1,06a55a42ecc4d93234fe7079e8f156ebd80b1089837ca60012da7a0de54650ea,,
1.0,G03-260201-120452-708,G03-260201-120452-708.bmp,G03,2026-02-01T12:04:52,2026-02-01,G03_2026-02-01,708,train,normal,,1025,1281,1,a789eab296fa65cea77913f1d2eb60763e33e50e73ca7795de2caee6b27720a2,,
1.0,G03-260201-120458-709,G03-260201-120458-709.bmp,G03,2026-02-01T12:04:58,2026-02-01,G03_2026-02-01,709,train,normal,,1025,1281,1,50251c923b70dcbec3797653fd026bb55a9f8d4e157b7e81ac9940d935ae1ea5,,
1.0,G03-260201-120522-710,G03-260201-120522-710.bmp,G03,2026-02-01T12:05:22,2026-02-01,G03_2026-02-01,710,train,normal,,1025,1281,1,7f8fc39496e23d2829e903480e921c3263b9fed48f36ceca35b28a4413c99ede,,
1.0,G03-260201-120528-711,G03-260201-120528-711.bmp,G03,2026-02-01T12:05:28,2026-02-01,G03_2026-02-01,711,train,normal,,1025,1281,1,b537191186a05348c384936cda7e09adad75376dc339a19b80a7bf3f5d8e1097,,
1.0,G03-260201-120551-712,G03-260201-120551-712.bmp,G03,2026-02-01T12:05:51,2026-02-01,G03_2026-02-01,712,train,normal,,1025,1281,1,dc846f9263f4e53af919550fa6dfdc124da4681089a3f430f8afceb0c4bff379,,
1.0,G03-260201-120558-713,G03-260201-120558-713.bmp,G03,2026-02-01T12:05:58,2026-02-01,G03_2026-02-01,713,train,normal,,1025,1281,1,76af60ad4448dfbbf884c8c58aedad60dae975a5076baef1d1b5bb905c2e4a23,,
1.0,G03-260201-120623-714,G03-260201-120623-714.bmp,G03,2026-02-01T12:06:23,2026-02-01,G03_2026-02-01,714,train,normal,,1025,1281,1,42b0644dd9370b1aacffa18988ff5c2d17a10857669773c4a754e0d0f93a00ee,,
1.0,G03-260201-120629-715,G03-260201-120629-715.bmp,G03,2026-02-01T12:06:29,2026-02-01,G03_2026-02-01,715,train,normal,,1025,1281,1,e55fdef84f76d5385c4ef09361eeaf58b2c4e2b8ed927ef644c25b0501e10748,,
1.0,G03-260201-120652-716,G03-260201-120652-716.bmp,G03,2026-02-01T12:06:52,2026-02-01,G03_2026-02-01,716,train,normal,,1025,1281,1,b32e8f9c92d544903b7144545f9882b0bf0fcedbee2eeb2bb9098754ebad701e,,
1.0,G03-260201-120659-717,G03-260201-120659-717.bmp,G03,2026-02-01T12:06:59,2026-02-01,G03_2026-02-01,717,train,normal,,1025,1281,1,ebed8af6fcbd01d17d78fb5faccde2886761b4c1213028682677bbed83420304,,
1.0,G03-260201-120723-718,G03-260201-120723-718.bmp,G03,2026-02-01T12:07:23,2026-02-01,G03_2026-02-01,718,train,normal,,1025,1281,1,84c4d11da688e98272d6a61167f0af2f5be23381f6c55924a42eca73b2ca832b,,
1.0,G03-260201-120729-719,G03-260201-120729-719.bmp,G03,2026-02-01T12:07:29,2026-02-01,G03_2026-02-01,719,train,normal,,1025,1281,1,eccc83ad416376b207998c9b3bad042047abe85948fef5672535e791378c4744,,
1.0,G03-260201-120752-720,G03-260201-120752-720.bmp,G03,2026-02-01T12:07:52,2026-02-01,G03_2026-02-01,720,train,normal,,1025,1281,1,fd6ec7ae4ab9352d992e867ce14f313f9c5131c11090edd14c8b79932d623fe4,,
1.0,G03-260201-120759-721,G03-260201-120759-721.bmp,G03,2026-02-01T12:07:59,2026-02-01,G03_2026-02-01,721,train,normal,,1025,1281,1,dc95a66bf56c65d70899b454e6b03bd5cf2395954ed591458fe48644835e75c6,,
1.0,G03-260201-120823-722,G03-260201-120823-722.bmp,G03,2026-02-01T12:08:23,2026-02-01,G03_2026-02-01,722,train,normal,,1025,1281,1,1fddc4ba3be99748e845c7f3c29da942006947c16de95ecda36aae72348d9447,,
1.0,G03-260201-120829-723,G03-260201-120829-723.bmp,G03,2026-02-01T12:08:29,2026-02-01,G03_2026-02-01,723,train,normal,,1025,1281,1,fb9212e480251e9ecc81288d3c57140dfb2c115c5e03dc405dd25e3deb8ca9be,,
1.0,G03-260201-120852-724,G03-260201-120852-724.bmp,G03,2026-02-01T12:08:52,2026-02-01,G03_2026-02-01,724,train,normal,,1025,1281,1,f13798f94f85a514c621ca92ee3f8925d816484790e9d5b7bcfa9b4e15e25364,,
1.0,G03-260201-120859-725,G03-260201-120859-725.bmp,G03,2026-02-01T12:08:59,2026-02-01,G03_2026-02-01,725,train,normal,,1025,1281,1,7120e7ccfa12d7a292805fbb264848df07d38668819f0971b1070e292e71e03e,,
1.0,G03-260201-120922-726,G03-260201-120922-726.bmp,G03,2026-02-01T12:09:22,2026-02-01,G03_2026-02-01,726,train,normal,,1025,1281,1,80561326b3d80f6a6e10e646db6162691263055fd2b90ce597a85a7c2a8f736f,,
1.0,G03-260201-120930-727,G03-260201-120930-727.bmp,G03,2026-02-01T12:09:30,2026-02-01,G03_2026-02-01,727,train,normal,,1025,1281,1,908b7a48a7d9edaac1ea5247488a264d26ec382d836427a72dac367f6b6bc674,,
1.0,G03-260201-120954-728,G03-260201-120954-728.bmp,G03,2026-02-01T12:09:54,2026-02-01,G03_2026-02-01,728,train,normal,,1025,1281,1,9b259eb0dbb2dfe17108cbb8c7ad596ffd1d01e2adc3237717faf187eb86edb6,,
1.0,G03-260201-121000-729,G03-260201-121000-729.bmp,G03,2026-02-01T12:10:00,2026-02-01,G03_2026-02-01,729,train,normal,,1025,1281,1,31d4fdd4207388f1d37b0fa652461fedc4b0762d64d3e4c8df35f06a7bec87b5,,
1.0,G03-260201-121023-730,G03-260201-121023-730.bmp,G03,2026-02-01T12:10:23,2026-02-01,G03_2026-02-01,730,train,normal,,1025,1281,1,4d91f867d8a775fbaf1634bf68bdd815e0c4e815e29c58caf6a1522676e63d2e,,
1.0,G03-260201-121029-731,G03-260201-121029-731.bmp,G03,2026-02-01T12:10:29,2026-02-01,G03_2026-02-01,731,train,normal,,1025,1281,1,44133bf3bfdc6b128e804a2c0723e07dad99bfef233ac4605168ee219eda7e8b,,
1.0,G03-260201-121053-732,G03-260201-121053-732.bmp,G03,2026-02-01T12:10:53,2026-02-01,G03_2026-02-01,732,train,normal,,1025,1281,1,70db916f1a86d06b84e8371be2012098e5a939bab68001be2de817c59c341fdb,,
1.0,G03-260201-121059-733,G03-260201-121059-733.bmp,G03,2026-02-01T12:10:59,2026-02-01,G03_2026-02-01,733,train,normal,,1025,1281,1,268f04465aef01f17d2f3b3f486060d0fcefd4f967e3e9da2c078c24caf4329f,,
1.0,G03-260201-121122-734,G03-260201-121122-734.bmp,G03,2026-02-01T12:11:22,2026-02-01,G03_2026-02-01,734,train,normal,,1025,1281,1,e2b52dcc55c305beeeb18f8c30edb5b2de89785737b67c66a10d0878aed544ce,,
1.0,G03-260201-121129-735,G03-260201-121129-735.bmp,G03,2026-02-01T12:11:29,2026-02-01,G03_2026-02-01,735,train,normal,,1025,1281,1,5f134ec92c8d3297a92678357596858f08b3c5e481df583ec3c8bdc8a0b220b7,,
1.0,G03-260201-121153-736,G03-260201-121153-736.bmp,G03,2026-02-01T12:11:53,2026-02-01,G03_2026-02-01,736,train,normal,,1025,1281,1,744971eb45a9abae1b00403d8dda060c1545780b25a10fb47b44a97b1b879324,,
1.0,G03-260201-121200-737,G03-260201-121200-737.bmp,G03,2026-02-01T12:12:00,2026-02-01,G03_2026-02-01,737,train,normal,,1025,1281,1,681e6fd39b83a9757f7791dad3e069b8b163e0474a0e107517c179ceddfd2624,,
1.0,G03-260201-121225-738,G03-260201-121225-738.bmp,G03,2026-02-01T12:12:25,2026-02-01,G03_2026-02-01,738,train,normal,,1025,1281,1,eaafebcfae21803fe603674e0b5da2cef31b3c56e434e3509558176b36343b7c,,
1.0,G03-260201-121231-739,G03-260201-121231-739.bmp,G03,2026-02-01T12:12:31,2026-02-01,G03_2026-02-01,739,train,normal,,1025,1281,1,7459cd9cd16e4f5db76d11db9d0a92a042f2b65cf27e38afffaae099c73d72dd,,
1.0,G03-260201-121255-740,G03-260201-121255-740.bmp,G03,2026-02-01T12:12:55,2026-02-01,G03_2026-02-01,740,train,normal,,1025,1281,1,181a6b0e052d7033e9fd3878a69d8eabd152140074da37d831c1fd804393668f,,
1.0,G03-260201-121301-741,G03-260201-121301-741.bmp,G03,2026-02-01T12:13:01,2026-02-01,G03_2026-02-01,741,train,normal,,1025,1281,1,bb65c88ec34715a055e251e88f72221189040fe52a1d3d3f99ad2d4cac90e50b,,
1.0,G03-260201-121324-742,G03-260201-121324-742.bmp,G03,2026-02-01T12:13:24,2026-02-01,G03_2026-02-01,742,train,normal,,1025,1281,1,cad02c104a05e4b92b14e58757ab6a82b5f9d1970381233d348032960c8cdfad,,
1.0,G03-260201-121330-743,G03-260201-121330-743.bmp,G03,2026-02-01T12:13:30,2026-02-01,G03_2026-02-01,743,train,normal,,1025,1281,1,cbd43b569e8486732aeac5e26be8df1b48f55dd74309d148e1e7a3715dbe4fd3,,
1.0,G03-260201-121354-744,G03-260201-121354-744.bmp,G03,2026-02-01T12:13:54,2026-02-01,G03_2026-02-01,744,train,normal,,1025,1281,1,2c6f066fd5a5cec1b67f4d1b11e0f1f6affb8803f233081696d96b40d739c32d,,
1.0,G03-260201-121400-745,G03-260201-121400-745.bmp,G03,2026-02-01T12:14:00,2026-02-01,G03_2026-02-01,745,train,normal,,1025,1281,1,fd2a1eb75fc66a0745987f8c1def66d70b44c70325971323e77242e451524ba5,,
1.0,G03-260201-121425-746,G03-260201-121425-746.bmp,G03,2026-02-01T12:14:25,2026-02-01,G03_2026-02-01,746,train,normal,,1025,1281,1,a40dd8c78a4ee0a9d98e7b10e2a918037a3085b77541000b1289db18c6bedfed,,
1.0,G03-260201-121431-747,G03-260201-121431-747.bmp,G03,2026-02-01T12:14:31,2026-02-01,G03_2026-02-01,747,train,normal,,1025,1281,1,ae7047816c7fa5b8c5efad82edf5b98bce0b55a11c332219b7f557d201a8a23b,,
1.0,G03-260201-121454-748,G03-260201-121454-748.bmp,G03,2026-02-01T12:14:54,2026-02-01,G03_2026-02-01,748,train,normal,,1025,1281,1,c04b1df95ea7a5c67e318dc2df8cbf67e52641743150bd5c4b461d1e934086d6,,
1.0,G03-260201-121501-749,G03-260201-121501-749.bmp,G03,2026-02-01T12:15:01,2026-02-01,G03_2026-02-01,749,train,normal,,1025,1281,1,fdd972c2fd378ad01634f30f1b5880af75db42f8b2c22995a6e8f33161a85df0,,
1.0,G03-260201-121524-750,G03-260201-121524-750.bmp,G03,2026-02-01T12:15:24,2026-02-01,G03_2026-02-01,750,train,normal,,1025,1281,1,accd15c0b44c04ebfa62d80a2ea2d4cea0f3ba7468089d3b312745386bf578ba,,
1.0,G03-260201-121531-751,G03-260201-121531-751.bmp,G03,2026-02-01T12:15:31,2026-02-01,G03_2026-02-01,751,train,normal,,1025,1281,1,7fb0ce7c90be844f033571edde65f8c6d8fb435efd4da40d8b41b9d81ef3054e,,
1.0,G03-260201-121556-752,G03-260201-121556-752.bmp,G03,2026-02-01T12:15:56,2026-02-01,G03_2026-02-01,752,train,normal,,1025,1281,1,a9a5f67cc78111a390788fb50a00f5462fe0a6f55f2aee41a0e1219bc4aa7044,,
1.0,G03-260201-121602-753,G03-260201-121602-753.bmp,G03,2026-02-01T12:16:02,2026-02-01,G03_2026-02-01,753,train,normal,,1025,1281,1,ff06efc49a63509a2f41326f579ab3a078ff0c8e710621f04bbcb3b51d5ce1ca,,
1.0,G03-260201-121627-754,G03-260201-121627-754.bmp,G03,2026-02-01T12:16:27,2026-02-01,G03_2026-02-01,754,train,normal,,1025,1281,1,54de5d3c71b994e9cbe3f4b331dec75b59a1ebd01dfd8cdc803ee0c1e709fdad,,
1.0,G03-260201-121633-755,G03-260201-121633-755.bmp,G03,2026-02-01T12:16:33,2026-02-01,G03_2026-02-01,755,train,normal,,1025,1281,1,99548e8f73493e4321f17b7f385afcc9dbd7af4e4a1ba6c7414d8d18ff48e96a,,
1.0,G03-260201-121655-756,G03-260201-121655-756.bmp,G03,2026-02-01T12:16:55,2026-02-01,G03_2026-02-01,756,train,normal,,1025,1281,1,23e0972e1f1c76f0082ea2bfc9a5964d24a4d278adc8882d8266ede8c08cbf7e,,
1.0,G03-260201-121701-757,G03-260201-121701-757.bmp,G03,2026-02-01T12:17:01,2026-02-01,G03_2026-02-01,757,train,normal,,1025,1281,1,8f6c95fd86aa87af4a0decd130112bd2036aa33dfc4b277d6e0430792b22a0b7,,
1.0,G03-260201-121726-758,G03-260201-121726-758.bmp,G03,2026-02-01T12:17:26,2026-02-01,G03_2026-02-01,758,train,normal,,1025,1281,1,d7c89640181f88947489f356068270dd657fca5ced72611388c7baca38594cb2,,
1.0,G03-260201-121732-759,G03-260201-121732-759.bmp,G03,2026-02-01T12:17:32,2026-02-01,G03_2026-02-01,759,train,normal,,1025,1281,1,acb66d356faf9c0ec09fee7089e66df65ce12c4ac599eaf4333158c27800f5b9,,
1.0,G03-260201-121755-760,G03-260201-121755-760.bmp,G03,2026-02-01T12:17:55,2026-02-01,G03_2026-02-01,760,train,normal,,1025,1281,1,fa861373525fa713b2faf12b28e834ac6544a82bc239cf3d06da5824565180b0,,
1.0,G03-260201-121802-761,G03-260201-121802-761.bmp,G03,2026-02-01T12:18:02,2026-02-01,G03_2026-02-01,761,train,normal,,1025,1281,1,db6639185a80ebebf1820f26ad7715a544390f17349c048bd4ae6c6ec1ec4fe3,,
1.0,G03-260201-121823-762,G03-260201-121823-762.bmp,G03,2026-02-01T12:18:23,2026-02-01,G03_2026-02-01,762,train,normal,,1025,1281,1,2c9c948c2c62212dc451786e0f898502fce2c3c307fe543557f929b470695c84,,
1.0,G03-260201-121830-763,G03-260201-121830-763.bmp,G03,2026-02-01T12:18:30,2026-02-01,G03_2026-02-01,763,train,normal,,1025,1281,1,62a04994cbfa96bf87f7ec03c6a8b6ba2999650cc796bb4088469d26721f524a,,
1.0,G03-260201-121857-764,G03-260201-121857-764.bmp,G03,2026-02-01T12:18:57,2026-02-01,G03_2026-02-01,764,train,normal,,1025,1281,1,b62a47f6218e78edfbc3af9ff4a3d119b7b59f9faa11382173305b833c3ec01a,,
1.0,G03-260201-121903-765,G03-260201-121903-765.bmp,G03,2026-02-01T12:19:03,2026-02-01,G03_2026-02-01,765,train,normal,,1025,1281,1,561f9e2af6115a2d44f425eaab896cd90c6a59a9c7641a78aa6b56679b2dc52e,,
1.0,G03-260201-121926-766,G03-260201-121926-766.bmp,G03,2026-02-01T12:19:26,2026-02-01,G03_2026-02-01,766,train,normal,,1025,1281,1,566065094bc86e1645c4ace4c72580a5a0c6c5f9e2c9ef3857e2a1131a568a73,,
1.0,G03-260201-121932-767,G03-260201-121932-767.bmp,G03,2026-02-01T12:19:32,2026-02-01,G03_2026-02-01,767,train,normal,,1025,1281,1,ae35dffb16a9475ff5425eadd0138cf06430c9232b8363ca92a299cf987fa351,,
1.0,G03-260201-121956-768,G03-260201-121956-768.bmp,G03,2026-02-01T12:19:56,2026-02-01,G03_2026-02-01,768,train,normal,,1025,1281,1,e9288c9c52fcce9addfa1e28f2454449e88baa2a1ebed6811f8576a0c48402e8,,
1.0,G03-260201-122002-769,G03-260201-122002-769.bmp,G03,2026-02-01T12:20:02,2026-02-01,G03_2026-02-01,769,train,normal,,1025,1281,1,3621c5c282351373b20a4f22645be7940d770318bc1172bdcc3b4a20707175f5,,
1.0,G03-260201-122026-770,G03-260201-122026-770.bmp,G03,2026-02-01T12:20:26,2026-02-01,G03_2026-02-01,770,train,normal,,1025,1281,1,ab67a22c36e46e09e208a88c893f4bab21e0e2cd9e168b525f8a74a6713fedaa,,
1.0,G03-260201-122033-771,G03-260201-122033-771.bmp,G03,2026-02-01T12:20:33,2026-02-01,G03_2026-02-01,771,train,normal,,1025,1281,1,cfd750e58c1f118f6c405ccf8616f0f7f678a29f0cdf4bbd8356f7468a1a78c9,,
1.0,G03-260201-122051-772,G03-260201-122051-772.bmp,G03,2026-02-01T12:20:51,2026-02-01,G03_2026-02-01,772,train,normal,,1025,1281,1,762f3a73d10e3ebf61c9759dfc109bd4d53a0a0ebbdeff676c946932c91241f4,,
1.0,G03-260201-122131-773,G03-260201-122131-773.bmp,G03,2026-02-01T12:21:31,2026-02-01,G03_2026-02-01,773,train,normal,,1025,1281,1,85c994bf7f0c10baf2296ccc295c100a93ec5347d047d3d2147ecc01a35e5f35,,
1.0,G03-260201-122137-774,G03-260201-122137-774.bmp,G03,2026-02-01T12:21:37,2026-02-01,G03_2026-02-01,774,train,normal,,1025,1281,1,844fc62c96b352a43a1e287b9581aa7324d16d0b13484345ea5f6750eda8cf84,,
1.0,G03-260201-122144-775,G03-260201-122144-775.bmp,G03,2026-02-01T12:21:44,2026-02-01,G03_2026-02-01,775,train,normal,,1025,1281,1,7126d1ec48d4549a7074594788eee02fcdd2c38cdb07267cf933501bd1f5915f,,
1.0,G03-260201-122158-776,G03-260201-122158-776.bmp,G03,2026-02-01T12:21:58,2026-02-01,G03_2026-02-01,776,train,normal,,1025,1281,1,e32204669b1b3e00f7af55632b25760974c2677e93f4e64cfaf9738a5a0d766e,,
1.0,G03-260201-122204-777,G03-260201-122204-777.bmp,G03,2026-02-01T12:22:04,2026-02-01,G03_2026-02-01,777,train,normal,,1025,1281,1,8755972cafc065a834672c68d858812a47c9b2fb89ece3ce758b63d7e00e0979,,
1.0,G03-260201-122226-778,G03-260201-122226-778.bmp,G03,2026-02-01T12:22:26,2026-02-01,G03_2026-02-01,778,train,normal,,1025,1281,1,a8620f3c46117239dab6bc12068c636aa889ee22978ef9108dcf30c900293430,,
1.0,G03-260201-122233-779,G03-260201-122233-779.bmp,G03,2026-02-01T12:22:33,2026-02-01,G03_2026-02-01,779,train,normal,,1025,1281,1,901252db2f0a1f997f511e5f09770ecfa9f5c1726ea5e6c35eb812c2eed62328,,
1.0,G03-260201-122257-780,G03-260201-122257-780.bmp,G03,2026-02-01T12:22:57,2026-02-01,G03_2026-02-01,780,train,normal,,1025,1281,1,6d2ab1f26bd6f75677d45deab850a422db08bf6738bf5f572e281513afc8b679,,
1.0,G03-260201-122303-781,G03-260201-122303-781.bmp,G03,2026-02-01T12:23:03,2026-02-01,G03_2026-02-01,781,train,normal,,1025,1281,1,8df47280550958f0686175c345fd6bad293178b8d9a394be7c01b0d4e889cf79,,
1.0,G03-260201-122329-782,G03-260201-122329-782.bmp,G03,2026-02-01T12:23:29,2026-02-01,G03_2026-02-01,782,train,normal,,1025,1281,1,ace2bd28c3458505b9714b72790c58c99e1689eb04a4608813f58f02787888ee,,
1.0,G03-260201-122336-783,G03-260201-122336-783.bmp,G03,2026-02-01T12:23:36,2026-02-01,G03_2026-02-01,783,train,normal,,1025,1281,1,75eff3a239780ead683b55043ca2fbc3119b62c46ff1295e88b6275a96b6cc89,,
1.0,G03-260201-122358-784,G03-260201-122358-784.bmp,G03,2026-02-01T12:23:58,2026-02-01,G03_2026-02-01,784,train,normal,,1025,1281,1,e66b2b9be3ba1f4888125511e609954b28bac6ca41fd55484414fc6e11eb79fc,,
1.0,G03-260201-122405-785,G03-260201-122405-785.bmp,G03,2026-02-01T12:24:05,2026-02-01,G03_2026-02-01,785,train,normal,,1025,1281,1,7112c984570a56780b92d9d93729099a1125171e68dee9de9c090112400bb326,,
1.0,G03-260201-122428-786,G03-260201-122428-786.bmp,G03,2026-02-01T12:24:28,2026-02-01,G03_2026-02-01,786,train,normal,,1025,1281,1,4e29e614f078e93b568172e71d3acc16e88b88772644ecc0daa65dba5279b376,,
1.0,G03-260201-122434-787,G03-260201-122434-787.bmp,G03,2026-02-01T12:24:34,2026-02-01,G03_2026-02-01,787,train,normal,,1025,1281,1,32588138bf5bd2748079fca46b375252d0eea33a75dfa9d3051cedae72da410b,,
1.0,G03-260201-122459-788,G03-260201-122459-788.bmp,G03,2026-02-01T12:24:59,2026-02-01,G03_2026-02-01,788,train,normal,,1025,1281,1,739f9ba0151f796f621d09b8168983a9412da860d8182bf2e6e6ef5abd1b308b,,
1.0,G03-260201-122505-789,G03-260201-122505-789.bmp,G03,2026-02-01T12:25:05,2026-02-01,G03_2026-02-01,789,train,normal,,1025,1281,1,f532a1e1300e2fc20f5325544f57cd124fce0cb929db80f69f771998250be75e,,
1.0,G03-260201-122535-790,G03-260201-122535-790.bmp,G03,2026-02-01T12:25:35,2026-02-01,G03_2026-02-01,790,train,normal,,1025,1281,1,15918ef614f244c9658ccb3d1add72ed9f6a58def1915ff526b2e37fa194254e,,
1.0,G03-260201-122541-791,G03-260201-122541-791.bmp,G03,2026-02-01T12:25:41,2026-02-01,G03_2026-02-01,791,train,normal,,1025,1281,1,aeabe75fd6c25c57046058369b2dc5d5315b941c83e226ee25f21a86900651db,,
1.0,G03-260201-122547-792,G03-260201-122547-792.bmp,G03,2026-02-01T12:25:47,2026-02-01,G03_2026-02-01,792,train,normal,,1025,1281,1,29c0c50d9c400e8e69677e3424f69280a8b8d6f1f9aa5d998c449be2ce34fa2c,,
1.0,G03-260201-122558-793,G03-260201-122558-793.bmp,G03,2026-02-01T12:25:58,2026-02-01,G03_2026-02-01,793,train,normal,,1025,1281,1,10d4332c0d7cdb936d4228d5873e9abab9537a769e19925093796518785d115d,,
1.0,G03-260201-122628-794,G03-260201-122628-794.bmp,G03,2026-02-01T12:26:28,2026-02-01,G03_2026-02-01,794,train,normal,,1025,1281,1,641ec4de5e977b22d4aae56ed5d9d431a2ffa315759d561080805b963dc5a787,,
1.0,G03-260201-122634-795,G03-260201-122634-795.bmp,G03,2026-02-01T12:26:34,2026-02-01,G03_2026-02-01,795,train,normal,,1025,1281,1,7766995593835dea4152daca8f680003eb10578cdd7541fcbd11e42e649f03c4,,
1.0,G03-260201-122658-796,G03-260201-122658-796.bmp,G03,2026-02-01T12:26:58,2026-02-01,G03_2026-02-01,796,train,normal,,1025,1281,1,ccd19c32d2530cbfd2e99f91a8d09b944320af8233d56e97b8ac562a2b89106f,,
1.0,G03-260201-122705-797,G03-260201-122705-797.bmp,G03,2026-02-01T12:27:05,2026-02-01,G03_2026-02-01,797,train,normal,,1025,1281,1,8c4672fa33960aab45fefeae281a10ebb758dfe14ef3017eb918a600fedad74f,,
1.0,G03-260201-122728-798,G03-260201-122728-798.bmp,G03,2026-02-01T12:27:28,2026-02-01,G03_2026-02-01,798,train,normal,,1025,1281,1,83392bf31543d96b8737fece1654907f8ba02fa9da38d8f2d19fe1a3481b7a14,,
1.0,G03-260201-122735-799,G03-260201-122735-799.bmp,G03,2026-02-01T12:27:35,2026-02-01,G03_2026-02-01,799,train,normal,,1025,1281,1,bded35c90b382c688f39de6eb987e09ca16b5504821e0a64f8011d26948aa71a,,
1.0,G03-260201-122759-800,G03-260201-122759-800.bmp,G03,2026-02-01T12:27:59,2026-02-01,G03_2026-02-01,800,train,normal,,1025,1281,1,db89119a9c9ec7cba27e8162c864699456f9cb64b366ad67fbfd446042c16f8b,,
1.0,G03-260201-122805-801,G03-260201-122805-801.bmp,G03,2026-02-01T12:28:05,2026-02-01,G03_2026-02-01,801,train,normal,,1025,1281,1,081b7dcede167a6e9f8f00b1ba9ece40f7dc5f2ba9c871f9e00aad64d359d3a9,,
1.0,G03-260201-122831-802,G03-260201-122831-802.bmp,G03,2026-02-01T12:28:31,2026-02-01,G03_2026-02-01,802,train,normal,,1025,1281,1,b5ec58cf73f67815ee5e0ce76ca54aeb9aa7ec2f07693f64144228f00011aeb1,,
1.0,G03-260201-122837-803,G03-260201-122837-803.bmp,G03,2026-02-01T12:28:37,2026-02-01,G03_2026-02-01,803,train,normal,,1025,1281,1,15501351cd1b6a788069aa85a4f36a8bd789050960c06af09676914a9404698d,,
1.0,G03-260201-122900-804,G03-260201-122900-804.bmp,G03,2026-02-01T12:29:00,2026-02-01,G03_2026-02-01,804,train,normal,,1025,1281,1,de31b8ca441179c99474af4126c99a0f5856f9295b8cdbac9df68ae8edcc6fee,,
1.0,G03-260201-122906-805,G03-260201-122906-805.bmp,G03,2026-02-01T12:29:06,2026-02-01,G03_2026-02-01,805,train,normal,,1025,1281,1,683b63671da5245b9f5ef29cca9866ddb17d420812c95a302d40e895892032bd,,
1.0,G03-260201-122929-806,G03-260201-122929-806.bmp,G03,2026-02-01T12:29:29,2026-02-01,G03_2026-02-01,806,train,normal,,1025,1281,1,197ff2e2c949a786269d9748085d2775048e985f5687e95a24135e78ca170bd1,,
1.0,G03-260201-122936-807,G03-260201-122936-807.bmp,G03,2026-02-01T12:29:36,2026-02-01,G03_2026-02-01,807,train,normal,,1025,1281,1,daab11520bb90558c81a571e42c3d9267f286cd648eb4dd9403d293169e4e91e,,
1.0,G03-260201-123000-808,G03-260201-123000-808.bmp,G03,2026-02-01T12:30:00,2026-02-01,G03_2026-02-01,808,train,normal,,1025,1281,1,729d458f867ff49aa692e915086da83f39e5c9430a012b320b7c3af02a4a2213,,
1.0,G03-260201-123007-809,G03-260201-123007-809.bmp,G03,2026-02-01T12:30:07,2026-02-01,G03_2026-02-01,809,train,normal,,1025,1281,1,294dfe0a6f173593686be4760bf11e3c2b52bb5e0aabfea7d2287788430dbee8,,
1.0,G03-260201-123026-810,G03-260201-123026-810.bmp,G03,2026-02-01T12:30:26,2026-02-01,G03_2026-02-01,810,train,normal,,1025,1281,1,84b15e2e163061116c5d3c5c2d427160f7b4d26496c30be0f4689b9e34251464,,
1.0,G03-260201-123057-811,G03-260201-123057-811.bmp,G03,2026-02-01T12:30:57,2026-02-01,G03_2026-02-01,811,train,normal,,1025,1281,1,2feab3797b440c17d35c1eb89ce73eda4589be53bf857961a5007663702bbd6d,,
1.0,G03-260201-123104-812,G03-260201-123104-812.bmp,G03,2026-02-01T12:31:04,2026-02-01,G03_2026-02-01,812,train,normal,,1025,1281,1,58c1dbeff7cf54b2fc0761134033877250f06b127d7d2cfc17f590d24d875377,,
1.0,G03-260201-123110-813,G03-260201-123110-813.bmp,G03,2026-02-01T12:31:10,2026-02-01,G03_2026-02-01,813,train,normal,,1025,1281,1,9a2df28806bcdc393c756c03d48ac70b90b33a09226c2cd25951dcbf6f8076f6,,
1.0,G03-260201-123129-814,G03-260201-123129-814.bmp,G03,2026-02-01T12:31:29,2026-02-01,G03_2026-02-01,814,train,normal,,1025,1281,1,bf33b7ff63197bae01fd4f49a2caca467a259e18826542af0bdd79e6e8f3d3e5,,
1.0,G03-260201-123136-815,G03-260201-123136-815.bmp,G03,2026-02-01T12:31:36,2026-02-01,G03_2026-02-01,815,train,normal,,1025,1281,1,08b08879d9987f922e1798ce797f2fccf39650bee9fbb5e62df636c999a20c9a,,
1.0,G03-260201-123200-816,G03-260201-123200-816.bmp,G03,2026-02-01T12:32:00,2026-02-01,G03_2026-02-01,816,train,normal,,1025,1281,1,2bf510d252449f492b07c849338df959016f8682b963df49329ccc10988f1daf,,
1.0,G03-260201-123206-817,G03-260201-123206-817.bmp,G03,2026-02-01T12:32:06,2026-02-01,G03_2026-02-01,817,train,normal,,1025,1281,1,60afbf123de4e8c7d225e888c6ef7d44f85be87c691139acedef0ef44ae350de,,
1.0,G03-260201-123229-818,G03-260201-123229-818.bmp,G03,2026-02-01T12:32:29,2026-02-01,G03_2026-02-01,818,train,normal,,1025,1281,1,7d250a1ac9c860a9c547411f95efaeb8cecd7b09c219a221297c07c613281660,,
1.0,G03-260201-123235-819,G03-260201-123235-819.bmp,G03,2026-02-01T12:32:35,2026-02-01,G03_2026-02-01,819,train,normal,,1025,1281,1,641d9e1a71edccbc0a54ebc35f0d38e8eda35264da32ea5326033e816c8ef527,,
1.0,G03-260201-123258-820,G03-260201-123258-820.bmp,G03,2026-02-01T12:32:58,2026-02-01,G03_2026-02-01,820,train,normal,,1025,1281,1,76f0e471123d5f1eb2f6921f91e4e8ac4a5ec585dee2e431c963f6e3ccf20f37,,
1.0,G03-260201-123305-821,G03-260201-123305-821.bmp,G03,2026-02-01T12:33:05,2026-02-01,G03_2026-02-01,821,train,normal,,1025,1281,1,4a04ac06a175156406a20034cf8595e20c972436f64a8446a95f8f9c1060a431,,
1.0,G03-260201-123330-822,G03-260201-123330-822.bmp,G03,2026-02-01T12:33:30,2026-02-01,G03_2026-02-01,822,train,normal,,1025,1281,1,9022b27e17e6f9c693b196cb1872a673702bf452407e76e38ebeb3b2bea0fe69,,
1.0,G03-260201-123338-823,G03-260201-123338-823.bmp,G03,2026-02-01T12:33:38,2026-02-01,G03_2026-02-01,823,train,normal,,1025,1281,1,fbb361580f251c6818791798a441616b493ec52d15a53d867eaa2986d54cb56f,,
1.0,G03-260201-123358-824,G03-260201-123358-824.bmp,G03,2026-02-01T12:33:58,2026-02-01,G03_2026-02-01,824,train,normal,,1025,1281,1,5a9817177e592a0fde3ea36c1cb8eb1c108ea3bb84cdbd907bfdf17b9aa6e355,,
1.0,G03-260201-123412-825,G03-260201-123412-825.bmp,G03,2026-02-01T12:34:12,2026-02-01,G03_2026-02-01,825,train,normal,,1025,1281,1,a64628c915121fb75a7e8eae46d3f6764da1d90faeb25b050b92816e629b9a3c,,
1.0,G03-260201-123434-826,G03-260201-123434-826.bmp,G03,2026-02-01T12:34:34,2026-02-01,G03_2026-02-01,826,train,normal,,1025,1281,1,22cd7a323c3a4efac480900497539cdacb193c6f1ece83fbb36cd0c2fa4b9afd,,
1.0,G03-260201-123441-827,G03-260201-123441-827.bmp,G03,2026-02-01T12:34:41,2026-02-01,G03_2026-02-01,827,train,normal,,1025,1281,1,5c99a1b668ff8d163653f11a5c7905b9acca4080a27a28ed8896081153953dcb,,
1.0,G03-260201-123503-828,G03-260201-123503-828.bmp,G03,2026-02-01T12:35:03,2026-02-01,G03_2026-02-01,828,train,normal,,1025,1281,1,ce9a15e9e97e97d5a1f8fa19597da93bc41f4622adf2fd3f43072b7168d85639,,
1.0,G03-260201-123509-829,G03-260201-123509-829.bmp,G03,2026-02-01T12:35:09,2026-02-01,G03_2026-02-01,829,train,normal,,1025,1281,1,b343ec4d2fbd56353637dde559f728a2e424352859ca85ad84fb3b610e6e6858,,
1.0,G03-260201-123532-830,G03-260201-123532-830.bmp,G03,2026-02-01T12:35:32,2026-02-01,G03_2026-02-01,830,train,normal,,1025,1281,1,50a33c573562f882c9d2ef2814e7ab6579bf21038c55dbcba6faf95f679bf784,,
1.0,G03-260201-123538-831,G03-260201-123538-831.bmp,G03,2026-02-01T12:35:38,2026-02-01,G03_2026-02-01,831,train,normal,,1025,1281,1,dba573ed6fed87cd7c6ffdc5f2202be2cbfbd14fc30da0f9b2675b97808d6581,,
1.0,G03-260201-123601-832,G03-260201-123601-832.bmp,G03,2026-02-01T12:36:01,2026-02-01,G03_2026-02-01,832,train,normal,,1025,1281,1,496a17e3e0119631adbf1b0ac0b272b42fc69e3206c0d36f7fe144287d704646,,
1.0,G03-260201-123607-833,G03-260201-123607-833.bmp,G03,2026-02-01T12:36:07,2026-02-01,G03_2026-02-01,833,train,normal,,1025,1281,1,d226e5e6363ae740c82ced99c3cfe4775e6f17d0c8c426f753873582a5ff0f1b,,
1.0,G03-260201-123633-834,G03-260201-123633-834.bmp,G03,2026-02-01T12:36:33,2026-02-01,G03_2026-02-01,834,train,normal,,1025,1281,1,5bba92f9d36e7f0da63b71715513f2723ab17387c8af9ee3bd2d309335239f10,,
1.0,G03-260201-123639-835,G03-260201-123639-835.bmp,G03,2026-02-01T12:36:39,2026-02-01,G03_2026-02-01,835,train,normal,,1025,1281,1,1dcd10ee97f75a999150cfefc155536d1dc70affbc2e6e995df283d890f00eef,,
1.0,G03-260201-123703-836,G03-260201-123703-836.bmp,G03,2026-02-01T12:37:03,2026-02-01,G03_2026-02-01,836,train,normal,,1025,1281,1,d9c1e0bd21bf2c1927424b6f2668917daa55943cdff18c4e26313ada1f8e0445,,
1.0,G03-260201-123709-837,G03-260201-123709-837.bmp,G03,2026-02-01T12:37:09,2026-02-01,G03_2026-02-01,837,train,normal,,1025,1281,1,55b8f0c3c7e8e9feb72d5c1d4aa96f166802e3537bd57aa30b96464b68376f44,,
1.0,G03-260201-123731-838,G03-260201-123731-838.bmp,G03,2026-02-01T12:37:31,2026-02-01,G03_2026-02-01,838,train,normal,,1025,1281,1,02d55edc05a969687285c077b0679a9e8b530d6c6a6bfe5d02a22b919bc70261,,
1.0,G03-260201-123740-839,G03-260201-123740-839.bmp,G03,2026-02-01T12:37:40,2026-02-01,G03_2026-02-01,839,train,normal,,1025,1281,1,623140ea17d04746569bc2bb1b445f7aa233ae01b8c2fa6850611ccf2efcdf71,,
1.0,G03-260201-123757-840,G03-260201-123757-840.bmp,G03,2026-02-01T12:37:57,2026-02-01,G03_2026-02-01,840,train,normal,,1025,1281,1,7a0ad4a0c06e4cc63d1ac1d98daf00c81b82779450cae7b64c7b31c0d69fece8,,
1.0,G03-260201-123835-841,G03-260201-123835-841.bmp,G03,2026-02-01T12:38:35,2026-02-01,G03_2026-02-01,841,train,normal,,1025,1281,1,130aa64bf70764a840678942b8a94e6f073d8db271580aa973ae336b376d5cc4,,
1.0,G03-260201-123842-842,G03-260201-123842-842.bmp,G03,2026-02-01T12:38:42,2026-02-01,G03_2026-02-01,842,train,normal,,1025,1281,1,3a97a5ac5f2bac82dabcfc50ea56ea55917c92a12ca1c8ff839bfb534c5d32d7,,
1.0,G03-260201-123849-843,G03-260201-123849-843.bmp,G03,2026-02-01T12:38:49,2026-02-01,G03_2026-02-01,843,train,normal,,1025,1281,1,509c87d4e7f49dcaf4827323206d77a964138e4b4ac359a13968ddf0dd9d9feb,,
1.0,G03-260201-123905-844,G03-260201-123905-844.bmp,G03,2026-02-01T12:39:05,2026-02-01,G03_2026-02-01,844,train,normal,,1025,1281,1,496d90693f40bf36cc257a9874e2f67ee060b7c0125655fa5fd1340fcd64d8cc,,
1.0,G03-260201-123911-845,G03-260201-123911-845.bmp,G03,2026-02-01T12:39:11,2026-02-01,G03_2026-02-01,845,train,normal,,1025,1281,1,97577ded4c8e3fea6b1282e5d9654a0796faf290f482a4b59cb615c544429a72,,
1.0,G03-260201-123933-846,G03-260201-123933-846.bmp,G03,2026-02-01T12:39:33,2026-02-01,G03_2026-02-01,846,train,normal,,1025,1281,1,fb7c2754e6ede3a4296ba76688920a65813392cf19c089b91680afaf06f2facd,,
1.0,G03-260201-123939-847,G03-260201-123939-847.bmp,G03,2026-02-01T12:39:39,2026-02-01,G03_2026-02-01,847,train,normal,,1025,1281,1,ca06056edd0825ae70b0495b9642766295bb45ca116450e4a26b54052771dd89,,
1.0,G03-260201-124007-848,G03-260201-124007-848.bmp,G03,2026-02-01T12:40:07,2026-02-01,G03_2026-02-01,848,train,normal,,1025,1281,1,8192545b2d164aeeebdc1b2ec93b9f33146099988227a8a8e922bdb6dbdbf3c1,,
1.0,G03-260201-124013-849,G03-260201-124013-849.bmp,G03,2026-02-01T12:40:13,2026-02-01,G03_2026-02-01,849,train,normal,,1025,1281,1,24de2847409289e3a075f4d512ab813c4af1c84abc81e0d228da3dab722e156c,,
1.0,G03-260201-124033-850,G03-260201-124033-850.bmp,G03,2026-02-01T12:40:33,2026-02-01,G03_2026-02-01,850,train,normal,,1025,1281,1,3ea55b5d416a3353e53470438f9d4b12ec364d2ab457b7afc4c6fe35891d8a20,,
1.0,G03-260201-124039-851,G03-260201-124039-851.bmp,G03,2026-02-01T12:40:39,2026-02-01,G03_2026-02-01,851,train,normal,,1025,1281,1,f2fd1ad976b86a9a6abc1ef2a362e75634f8761f010cc3248bc596de25c8af9c,,
1.0,G03-260201-124105-852,G03-260201-124105-852.bmp,G03,2026-02-01T12:41:05,2026-02-01,G03_2026-02-01,852,train,normal,,1025,1281,1,29e4197d0ac6cdee136d321ba0f3b372cf84aab7f8ee3ae89c649ed891179de5,,
1.0,G03-260201-124111-853,G03-260201-124111-853.bmp,G03,2026-02-01T12:41:11,2026-02-01,G03_2026-02-01,853,train,normal,,1025,1281,1,4b573dce81dbedc6801fb2bc78b4472e1721d0005b6aa47aa1483e7b5e3d228c,,
1.0,G03-260201-124133-854,G03-260201-124133-854.bmp,G03,2026-02-01T12:41:33,2026-02-01,G03_2026-02-01,854,train,normal,,1025,1281,1,71699fd76d90990d97ef29ab58652b00e0d1bf0547a1789201d56dd4c7fc382a,,
1.0,G03-260201-124143-855,G03-260201-124143-855.bmp,G03,2026-02-01T12:41:43,2026-02-01,G03_2026-02-01,855,train,normal,,1025,1281,1,49fd0521bc170c3a0f65b3fe190468750cb9f19b114ce1117a84e67556e7c7f6,,
1.0,G03-260201-124206-856,G03-260201-124206-856.bmp,G03,2026-02-01T12:42:06,2026-02-01,G03_2026-02-01,856,train,normal,,1025,1281,1,d3aec8fe2ff9e83225c54e59922b58dbc7df59fa3fd7158575ad2f4c9444a0e6,,
1.0,G03-260201-124213-857,G03-260201-124213-857.bmp,G03,2026-02-01T12:42:13,2026-02-01,G03_2026-02-01,857,train,normal,,1025,1281,1,86abed8d29183da36040a9941f77d96ecbba7cf48bfa94053338805d4bd63810,,
1.0,G03-260201-124234-858,G03-260201-124234-858.bmp,G03,2026-02-01T12:42:34,2026-02-01,G03_2026-02-01,858,train,normal,,1025,1281,1,5aa021e55b31e767e3a370807fae54981874032937b4cfa5e77126fbfcb8049e,,
1.0,G03-260201-124240-859,G03-260201-124240-859.bmp,G03,2026-02-01T12:42:40,2026-02-01,G03_2026-02-01,859,train,normal,,1025,1281,1,cf9d42f24f5d42ecc7548d1085e248372bfd8412e74fed723b165e60eb81a0b5,,
1.0,G03-260201-124303-860,G03-260201-124303-860.bmp,G03,2026-02-01T12:43:03,2026-02-01,G03_2026-02-01,860,train,normal,,1025,1281,1,80b29ccd510f43b72003bca439c758fec62a14e165168e1b06ed917de71c877c,,
1.0,G03-260201-124310-861,G03-260201-124310-861.bmp,G03,2026-02-01T12:43:10,2026-02-01,G03_2026-02-01,861,train,normal,,1025,1281,1,0e71586c81a83e95a0a39e30c6956a49c8ce453a42aacc3bdb27d1f816a6d080,,
1.0,G03-260201-124334-862,G03-260201-124334-862.bmp,G03,2026-02-01T12:43:34,2026-02-01,G03_2026-02-01,862,train,normal,,1025,1281,1,ece871bcb5b6c1bddafeab5b6f9041519660820d0ba532ceacc5cc6ca903fcea,,
1.0,G03-260201-124340-863,G03-260201-124340-863.bmp,G03,2026-02-01T12:43:40,2026-02-01,G03_2026-02-01,863,train,normal,,1025,1281,1,d58e800463f253d46f15e4e72f1904d52e5305c12d7ea0bbc7cfc53cfe03dc96,,
1.0,G03-260201-124405-864,G03-260201-124405-864.bmp,G03,2026-02-01T12:44:05,2026-02-01,G03_2026-02-01,864,train,normal,,1025,1281,1,9f884e3afb4ce6a71d3da4b1842610d919290b4387e9f2ab7770907b0e0536c4,,
1.0,G03-260201-124412-865,G03-260201-124412-865.bmp,G03,2026-02-01T12:44:12,2026-02-01,G03_2026-02-01,865,train,normal,,1025,1281,1,68e504e9b43bed19825fb3f57245be9fd7764bfa45c6cee795d52789778cf780,,
1.0,G03-260201-124434-866,G03-260201-124434-866.bmp,G03,2026-02-01T12:44:34,2026-02-01,G03_2026-02-01,866,train,normal,,1025,1281,1,ad6afbb89115dfdc9853a56dab3d4a0f3e6b5d222a5616c9b5aa15e8c0e86168,,
1.0,G03-260201-124441-867,G03-260201-124441-867.bmp,G03,2026-02-01T12:44:41,2026-02-01,G03_2026-02-01,867,train,normal,,1025,1281,1,ab78d043783f9d99e796ab098112d2802c9fa75aa171fb4addc7ce4e944bbe40,,
1.0,G03-260201-124506-868,G03-260201-124506-868.bmp,G03,2026-02-01T12:45:06,2026-02-01,G03_2026-02-01,868,train,normal,,1025,1281,1,52672b1b40f641dce6a19db17ea4845a8d4bd43a4ded1ba8b4b7e44acc3a8845,,
1.0,G03-260201-124512-869,G03-260201-124512-869.bmp,G03,2026-02-01T12:45:12,2026-02-01,G03_2026-02-01,869,train,normal,,1025,1281,1,18f546d294b0d4f26549edf92fb87ac83fb790316bd72dc709c450e18941ebd3,,
1.0,G03-260201-124533-870,G03-260201-124533-870.bmp,G03,2026-02-01T12:45:33,2026-02-01,G03_2026-02-01,870,train,normal,,1025,1281,1,981a9273cfdea55b8501ecf1669e00c5fa688602c4c7747344224a7bf380785b,,
1.0,G03-260201-124540-871,G03-260201-124540-871.bmp,G03,2026-02-01T12:45:40,2026-02-01,G03_2026-02-01,871,train,normal,,1025,1281,1,b433657520ad8c3e2aa8796ae767d613e1461e0d905a849274d5bbd29e964978,,
1.0,G03-260201-124605-872,G03-260201-124605-872.bmp,G03,2026-02-01T12:46:05,2026-02-01,G03_2026-02-01,872,train,normal,,1025,1281,1,73fd0f46224b1bc9785ef82b88a8f3a967c97ab95abe226f01a84fc8c3b192b6,,
1.0,G03-260201-124611-873,G03-260201-124611-873.bmp,G03,2026-02-01T12:46:11,2026-02-01,G03_2026-02-01,873,train,normal,,1025,1281,1,9e04417da30b824bb3e8f653f5ca7431e293fce6d0d3a69f24f99d4e5787bfb0,,
1.0,G03-260201-124635-874,G03-260201-124635-874.bmp,G03,2026-02-01T12:46:35,2026-02-01,G03_2026-02-01,874,train,normal,,1025,1281,1,38d8bcb4b87d9d8b6dbb4bb004ee93b58e90eb693798140d7a1536c564cd6de8,,
1.0,G03-260201-124641-875,G03-260201-124641-875.bmp,G03,2026-02-01T12:46:41,2026-02-01,G03_2026-02-01,875,train,normal,,1025,1281,1,01f378fc2748a5544a55a0ee67c5263c1526b740001f26670769cc1984e9f7b6,,
1.0,G03-260201-124704-876,G03-260201-124704-876.bmp,G03,2026-02-01T12:47:04,2026-02-01,G03_2026-02-01,876,train,normal,,1025,1281,1,919d83d8272a7a9f7140268b88f30126dfb0b47ba8b67f20b13d02c315d7359d,,
1.0,G03-260201-124711-877,G03-260201-124711-877.bmp,G03,2026-02-01T12:47:11,2026-02-01,G03_2026-02-01,877,train,normal,,1025,1281,1,800be96dfec941987c9e445bfd2fe936c05fea0b4584ebd50c047db0a8e83584,,
1.0,G03-260201-124729-878,G03-260201-124729-878.bmp,G03,2026-02-01T12:47:29,2026-02-01,G03_2026-02-01,878,train,normal,,1025,1281,1,928ed7ace7df26960fbe912bf51ee85ff941edaab51f5370782b927b191102c4,,
1.0,G03-260201-124802-879,G03-260201-124802-879.bmp,G03,2026-02-01T12:48:02,2026-02-01,G03_2026-02-01,879,train,normal,,1025,1281,1,5f4c6b2cd7e851195c4793f1004c50c44ecd6b04c51020f67602b4ffa8ffe979,,
1.0,G03-260201-124808-880,G03-260201-124808-880.bmp,G03,2026-02-01T12:48:08,2026-02-01,G03_2026-02-01,880,train,normal,,1025,1281,1,d25dd2e26e891ee1882f0cdc6b023c9ca549d744908ea03391111c9e4e5feb1b,,
1.0,G03-260201-124848-881,G03-260201-124848-881.bmp,G03,2026-02-01T12:48:48,2026-02-01,G03_2026-02-01,881,train,normal,,1025,1281,1,695aa8f917e47832edbeaa864f83f434bc139a0736ba1c01de0a2eb9f010d849,,
1.0,G03-260201-124854-882,G03-260201-124854-882.bmp,G03,2026-02-01T12:48:54,2026-02-01,G03_2026-02-01,882,train,normal,,1025,1281,1,e31f31d298773e410f0ece9e07e362709eefd1fda1fa57fa35b69db4cf6d93b5,,
1.0,G03-260201-124900-883,G03-260201-124900-883.bmp,G03,2026-02-01T12:49:00,2026-02-01,G03_2026-02-01,883,train,normal,,1025,1281,1,affb15193f0fdb49e02487259a3164314b298558b615bac6f86b4c32a63f7a6b,,
1.0,G03-260201-124920-884,G03-260201-124920-884.bmp,G03,2026-02-01T12:49:20,2026-02-01,G03_2026-02-01,884,train,normal,,1025,1281,1,64a57c5682171544b4b3d3593400678d4d195b127f6bae1c5ff76de0f8bce31a,,
1.0,G03-260201-124926-885,G03-260201-124926-885.bmp,G03,2026-02-01T12:49:26,2026-02-01,G03_2026-02-01,885,train,normal,,1025,1281,1,0335e2c8b7e360ba124c655707d69dfe7aa1e5a7744573297dfbf8cafa28d68a,,
1.0,G03-260201-124933-886,G03-260201-124933-886.bmp,G03,2026-02-01T12:49:33,2026-02-01,G03_2026-02-01,886,train,normal,,1025,1281,1,bf3a544a7ebf2cab3b1bb65092cda9a2b8dd07b6d4cce5b7563ca4a19b794232,,
1.0,G03-260201-125011-887,G03-260201-125011-887.bmp,G03,2026-02-01T12:50:11,2026-02-01,G03_2026-02-01,887,train,normal,,1025,1281,1,350b6b0fd8ac320541fa1c0573f143ec78369907cc264581424155cab92bf3fd,,
1.0,G03-260201-125017-888,G03-260201-125017-888.bmp,G03,2026-02-01T12:50:17,2026-02-01,G03_2026-02-01,888,train,normal,,1025,1281,1,fd9258270111ebc69409c9ea5f72e1090ff6b47685c44eefcfaeba689eca327c,,
1.0,G03-260201-125025-889,G03-260201-125025-889.bmp,G03,2026-02-01T12:50:25,2026-02-01,G03_2026-02-01,889,train,normal,,1025,1281,1,5db1bb0226ea7799f9e74bf8668a9a427dcc3e6e64ff767df984639a26c8b7df,,
1.0,G03-260201-125037-890,G03-260201-125037-890.bmp,G03,2026-02-01T12:50:37,2026-02-01,G03_2026-02-01,890,train,normal,,1025,1281,1,9df6de7df4e28c03af40964e4337a4793d651e3145743d360250d2b80363e450,,
1.0,G03-260201-125043-891,G03-260201-125043-891.bmp,G03,2026-02-01T12:50:43,2026-02-01,G03_2026-02-01,891,train,normal,,1025,1281,1,116dacc72beb2872d5195b14c0f09ae5c0ed99e075b86f146317b98050484c14,,
1.0,G03-260201-125100-892,G03-260201-125100-892.bmp,G03,2026-02-01T12:51:00,2026-02-01,G03_2026-02-01,892,train,normal,,1025,1281,1,f5672d8f29c9190262ec885695062eb92f6615940bfdfe98924c70071ad01d99,,
1.0,G03-260201-125118-893,G03-260201-125118-893.bmp,G03,2026-02-01T12:51:18,2026-02-01,G03_2026-02-01,893,train,normal,,1025,1281,1,24b61ce0dc1328cf6289f98f70be77c73f72aac3b48d5ada4ed4ea1d687281d0,,
1.0,G03-260201-125139-894,G03-260201-125139-894.bmp,G03,2026-02-01T12:51:39,2026-02-01,G03_2026-02-01,894,train,normal,,1025,1281,1,a23481b9d513d8efba5ced4caf983a8caef4abf940677867929f2a23356db336,,
1.0,G03-260201-125146-895,G03-260201-125146-895.bmp,G03,2026-02-01T12:51:46,2026-02-01,G03_2026-02-01,895,train,normal,,1025,1281,1,57d1180c17bb50dd8d1a1ac5676afdb8bb5c05aeb2e7e18cd5b1ce7e6203a64e,,
1.0,G03-260201-125208-896,G03-260201-125208-896.bmp,G03,2026-02-01T12:52:08,2026-02-01,G03_2026-02-01,896,train,normal,,1025,1281,1,bd5413022e4f73d7d0d424406a12b24b24f867925f115b8f12483d46cbef5c08,,
1.0,G03-260201-125214-897,G03-260201-125214-897.bmp,G03,2026-02-01T12:52:14,2026-02-01,G03_2026-02-01,897,train,normal,,1025,1281,1,06d93f841d63d94642ae2d53e7324435d0c4a5d0ad996187da905364aa28b987,,
1.0,G03-260201-125238-898,G03-260201-125238-898.bmp,G03,2026-02-01T12:52:38,2026-02-01,G03_2026-02-01,898,train,normal,,1025,1281,1,ebba2f4026b997913bc901f4e761a6f08868adf6bbb7cf1b207702f22e42fd69,,
1.0,G03-260201-125244-899,G03-260201-125244-899.bmp,G03,2026-02-01T12:52:44,2026-02-01,G03_2026-02-01,899,train,normal,,1025,1281,1,a5949ff2d75dccbaa946ac427a16357cf3bdb8fa12a5585862eff4bfb91dd491,,
1.0,G03-260201-125306-900,G03-260201-125306-900.bmp,G03,2026-02-01T12:53:06,2026-02-01,G03_2026-02-01,900,train,normal,,1025,1281,1,0f2306a11599c441792475e2a9cdac5ed2739a9273057e3c1b6917ff270918b8,,
1.0,G03-260201-125313-901,G03-260201-125313-901.bmp,G03,2026-02-01T12:53:13,2026-02-01,G03_2026-02-01,901,train,normal,,1025,1281,1,8b607fbc0e729a5db31250c976cab6dc8107d63a8d392d03dca1db954c13c341,,
1.0,G03-260201-125337-902,G03-260201-125337-902.bmp,G03,2026-02-01T12:53:37,2026-02-01,G03_2026-02-01,902,train,normal,,1025,1281,1,c753e06702026618fea217aeaf850beacd503b9641b7f0ddc2f0a2c43c01025d,,
1.0,G03-260201-125343-903,G03-260201-125343-903.bmp,G03,2026-02-01T12:53:43,2026-02-01,G03_2026-02-01,903,train,normal,,1025,1281,1,4d2cba106f40e8a375f193664475b022bc36365deebeb13f8cd9cb8563a5c62e,,
1.0,G03-260201-125407-904,G03-260201-125407-904.bmp,G03,2026-02-01T12:54:07,2026-02-01,G03_2026-02-01,904,train,normal,,1025,1281,1,3767f40b96286d1f4cd34bf71010f69a365148d8a23818867dd4d4a7b453abcf,,
1.0,G03-260201-125414-905,G03-260201-125414-905.bmp,G03,2026-02-01T12:54:14,2026-02-01,G03_2026-02-01,905,train,normal,,1025,1281,1,9348190bda50551e14599e7cfcb595f37be4fd237930f68aba3a77b896663c40,,
1.0,G03-260201-125436-906,G03-260201-125436-906.bmp,G03,2026-02-01T12:54:36,2026-02-01,G03_2026-02-01,906,train,normal,,1025,1281,1,570b9d92d6c1a0d3e82c440edcadf32ece41c5d122233be0e200b441eb950ace,,
1.0,G03-260201-125443-907,G03-260201-125443-907.bmp,G03,2026-02-01T12:54:43,2026-02-01,G03_2026-02-01,907,train,normal,,1025,1281,1,3bdd37c827d696c91226e9924f5e5644047dc79966a1cfa5db8d060336bd90a3,,
1.0,G03-260201-125507-908,G03-260201-125507-908.bmp,G03,2026-02-01T12:55:07,2026-02-01,G03_2026-02-01,908,train,normal,,1025,1281,1,0491b2bb05b30a5fb35ff9195b68531bfa70589e276a24e263d92a90c8af2762,,
1.0,G03-260201-125514-909,G03-260201-125514-909.bmp,G03,2026-02-01T12:55:14,2026-02-01,G03_2026-02-01,909,train,normal,,1025,1281,1,b279a99e682e2918fcfb96c42a6c120b3adf2b9aa35a7f077e08ca8aaca0633e,,
1.0,G03-260201-125538-910,G03-260201-125538-910.bmp,G03,2026-02-01T12:55:38,2026-02-01,G03_2026-02-01,910,train,normal,,1025,1281,1,8cd0369da24eb7843707abe55938886985752c5d795b566df66ce6d9d07b9ad2,,
1.0,G03-260201-125545-911,G03-260201-125545-911.bmp,G03,2026-02-01T12:55:45,2026-02-01,G03_2026-02-01,911,train,normal,,1025,1281,1,fa3929216c43391f83e3a53f83b2bb148b01f230296ec9b24c6234d0a700cf70,,
1.0,G03-260201-125607-912,G03-260201-125607-912.bmp,G03,2026-02-01T12:56:07,2026-02-01,G03_2026-02-01,912,train,normal,,1025,1281,1,aea1b9215a1dfe9d105e4177a61cd35df04aa1fdb8c00d1e85c20bfd64c592ea,,
1.0,G03-260201-125613-913,G03-260201-125613-913.bmp,G03,2026-02-01T12:56:13,2026-02-01,G03_2026-02-01,913,train,normal,,1025,1281,1,adbd5a9d73b74f8bab0b79b08b49ead8bd11114d180e165323be3f8fce5a7507,,
1.0,G03-260201-125639-914,G03-260201-125639-914.bmp,G03,2026-02-01T12:56:39,2026-02-01,G03_2026-02-01,914,train,normal,,1025,1281,1,e23f27126d2ca412f5382cd74982e4169f33a204fda343b242cd055d29609152,,
1.0,G03-260201-125645-915,G03-260201-125645-915.bmp,G03,2026-02-01T12:56:45,2026-02-01,G03_2026-02-01,915,train,normal,,1025,1281,1,1ed0bba40b9c66ed7d596d807dd3bc15753789519aef4c104d554a4f5cbb0b9a,,
1.0,G03-260201-125707-916,G03-260201-125707-916.bmp,G03,2026-02-01T12:57:07,2026-02-01,G03_2026-02-01,916,train,normal,,1025,1281,1,a6e997fa977fb7bf7a0744562cb4834ef4aeb19832e5e75d162495245da2ee17,,
1.0,G03-260201-125714-917,G03-260201-125714-917.bmp,G03,2026-02-01T12:57:14,2026-02-01,G03_2026-02-01,917,train,normal,,1025,1281,1,ab520733658f1b7f8143d3fc0fad8d54f8384421edff4882daf7927e3fef7849,,
1.0,G03-260201-125738-918,G03-260201-125738-918.bmp,G03,2026-02-01T12:57:38,2026-02-01,G03_2026-02-01,918,train,normal,,1025,1281,1,cfe70a1621e8ec160a63ec974d2b501e6aed2c6381b3b9ea6f348be14bed4581,,
1.0,G03-260201-125745-919,G03-260201-125745-919.bmp,G03,2026-02-01T12:57:45,2026-02-01,G03_2026-02-01,919,train,normal,,1025,1281,1,64ea49471ba502901e6fd50bc0fac488b5ca3e099f12773a99f1c4c2c8a60ef7,,
1.0,G03-260201-125802-920,G03-260201-125802-920.bmp,G03,2026-02-01T12:58:02,2026-02-01,G03_2026-02-01,920,train,normal,,1025,1281,1,8a87aa8b5239d28ae5063a926fcd0826b3fb2fece593ec2be9706428a39db4bf,,
1.0,G03-260201-125842-921,G03-260201-125842-921.bmp,G03,2026-02-01T12:58:42,2026-02-01,G03_2026-02-01,921,train,normal,,1025,1281,1,0ac35be064b3f8a3a637a930b14e781dbe9f698389dca88cee9fc9f2b72abbda,,
1.0,G03-260201-125849-922,G03-260201-125849-922.bmp,G03,2026-02-01T12:58:49,2026-02-01,G03_2026-02-01,922,train,normal,,1025,1281,1,67de8ca0ff81f6452a8ade1f4953b6d8743d983359015011ca1aff8bf3f3db0e,,
1.0,G03-260201-125857-923,G03-260201-125857-923.bmp,G03,2026-02-01T12:58:57,2026-02-01,G03_2026-02-01,923,train,normal,,1025,1281,1,616a03cc4f08a108147712e04a17fd1b7541445757b58692d55a357bd0b767e3,,
1.0,G03-260201-125912-924,G03-260201-125912-924.bmp,G03,2026-02-01T12:59:12,2026-02-01,G03_2026-02-01,924,train,normal,,1025,1281,1,58ac2c1a3eedbb1945b96fb6ca9a2a58387407aa057d0f6ef72cb7cffef03a12,,
1.0,G03-260201-125918-925,G03-260201-125918-925.bmp,G03,2026-02-01T12:59:18,2026-02-01,G03_2026-02-01,925,train,normal,,1025,1281,1,a51831f39bb8e1edd6c2200b59680f95413b026e5ae9d8ed71c089cb278601e3,,
1.0,G03-260201-125945-926,G03-260201-125945-926.bmp,G03,2026-02-01T12:59:45,2026-02-01,G03_2026-02-01,926,train,normal,,1025,1281,1,29d83ba2973c3f5876cdc210b605b590c4a7cf62669a32e83ab30fc361d79405,,
1.0,G03-260201-125952-927,G03-260201-125952-927.bmp,G03,2026-02-01T12:59:52,2026-02-01,G03_2026-02-01,927,train,normal,,1025,1281,1,013ede944ca4a3acbbd9d6c2ddef32b826d83e921022d1d0d0bff9bad11d70ef,,
1.0,G03-260201-130005-928,G03-260201-130005-928.bmp,G03,2026-02-01T13:00:05,2026-02-01,G03_2026-02-01,928,train,normal,,1025,1281,1,ef21ab74181034817c64fccd40072775764c223149e96583b1555ae1b8a2ed26,,
1.0,G03-260201-130036-929,G03-260201-130036-929.bmp,G03,2026-02-01T13:00:36,2026-02-01,G03_2026-02-01,929,train,normal,,1025,1281,1,3e4bde9240aa56d586f092e4e2be795e1b35e265eca2d8d7ffb9aedda6e6ba40,,
1.0,G03-260201-130105-930,G03-260201-130105-930.bmp,G03,2026-02-01T13:01:05,2026-02-01,G03_2026-02-01,930,train,normal,,1025,1281,1,970717abc10e5fce0b0383b61a8829c7486d355f678d68583cf73ea6609b781b,,
1.0,G03-260201-130112-931,G03-260201-130112-931.bmp,G03,2026-02-01T13:01:12,2026-02-01,G03_2026-02-01,931,train,normal,,1025,1281,1,f8b127c435a84f7b9b71c48b049033d16f00760ad7e71899970dcf70d38cfee9,,
1.0,G03-260201-130118-932,G03-260201-130118-932.bmp,G03,2026-02-01T13:01:18,2026-02-01,G03_2026-02-01,932,train,normal,,1025,1281,1,982282fcc415eb3a68d661ced5b7789b1ba4c18e1ce6cb7b4a356909afc80a18,,
1.0,G03-260201-130126-933,G03-260201-130126-933.bmp,G03,2026-02-01T13:01:26,2026-02-01,G03_2026-02-01,933,train,normal,,1025,1281,1,b3830bb3c4c37a3c09e91755b2dbd216c169c7f6fa9f17253e840c4e57456271,,
1.0,G03-260201-130143-934,G03-260201-130143-934.bmp,G03,2026-02-01T13:01:43,2026-02-01,G03_2026-02-01,934,train,normal,,1025,1281,1,bee06e971d3359507ecede0b0181244a7b5bf54c8f8e95153536a2e0d8879262,,
1.0,G03-260201-130149-935,G03-260201-130149-935.bmp,G03,2026-02-01T13:01:49,2026-02-01,G03_2026-02-01,935,train,normal,,1025,1281,1,cc6ed6ac260cc9dfbb245609c89ecdd3f133370eefcf3d66592370a690bd63c6,,
1.0,G03-260201-130208-936,G03-260201-130208-936.bmp,G03,2026-02-01T13:02:08,2026-02-01,G03_2026-02-01,936,train,normal,,1025,1281,1,68c16474342b5a106b4d1f265fd9de69eb4b78874f30c0cf2b65e5abc16835ef,,
1.0,G03-260201-130215-937,G03-260201-130215-937.bmp,G03,2026-02-01T13:02:15,2026-02-01,G03_2026-02-01,937,train,normal,,1025,1281,1,139681bda443f163cdd60185db2b89270c47401dc9c59f42c116c50ed58e3a25,,
1.0,G03-260201-130240-938,G03-260201-130240-938.bmp,G03,2026-02-01T13:02:40,2026-02-01,G03_2026-02-01,938,train,normal,,1025,1281,1,7b11c57cc6c2d2b58f9e4dd5f5b166b9c2628c568c8477e3f90bb37c857566fc,,
1.0,G03-260201-130246-939,G03-260201-130246-939.bmp,G03,2026-02-01T13:02:46,2026-02-01,G03_2026-02-01,939,train,normal,,1025,1281,1,1bb35776d303df41f1733a79bfcebf7d4458dd9a8713c1651490fb9763707875,,
1.0,G03-260201-130309-940,G03-260201-130309-940.bmp,G03,2026-02-01T13:03:09,2026-02-01,G03_2026-02-01,940,train,normal,,1025,1281,1,8f656e7648e59330d88747d715d035e74e38199907a87db2707cc8b87dc21c06,,
1.0,G03-260201-130315-941,G03-260201-130315-941.bmp,G03,2026-02-01T13:03:15,2026-02-01,G03_2026-02-01,941,train,normal,,1025,1281,1,1139965bc49bae09c521fbab56abeddee68433a8348a569c8719ae195298453e,,
1.0,G03-260201-130340-942,G03-260201-130340-942.bmp,G03,2026-02-01T13:03:40,2026-02-01,G03_2026-02-01,942,train,normal,,1025,1281,1,17dc99d3661ea2131470c030292be8f52bf48286747edd56e12c5d5d7e584a8c,,
1.0,G03-260201-130347-943,G03-260201-130347-943.bmp,G03,2026-02-01T13:03:47,2026-02-01,G03_2026-02-01,943,train,normal,,1025,1281,1,9fec671df7c68c4703d3a0de43f07657d9f10e6e85b94eda591a0b6b372602ad,,
1.0,G03-260201-130410-944,G03-260201-130410-944.bmp,G03,2026-02-01T13:04:10,2026-02-01,G03_2026-02-01,944,train,normal,,1025,1281,1,1aea8711e639d0020d40b6e43a52de7862ecf4bafc9f2d4e6922c6635f4d92d3,,
1.0,G03-260201-130416-945,G03-260201-130416-945.bmp,G03,2026-02-01T13:04:16,2026-02-01,G03_2026-02-01,945,train,normal,,1025,1281,1,e504fb74db6485e068b8a68d77af6124f52cb2456495c6137f5ab99bc4c32963,,
1.0,G03-260201-130435-946,G03-260201-130435-946.bmp,G03,2026-02-01T13:04:35,2026-02-01,G03_2026-02-01,946,train,normal,,1025,1281,1,1444abe46e0e7f78266150977bba6100937703d5a63463d72bdd7eec9d14df8b,,
1.0,G03-260201-130513-947,G03-260201-130513-947.bmp,G03,2026-02-01T13:05:13,2026-02-01,G03_2026-02-01,947,train,normal,,1025,1281,1,43304ed19c6282643c0836debeabb5986a250534452f1b5fe6de29de4313747a,,
1.0,G03-260201-130520-948,G03-260201-130520-948.bmp,G03,2026-02-01T13:05:20,2026-02-01,G03_2026-02-01,948,train,normal,,1025,1281,1,3d01c30d8e9a02866d49ecf6b6f677e9ed81e4b6b8338d55beb43bb462f9a60b,,
1.0,G03-260201-130527-949,G03-260201-130527-949.bmp,G03,2026-02-01T13:05:27,2026-02-01,G03_2026-02-01,949,train,normal,,1025,1281,1,d29507faec22d756e7d2e48e3c20c3c8e3b41b6ec04010fa7b7e4d14c5d1d40b,,
1.0,G03-260201-130542-950,G03-260201-130542-950.bmp,G03,2026-02-01T13:05:42,2026-02-01,G03_2026-02-01,950,train,normal,,1025,1281,1,fb4c26dc25804b09f1702685884d9ada3fe8b5730046113051482a20202cf4bd,,
1.0,G03-260201-130548-951,G03-260201-130548-951.bmp,G03,2026-02-01T13:05:48,2026-02-01,G03_2026-02-01,951,train,normal,,1025,1281,1,8bd96edcf72e890dfdfc675d3d77c0ed11733cbd5d39d5b1904c43adbea1736e,,
1.0,G03-260201-130610-952,G03-260201-130610-952.bmp,G03,2026-02-01T13:06:10,2026-02-01,G03_2026-02-01,952,train,normal,,1025,1281,1,71970544f6e32f9a23e11f0ee0f85749ab4c61da5603479ad66d1fccdeedb49c,,
1.0,G03-260201-130616-953,G03-260201-130616-953.bmp,G03,2026-02-01T13:06:16,2026-02-01,G03_2026-02-01,953,train,normal,,1025,1281,1,21683339b8ae0c82fc6a692169a845d997b023da84b778d137c7aae407958f40,,
1.0,G03-260201-130640-954,G03-260201-130640-954.bmp,G03,2026-02-01T13:06:40,2026-02-01,G03_2026-02-01,954,train,normal,,1025,1281,1,93390234f339543d072900d46e6a2b871c5fee78eacdf01b0cd5f9b559c420a9,,
1.0,G03-260201-130648-955,G03-260201-130648-955.bmp,G03,2026-02-01T13:06:48,2026-02-01,G03_2026-02-01,955,train,normal,,1025,1281,1,22c9c6c3aa9ff04f6bfcd27d8d1d1d7962f834cd7e7bf4fa76c321791544e30f,,
1.0,G03-260201-130705-956,G03-260201-130705-956.bmp,G03,2026-02-01T13:07:05,2026-02-01,G03_2026-02-01,956,train,normal,,1025,1281,1,5c00260c623812c81f83ac09ae8e9d0a0dc435ad5acf86488ce9679ac0519218,,
1.0,G03-260201-130743-957,G03-260201-130743-957.bmp,G03,2026-02-01T13:07:43,2026-02-01,G03_2026-02-01,957,train,normal,,1025,1281,1,79cec02a403422c772d2272a65887c992552d99320d24c40ab594f587c43f893,,
1.0,G03-260201-130750-958,G03-260201-130750-958.bmp,G03,2026-02-01T13:07:50,2026-02-01,G03_2026-02-01,958,train,normal,,1025,1281,1,a0421d203e7707fbab78ff36039c4e1ef957f27a9d9841b00da8ce9fde07bbd9,,
1.0,G03-260201-130757-959,G03-260201-130757-959.bmp,G03,2026-02-01T13:07:57,2026-02-01,G03_2026-02-01,959,train,normal,,1025,1281,1,aa6b145f415dc76de41eb11dcd759d2df71872efc5bb7c4fd468fd393d24fc48,,
1.0,G03-260201-130814-960,G03-260201-130814-960.bmp,G03,2026-02-01T13:08:14,2026-02-01,G03_2026-02-01,960,train,normal,,1025,1281,1,fbfb18030e6c56af9e7c7fefc121f70c3b6f46b230a729dc510fd9b101c816c9,,
1.0,G03-260201-130821-961,G03-260201-130821-961.bmp,G03,2026-02-01T13:08:21,2026-02-01,G03_2026-02-01,961,train,normal,,1025,1281,1,7bb42b12925b60208340ec514a30bfc58452854af089bbf47b98d99d2f82344c,,
1.0,G03-260201-130840-962,G03-260201-130840-962.bmp,G03,2026-02-01T13:08:40,2026-02-01,G03_2026-02-01,962,train,normal,,1025,1281,1,f89bcc7100676f41db442c61a2bb3e72f347ae4ab52ab371987123b38acf6e64,,
1.0,G03-260201-130847-963,G03-260201-130847-963.bmp,G03,2026-02-01T13:08:47,2026-02-01,G03_2026-02-01,963,train,normal,,1025,1281,1,55b1af1d25cb5dc0854c5c606ef1211568ce388473ca84557c55d7dd20dc1841,,
1.0,G03-260201-130913-964,G03-260201-130913-964.bmp,G03,2026-02-01T13:09:13,2026-02-01,G03_2026-02-01,964,train,normal,,1025,1281,1,01e9a23eb5d28409c8647ded6ef719d89fd68bc09cd07dec59234ecf62794fe5,,
1.0,G03-260201-130919-965,G03-260201-130919-965.bmp,G03,2026-02-01T13:09:19,2026-02-01,G03_2026-02-01,965,train,normal,,1025,1281,1,ffbd584bd1fac946e21f67559e280cf640ddbdb6cde2d8c5b6400b7c3448cb70,,
1.0,G03-260201-130941-966,G03-260201-130941-966.bmp,G03,2026-02-01T13:09:41,2026-02-01,G03_2026-02-01,966,train,normal,,1025,1281,1,3ab2fef4d7f100c3d1a55c2ab35cf3324ad6e1f424c7b1d76da2687ef89ea697,,
1.0,G03-260201-130948-967,G03-260201-130948-967.bmp,G03,2026-02-01T13:09:48,2026-02-01,G03_2026-02-01,967,train,normal,,1025,1281,1,c81cde881a759f24d62d8d374963018a39203afb8afdb27d67e2b35903745052,,
1.0,G03-260201-131006-968,G03-260201-131006-968.bmp,G03,2026-02-01T13:10:06,2026-02-01,G03_2026-02-01,968,train,normal,,1025,1281,1,e0d3125ef6fcec9c10d6ce7879373705b3504f65c3853fa925962a1147c086ac,,
1.0,G03-260201-131045-969,G03-260201-131045-969.bmp,G03,2026-02-01T13:10:45,2026-02-01,G03_2026-02-01,969,train,normal,,1025,1281,1,1c8d34dfb0e9fb53891b7b89174d446e64748b340230679fbbea088f411977d5,,
1.0,G03-260201-131053-970,G03-260201-131053-970.bmp,G03,2026-02-01T13:10:53,2026-02-01,G03_2026-02-01,970,train,normal,,1025,1281,1,80bac8746d59d5f3d0d0d886e6c50738f11bc6aaf5e10fcd75fc96f4c9922188,,
1.0,G03-260201-131059-971,G03-260201-131059-971.bmp,G03,2026-02-01T13:10:59,2026-02-01,G03_2026-02-01,971,train,normal,,1025,1281,1,f3fc22e8a0e2732f4d2ef1043ddb34bbf757389d37074005af71d440c4aac409,,
1.0,G03-260201-131133-972,G03-260201-131133-972.bmp,G03,2026-02-01T13:11:33,2026-02-01,G03_2026-02-01,972,train,normal,,1025,1281,1,bd3506b7adc9549cc4273ad1cb7f6d25e71f752bafa235769ae4e2f92d2adce1,,
1.0,G03-260201-131140-973,G03-260201-131140-973.bmp,G03,2026-02-01T13:11:40,2026-02-01,G03_2026-02-01,973,train,normal,,1025,1281,1,04c4ea156f01e3888a4dbd628d241ca23362fbb3aad7fe90fe2f0f8631fa3fd7,,
1.0,G03-260201-131158-974,G03-260201-131158-974.bmp,G03,2026-02-01T13:11:58,2026-02-01,G03_2026-02-01,974,train,normal,,1025,1281,1,9880bbab9405cf131582f70753062d2e862cd54df93be0eb0e84fc7c2ce5e68a,,
1.0,G03-260201-131204-975,G03-260201-131204-975.bmp,G03,2026-02-01T13:12:04,2026-02-01,G03_2026-02-01,975,train,normal,,1025,1281,1,cb5b3c887579a68c8088e0e3e9c50c2a6088953a70f6b77f92fe3c606b31fc7f,,
1.0,G03-260201-131215-976,G03-260201-131215-976.bmp,G03,2026-02-01T13:12:15,2026-02-01,G03_2026-02-01,976,train,normal,,1025,1281,1,6e043ed30368a5cb0a98023948d7caa8bd3fedd1d9f16dc631e1ebd653051ae9,,
1.0,G03-260201-131221-977,G03-260201-131221-977.bmp,G03,2026-02-01T13:12:21,2026-02-01,G03_2026-02-01,977,train,normal,,1025,1281,1,b6bfb2979762989d1779ea2e32719e6ee4be7423da1298118fa07aadd3dbac6a,,
1.0,G03-260201-131241-978,G03-260201-131241-978.bmp,G03,2026-02-01T13:12:41,2026-02-01,G03_2026-02-01,978,train,normal,,1025,1281,1,f7ae0e157033ad3c3df33e3f972f402e18802299a9b117e1a7d29c18a59d7476,,
1.0,G03-260201-131248-979,G03-260201-131248-979.bmp,G03,2026-02-01T13:12:48,2026-02-01,G03_2026-02-01,979,train,normal,,1025,1281,1,81e0133886751d9582203f5d3e814b645325adbbbccdb453f2a573bab4f6b6be,,
1.0,G03-260201-131307-980,G03-260201-131307-980.bmp,G03,2026-02-01T13:13:07,2026-02-01,G03_2026-02-01,980,train,normal,,1025,1281,1,91843a585578acd8a0a2f00cd1ce4f881900312b5b993c3cc7af333067aaa4ca,,
1.0,G03-260201-131330-981,G03-260201-131330-981.bmp,G03,2026-02-01T13:13:30,2026-02-01,G03_2026-02-01,981,train,normal,,1025,1281,1,2160f1d071cbcde3509e8bb8173d8f5a94dcb021cc6e1cf3413fda855c2c8728,,
1.0,G03-260201-131346-982,G03-260201-131346-982.bmp,G03,2026-02-01T13:13:46,2026-02-01,G03_2026-02-01,982,train,normal,,1025,1281,1,5961aaffcb2b2a4f3b5b979b12c8fa2c62866fb05e1a816c2e19938898cbdb86,,
1.0,G03-260201-131352-983,G03-260201-131352-983.bmp,G03,2026-02-01T13:13:52,2026-02-01,G03_2026-02-01,983,train,normal,,1025,1281,1,8d42693b043d4a6507cb519f89e3bd8034927f564d6be2dc9a2cf4c45dc53cf2,,
1.0,G03-260201-131417-984,G03-260201-131417-984.bmp,G03,2026-02-01T13:14:17,2026-02-01,G03_2026-02-01,984,train,normal,,1025,1281,1,93266bbf92072184d61303b9a2e8b15177f994de0a40a019abc6cdbb09521657,,
1.0,G03-260201-131423-985,G03-260201-131423-985.bmp,G03,2026-02-01T13:14:23,2026-02-01,G03_2026-02-01,985,train,normal,,1025,1281,1,7871ecb331eeb3898d96aea74d5f0fe9b249094e305be435068f50821596e582,,
1.0,G03-260201-131438-986,G03-260201-131438-986.bmp,G03,2026-02-01T13:14:38,2026-02-01,G03_2026-02-01,986,train,normal,,1025,1281,1,7ad27f8d834b2da45b5765c6f57894a8b36df0b1079884730aff2ac62b1bc5b7,,
1.0,G03-260201-131459-987,G03-260201-131459-987.bmp,G03,2026-02-01T13:14:59,2026-02-01,G03_2026-02-01,987,train,normal,,1025,1281,1,f6f9b5a79f357a42c8bbd402e8b14fe5f8fda151c00125b632f7d2d6d5a4de9c,,
1.0,G03-260201-131515-988,G03-260201-131515-988.bmp,G03,2026-02-01T13:15:15,2026-02-01,G03_2026-02-01,988,train,normal,,1025,1281,1,32f88ffc4921e0d0b843cb98c1e03fb415fbe1cc163683c643371a684725dc64,,
1.0,G03-260201-131521-989,G03-260201-131521-989.bmp,G03,2026-02-01T13:15:21,2026-02-01,G03_2026-02-01,989,train,normal,,1025,1281,1,14bd446e8688c22b36a44f20b23eb54c500ef24340b1e631e01d0c6b2dfc90a4,,
1.0,G03-260201-131544-990,G03-260201-131544-990.bmp,G03,2026-02-01T13:15:44,2026-02-01,G03_2026-02-01,990,train,normal,,1025,1281,1,69147967d3ed1b4eb18e0440163cc152a1980ca6dbba8de81e201024ce7b4acb,,
1.0,G03-260201-131551-991,G03-260201-131551-991.bmp,G03,2026-02-01T13:15:51,2026-02-01,G03_2026-02-01,991,train,normal,,1025,1281,1,711deb7b6045c33e0835a75d8a295c99f11af93e2b97ea6c4e7748b8adc7a67b,,
1.0,G03-260201-131613-992,G03-260201-131613-992.bmp,G03,2026-02-01T13:16:13,2026-02-01,G03_2026-02-01,992,train,normal,,1025,1281,1,0a40e47eb16c213d9c6aa0bc165af5d56a1c237af4b10d5f531825bcf5b52965,,
1.0,G03-260201-131619-993,G03-260201-131619-993.bmp,G03,2026-02-01T13:16:19,2026-02-01,G03_2026-02-01,993,train,normal,,1025,1281,1,1de7377a7079a2b34c6ff54a48a13b251a1221a8471a62f618c92e5777959026,,
1.0,G03-260201-131637-994,G03-260201-131637-994.bmp,G03,2026-02-01T13:16:37,2026-02-01,G03_2026-02-01,994,train,normal,,1025,1281,1,4bbb6e7b283e8cb4958140b4d4f1270d8af054a42ec7306fbd7cb9706f99e793,,
1.0,G03-260201-131659-995,G03-260201-131659-995.bmp,G03,2026-02-01T13:16:59,2026-02-01,G03_2026-02-01,995,train,normal,,1025,1281,1,42b3ba63feca2ff06705021396133aa8a53782c7402bd5c831dbc8716f01eacc,,
1.0,G03-260201-131709-996,G03-260201-131709-996.bmp,G03,2026-02-01T13:17:09,2026-02-01,G03_2026-02-01,996,train,normal,,1025,1281,1,22907751eaa6857fe3ac3b9a0777ac423bbdafa61b2937477b2b0ab33dcf197b,,
1.0,G03-260201-131732-997,G03-260201-131732-997.bmp,G03,2026-02-01T13:17:32,2026-02-01,G03_2026-02-01,997,train,normal,,1025,1281,1,c65dee6204983c4d9b425bd5b2e8220f7199b8158b9c08e3898ae0cf656ded90,,
1.0,G03-260201-131750-998,G03-260201-131750-998.bmp,G03,2026-02-01T13:17:50,2026-02-01,G03_2026-02-01,998,train,normal,,1025,1281,1,a2e833fcee04e00970626c1542b1a9b84f171833f033513eb8363ec6dd7f3929,,
1.0,G03-260201-131756-999,G03-260201-131756-999.bmp,G03,2026-02-01T13:17:56,2026-02-01,G03_2026-02-01,999,train,normal,,1025,1281,1,99436fb80f90098f13f2fb645b39c038d0639bfc765e62b303b333606424d618,,
1.0,G03-260201-131816-000,G03-260201-131816-000.bmp,G03,2026-02-01T13:18:16,2026-02-01,G03_2026-02-01,0,train,normal,,1025,1281,1,eee7b51d1cdab2d914804ee15a660efbf9cc246e76dc6f45be0a584e68b78a95,,
1.0,G03-260201-131823-001,G03-260201-131823-001.bmp,G03,2026-02-01T13:18:23,2026-02-01,G03_2026-02-01,1,train,normal,,1025,1281,1,66f950fd8342d4101bd547a667159cc43c993cedad4941217ce39a5c5830797a,,
1.0,G03-260201-131847-002,G03-260201-131847-002.bmp,G03,2026-02-01T13:18:47,2026-02-01,G03_2026-02-01,2,train,normal,,1025,1281,1,b5b41dec5d5bdb722752b9b359d1191e0ad71caf08f9083a7fe37c73b9310b46,,
1.0,G03-260201-131853-003,G03-260201-131853-003.bmp,G03,2026-02-01T13:18:53,2026-02-01,G03_2026-02-01,3,train,normal,,1025,1281,1,128c4b69da77e769dd0bd60700bf3f2035a4dfe8b0ab2de4c3415081cbe64547,,
1.0,G03-260201-131915-004,G03-260201-131915-004.bmp,G03,2026-02-01T13:19:15,2026-02-01,G03_2026-02-01,4,train,normal,,1025,1281,1,eccf66f8950f429ec5ce37c2b9e40bdc13bde76ee073fc1525ad80a75c3a6240,,
1.0,G03-260201-131924-005,G03-260201-131924-005.bmp,G03,2026-02-01T13:19:24,2026-02-01,G03_2026-02-01,5,train,normal,,1025,1281,1,f516034f1b0f1360667b19ccc3147b3b2e67c5916efea07cdb07429e40579ba3,,
1.0,G03-260201-131938-006,G03-260201-131938-006.bmp,G03,2026-02-01T13:19:38,2026-02-01,G03_2026-02-01,6,train,normal,,1025,1281,1,36bc0b26daa521a48d5443515feb75a12c3c9fcf8967ed9f071af1ac2a6e7322,,
1.0,G03-260201-132018-007,G03-260201-132018-007.bmp,G03,2026-02-01T13:20:18,2026-02-01,G03_2026-02-01,7,train,normal,,1025,1281,1,918bd329cb5bf5c58d7ce5ce2ff40044b7e2c793baaed1533cb393e4b58a76e8,,
1.0,G03-260201-132030-008,G03-260201-132030-008.bmp,G03,2026-02-01T13:20:30,2026-02-01,G03_2026-02-01,8,train,normal,,1025,1281,1,9757ac8a3fc91c0e7b09dd4691ae8db68d576726e3d8762b01db2bf7805fad36,,
1.0,G03-260201-132037-009,G03-260201-132037-009.bmp,G03,2026-02-01T13:20:37,2026-02-01,G03_2026-02-01,9,train,normal,,1025,1281,1,de302eb4fa32e92db1bf63fc427289e06fbf026a10313b0d7787b7af4cc067e4,,
1.0,G03-260201-132048-010,G03-260201-132048-010.bmp,G03,2026-02-01T13:20:48,2026-02-01,G03_2026-02-01,10,train,normal,,1025,1281,1,5d6c074d7a4609c3884f65743189c1fd2b58efa95828018eb226abaf9eae8b60,,
1.0,G03-260201-132054-011,G03-260201-132054-011.bmp,G03,2026-02-01T13:20:54,2026-02-01,G03_2026-02-01,11,train,normal,,1025,1281,1,b094db51eb2eee5aa914f568511a49cec9c15f974d6ad6d6210d61c581c0f867,,
1.0,G03-260201-132114-012,G03-260201-132114-012.bmp,G03,2026-02-01T13:21:14,2026-02-01,G03_2026-02-01,12,train,normal,,1025,1281,1,fb8e80c99f7784aa84caf226fd7ab3edfdade9afbc10c31b0933ab9dedb8643e,,
1.0,G03-260201-132123-013,G03-260201-132123-013.bmp,G03,2026-02-01T13:21:23,2026-02-01,G03_2026-02-01,13,train,normal,,1025,1281,1,f6b496b2e2fa0c4fb3b0cb56454b7cf02036c8bf43ff71f246e5f99f50d0bdaa,,
1.0,G03-260201-132146-014,G03-260201-132146-014.bmp,G03,2026-02-01T13:21:46,2026-02-01,G03_2026-02-01,14,train,normal,,1025,1281,1,a8926a22528ba39ecc1fcb086ee59e4d92d5a8dff475580cc6859502056849e3,,
1.0,G03-260201-132152-015,G03-260201-132152-015.bmp,G03,2026-02-01T13:21:52,2026-02-01,G03_2026-02-01,15,train,normal,,1025,1281,1,d6fa1c5076d613bfc72317850c3b92505abc5ddb87966b6271b0b5b4ea68d654,,
1.0,G03-260201-132216-016,G03-260201-132216-016.bmp,G03,2026-02-01T13:22:16,2026-02-01,G03_2026-02-01,16,train,normal,,1025,1281,1,8e30c0ce1c20fce35ae46eb603bd0607bf9b159a9fed7af49050afc42cbb0e24,,
1.0,G03-260201-132223-017,G03-260201-132223-017.bmp,G03,2026-02-01T13:22:23,2026-02-01,G03_2026-02-01,17,train,normal,,1025,1281,1,0ac4b59f92ab33006441802bebdd12ccf0e082ccd53d6cd394eb8f45905a411d,,
1.0,G03-260201-132245-018,G03-260201-132245-018.bmp,G03,2026-02-01T13:22:45,2026-02-01,G03_2026-02-01,18,train,normal,,1025,1281,1,0691f01641408a154a7af0e1779b0f80dc8afc2fd26a75d9df87831cb73ae836,,
1.0,G03-260201-132252-019,G03-260201-132252-019.bmp,G03,2026-02-01T13:22:52,2026-02-01,G03_2026-02-01,19,train,normal,,1025,1281,1,b5e7efe093b98039d50969b3031efeb354a8d9f9669dcce6a39736295582b584,,
1.0,G03-260201-132315-020,G03-260201-132315-020.bmp,G03,2026-02-01T13:23:15,2026-02-01,G03_2026-02-01,20,train,normal,,1025,1281,1,f99f69471477c609b60f3cd979c117feb6140d30a20aa72415c73b2ca87fede5,,
1.0,G03-260201-132322-021,G03-260201-132322-021.bmp,G03,2026-02-01T13:23:22,2026-02-01,G03_2026-02-01,21,train,normal,,1025,1281,1,4c4f7cb688b1e332a494ec7010b73a10843a9f45700e6b8192d5813d6b2c8d83,,
1.0,G03-260201-132344-022,G03-260201-132344-022.bmp,G03,2026-02-01T13:23:44,2026-02-01,G03_2026-02-01,22,train,normal,,1025,1281,1,946bbf84b404162943e781827dc9b8f19b5d2ec89a69244ea91caa72341f8738,,
1.0,G03-260201-132352-023,G03-260201-132352-023.bmp,G03,2026-02-01T13:23:52,2026-02-01,G03_2026-02-01,23,train,normal,,1025,1281,1,686782b99060e72f46e95ffc3d65849f2a8d0d79cb34a3ba3c73bc4d477d0432,,
1.0,G03-260201-132412-024,G03-260201-132412-024.bmp,G03,2026-02-01T13:24:12,2026-02-01,G03_2026-02-01,24,train,normal,,1025,1281,1,861754b2bce58f68c6aedaed4e7d8bf406aeaa9c1d2433687d47c11b9bb77580,,
1.0,G03-260201-132436-025,G03-260201-132436-025.bmp,G03,2026-02-01T13:24:36,2026-02-01,G03_2026-02-01,25,train,normal,,1025,1281,1,1dc0e605ab2ef93280d71cdd415aaeedb2962e25d40a6795179866dbc4068b02,,
1.0,G03-260201-132449-026,G03-260201-132449-026.bmp,G03,2026-02-01T13:24:49,2026-02-01,G03_2026-02-01,26,train,normal,,1025,1281,1,b7189a23eac8214b8e90d2c9a9ddfb9c6d09e2180f044081dbf2a799d4ca6e37,,
1.0,G03-260201-132456-027,G03-260201-132456-027.bmp,G03,2026-02-01T13:24:56,2026-02-01,G03_2026-02-01,27,train,normal,,1025,1281,1,99e30708da22b3f0a3643d3970d543eb40c490b57124646b7fc260ac35f2e6d4,,
1.0,G03-260201-132519-028,G03-260201-132519-028.bmp,G03,2026-02-01T13:25:19,2026-02-01,G03_2026-02-01,28,train,normal,,1025,1281,1,8abdb05f582af39c3a18acf45351d67dbea3e2774b0b9436037c4ddb8613e639,,
1.0,G03-260201-132525-029,G03-260201-132525-029.bmp,G03,2026-02-01T13:25:25,2026-02-01,G03_2026-02-01,29,train,normal,,1025,1281,1,8b94a039f9bfd88fad462988ea394752535a0ca82b442d8219efea9bd9b5d3f8,,
1.0,G03-260201-132547-030,G03-260201-132547-030.bmp,G03,2026-02-01T13:25:47,2026-02-01,G03_2026-02-01,30,train,normal,,1025,1281,1,9357eff369d0fbaf730ab6393a7c021dc2cdae86e35a86efed109cce95b6cac4,,
1.0,G03-260201-132554-031,G03-260201-132554-031.bmp,G03,2026-02-01T13:25:54,2026-02-01,G03_2026-02-01,31,train,normal,,1025,1281,1,6f489427064b6f5cede6c33a5f71914d2c7bd6ceb57531e82958b27c0ad4e515,,
1.0,G03-260201-132617-032,G03-260201-132617-032.bmp,G03,2026-02-01T13:26:17,2026-02-01,G03_2026-02-01,32,train,normal,,1025,1281,1,c8616ef8de724e549cf756fffeae06990eb86fce3989274989bf7b2236f2a1a1,,
1.0,G03-260201-132623-033,G03-260201-132623-033.bmp,G03,2026-02-01T13:26:23,2026-02-01,G03_2026-02-01,33,train,normal,,1025,1281,1,7476f849f3f2e1af8643e1913c02a6ce81115d448f20da611ee0cb8a42b2c848,,
1.0,G03-260201-132647-034,G03-260201-132647-034.bmp,G03,2026-02-01T13:26:47,2026-02-01,G03_2026-02-01,34,train,normal,,1025,1281,1,e2e0c901a4c7893070aee1374b4b2e8b5d36766c37b85073796b298575d91226,,
1.0,G03-260201-132653-035,G03-260201-132653-035.bmp,G03,2026-02-01T13:26:53,2026-02-01,G03_2026-02-01,35,train,normal,,1025,1281,1,60f814c1442472aa096544179357114d7cf2d19a1fbb806a263295ee89a9a01b,,
1.0,G03-260201-132710-036,G03-260201-132710-036.bmp,G03,2026-02-01T13:27:10,2026-02-01,G03_2026-02-01,36,train,normal,,1025,1281,1,698f657a68eccd4c6acdb86ab02d320aaf780c32cdf2007b047dde87b08267a0,,
1.0,G03-260201-132750-037,G03-260201-132750-037.bmp,G03,2026-02-01T13:27:50,2026-02-01,G03_2026-02-01,37,train,normal,,1025,1281,1,b9f61d10c2b32ad15529e43ac57adecb6d7c6e2ad30b2ac0dde84aac770fab3a,,
1.0,G03-260201-132757-038,G03-260201-132757-038.bmp,G03,2026-02-01T13:27:57,2026-02-01,G03_2026-02-01,38,train,normal,,1025,1281,1,4aa6682262a1b3ce56591323e50441307b8b6753526f38747a28552940dcf8e4,,
1.0,G03-260201-132804-039,G03-260201-132804-039.bmp,G03,2026-02-01T13:28:04,2026-02-01,G03_2026-02-01,39,train,normal,,1025,1281,1,b8715d4b773d9ef637088e065cc9831d363fc31c0cfb0ae38539dc2764ad8ab6,,
1.0,G03-260201-132820-040,G03-260201-132820-040.bmp,G03,2026-02-01T13:28:20,2026-02-01,G03_2026-02-01,40,train,normal,,1025,1281,1,99bb5e0313bd1cab6f990e368560dfdb9c5056fcb3781ff8bf955a1951656646,,
1.0,G03-260201-132826-041,G03-260201-132826-041.bmp,G03,2026-02-01T13:28:26,2026-02-01,G03_2026-02-01,41,train,normal,,1025,1281,1,034c55cb60ffae57a47b4bf90e6daf8d3a9c87d1296373497aa6cacb70107c8a,,
1.0,G03-260201-132840-042,G03-260201-132840-042.bmp,G03,2026-02-01T13:28:40,2026-02-01,G03_2026-02-01,42,train,normal,,1025,1281,1,24c1415c7c894e39d90418447ad1582df0adf7d420d6363a8bac98ec232e388b,,
1.0,G03-260201-132905-043,G03-260201-132905-043.bmp,G03,2026-02-01T13:29:05,2026-02-01,G03_2026-02-01,43,train,normal,,1025,1281,1,a37714c1e7dd429b86af37ef9666a3ce42dbed0d2a49789ed3ae2381df060a47,,
1.0,G03-260201-132914-044,G03-260201-132914-044.bmp,G03,2026-02-01T13:29:14,2026-02-01,G03_2026-02-01,44,train,normal,,1025,1281,1,bbb9818e52b6078eb2e891abf5a091ffb402319b2df42cb2ecb493bdf166ee25,,
1.0,G03-260201-132943-045,G03-260201-132943-045.bmp,G03,2026-02-01T13:29:43,2026-02-01,G03_2026-02-01,45,train,normal,,1025,1281,1,cd366c22babf155dbc8f0f43e1836e56758d702c777f6b0baf33c73c62a61e8b,,
1.0,G03-260201-132953-046,G03-260201-132953-046.bmp,G03,2026-02-01T13:29:53,2026-02-01,G03_2026-02-01,46,train,normal,,1025,1281,1,5ae72d8bd97006945f6c3635060553958e7521783070c6d5acbe3b88c9774019,,
1.0,G03-260201-133006-047,G03-260201-133006-047.bmp,G03,2026-02-01T13:30:06,2026-02-01,G03_2026-02-01,47,train,normal,,1025,1281,1,5556f5243f4e635225c70da82ef8bb2470642f9a9e84f9dd0f81556338bd2fcc,,
1.0,G03-260201-133018-048,G03-260201-133018-048.bmp,G03,2026-02-01T13:30:18,2026-02-01,G03_2026-02-01,48,train,normal,,1025,1281,1,adc7187251047a37c251ec4d12d7890dc4ad0bd837f427fe5b91a415da04fa25,,
1.0,G03-260201-133025-049,G03-260201-133025-049.bmp,G03,2026-02-01T13:30:25,2026-02-01,G03_2026-02-01,49,train,normal,,1025,1281,1,910a1d301f4dea0e50523020eef4f8b74331191974cfcf462b9ba662bdc3df7a,,
1.0,G03-260201-133041-050,G03-260201-133041-050.bmp,G03,2026-02-01T13:30:41,2026-02-01,G03_2026-02-01,50,train,normal,,1025,1281,1,e38563c38cbd4d5b981bb58bbebfcf4c436285fe0f4b4f0d7c7c316fd2dd228f,,
1.0,G03-260201-133121-051,G03-260201-133121-051.bmp,G03,2026-02-01T13:31:21,2026-02-01,G03_2026-02-01,51,train,normal,,1025,1281,1,433da7c686ca233c4d3c0059a389a373e1661dc6dfd2fd6134e04e290218f938,,
1.0,G03-260201-133127-052,G03-260201-133127-052.bmp,G03,2026-02-01T13:31:27,2026-02-01,G03_2026-02-01,52,train,normal,,1025,1281,1,f3b19eac509e1f8fc66e3e825393f9040f79629eb84bbf5d24e44b48d1858df4,,
1.0,G03-260201-133135-053,G03-260201-133135-053.bmp,G03,2026-02-01T13:31:35,2026-02-01,G03_2026-02-01,53,train,normal,,1025,1281,1,20853a3f536275366deac2afa5454d5b15a2b638e94e940f340945380be041da,,
1.0,G03-260201-133151-054,G03-260201-133151-054.bmp,G03,2026-02-01T13:31:51,2026-02-01,G03_2026-02-01,54,train,normal,,1025,1281,1,c819d0ff060637e389302e3e3f4107b6fe6a7a17c0234131489179f767ea07d4,,
1.0,G03-260201-133157-055,G03-260201-133157-055.bmp,G03,2026-02-01T13:31:57,2026-02-01,G03_2026-02-01,55,train,normal,,1025,1281,1,c62f232017864852326853bf2b2ec740d5566aa69cd3e2700be1f3050183fed1,,
1.0,G03-260201-133217-056,G03-260201-133217-056.bmp,G03,2026-02-01T13:32:17,2026-02-01,G03_2026-02-01,56,train,normal,,1025,1281,1,f0c17949ebc2140f5c627d468857bde4411a993c25faa6f8d0ed4c4743ccbad4,,
1.0,G03-260201-133243-057,G03-260201-133243-057.bmp,G03,2026-02-01T13:32:43,2026-02-01,G03_2026-02-01,57,train,normal,,1025,1281,1,18bc06f8810a7338d6d52bfe791872673bdd06df11ae46bdf8e3549affd8ad4e,,
1.0,G03-260201-133323-058,G03-260201-133323-058.bmp,G03,2026-02-01T13:33:23,2026-02-01,G03_2026-02-01,58,train,normal,,1025,1281,1,89f1c4c73eb3806d3107d175e68acef179fc1921684185cbefef3529dbd47c68,,
1.0,G03-260201-133329-059,G03-260201-133329-059.bmp,G03,2026-02-01T13:33:29,2026-02-01,G03_2026-02-01,59,train,normal,,1025,1281,1,484503d72eaceae4927abe9a45b180cc1fa04babe4a362968049d5fe073a950a,,
1.0,G03-260201-133335-060,G03-260201-133335-060.bmp,G03,2026-02-01T13:33:35,2026-02-01,G03_2026-02-01,60,train,normal,,1025,1281,1,a8892ba8b50192dc128baad819c4060d880a7603369a309bfa806d43359266d1,,
1.0,G03-260201-133350-061,G03-260201-133350-061.bmp,G03,2026-02-01T13:33:50,2026-02-01,G03_2026-02-01,61,train,normal,,1025,1281,1,32d3e36cf12a9af1dc948c0e416a8b75965779f5c7f9e827c4920c40dc4507c1,,
1.0,G03-260201-133357-062,G03-260201-133357-062.bmp,G03,2026-02-01T13:33:57,2026-02-01,G03_2026-02-01,62,train,normal,,1025,1281,1,2d49919bd624bfd22c6e7e90fd269f06f72cde66a0a7590c437567056b1fbc41,,
1.0,G03-260201-133417-063,G03-260201-133417-063.bmp,G03,2026-02-01T13:34:17,2026-02-01,G03_2026-02-01,63,train,normal,,1025,1281,1,a045d4bf80a9368696b7f042d8187a46a0b44dec1477bcd8de5dd354db69bf5e,,
1.0,G03-260201-133425-064,G03-260201-133425-064.bmp,G03,2026-02-01T13:34:25,2026-02-01,G03_2026-02-01,64,train,normal,,1025,1281,1,d702f231bd9f1ae25d4cb2f22425b0b09eb40d16a1b90c8f700cd8d7351f10f0,,
1.0,G03-260201-133444-065,G03-260201-133444-065.bmp,G03,2026-02-01T13:34:44,2026-02-01,G03_2026-02-01,65,train,normal,,1025,1281,1,c59e370e1838367e85eeb7c293959a2436364c3f99c757ae10e8c25921df753f,,
1.0,G03-260201-133522-066,G03-260201-133522-066.bmp,G03,2026-02-01T13:35:22,2026-02-01,G03_2026-02-01,66,train,normal,,1025,1281,1,f0b0c9f6ae499e9f67af96153e8b6eab8ba0d8325b85ef29743aa41e3fb17670,,
1.0,G03-260201-133528-067,G03-260201-133528-067.bmp,G03,2026-02-01T13:35:28,2026-02-01,G03_2026-02-01,67,train,normal,,1025,1281,1,9e71bbb76da1886586e7e6eb3cbb54f78c34731c09a6abd3df83db57ef51ac17,,
1.0,G03-260201-133536-068,G03-260201-133536-068.bmp,G03,2026-02-01T13:35:36,2026-02-01,G03_2026-02-01,68,train,normal,,1025,1281,1,4c03c59be001280bc0f7df5df494ddd125d580d8c701e1528266cced523593c0,,
1.0,G03-260201-133550-069,G03-260201-133550-069.bmp,G03,2026-02-01T13:35:50,2026-02-01,G03_2026-02-01,69,train,normal,,1025,1281,1,b896e0bd05d5d5115e733df409a592564ca0d77e5870d130454e2ae7ba0c960a,,
1.0,G03-260201-133557-070,G03-260201-133557-070.bmp,G03,2026-02-01T13:35:57,2026-02-01,G03_2026-02-01,70,train,normal,,1025,1281,1,bc6c7dfb6f4c5e31d833648e612efcf9b42910cccd08ae315dadf8e3112c21ff,,
1.0,G03-260201-133613-071,G03-260201-133613-071.bmp,G03,2026-02-01T13:36:13,2026-02-01,G03_2026-02-01,71,train,normal,,1025,1281,1,81af3babdb6cdccb9f9a7a2ab9e0c74f85883016d7ffe1c9e0efaedb8289c6ac,,
1.0,G03-260201-133653-072,G03-260201-133653-072.bmp,G03,2026-02-01T13:36:53,2026-02-01,G03_2026-02-01,72,train,normal,,1025,1281,1,7e86e3c11a3126f1804fd378847bc40dbc6f27e2ed71694a10b323f4348902e9,,
1.0,G03-260201-133659-073,G03-260201-133659-073.bmp,G03,2026-02-01T13:36:59,2026-02-01,G03_2026-02-01,73,train,normal,,1025,1281,1,c397fe8cd7f96f3b96b5d67d64130dd0f86a2e71da74a2f7f9bef04f90fe0ced,,
1.0,G03-260201-133706-074,G03-260201-133706-074.bmp,G03,2026-02-01T13:37:06,2026-02-01,G03_2026-02-01,74,train,normal,,1025,1281,1,3324934641fea7b8a9904e52c9ebfa32fc56ebc9cf7766222c596a073e7b0e18,,
1.0,G03-260201-133736-075,G03-260201-133736-075.bmp,G03,2026-02-01T13:37:36,2026-02-01,G03_2026-02-01,75,train,normal,,1025,1281,1,6bd66cd538cb6dc88a1455bd5b139dc64be2f881eff4f4b7d8a415fe727ee152,,
1.0,G03-260201-133742-076,G03-260201-133742-076.bmp,G03,2026-02-01T13:37:42,2026-02-01,G03_2026-02-01,76,train,normal,,1025,1281,1,be1b7b7f633e4c902dcf5f93ad752a7013c8170d3f50a40d66f05bf594d278c9,,
1.0,G03-260201-133749-077,G03-260201-133749-077.bmp,G03,2026-02-01T13:37:49,2026-02-01,G03_2026-02-01,77,train,normal,,1025,1281,1,1ab5439551cdf0518bf4405405cde1496694c8e49cab631f15c7eaaafa3bd033,,
1.0,G03-260201-133807-078,G03-260201-133807-078.bmp,G03,2026-02-01T13:38:07,2026-02-01,G03_2026-02-01,78,train,normal,,1025,1281,1,2af56ba420d75ab7404ee0137a3ba773a36ace6feaeb6ac4cc61504a76e9ae36,,
1.0,G03-260201-133848-079,G03-260201-133848-079.bmp,G03,2026-02-01T13:38:48,2026-02-01,G03_2026-02-01,79,train,normal,,1025,1281,1,37cdd2d5a9f9e37ea4508c949fe54365883b0f2ba19d9ba3d19b271bb7fba6fa,,
1.0,G03-260201-133854-080,G03-260201-133854-080.bmp,G03,2026-02-01T13:38:54,2026-02-01,G03_2026-02-01,80,train,normal,,1025,1281,1,17a60fafb346f92802dbc241aa089b83d14b6362621f331d7015464309d518d6,,
1.0,G03-260201-133901-081,G03-260201-133901-081.bmp,G03,2026-02-01T13:39:01,2026-02-01,G03_2026-02-01,81,train,normal,,1025,1281,1,227850a3f172027863c254fe73ca1bfc505358241309615e5724c934e784cfb6,,
1.0,G03-260201-133907-082,G03-260201-133907-082.bmp,G03,2026-02-01T13:39:07,2026-02-01,G03_2026-02-01,82,train,normal,,1025,1281,1,9f3b89f4b94dedab734c1afa65bd63ecb1e5ff0ba083880696ec1456d37ca741,,
1.0,G03-260201-133926-083,G03-260201-133926-083.bmp,G03,2026-02-01T13:39:26,2026-02-01,G03_2026-02-01,83,train,normal,,1025,1281,1,efdf748ffceaf9d5ce320e2e90a56e0b292cbb253e10e877ae8b0b4532e4b8a9,,
1.0,G03-260201-133932-084,G03-260201-133932-084.bmp,G03,2026-02-01T13:39:32,2026-02-01,G03_2026-02-01,84,train,normal,,1025,1281,1,2a17c44101d7887d051be62576f0ed03a6edc4bddebc15e26b81bf0643cb66a0,,
1.0,G03-260201-134018-085,G03-260201-134018-085.bmp,G03,2026-02-01T13:40:18,2026-02-01,G03_2026-02-01,85,train,normal,,1025,1281,1,d782e7bd9220adcc5ab411e0130285ad4d046e19e725d60ce34a78e8efe38340,,
1.0,G03-260201-134024-086,G03-260201-134024-086.bmp,G03,2026-02-01T13:40:24,2026-02-01,G03_2026-02-01,86,train,normal,,1025,1281,1,88fd63144c96f6689e26fc8c95b9e6dedbcdc152463d08e4d04d85a5ea876cda,,
1.0,G03-260201-134030-087,G03-260201-134030-087.bmp,G03,2026-02-01T13:40:30,2026-02-01,G03_2026-02-01,87,train,normal,,1025,1281,1,fa072f9da76e6488ac2adcbdb1668c90b6a356fc5b8526a13867654283f4410d,,
1.0,G03-260201-134037-088,G03-260201-134037-088.bmp,G03,2026-02-01T13:40:37,2026-02-01,G03_2026-02-01,88,train,normal,,1025,1281,1,0fb7dfacb6b1f8426b3441ecd88c9891f2819bde6c9b07dd57c84ab47e8fa490,,
1.0,G03-260201-134056-089,G03-260201-134056-089.bmp,G03,2026-02-01T13:40:56,2026-02-01,G03_2026-02-01,89,train,normal,,1025,1281,1,1e6639616a34eab83605753186b2c950842932bd08cf8db9be4463c151404bd7,,
1.0,G03-260201-134102-090,G03-260201-134102-090.bmp,G03,2026-02-01T13:41:02,2026-02-01,G03_2026-02-01,90,train,normal,,1025,1281,1,03669a42d25d3394a41e4931ea997e23a1b0c0ca993e46e054c0fe0752e77893,,
1.0,G03-260201-134146-091,G03-260201-134146-091.bmp,G03,2026-02-01T13:41:46,2026-02-01,G03_2026-02-01,91,train,normal,,1025,1281,1,27ff455df45ba8cf6a767c1a920b4c0371a6bbe052e754dab0542eee6070bd31,,
1.0,G03-260201-134153-092,G03-260201-134153-092.bmp,G03,2026-02-01T13:41:53,2026-02-01,G03_2026-02-01,92,train,normal,,1025,1281,1,88be697a4bfef2a54707e514f7929664d321a47a78faba287bfb2e234c1781f2,,
1.0,G03-260201-134200-093,G03-260201-134200-093.bmp,G03,2026-02-01T13:42:00,2026-02-01,G03_2026-02-01,93,train,normal,,1025,1281,1,991d4c164c9dce294d97513babc33353976776ff3d1b06cd6c8d62bd5db547a2,,
1.0,G03-260201-134208-094,G03-260201-134208-094.bmp,G03,2026-02-01T13:42:08,2026-02-01,G03_2026-02-01,94,train,normal,,1025,1281,1,855414c1b7de657f5129b55eded3e745045aa693f7031e3faa4c6abf5eff1275,,
1.0,G03-260201-134224-095,G03-260201-134224-095.bmp,G03,2026-02-01T13:42:24,2026-02-01,G03_2026-02-01,95,train,normal,,1025,1281,1,4e55f087be6fc5f5a44bf2f4ea3d8621f252be0849ab5400633ad4c54de43ad1,,
1.0,G03-260201-134230-096,G03-260201-134230-096.bmp,G03,2026-02-01T13:42:30,2026-02-01,G03_2026-02-01,96,train,normal,,1025,1281,1,106cd662fbeb62bda301e75a209d5ae4b4ca29058809d84debae82fcd4cf6c78,,
1.0,G03-260201-134319-097,G03-260201-134319-097.bmp,G03,2026-02-01T13:43:19,2026-02-01,G03_2026-02-01,97,train,normal,,1025,1281,1,77ab8c183dd3244df62e5dd0ca689cd9fab7e7cb65d25fb311d96364c6f8e393,,
1.0,G03-260201-134325-098,G03-260201-134325-098.bmp,G03,2026-02-01T13:43:25,2026-02-01,G03_2026-02-01,98,train,normal,,1025,1281,1,2f72e0c43b5cf4d1e53bd05edc7ce53843ac4140ddad47dd186a6ca5c23653f8,,
1.0,G03-260201-134331-099,G03-260201-134331-099.bmp,G03,2026-02-01T13:43:31,2026-02-01,G03_2026-02-01,99,train,normal,,1025,1281,1,9f0c27ca1a2e2a4cbd24c53e02cb5e7677782cece7da85b509684f56a51ecf65,,
1.0,G03-260201-134338-100,G03-260201-134338-100.bmp,G03,2026-02-01T13:43:38,2026-02-01,G03_2026-02-01,100,train,normal,,1025,1281,1,fe0a13d7380b56db097877f4928e76ffddac25779482d46407e64d3cea91412f,,
1.0,G03-260201-134354-101,G03-260201-134354-101.bmp,G03,2026-02-01T13:43:54,2026-02-01,G03_2026-02-01,101,train,normal,,1025,1281,1,639dac755ea4087891fee6e46c95a5f1650e16125a1e428072aa5e13bcd2374e,,
1.0,G03-260201-134401-102,G03-260201-134401-102.bmp,G03,2026-02-01T13:44:01,2026-02-01,G03_2026-02-01,102,train,normal,,1025,1281,1,d538a44724ffd31bf5b696eeaa270b9cdfede8ccf12d1859a90fdcfaa12d767d,,
1.0,G03-260201-134421-103,G03-260201-134421-103.bmp,G03,2026-02-01T13:44:21,2026-02-01,G03_2026-02-01,103,train,normal,,1025,1281,1,df9dc34e45427e4ca8c5ecef1a0cf87cb0152c8cdf6e6886cb1e39256b6b66d9,,
1.0,G03-260201-134429-104,G03-260201-134429-104.bmp,G03,2026-02-01T13:44:29,2026-02-01,G03_2026-02-01,104,train,normal,,1025,1281,1,5fbdcc961c33f7dc56f58ff7a91f8efe9e0741f15eab2b12fbac5c1325415523,,
1.0,G03-260201-134450-105,G03-260201-134450-105.bmp,G03,2026-02-01T13:44:50,2026-02-01,G03_2026-02-01,105,train,normal,,1025,1281,1,3d7dd8df9b69401c9ee0720cb0267f9737e382a044a08f04cfaf83bf3f7ac04c,,
1.0,G03-260201-134518-106,G03-260201-134518-106.bmp,G03,2026-02-01T13:45:18,2026-02-01,G03_2026-02-01,106,train,normal,,1025,1281,1,3b922ccc633f846b06ca6642bb44426cab5dbacf520d0a385f3c0bcf66490a59,,
1.0,G03-260201-134548-107,G03-260201-134548-107.bmp,G03,2026-02-01T13:45:48,2026-02-01,G03_2026-02-01,107,train,normal,,1025,1281,1,14634ff97a0c122c182ece7c707c0ed55c5e58b97b12385c6543220ac2496891,,
1.0,G03-260201-134554-108,G03-260201-134554-108.bmp,G03,2026-02-01T13:45:54,2026-02-01,G03_2026-02-01,108,train,normal,,1025,1281,1,ca7b0a9a7641e1d9c0af0da8c071a2705bc9d50da941bbf61714689d73938949,,
1.0,G03-260201-134601-109,G03-260201-134601-109.bmp,G03,2026-02-01T13:46:01,2026-02-01,G03_2026-02-01,109,train,normal,,1025,1281,1,804bbfa77fbaecfb8a7deed5795186e261b943626c79ca7ecbb2da49db3afdac,,
1.0,G03-260201-134607-110,G03-260201-134607-110.bmp,G03,2026-02-01T13:46:07,2026-02-01,G03_2026-02-01,110,train,normal,,1025,1281,1,f3d420ad835af5dc2d1e7700cac231ff0317c2da21b7c87c959e13f67a031697,,
1.0,G03-260201-134625-111,G03-260201-134625-111.bmp,G03,2026-02-01T13:46:25,2026-02-01,G03_2026-02-01,111,train,normal,,1025,1281,1,4eabea04976e385692f0426e3a4f0284c1485c8fe09ef04106277ea83fd23731,,
1.0,G03-260201-134631-112,G03-260201-134631-112.bmp,G03,2026-02-01T13:46:31,2026-02-01,G03_2026-02-01,112,train,normal,,1025,1281,1,826caa494e89495ac4b7f7c5c981bd73c4fa51f4d56506ff44a6d68eedca97a1,,
1.0,G03-260201-134651-113,G03-260201-134651-113.bmp,G03,2026-02-01T13:46:51,2026-02-01,G03_2026-02-01,113,train,normal,,1025,1281,1,187f546ff0e90f3e75e5702e7c5d8d00140e5074dc8797c4eb18e05241c4e0b2,,
1.0,G03-260201-134658-114,G03-260201-134658-114.bmp,G03,2026-02-01T13:46:58,2026-02-01,G03_2026-02-01,114,train,normal,,1025,1281,1,4cb0b96c44d9b3d9187ac76ad6c0c819b169a113747cab38ce08a5b374cc2ae7,,
1.0,G03-260201-134716-115,G03-260201-134716-115.bmp,G03,2026-02-01T13:47:16,2026-02-01,G03_2026-02-01,115,train,normal,,1025,1281,1,d4db1c52f3ac631bea67f0a85be86764f3d8c9a838a3a7c2efde7b96bb97a235,,
1.0,G03-260201-134757-116,G03-260201-134757-116.bmp,G03,2026-02-01T13:47:57,2026-02-01,G03_2026-02-01,116,train,normal,,1025,1281,1,25fe4b617ccbfa1d00970ba5078d159a3b4ae791991576c2532d48c26da718d1,,
1.0,G03-260201-134803-117,G03-260201-134803-117.bmp,G03,2026-02-01T13:48:03,2026-02-01,G03_2026-02-01,117,train,normal,,1025,1281,1,90da9d51fcba601cac8511c7c71ce709dd44bb687be91426b0a1ef5702fdaded,,
1.0,G03-260201-134810-118,G03-260201-134810-118.bmp,G03,2026-02-01T13:48:10,2026-02-01,G03_2026-02-01,118,train,normal,,1025,1281,1,633b963885aa59ca365b4f30ee4f738635d0015cfc7a49ddab034868956dd211,,
1.0,G03-260201-134841-119,G03-260201-134841-119.bmp,G03,2026-02-01T13:48:41,2026-02-01,G03_2026-02-01,119,train,normal,,1025,1281,1,2820fe1f5ef2fb9642676f5187a5c0878419fc00add4deab892fa5ee40d90cff,,
1.0,G03-260201-134847-120,G03-260201-134847-120.bmp,G03,2026-02-01T13:48:47,2026-02-01,G03_2026-02-01,120,train,normal,,1025,1281,1,a9f7afeb73ecb013532b2e637b28c3235bb54a91755aa1adcde1f80a5d9de841,,
1.0,G03-260201-134855-121,G03-260201-134855-121.bmp,G03,2026-02-01T13:48:55,2026-02-01,G03_2026-02-01,121,train,normal,,1025,1281,1,02143838b20a82f8f5ad04402c9c995c6b79fd88a02ef0a66714a73e2e3d8347,,
1.0,G03-260201-134901-122,G03-260201-134901-122.bmp,G03,2026-02-01T13:49:01,2026-02-01,G03_2026-02-01,122,train,normal,,1025,1281,1,fab15d3051827e6b9566cdee5f9876ea1d561c7abb243f189adb1a73ecd821b6,,
1.0,G03-260201-134927-123,G03-260201-134927-123.bmp,G03,2026-02-01T13:49:27,2026-02-01,G03_2026-02-01,123,train,normal,,1025,1281,1,e42733e4fb840e00f2e5b400bf367d5f2d5682f1c08e9ec46daad6914d67c07c,,
1.0,G03-260201-134933-124,G03-260201-134933-124.bmp,G03,2026-02-01T13:49:33,2026-02-01,G03_2026-02-01,124,train,normal,,1025,1281,1,6dc9712baa606d18abc34ba0deac5dc3215abcdd93460c9bd942013bba2b7077,,
1.0,G03-260201-135021-125,G03-260201-135021-125.bmp,G03,2026-02-01T13:50:21,2026-02-01,G03_2026-02-01,125,train,normal,,1025,1281,1,9d9b7b35c28c69ddb2ef9205bda928f49c988b46ca1d9a2e9817fd83292700e6,,
1.0,G03-260201-135027-126,G03-260201-135027-126.bmp,G03,2026-02-01T13:50:27,2026-02-01,G03_2026-02-01,126,train,normal,,1025,1281,1,b6825243c18e356ca27429c1940eccd0634d324dddb7816800bb4a2656f28388,,
1.0,G03-260201-135034-127,G03-260201-135034-127.bmp,G03,2026-02-01T13:50:34,2026-02-01,G03_2026-02-01,127,train,normal,,1025,1281,1,d60dbe5cb1047cd686a7c428e5f2f32376316c33db0db5f2235e3306f51a1be7,,
1.0,G03-260201-135043-128,G03-260201-135043-128.bmp,G03,2026-02-01T13:50:43,2026-02-01,G03_2026-02-01,128,train,normal,,1025,1281,1,338b84e7d8f49e2fab8ad420f4f8586b48aef74c1bdb8f86de38900579d538db,,
1.0,G03-260201-135102-129,G03-260201-135102-129.bmp,G03,2026-02-01T13:51:02,2026-02-01,G03_2026-02-01,129,train,normal,,1025,1281,1,5dfa6ed7ca60b5327d708e3fb6814cadaed1f2f4c80d1600f44033a5842aa1e8,,
1.0,G03-260201-135110-130,G03-260201-135110-130.bmp,G03,2026-02-01T13:51:10,2026-02-01,G03_2026-02-01,130,train,normal,,1025,1281,1,96f01ad1ecd1fe75896e577195ce3f2bf138905f62374c75fc8e8ea35b49a44c,,
1.0,G03-260201-135119-131,G03-260201-135119-131.bmp,G03,2026-02-01T13:51:19,2026-02-01,G03_2026-02-01,131,train,normal,,1025,1281,1,f57f4ee6872aa019123c1013aa200e6a19f98db230e50745cfe1344c5f416c1b,,
1.0,G03-260201-135158-132,G03-260201-135158-132.bmp,G03,2026-02-01T13:51:58,2026-02-01,G03_2026-02-01,132,train,normal,,1025,1281,1,ba9b9cf2cd060ae7d32242297063f84def7415cd89dfed371d10ff5fe968bc6e,,
1.0,G03-260201-135206-133,G03-260201-135206-133.bmp,G03,2026-02-01T13:52:06,2026-02-01,G03_2026-02-01,133,train,normal,,1025,1281,1,be2a6ea7b3602b511803cb56bb0e801e4c53eccfcf247330884db688d46e8b0d,,
1.0,G03-260201-135212-134,G03-260201-135212-134.bmp,G03,2026-02-01T13:52:12,2026-02-01,G03_2026-02-01,134,train,normal,,1025,1281,1,516139c65f63cf1ee9a2a9a53e5137700a668e42f98df6f8ee4f1459d961bf04,,
1.0,G03-260201-135239-135,G03-260201-135239-135.bmp,G03,2026-02-01T13:52:39,2026-02-01,G03_2026-02-01,135,train,normal,,1025,1281,1,e9b97dccd33064d3cdacb3f124a5245a1b540140b12428ab84ca00d45b71920c,,
1.0,G03-260201-135246-136,G03-260201-135246-136.bmp,G03,2026-02-01T13:52:46,2026-02-01,G03_2026-02-01,136,train,normal,,1025,1281,1,8bbd8cc4f9680429c8d81a8694a3d8ca611c0ff225c1929752f4d8d9d65e37a1,,
1.0,G03-260201-135252-137,G03-260201-135252-137.bmp,G03,2026-02-01T13:52:52,2026-02-01,G03_2026-02-01,137,train,normal,,1025,1281,1,3cdb836c99fcd3b11381ca2f977eaf04ca557c94d240fb7b039604cde210643d,,
1.0,G03-260201-135313-138,G03-260201-135313-138.bmp,G03,2026-02-01T13:53:13,2026-02-01,G03_2026-02-01,138,train,normal,,1025,1281,1,943d34223b69243f945ee5800313ff658cf7dae62aaf729f7d01ecf10ca647ef,,
1.0,G03-260201-135326-139,G03-260201-135326-139.bmp,G03,2026-02-01T13:53:26,2026-02-01,G03_2026-02-01,139,train,normal,,1025,1281,1,2fb2007fff0a5119d1feae0f256f50f160c785a11f85269bd5fca078a070e462,,
1.0,G03-260201-135332-140,G03-260201-135332-140.bmp,G03,2026-02-01T13:53:32,2026-02-01,G03_2026-02-01,140,train,normal,,1025,1281,1,d2a45144e05f7203f4f898f151923133f6bf24ed65712671157af2403d6b2bea,,
1.0,G03-260201-135354-141,G03-260201-135354-141.bmp,G03,2026-02-01T13:53:54,2026-02-01,G03_2026-02-01,141,train,normal,,1025,1281,1,936624cc9f642a4167aa847edf3f64be1e2ea74ac3781768d8c00d2b7031ac82,,
1.0,G03-260201-135401-142,G03-260201-135401-142.bmp,G03,2026-02-01T13:54:01,2026-02-01,G03_2026-02-01,142,train,normal,,1025,1281,1,ecf8b640f95cf2d877eee985bffa7f981171b830ef8cf9d915f80fa18320e1e5,,
1.0,G03-260201-135425-143,G03-260201-135425-143.bmp,G03,2026-02-01T13:54:25,2026-02-01,G03_2026-02-01,143,train,normal,,1025,1281,1,448e89f793895114d7dfdaadc6ce7535eb883e55372355db29244f61cd384f26,,
1.0,G03-260201-135433-144,G03-260201-135433-144.bmp,G03,2026-02-01T13:54:33,2026-02-01,G03_2026-02-01,144,train,normal,,1025,1281,1,2ba2bf20e0446fbcf63d0d8fb058b6d9f5f4c6ca649b9f89803828569f0abf23,,
1.0,G03-260201-135456-145,G03-260201-135456-145.bmp,G03,2026-02-01T13:54:56,2026-02-01,G03_2026-02-01,145,train,normal,,1025,1281,1,840a00c216b83798f13a8fced77829ea39e8b254f498b4c7f59f20f8fda503c2,,
1.0,G03-260201-135503-146,G03-260201-135503-146.bmp,G03,2026-02-01T13:55:03,2026-02-01,G03_2026-02-01,146,train,normal,,1025,1281,1,8078b5ce6aefcc519834e1360d323c478aea3f8a3810c68be7cd74758ef56d43,,
1.0,G03-260201-135531-147,G03-260201-135531-147.bmp,G03,2026-02-01T13:55:31,2026-02-01,G03_2026-02-01,147,train,normal,,1025,1281,1,b717427b7d0c1d3a6b248c0c9d7dd9ae966332b77bd5dbc748fa8ef68073ab05,,
1.0,G03-260201-135537-148,G03-260201-135537-148.bmp,G03,2026-02-01T13:55:37,2026-02-01,G03_2026-02-01,148,train,normal,,1025,1281,1,5c09c6e6c1ef843e6f674572fd09e030a2c784c2964695e85f8e99ae73316af9,,
1.0,G03-260201-135557-149,G03-260201-135557-149.bmp,G03,2026-02-01T13:55:57,2026-02-01,G03_2026-02-01,149,train,normal,,1025,1281,1,6f00bcacee436385efc51f2e94549dd0fad92f20fbdc1493c9f7a28b73df6aa2,,
1.0,G03-260201-135603-150,G03-260201-135603-150.bmp,G03,2026-02-01T13:56:03,2026-02-01,G03_2026-02-01,150,train,normal,,1025,1281,1,a3f103fdfdae866b75367c2dd64e0fb5ac6628cf4073d8a0d600c9ad8e10e541,,
1.0,G03-260201-135626-151,G03-260201-135626-151.bmp,G03,2026-02-01T13:56:26,2026-02-01,G03_2026-02-01,151,train,normal,,1025,1281,1,e45f689f46ff54191f6831fccf919f86bcbed5b9b6a4d67ea16ae4534b38a6db,,
1.0,G03-260201-135632-152,G03-260201-135632-152.bmp,G03,2026-02-01T13:56:32,2026-02-01,G03_2026-02-01,152,train,normal,,1025,1281,1,33684e88aaf1e1db49f8780f62c684973127b41f8f3f54f83e329a0235194a25,,
1.0,G03-260201-135655-153,G03-260201-135655-153.bmp,G03,2026-02-01T13:56:55,2026-02-01,G03_2026-02-01,153,train,normal,,1025,1281,1,71515265802cca3131eeccb05737ba604dc84fbafefcd200efcc160963d804f0,,
1.0,G03-260201-135701-154,G03-260201-135701-154.bmp,G03,2026-02-01T13:57:01,2026-02-01,G03_2026-02-01,154,train,normal,,1025,1281,1,8482a9aca9861ea8dca07fdaddceb5eda5c35ae83c0d848f13f886f59e236dbe,,
1.0,G03-260201-135724-155,G03-260201-135724-155.bmp,G03,2026-02-01T13:57:24,2026-02-01,G03_2026-02-01,155,train,normal,,1025,1281,1,259ed896eb8acef0775f1b77311990ce41bc51c52ef1a0982f37e3de78d92cf3,,
1.0,G03-260201-135731-156,G03-260201-135731-156.bmp,G03,2026-02-01T13:57:31,2026-02-01,G03_2026-02-01,156,train,normal,,1025,1281,1,6277c7aa228b0dc32486b6bd1f47a1cab75cb617736cf4f211118508a9f96b18,,
1.0,G03-260201-135755-157,G03-260201-135755-157.bmp,G03,2026-02-01T13:57:55,2026-02-01,G03_2026-02-01,157,train,normal,,1025,1281,1,4323d7b9634908974b878d83cc724b2eb282a02bc9c33386988e68a34933735d,,
1.0,G03-260201-135802-158,G03-260201-135802-158.bmp,G03,2026-02-01T13:58:02,2026-02-01,G03_2026-02-01,158,train,normal,,1025,1281,1,734cb02d9a4c65f5e0b9728808a56267da45a20f4a3be0a1e996fcd6421bea91,,
1.0,G03-260201-135826-159,G03-260201-135826-159.bmp,G03,2026-02-01T13:58:26,2026-02-01,G03_2026-02-01,159,train,normal,,1025,1281,1,c413cc949bfe377ef84c39e2c1c64cf498cc56330608f6726935ee3d107dff7f,,
1.0,G03-260201-135833-160,G03-260201-135833-160.bmp,G03,2026-02-01T13:58:33,2026-02-01,G03_2026-02-01,160,train,normal,,1025,1281,1,2b4a4fee2808e73fe83daeb57adef004b5aa18951f986bba28ec9ba5912b147d,,
1.0,G03-260201-135859-161,G03-260201-135859-161.bmp,G03,2026-02-01T13:58:59,2026-02-01,G03_2026-02-01,161,train,normal,,1025,1281,1,6418782cda5bf634963a03eb662afeeadffdd5b96ec632b3cb319c0598b93cd3,,
1.0,G03-260201-135905-162,G03-260201-135905-162.bmp,G03,2026-02-01T13:59:05,2026-02-01,G03_2026-02-01,162,train,normal,,1025,1281,1,08c627aa46404347c362d423820f283788a2b14dfafc7762ad50b5c6307b3987,,
1.0,G03-260201-135925-163,G03-260201-135925-163.bmp,G03,2026-02-01T13:59:25,2026-02-01,G03_2026-02-01,163,train,normal,,1025,1281,1,15b5a1dbd5cb83b0b9ef66113754d0c0e5a21ad33d860122408870de2fd7ce51,,
1.0,G03-260201-135947-164,G03-260201-135947-164.bmp,G03,2026-02-01T13:59:47,2026-02-01,G03_2026-02-01,164,train,normal,,1025,1281,1,8d49b43fe658697532e3b14abe9fba17014d4d816ea2258b828fa7a4e313568c,,
1.0,G03-260201-135959-165,G03-260201-135959-165.bmp,G03,2026-02-01T13:59:59,2026-02-01,G03_2026-02-01,165,train,normal,,1025,1281,1,57671f03c03b3401c42c4bf9537b2f63ecd5aa88c564f762ee2b6e992c0a70ce,,
1.0,G03-260201-140005-166,G03-260201-140005-166.bmp,G03,2026-02-01T14:00:05,2026-02-01,G03_2026-02-01,166,train,normal,,1025,1281,1,c28c49a157d1f7fa707f21771b1569b732658d767330512a7e71697b34ce1762,,
1.0,G03-260201-140028-167,G03-260201-140028-167.bmp,G03,2026-02-01T14:00:28,2026-02-01,G03_2026-02-01,167,train,normal,,1025,1281,1,efa393988e3e523bc9ae4871d8a8650165dba48ba4ec4d2ff69a154438858cb5,,
1.0,G03-260201-140034-168,G03-260201-140034-168.bmp,G03,2026-02-01T14:00:34,2026-02-01,G03_2026-02-01,168,train,normal,,1025,1281,1,7b7935347a304ad7d63c633e04ad8c874d5a0fd7a40a243916e4733aa98bdab0,,
1.0,G03-260201-140057-169,G03-260201-140057-169.bmp,G03,2026-02-01T14:00:57,2026-02-01,G03_2026-02-01,169,train,normal,,1025,1281,1,b15bc4b46a6d2e72cf0ef3431cca1e99624381375835fc2f3728cb69c671b64b,,
1.0,G03-260201-140103-170,G03-260201-140103-170.bmp,G03,2026-02-01T14:01:03,2026-02-01,G03_2026-02-01,170,train,normal,,1025,1281,1,58ab55e831c477507fb35ef4f5216f57629ff1fed8cf35a63184678a7d392af8,,
1.0,G03-260201-140134-171,G03-260201-140134-171.bmp,G03,2026-02-01T14:01:34,2026-02-01,G03_2026-02-01,171,train,normal,,1025,1281,1,ce5c4bc9425260c2eb99722175d8b79b052b6f19d22ba5b508e0a1a2f63d2402,,
1.0,G03-260201-140143-172,G03-260201-140143-172.bmp,G03,2026-02-01T14:01:43,2026-02-01,G03_2026-02-01,172,train,normal,,1025,1281,1,cdbcda94ca61d6c9afb243d6029e38363f442190b31220662a01711ce0be5dca,,
1.0,G03-260201-140156-173,G03-260201-140156-173.bmp,G03,2026-02-01T14:01:56,2026-02-01,G03_2026-02-01,173,train,normal,,1025,1281,1,b1a724f9929809bbfdeccf7a9bf645a0b50beb4cf8bcf7cd0c95d774e7598f0f,,
1.0,G03-260201-140228-174,G03-260201-140228-174.bmp,G03,2026-02-01T14:02:28,2026-02-01,G03_2026-02-01,174,train,normal,,1025,1281,1,7fcae2bcf6f96aa21e24e6fecd1ca8b63d8eda6d825689b914cff73ce414ae52,,
1.0,G03-260201-140235-175,G03-260201-140235-175.bmp,G03,2026-02-01T14:02:35,2026-02-01,G03_2026-02-01,175,train,normal,,1025,1281,1,a25ecc255ea920fa5194ede805576be000910411f307c0414aedfd3ae3fa19db,,
1.0,G03-260201-140243-176,G03-260201-140243-176.bmp,G03,2026-02-01T14:02:43,2026-02-01,G03_2026-02-01,176,train,normal,,1025,1281,1,65e9a666b8560c9a6a04a1990ded2dec19dd601e1d07e0849d2717bdb282c98d,,
1.0,G03-260201-140300-177,G03-260201-140300-177.bmp,G03,2026-02-01T14:03:00,2026-02-01,G03_2026-02-01,177,train,normal,,1025,1281,1,e426c9f5a0d6ccd9b2c095e3635abf34041abdf2ea3d46bc1c608a06ebfa2bce,,
1.0,G03-260201-140306-178,G03-260201-140306-178.bmp,G03,2026-02-01T14:03:06,2026-02-01,G03_2026-02-01,178,train,normal,,1025,1281,1,c5c764c83c7f94e286e5c4b30d1cad9e7b2f20ef3a50ee4e16a11ca8daa5dad3,,
1.0,G03-260201-140330-179,G03-260201-140330-179.bmp,G03,2026-02-01T14:03:30,2026-02-01,G03_2026-02-01,179,train,normal,,1025,1281,1,69d56ca79dad030bf3212cf8514ede999ae075251aae3ccf0ce73d9042517f83,,
1.0,G03-260201-140336-180,G03-260201-140336-180.bmp,G03,2026-02-01T14:03:36,2026-02-01,G03_2026-02-01,180,train,normal,,1025,1281,1,3fec37bab1a711f421aae731e2aa5a33384df99c141cace030595799a76da90d,,
1.0,G03-260201-140356-181,G03-260201-140356-181.bmp,G03,2026-02-01T14:03:56,2026-02-01,G03_2026-02-01,181,train,normal,,1025,1281,1,4fbdc680da8f8cf01e85ee6638a1feeea6ddcea73eeba357264edd3957aa2209,,
1.0,G03-260201-140403-182,G03-260201-140403-182.bmp,G03,2026-02-01T14:04:03,2026-02-01,G03_2026-02-01,182,train,normal,,1025,1281,1,b086a8d1fff5b5a3da39cddd69f48a455d29a7a773c8d76e86f676130a9b7a70,,
1.0,G03-260201-140427-183,G03-260201-140427-183.bmp,G03,2026-02-01T14:04:27,2026-02-01,G03_2026-02-01,183,train,normal,,1025,1281,1,24d093984c85ce1243adaf41f816fb8f29233e4c2e51c29059c86a001262e486,,
1.0,G03-260201-140433-184,G03-260201-140433-184.bmp,G03,2026-02-01T14:04:33,2026-02-01,G03_2026-02-01,184,train,normal,,1025,1281,1,82ed4a4e7b47c4b1e22eeefa8450fe83fb6706ab0ab79995836df379dc1d2fae,,
1.0,G03-260201-140459-185,G03-260201-140459-185.bmp,G03,2026-02-01T14:04:59,2026-02-01,G03_2026-02-01,185,train,normal,,1025,1281,1,4d98a7fb973ba2d2a0ae8c2e39b4f0ecdb324e44e19d2290bbfe056722945a57,,
1.0,G03-260201-140505-186,G03-260201-140505-186.bmp,G03,2026-02-01T14:05:05,2026-02-01,G03_2026-02-01,186,train,normal,,1025,1281,1,d5c74e9435073de5e96e1fbbd392b1d5315288a57c0101e65ffb0dc7a118be6b,,
1.0,G03-260201-140521-187,G03-260201-140521-187.bmp,G03,2026-02-01T14:05:21,2026-02-01,G03_2026-02-01,187,train,normal,,1025,1281,1,85708d5ec619ed53ba6f2c3bd6b0ec0a99339121ff4d2e9201cbd6c278ad0c1a,,
1.0,G03-260201-140601-188,G03-260201-140601-188.bmp,G03,2026-02-01T14:06:01,2026-02-01,G03_2026-02-01,188,train,normal,,1025,1281,1,db4904e7ab63c9fc66860857e9b70af9a90b0d87dd1d29efb89a7c274c6d8fca,,
1.0,G03-260201-140607-189,G03-260201-140607-189.bmp,G03,2026-02-01T14:06:07,2026-02-01,G03_2026-02-01,189,train,normal,,1025,1281,1,6f8cc95bd0cc3d55c25190da77f0980c69833e069eccc4f867d6cb08695ac68e,,
1.0,G03-260201-140614-190,G03-260201-140614-190.bmp,G03,2026-02-01T14:06:14,2026-02-01,G03_2026-02-01,190,train,normal,,1025,1281,1,94aedaf95a1fa8e12c630681a52bee1a141992602da3ff3b769e652b2e02039d,,
1.0,G03-260201-140632-191,G03-260201-140632-191.bmp,G03,2026-02-01T14:06:32,2026-02-01,G03_2026-02-01,191,train,normal,,1025,1281,1,66a02c2fb34ae4402db206947fe6214a8992733ac051db39fb9d6709db10a1de,,
1.0,G03-260201-140639-192,G03-260201-140639-192.bmp,G03,2026-02-01T14:06:39,2026-02-01,G03_2026-02-01,192,train,normal,,1025,1281,1,d2fc6060defb886ac8f49daea1b86878b0a1f52c1dd2ac89f082cd99c5ab321b,,
1.0,G03-260201-140700-193,G03-260201-140700-193.bmp,G03,2026-02-01T14:07:00,2026-02-01,G03_2026-02-01,193,train,normal,,1025,1281,1,1a4e5bd8f5ec4f3eceb3e2d72fe9a07af323a2bf3dc0fa115e747e77607828d2,,
1.0,G03-260201-140706-194,G03-260201-140706-194.bmp,G03,2026-02-01T14:07:06,2026-02-01,G03_2026-02-01,194,train,normal,,1025,1281,1,b983f7a55ea46817efda8f1d6d5e4475df55f9737eb6b3831e7e40e04b639ffb,,
1.0,G03-260201-140728-195,G03-260201-140728-195.bmp,G03,2026-02-01T14:07:28,2026-02-01,G03_2026-02-01,195,train,normal,,1025,1281,1,9dfbb30751d787689ac4b5f62da359866b46a2704a1b473a7d67baa71b22bbb6,,
1.0,G03-260201-140734-196,G03-260201-140734-196.bmp,G03,2026-02-01T14:07:34,2026-02-01,G03_2026-02-01,196,train,normal,,1025,1281,1,b73b02047b22cf4bb0565e2a9d026754024a4ff3a8b9d39b9f84fb16d2a09a35,,
1.0,G03-260201-140758-197,G03-260201-140758-197.bmp,G03,2026-02-01T14:07:58,2026-02-01,G03_2026-02-01,197,train,normal,,1025,1281,1,20c5a27698a44d22fe817f1eb03c4355f0ba454e4187ff8f805b96fd6f50e590,,
1.0,G03-260201-140806-198,G03-260201-140806-198.bmp,G03,2026-02-01T14:08:06,2026-02-01,G03_2026-02-01,198,train,normal,,1025,1281,1,21b4742bc87aa44792b71870d54c1dba4292700998ce59cd81836343fddd9e11,,
1.0,G03-260201-140832-199,G03-260201-140832-199.bmp,G03,2026-02-01T14:08:32,2026-02-01,G03_2026-02-01,199,train,normal,,1025,1281,1,9bdebae9ca1c1426bbad976d3dc0d7010c1f521f50dbc83646e85ecb734fef02,,
1.0,G03-260201-140838-200,G03-260201-140838-200.bmp,G03,2026-02-01T14:08:38,2026-02-01,G03_2026-02-01,200,train,normal,,1025,1281,1,16183357658f05dfb63e7d74ba73ec1aaeb893f3bf76100a53031a42e69a87d4,,
1.0,G03-260201-140920-201,G03-260201-140920-201.bmp,G03,2026-02-01T14:09:20,2026-02-01,G03_2026-02-01,201,train,normal,,1025,1281,1,6c2f23b5ae27c347c786ab3b6e2b6fc4f585dd9eb3e7c5ccce5064b3276b3f3e,,
1.0,G03-260201-140933-202,G03-260201-140933-202.bmp,G03,2026-02-01T14:09:33,2026-02-01,G03_2026-02-01,202,train,normal,,1025,1281,1,cec3068b05b1ca222b17a5b137f3ca77ef9edbc4409fdffed23a775b136b2a70,,
1.0,G03-260201-141000-203,G03-260201-141000-203.bmp,G03,2026-02-01T14:10:00,2026-02-01,G03_2026-02-01,203,train,normal,,1025,1281,1,3f6ccff4b6bd6c327e0574d3bf1cbcbe730d3103af930cbe761223437aca7672,,
1.0,G03-260201-141030-204,G03-260201-141030-204.bmp,G03,2026-02-01T14:10:30,2026-02-01,G03_2026-02-01,204,train,normal,,1025,1281,1,0be6031705a79f8d88cacdb31cffab3169aa31408a0f86510f009c6a667c6ec5,,
1.0,G03-260201-141037-205,G03-260201-141037-205.bmp,G03,2026-02-01T14:10:37,2026-02-01,G03_2026-02-01,205,train,normal,,1025,1281,1,7e69a5f85b3ee03f3dd12362016b2a6b0b396d7f8c0baf1758943e3ac5d8fb19,,
1.0,G03-260201-141100-206,G03-260201-141100-206.bmp,G03,2026-02-01T14:11:00,2026-02-01,G03_2026-02-01,206,train,normal,,1025,1281,1,24d0e817254ac59c2422661703d44654223c34b564268e60de6edc8d01128e12,,
1.0,G03-260201-141106-207,G03-260201-141106-207.bmp,G03,2026-02-01T14:11:06,2026-02-01,G03_2026-02-01,207,train,normal,,1025,1281,1,ac604527ba8f4ab9e0a564670ca1f5337d9e36073d666b8049d9188e6320e304,,
1.0,G03-260201-141130-208,G03-260201-141130-208.bmp,G03,2026-02-01T14:11:30,2026-02-01,G03_2026-02-01,208,train,normal,,1025,1281,1,acd39552796d6e9d98a5fa5ebf89c2fa111e84137a30dd522d08194131ccfbe3,,
1.0,G03-260201-141136-209,G03-260201-141136-209.bmp,G03,2026-02-01T14:11:36,2026-02-01,G03_2026-02-01,209,train,normal,,1025,1281,1,7a10656c15bce7e143c67ef2f455229b7fd16dcc7e9a2a8d119188b4d3cd163d,,
1.0,G03-260201-141200-210,G03-260201-141200-210.bmp,G03,2026-02-01T14:12:00,2026-02-01,G03_2026-02-01,210,train,normal,,1025,1281,1,24d3c445af22c32fb620ec68c03b18e17f52bc471c0e8bbe901670d7bf228166,,
1.0,G03-260201-141206-211,G03-260201-141206-211.bmp,G03,2026-02-01T14:12:06,2026-02-01,G03_2026-02-01,211,train,normal,,1025,1281,1,a5789f52975e4e7edc4ed2c20048bfb7748964a7efac5c62a290b4782962501d,,
1.0,G03-260201-141234-212,G03-260201-141234-212.bmp,G03,2026-02-01T14:12:34,2026-02-01,G03_2026-02-01,212,train,normal,,1025,1281,1,490d5143f196f6b6760a5d9f869db063b60f47f4d7b6961f0a0d05b53887a2f1,,
1.0,G03-260201-141240-213,G03-260201-141240-213.bmp,G03,2026-02-01T14:12:40,2026-02-01,G03_2026-02-01,213,train,normal,,1025,1281,1,bbc5a5deee0a330daca9b6f741f4af376a9ffcc9446c63f3db7bd9f230a20b11,,
1.0,G03-260201-141303-214,G03-260201-141303-214.bmp,G03,2026-02-01T14:13:03,2026-02-01,G03_2026-02-01,214,train,normal,,1025,1281,1,38b3bd11ecba54428a8a8893631659943b53cd11a6e03a3fc9710259b27451d3,,
1.0,G03-260201-141310-215,G03-260201-141310-215.bmp,G03,2026-02-01T14:13:10,2026-02-01,G03_2026-02-01,215,train,normal,,1025,1281,1,37d6b837f1dc30ff2a9791fa0f1e4ffa68ab0cc55a5ed99a1905e68d71da0dab,,
1.0,G03-260201-141331-216,G03-260201-141331-216.bmp,G03,2026-02-01T14:13:31,2026-02-01,G03_2026-02-01,216,train,normal,,1025,1281,1,2d2473cbab3c2faf748c041d5d2ad97de233d33862c73e40a9a4444e4f02c333,,
1.0,G03-260201-141337-217,G03-260201-141337-217.bmp,G03,2026-02-01T14:13:37,2026-02-01,G03_2026-02-01,217,train,normal,,1025,1281,1,81e8d11100ee05c83ff04f12cd1e9f2ffacfc9a2e5fe0845e4e3d7a614839146,,
1.0,G03-260201-141400-218,G03-260201-141400-218.bmp,G03,2026-02-01T14:14:00,2026-02-01,G03_2026-02-01,218,train,normal,,1025,1281,1,1b4f18c40a5115f8b081dfa18b74adda97deacd0864140fc036997d62e9b1c66,,
1.0,G03-260201-141406-219,G03-260201-141406-219.bmp,G03,2026-02-01T14:14:06,2026-02-01,G03_2026-02-01,219,train,normal,,1025,1281,1,2c797b7972463e163512c24fcea32e13a1368e2390988fc04c44e6c846a0b302,,
1.0,G03-260201-141429-220,G03-260201-141429-220.bmp,G03,2026-02-01T14:14:29,2026-02-01,G03_2026-02-01,220,train,normal,,1025,1281,1,44604f66eaeb9d36a2a10043cc0d8a02460dc551fc59aa9a38203b8e48f4475e,,
1.0,G03-260201-141435-221,G03-260201-141435-221.bmp,G03,2026-02-01T14:14:35,2026-02-01,G03_2026-02-01,221,train,normal,,1025,1281,1,b7bea557193b0e4c963be9487f70cdb9694cb049ca69b3828e6a58061fb15570,,
1.0,G03-260201-141500-222,G03-260201-141500-222.bmp,G03,2026-02-01T14:15:00,2026-02-01,G03_2026-02-01,222,train,normal,,1025,1281,1,edc6888a2e2fe5c7d0ca9125692f3259092ebdf4ac73a5bf5067503a5cf31a5b,,
1.0,G03-260201-141506-223,G03-260201-141506-223.bmp,G03,2026-02-01T14:15:06,2026-02-01,G03_2026-02-01,223,train,normal,,1025,1281,1,a2c9e590d9f6b09723d669d555c0cfbc21d046915668d22d51fd1640488a0082,,
1.0,G03-260201-141532-224,G03-260201-141532-224.bmp,G03,2026-02-01T14:15:32,2026-02-01,G03_2026-02-01,224,train,normal,,1025,1281,1,9d44767eed21b7e8dde9cf98630e00e8c9e70709ca3e144e02f39884652f1742,,
1.0,G03-260201-141539-225,G03-260201-141539-225.bmp,G03,2026-02-01T14:15:39,2026-02-01,G03_2026-02-01,225,train,normal,,1025,1281,1,f232d1cc8e4e443c68c28fb6314f34e435d164cef1cd879903ae28a98919e344,,
1.0,G03-260201-141602-226,G03-260201-141602-226.bmp,G03,2026-02-01T14:16:02,2026-02-01,G03_2026-02-01,226,train,normal,,1025,1281,1,b919ee86c58b81eb16755c2e4b9e3b4a24dd2acd1953756229260d7a0dd6cdbe,,
1.0,G03-260201-141608-227,G03-260201-141608-227.bmp,G03,2026-02-01T14:16:08,2026-02-01,G03_2026-02-01,227,train,normal,,1025,1281,1,82c828161cc5be9bfad394a0b2fa0a66cd4aefe67f7d9c9ee7ae559cc3d65993,,
1.0,G03-260201-141632-228,G03-260201-141632-228.bmp,G03,2026-02-01T14:16:32,2026-02-01,G03_2026-02-01,228,train,normal,,1025,1281,1,5ba73783c8cc19fb4188af184cc867d8428d5296aa59da4fe959babc2293bb38,,
1.0,G03-260201-141638-229,G03-260201-141638-229.bmp,G03,2026-02-01T14:16:38,2026-02-01,G03_2026-02-01,229,train,normal,,1025,1281,1,b8e8b58f4b0d5246da07586516e126b4e44c6347daf2e575067ec469cfb9c469,,
1.0,G03-260201-141702-230,G03-260201-141702-230.bmp,G03,2026-02-01T14:17:02,2026-02-01,G03_2026-02-01,230,train,normal,,1025,1281,1,0f16025c37c2201697c6f8ea7a5707ee8741b9b05907abff50078f9787350a40,,
1.0,G03-260201-141708-231,G03-260201-141708-231.bmp,G03,2026-02-01T14:17:08,2026-02-01,G03_2026-02-01,231,train,normal,,1025,1281,1,0c13f5a3fef10cd8f1067cf1f3ba7ff3754e37b63039777c6ae22a195c599140,,
1.0,G03-260201-141730-232,G03-260201-141730-232.bmp,G03,2026-02-01T14:17:30,2026-02-01,G03_2026-02-01,232,train,normal,,1025,1281,1,807210c9c932a015aca4bd7761d9eb52758d1dd173b061871460b0997be6304f,,
1.0,G03-260201-141736-233,G03-260201-141736-233.bmp,G03,2026-02-01T14:17:36,2026-02-01,G03_2026-02-01,233,train,normal,,1025,1281,1,27685de0e88cca5944b19d9b85d86ab0b187f0d291e6afc6557271d3f83a7fac,,
1.0,G03-260201-141800-234,G03-260201-141800-234.bmp,G03,2026-02-01T14:18:00,2026-02-01,G03_2026-02-01,234,train,normal,,1025,1281,1,3805866faa0a6cb2226e25c8fd053e18f35cced1a6fa03d33dd1305f5160c817,,
1.0,G03-260201-141806-235,G03-260201-141806-235.bmp,G03,2026-02-01T14:18:06,2026-02-01,G03_2026-02-01,235,train,normal,,1025,1281,1,dda86aa9e6fa1ebf23733821eb8508d069459f3944de25becd5772422765e7c2,,
1.0,G03-260201-141830-236,G03-260201-141830-236.bmp,G03,2026-02-01T14:18:30,2026-02-01,G03_2026-02-01,236,train,normal,,1025,1281,1,1b2caa6b62e682b5fa4a13f41c6f0e0fac270caa3953f737983a46421cb90483,,
1.0,G03-260201-141837-237,G03-260201-141837-237.bmp,G03,2026-02-01T14:18:37,2026-02-01,G03_2026-02-01,237,train,normal,,1025,1281,1,7fd96be5dda15485c6da3fbf4f1db91f3350beb14258cd2c569a367948535084,,
1.0,G03-260201-141904-238,G03-260201-141904-238.bmp,G03,2026-02-01T14:19:04,2026-02-01,G03_2026-02-01,238,train,normal,,1025,1281,1,201f6e62e9bf6199a4898ef78e23568f31e380656eaa9d0d7d3bcad20a94ddbb,,
1.0,G03-260201-141910-239,G03-260201-141910-239.bmp,G03,2026-02-01T14:19:10,2026-02-01,G03_2026-02-01,239,train,normal,,1025,1281,1,5d48f97826db5716a998ccdb01013c92242ded69ab4f110f99a4f23f8d23dcdb,,
1.0,G03-260201-141930-240,G03-260201-141930-240.bmp,G03,2026-02-01T14:19:30,2026-02-01,G03_2026-02-01,240,train,normal,,1025,1281,1,35cb5320f2b31ff0f5a8c89429c048f578140a8aa071c92cf12e2cd77fd6520d,,
1.0,G03-260201-141937-241,G03-260201-141937-241.bmp,G03,2026-02-01T14:19:37,2026-02-01,G03_2026-02-01,241,train,normal,,1025,1281,1,af45e33bad20224863b75a11f2bc7a4e192dc836e0dcb7f10a3c8c2d2ed76536,,
1.0,G03-260201-142002-242,G03-260201-142002-242.bmp,G03,2026-02-01T14:20:02,2026-02-01,G03_2026-02-01,242,train,normal,,1025,1281,1,697df85f110c927b985874d43b1920aee6f6d1356b7fad0c1266a85794b7edf9,,
1.0,G03-260201-142008-243,G03-260201-142008-243.bmp,G03,2026-02-01T14:20:08,2026-02-01,G03_2026-02-01,243,train,normal,,1025,1281,1,be00c72aed3cf30fd1b2da5b2a1d06276a497148e4e34ac3b47c9756002399c7,,
1.0,G03-260201-142032-244,G03-260201-142032-244.bmp,G03,2026-02-01T14:20:32,2026-02-01,G03_2026-02-01,244,train,normal,,1025,1281,1,94e5d7df5f92e9bc52c12d6fbce928b09fcb0345f6f56d88ce539358180048f5,,
1.0,G03-260201-142038-245,G03-260201-142038-245.bmp,G03,2026-02-01T14:20:38,2026-02-01,G03_2026-02-01,245,train,normal,,1025,1281,1,7a5cefc453efe784d665dbbf6ef86bc99463536341c3786faefdc821762f3655,,
1.0,G03-260201-142102-246,G03-260201-142102-246.bmp,G03,2026-02-01T14:21:02,2026-02-01,G03_2026-02-01,246,train,normal,,1025,1281,1,335331adc56271ec5fcb219e5ed1eac3f79a1284ff2e8e4ed8ade4e6effed70f,,
1.0,G03-260201-142108-247,G03-260201-142108-247.bmp,G03,2026-02-01T14:21:08,2026-02-01,G03_2026-02-01,247,train,normal,,1025,1281,1,7d6d958ea9e1ba316970312a0fb4937bcc1dccd290197ea3f5bcdcba735a232d,,
1.0,G03-260201-142135-248,G03-260201-142135-248.bmp,G03,2026-02-01T14:21:35,2026-02-01,G03_2026-02-01,248,train,normal,,1025,1281,1,9e3baad336e35d0779bdc0f12d1c367c1377ec5b01c8c287f523f0eacecc4bd7,,
1.0,G03-260201-142141-249,G03-260201-142141-249.bmp,G03,2026-02-01T14:21:41,2026-02-01,G03_2026-02-01,249,train,normal,,1025,1281,1,de04f0f44e5252d837d9ede4f649eed98d3262dd913b627786e8d0e768e79211,,
1.0,G03-260201-142156-250,G03-260201-142156-250.bmp,G03,2026-02-01T14:21:56,2026-02-01,G03_2026-02-01,250,train,normal,,1025,1281,1,bc3803152bc7329b1ef4d760ac4bd1608a4684716807cdd3e63f687477a02853,,
1.0,G03-260201-142234-251,G03-260201-142234-251.bmp,G03,2026-02-01T14:22:34,2026-02-01,G03_2026-02-01,251,train,normal,,1025,1281,1,e660d5f9fb66234c6360850257e3cdeae3c35f806da70ee1ec5c4ae72c0c05ce,,
1.0,G03-260201-142242-252,G03-260201-142242-252.bmp,G03,2026-02-01T14:22:42,2026-02-01,G03_2026-02-01,252,train,normal,,1025,1281,1,bb7f9c6f8bfdfe687a82b7adbfe97d8f1032e5ac148cf80dc3b5a5e67ae8045a,,
1.0,G03-260201-142249-253,G03-260201-142249-253.bmp,G03,2026-02-01T14:22:49,2026-02-01,G03_2026-02-01,253,train,normal,,1025,1281,1,80b5980936220392d6fd2d0476a87a86e97328c0500bedda51c5390ebabd10d7,,
1.0,G03-260201-142304-254,G03-260201-142304-254.bmp,G03,2026-02-01T14:23:04,2026-02-01,G03_2026-02-01,254,train,normal,,1025,1281,1,9b61ee11ab0bbd40dc9309cd4289be4ec17b8c699997b3f25f7fa59b592d477c,,
1.0,G03-260201-142311-255,G03-260201-142311-255.bmp,G03,2026-02-01T14:23:11,2026-02-01,G03_2026-02-01,255,train,normal,,1025,1281,1,28e7e24781c5b47ad81231f86db48d4dfae569d8b6e44bf11cb903cad70d1463,,
1.0,G03-260201-142332-256,G03-260201-142332-256.bmp,G03,2026-02-01T14:23:32,2026-02-01,G03_2026-02-01,256,train,normal,,1025,1281,1,aba486e02d8d73aa5260fc1077ce07547b39bdeb26f4ee64c5f8a455c4405f8c,,
1.0,G03-260201-142338-257,G03-260201-142338-257.bmp,G03,2026-02-01T14:23:38,2026-02-01,G03_2026-02-01,257,train,normal,,1025,1281,1,39c56f26b8525e214bc0767389e4de59d59510546b16776b8a788e995cab30a6,,
1.0,G03-260201-142404-258,G03-260201-142404-258.bmp,G03,2026-02-01T14:24:04,2026-02-01,G03_2026-02-01,258,train,normal,,1025,1281,1,e880285fa676ad824eb6174b9d127abde9c7e82529e271f700f760f1b450e6f1,,
1.0,G03-260201-142410-259,G03-260201-142410-259.bmp,G03,2026-02-01T14:24:10,2026-02-01,G03_2026-02-01,259,train,normal,,1025,1281,1,e40b7f55cc3f61780820be1b353289aafd557307033d698199a9f89751530dee,,
1.0,G03-260201-142434-260,G03-260201-142434-260.bmp,G03,2026-02-01T14:24:34,2026-02-01,G03_2026-02-01,260,train,normal,,1025,1281,1,66c3ffda0736b21942e24aceae19854f321b75642be414f09b060185fac58763,,
1.0,G03-260201-142440-261,G03-260201-142440-261.bmp,G03,2026-02-01T14:24:40,2026-02-01,G03_2026-02-01,261,train,normal,,1025,1281,1,7a1b7ff7f5cf3bd96d7ee692219c72ca8790fa7f3e58f124ecaa75ecab310222,,
1.0,G03-260201-142501-262,G03-260201-142501-262.bmp,G03,2026-02-01T14:25:01,2026-02-01,G03_2026-02-01,262,train,normal,,1025,1281,1,d26f5836ba901dfe427650c4f7d1b52f73b4a7c22cd39a099408a31c11e29060,,
1.0,G03-260201-142508-263,G03-260201-142508-263.bmp,G03,2026-02-01T14:25:08,2026-02-01,G03_2026-02-01,263,train,normal,,1025,1281,1,4cc65d4bca4dd8cd763bb4308ca2341a0e6b6622b7bc2a0732b415b79507a319,,
1.0,G03-260201-142533-264,G03-260201-142533-264.bmp,G03,2026-02-01T14:25:33,2026-02-01,G03_2026-02-01,264,train,normal,,1025,1281,1,ff6caea4374149dc98f95999ec603b4d03286b977fb7ae7d4dd40b432598b2c5,,
1.0,G03-260201-142539-265,G03-260201-142539-265.bmp,G03,2026-02-01T14:25:39,2026-02-01,G03_2026-02-01,265,train,normal,,1025,1281,1,944d0c2f221e3c6935efc42de02e2ede4c7001e045b1904e2dc8e782308b0241,,
1.0,G03-260201-142603-266,G03-260201-142603-266.bmp,G03,2026-02-01T14:26:03,2026-02-01,G03_2026-02-01,266,train,normal,,1025,1281,1,72cf9d40a75552f00a8b8c971cd269d58c026e0b4ccc7daac85d35c7931295fe,,
1.0,G03-260201-142609-267,G03-260201-142609-267.bmp,G03,2026-02-01T14:26:09,2026-02-01,G03_2026-02-01,267,train,normal,,1025,1281,1,f9f2d1daa356db608038655aa4d9920376acf78df21318549cd307964ff8e9e8,,
1.0,G03-260201-142633-268,G03-260201-142633-268.bmp,G03,2026-02-01T14:26:33,2026-02-01,G03_2026-02-01,268,train,normal,,1025,1281,1,675432189fddc332b22bbef21ed5901068aaa5c7961a563ecb36aee42eb21158,,
1.0,G03-260201-142639-269,G03-260201-142639-269.bmp,G03,2026-02-01T14:26:39,2026-02-01,G03_2026-02-01,269,train,normal,,1025,1281,1,debcbffab7b5ef1890a098f2d1425848db1922a98c54d1d7f78809cab2038ec3,,
1.0,G03-260201-142702-270,G03-260201-142702-270.bmp,G03,2026-02-01T14:27:02,2026-02-01,G03_2026-02-01,270,train,normal,,1025,1281,1,b682efb0c8dda3554928a297652dab9bb21288ac2abf3c799bd6c21ca5aff45b,,
1.0,G03-260201-142709-271,G03-260201-142709-271.bmp,G03,2026-02-01T14:27:09,2026-02-01,G03_2026-02-01,271,train,normal,,1025,1281,1,9d7d29e6592ea38179a8c82ccc5f50e7bdb28d2dcc6317d094f6fbe160e5cb76,,
1.0,G03-260201-142734-272,G03-260201-142734-272.bmp,G03,2026-02-01T14:27:34,2026-02-01,G03_2026-02-01,272,train,normal,,1025,1281,1,1053fc94561672cd2abb42f22fae4baf4d41bca5f9c7cf459ee3a3d0409ebba4,,
1.0,G03-260201-142740-273,G03-260201-142740-273.bmp,G03,2026-02-01T14:27:40,2026-02-01,G03_2026-02-01,273,train,normal,,1025,1281,1,0dc3f8cc483217c84acc70ae553f127731e4d682501603b963ca752eccfe17da,,
1.0,G03-260201-142803-274,G03-260201-142803-274.bmp,G03,2026-02-01T14:28:03,2026-02-01,G03_2026-02-01,274,train,normal,,1025,1281,1,deaf83d08f7cfa98f7816c89e9c3580a15acbae6c3e68d5b916549656727b618,,
1.0,G03-260201-142809-275,G03-260201-142809-275.bmp,G03,2026-02-01T14:28:09,2026-02-01,G03_2026-02-01,275,train,normal,,1025,1281,1,439d63d1a6d0c69ae5978656382e355ff8140a2af70062b0fae354ffe9e6bb20,,
1.0,G03-260201-142834-276,G03-260201-142834-276.bmp,G03,2026-02-01T14:28:34,2026-02-01,G03_2026-02-01,276,train,normal,,1025,1281,1,bb751109dfa09f11bc48dc399d400a165653e687e0cb0d1abdfcb83e44665383,,
1.0,G03-260201-142840-277,G03-260201-142840-277.bmp,G03,2026-02-01T14:28:40,2026-02-01,G03_2026-02-01,277,train,normal,,1025,1281,1,a23605cf445df6dc795cda029f3d40de6392c4dbf3fb7340870d5d9cd8a413b6,,
1.0,G03-260201-142905-278,G03-260201-142905-278.bmp,G03,2026-02-01T14:29:05,2026-02-01,G03_2026-02-01,278,train,normal,,1025,1281,1,1b89177674ed810dadd0a48108cf597c23153fe1cc5ba2eecf94a7327bd8f12b,,
1.0,G03-260201-142911-279,G03-260201-142911-279.bmp,G03,2026-02-01T14:29:11,2026-02-01,G03_2026-02-01,279,train,normal,,1025,1281,1,bf9f839619362a7264595529319292a8496e8a2739fe9435749eab07077f7ddd,,
1.0,G03-260201-142935-280,G03-260201-142935-280.bmp,G03,2026-02-01T14:29:35,2026-02-01,G03_2026-02-01,280,train,normal,,1025,1281,1,da990c87660f5324df9a4474ffb9bca556af790276cff56a64a911afbee6dedc,,
1.0,G03-260201-142941-281,G03-260201-142941-281.bmp,G03,2026-02-01T14:29:41,2026-02-01,G03_2026-02-01,281,train,normal,,1025,1281,1,b0470c5aba0fb9385771415f8275c4d68e657333c663111fb0e12c288c0ba0ba,,
1.0,G03-260201-143005-282,G03-260201-143005-282.bmp,G03,2026-02-01T14:30:05,2026-02-01,G03_2026-02-01,282,train,normal,,1025,1281,1,9d44d3b2722b70d8b2ae6eadddf8337bb60245f4c4c7c91ae963424316b6e8c5,,
1.0,G03-260201-143011-283,G03-260201-143011-283.bmp,G03,2026-02-01T14:30:11,2026-02-01,G03_2026-02-01,283,train,normal,,1025,1281,1,6e705a5f40ee8068df1cd337d032cc7c0ee83c3e36e8d34c43a8c8c14c25d304,,
1.0,G03-260201-143036-284,G03-260201-143036-284.bmp,G03,2026-02-01T14:30:36,2026-02-01,G03_2026-02-01,284,train,normal,,1025,1281,1,f7f886bd964d886de3c4b70ab4f6a0202d1ec5589f23c801564749efa0fb41e3,,
1.0,G03-260201-143042-285,G03-260201-143042-285.bmp,G03,2026-02-01T14:30:42,2026-02-01,G03_2026-02-01,285,train,normal,,1025,1281,1,c41ef35429a4aeeb7f515fdce4b508bfe1796f69dd253e62309ca0caf3e280c4,,
1.0,G03-260201-143107-286,G03-260201-143107-286.bmp,G03,2026-02-01T14:31:07,2026-02-01,G03_2026-02-01,286,train,normal,,1025,1281,1,de6827b4cfaf0c3ad8a22446a9919e789b755331658e43cc60f3101caa927580,,
1.0,G03-260201-143113-287,G03-260201-143113-287.bmp,G03,2026-02-01T14:31:13,2026-02-01,G03_2026-02-01,287,train,normal,,1025,1281,1,8591108082efeae2dc76c0df533b34277d4c8dea8e200bd51f20c4e1a397d420,,
1.0,G03-260201-143136-288,G03-260201-143136-288.bmp,G03,2026-02-01T14:31:36,2026-02-01,G03_2026-02-01,288,train,normal,,1025,1281,1,f3227a2c042f269230c5086e59a82957de4445b1a337d3075d475fb721e47360,,
1.0,G03-260201-143142-289,G03-260201-143142-289.bmp,G03,2026-02-01T14:31:42,2026-02-01,G03_2026-02-01,289,train,normal,,1025,1281,1,3a0ded00dc7b19817c1536860c2edb882275223ed0a14bbcfbaad3b307c2c342,,
1.0,G03-260201-143206-290,G03-260201-143206-290.bmp,G03,2026-02-01T14:32:06,2026-02-01,G03_2026-02-01,290,train,normal,,1025,1281,1,97a0e2a96918410fdfafb79c9038081d087cecb30bc8e698c2bf1cea8ca1cd0f,,
1.0,G03-260201-143212-291,G03-260201-143212-291.bmp,G03,2026-02-01T14:32:12,2026-02-01,G03_2026-02-01,291,train,normal,,1025,1281,1,bd876b8f5528b263c50d38a32ceddfaf70a761ced72026a5aea6c26bcdc16f09,,
1.0,G03-260201-143236-292,G03-260201-143236-292.bmp,G03,2026-02-01T14:32:36,2026-02-01,G03_2026-02-01,292,train,normal,,1025,1281,1,b70c5911c798f17268eb6a6e0070ed896b41479987a146ac853ac609ed51f593,,
1.0,G03-260201-143242-293,G03-260201-143242-293.bmp,G03,2026-02-01T14:32:42,2026-02-01,G03_2026-02-01,293,train,normal,,1025,1281,1,c3fb810f90deb1242281d54c3d5517157a56f08d93680ec76483663382e349ba,,
1.0,G03-260201-143312-294,G03-260201-143312-294.bmp,G03,2026-02-01T14:33:12,2026-02-01,G03_2026-02-01,294,train,normal,,1025,1281,1,41aed999912bcc49006c1177ac120111d93c0d78b963cf8b32216d2dc9eebd74,,
1.0,G03-260201-143318-295,G03-260201-143318-295.bmp,G03,2026-02-01T14:33:18,2026-02-01,G03_2026-02-01,295,train,normal,,1025,1281,1,db4710fb4a5aefeb9645690d249f70230caaa225ad333302ca62a7a2abc11129,,
1.0,G03-260201-143338-296,G03-260201-143338-296.bmp,G03,2026-02-01T14:33:38,2026-02-01,G03_2026-02-01,296,train,normal,,1025,1281,1,68b923438cb2a660e8dbfc8ab549eb99a9b77f5f00dfbb6b48b0124b173fa4c4,,
1.0,G03-260201-143344-297,G03-260201-143344-297.bmp,G03,2026-02-01T14:33:44,2026-02-01,G03_2026-02-01,297,train,normal,,1025,1281,1,7e70698bd2feba89023391638eaf3218ed54b823d0f20b227439228752986d5b,,
1.0,G03-260201-143407-298,G03-260201-143407-298.bmp,G03,2026-02-01T14:34:07,2026-02-01,G03_2026-02-01,298,train,normal,,1025,1281,1,e28d874f351fc5d384218ec90ecdd1edc2618015d8131a620e7811075e3861a1,,
1.0,G03-260201-143413-299,G03-260201-143413-299.bmp,G03,2026-02-01T14:34:13,2026-02-01,G03_2026-02-01,299,train,normal,,1025,1281,1,8b79e5a02db55a11ea49b65a19d6a1b8ca3ab0ebf559cb4516f7c9af8e96beb0,,
1.0,G03-260201-143435-300,G03-260201-143435-300.bmp,G03,2026-02-01T14:34:35,2026-02-01,G03_2026-02-01,300,train,normal,,1025,1281,1,fdc49fbb8a57aded64ecf6ad24bef715ba35dcb8b9ac654fd24c590e20a38bfc,,
1.0,G03-260201-143443-301,G03-260201-143443-301.bmp,G03,2026-02-01T14:34:43,2026-02-01,G03_2026-02-01,301,train,normal,,1025,1281,1,264ce8616bc1757ba3cbad939149a30effc2bea4d2cf325da09a2025959d6619,,
1.0,G03-260201-143508-302,G03-260201-143508-302.bmp,G03,2026-02-01T14:35:08,2026-02-01,G03_2026-02-01,302,train,normal,,1025,1281,1,dff79510b6df07ab3e67eb319d6af48c00c833ca040c04494faf9ba90acdbd06,,
1.0,G03-260201-143514-303,G03-260201-143514-303.bmp,G03,2026-02-01T14:35:14,2026-02-01,G03_2026-02-01,303,train,normal,,1025,1281,1,2354e9ae82af319dd23656f0334318cc564a66c9a5cda37b79bd21e31493ef72,,
1.0,G03-260201-143538-304,G03-260201-143538-304.bmp,G03,2026-02-01T14:35:38,2026-02-01,G03_2026-02-01,304,train,normal,,1025,1281,1,f1c8d6bb422445dc4b11282cfd372e26e03f3c424783c23087a81117337a1c20,,
1.0,G03-260201-143544-305,G03-260201-143544-305.bmp,G03,2026-02-01T14:35:44,2026-02-01,G03_2026-02-01,305,train,normal,,1025,1281,1,d40976a2bd5752f26bc5ffbcc1017e275064e5cb092e20988700c7b37739ebb0,,
1.0,G03-260201-143607-306,G03-260201-143607-306.bmp,G03,2026-02-01T14:36:07,2026-02-01,G03_2026-02-01,306,train,normal,,1025,1281,1,72309af2f78639da7ab9227de26cd9ed41acbc3b049efb15d62b5d158fb89413,,
1.0,G03-260201-143614-307,G03-260201-143614-307.bmp,G03,2026-02-01T14:36:14,2026-02-01,G03_2026-02-01,307,train,normal,,1025,1281,1,d77dc027e27693c09ba9f647a491e30af596b3eea860689d17d8289d9138996e,,
1.0,G03-260201-143637-308,G03-260201-143637-308.bmp,G03,2026-02-01T14:36:37,2026-02-01,G03_2026-02-01,308,train,normal,,1025,1281,1,47632863cba3e1bd4fd50fe1ff15b39e8a13052feccf41d06c456a6a99417b0e,,
1.0,G03-260201-143643-309,G03-260201-143643-309.bmp,G03,2026-02-01T14:36:43,2026-02-01,G03_2026-02-01,309,train,normal,,1025,1281,1,debbfb952d1c8fbb369fe43c6f4666d40bc0ad1256fffaacc95e838d715c2d9a,,
1.0,G03-260201-143706-310,G03-260201-143706-310.bmp,G03,2026-02-01T14:37:06,2026-02-01,G03_2026-02-01,310,train,normal,,1025,1281,1,42558dc8605b9755c8d4154ba0d6d4de507b2b0dff92743b3ea07cce2100a057,,
1.0,G03-260201-143713-311,G03-260201-143713-311.bmp,G03,2026-02-01T14:37:13,2026-02-01,G03_2026-02-01,311,train,normal,,1025,1281,1,8a6fa244071f6dad0910e3b3c5ab9c63975a91eb4dc8b7b5640d1e2d6f16684d,,
1.0,G03-260201-143738-312,G03-260201-143738-312.bmp,G03,2026-02-01T14:37:38,2026-02-01,G03_2026-02-01,312,train,normal,,1025,1281,1,59669477f4aa1f728baeb075d0929ed48032940129f150aeac5029c5558bfc6e,,
1.0,G03-260201-143744-313,G03-260201-143744-313.bmp,G03,2026-02-01T14:37:44,2026-02-01,G03_2026-02-01,313,train,normal,,1025,1281,1,b1810c834ee62641c6b1ddf25bfebfb00b1b54946e77992d69883887e9c242ec,,
1.0,G03-260201-143808-314,G03-260201-143808-314.bmp,G03,2026-02-01T14:38:08,2026-02-01,G03_2026-02-01,314,train,normal,,1025,1281,1,e051192711d1120fdb992263302ec8feada57e93e2a14ba353e8b1dcd5a143f3,,
1.0,G03-260201-143814-315,G03-260201-143814-315.bmp,G03,2026-02-01T14:38:14,2026-02-01,G03_2026-02-01,315,train,normal,,1025,1281,1,43b044dadd3389bb63a0f49bde47d6528e398cfae1a130f63ea8a50e44b84af6,,
1.0,G03-260201-143831-316,G03-260201-143831-316.bmp,G03,2026-02-01T14:38:31,2026-02-01,G03_2026-02-01,316,train,normal,,1025,1281,1,8d8d78932ff3625d6a1c387849112c500eb245f142321d9672622a57b7d8923d,,
1.0,G03-260201-143852-317,G03-260201-143852-317.bmp,G03,2026-02-01T14:38:52,2026-02-01,G03_2026-02-01,317,train,normal,,1025,1281,1,25a9b3640e95df806c32eb703efe8fe50adb817ee4605efa7e5afc887e1ae8e3,,
1.0,G03-260201-143910-318,G03-260201-143910-318.bmp,G03,2026-02-01T14:39:10,2026-02-01,G03_2026-02-01,318,train,normal,,1025,1281,1,2127104ee3c68e56ebf973aaac2c2451542cc13a1054b66a9bd7fa10722d173a,,
1.0,G03-260201-143916-319,G03-260201-143916-319.bmp,G03,2026-02-01T14:39:16,2026-02-01,G03_2026-02-01,319,train,normal,,1025,1281,1,709a203de3cca24c53b494fcef48d274c40dc8739fc05b4a93438ac5ed78e484,,
1.0,G03-260201-143938-320,G03-260201-143938-320.bmp,G03,2026-02-01T14:39:38,2026-02-01,G03_2026-02-01,320,train,normal,,1025,1281,1,ade35586eb8884f97d24fafffbc5b4749952591a6f95fb004f8f71fc0bff45a9,,
1.0,G03-260201-143944-321,G03-260201-143944-321.bmp,G03,2026-02-01T14:39:44,2026-02-01,G03_2026-02-01,321,train,normal,,1025,1281,1,2347c933c2902fcd267b71e76fed95727c8c743ea7b87bc943779b68b51be55b,,
1.0,G03-260201-144007-322,G03-260201-144007-322.bmp,G03,2026-02-01T14:40:07,2026-02-01,G03_2026-02-01,322,train,normal,,1025,1281,1,6e13f17eed148c7008571d42263fcd93761ed50d803d6148e22f759a55f0caf5,,
1.0,G03-260201-144013-323,G03-260201-144013-323.bmp,G03,2026-02-01T14:40:13,2026-02-01,G03_2026-02-01,323,train,normal,,1025,1281,1,945c7526b3f5747277a232f92c49620f8c03ee0cb71f630dec7fcdd7d91a21a5,,
1.0,G03-260201-144036-324,G03-260201-144036-324.bmp,G03,2026-02-01T14:40:36,2026-02-01,G03_2026-02-01,324,train,normal,,1025,1281,1,50010160db64c7075f2d34f885afaf141b83409ea34be8b482e64b1649b0467f,,
1.0,G03-260201-144043-325,G03-260201-144043-325.bmp,G03,2026-02-01T14:40:43,2026-02-01,G03_2026-02-01,325,train,normal,,1025,1281,1,d71fd2cb66b0b482372db979d559411360b61e71703b0ef4aad8cafffa0f9ae1,,
1.0,G03-260201-144108-326,G03-260201-144108-326.bmp,G03,2026-02-01T14:41:08,2026-02-01,G03_2026-02-01,326,train,normal,,1025,1281,1,73f8e61cd077b4028790a509f52697c10bd6f5e40c7d2102eabb2b6ab124ff4f,,
1.0,G03-260201-144115-327,G03-260201-144115-327.bmp,G03,2026-02-01T14:41:15,2026-02-01,G03_2026-02-01,327,train,normal,,1025,1281,1,615d40aa9d0229eb7c087f58bed663e27b7b94b6947245e68519670e67f5189b,,
1.0,G03-260201-144135-328,G03-260201-144135-328.bmp,G03,2026-02-01T14:41:35,2026-02-01,G03_2026-02-01,328,train,normal,,1025,1281,1,a6baee7c632f89aee2f17a145b82e7b88abf118b904815f6d37e67327b0c1461,,
1.0,G03-260201-144146-329,G03-260201-144146-329.bmp,G03,2026-02-01T14:41:46,2026-02-01,G03_2026-02-01,329,train,normal,,1025,1281,1,5d0ad0d707109c6eb1fa853d39db96d1a81355621dee05cc2f071219ffe8ac2b,,
1.0,G03-260201-144210-330,G03-260201-144210-330.bmp,G03,2026-02-01T14:42:10,2026-02-01,G03_2026-02-01,330,train,normal,,1025,1281,1,4a9af519d2d85cd9017c5521bd01f3112d20468e273c79c5fc48b7892d166966,,
1.0,G03-260201-144217-331,G03-260201-144217-331.bmp,G03,2026-02-01T14:42:17,2026-02-01,G03_2026-02-01,331,train,normal,,1025,1281,1,4f514dc1fc8604cf5b997715cd02912f70626df409593a1004050568e9b5c3b7,,
1.0,G03-260201-144239-332,G03-260201-144239-332.bmp,G03,2026-02-01T14:42:39,2026-02-01,G03_2026-02-01,332,train,normal,,1025,1281,1,8c7ae2482023e676b3ba816cad702f1b0401ef7edc72de62c53fc50ae7fff250,,
1.0,G03-260201-144245-333,G03-260201-144245-333.bmp,G03,2026-02-01T14:42:45,2026-02-01,G03_2026-02-01,333,train,normal,,1025,1281,1,c32c84c0d5c5ab563e2cb4a80fbe1a6e87ef37619af58034119bc13b35a8683b,,
1.0,G03-260201-144312-334,G03-260201-144312-334.bmp,G03,2026-02-01T14:43:12,2026-02-01,G03_2026-02-01,334,train,normal,,1025,1281,1,caa37b5e1d14cdb1475048b61849096e2a18d43c8e5680efcb8269370f9e0c89,,
1.0,G03-260201-144318-335,G03-260201-144318-335.bmp,G03,2026-02-01T14:43:18,2026-02-01,G03_2026-02-01,335,train,normal,,1025,1281,1,d6ba429e5020476c8e44ffb2bc16a9772eb271979db2a1c05ee98064f3d6c31e,,
1.0,G03-260201-144343-336,G03-260201-144343-336.bmp,G03,2026-02-01T14:43:43,2026-02-01,G03_2026-02-01,336,train,normal,,1025,1281,1,fe7acda2335a1f3c73f3ef7f756539ade0dafbfdfd76114b37f6caf7e7013156,,
1.0,G03-260201-144349-337,G03-260201-144349-337.bmp,G03,2026-02-01T14:43:49,2026-02-01,G03_2026-02-01,337,train,normal,,1025,1281,1,af377a498d071590d80cce41ef7e327049684f3d8ecf0852cc9c6c0e4242e16a,,
1.0,G03-260201-144410-338,G03-260201-144410-338.bmp,G03,2026-02-01T14:44:10,2026-02-01,G03_2026-02-01,338,train,normal,,1025,1281,1,599d60b8c83977b41b9f7611b0cf338fd9c54e076c312d852992c79cd12a26df,,
1.0,G03-260201-144417-339,G03-260201-144417-339.bmp,G03,2026-02-01T14:44:17,2026-02-01,G03_2026-02-01,339,train,normal,,1025,1281,1,29deab982f9c0c24d309145088642ead75b8d10efea3a040e439697d4dfd4348,,
1.0,G03-260201-144443-340,G03-260201-144443-340.bmp,G03,2026-02-01T14:44:43,2026-02-01,G03_2026-02-01,340,train,normal,,1025,1281,1,492b847a17de444cab13673a3b08cdb9662d488b559c8b27fa0252a5f741fdd1,,
1.0,G03-260201-144449-341,G03-260201-144449-341.bmp,G03,2026-02-01T14:44:49,2026-02-01,G03_2026-02-01,341,train,normal,,1025,1281,1,56bb6d6b3edc961744cdf9d3ef32a433433c54005901b15790f43a72489903a2,,
1.0,G03-260201-144510-342,G03-260201-144510-342.bmp,G03,2026-02-01T14:45:10,2026-02-01,G03_2026-02-01,342,train,normal,,1025,1281,1,053219d31da8e86ea5797b3513cdbb961427ede06e5381ae624a1cdae791ac3b,,
1.0,G03-260201-144517-343,G03-260201-144517-343.bmp,G03,2026-02-01T14:45:17,2026-02-01,G03_2026-02-01,343,train,normal,,1025,1281,1,b36a4ba2ad38d54e5433fadebc6003e3f38bf7a63f80b5b8bf275fe7cf527f5f,,
1.0,G03-260201-144540-344,G03-260201-144540-344.bmp,G03,2026-02-01T14:45:40,2026-02-01,G03_2026-02-01,344,train,normal,,1025,1281,1,39024e6caf5fd294837b13991b8d322f0dd21ea4e167849289be102241fed035,,
1.0,G03-260201-144546-345,G03-260201-144546-345.bmp,G03,2026-02-01T14:45:46,2026-02-01,G03_2026-02-01,345,train,normal,,1025,1281,1,d0b9efc63391d05937f4761a21e580e0572236542f4b3a20f7ae50b405805dee,,
1.0,G03-260201-144608-346,G03-260201-144608-346.bmp,G03,2026-02-01T14:46:08,2026-02-01,G03_2026-02-01,346,train,normal,,1025,1281,1,9e10d448b2ca36a91176296bc4dc41df7794a03e0b0edfd01ce34da7578ce99e,,
1.0,G03-260201-144614-347,G03-260201-144614-347.bmp,G03,2026-02-01T14:46:14,2026-02-01,G03_2026-02-01,347,train,normal,,1025,1281,1,c3c8a89dc295d42f82f555a8cc70e22baa3569310761c3a0dc5091faa9b95a1c,,
1.0,G03-260201-144640-348,G03-260201-144640-348.bmp,G03,2026-02-01T14:46:40,2026-02-01,G03_2026-02-01,348,train,normal,,1025,1281,1,3e7ce0d4589e844841abb1689d3ddf258b1d210b09c8a07d5b68981745f67d22,,
1.0,G03-260201-144647-349,G03-260201-144647-349.bmp,G03,2026-02-01T14:46:47,2026-02-01,G03_2026-02-01,349,train,normal,,1025,1281,1,16a5edb61bb31178e8c0c8434d66dc4382e17feef93c4f0e90c735e7487964b7,,
1.0,G03-260201-144709-350,G03-260201-144709-350.bmp,G03,2026-02-01T14:47:09,2026-02-01,G03_2026-02-01,350,train,normal,,1025,1281,1,3c4e935251fa016fd2c1d93c1bcbfb74661e1bb6595ee1032e929548adccf565,,
1.0,G03-260201-144715-351,G03-260201-144715-351.bmp,G03,2026-02-01T14:47:15,2026-02-01,G03_2026-02-01,351,train,normal,,1025,1281,1,1c96c670bb2b1f4fd13b6b0f528d7df6f7e231365e43e2c8d06b3e8229a945a2,,
1.0,G03-260201-144741-352,G03-260201-144741-352.bmp,G03,2026-02-01T14:47:41,2026-02-01,G03_2026-02-01,352,train,normal,,1025,1281,1,4c0a5f2c54b796197981da1aeac083606bc81af72e89134c4fd3c5a8391b6b2b,,
1.0,G03-260201-144747-353,G03-260201-144747-353.bmp,G03,2026-02-01T14:47:47,2026-02-01,G03_2026-02-01,353,train,normal,,1025,1281,1,0783374d6e6033c6b4db4aee1d0adde839771c8c1f9ecb75caec53e235a95115,,
1.0,G03-260201-144810-354,G03-260201-144810-354.bmp,G03,2026-02-01T14:48:10,2026-02-01,G03_2026-02-01,354,train,normal,,1025,1281,1,ed8364ff107e39d65919110744f79cd15d598007689a1b6d4cfb726aa4318723,,
1.0,G03-260201-144816-355,G03-260201-144816-355.bmp,G03,2026-02-01T14:48:16,2026-02-01,G03_2026-02-01,355,train,normal,,1025,1281,1,6864f766e87a39b9b40d1a1385ce38fbc3a861a83843ac9e6a8174347f15a319,,
1.0,G03-260201-144841-356,G03-260201-144841-356.bmp,G03,2026-02-01T14:48:41,2026-02-01,G03_2026-02-01,356,train,normal,,1025,1281,1,e996a6ef6c87fb15808195daf97510c54a49eb1b614de25cfd2c0a7578c633fb,,
1.0,G03-260201-144847-357,G03-260201-144847-357.bmp,G03,2026-02-01T14:48:47,2026-02-01,G03_2026-02-01,357,train,normal,,1025,1281,1,f668165449b7bffeec52b87b665ddeaacedaaa8c5bf64bd4428be7ed7895236a,,
1.0,G03-260201-144909-358,G03-260201-144909-358.bmp,G03,2026-02-01T14:49:09,2026-02-01,G03_2026-02-01,358,train,normal,,1025,1281,1,b5cc0c68275fb9da40c4612dc06469644c02568e2c1efadf5b9cb05332858fb5,,
1.0,G03-260201-144916-359,G03-260201-144916-359.bmp,G03,2026-02-01T14:49:16,2026-02-01,G03_2026-02-01,359,train,normal,,1025,1281,1,e641fc41357b7d1d7d1f6057b8f5aee471da8ee5a2c522645f51403f62600b84,,
1.0,G03-260201-144940-360,G03-260201-144940-360.bmp,G03,2026-02-01T14:49:40,2026-02-01,G03_2026-02-01,360,train,normal,,1025,1281,1,36de5b2bf6919efa269135b63d3449dbad039df2c88d9f05cb796a3080efda03,,
1.0,G03-260201-144946-361,G03-260201-144946-361.bmp,G03,2026-02-01T14:49:46,2026-02-01,G03_2026-02-01,361,train,normal,,1025,1281,1,0c02a51cee27039af55708d52ed34a71b67e96ef2d2c4c534dcd4652a91cfb50,,
1.0,G03-260201-145011-362,G03-260201-145011-362.bmp,G03,2026-02-01T14:50:11,2026-02-01,G03_2026-02-01,362,train,normal,,1025,1281,1,24d144c668282ee9142a1f77367465fda24c1855bebca3be967376ee42c77628,,
1.0,G03-260201-145017-363,G03-260201-145017-363.bmp,G03,2026-02-01T14:50:17,2026-02-01,G03_2026-02-01,363,train,normal,,1025,1281,1,cfcb65d56a4c72b0993ffcc5c58a3f1eb330762bbd90181162732c10865496d9,,
1.0,G03-260201-145039-364,G03-260201-145039-364.bmp,G03,2026-02-01T14:50:39,2026-02-01,G03_2026-02-01,364,train,normal,,1025,1281,1,ea90e59dca761faa42e3e1ff30398bcf0c5bb9bdf8200bc8e7644541b83821c0,,
1.0,G03-260201-145045-365,G03-260201-145045-365.bmp,G03,2026-02-01T14:50:45,2026-02-01,G03_2026-02-01,365,train,normal,,1025,1281,1,158e1cb1c4f9b95a71582d841a65217cbf3eef41fbc44780a227a62f1bf45504,,
1.0,G03-260201-145111-366,G03-260201-145111-366.bmp,G03,2026-02-01T14:51:11,2026-02-01,G03_2026-02-01,366,train,normal,,1025,1281,1,e32184c39cafe198833d09afa4a1ce6db06e6da2651021cca24e5c4877f977ee,,
1.0,G03-260201-145118-367,G03-260201-145118-367.bmp,G03,2026-02-01T14:51:18,2026-02-01,G03_2026-02-01,367,train,normal,,1025,1281,1,4760a259c543534aed4acd3584cbd2aef2bfe97b3143dc2bd7c107c0472062c9,,
1.0,G03-260201-145140-368,G03-260201-145140-368.bmp,G03,2026-02-01T14:51:40,2026-02-01,G03_2026-02-01,368,train,normal,,1025,1281,1,756ba67a6f0632766ceae030c32d16235e485ee027bfa5f4121205759ecc2f51,,
1.0,G03-260201-145147-369,G03-260201-145147-369.bmp,G03,2026-02-01T14:51:47,2026-02-01,G03_2026-02-01,369,train,normal,,1025,1281,1,cadc53a5729f3d247b9e202d938d4017ec4fd77cec66eddb35cfecddff628509,,
1.0,G03-260201-145212-370,G03-260201-145212-370.bmp,G03,2026-02-01T14:52:12,2026-02-01,G03_2026-02-01,370,train,normal,,1025,1281,1,9bbb04ea09b5e74bf9ba1aeeb57c3f7eb325500027afda070bcbcb424f378bde,,
1.0,G03-260201-145218-371,G03-260201-145218-371.bmp,G03,2026-02-01T14:52:18,2026-02-01,G03_2026-02-01,371,train,normal,,1025,1281,1,2e79cc660550b63515d755d5a15bae72bbf62e910819a45001b208ec808c6f70,,
1.0,G03-260201-145303-372,G03-260201-145303-372.bmp,G03,2026-02-01T14:53:03,2026-02-01,G03_2026-02-01,372,train,normal,,1025,1281,1,5a93ffb13abd8df11674d8fb1e1f5d4a272a573925e507b53be98d37e3e226f2,,
1.0,G03-260201-145339-373,G03-260201-145339-373.bmp,G03,2026-02-01T14:53:39,2026-02-01,G03_2026-02-01,373,train,normal,,1025,1281,1,89207636f1066010f104d537c5d98960e0534dad8988cdd48b536dbab1585766,,
1.0,G03-260201-145357-374,G03-260201-145357-374.bmp,G03,2026-02-01T14:53:57,2026-02-01,G03_2026-02-01,374,train,normal,,1025,1281,1,499cfc5d8b041e49c22e48a481ac0c5040cf7580340801c596e9043dd266b277,,
1.0,G03-260201-145403-375,G03-260201-145403-375.bmp,G03,2026-02-01T14:54:03,2026-02-01,G03_2026-02-01,375,train,normal,,1025,1281,1,5c268f329d29ca6c77efaf000474e68c79cd0a8b2d690abe2d39af393c1c3b17,,
1.0,G03-260201-145417-376,G03-260201-145417-376.bmp,G03,2026-02-01T14:54:17,2026-02-01,G03_2026-02-01,376,train,normal,,1025,1281,1,bd561f83be8a03c856c4b0009c182eb9d15109e0542962b4e830bb79c8deb946,,
1.0,G03-260201-145423-377,G03-260201-145423-377.bmp,G03,2026-02-01T14:54:23,2026-02-01,G03_2026-02-01,377,train,normal,,1025,1281,1,9954f508a3a34e9e48c267981bb17609ca7d299389b70c6bac3a031c413b0c9d,,
1.0,G03-260201-145430-378,G03-260201-145430-378.bmp,G03,2026-02-01T14:54:30,2026-02-01,G03_2026-02-01,378,train,normal,,1025,1281,1,4780b4b941bcfdb00472e2029692948bb472c12287b98eedb797e604248544a9,,
1.0,G03-260201-145439-379,G03-260201-145439-379.bmp,G03,2026-02-01T14:54:39,2026-02-01,G03_2026-02-01,379,train,normal,,1025,1281,1,bcf77f8d032f4088a59991ac6dc49400d0e3ab58bbad84655275a4ff7116c8c0,,
1.0,G03-260201-145446-380,G03-260201-145446-380.bmp,G03,2026-02-01T14:54:46,2026-02-01,G03_2026-02-01,380,train,normal,,1025,1281,1,28e16232e5008d5c638b73d36295e945eecca4c67f3829226a931e1d250f9677,,
1.0,G03-260201-145452-381,G03-260201-145452-381.bmp,G03,2026-02-01T14:54:52,2026-02-01,G03_2026-02-01,381,train,normal,,1025,1281,1,1144f713ae74d97f140db5725efab5bc6335b3a15964fbbb4e959a3b8b2fca76,,
1.0,G03-260201-145511-382,G03-260201-145511-382.bmp,G03,2026-02-01T14:55:11,2026-02-01,G03_2026-02-01,382,train,normal,,1025,1281,1,1e0b33c2f3956344c30768aacb05929444d4859205b653947924efef024c5255,,
1.0,G03-260201-145517-383,G03-260201-145517-383.bmp,G03,2026-02-01T14:55:17,2026-02-01,G03_2026-02-01,383,train,normal,,1025,1281,1,fdf2e5080ebd53f2122151a38b9c140dc072fa9641511a4f572f18c0d7beeb77,,
1.0,G03-260201-145541-384,G03-260201-145541-384.bmp,G03,2026-02-01T14:55:41,2026-02-01,G03_2026-02-01,384,train,normal,,1025,1281,1,aa9b590fba45199db2c53b32330eb9d65a8c7c5ae9f79d4553bd535dc5d34b2b,,
1.0,G03-260201-145616-386,G03-260201-145616-386.bmp,G03,2026-02-01T14:56:16,2026-02-01,G03_2026-02-01,386,train,normal,,1025,1281,1,fdbff1355d76778406c0c9ef0c28f767819223379c2d5b992e56408519c5c200,,
1.0,G03-260201-145623-387,G03-260201-145623-387.bmp,G03,2026-02-01T14:56:23,2026-02-01,G03_2026-02-01,387,train,normal,,1025,1281,1,498214262aeeb326d4a9ba25fc72e2acb931b391ebd6a5c288fef49401306879,,
1.0,G03-260201-145648-388,G03-260201-145648-388.bmp,G03,2026-02-01T14:56:48,2026-02-01,G03_2026-02-01,388,train,normal,,1025,1281,1,31b35fdad73c512d2a03a263b788358fe5660ba299040040bc6cb2a43dbc4277,,
1.0,G03-260201-145654-389,G03-260201-145654-389.bmp,G03,2026-02-01T14:56:54,2026-02-01,G03_2026-02-01,389,train,normal,,1025,1281,1,0f2475fa5aab5c8f9ff533a329265a534adeafb794717013d8cb62af51fc71e4,,
1.0,G03-260201-145714-390,G03-260201-145714-390.bmp,G03,2026-02-01T14:57:14,2026-02-01,G03_2026-02-01,390,train,normal,,1025,1281,1,5c453b5bec8f46a4e044378f9a494e63de9799fd85c675f115a804ba1c882ecd,,
1.0,G03-260201-145721-391,G03-260201-145721-391.bmp,G03,2026-02-01T14:57:21,2026-02-01,G03_2026-02-01,391,train,normal,,1025,1281,1,12de9477fa605cd3cf9257f37a71c37edb70ec8f31f417d83498f7aa81468e53,,
1.0,G03-260201-145742-392,G03-260201-145742-392.bmp,G03,2026-02-01T14:57:42,2026-02-01,G03_2026-02-01,392,train,normal,,1025,1281,1,29f76a844d8a17b61761d910bed3fe67277132043e147925af8db2bc261657c7,,
1.0,G03-260201-145749-393,G03-260201-145749-393.bmp,G03,2026-02-01T14:57:49,2026-02-01,G03_2026-02-01,393,train,normal,,1025,1281,1,ab3db95465beb14b5eb48804dce13a4a9dfa35d2eeca03777191a63b7bbdfca5,,
1.0,G03-260201-145812-394,G03-260201-145812-394.bmp,G03,2026-02-01T14:58:12,2026-02-01,G03_2026-02-01,394,train,normal,,1025,1281,1,7a5bc15847bafb37ffc43bf89bd1a2ccef7bc1e346443e1020defc50ba8fb13a,,
1.0,G03-260201-145818-395,G03-260201-145818-395.bmp,G03,2026-02-01T14:58:18,2026-02-01,G03_2026-02-01,395,train,normal,,1025,1281,1,d9f8fd30fdbd25a852f5187b8b7996aeb770d2831f96e1a808839b566db7dc54,,
1.0,G03-260201-145842-396,G03-260201-145842-396.bmp,G03,2026-02-01T14:58:42,2026-02-01,G03_2026-02-01,396,train,normal,,1025,1281,1,6e1720a606c2cec6c0dc6ee247f74c3c76d508e6549c4a3285388eb94a9b24fc,,
1.0,G03-260201-145848-397,G03-260201-145848-397.bmp,G03,2026-02-01T14:58:48,2026-02-01,G03_2026-02-01,397,train,normal,,1025,1281,1,2110d96c86761d00131fc719c6db8372913e76817b181bf057f4f47a30f77d8a,,
1.0,G03-260201-145913-398,G03-260201-145913-398.bmp,G03,2026-02-01T14:59:13,2026-02-01,G03_2026-02-01,398,train,normal,,1025,1281,1,bb3d57e9727dd093eec1cce5edc78993a5eb6967ec98d9f8a6fc59537330a92e,,
1.0,G03-260201-145919-399,G03-260201-145919-399.bmp,G03,2026-02-01T14:59:19,2026-02-01,G03_2026-02-01,399,train,normal,,1025,1281,1,153f9fba9d2deb8351052af22c2593091b5ec5590db3d42f29d4d598bd4427ae,,
1.0,G03-260201-145944-400,G03-260201-145944-400.bmp,G03,2026-02-01T14:59:44,2026-02-01,G03_2026-02-01,400,train,normal,,1025,1281,1,682f963a387ab68e5d8ca819175d17e76299286612411567331ef0267c6174ff,,
1.0,G03-260201-145950-401,G03-260201-145950-401.bmp,G03,2026-02-01T14:59:50,2026-02-01,G03_2026-02-01,401,train,normal,,1025,1281,1,eb8b59dbb1f5bb4b6f0ac455fa7402ed77b2fa56d21eaa5eec86bf191a17e71b,,
1.0,G03-260201-150014-402,G03-260201-150014-402.bmp,G03,2026-02-01T15:00:14,2026-02-01,G03_2026-02-01,402,train,normal,,1025,1281,1,74a620f6b2041467fc8e668be6e4ad96e7e71d5e52b9d3d1da585c0d601dc2a9,,
1.0,G03-260201-150020-403,G03-260201-150020-403.bmp,G03,2026-02-01T15:00:20,2026-02-01,G03_2026-02-01,403,train,normal,,1025,1281,1,3f9a702b4d2a23c759b43ca8b6eec292dfe48ad08bdf724b2f50f06bd10448af,,
1.0,G03-260201-150044-404,G03-260201-150044-404.bmp,G03,2026-02-01T15:00:44,2026-02-01,G03_2026-02-01,404,train,normal,,1025,1281,1,fa60acf11b2c7bcdc1397bb7bece59ef3c402ab28f6bb0cd4f9232fef2336953,,
1.0,G03-260201-150050-405,G03-260201-150050-405.bmp,G03,2026-02-01T15:00:50,2026-02-01,G03_2026-02-01,405,train,normal,,1025,1281,1,441cfa2c21312930b0e55e823f10286f2bf892e0b465a3f0b36165a84a1d5f6a,,
1.0,G03-260201-150113-406,G03-260201-150113-406.bmp,G03,2026-02-01T15:01:13,2026-02-01,G03_2026-02-01,406,train,normal,,1025,1281,1,68779c4355a64561a190dfd45aa660d55eefb7f79802bde16c76f1ead62ee136,,
1.0,G03-260201-150120-407,G03-260201-150120-407.bmp,G03,2026-02-01T15:01:20,2026-02-01,G03_2026-02-01,407,train,normal,,1025,1281,1,ad870d30e69413df677e5685cf475e30776eae172a9a80646b57430c2402dfe3,,
1.0,G03-260201-150142-408,G03-260201-150142-408.bmp,G03,2026-02-01T15:01:42,2026-02-01,G03_2026-02-01,408,train,normal,,1025,1281,1,71d6e24a1963c8e670d5b7b07ffca7a0d3c4f9017dd66ab9c8f3b5d3937bf40f,,
1.0,G03-260201-150148-409,G03-260201-150148-409.bmp,G03,2026-02-01T15:01:48,2026-02-01,G03_2026-02-01,409,train,normal,,1025,1281,1,aa6eaf6570a2b4e6e450880ffe1cba1a6a20e8bab13222cb36a928bdf531ed73,,
1.0,G03-260201-150214-410,G03-260201-150214-410.bmp,G03,2026-02-01T15:02:14,2026-02-01,G03_2026-02-01,410,train,normal,,1025,1281,1,70f2c8c5219bd6aa58a656b294a6482ca098da7bfcbdfc39ca03dadad19b92a3,,
1.0,G03-260201-150221-411,G03-260201-150221-411.bmp,G03,2026-02-01T15:02:21,2026-02-01,G03_2026-02-01,411,train,normal,,1025,1281,1,2549a8c535d78643eed87251af266f6e32b4c0fdb58eabba33c05073ca65c89e,,
1.0,G03-260201-150243-412,G03-260201-150243-412.bmp,G03,2026-02-01T15:02:43,2026-02-01,G03_2026-02-01,412,train,normal,,1025,1281,1,9cf271530106871984cdc79a3da8fcb0dbb28c937da3fdabbd7e7dfbe9f442b5,,
1.0,G03-260201-150249-413,G03-260201-150249-413.bmp,G03,2026-02-01T15:02:49,2026-02-01,G03_2026-02-01,413,train,normal,,1025,1281,1,7bf9d683d8cd747da6cdbd28b165446c254b408d60b5028fea89326a86c7a74f,,
1.0,G03-260201-150315-414,G03-260201-150315-414.bmp,G03,2026-02-01T15:03:15,2026-02-01,G03_2026-02-01,414,train,normal,,1025,1281,1,0d74e65bca17f1503427e0ecf651f1458ca68d5c77800d5256e56ab214fdc21c,,
1.0,G03-260201-150321-415,G03-260201-150321-415.bmp,G03,2026-02-01T15:03:21,2026-02-01,G03_2026-02-01,415,train,normal,,1025,1281,1,151525dcf3746952bef19eba4ce9fa1a469b01ef1b9dbcceb0980d68b2016d72,,
1.0,G03-260201-150344-416,G03-260201-150344-416.bmp,G03,2026-02-01T15:03:44,2026-02-01,G03_2026-02-01,416,train,normal,,1025,1281,1,69b5191ec239887d37478959215f501cd80ede0b2eecf83cd4d9c34e16163c3b,,
1.0,G03-260201-150351-417,G03-260201-150351-417.bmp,G03,2026-02-01T15:03:51,2026-02-01,G03_2026-02-01,417,train,normal,,1025,1281,1,6762f7a1a01fe0b3f70d23382f312246bb027161663c7150f2405e9e67db07fa,,
1.0,G03-260201-150414-418,G03-260201-150414-418.bmp,G03,2026-02-01T15:04:14,2026-02-01,G03_2026-02-01,418,train,normal,,1025,1281,1,5a4fd1a6a5f2067a81e9339cd56bec4f5a672e0fd25ed4ffa8367443c083fdc6,,
1.0,G03-260201-150420-419,G03-260201-150420-419.bmp,G03,2026-02-01T15:04:20,2026-02-01,G03_2026-02-01,419,train,normal,,1025,1281,1,379d0bc6e6daa50120440d6edb8f8ed695668179b6e02cb0c756c8647c8b607d,,
1.0,G03-260201-150443-420,G03-260201-150443-420.bmp,G03,2026-02-01T15:04:43,2026-02-01,G03_2026-02-01,420,train,normal,,1025,1281,1,7dcf1f7421bfdb67a9119090542991717ea185e9dc930e45a0c6470d2c77a82e,,
1.0,G03-260201-150451-421,G03-260201-150451-421.bmp,G03,2026-02-01T15:04:51,2026-02-01,G03_2026-02-01,421,train,normal,,1025,1281,1,f12b723e133b7453544070a07c6ab07111d7bf8cf16399a8d2de5a03d7ba59a4,,
1.0,G03-260201-150517-422,G03-260201-150517-422.bmp,G03,2026-02-01T15:05:17,2026-02-01,G03_2026-02-01,422,train,normal,,1025,1281,1,52768e80423bcb12340ef29c1c2ff25f1a7aa9d06cbab4a8589eade99a996085,,
1.0,G03-260201-150523-423,G03-260201-150523-423.bmp,G03,2026-02-01T15:05:23,2026-02-01,G03_2026-02-01,423,train,normal,,1025,1281,1,902f48b59e88e0470f539ee380d2afe7d6751f38fe24b292713c63b044b50d42,,
1.0,G03-260201-150547-424,G03-260201-150547-424.bmp,G03,2026-02-01T15:05:47,2026-02-01,G03_2026-02-01,424,train,normal,,1025,1281,1,9706b818f989408e8ae34213daec5d8eab10b7b955cec718f3c4516f38b171ad,,
1.0,G03-260201-150553-425,G03-260201-150553-425.bmp,G03,2026-02-01T15:05:53,2026-02-01,G03_2026-02-01,425,train,normal,,1025,1281,1,00af9471f289478c947e861502d1af868df762aec25a8f010a52f927c2c20542,,
1.0,G03-260201-150615-426,G03-260201-150615-426.bmp,G03,2026-02-01T15:06:15,2026-02-01,G03_2026-02-01,426,train,normal,,1025,1281,1,e6a8a3908489ca2c2a0efafb2a5adeb77b3fee60183e830010fc46b9b056687a,,
1.0,G03-260201-150622-427,G03-260201-150622-427.bmp,G03,2026-02-01T15:06:22,2026-02-01,G03_2026-02-01,427,train,normal,,1025,1281,1,9438fd626b65ea858468cf4547b45e5ce80b6b2f6da3c7f7a97c2662cce6e0ae,,
1.0,G03-260201-150645-428,G03-260201-150645-428.bmp,G03,2026-02-01T15:06:45,2026-02-01,G03_2026-02-01,428,train,normal,,1025,1281,1,041cee0398036bf769adf1803e22da63217400d129eb5b85c040091960f619a8,,
1.0,G03-260201-150652-429,G03-260201-150652-429.bmp,G03,2026-02-01T15:06:52,2026-02-01,G03_2026-02-01,429,train,normal,,1025,1281,1,408910db08a76319c127f48bdbc545633b2aac863b6e7c3a2071eae109824ad0,,
1.0,G03-260201-150713-430,G03-260201-150713-430.bmp,G03,2026-02-01T15:07:13,2026-02-01,G03_2026-02-01,430,train,normal,,1025,1281,1,3667c0f6dbb43977b800f11c86dcac88f9a8c2810c5a962e18c8e91e0f4bcbbe,,
1.0,G03-260201-150720-431,G03-260201-150720-431.bmp,G03,2026-02-01T15:07:20,2026-02-01,G03_2026-02-01,431,train,normal,,1025,1281,1,456c8b2fc1630a9eaaa97814c4e18006f4c08aa9790596c68451b9119082c422,,
1.0,G03-260201-150746-432,G03-260201-150746-432.bmp,G03,2026-02-01T15:07:46,2026-02-01,G03_2026-02-01,432,train,normal,,1025,1281,1,c6b1ec5ad0b69f28720ee2d18cf92327669bf7d5aa5d3ebbf96a470e428e1858,,
1.0,G03-260201-150752-433,G03-260201-150752-433.bmp,G03,2026-02-01T15:07:52,2026-02-01,G03_2026-02-01,433,train,normal,,1025,1281,1,86b6ff3867c940283fe291e021b15e330c9f0fdaadbb991b88d19c660c13c0f6,,
1.0,G03-260201-150816-434,G03-260201-150816-434.bmp,G03,2026-02-01T15:08:16,2026-02-01,G03_2026-02-01,434,train,normal,,1025,1281,1,26049746698fc33e49bd45ba535121066073056f82e862150ba6f3b8762fe50d,,
1.0,G03-260201-150822-435,G03-260201-150822-435.bmp,G03,2026-02-01T15:08:22,2026-02-01,G03_2026-02-01,435,train,normal,,1025,1281,1,6373d08fddaa94d80bddd4bb8f229dd12cde2d88dc34f5cd89a60ad8fe702834,,
1.0,G03-260201-150846-436,G03-260201-150846-436.bmp,G03,2026-02-01T15:08:46,2026-02-01,G03_2026-02-01,436,train,normal,,1025,1281,1,027ba52af76437c6d0353e81a5f91421e600877cb435aeeffa2120545c2604cb,,
1.0,G03-260201-150852-437,G03-260201-150852-437.bmp,G03,2026-02-01T15:08:52,2026-02-01,G03_2026-02-01,437,train,normal,,1025,1281,1,a9d6cc735faf754a4d732b9952ce1234744b654ceae8928580b525c45a79f5fd,,
1.0,G03-260201-150921-438,G03-260201-150921-438.bmp,G03,2026-02-01T15:09:21,2026-02-01,G03_2026-02-01,438,train,normal,,1025,1281,1,b9b04e7bd5901a48aab3df8ed3ae54669c51219af5e48659e9aa599bad0bc5df,,
1.0,G03-260201-150927-439,G03-260201-150927-439.bmp,G03,2026-02-01T15:09:27,2026-02-01,G03_2026-02-01,439,train,normal,,1025,1281,1,4e5d3ec03937a2359436351a55a7ad86a74974ed872cc0df4708f1847860d4e9,,
1.0,G03-260201-150946-440,G03-260201-150946-440.bmp,G03,2026-02-01T15:09:46,2026-02-01,G03_2026-02-01,440,train,normal,,1025,1281,1,84cb6762a4f82b70919698b1b1ea490a9ec6493512d6d428580773da5eb56c94,,
1.0,G03-260201-150953-441,G03-260201-150953-441.bmp,G03,2026-02-01T15:09:53,2026-02-01,G03_2026-02-01,441,train,normal,,1025,1281,1,db9de73368a53c6109bbbc2e1fd6915912573c87f7499deffafb0106e3be100b,,
1.0,G03-260201-151016-442,G03-260201-151016-442.bmp,G03,2026-02-01T15:10:16,2026-02-01,G03_2026-02-01,442,train,normal,,1025,1281,1,51f098194def1361358d1dfd580c4b97171a10af8704ba3e132565e36d82efd0,,
1.0,G03-260201-151023-443,G03-260201-151023-443.bmp,G03,2026-02-01T15:10:23,2026-02-01,G03_2026-02-01,443,train,normal,,1025,1281,1,7a7673f1668e27561e29d8203f443f37009398ebd5ff4622eb39cbb576ba8892,,
1.0,G03-260201-151045-444,G03-260201-151045-444.bmp,G03,2026-02-01T15:10:45,2026-02-01,G03_2026-02-01,444,train,normal,,1025,1281,1,e2c066efdb138cd30a5b63dd168b7acf52b4055bc60d6c7fcbfd3575d1e8f376,,
1.0,G03-260201-151051-445,G03-260201-151051-445.bmp,G03,2026-02-01T15:10:51,2026-02-01,G03_2026-02-01,445,train,normal,,1025,1281,1,b3b7d0e7cb6b4d4d0f576a5a42bba2d628514df78b8f1b81c2e0f725ac1a9a5e,,
1.0,G03-260201-151116-446,G03-260201-151116-446.bmp,G03,2026-02-01T15:11:16,2026-02-01,G03_2026-02-01,446,train,normal,,1025,1281,1,86ec40a39e9343532a53942f4922f72e908938f796e053e83c7a49195a92518b,,
1.0,G03-260201-151122-447,G03-260201-151122-447.bmp,G03,2026-02-01T15:11:22,2026-02-01,G03_2026-02-01,447,train,normal,,1025,1281,1,574f13fa482aa34a90abea5d928604abddc2d3289f777e873172d3f5af4a790f,,
1.0,G03-260201-151145-448,G03-260201-151145-448.bmp,G03,2026-02-01T15:11:45,2026-02-01,G03_2026-02-01,448,train,normal,,1025,1281,1,98711c96182389dbbb427701fd0d81052129c533d9d561f85b8821aae7df288a,,
1.0,G03-260201-151152-449,G03-260201-151152-449.bmp,G03,2026-02-01T15:11:52,2026-02-01,G03_2026-02-01,449,train,normal,,1025,1281,1,7add03ad720dc9d58f11408714ecc3a17baa64165828fa5c97447ab98ab13f99,,
1.0,G03-260201-151215-450,G03-260201-151215-450.bmp,G03,2026-02-01T15:12:15,2026-02-01,G03_2026-02-01,450,train,normal,,1025,1281,1,f5792668be173e737cadf3b21cc285fba5c4e95a8ca15b9b44135d7500d3a7da,,
1.0,G03-260201-151222-451,G03-260201-151222-451.bmp,G03,2026-02-01T15:12:22,2026-02-01,G03_2026-02-01,451,train,normal,,1025,1281,1,98c8cea7a6be27bb3eb45852465d9a684fb06db0cc1c86c59900cfbecc118dd3,,
1.0,G03-260201-151245-452,G03-260201-151245-452.bmp,G03,2026-02-01T15:12:45,2026-02-01,G03_2026-02-01,452,train,normal,,1025,1281,1,87242a4b045bab21de314074de3605e4b83055c3be9ffd496dad1633ab679340,,
1.0,G03-260201-151252-453,G03-260201-151252-453.bmp,G03,2026-02-01T15:12:52,2026-02-01,G03_2026-02-01,453,train,normal,,1025,1281,1,65f3575202b5889d363bba88df6127303b483f8e67343494da7662a36f631a4d,,
1.0,G03-260201-151315-454,G03-260201-151315-454.bmp,G03,2026-02-01T15:13:15,2026-02-01,G03_2026-02-01,454,train,normal,,1025,1281,1,059cd142761723869cf8b199103204653a63c3c86d0095240b865b11bd47a053,,
1.0,G03-260201-151322-455,G03-260201-151322-455.bmp,G03,2026-02-01T15:13:22,2026-02-01,G03_2026-02-01,455,train,normal,,1025,1281,1,e723cba3560626eb3b3fcf44a075e3379ad4dcc2796a4685c639fd26bf28c42a,,
1.0,G03-260201-151347-456,G03-260201-151347-456.bmp,G03,2026-02-01T15:13:47,2026-02-01,G03_2026-02-01,456,train,normal,,1025,1281,1,3e19476fa7b38ab2166796c41e4f063a17de74460e56dea09a39e1f792f141a9,,
1.0,G03-260201-151353-457,G03-260201-151353-457.bmp,G03,2026-02-01T15:13:53,2026-02-01,G03_2026-02-01,457,train,normal,,1025,1281,1,0f8eb32b2ca4ffde944efeedaf5934f1a28b033c964b30fca9245826d1c16ded,,
1.0,G03-260201-151415-458,G03-260201-151415-458.bmp,G03,2026-02-01T15:14:15,2026-02-01,G03_2026-02-01,458,train,normal,,1025,1281,1,4a495ae9df297cda161860b8440399f54c481d9836c01f78c7c4d173977b215e,,
1.0,G03-260201-151421-459,G03-260201-151421-459.bmp,G03,2026-02-01T15:14:21,2026-02-01,G03_2026-02-01,459,train,normal,,1025,1281,1,a624a331dbc409a6c2bd5e38e5fbce7e942eaa7e09c06526518e9303f8307c45,,
1.0,G03-260201-151447-460,G03-260201-151447-460.bmp,G03,2026-02-01T15:14:47,2026-02-01,G03_2026-02-01,460,train,normal,,1025,1281,1,1c637dcfaea9d24a1d44b2ff7549eb332e0470d2a319071bf267912641563ea7,,
1.0,G03-260201-151453-461,G03-260201-151453-461.bmp,G03,2026-02-01T15:14:53,2026-02-01,G03_2026-02-01,461,train,normal,,1025,1281,1,3117af6498d880c66f799d929d40acaa1a30cc7b9bd688f5b4a3f8813125c51a,,
1.0,G03-260201-151518-462,G03-260201-151518-462.bmp,G03,2026-02-01T15:15:18,2026-02-01,G03_2026-02-01,462,train,normal,,1025,1281,1,a6b45b1bc83a747de6d2abfb21c3f5080c3d8ea3d9d3aaa3ccf92c54741b2ff9,,
1.0,G03-260201-151524-463,G03-260201-151524-463.bmp,G03,2026-02-01T15:15:24,2026-02-01,G03_2026-02-01,463,train,normal,,1025,1281,1,b55b999c6411742de6d084f8d7a587772b3035cd87a431fe5a7eee2a61289f05,,
1.0,G03-260201-151546-464,G03-260201-151546-464.bmp,G03,2026-02-01T15:15:46,2026-02-01,G03_2026-02-01,464,train,normal,,1025,1281,1,15600b69da890def8dff4e96f67d682dfd37734cada22b0f9c6919fa0bf06148,,
1.0,G03-260201-151553-465,G03-260201-151553-465.bmp,G03,2026-02-01T15:15:53,2026-02-01,G03_2026-02-01,465,train,normal,,1025,1281,1,32961240558efb1d85479e265f00b3b868ba1943d0bc2d83f8639f5b405aeccc,,
1.0,G03-260201-151618-466,G03-260201-151618-466.bmp,G03,2026-02-01T15:16:18,2026-02-01,G03_2026-02-01,466,train,normal,,1025,1281,1,246208bd82025460a46554471c8f9286bb01b61d7d32d25e3b572a708c393d8e,,
1.0,G03-260201-151624-467,G03-260201-151624-467.bmp,G03,2026-02-01T15:16:24,2026-02-01,G03_2026-02-01,467,train,normal,,1025,1281,1,2fad103fd2afde7fabd6a4e6c16257662c21c18b757101fc5e490b6f2db91b55,,
1.0,G03-260201-151647-468,G03-260201-151647-468.bmp,G03,2026-02-01T15:16:47,2026-02-01,G03_2026-02-01,468,train,normal,,1025,1281,1,7303e51286470011addf9cf06aff2a98177d3d1c3b6ec38f3198dca41f0f2212,,
1.0,G03-260201-151653-469,G03-260201-151653-469.bmp,G03,2026-02-01T15:16:53,2026-02-01,G03_2026-02-01,469,train,normal,,1025,1281,1,377de4d4e849385aebf698a611d2ce80323c7b23ff670b6d0e6b1e28711f3445,,
1.0,G03-260201-151717-470,G03-260201-151717-470.bmp,G03,2026-02-01T15:17:17,2026-02-01,G03_2026-02-01,470,train,normal,,1025,1281,1,b545cd21b2bf2ccc8a2d99a64e624d81bdada467ef48de370614c534862fb890,,
1.0,G03-260201-151723-471,G03-260201-151723-471.bmp,G03,2026-02-01T15:17:23,2026-02-01,G03_2026-02-01,471,train,normal,,1025,1281,1,26e67b9db018eeba6cfd6e8676a5dfb1bc50015e1d4d826d4ad00973ea63435c,,
1.0,G03-260201-151748-472,G03-260201-151748-472.bmp,G03,2026-02-01T15:17:48,2026-02-01,G03_2026-02-01,472,train,normal,,1025,1281,1,4538b9f84d2a19a8dcddeff4f1edd6f932d2db2c662b68e448a4c2578b8282aa,,
1.0,G03-260201-151755-473,G03-260201-151755-473.bmp,G03,2026-02-01T15:17:55,2026-02-01,G03_2026-02-01,473,train,normal,,1025,1281,1,93363f7f90eff31bd4826f5a04b1fbc06a8e2ee9e3b0f36a1dc78143f03a725d,,
1.0,G03-260201-151818-474,G03-260201-151818-474.bmp,G03,2026-02-01T15:18:18,2026-02-01,G03_2026-02-01,474,train,normal,,1025,1281,1,f7111d171641e3d867c706e3990933b0fa2b6d97afda49a92418ed9e76ceb994,,
1.0,G03-260201-151824-475,G03-260201-151824-475.bmp,G03,2026-02-01T15:18:24,2026-02-01,G03_2026-02-01,475,train,normal,,1025,1281,1,0b182e7b3f24326abf860547dc9c40b0b1d3462ce86de256c423943759e2c17e,,
1.0,G03-260201-151848-476,G03-260201-151848-476.bmp,G03,2026-02-01T15:18:48,2026-02-01,G03_2026-02-01,476,train,normal,,1025,1281,1,faf07fb1c1541d5001664b59d960c8b0bcc6ed7eb75371be7857de22b372a057,,
1.0,G03-260201-151854-477,G03-260201-151854-477.bmp,G03,2026-02-01T15:18:54,2026-02-01,G03_2026-02-01,477,train,normal,,1025,1281,1,a3b13417be7b022bca9be16671992c78f4873f8f86d44ca53ac655226198d4f0,,
1.0,G03-260201-151912-478,G03-260201-151912-478.bmp,G03,2026-02-01T15:19:12,2026-02-01,G03_2026-02-01,478,train,normal,,1025,1281,1,2a10b0043073a3fb2d560f8f1ae7ba5d6e33849109c0a09dec601f53035bdb90,,
1.0,G03-260201-151950-479,G03-260201-151950-479.bmp,G03,2026-02-01T15:19:50,2026-02-01,G03_2026-02-01,479,train,normal,,1025,1281,1,130ad0e0d70ece023bb05479abde576092de16df775396312d3a840dbbe490a1,,
1.0,G03-260201-151957-480,G03-260201-151957-480.bmp,G03,2026-02-01T15:19:57,2026-02-01,G03_2026-02-01,480,train,normal,,1025,1281,1,b7feed6f795d4f61ede0e8039661f9f1c4fdcce3327669dbc92b871e912c2c36,,
1.0,G03-260201-152004-481,G03-260201-152004-481.bmp,G03,2026-02-01T15:20:04,2026-02-01,G03_2026-02-01,481,train,normal,,1025,1281,1,26f00352a8a86702a01efa61b1aadf21d85dda57800ad43d35989190bb0ea8b7,,
1.0,G03-260201-152021-482,G03-260201-152021-482.bmp,G03,2026-02-01T15:20:21,2026-02-01,G03_2026-02-01,482,train,normal,,1025,1281,1,d744548a88351b0379d84b22e882d85a13cad80a588fcd99583c718611867d94,,
1.0,G03-260201-152027-483,G03-260201-152027-483.bmp,G03,2026-02-01T15:20:27,2026-02-01,G03_2026-02-01,483,train,normal,,1025,1281,1,3496f5263ce55ce607a876c2bce405fbe24c9cc993463d044719cd078e0cfefc,,
1.0,G03-260201-152048-484,G03-260201-152048-484.bmp,G03,2026-02-01T15:20:48,2026-02-01,G03_2026-02-01,484,train,normal,,1025,1281,1,3b502a1da5b728d5276cba5854daccfcd8eb78bebe5cab1879fca45b9e44df05,,
1.0,G03-260201-152054-485,G03-260201-152054-485.bmp,G03,2026-02-01T15:20:54,2026-02-01,G03_2026-02-01,485,train,normal,,1025,1281,1,e56e2a0b876838746e226fac2aa9f50509c541173fdc76ade89630039eaafee8,,
1.0,G03-260201-152118-486,G03-260201-152118-486.bmp,G03,2026-02-01T15:21:18,2026-02-01,G03_2026-02-01,486,train,normal,,1025,1281,1,e2218d1bf9b441208a6028981b6aa4f896f742f93a4cb470b0261b3868f34d96,,
1.0,G03-260201-152124-487,G03-260201-152124-487.bmp,G03,2026-02-01T15:21:24,2026-02-01,G03_2026-02-01,487,train,normal,,1025,1281,1,1fef967106063655c83042b72dfc6e6136e25acdf69c39d32683844bbfddf79e,,
1.0,G03-260201-152149-488,G03-260201-152149-488.bmp,G03,2026-02-01T15:21:49,2026-02-01,G03_2026-02-01,488,train,normal,,1025,1281,1,7b5b354910c9051b692e5a996793bf3d2d97c1b8d413efe2bfe8f5381a02f675,,
1.0,G03-260201-152155-489,G03-260201-152155-489.bmp,G03,2026-02-01T15:21:55,2026-02-01,G03_2026-02-01,489,train,normal,,1025,1281,1,2bcb48b4fd8199ab51a43b44171f18adf637e71546eed5314228a0c3f13b2680,,
1.0,G03-260201-152221-490,G03-260201-152221-490.bmp,G03,2026-02-01T15:22:21,2026-02-01,G03_2026-02-01,490,train,normal,,1025,1281,1,c399d6f8334953df4abb44330072fdf3192512b7396934cc73d6f0deec8496ba,,
1.0,G03-260201-152227-491,G03-260201-152227-491.bmp,G03,2026-02-01T15:22:27,2026-02-01,G03_2026-02-01,491,train,normal,,1025,1281,1,ea431552a75de5f82753ed2ee53de53cd4ae79b2e9d01a024dd5858b51455946,,
1.0,G03-260201-152249-492,G03-260201-152249-492.bmp,G03,2026-02-01T15:22:49,2026-02-01,G03_2026-02-01,492,train,normal,,1025,1281,1,a00a01bd5bb506fd346f41fb1aef2cf235baa5e5ef8e95d7d599c0e08f938ffc,,
1.0,G03-260201-152256-493,G03-260201-152256-493.bmp,G03,2026-02-01T15:22:56,2026-02-01,G03_2026-02-01,493,train,normal,,1025,1281,1,309947f10365705f87f04ae0e814522e0e1382395ac7fb1c0560fffb3da4706e,,
1.0,G03-260201-152320-494,G03-260201-152320-494.bmp,G03,2026-02-01T15:23:20,2026-02-01,G03_2026-02-01,494,train,normal,,1025,1281,1,a8ca33c5072ed1348cedbaff630c27019b33a7afd81b10e148a8f28a6c0ed3e6,,
1.0,G03-260201-152326-495,G03-260201-152326-495.bmp,G03,2026-02-01T15:23:26,2026-02-01,G03_2026-02-01,495,train,normal,,1025,1281,1,60559f9379e904427d2a924dda4c7062e68e93317b72b6a6ec7d49575c7cd206,,
1.0,G03-260201-152350-496,G03-260201-152350-496.bmp,G03,2026-02-01T15:23:50,2026-02-01,G03_2026-02-01,496,train,normal,,1025,1281,1,4a9ecdfdef3cf88f7e664422eef198425d8807c05540e0a6a3c0c154d00aa506,,
1.0,G03-260201-152356-497,G03-260201-152356-497.bmp,G03,2026-02-01T15:23:56,2026-02-01,G03_2026-02-01,497,train,normal,,1025,1281,1,71a9b8f15290a7777cf3f0b8be8b35f4e21fa95835a81cb17b1d8391581b43eb,,
1.0,G03-260201-152419-498,G03-260201-152419-498.bmp,G03,2026-02-01T15:24:19,2026-02-01,G03_2026-02-01,498,train,normal,,1025,1281,1,c2cb5dddb84023c691f612eae2465d9edbf2b7d182cb1a110a8f46c4943872ed,,
1.0,G03-260201-152425-499,G03-260201-152425-499.bmp,G03,2026-02-01T15:24:25,2026-02-01,G03_2026-02-01,499,train,normal,,1025,1281,1,89c047b4270a314a7a113e27300710acd9411ab66635a394311ea64662c8261d,,
1.0,G03-260201-152450-500,G03-260201-152450-500.bmp,G03,2026-02-01T15:24:50,2026-02-01,G03_2026-02-01,500,train,normal,,1025,1281,1,09c3ae03582e8ed75d2743bd37781a854e0549a00b2f9211df4d882312d966af,,
1.0,G03-260201-152456-501,G03-260201-152456-501.bmp,G03,2026-02-01T15:24:56,2026-02-01,G03_2026-02-01,501,train,normal,,1025,1281,1,1522a5dfd74258d6602853d0b79e1027b8fa98b8abd1c5327dea6c2009eef510,,
1.0,G03-260201-152520-502,G03-260201-152520-502.bmp,G03,2026-02-01T15:25:20,2026-02-01,G03_2026-02-01,502,train,normal,,1025,1281,1,a411ecbcb725a13f815d7e0347dcd112f01bc4bf29360bf9e0332ddb902169ca,,
1.0,G03-260201-152526-503,G03-260201-152526-503.bmp,G03,2026-02-01T15:25:26,2026-02-01,G03_2026-02-01,503,train,normal,,1025,1281,1,54e60530afd12b1cf12731a4b532447a469e3bbfd207bf9380479ab5da4902bc,,
1.0,G03-260201-152546-504,G03-260201-152546-504.bmp,G03,2026-02-01T15:25:46,2026-02-01,G03_2026-02-01,504,train,normal,,1025,1281,1,88893e5caf1d55f9674f50622aea78ce14ce9bcad4f09b5d55f141cfde099422,,
1.0,G03-260201-152606-505,G03-260201-152606-505.bmp,G03,2026-02-01T15:26:06,2026-02-01,G03_2026-02-01,505,train,normal,,1025,1281,1,1bf153fb7d88381cf3d6faa6551d4752bcb230983b53ed874f0125a5bbaa65eb,,
1.0,G03-260201-152622-506,G03-260201-152622-506.bmp,G03,2026-02-01T15:26:22,2026-02-01,G03_2026-02-01,506,train,normal,,1025,1281,1,6e544891e50b9a521f847559301f75f3154dbb9ae84a3dc968c3fbbd396949a6,,
1.0,G03-260201-152628-507,G03-260201-152628-507.bmp,G03,2026-02-01T15:26:28,2026-02-01,G03_2026-02-01,507,train,normal,,1025,1281,1,e477a8287c4848fe43882ecec11b13ef60c91e0de361db194f5bc15e24b6503e,,
1.0,G03-260201-152651-508,G03-260201-152651-508.bmp,G03,2026-02-01T15:26:51,2026-02-01,G03_2026-02-01,508,train,normal,,1025,1281,1,d6048b668557faff88776e112d3b8ea25fda682e1913414b474c56467071dc93,,
1.0,G03-260201-152657-509,G03-260201-152657-509.bmp,G03,2026-02-01T15:26:57,2026-02-01,G03_2026-02-01,509,train,normal,,1025,1281,1,e6e1adc9c2585198df2f7a15f92e9a82bb01a1f27069d9d1df0fd0db78c92fb0,,
1.0,G03-260201-152718-510,G03-260201-152718-510.bmp,G03,2026-02-01T15:27:18,2026-02-01,G03_2026-02-01,510,train,normal,,1025,1281,1,bb7622fbc11cbb357818fa43e896410c7f42060894b3e1b926b9279bf99fb0bc,,
1.0,G03-260201-152724-511,G03-260201-152724-511.bmp,G03,2026-02-01T15:27:24,2026-02-01,G03_2026-02-01,511,train,normal,,1025,1281,1,073356c0f6357f28c2588395fe280c75451dee883d976b82d10a580ba7023885,,
1.0,G03-260201-152749-512,G03-260201-152749-512.bmp,G03,2026-02-01T15:27:49,2026-02-01,G03_2026-02-01,512,train,normal,,1025,1281,1,2fbedf2e41a00e2bfd30c6c989bf57add80aa7f6a6327b0bf82b959fc5665a51,,
1.0,G03-260201-152756-513,G03-260201-152756-513.bmp,G03,2026-02-01T15:27:56,2026-02-01,G03_2026-02-01,513,train,normal,,1025,1281,1,dced1825ae100cfb4b7454e739e2f23a930030ca0c9c77d456275ca90affac2d,,
1.0,G03-260201-152821-514,G03-260201-152821-514.bmp,G03,2026-02-01T15:28:21,2026-02-01,G03_2026-02-01,514,train,normal,,1025,1281,1,6be9d538d4486fbd6eb773461433bb992e8d188e935e7e69ad5fd36b127d913e,,
1.0,G03-260201-152828-515,G03-260201-152828-515.bmp,G03,2026-02-01T15:28:28,2026-02-01,G03_2026-02-01,515,train,normal,,1025,1281,1,65b4a14506704b0eb95f551d3874d2c59396f666d9eb89d456d059f3cbf82f64,,
1.0,G03-260201-152851-516,G03-260201-152851-516.bmp,G03,2026-02-01T15:28:51,2026-02-01,G03_2026-02-01,516,train,normal,,1025,1281,1,d497b8e518663c2bdc75fbc2ebede05f317c50fcd7839d3e734d8661799c4c86,,
1.0,G03-260201-152858-517,G03-260201-152858-517.bmp,G03,2026-02-01T15:28:58,2026-02-01,G03_2026-02-01,517,train,normal,,1025,1281,1,fb22101aba37478860315b1bd19e2ac9d533b9a03a0c92c8c049f0f380c3db9f,,
1.0,G03-260201-152921-518,G03-260201-152921-518.bmp,G03,2026-02-01T15:29:21,2026-02-01,G03_2026-02-01,518,train,normal,,1025,1281,1,a76717d0ac3e209cec2fdd59a9bb3632b838eefe368b787ddeee772d86c737c1,,
1.0,G03-260201-152927-519,G03-260201-152927-519.bmp,G03,2026-02-01T15:29:27,2026-02-01,G03_2026-02-01,519,train,normal,,1025,1281,1,0fe3e1f7383f190e6247e5cbe4c7a03cb4db2bcb96a7cc1336a59f80ff967b72,,
1.0,G03-260201-152952-520,G03-260201-152952-520.bmp,G03,2026-02-01T15:29:52,2026-02-01,G03_2026-02-01,520,train,normal,,1025,1281,1,b2ae099352e8fdfb28eec39b79a8e284ac40bb1740f4132eedd084b198c04d27,,
1.0,G03-260201-152959-521,G03-260201-152959-521.bmp,G03,2026-02-01T15:29:59,2026-02-01,G03_2026-02-01,521,train,normal,,1025,1281,1,e1f147267e11a33db5e42933f315d63e7c6d7bc6d3c3a5cf9e76a67e059ea108,,
1.0,G03-260201-153020-522,G03-260201-153020-522.bmp,G03,2026-02-01T15:30:20,2026-02-01,G03_2026-02-01,522,train,normal,,1025,1281,1,a1c630ffaeb0e1e13a0daa12de4b8cfd5d9b138c8756261a3a08cc6a113c8d6d,,
1.0,G03-260201-153026-523,G03-260201-153026-523.bmp,G03,2026-02-01T15:30:26,2026-02-01,G03_2026-02-01,523,train,normal,,1025,1281,1,c80351b2c65f2a02da4169d2a9f735db2da0a2c8f44950c72a57f1a8fc99af1b,,
1.0,G03-260201-153051-524,G03-260201-153051-524.bmp,G03,2026-02-01T15:30:51,2026-02-01,G03_2026-02-01,524,train,normal,,1025,1281,1,08689f26380920ac8fe5628a6559b37c11956c5cbdf3e88789663392247833ea,,
1.0,G03-260201-153120-525,G03-260201-153120-525.bmp,G03,2026-02-01T15:31:20,2026-02-01,G03_2026-02-01,525,train,normal,,1025,1281,1,c8befa5684b5873e3a8e0718cd39d91fbbcacb5d7e65343b2dc5fff3c438dd56,,
1.0,G03-260201-153126-526,G03-260201-153126-526.bmp,G03,2026-02-01T15:31:26,2026-02-01,G03_2026-02-01,526,train,normal,,1025,1281,1,1e7f8a2ea38492a0602dcb29435491917e0c419b5ea7e06c5ff747edb53c8bde,,
1.0,G03-260201-153151-527,G03-260201-153151-527.bmp,G03,2026-02-01T15:31:51,2026-02-01,G03_2026-02-01,527,train,normal,,1025,1281,1,20e6e2bbcc58176b98f897d2a7eb39dbb384aa38b530875ff232111e4458b234,,
1.0,G03-260201-153157-528,G03-260201-153157-528.bmp,G03,2026-02-01T15:31:57,2026-02-01,G03_2026-02-01,528,train,normal,,1025,1281,1,7e859e5c6e1088a51bc21ed65431a0caad34100528bb957b5f45fc1dbd8ac3f9,,
1.0,G03-260201-153223-529,G03-260201-153223-529.bmp,G03,2026-02-01T15:32:23,2026-02-01,G03_2026-02-01,529,train,normal,,1025,1281,1,2942699972f2c8e2f0d82ea6c034674c29f316be80c410b819b12f09bd47099e,,
1.0,G03-260201-153229-530,G03-260201-153229-530.bmp,G03,2026-02-01T15:32:29,2026-02-01,G03_2026-02-01,530,train,normal,,1025,1281,1,c778dafa5937dffe89a8997858b7b3e0b0a81eb0d8dad004def619079d71fdd2,,
1.0,G03-260201-153251-531,G03-260201-153251-531.bmp,G03,2026-02-01T15:32:51,2026-02-01,G03_2026-02-01,531,train,normal,,1025,1281,1,ba218d567ccb770743c1b2c5c86693482d18dd40426131e7d3ba75c9dc2f0780,,
1.0,G03-260201-153258-532,G03-260201-153258-532.bmp,G03,2026-02-01T15:32:58,2026-02-01,G03_2026-02-01,532,train,normal,,1025,1281,1,d1c89e2f694e9a11d885abb056d232ea6e90316f3cbfffddfe7e35c6a99805b1,,
1.0,G03-260201-153323-533,G03-260201-153323-533.bmp,G03,2026-02-01T15:33:23,2026-02-01,G03_2026-02-01,533,train,normal,,1025,1281,1,6cf70e970f12f4d4273b7690bc1d81a3a69ed00944d2cf83ead73d7f00d4863f,,
1.0,G03-260201-153330-534,G03-260201-153330-534.bmp,G03,2026-02-01T15:33:30,2026-02-01,G03_2026-02-01,534,train,normal,,1025,1281,1,c71170f431569b714b853b24b31247f3d43d652eb1c80649c4179e6ba86cdb3a,,
1.0,G03-260201-153353-535,G03-260201-153353-535.bmp,G03,2026-02-01T15:33:53,2026-02-01,G03_2026-02-01,535,train,normal,,1025,1281,1,1fa5a6566f8c2e07f8b1621160a45c0efd97d7d24c8393378a25215eb666e25d,,
1.0,G03-260201-153359-536,G03-260201-153359-536.bmp,G03,2026-02-01T15:33:59,2026-02-01,G03_2026-02-01,536,train,normal,,1025,1281,1,e6a3a1f41006ee4b9ca8c631eeb1209038798f77770a2413d96974ff77ef5c52,,
1.0,G03-260201-153422-537,G03-260201-153422-537.bmp,G03,2026-02-01T15:34:22,2026-02-01,G03_2026-02-01,537,train,normal,,1025,1281,1,61be4dfb5d9dce8e472f911932674061c3005a524b8da5bf0562e9b265819e00,,
1.0,G03-260201-153428-538,G03-260201-153428-538.bmp,G03,2026-02-01T15:34:28,2026-02-01,G03_2026-02-01,538,train,normal,,1025,1281,1,1284deba688d6fcffa6711ed22a0f41322e8f087904c95f73f5f16d0ecd0a3ba,,
1.0,G03-260201-153451-539,G03-260201-153451-539.bmp,G03,2026-02-01T15:34:51,2026-02-01,G03_2026-02-01,539,train,normal,,1025,1281,1,78e5ea89f82b54ad09a486c4066caf45cc6361fd6ccc5dc0c4e22bfea8e6dd78,,
1.0,G03-260201-153458-540,G03-260201-153458-540.bmp,G03,2026-02-01T15:34:58,2026-02-01,G03_2026-02-01,540,train,normal,,1025,1281,1,4fb764d2ff1bb7e3d8054857371d540d0ea78ee779ea7dd85673c6ea3038a5e0,,
1.0,G03-260201-153522-541,G03-260201-153522-541.bmp,G03,2026-02-01T15:35:22,2026-02-01,G03_2026-02-01,541,train,normal,,1025,1281,1,fad8a51f9390abf142290768f754c99dbf5e45821d20709708a7d4b3cf3ffb13,,
1.0,G03-260201-153529-542,G03-260201-153529-542.bmp,G03,2026-02-01T15:35:29,2026-02-01,G03_2026-02-01,542,train,normal,,1025,1281,1,f54323632f654a19cd258f24a546f9642cf05ea07b65c34d20dd335cc806bf2e,,
1.0,G03-260201-153552-543,G03-260201-153552-543.bmp,G03,2026-02-01T15:35:52,2026-02-01,G03_2026-02-01,543,train,normal,,1025,1281,1,7cab7921dd56fa9e9407252253b5328d3f9849b5cfaeebceca06be472e6ada67,,
1.0,G03-260201-153558-544,G03-260201-153558-544.bmp,G03,2026-02-01T15:35:58,2026-02-01,G03_2026-02-01,544,train,normal,,1025,1281,1,14e5791848f306c5105729f2e00ebf9789730351d924a84b38a1d05b5c06024a,,
1.0,G03-260201-153622-545,G03-260201-153622-545.bmp,G03,2026-02-01T15:36:22,2026-02-01,G03_2026-02-01,545,train,normal,,1025,1281,1,6a5ea4215577f5ad3e46053c1f166f695acaac9be255411d57af9d1751280e16,,
1.0,G03-260201-153629-546,G03-260201-153629-546.bmp,G03,2026-02-01T15:36:29,2026-02-01,G03_2026-02-01,546,train,normal,,1025,1281,1,9a873be4c12b035afc4c5be70f9ca482f86d64138906fa46a9e309dd6e12eba2,,
1.0,G03-260201-153654-547,G03-260201-153654-547.bmp,G03,2026-02-01T15:36:54,2026-02-01,G03_2026-02-01,547,train,normal,,1025,1281,1,b585640b8433138843d8b48dd8e5135989291ec4e65fa0fd63f25f2c169274b1,,
1.0,G03-260201-153701-548,G03-260201-153701-548.bmp,G03,2026-02-01T15:37:01,2026-02-01,G03_2026-02-01,548,train,normal,,1025,1281,1,36e328500bb302e2c87f874e54559178fdf9e193e9b083d78b8df83b8ecb28ef,,
1.0,G03-260201-153723-549,G03-260201-153723-549.bmp,G03,2026-02-01T15:37:23,2026-02-01,G03_2026-02-01,549,train,normal,,1025,1281,1,463bf220ed36109f01e2986095558bda98c2f561934072e271ab1d5be5684ff8,,
1.0,G03-260201-153730-550,G03-260201-153730-550.bmp,G03,2026-02-01T15:37:30,2026-02-01,G03_2026-02-01,550,train,normal,,1025,1281,1,e463bf331b97b08e5a73d6368f7f10ae1a9c407f8102d21db4b0d9d2980d2bd4,,
1.0,G03-260201-153754-551,G03-260201-153754-551.bmp,G03,2026-02-01T15:37:54,2026-02-01,G03_2026-02-01,551,train,normal,,1025,1281,1,12d40dd8a3ebcecdeb2b46f7554219ff8b9bdcc21ee7fc96c1e78566bcd4d9f0,,
1.0,G03-260201-153800-552,G03-260201-153800-552.bmp,G03,2026-02-01T15:38:00,2026-02-01,G03_2026-02-01,552,train,normal,,1025,1281,1,d98dfd3ce1b4db1c80c651ddae2fd7bf29b4a332ee2aa6a5325f533fcb9ba620,,
1.0,G03-260201-153824-553,G03-260201-153824-553.bmp,G03,2026-02-01T15:38:24,2026-02-01,G03_2026-02-01,553,train,normal,,1025,1281,1,476b4a4b20ab11427636537893b396cc3bf0132d6e40a4e02645dc3f8eaff11d,,
1.0,G03-260201-153830-554,G03-260201-153830-554.bmp,G03,2026-02-01T15:38:30,2026-02-01,G03_2026-02-01,554,train,normal,,1025,1281,1,9fecf16c39e750f1813b634babde69e6e368c27b6d4e90f596b1d464cfaceddd,,
1.0,G03-260201-153855-555,G03-260201-153855-555.bmp,G03,2026-02-01T15:38:55,2026-02-01,G03_2026-02-01,555,train,normal,,1025,1281,1,234de6a3918f290d13ac1199d95124a55acac143ffb86edb3883a34cb657bd01,,
1.0,G03-260201-153901-556,G03-260201-153901-556.bmp,G03,2026-02-01T15:39:01,2026-02-01,G03_2026-02-01,556,train,normal,,1025,1281,1,62999e6c9e0fa2620f0faec54781a98bc7e217356953c09a726368fff2bd1c3a,,
1.0,G03-260201-153924-557,G03-260201-153924-557.bmp,G03,2026-02-01T15:39:24,2026-02-01,G03_2026-02-01,557,train,normal,,1025,1281,1,c14670af73616e771492e3aaeadb277e3e46793aa5eeeceb036cee11a4fb7574,,
1.0,G03-260201-153930-558,G03-260201-153930-558.bmp,G03,2026-02-01T15:39:30,2026-02-01,G03_2026-02-01,558,train,normal,,1025,1281,1,44dbf050209066d7ca11955faaa69766ab305eca707bb2ce798729523d2261e2,,
1.0,G03-260201-153954-559,G03-260201-153954-559.bmp,G03,2026-02-01T15:39:54,2026-02-01,G03_2026-02-01,559,train,normal,,1025,1281,1,dee5d202025a40c59e396ddd9221c90efeb25ec3f491da74192c3eae92d89ef0,,
1.0,G03-260201-154000-560,G03-260201-154000-560.bmp,G03,2026-02-01T15:40:00,2026-02-01,G03_2026-02-01,560,train,normal,,1025,1281,1,e2654b295de31d846d84798831931ff3125ffb732daafc3db912fbe74c740da7,,
1.0,G03-260201-154024-561,G03-260201-154024-561.bmp,G03,2026-02-01T15:40:24,2026-02-01,G03_2026-02-01,561,train,normal,,1025,1281,1,fdff14f448e78fabe5cd1f0f6d5ebdd27798fd5b1251909f0b6ca37db491836d,,
1.0,G03-260201-154030-562,G03-260201-154030-562.bmp,G03,2026-02-01T15:40:30,2026-02-01,G03_2026-02-01,562,train,normal,,1025,1281,1,ea1f206a139a4c6dd5304dd176bcc5500a0035e52fdd1ea255c750db03c94667,,
1.0,G03-260201-154053-563,G03-260201-154053-563.bmp,G03,2026-02-01T15:40:53,2026-02-01,G03_2026-02-01,563,train,normal,,1025,1281,1,909d746c7b3675be061350ac33ef1f4caadbb5f32d43f46fcbd4957b19139b9e,,
1.0,G03-260201-154100-564,G03-260201-154100-564.bmp,G03,2026-02-01T15:41:00,2026-02-01,G03_2026-02-01,564,train,normal,,1025,1281,1,6ef23150847751d964fa3bd8f67ad1dbbdc613dbfc05b926efb922a5872cd815,,
1.0,G03-260201-154125-565,G03-260201-154125-565.bmp,G03,2026-02-01T15:41:25,2026-02-01,G03_2026-02-01,565,train,normal,,1025,1281,1,44f9a6a0719da170cd5c6ec93d21a0578e19fe18f03e31e31c7e41e4adfd8219,,
1.0,G03-260201-154131-566,G03-260201-154131-566.bmp,G03,2026-02-01T15:41:31,2026-02-01,G03_2026-02-01,566,train,normal,,1025,1281,1,45afca7985f440207820cc1d04da1d96444b82f4b01cb0fb66287c1b31583f41,,
1.0,G03-260201-154154-567,G03-260201-154154-567.bmp,G03,2026-02-01T15:41:54,2026-02-01,G03_2026-02-01,567,train,normal,,1025,1281,1,0bc40d2e2990215ae044381ec90110e9b40ebf150f1330d879b1438bcc905803,,
1.0,G03-260201-154201-568,G03-260201-154201-568.bmp,G03,2026-02-01T15:42:01,2026-02-01,G03_2026-02-01,568,train,normal,,1025,1281,1,89129b4d3017e79138958bd5af41232da71096f326f30cd20ba28836ab2f88de,,
1.0,G03-260201-154223-569,G03-260201-154223-569.bmp,G03,2026-02-01T15:42:23,2026-02-01,G03_2026-02-01,569,train,normal,,1025,1281,1,ada4dd9ffe96da4dc79215a00dbff0431cc97b37fe1e743918034a03f66b878a,,
1.0,G03-260201-154229-570,G03-260201-154229-570.bmp,G03,2026-02-01T15:42:29,2026-02-01,G03_2026-02-01,570,train,normal,,1025,1281,1,667d04a2b05319d8492b116895f0ce210d28f63974dd0865f205c6efecd91d3b,,
1.0,G03-260201-154254-571,G03-260201-154254-571.bmp,G03,2026-02-01T15:42:54,2026-02-01,G03_2026-02-01,571,train,normal,,1025,1281,1,7d51c1bc313abaacddb521cec5a621324c5c5a44bd8fa8449c2cae1dbff0620d,,
1.0,G03-260201-154300-572,G03-260201-154300-572.bmp,G03,2026-02-01T15:43:00,2026-02-01,G03_2026-02-01,572,train,normal,,1025,1281,1,2a7ff0a664abe3271839b0151146431e2e01826d520610a23be88a1e2dfcb07a,,
1.0,G03-260201-154326-573,G03-260201-154326-573.bmp,G03,2026-02-01T15:43:26,2026-02-01,G03_2026-02-01,573,train,normal,,1025,1281,1,42481e12060a662f6abd5e19fdd4a693763ec5aa8a1cb318c1b83fd575a6d5b9,,
1.0,G03-260201-154333-574,G03-260201-154333-574.bmp,G03,2026-02-01T15:43:33,2026-02-01,G03_2026-02-01,574,train,normal,,1025,1281,1,ef23d240b71e2d2b9cea29c0986d81aa4a85d825d3fc3e0ec5fb2fca87efb93b,,
1.0,G03-260201-154355-575,G03-260201-154355-575.bmp,G03,2026-02-01T15:43:55,2026-02-01,G03_2026-02-01,575,train,normal,,1025,1281,1,bf5e082a2f10458ae7bc0e79eb79ac0ed00e90d1fd1ad4e1a922f4309d6c7c72,,
1.0,G03-260201-154401-576,G03-260201-154401-576.bmp,G03,2026-02-01T15:44:01,2026-02-01,G03_2026-02-01,576,train,normal,,1025,1281,1,b71041f52b271d85c33eae40543a121b161a8264669422e87cd8beb74b0baf81,,
1.0,G03-260201-154428-577,G03-260201-154428-577.bmp,G03,2026-02-01T15:44:28,2026-02-01,G03_2026-02-01,577,train,normal,,1025,1281,1,a188bf7e064813b77dc9e8440f543e0abab22dae0e74091374cf6295c0712a54,,
1.0,G03-260201-154434-578,G03-260201-154434-578.bmp,G03,2026-02-01T15:44:34,2026-02-01,G03_2026-02-01,578,train,normal,,1025,1281,1,89c99a241cac0c4564004abdbc9b5df94df9a41f1c14593ab286879a554f6950,,
1.0,G03-260201-154455-579,G03-260201-154455-579.bmp,G03,2026-02-01T15:44:55,2026-02-01,G03_2026-02-01,579,train,normal,,1025,1281,1,859476bd9a6263c3aadd9356d821ab0c7fd686f63e2a922b29bcfb7b376b53ac,,
1.0,G03-260201-154502-580,G03-260201-154502-580.bmp,G03,2026-02-01T15:45:02,2026-02-01,G03_2026-02-01,580,train,normal,,1025,1281,1,dbddd93985424f1ff669137c462c15b87848de305346cc4c323f9cf823677bdd,,
1.0,G03-260201-154526-581,G03-260201-154526-581.bmp,G03,2026-02-01T15:45:26,2026-02-01,G03_2026-02-01,581,train,normal,,1025,1281,1,b476331d6da1b806d352c812acc1eab4fc9c955082246b5e6b959df5c0e315d3,,
1.0,G03-260201-154533-582,G03-260201-154533-582.bmp,G03,2026-02-01T15:45:33,2026-02-01,G03_2026-02-01,582,train,normal,,1025,1281,1,8145d96a921d6c9ef1bb42b01645b79a04c50b6d35902fdeeb027e2646d511ea,,
1.0,G03-260201-154555-583,G03-260201-154555-583.bmp,G03,2026-02-01T15:45:55,2026-02-01,G03_2026-02-01,583,train,normal,,1025,1281,1,81268ba8d217e2fa6d47d73c31b47953556d2f6991efe06ad87da0c432e9b351,,
1.0,G03-260201-154602-584,G03-260201-154602-584.bmp,G03,2026-02-01T15:46:02,2026-02-01,G03_2026-02-01,584,train,normal,,1025,1281,1,76377455f3b995fcd367a71effa79047adddd1f8483be846803e0866a33fd99d,,
1.0,G03-260201-154625-585,G03-260201-154625-585.bmp,G03,2026-02-01T15:46:25,2026-02-01,G03_2026-02-01,585,train,normal,,1025,1281,1,4ad6db76a55abe4dcaf034c0ce093586641c23fd91381a7cc734da513b586078,,
1.0,G03-260201-154631-586,G03-260201-154631-586.bmp,G03,2026-02-01T15:46:31,2026-02-01,G03_2026-02-01,586,train,normal,,1025,1281,1,146c11a1bfd563a3584cd7bdcb83f27dbba846f800cf5801ae578d3fa4c4bcdc,,
1.0,G03-260201-154656-587,G03-260201-154656-587.bmp,G03,2026-02-01T15:46:56,2026-02-01,G03_2026-02-01,587,train,normal,,1025,1281,1,a8b17b807a52a8a96fb301fd864b32ab907bb2b4fc64da683b42a19551b78af1,,
1.0,G03-260201-154702-588,G03-260201-154702-588.bmp,G03,2026-02-01T15:47:02,2026-02-01,G03_2026-02-01,588,train,normal,,1025,1281,1,3fd34229268c6da8edeb381b03dda4993416fd8c114309a4b7851bdfefda222b,,
1.0,G03-260201-154724-589,G03-260201-154724-589.bmp,G03,2026-02-01T15:47:24,2026-02-01,G03_2026-02-01,589,train,normal,,1025,1281,1,9bb2bd369e4769b2bfd8e9cc28a55512e4f67d7ea766525b83bc669c5640f864,,
1.0,G03-260201-154731-590,G03-260201-154731-590.bmp,G03,2026-02-01T15:47:31,2026-02-01,G03_2026-02-01,590,train,normal,,1025,1281,1,07a9d9b65e6ab3e71f6b77e8394c70f56370050075c5414205f5fc153a13383e,,
1.0,G03-260201-154756-591,G03-260201-154756-591.bmp,G03,2026-02-01T15:47:56,2026-02-01,G03_2026-02-01,591,train,normal,,1025,1281,1,02ac5e93d56d181dfcae95878f5648e31460b1c9a93309822b5af7891df5fae2,,
1.0,G03-260201-154803-592,G03-260201-154803-592.bmp,G03,2026-02-01T15:48:03,2026-02-01,G03_2026-02-01,592,train,normal,,1025,1281,1,f790a6aa645c3aa3e753bed8608972f3652a2c21e96801551b48df51a14920aa,,
1.0,G03-260201-154823-593,G03-260201-154823-593.bmp,G03,2026-02-01T15:48:23,2026-02-01,G03_2026-02-01,593,train,normal,,1025,1281,1,50907ab27146a9cf971136026f170935c78d704e407c0f5d8d9e604636914d72,,
1.0,G03-260201-154829-594,G03-260201-154829-594.bmp,G03,2026-02-01T15:48:29,2026-02-01,G03_2026-02-01,594,train,normal,,1025,1281,1,8f98ffb80e355f4db417273e56b224289b7b667b5f79bc1c39562cb86ac17cc8,,
1.0,G03-260201-154856-595,G03-260201-154856-595.bmp,G03,2026-02-01T15:48:56,2026-02-01,G03_2026-02-01,595,train,normal,,1025,1281,1,8d327ccab1e89cda28a04b5a2875b0e45fc55166bbcf3d2704a26dcb3b29c66d,,
1.0,G03-260201-154903-596,G03-260201-154903-596.bmp,G03,2026-02-01T15:49:03,2026-02-01,G03_2026-02-01,596,train,normal,,1025,1281,1,59f8ba52cade721d73134b0e50a08bb744a447c888c66b4a6257dabb1f55881e,,
1.0,G03-260201-154956-597,G03-260201-154956-597.bmp,G03,2026-02-01T15:49:56,2026-02-01,G03_2026-02-01,597,train,normal,,1025,1281,1,f9dfa87babb79ec230ef0520b5f433fac4f5a1198852ff2520aba65da8bfcf6c,,
1.0,G03-260201-155002-598,G03-260201-155002-598.bmp,G03,2026-02-01T15:50:02,2026-02-01,G03_2026-02-01,598,train,normal,,1025,1281,1,201526584c2fce50d7c7dd40fbcbacf94641aa5b681947941d296ba349aa0c47,,
1.0,G03-260201-155027-599,G03-260201-155027-599.bmp,G03,2026-02-01T15:50:27,2026-02-01,G03_2026-02-01,599,train,normal,,1025,1281,1,543c4f0a28d4accd4024bac1f31564c84e50e1a23fd03582dc86c3744066f810,,
1.0,G03-260201-155033-600,G03-260201-155033-600.bmp,G03,2026-02-01T15:50:33,2026-02-01,G03_2026-02-01,600,train,normal,,1025,1281,1,c40822492a4dc377aaa25bcf2fdb27cd34b33b5e2dee40078e7530bbc87d5900,,
1.0,G03-260201-155055-601,G03-260201-155055-601.bmp,G03,2026-02-01T15:50:55,2026-02-01,G03_2026-02-01,601,train,normal,,1025,1281,1,889540a4866b07b151f39ac8ec736d86feb32bac1b0ee30cdb42f39628a3fce5,,
1.0,G03-260201-155101-602,G03-260201-155101-602.bmp,G03,2026-02-01T15:51:01,2026-02-01,G03_2026-02-01,602,train,normal,,1025,1281,1,a01fded1d2f32041bfae4fa2d7b6d72085210b364e5d76c04f25420cd0c059fb,,
1.0,G03-260201-155128-603,G03-260201-155128-603.bmp,G03,2026-02-01T15:51:28,2026-02-01,G03_2026-02-01,603,train,normal,,1025,1281,1,810890a8ff81ea43650e6c82791306dc008704c682ba55e572b409bd9be43fb9,,
1.0,G03-260201-155134-604,G03-260201-155134-604.bmp,G03,2026-02-01T15:51:34,2026-02-01,G03_2026-02-01,604,train,normal,,1025,1281,1,0f189c9fa7cc8d4f24fa8f961c99141ab0b75367335eb364af815a54e06e302a,,
1.0,G03-260201-155157-605,G03-260201-155157-605.bmp,G03,2026-02-01T15:51:57,2026-02-01,G03_2026-02-01,605,train,normal,,1025,1281,1,32e9d7cb92e7c7c50d1bf7d10eb9f13a9ab0a18605293abfb8fc69709df6f8b2,,
1.0,G03-260201-155203-606,G03-260201-155203-606.bmp,G03,2026-02-01T15:52:03,2026-02-01,G03_2026-02-01,606,train,normal,,1025,1281,1,fbbccccde261cb24318fd4705dadc54903142a588c4a10915ae7188883644c48,,
1.0,G03-260201-155227-607,G03-260201-155227-607.bmp,G03,2026-02-01T15:52:27,2026-02-01,G03_2026-02-01,607,train,normal,,1025,1281,1,bd93eebc201fcf85ccc0b15baad558d94b688623675b9c3e0d9ee799247078fa,,
1.0,G03-260201-155233-608,G03-260201-155233-608.bmp,G03,2026-02-01T15:52:33,2026-02-01,G03_2026-02-01,608,train,normal,,1025,1281,1,f8b347ac8a50b96266842cb7db733def21149f336dd0f131a57a2fea15a46db1,,
1.0,G03-260201-155255-609,G03-260201-155255-609.bmp,G03,2026-02-01T15:52:55,2026-02-01,G03_2026-02-01,609,train,normal,,1025,1281,1,7d242418e11b935ad1385ba5ba689f3e1c16d0da181b8bb25de9589750af1cbe,,
1.0,G03-260201-155301-610,G03-260201-155301-610.bmp,G03,2026-02-01T15:53:01,2026-02-01,G03_2026-02-01,610,train,normal,,1025,1281,1,6903d75b20544eecef677cf875b6edc59a0cb1ca6298e19f7a0402ddfa590417,,
1.0,G03-260201-155327-611,G03-260201-155327-611.bmp,G03,2026-02-01T15:53:27,2026-02-01,G03_2026-02-01,611,train,normal,,1025,1281,1,90a0794e6bef7c9e5c2455d240fa448e149dd9636bf64943ffdeb698e3899ca7,,
1.0,G03-260201-155333-612,G03-260201-155333-612.bmp,G03,2026-02-01T15:53:33,2026-02-01,G03_2026-02-01,612,train,normal,,1025,1281,1,ccce36b8f4a2a1871846e71b120b49d055dda18655dc8919c076931cf8c9bc75,,
1.0,G03-260201-155356-613,G03-260201-155356-613.bmp,G03,2026-02-01T15:53:56,2026-02-01,G03_2026-02-01,613,train,normal,,1025,1281,1,d8b180008122f6568549be41cf57ca5c8e057d4f6e5d02220ab4819b1934270d,,
1.0,G03-260201-155403-614,G03-260201-155403-614.bmp,G03,2026-02-01T15:54:03,2026-02-01,G03_2026-02-01,614,train,normal,,1025,1281,1,7d9bb2a864d83f926cbe3c4c95093c27238f55b11937fb59706667bfbdc1582f,,
1.0,G03-260201-155428-615,G03-260201-155428-615.bmp,G03,2026-02-01T15:54:28,2026-02-01,G03_2026-02-01,615,train,normal,,1025,1281,1,b85a557556ab8ce3a61f1bbb3c00fcc28be8a84b72d1ab5a3a11f0c5d3e7553c,,
1.0,G03-260201-155434-616,G03-260201-155434-616.bmp,G03,2026-02-01T15:54:34,2026-02-01,G03_2026-02-01,616,train,normal,,1025,1281,1,cf7bdbd77143f84b6a3eb5e9da107d4a694449f1c3a1f16c0882952969105422,,
1.0,G03-260201-155459-617,G03-260201-155459-617.bmp,G03,2026-02-01T15:54:59,2026-02-01,G03_2026-02-01,617,train,normal,,1025,1281,1,74eca537a69abb1b0791060398f7e2cf6c1fb029f9fb0afca0da420117ceec4f,,
1.0,G03-260201-155505-618,G03-260201-155505-618.bmp,G03,2026-02-01T15:55:05,2026-02-01,G03_2026-02-01,618,train,normal,,1025,1281,1,3c5360de8cff02daffb3d2b6e87c6ee0841ed0a2bcefc2006879ee7e33804aea,,
1.0,G03-260201-155527-619,G03-260201-155527-619.bmp,G03,2026-02-01T15:55:27,2026-02-01,G03_2026-02-01,619,train,normal,,1025,1281,1,b30755aa8cc096d2b0f3073d937924ec50c13d8405f615d0e71347714876fb0c,,
1.0,G03-260201-155533-620,G03-260201-155533-620.bmp,G03,2026-02-01T15:55:33,2026-02-01,G03_2026-02-01,620,train,normal,,1025,1281,1,0e3cec15fe6a5631a00404d3048a62100ee25f1e7332e5901ae439216a4eff47,,
1.0,G03-260201-155557-621,G03-260201-155557-621.bmp,G03,2026-02-01T15:55:57,2026-02-01,G03_2026-02-01,621,train,normal,,1025,1281,1,d1f40bca9be6478b72bbd5fdb7c984000c1f013e872f03e9d4d3eab7ed693284,,
1.0,G03-260201-155603-622,G03-260201-155603-622.bmp,G03,2026-02-01T15:56:03,2026-02-01,G03_2026-02-01,622,train,normal,,1025,1281,1,242b0eb03144a8ada3bc8dc9d1421c11513ddc59018b4e31ae4a5e577d7b90d5,,
1.0,G03-260201-155627-623,G03-260201-155627-623.bmp,G03,2026-02-01T15:56:27,2026-02-01,G03_2026-02-01,623,train,normal,,1025,1281,1,f7c08764dfe094ae06e6b943cbe9e8d143de96793ed27b2b82973a28dde56842,,
1.0,G03-260201-155634-624,G03-260201-155634-624.bmp,G03,2026-02-01T15:56:34,2026-02-01,G03_2026-02-01,624,train,normal,,1025,1281,1,dc123144cde1b93ebafaca3d36468b491fea1e4e26d5c5a7cbf624e1d0fb1cb6,,
1.0,G03-260201-155658-625,G03-260201-155658-625.bmp,G03,2026-02-01T15:56:58,2026-02-01,G03_2026-02-01,625,train,normal,,1025,1281,1,97d9ebbfee8dd55eeae53e186dc73e3f8e69f4a3ad6419b3ed65c65f44c25689,,
1.0,G03-260201-155704-626,G03-260201-155704-626.bmp,G03,2026-02-01T15:57:04,2026-02-01,G03_2026-02-01,626,train,normal,,1025,1281,1,e91c0f0710ae2b4df8ed355265631b16457b3576ad1669d78b352c6729cda8d3,,
1.0,G03-260201-155730-627,G03-260201-155730-627.bmp,G03,2026-02-01T15:57:30,2026-02-01,G03_2026-02-01,627,train,normal,,1025,1281,1,70b212f90e44da14a72071dec8cc588c0f0d35fae9e40f7b07b4843154a5b55d,,
1.0,G03-260201-155737-628,G03-260201-155737-628.bmp,G03,2026-02-01T15:57:37,2026-02-01,G03_2026-02-01,628,train,normal,,1025,1281,1,8b587e06d5454dc3d6726ce3afced5f7b84b28553adb00deff83ca0b722a1c3a,,
1.0,G03-260201-155759-629,G03-260201-155759-629.bmp,G03,2026-02-01T15:57:59,2026-02-01,G03_2026-02-01,629,train,normal,,1025,1281,1,e39e9944082eb0ae99d6bdc0eab4a3cee75573aacfe3456231fda542bf5145d5,,
1.0,G03-260201-155806-630,G03-260201-155806-630.bmp,G03,2026-02-01T15:58:06,2026-02-01,G03_2026-02-01,630,train,normal,,1025,1281,1,642b91532b01d59bdb331f67229fdcfa4554faac05875ba76cd30a8dc72c8577,,
1.0,G03-260201-155830-631,G03-260201-155830-631.bmp,G03,2026-02-01T15:58:30,2026-02-01,G03_2026-02-01,631,train,normal,,1025,1281,1,46f8983ad18950f9417e4769422bb8eff5354318c6d0f1cc8b80a013d8565184,,
1.0,G03-260201-155836-632,G03-260201-155836-632.bmp,G03,2026-02-01T15:58:36,2026-02-01,G03_2026-02-01,632,train,normal,,1025,1281,1,21db9c804eb28857800d43f17376ca23913a5d65ceb1f8e16612c02b1dd5c800,,
1.0,G03-260201-155859-633,G03-260201-155859-633.bmp,G03,2026-02-01T15:58:59,2026-02-01,G03_2026-02-01,633,train,normal,,1025,1281,1,99229955b222543498a05bae730dad25f1e241f76154c73cfe7dc5bec68aedef,,
1.0,G03-260201-155905-634,G03-260201-155905-634.bmp,G03,2026-02-01T15:59:05,2026-02-01,G03_2026-02-01,634,train,normal,,1025,1281,1,4566f16a5ae278939db9442f4c4e5648cee0de0d272696fc1dfdf0dfe93c4c8e,,
1.0,G03-260201-155927-635,G03-260201-155927-635.bmp,G03,2026-02-01T15:59:27,2026-02-01,G03_2026-02-01,635,train,normal,,1025,1281,1,6b00c6fb61d1d845c62af650732084beb5141d944c3aa583c9195c8eaaaabb52,,
1.0,G03-260201-155934-636,G03-260201-155934-636.bmp,G03,2026-02-01T15:59:34,2026-02-01,G03_2026-02-01,636,train,normal,,1025,1281,1,5e754f01ef59a34c069206d5d0de1becc4be03fdece51e82ead9855cd127bf73,,
1.0,G03-260201-155959-637,G03-260201-155959-637.bmp,G03,2026-02-01T15:59:59,2026-02-01,G03_2026-02-01,637,train,normal,,1025,1281,1,66b6b304b1e5f1db65f1e9fab6e5155bc556175a8510c16ee03cd27d20000204,,
1.0,G03-260201-160005-638,G03-260201-160005-638.bmp,G03,2026-02-01T16:00:05,2026-02-01,G03_2026-02-01,638,train,normal,,1025,1281,1,902aa61275fe7ae38b588f0d055c332e4df26a1bcce3415735e842c7f43369b1,,
1.0,G03-260201-160031-639,G03-260201-160031-639.bmp,G03,2026-02-01T16:00:31,2026-02-01,G03_2026-02-01,639,train,normal,,1025,1281,1,6326a73bc782be8eb9eefc21495b260f75a4a559046780b185198f099986ba2d,,
1.0,G03-260201-160037-640,G03-260201-160037-640.bmp,G03,2026-02-01T16:00:37,2026-02-01,G03_2026-02-01,640,train,normal,,1025,1281,1,b01f8a1ae42524ba02386538984d1a3355196513735fa9287953d605491f5bae,,
1.0,G03-260201-160100-641,G03-260201-160100-641.bmp,G03,2026-02-01T16:01:00,2026-02-01,G03_2026-02-01,641,train,normal,,1025,1281,1,8545e182d3a6803b0ffc8e00f397fbfd29073c8fba4d149636361c201a1d5309,,
1.0,G03-260201-160106-642,G03-260201-160106-642.bmp,G03,2026-02-01T16:01:06,2026-02-01,G03_2026-02-01,642,train,normal,,1025,1281,1,abf194f79c514422b298ccc441cd468284a6fb0d0f01c469961f26f50f13b341,,
1.0,G03-260201-160136-643,G03-260201-160136-643.bmp,G03,2026-02-01T16:01:36,2026-02-01,G03_2026-02-01,643,train,normal,,1025,1281,1,961c9ee2d7bd021e014a624af0b2926334a575d7f7e2afcf0f0425122c9e7f3f,,
1.0,G03-260201-160142-644,G03-260201-160142-644.bmp,G03,2026-02-01T16:01:42,2026-02-01,G03_2026-02-01,644,train,normal,,1025,1281,1,90b50325713f3fee9334847458bcba43be4d29d60e07f578f63cb92c9b0a6919,,
1.0,G03-260201-160200-645,G03-260201-160200-645.bmp,G03,2026-02-01T16:02:00,2026-02-01,G03_2026-02-01,645,train,normal,,1025,1281,1,54677b24031917c1a31948314dba9f975cff69ed75c67fd7032a3700da9d36c2,,
1.0,G03-260201-160207-646,G03-260201-160207-646.bmp,G03,2026-02-01T16:02:07,2026-02-01,G03_2026-02-01,646,train,normal,,1025,1281,1,4867de3bfdf963e771aa00ecf3ed7e2415bc1d277aba7c3d2f770ea0f09f99d4,,
1.0,G03-260201-160231-647,G03-260201-160231-647.bmp,G03,2026-02-01T16:02:31,2026-02-01,G03_2026-02-01,647,train,normal,,1025,1281,1,4db7c317fd77850cf42ae567a4ef363184e5707b53427344ba817c542fa8295a,,
1.0,G03-260201-160238-648,G03-260201-160238-648.bmp,G03,2026-02-01T16:02:38,2026-02-01,G03_2026-02-01,648,train,normal,,1025,1281,1,ab55734ef3ee412c8ce5d8b670fe52929809a778d582025b4831f2460c29eb6b,,
1.0,G03-260201-160300-649,G03-260201-160300-649.bmp,G03,2026-02-01T16:03:00,2026-02-01,G03_2026-02-01,649,train,normal,,1025,1281,1,4fcdf8369bef3215b79e8693e1ffba1193fe7ae13cda29dae8123992a9e87aaf,,
1.0,G03-260201-160306-650,G03-260201-160306-650.bmp,G03,2026-02-01T16:03:06,2026-02-01,G03_2026-02-01,650,train,normal,,1025,1281,1,ebed63f57238d2a5c54321ef642a098b8953a6787e9019dfe388aac771437769,,
1.0,G03-260201-160331-651,G03-260201-160331-651.bmp,G03,2026-02-01T16:03:31,2026-02-01,G03_2026-02-01,651,train,normal,,1025,1281,1,c7268e9be225a56a255d918158414531e3fc025a330dcbc802e4d2e256508c0c,,
1.0,G03-260201-160337-652,G03-260201-160337-652.bmp,G03,2026-02-01T16:03:37,2026-02-01,G03_2026-02-01,652,train,normal,,1025,1281,1,ece03f876ee5784e000585bce9c3fb9cb8d84c15973b2f16fb731adb81c229b8,,
1.0,G03-260201-160400-653,G03-260201-160400-653.bmp,G03,2026-02-01T16:04:00,2026-02-01,G03_2026-02-01,653,train,normal,,1025,1281,1,b443e6f9918676b829098fad66f6a9b815ae9f2e80bc289d6b91cb5db40ee068,,
1.0,G03-260201-160406-654,G03-260201-160406-654.bmp,G03,2026-02-01T16:04:06,2026-02-01,G03_2026-02-01,654,train,normal,,1025,1281,1,43229650a58bcca17b05c7a634332c3adf81aba6a0e9e08ee8bc79f6739a3f60,,
1.0,G03-260201-160431-655,G03-260201-160431-655.bmp,G03,2026-02-01T16:04:31,2026-02-01,G03_2026-02-01,655,train,normal,,1025,1281,1,865a88eb14739c1c842bd43a97a1a58d957ec0f750518c42569811777b7081a0,,
1.0,G03-260201-160438-656,G03-260201-160438-656.bmp,G03,2026-02-01T16:04:38,2026-02-01,G03_2026-02-01,656,train,normal,,1025,1281,1,7408af7d5f94c240fd2604b5af279f1e2bb0fba75a142363597f50428ea7d666,,
1.0,G03-260201-160455-657,G03-260201-160455-657.bmp,G03,2026-02-01T16:04:55,2026-02-01,G03_2026-02-01,657,train,normal,,1025,1281,1,93c9573403a24193e4edaf142b277f1f23ba06faf7a3b8a44e885eaf9846bcca,,
1.0,G03-260201-160531-658,G03-260201-160531-658.bmp,G03,2026-02-01T16:05:31,2026-02-01,G03_2026-02-01,658,train,normal,,1025,1281,1,96123c3b85e791e55d4b63720f81fb710152044082856656aea42835cc253228,,
1.0,G03-260201-160537-659,G03-260201-160537-659.bmp,G03,2026-02-01T16:05:37,2026-02-01,G03_2026-02-01,659,train,normal,,1025,1281,1,7e5b6a46f0249e11af828011282dd46c54fc1b22d27cf9155435fc3449c2870b,,
1.0,G03-260201-160545-660,G03-260201-160545-660.bmp,G03,2026-02-01T16:05:45,2026-02-01,G03_2026-02-01,660,train,normal,,1025,1281,1,00f81033da5d86ea8c190d27df80a1ed9e432f89444956c51a0627d46f0e1ad4,,
1.0,G03-260201-160602-661,G03-260201-160602-661.bmp,G03,2026-02-01T16:06:02,2026-02-01,G03_2026-02-01,661,train,normal,,1025,1281,1,22b3569b224f011827a0d2e5c8be7cfe034a7e79a7cd3edeaacacce42b2baf7e,,
1.0,G03-260201-160608-662,G03-260201-160608-662.bmp,G03,2026-02-01T16:06:08,2026-02-01,G03_2026-02-01,662,train,normal,,1025,1281,1,06cef63bf600c1cb9c7d29ff922f05740c32e347bff2100f752e0fe8a5032272,,
1.0,G03-260201-160630-663,G03-260201-160630-663.bmp,G03,2026-02-01T16:06:30,2026-02-01,G03_2026-02-01,663,train,normal,,1025,1281,1,b1bd6ac5983cc1398228378b34bc821bb6a87b0e39b59e39f2daffa0070b191d,,
1.0,G03-260201-160637-664,G03-260201-160637-664.bmp,G03,2026-02-01T16:06:37,2026-02-01,G03_2026-02-01,664,train,normal,,1025,1281,1,ccc926d6eb98d878acb1acb1053342f2695931a16daadbab0da2a679fba4a267,,
1.0,G03-260201-160659-665,G03-260201-160659-665.bmp,G03,2026-02-01T16:06:59,2026-02-01,G03_2026-02-01,665,train,normal,,1025,1281,1,777e87382f2d3e1b76096f004005958be943a3de158184bc25dadcc57f72db42,,
1.0,G03-260201-160706-666,G03-260201-160706-666.bmp,G03,2026-02-01T16:07:06,2026-02-01,G03_2026-02-01,666,train,normal,,1025,1281,1,1cf7771ebb5a999edc91c805c2e52ff936c5e51ee663fe01d3d057734a6938e6,,
1.0,G03-260201-160730-667,G03-260201-160730-667.bmp,G03,2026-02-01T16:07:30,2026-02-01,G03_2026-02-01,667,train,normal,,1025,1281,1,0fc00e853c2c997d729e369487da2b01991bda903e36b5efc65aa366cf796f47,,
1.0,G03-260201-160736-668,G03-260201-160736-668.bmp,G03,2026-02-01T16:07:36,2026-02-01,G03_2026-02-01,668,train,normal,,1025,1281,1,88a9cb61053891b7abb50766728f161765a78c977d8a6e0a58c9b6cc8b5d6972,,
1.0,G03-260201-160801-669,G03-260201-160801-669.bmp,G03,2026-02-01T16:08:01,2026-02-01,G03_2026-02-01,669,train,normal,,1025,1281,1,9bec2590215b1bc27b3f536a64dcab966016333884e492e13d3b9a987638ce20,,
1.0,G03-260201-160807-670,G03-260201-160807-670.bmp,G03,2026-02-01T16:08:07,2026-02-01,G03_2026-02-01,670,train,normal,,1025,1281,1,ac7babd21ebd9b3fde63c7e2857193cd66b5fdcc590c5936aca568b72d106266,,
1.0,G03-260201-160832-671,G03-260201-160832-671.bmp,G03,2026-02-01T16:08:32,2026-02-01,G03_2026-02-01,671,train,normal,,1025,1281,1,4e884355dd2aad23f665d67fe72de6e1c14d07a0e4f51bae000e0f0942e1a58b,,
1.0,G03-260201-160838-672,G03-260201-160838-672.bmp,G03,2026-02-01T16:08:38,2026-02-01,G03_2026-02-01,672,train,normal,,1025,1281,1,38e5a1376e039c593a077831933ee0cdbd13c8534ec794f53ec8fdb225c1758e,,
1.0,G03-260201-160900-673,G03-260201-160900-673.bmp,G03,2026-02-01T16:09:00,2026-02-01,G03_2026-02-01,673,train,normal,,1025,1281,1,5bb8339c23b856de82ce8d672a1e07d409dc53a709d1539a61dc349522c66e1a,,
1.0,G03-260201-160906-674,G03-260201-160906-674.bmp,G03,2026-02-01T16:09:06,2026-02-01,G03_2026-02-01,674,train,normal,,1025,1281,1,ffa28fda4c8ba0a70c9f579c1ac995e87ab096cbd009cba8f2fbaf0e8e55364f,,
1.0,G03-260201-160931-675,G03-260201-160931-675.bmp,G03,2026-02-01T16:09:31,2026-02-01,G03_2026-02-01,675,train,normal,,1025,1281,1,04597aadd61eccae6dbb634dd9b96df72a75ea74beaf5a648ebb76e9a7c2222b,,
1.0,G03-260201-160938-676,G03-260201-160938-676.bmp,G03,2026-02-01T16:09:38,2026-02-01,G03_2026-02-01,676,train,normal,,1025,1281,1,8553b0b77bc7f1f445dae9100ad0245c41e1eefdc8b4ef33890f138e9f4da0f9,,
1.0,G03-260201-161001-677,G03-260201-161001-677.bmp,G03,2026-02-01T16:10:01,2026-02-01,G03_2026-02-01,677,train,normal,,1025,1281,1,d08179f0ff486d59d2006695cf7c0ca97d60e3993f9845837872c20137700c00,,
1.0,G03-260201-161008-678,G03-260201-161008-678.bmp,G03,2026-02-01T16:10:08,2026-02-01,G03_2026-02-01,678,train,normal,,1025,1281,1,e6caaef965bc4f17bb3e711755fff7e782c2f2e0a07ddef340434a4693e99704,,
1.0,G03-260201-161032-679,G03-260201-161032-679.bmp,G03,2026-02-01T16:10:32,2026-02-01,G03_2026-02-01,679,train,normal,,1025,1281,1,d94bda3dbb7f7650a3035e723ff8431b7e7510b5ace54850ce4e2d2d7b563a08,,
1.0,G03-260201-161039-680,G03-260201-161039-680.bmp,G03,2026-02-01T16:10:39,2026-02-01,G03_2026-02-01,680,train,normal,,1025,1281,1,606dabc0b093bbb0dd120f5117cc636987be23c0e1dbd07f85c423fd36b34b8a,,
1.0,G03-260201-161102-681,G03-260201-161102-681.bmp,G03,2026-02-01T16:11:02,2026-02-01,G03_2026-02-01,681,train,normal,,1025,1281,1,167e5b0238db6de5f219fc89decd56575949f8e4f508ce7b2e0bea96485b46a1,,
1.0,G03-260201-161108-682,G03-260201-161108-682.bmp,G03,2026-02-01T16:11:08,2026-02-01,G03_2026-02-01,682,train,normal,,1025,1281,1,d3f737571ccb63b0d5ee38c38588c1424a397f20efecf1e36ec46c3575c0956a,,
1.0,G03-260201-161132-683,G03-260201-161132-683.bmp,G03,2026-02-01T16:11:32,2026-02-01,G03_2026-02-01,683,train,normal,,1025,1281,1,e4e55575841ff81dbc4515eebc23fc1e15396130a10003316e971305b03abfc9,,
1.0,G03-260201-161138-684,G03-260201-161138-684.bmp,G03,2026-02-01T16:11:38,2026-02-01,G03_2026-02-01,684,train,normal,,1025,1281,1,0dd6286e09985455add8b1bb4aace22cd7ffef39c95943872c45dfc23d0eb075,,
1.0,G03-260202-115623-876,G03-260202-115623-876.bmp,G03,2026-02-02T11:56:23,2026-02-02,G03_2026-02-02,876,train,normal,,1025,1281,1,f3ab1505ad83f1caf7012a84960ca095f7dd92e5e80fb64eb5aa944750b8495c,,
1.0,G03-260202-115629-877,G03-260202-115629-877.bmp,G03,2026-02-02T11:56:29,2026-02-02,G03_2026-02-02,877,train,normal,,1025,1281,1,197526f25e06486acf96350889d83ba8ecbdc37dc7af45ba2e61207f32d5e7e7,,
1.0,G03-260202-115652-878,G03-260202-115652-878.bmp,G03,2026-02-02T11:56:52,2026-02-02,G03_2026-02-02,878,train,normal,,1025,1281,1,cf9e0931bc58e22b9952c9d9b1de51a8ae4721b623429227830406952cb2825a,,
1.0,G03-260202-115658-879,G03-260202-115658-879.bmp,G03,2026-02-02T11:56:58,2026-02-02,G03_2026-02-02,879,train,normal,,1025,1281,1,2195afcf411c12183e9e2811a6f11bd3790548a2f644f4c9abe263f08a5d778b,,
1.0,G03-260202-115723-880,G03-260202-115723-880.bmp,G03,2026-02-02T11:57:23,2026-02-02,G03_2026-02-02,880,train,normal,,1025,1281,1,0b7a9ff53791583ec8cce5bc768a78330b1420e080601007d20ffdc08cdc4d3e,,
1.0,G03-260202-115730-881,G03-260202-115730-881.bmp,G03,2026-02-02T11:57:30,2026-02-02,G03_2026-02-02,881,train,normal,,1025,1281,1,25cb31eaa1471ed9b45e88b1bb65023b360f4931e6fd3c8054c6c2b9f5cfff1a,,
1.0,G03-260202-115752-882,G03-260202-115752-882.bmp,G03,2026-02-02T11:57:52,2026-02-02,G03_2026-02-02,882,train,normal,,1025,1281,1,d9fc8630710457bb55b59f9a54feb56bda4bcd4df4d56d8b459199627be4bbc2,,
1.0,G03-260202-115758-883,G03-260202-115758-883.bmp,G03,2026-02-02T11:57:58,2026-02-02,G03_2026-02-02,883,train,normal,,1025,1281,1,2021a5ffa1c41aa57db395ac6a54d5feb7f3f3700349d797e8ff9b5a6902d397,,
1.0,G03-260202-115823-884,G03-260202-115823-884.bmp,G03,2026-02-02T11:58:23,2026-02-02,G03_2026-02-02,884,train,normal,,1025,1281,1,be8b1f555a8c029815d288e7053d13c8f944fd9105a5191d858feaca107cbd43,,
1.0,G03-260202-115830-885,G03-260202-115830-885.bmp,G03,2026-02-02T11:58:30,2026-02-02,G03_2026-02-02,885,train,normal,,1025,1281,1,3e34c8b01aa09dea868cde994641b10e4cb4cf3a95df395b4fed94e9b284aa5a,,
1.0,G03-260202-115851-886,G03-260202-115851-886.bmp,G03,2026-02-02T11:58:51,2026-02-02,G03_2026-02-02,886,train,normal,,1025,1281,1,4e201c50ddfaef4a80127752dfea3dcde4972edc01882e0cbc13dc12c6c4f915,,
1.0,G03-260202-115909-887,G03-260202-115909-887.bmp,G03,2026-02-02T11:59:09,2026-02-02,G03_2026-02-02,887,train,normal,,1025,1281,1,7365ea463350773e0c7a9a3a7c70eb13a1d18384f922e2a3e22745c84a552200,,
1.0,G03-260202-115926-888,G03-260202-115926-888.bmp,G03,2026-02-02T11:59:26,2026-02-02,G03_2026-02-02,888,train,normal,,1025,1281,1,08c43063f9d43c7faf8a2653d711e29092625be058fbef15d2c3ebd21c18350d,,
1.0,G03-260202-115933-889,G03-260202-115933-889.bmp,G03,2026-02-02T11:59:33,2026-02-02,G03_2026-02-02,889,train,normal,,1025,1281,1,14458cd77b0f40ca6a1144c178cf7a51ad4b34c7817a332f33949cb6d722b3d2,,
1.0,G03-260202-115954-890,G03-260202-115954-890.bmp,G03,2026-02-02T11:59:54,2026-02-02,G03_2026-02-02,890,train,normal,,1025,1281,1,94348713a3f5259db975ce83bd410a61a0d89cb6b52f82a00e411973e7e08c12,,
1.0,G03-260202-120001-891,G03-260202-120001-891.bmp,G03,2026-02-02T12:00:01,2026-02-02,G03_2026-02-02,891,train,normal,,1025,1281,1,57b50dac8ed8c85b5b1b0c20e218eb268779dfd25910d01f7d5790d406b08800,,
1.0,G03-260202-120023-892,G03-260202-120023-892.bmp,G03,2026-02-02T12:00:23,2026-02-02,G03_2026-02-02,892,train,normal,,1025,1281,1,bb9bcf59894037a2fb7008b5cd655b4145d799f74f38a536b388bb29ff526c12,,
1.0,G03-260202-120029-893,G03-260202-120029-893.bmp,G03,2026-02-02T12:00:29,2026-02-02,G03_2026-02-02,893,train,normal,,1025,1281,1,cba43a43d529a4c880a3c76db654d2315948ad88ca9783da2b61c12f0662d4d7,,
1.0,G03-260202-120051-894,G03-260202-120051-894.bmp,G03,2026-02-02T12:00:51,2026-02-02,G03_2026-02-02,894,train,normal,,1025,1281,1,6ae7289e1227d7ac2148c1d43514880d625010e91eed082aa9ee0f18bb0db022,,
1.0,G03-260202-120057-895,G03-260202-120057-895.bmp,G03,2026-02-02T12:00:57,2026-02-02,G03_2026-02-02,895,train,normal,,1025,1281,1,98b623bf295bf7625c40685feef4c9fe8d31d96fc7fa7fa34f1da23bd58adf94,,
1.0,G03-260202-120122-896,G03-260202-120122-896.bmp,G03,2026-02-02T12:01:22,2026-02-02,G03_2026-02-02,896,train,normal,,1025,1281,1,c9896b0ed1d508fc582bfa2e6d1fd53fd7adff3255da838fb0507adfd28a1da2,,
1.0,G03-260202-120128-897,G03-260202-120128-897.bmp,G03,2026-02-02T12:01:28,2026-02-02,G03_2026-02-02,897,train,normal,,1025,1281,1,ad1c8d5e2fe4dcba437ad3a77a9d0a984867e0c10942dac74d2f47273f734885,,
1.0,G03-260202-120153-898,G03-260202-120153-898.bmp,G03,2026-02-02T12:01:53,2026-02-02,G03_2026-02-02,898,train,normal,,1025,1281,1,05f542ca719b56e8325b6f8b925573ba5f3c9c533e5bafb672087ab0ac343ef3,,
1.0,G03-260202-120200-899,G03-260202-120200-899.bmp,G03,2026-02-02T12:02:00,2026-02-02,G03_2026-02-02,899,train,normal,,1025,1281,1,b121c227d2c9b4b50c743b9f65f3a8cf33c865d5c42cde1a1757627029d6889e,,
1.0,G03-260202-120224-900,G03-260202-120224-900.bmp,G03,2026-02-02T12:02:24,2026-02-02,G03_2026-02-02,900,train,normal,,1025,1281,1,c66695676dfb292412989d090703311b886c898aa404d46e41ff7b3569770bc2,,
1.0,G03-260202-120230-901,G03-260202-120230-901.bmp,G03,2026-02-02T12:02:30,2026-02-02,G03_2026-02-02,901,train,normal,,1025,1281,1,a75e68b0a470394efb8f222bee1a3ccfcfb47914d1b414dbc7793ae9d551d3fb,,
1.0,G03-260202-120259-902,G03-260202-120259-902.bmp,G03,2026-02-02T12:02:59,2026-02-02,G03_2026-02-02,902,train,normal,,1025,1281,1,13077325d049d5e6e78fc6fa6c93453c399ae621a0b5240cce8adcc5c9e46af3,,
1.0,G03-260202-120309-903,G03-260202-120309-903.bmp,G03,2026-02-02T12:03:09,2026-02-02,G03_2026-02-02,903,train,normal,,1025,1281,1,c71dc86cc4916664b8aea62edaefa517b57703b7e55eaa29fc2a15f5f81096fb,,
1.0,G03-260202-120316-904,G03-260202-120316-904.bmp,G03,2026-02-02T12:03:16,2026-02-02,G03_2026-02-02,904,train,normal,,1025,1281,1,1af7edad21f4945c22853f527d75a25e275a6b91fec701bed887597e49b3f471,,
1.0,G03-260202-120322-905,G03-260202-120322-905.bmp,G03,2026-02-02T12:03:22,2026-02-02,G03_2026-02-02,905,train,normal,,1025,1281,1,cba2a4e90da0aac429f6153d1e3c6eac86bbd2f3733719e4b29f3b3ef686a9e7,,
1.0,G03-260202-120352-906,G03-260202-120352-906.bmp,G03,2026-02-02T12:03:52,2026-02-02,G03_2026-02-02,906,train,normal,,1025,1281,1,fb6224e461f8099607b29a95707dbf8fcfad4674e026fbfcf6b6c25318e46f74,,
1.0,G03-260202-120359-907,G03-260202-120359-907.bmp,G03,2026-02-02T12:03:59,2026-02-02,G03_2026-02-02,907,train,normal,,1025,1281,1,2ef4cf4d4bfb60f89262005df5ab3ea59391e8e77f410fea705b20b2b09fb9fb,,
1.0,G03-260202-120424-908,G03-260202-120424-908.bmp,G03,2026-02-02T12:04:24,2026-02-02,G03_2026-02-02,908,train,normal,,1025,1281,1,246bf3b7b233727cd27976221d15bf18a12d1f67b672f5b5a9fad1d7ca1b1737,,
1.0,G03-260202-120431-909,G03-260202-120431-909.bmp,G03,2026-02-02T12:04:31,2026-02-02,G03_2026-02-02,909,train,normal,,1025,1281,1,f09a1bb4b4c72d2d9610b8dd7dbd4a48e6eddc25bab32ec4bde1467ff20d057f,,
1.0,G03-260202-120454-910,G03-260202-120454-910.bmp,G03,2026-02-02T12:04:54,2026-02-02,G03_2026-02-02,910,train,normal,,1025,1281,1,2b00b0589f6a93a0d356e6fda5bf4eb229d91c544530d9304ef922efbc888af9,,
1.0,G03-260202-120500-911,G03-260202-120500-911.bmp,G03,2026-02-02T12:05:00,2026-02-02,G03_2026-02-02,911,train,normal,,1025,1281,1,a0024b1370d79927ed9aab02234f8ec6201b23ac837366b3618ceb63e4e8825e,,
1.0,G03-260202-120523-912,G03-260202-120523-912.bmp,G03,2026-02-02T12:05:23,2026-02-02,G03_2026-02-02,912,train,normal,,1025,1281,1,05bf7795d1fba84629a04df0b345b00af173fd2f4bb0d1da7783241ac9a43212,,
1.0,G03-260202-120529-913,G03-260202-120529-913.bmp,G03,2026-02-02T12:05:29,2026-02-02,G03_2026-02-02,913,train,normal,,1025,1281,1,b83f05200568fcf4af196f491e326f4b0f58c389a6114a016cfbfc3466db4929,,
1.0,G03-260202-120554-914,G03-260202-120554-914.bmp,G03,2026-02-02T12:05:54,2026-02-02,G03_2026-02-02,914,train,normal,,1025,1281,1,2d9c763e69ebbb476def07e4e3b64477c96fdaa883b930fdc514f587022ee3ba,,
1.0,G03-260202-120601-915,G03-260202-120601-915.bmp,G03,2026-02-02T12:06:01,2026-02-02,G03_2026-02-02,915,train,normal,,1025,1281,1,f1c418007526d53f51d67bf70691be5cc56758abd82612476f9a87796e64f589,,
1.0,G03-260202-120625-916,G03-260202-120625-916.bmp,G03,2026-02-02T12:06:25,2026-02-02,G03_2026-02-02,916,train,normal,,1025,1281,1,769e75fd8067442f67751903e74ed4d8b8492139145abc468db2869d1c321509,,
1.0,G03-260202-120632-917,G03-260202-120632-917.bmp,G03,2026-02-02T12:06:32,2026-02-02,G03_2026-02-02,917,train,normal,,1025,1281,1,53101c25b2b876566ed1066a13bc1e41e3071e9674108329af4b48e54d23b9e2,,
1.0,G03-260202-120655-918,G03-260202-120655-918.bmp,G03,2026-02-02T12:06:55,2026-02-02,G03_2026-02-02,918,train,normal,,1025,1281,1,3fe23ec2275f1105909a97a35e29be9dec461732d02c41815c6ac63834e46660,,
1.0,G03-260202-120701-919,G03-260202-120701-919.bmp,G03,2026-02-02T12:07:01,2026-02-02,G03_2026-02-02,919,train,normal,,1025,1281,1,196b0b64a355b3d7b04fd548a8bc80d3f0f123cce0cdebe9289567afff90253d,,
1.0,G03-260202-120722-920,G03-260202-120722-920.bmp,G03,2026-02-02T12:07:22,2026-02-02,G03_2026-02-02,920,train,normal,,1025,1281,1,afa603f5ab2889a7cd3681e0a2483522e00d2602b85c7c9c5fdb99e5a187bd59,,
1.0,G03-260202-120729-921,G03-260202-120729-921.bmp,G03,2026-02-02T12:07:29,2026-02-02,G03_2026-02-02,921,train,normal,,1025,1281,1,b10e80cb2af08dcdc1d2a694b36c39478cdd7b61c7595f6d60a83643fe97c77e,,
1.0,G03-260202-120755-922,G03-260202-120755-922.bmp,G03,2026-02-02T12:07:55,2026-02-02,G03_2026-02-02,922,train,normal,,1025,1281,1,a22a8dc642ed83886da0884db0327853f95f770974075a2acfc7ad40c07ad9f4,,
1.0,G03-260202-120802-923,G03-260202-120802-923.bmp,G03,2026-02-02T12:08:02,2026-02-02,G03_2026-02-02,923,train,normal,,1025,1281,1,c884ddd0988273da9bd9f6dc3f1680c10ab5d8c8390fcc196dbd0b55b346cf7e,,
1.0,G03-260202-120825-924,G03-260202-120825-924.bmp,G03,2026-02-02T12:08:25,2026-02-02,G03_2026-02-02,924,train,normal,,1025,1281,1,1863a2129b1ac3ea9b73fb1ba0958675b0c8d51cdac1b84e8c57bc0cf5b4aa09,,
1.0,G03-260202-120832-925,G03-260202-120832-925.bmp,G03,2026-02-02T12:08:32,2026-02-02,G03_2026-02-02,925,train,normal,,1025,1281,1,a65554a807a57b845297353f7a4369f076025b0f1ca0706a67d5181c0552acda,,
1.0,G03-260202-120853-926,G03-260202-120853-926.bmp,G03,2026-02-02T12:08:53,2026-02-02,G03_2026-02-02,926,train,normal,,1025,1281,1,b3a9d43af9c2bb1de4f32dafe4b503cfb3b3def1b39b06ab0f3a79f29d5c5357,,
1.0,G03-260202-120859-927,G03-260202-120859-927.bmp,G03,2026-02-02T12:08:59,2026-02-02,G03_2026-02-02,927,train,normal,,1025,1281,1,9a157a3e0a71da14d7e887282bf1844c7be9873adaec6d586bf1ca7b88625258,,
1.0,G03-260202-120920-928,G03-260202-120920-928.bmp,G03,2026-02-02T12:09:20,2026-02-02,G03_2026-02-02,928,train,normal,,1025,1281,1,97383a30f3dd930ff42b250171c5de03a806091287d468318b98afe9ef38c243,,
1.0,G03-260202-120933-929,G03-260202-120933-929.bmp,G03,2026-02-02T12:09:33,2026-02-02,G03_2026-02-02,929,train,normal,,1025,1281,1,284055aa65f10a525a8e2dfc27348b6bcff0b7685ed8f4da0a143d48b3485d4e,,
1.0,G03-260202-120955-930,G03-260202-120955-930.bmp,G03,2026-02-02T12:09:55,2026-02-02,G03_2026-02-02,930,train,normal,,1025,1281,1,8b28975e39215446c059f797f00bdb3599694ce319df0c48f27900b8eeafec73,,
1.0,G03-260202-121001-931,G03-260202-121001-931.bmp,G03,2026-02-02T12:10:01,2026-02-02,G03_2026-02-02,931,train,normal,,1025,1281,1,8c9e3f248aaf209961b0ff6b5d0447e9ceb90e6e31797015af8d255b281adca1,,
1.0,G03-260202-121031-932,G03-260202-121031-932.bmp,G03,2026-02-02T12:10:31,2026-02-02,G03_2026-02-02,932,train,normal,,1025,1281,1,56d0e289c2ff2ea30b7b182e251d8b5987a5cb3d56dd7499288b135bd1ad576b,,
1.0,G03-260202-121037-933,G03-260202-121037-933.bmp,G03,2026-02-02T12:10:37,2026-02-02,G03_2026-02-02,933,train,normal,,1025,1281,1,3a3759935ab03e85d8d802aa22a6515b5b26ec9d40b9923e503a086b13d36a3e,,
1.0,G03-260202-121055-934,G03-260202-121055-934.bmp,G03,2026-02-02T12:10:55,2026-02-02,G03_2026-02-02,934,train,normal,,1025,1281,1,b10e4e573271a23e516595ca3d30476e917ca374a8c69f30013e1e344558e447,,
1.0,G03-260202-121102-935,G03-260202-121102-935.bmp,G03,2026-02-02T12:11:02,2026-02-02,G03_2026-02-02,935,train,normal,,1025,1281,1,5a9fd3bdf927bc50cd82811323e645d5719cfebaac820c39d76e22c5b4f86e0b,,
1.0,G03-260202-121126-936,G03-260202-121126-936.bmp,G03,2026-02-02T12:11:26,2026-02-02,G03_2026-02-02,936,train,normal,,1025,1281,1,04f670485bc8022215f3f2d60a82ba670d83e064695c5fcf5dc04c860a4a943c,,
1.0,G03-260202-121132-937,G03-260202-121132-937.bmp,G03,2026-02-02T12:11:32,2026-02-02,G03_2026-02-02,937,train,normal,,1025,1281,1,e8e4134f3bf2c44b11fefbd3630f368a4b7e5f3f49aa396b2c981fd7ea5b725e,,
1.0,G03-260202-121154-938,G03-260202-121154-938.bmp,G03,2026-02-02T12:11:54,2026-02-02,G03_2026-02-02,938,train,normal,,1025,1281,1,9d05aa2e2f54e390c32e2a8f4a1fb94be2e257bec4b03e7bb0fabcf5504ecc44,,
1.0,G03-260202-121201-939,G03-260202-121201-939.bmp,G03,2026-02-02T12:12:01,2026-02-02,G03_2026-02-02,939,train,normal,,1025,1281,1,1c2a1a1493a4a315f1b0f8897eaf70a5cae91de589591a7295da853de1803ddd,,
1.0,G03-260202-121225-940,G03-260202-121225-940.bmp,G03,2026-02-02T12:12:25,2026-02-02,G03_2026-02-02,940,train,normal,,1025,1281,1,97de55e5f4a5dc9612ddb7992b6d74a8c25af0356321476eedfb31ba54ab65b2,,
1.0,G03-260202-121231-941,G03-260202-121231-941.bmp,G03,2026-02-02T12:12:31,2026-02-02,G03_2026-02-02,941,train,normal,,1025,1281,1,d930fcc2508dcc82f79b5aa45f07267e78fee8402d54381f15fc0bbbbf69dcda,,
1.0,G03-260202-121254-942,G03-260202-121254-942.bmp,G03,2026-02-02T12:12:54,2026-02-02,G03_2026-02-02,942,train,normal,,1025,1281,1,2826ffa7177bed43b835a88e147c89c66d2ae13f9aa469a537d53c7d40fbe674,,
1.0,G03-260202-121300-943,G03-260202-121300-943.bmp,G03,2026-02-02T12:13:00,2026-02-02,G03_2026-02-02,943,train,normal,,1025,1281,1,a13b7cb5388314d0bd19c9b5298f5ed1aaf66aefa1cac67d218b7a28f2a778d3,,
1.0,G03-260202-121326-944,G03-260202-121326-944.bmp,G03,2026-02-02T12:13:26,2026-02-02,G03_2026-02-02,944,train,normal,,1025,1281,1,379033e05c79a4e966f68ecdd4ae1f28b54413350d59c7d9eb597d58b51fe209,,
1.0,G03-260202-121332-945,G03-260202-121332-945.bmp,G03,2026-02-02T12:13:32,2026-02-02,G03_2026-02-02,945,train,normal,,1025,1281,1,d3d2b21af0444627921a9053087fe5f115a97b2fb0bd4302e1ed580c8bbf50e0,,
1.0,G03-260202-121422-946,G03-260202-121422-946.bmp,G03,2026-02-02T12:14:22,2026-02-02,G03_2026-02-02,946,train,normal,,1025,1281,1,c0b544ad18a35bbbffef9809a0c7e415207e7a6242bbf89ead9b11252fbae1f8,,
1.0,G03-260202-121423-947,G03-260202-121423-947.bmp,G03,2026-02-02T12:14:23,2026-02-02,G03_2026-02-02,947,train,normal,,1025,1281,1,2eebb5b51310ccf70c6e86e4fa6b19f14e993c700e32cf985322fb1996a13506,,
1.0,G03-260202-121437-948,G03-260202-121437-948.bmp,G03,2026-02-02T12:14:37,2026-02-02,G03_2026-02-02,948,train,normal,,1025,1281,1,141916fb3ade323e1feac7e75d3e447a2137093baa30e805927f6f15c2fd5125,,
1.0,G03-260202-121443-949,G03-260202-121443-949.bmp,G03,2026-02-02T12:14:43,2026-02-02,G03_2026-02-02,949,train,normal,,1025,1281,1,264ddf3cb4d286b06fab8422b2a0f6e91ab39fad4b0b211c133322aa939304e6,,
1.0,G03-260202-121456-950,G03-260202-121456-950.bmp,G03,2026-02-02T12:14:56,2026-02-02,G03_2026-02-02,950,train,normal,,1025,1281,1,62af93ce31100b530d958494613cabacc6bc636420cfa64aed9f7c9f2fd7a6f0,,
1.0,G03-260202-121502-951,G03-260202-121502-951.bmp,G03,2026-02-02T12:15:02,2026-02-02,G03_2026-02-02,951,train,normal,,1025,1281,1,9f826a2b51e0289f9a1d05e372100f4f25169e8b384b9cbe7a0c7499a33ca459,,
1.0,G03-260202-121524-952,G03-260202-121524-952.bmp,G03,2026-02-02T12:15:24,2026-02-02,G03_2026-02-02,952,train,normal,,1025,1281,1,ab6846efdbb4f649b8194c01172461e1fd10bdc8818b41dd6ad67835d9b1f118,,
1.0,G03-260202-121530-953,G03-260202-121530-953.bmp,G03,2026-02-02T12:15:30,2026-02-02,G03_2026-02-02,953,train,normal,,1025,1281,1,2d5285ae63b39520a21f9600099909361c96c5a6a6de5028db11ed2ecee6e1e5,,
1.0,G03-260202-121555-954,G03-260202-121555-954.bmp,G03,2026-02-02T12:15:55,2026-02-02,G03_2026-02-02,954,train,normal,,1025,1281,1,2bf518e68f05c308b5a2a6ea0242acad6e997951120840befd6126a819352976,,
1.0,G03-260202-121601-955,G03-260202-121601-955.bmp,G03,2026-02-02T12:16:01,2026-02-02,G03_2026-02-02,955,train,normal,,1025,1281,1,94ee6ac0e4f5ca7c5a915e8791ea4af688f9cdf9d12a26460d3479e534349379,,
1.0,G03-260202-121624-956,G03-260202-121624-956.bmp,G03,2026-02-02T12:16:24,2026-02-02,G03_2026-02-02,956,train,normal,,1025,1281,1,bcd383560976329edb1c0829f0362191230a515aa93f23d11c1c0cc97a245f2c,,
1.0,G03-260202-121631-957,G03-260202-121631-957.bmp,G03,2026-02-02T12:16:31,2026-02-02,G03_2026-02-02,957,train,normal,,1025,1281,1,f0ee76239a6dd2dbe2ccee2b98c9eb9fb595ac31e10d45ccac907c33a07030c4,,
1.0,G03-260202-121656-958,G03-260202-121656-958.bmp,G03,2026-02-02T12:16:56,2026-02-02,G03_2026-02-02,958,train,normal,,1025,1281,1,b6499581a064b03068d362101d17a4e035418b422b8b482bf3c189b9352129ce,,
1.0,G03-260202-121703-959,G03-260202-121703-959.bmp,G03,2026-02-02T12:17:03,2026-02-02,G03_2026-02-02,959,train,normal,,1025,1281,1,2209cc400e4bdce216cdb041b4dce02874471ba9bfa347e2b1238846accfa850,,
1.0,G03-260202-121726-960,G03-260202-121726-960.bmp,G03,2026-02-02T12:17:26,2026-02-02,G03_2026-02-02,960,train,normal,,1025,1281,1,69ec494da8d9e41040b294f78b8c0a09d04f9a4f36f7716107ed44a3e6f1d2ee,,
1.0,G03-260202-121732-961,G03-260202-121732-961.bmp,G03,2026-02-02T12:17:32,2026-02-02,G03_2026-02-02,961,train,normal,,1025,1281,1,fbe5516053622306f9f1a4b9b54a5480666f475cd3870f68661dca79b0f31628,,
1.0,G03-260202-121756-962,G03-260202-121756-962.bmp,G03,2026-02-02T12:17:56,2026-02-02,G03_2026-02-02,962,train,normal,,1025,1281,1,ec5e456168cf1198a44c6a0475ead171f7112e72acb3d78d41923ef203b104b0,,
1.0,G03-260202-121802-963,G03-260202-121802-963.bmp,G03,2026-02-02T12:18:02,2026-02-02,G03_2026-02-02,963,train,normal,,1025,1281,1,24436b0c53c10db9c2060f6de9b3dbf92f264596e1029f585f46eb5bac1806b1,,
1.0,G03-260202-121825-964,G03-260202-121825-964.bmp,G03,2026-02-02T12:18:25,2026-02-02,G03_2026-02-02,964,train,normal,,1025,1281,1,11ff9c6fa48c37d819c9b2fb1a3faa4f89ceb2464555842f87c7297bd11ef0bf,,
1.0,G03-260202-121833-965,G03-260202-121833-965.bmp,G03,2026-02-02T12:18:33,2026-02-02,G03_2026-02-02,965,train,normal,,1025,1281,1,7a348b5144e52944faa39941378ca1733bc16d9855dd24c75b1d308b89368da1,,
1.0,G03-260202-121857-966,G03-260202-121857-966.bmp,G03,2026-02-02T12:18:57,2026-02-02,G03_2026-02-02,966,train,normal,,1025,1281,1,e4081640fac37ff5cd43f1c7297317d674c762ed8705745de123a8c1b58ef994,,
1.0,G03-260202-121904-967,G03-260202-121904-967.bmp,G03,2026-02-02T12:19:04,2026-02-02,G03_2026-02-02,967,train,normal,,1025,1281,1,ed8a19d36b6a8fb062e1c48ec6034ce2aac1525ad87392159d1b4aecc5f554ea,,
1.0,G03-260202-121925-968,G03-260202-121925-968.bmp,G03,2026-02-02T12:19:25,2026-02-02,G03_2026-02-02,968,train,normal,,1025,1281,1,0578959d14a2b22d3ad620c652c9945124177e68f271cb6b9ed924a6a8be6c77,,
1.0,G03-260202-121932-969,G03-260202-121932-969.bmp,G03,2026-02-02T12:19:32,2026-02-02,G03_2026-02-02,969,train,normal,,1025,1281,1,0f76575fa6bb26e0bbdc45e978b3e1bb46f608a73183e9a3103ba3b412262d65,,
1.0,G03-260202-121955-970,G03-260202-121955-970.bmp,G03,2026-02-02T12:19:55,2026-02-02,G03_2026-02-02,970,train,normal,,1025,1281,1,7126daba28add2838ab866a199aa9136c4afff46eddf7453bbe71b134708f825,,
1.0,G03-260202-121959-971,G03-260202-121959-971.bmp,G03,2026-02-02T12:19:59,2026-02-02,G03_2026-02-02,971,train,normal,,1025,1281,1,5119b665085f15d745e09c1206bfb69663beaeb6296593ab130f4a9ebcc43a1e,,
1.0,G03-260202-122006-972,G03-260202-122006-972.bmp,G03,2026-02-02T12:20:06,2026-02-02,G03_2026-02-02,972,train,normal,,1025,1281,1,4b50e7cc471dd5078d9f1736d79880ad1b7b0792bb8fafa4f3a668256f3e2ff7,,
1.0,G03-260202-122012-973,G03-260202-122012-973.bmp,G03,2026-02-02T12:20:12,2026-02-02,G03_2026-02-02,973,train,normal,,1025,1281,1,f50e8751456e85a67c5a76a78b41ed5107c9fbf1ccbc3921d82c673077e4a0e2,,
1.0,G03-260202-122025-974,G03-260202-122025-974.bmp,G03,2026-02-02T12:20:25,2026-02-02,G03_2026-02-02,974,train,normal,,1025,1281,1,bfedf9d16ab5b97ac39074131a6396fdc803390a273a80f07ad7b73d9cd6d7b0,,
1.0,G03-260202-122031-975,G03-260202-122031-975.bmp,G03,2026-02-02T12:20:31,2026-02-02,G03_2026-02-02,975,train,normal,,1025,1281,1,9b046fa19adf0d6c78b4916c1505ea354753ce6b437d0f0762420ad89bab796b,,
1.0,G03-260202-122047-976,G03-260202-122047-976.bmp,G03,2026-02-02T12:20:47,2026-02-02,G03_2026-02-02,976,train,normal,,1025,1281,1,b4aa3b2d87af48c7242b9999406ef51a68003e61025385b88bb91a06238d38ef,,
1.0,G03-260202-122055-977,G03-260202-122055-977.bmp,G03,2026-02-02T12:20:55,2026-02-02,G03_2026-02-02,977,train,normal,,1025,1281,1,2fd74b0381f0854038cb33b8ce16fd82d660d01e1bf90b1dff7f9871cfb9fcfa,,
1.0,G03-260202-122101-978,G03-260202-122101-978.bmp,G03,2026-02-02T12:21:01,2026-02-02,G03_2026-02-02,978,train,normal,,1025,1281,1,0e04eb58963eea35e5e34a603135ec3183c05c38df33756c498b6b3ad7b8b479,,
1.0,G03-260202-122125-979,G03-260202-122125-979.bmp,G03,2026-02-02T12:21:25,2026-02-02,G03_2026-02-02,979,train,normal,,1025,1281,1,b028adbac02dcfea5be7ded935a927dd642bc325dad61357c50b2050adb53498,,
1.0,G03-260202-122132-980,G03-260202-122132-980.bmp,G03,2026-02-02T12:21:32,2026-02-02,G03_2026-02-02,980,train,normal,,1025,1281,1,6cad92ccabfdc3364a2ed00bd6ad41a41f11d8f5f494599e2cdb5a280f3eb119,,
1.0,G03-260202-122155-981,G03-260202-122155-981.bmp,G03,2026-02-02T12:21:55,2026-02-02,G03_2026-02-02,981,train,normal,,1025,1281,1,ba7fc7246da4d51ea4a7143233042f06cbe70935013ffb038464114f19aa9556,,
1.0,G03-260202-122202-982,G03-260202-122202-982.bmp,G03,2026-02-02T12:22:02,2026-02-02,G03_2026-02-02,982,train,normal,,1025,1281,1,d32329e3ac1008573387420d327de89a21f1eb095ad9ff548239971fe62d5262,,
1.0,G03-260202-122225-983,G03-260202-122225-983.bmp,G03,2026-02-02T12:22:25,2026-02-02,G03_2026-02-02,983,train,normal,,1025,1281,1,0263bdaf84b4084fee475f2fc2d8a69378a41c82450007d7fe42823c291bcc23,,
1.0,G03-260202-122231-984,G03-260202-122231-984.bmp,G03,2026-02-02T12:22:31,2026-02-02,G03_2026-02-02,984,train,normal,,1025,1281,1,ba82b49f3e1a06bdcb00694ab710586fbb7fcf2de866d306e8574e9b8d6b282e,,
1.0,G03-260202-122255-985,G03-260202-122255-985.bmp,G03,2026-02-02T12:22:55,2026-02-02,G03_2026-02-02,985,train,normal,,1025,1281,1,975287dd96e9652c73fcee2af3d0bdb8366f48a7ecd002209d7448f89655113c,,
1.0,G03-260202-122302-986,G03-260202-122302-986.bmp,G03,2026-02-02T12:23:02,2026-02-02,G03_2026-02-02,986,train,normal,,1025,1281,1,8afae539b050512d7b8111013fa9b9f29dea4ee784352235cfd3d950953d45c6,,
1.0,G03-260202-122328-987,G03-260202-122328-987.bmp,G03,2026-02-02T12:23:28,2026-02-02,G03_2026-02-02,987,train,normal,,1025,1281,1,f93e36db38fee697b98ab40a017b4e5dc5a32b6aabb638e98ee8e1684062744c,,
1.0,G03-260202-122334-988,G03-260202-122334-988.bmp,G03,2026-02-02T12:23:34,2026-02-02,G03_2026-02-02,988,train,normal,,1025,1281,1,a70a326f14311c61f619ccf46c9e583ebfdd7c6bd676f6f827508849bb96f425,,
1.0,G03-260202-122358-989,G03-260202-122358-989.bmp,G03,2026-02-02T12:23:58,2026-02-02,G03_2026-02-02,989,train,normal,,1025,1281,1,9ce7e2a93c3da2bc56076fdf88b9138af2f2baf223e2725734682b6f44a5babb,,
1.0,G03-260202-122405-990,G03-260202-122405-990.bmp,G03,2026-02-02T12:24:05,2026-02-02,G03_2026-02-02,990,train,normal,,1025,1281,1,97f36e9e352c0f000cb1bd0b481db0f3ebf8caf405b8c68350c86e02a12e5582,,
1.0,G03-260202-122426-991,G03-260202-122426-991.bmp,G03,2026-02-02T12:24:26,2026-02-02,G03_2026-02-02,991,train,normal,,1025,1281,1,b88d24141d3416faa3fa1d04bde0d657c2f8063f3003f946b391f187674aa23a,,
1.0,G03-260202-122433-992,G03-260202-122433-992.bmp,G03,2026-02-02T12:24:33,2026-02-02,G03_2026-02-02,992,train,normal,,1025,1281,1,802056d891c7cf61c1e08985249d2ee6bcfeffeb28a36325b10c169331448cc0,,
1.0,G03-260202-122504-993,G03-260202-122504-993.bmp,G03,2026-02-02T12:25:04,2026-02-02,G03_2026-02-02,993,train,normal,,1025,1281,1,65a47f57f5ff55463f6156f33cc95352d810d8c032f0674414ed0ef0f5aa8172,,
1.0,G03-260202-122512-994,G03-260202-122512-994.bmp,G03,2026-02-02T12:25:12,2026-02-02,G03_2026-02-02,994,train,normal,,1025,1281,1,e509a380020a2d6d115df2aa7293659344de9ef36afa6dd4571c0814ae9e9c6d,,
1.0,G03-260202-122530-995,G03-260202-122530-995.bmp,G03,2026-02-02T12:25:30,2026-02-02,G03_2026-02-02,995,train,normal,,1025,1281,1,2ac71c382ed895756a6f164331ffe56876d03ffa3d677eca270123c1ba0ece8f,,
1.0,G03-260202-122536-996,G03-260202-122536-996.bmp,G03,2026-02-02T12:25:36,2026-02-02,G03_2026-02-02,996,train,normal,,1025,1281,1,184a01802da336ca636d01458aa2cf6d37284cef783b1d9bf31f6c91a86d0f74,,
1.0,G03-260202-122558-997,G03-260202-122558-997.bmp,G03,2026-02-02T12:25:58,2026-02-02,G03_2026-02-02,997,train,normal,,1025,1281,1,8e218e9c844336bfcc709f33e2911a5cba34829342d08916f66f3b4aa48279a1,,
1.0,G03-260202-122604-998,G03-260202-122604-998.bmp,G03,2026-02-02T12:26:04,2026-02-02,G03_2026-02-02,998,train,normal,,1025,1281,1,9ce0c1d1c56fedfdbf905b723eac27dc6cc9fc83735c4aa0343b55b876de1711,,
1.0,G03-260202-122625-999,G03-260202-122625-999.bmp,G03,2026-02-02T12:26:25,2026-02-02,G03_2026-02-02,999,train,normal,,1025,1281,1,968ac934a3a6fc63f41c907265642c5de36615d893e37964c734e492ee99f4ee,,
1.0,G03-260202-122631-000,G03-260202-122631-000.bmp,G03,2026-02-02T12:26:31,2026-02-02,G03_2026-02-02,0,train,normal,,1025,1281,1,a54f7ba8883900fe6337ad74e85e2e64eb3a683f2055d4ad1e330ecf834b8b8d,,
1.0,G03-260202-122658-001,G03-260202-122658-001.bmp,G03,2026-02-02T12:26:58,2026-02-02,G03_2026-02-02,1,train,normal,,1025,1281,1,1ecaab735d06f174e9f389620103198317cd69343269674510dab49f7d4014f7,,
1.0,G03-260202-122704-002,G03-260202-122704-002.bmp,G03,2026-02-02T12:27:04,2026-02-02,G03_2026-02-02,2,train,normal,,1025,1281,1,44e19f4629aaef18a4303bfc44050ea60c1e23ff161f133bc39391fe3d4634ae,,
1.0,G03-260202-122726-003,G03-260202-122726-003.bmp,G03,2026-02-02T12:27:26,2026-02-02,G03_2026-02-02,3,train,normal,,1025,1281,1,f953c5067d19f5bbfe3e585162e1c45aa9558f8980a7ba18aa585388b6beb8e1,,
1.0,G03-260202-122734-004,G03-260202-122734-004.bmp,G03,2026-02-02T12:27:34,2026-02-02,G03_2026-02-02,4,train,normal,,1025,1281,1,3477a590d1d150954f0abd547338948c762053323ffafdf507fe5993aca2992d,,
1.0,G03-260202-122800-005,G03-260202-122800-005.bmp,G03,2026-02-02T12:28:00,2026-02-02,G03_2026-02-02,5,train,normal,,1025,1281,1,71e439c7011e8061e52740bb058bbd98ee1894bcef7185f701167c4a6546ef66,,
1.0,G03-260202-122806-006,G03-260202-122806-006.bmp,G03,2026-02-02T12:28:06,2026-02-02,G03_2026-02-02,6,train,normal,,1025,1281,1,d4fa599da854225948ae7c7bf4c26744c8abcae4e870b06d6b08969782e98438,,
1.0,G03-260202-122828-007,G03-260202-122828-007.bmp,G03,2026-02-02T12:28:28,2026-02-02,G03_2026-02-02,7,train,normal,,1025,1281,1,c6017758e3574155808a6d92eb485ed93151555b0a4acb3f270a22c991ff9515,,
1.0,G03-260202-122834-008,G03-260202-122834-008.bmp,G03,2026-02-02T12:28:34,2026-02-02,G03_2026-02-02,8,train,normal,,1025,1281,1,bc78d490c9508cee75388930f5e1aae426031c3f84e2f4b70267024570bf8861,,
1.0,G03-260202-122858-009,G03-260202-122858-009.bmp,G03,2026-02-02T12:28:58,2026-02-02,G03_2026-02-02,9,train,normal,,1025,1281,1,86520374e35645e071748ae0e24a9cf0da177215b62f176b091d18f20b60ceca,,
1.0,G03-260202-122904-010,G03-260202-122904-010.bmp,G03,2026-02-02T12:29:04,2026-02-02,G03_2026-02-02,10,train,normal,,1025,1281,1,b5dc27bee9fda16390a1dc986eecee9ae1255b385d8bff5720c65d4bce704774,,
1.0,G03-260202-122926-011,G03-260202-122926-011.bmp,G03,2026-02-02T12:29:26,2026-02-02,G03_2026-02-02,11,train,normal,,1025,1281,1,d38355a6a3afdff0b329f04f50a2240806e47a6792e100ab9cc247252c02f582,,
1.0,G03-260202-122933-012,G03-260202-122933-012.bmp,G03,2026-02-02T12:29:33,2026-02-02,G03_2026-02-02,12,train,normal,,1025,1281,1,a7df99505189de1e3e573633626c16d1805401315483bce7cd32c20f7fae1e7c,,
1.0,G03-260202-123000-013,G03-260202-123000-013.bmp,G03,2026-02-02T12:30:00,2026-02-02,G03_2026-02-02,13,train,normal,,1025,1281,1,a25ee377efcc44e86bf005489fee394aafce696b0506dee9420ea4a77c4b8842,,
1.0,G03-260202-123006-014,G03-260202-123006-014.bmp,G03,2026-02-02T12:30:06,2026-02-02,G03_2026-02-02,14,train,normal,,1025,1281,1,2936dab103f12ca5be9fbb9ee6c2589e7e8b98a03771f17aed90c9ef24babd21,,
1.0,G03-260202-123028-015,G03-260202-123028-015.bmp,G03,2026-02-02T12:30:28,2026-02-02,G03_2026-02-02,15,train,normal,,1025,1281,1,b55d68b076e629b9120b609b4c9c807a32feb9c7e17790f929651502ada8f0cd,,
1.0,G03-260202-123035-016,G03-260202-123035-016.bmp,G03,2026-02-02T12:30:35,2026-02-02,G03_2026-02-02,16,train,normal,,1025,1281,1,627db83bde076548ae121a63cc4eed3fc2d92f673f0d2b71b47d358f2da7a48d,,
1.0,G03-260202-123058-017,G03-260202-123058-017.bmp,G03,2026-02-02T12:30:58,2026-02-02,G03_2026-02-02,17,train,normal,,1025,1281,1,bd29e0a0ecfaf2a4d494e097c245ad72c07fc22e902e943b8cb2c8e6fe6e818b,,
1.0,G03-260202-123105-018,G03-260202-123105-018.bmp,G03,2026-02-02T12:31:05,2026-02-02,G03_2026-02-02,18,train,normal,,1025,1281,1,e119f7b299c62b49ea1bf8e2c71771f7376609ccd98f87ed5e172345a6a80022,,
1.0,G03-260202-123128-019,G03-260202-123128-019.bmp,G03,2026-02-02T12:31:28,2026-02-02,G03_2026-02-02,19,train,normal,,1025,1281,1,aed067bb5c5a5a2e0f7b9b4cd1699aa60cade1d0da9584ff7b3a7c4b60b68085,,
1.0,G03-260202-123135-020,G03-260202-123135-020.bmp,G03,2026-02-02T12:31:35,2026-02-02,G03_2026-02-02,20,train,normal,,1025,1281,1,ff29653731894a84cf083c7f828c7b640b60519b3fded2a99af4e124f0aa6c70,,
1.0,G03-260202-123158-021,G03-260202-123158-021.bmp,G03,2026-02-02T12:31:58,2026-02-02,G03_2026-02-02,21,train,normal,,1025,1281,1,c7ea2db8ced37c1739c0e8c3a75ff5937c703ea31658e92d9a6f4dbee5f725f1,,
1.0,G03-260202-123205-022,G03-260202-123205-022.bmp,G03,2026-02-02T12:32:05,2026-02-02,G03_2026-02-02,22,train,normal,,1025,1281,1,387b5e19fa6d22bf59cbbc642876535a27cc49b7da836d7ae87a1b4d79518dcf,,
1.0,G03-260202-123227-023,G03-260202-123227-023.bmp,G03,2026-02-02T12:32:27,2026-02-02,G03_2026-02-02,23,train,normal,,1025,1281,1,835872d86318e1e0f90ee3f6113f8d7144ceb255900c6b4a327e4dd0697cd9c1,,
1.0,G03-260202-123233-024,G03-260202-123233-024.bmp,G03,2026-02-02T12:32:33,2026-02-02,G03_2026-02-02,24,train,normal,,1025,1281,1,342ec5934e76b6cd58da8d9b048d93bc287a0dc366a6a1351bfe432e28e45c7c,,
1.0,G03-260202-123258-025,G03-260202-123258-025.bmp,G03,2026-02-02T12:32:58,2026-02-02,G03_2026-02-02,25,train,normal,,1025,1281,1,6cf1fb4831b76e0fe4df9f76ecf6feaf91eaf9a1cf2163eedba7cd2a0c903b7f,,
1.0,G03-260202-123304-026,G03-260202-123304-026.bmp,G03,2026-02-02T12:33:04,2026-02-02,G03_2026-02-02,26,train,normal,,1025,1281,1,dd7a6d56c880225662fe7e9556e137e7c144236bfea19fbeb637ce59506a95a8,,
1.0,G03-260202-123327-027,G03-260202-123327-027.bmp,G03,2026-02-02T12:33:27,2026-02-02,G03_2026-02-02,27,train,normal,,1025,1281,1,0d20e36c6abb52e55b29328ca49d16e2641981a156d92b63c6823be17278be2c,,
1.0,G03-260202-123334-028,G03-260202-123334-028.bmp,G03,2026-02-02T12:33:34,2026-02-02,G03_2026-02-02,28,train,normal,,1025,1281,1,147d003d3682adb5f2b4c8f214b289f5af3ddb63b6cb08ad39bb065e2865d822,,
1.0,G03-260202-123400-029,G03-260202-123400-029.bmp,G03,2026-02-02T12:34:00,2026-02-02,G03_2026-02-02,29,train,normal,,1025,1281,1,eba0da87f35030a2c51d113b1ff82069eac653bd4a904f14dbae76d4aca23160,,
1.0,G03-260202-123406-030,G03-260202-123406-030.bmp,G03,2026-02-02T12:34:06,2026-02-02,G03_2026-02-02,30,train,normal,,1025,1281,1,0ba3fe36b015dbe889f7274c5cc2e67a89a96a234b2136dce1d0a31d761ef0e4,,
1.0,G03-260202-123429-031,G03-260202-123429-031.bmp,G03,2026-02-02T12:34:29,2026-02-02,G03_2026-02-02,31,train,normal,,1025,1281,1,df40f22290a83b5bb1582b832ea6d86a892f1c49c2938b1f910cb645b0476149,,
1.0,G03-260202-123436-032,G03-260202-123436-032.bmp,G03,2026-02-02T12:34:36,2026-02-02,G03_2026-02-02,32,train,normal,,1025,1281,1,a4ee9eea76572416e3c2a80a3c2b897c2a4645e16853e546bd249750248f0044,,
1.0,G03-260202-123458-033,G03-260202-123458-033.bmp,G03,2026-02-02T12:34:58,2026-02-02,G03_2026-02-02,33,train,normal,,1025,1281,1,9c8757e64f14e23e245da1e9d22a940c5b1c541df88351a1cce5de970d23e9fd,,
1.0,G03-260202-123504-034,G03-260202-123504-034.bmp,G03,2026-02-02T12:35:04,2026-02-02,G03_2026-02-02,34,train,normal,,1025,1281,1,159c864b6d185de599a80a32c2736965c064f5e8eab64f64e75e9d61f6e7af8f,,
1.0,G03-260202-123528-035,G03-260202-123528-035.bmp,G03,2026-02-02T12:35:28,2026-02-02,G03_2026-02-02,35,train,normal,,1025,1281,1,e84efa04e634a29a4d40bc35c7d08af3bebb6c98bd224cb766c8b99d366ed6ed,,
1.0,G03-260202-123535-036,G03-260202-123535-036.bmp,G03,2026-02-02T12:35:35,2026-02-02,G03_2026-02-02,36,train,normal,,1025,1281,1,735cc9a603c25d0e6fce45ac59f0e5ca9bfea7e339255995e4bedb9e885ad3ec,,
1.0,G03-260202-123559-037,G03-260202-123559-037.bmp,G03,2026-02-02T12:35:59,2026-02-02,G03_2026-02-02,37,train,normal,,1025,1281,1,17e9a930915443a13a675e9442b9b12c5c914b7fc9ef11b9eb41672c13f9e41f,,
1.0,G03-260202-123605-038,G03-260202-123605-038.bmp,G03,2026-02-02T12:36:05,2026-02-02,G03_2026-02-02,38,train,normal,,1025,1281,1,ef96ab3ba618ef832499bf4a94bac0389bfdd410a7a9b6cc89c641929eb3c9ce,,
1.0,G03-260202-123627-039,G03-260202-123627-039.bmp,G03,2026-02-02T12:36:27,2026-02-02,G03_2026-02-02,39,train,normal,,1025,1281,1,920b10489f5c68e007cc7ab0eee0c355279be427fe1e10e392e3c71b0f8d5090,,
1.0,G03-260202-123634-040,G03-260202-123634-040.bmp,G03,2026-02-02T12:36:34,2026-02-02,G03_2026-02-02,40,train,normal,,1025,1281,1,7506549047b9fa520bc042e3dac7008d0348b5f8af535a2445b42944ef7b019a,,
1.0,G03-260202-123651-041,G03-260202-123651-041.bmp,G03,2026-02-02T12:36:51,2026-02-02,G03_2026-02-02,41,train,normal,,1025,1281,1,fa9c0ebb16095a69a1da28eb14d597d56d997bdc9d75d2358bd729aac931a0da,,
1.0,G03-260202-123728-042,G03-260202-123728-042.bmp,G03,2026-02-02T12:37:28,2026-02-02,G03_2026-02-02,42,train,normal,,1025,1281,1,da15162b15c18460f8dbc061e102d813ccdb1e9d86c8c0498b7b2350e0d2ce36,,
1.0,G03-260202-123735-043,G03-260202-123735-043.bmp,G03,2026-02-02T12:37:35,2026-02-02,G03_2026-02-02,43,train,normal,,1025,1281,1,518c098a116c90305118816fc41f9d10e9985ef548ccde02c2f9a8e594c7336f,,
1.0,G03-260202-123741-044,G03-260202-123741-044.bmp,G03,2026-02-02T12:37:41,2026-02-02,G03_2026-02-02,44,train,normal,,1025,1281,1,e2a92e1185d8223d79ac47b6fc553c8d28e093aea328ad406fb8cf821700ae68,,
1.0,G03-260202-123759-045,G03-260202-123759-045.bmp,G03,2026-02-02T12:37:59,2026-02-02,G03_2026-02-02,45,train,normal,,1025,1281,1,9f72415e8217f3b6f0c766c93352cd8241e31206a17f199d636b8f7ac2c29875,,
1.0,G03-260202-123806-046,G03-260202-123806-046.bmp,G03,2026-02-02T12:38:06,2026-02-02,G03_2026-02-02,46,train,normal,,1025,1281,1,ca383ba8a8557ceee0bd6a4074768e3d095876f151317161665c2b104abafe4e,,
1.0,G03-260202-123829-047,G03-260202-123829-047.bmp,G03,2026-02-02T12:38:29,2026-02-02,G03_2026-02-02,47,train,normal,,1025,1281,1,e3d498048721a78791b6fb090460cfd34f9cf876115bb0dac78229e3690553dc,,
1.0,G03-260202-123835-048,G03-260202-123835-048.bmp,G03,2026-02-02T12:38:35,2026-02-02,G03_2026-02-02,48,train,normal,,1025,1281,1,a174dd0fdc83ee3937460992f02a0311efb081042b29c029711a933ec4d71d2c,,
1.0,G03-260202-123858-049,G03-260202-123858-049.bmp,G03,2026-02-02T12:38:58,2026-02-02,G03_2026-02-02,49,train,normal,,1025,1281,1,30fd814c80ea9c69fb08829122bf39263a2c3f2763cb39dc73f8ad547bc1065e,,
1.0,G03-260202-123905-050,G03-260202-123905-050.bmp,G03,2026-02-02T12:39:05,2026-02-02,G03_2026-02-02,50,train,normal,,1025,1281,1,d0bb00ae14c29fa4b559087ad90fe70d0acf1b310508d3f59b14290844985687,,
1.0,G03-260202-123928-051,G03-260202-123928-051.bmp,G03,2026-02-02T12:39:28,2026-02-02,G03_2026-02-02,51,train,normal,,1025,1281,1,6504eecbc3924f8de1fcc3efeae2d3ebb7da27629234f5c6d7b7bfdb64395769,,
1.0,G03-260202-123935-052,G03-260202-123935-052.bmp,G03,2026-02-02T12:39:35,2026-02-02,G03_2026-02-02,52,train,normal,,1025,1281,1,071e5eebb5097eb492c374a0934caaef114f59439166882583b3a9e58304aa11,,
1.0,G03-260202-123957-053,G03-260202-123957-053.bmp,G03,2026-02-02T12:39:57,2026-02-02,G03_2026-02-02,53,train,normal,,1025,1281,1,b00ca02ade63d7c2237ffd1ad8a04eaecba579e96c3e5a0d27da5f02e42e8724,,
1.0,G03-260202-124003-054,G03-260202-124003-054.bmp,G03,2026-02-02T12:40:03,2026-02-02,G03_2026-02-02,54,train,normal,,1025,1281,1,10a81f73df3ae84c8625853654bfc26ac39c443e988c59035eff10126831df69,,
1.0,G03-260202-124027-055,G03-260202-124027-055.bmp,G03,2026-02-02T12:40:27,2026-02-02,G03_2026-02-02,55,train,normal,,1025,1281,1,f111bb845065b6c95972a429fd7a36403433de290f56bed3bc577051af031dd5,,
1.0,G03-260202-124033-056,G03-260202-124033-056.bmp,G03,2026-02-02T12:40:33,2026-02-02,G03_2026-02-02,56,train,normal,,1025,1281,1,6d7c3880e7b87676968b131b2141baad1aa3804fb4ad3c8b643266ecc1b8db44,,
1.0,G03-260202-124052-057,G03-260202-124052-057.bmp,G03,2026-02-02T12:40:52,2026-02-02,G03_2026-02-02,57,train,normal,,1025,1281,1,fd281e6eb58788d58d694090a77dbd6d697c8031720cd48d82dff4ad5bb53aad,,
1.0,G03-260202-124117-058,G03-260202-124117-058.bmp,G03,2026-02-02T12:41:17,2026-02-02,G03_2026-02-02,58,train,normal,,1025,1281,1,a098cf0fe9831f57d3feea911f033856cd8aad37f6d15040133b5595b9d70bc8,,
1.0,G03-260202-124133-059,G03-260202-124133-059.bmp,G03,2026-02-02T12:41:33,2026-02-02,G03_2026-02-02,59,train,normal,,1025,1281,1,ed7db6cf1dd65a6178fc7ae60e6f2000db5e71280503d6d20e686621ab14df04,,
1.0,G03-260202-124144-060,G03-260202-124144-060.bmp,G03,2026-02-02T12:41:44,2026-02-02,G03_2026-02-02,60,train,normal,,1025,1281,1,41892e1056c44f00084e00a41a62a70c818e58ec559405930d8109951a521f8c,,
1.0,G03-260202-124201-061,G03-260202-124201-061.bmp,G03,2026-02-02T12:42:01,2026-02-02,G03_2026-02-02,61,train,normal,,1025,1281,1,a0559fd60a7885207deafa01f0daa5e8b96f18c1719139724ec3a4216e7671f9,,
1.0,G03-260202-124207-062,G03-260202-124207-062.bmp,G03,2026-02-02T12:42:07,2026-02-02,G03_2026-02-02,62,train,normal,,1025,1281,1,8b5d4f915c8f8f5cdab289789bc7b669261893bdc10a645e9ab323521cd01fdb,,
1.0,G03-260202-124224-063,G03-260202-124224-063.bmp,G03,2026-02-02T12:42:24,2026-02-02,G03_2026-02-02,63,train,normal,,1025,1281,1,23c39ed6c80aa6774bcd28a3bd75a7523f55076ecf6424b7562adcc0cb8a407f,,
1.0,G03-260202-124238-064,G03-260202-124238-064.bmp,G03,2026-02-02T12:42:38,2026-02-02,G03_2026-02-02,64,train,normal,,1025,1281,1,852f57263ada07d47b47b3fd8d989fca75e4665427a7f98dba32764dd61ca780,,
1.0,G03-260202-124301-065,G03-260202-124301-065.bmp,G03,2026-02-02T12:43:01,2026-02-02,G03_2026-02-02,65,train,normal,,1025,1281,1,ee47cbce5f73d30f21ed865b296ae99266ef805016f26c6d72a2f80a8a79125d,,
1.0,G03-260202-124308-066,G03-260202-124308-066.bmp,G03,2026-02-02T12:43:08,2026-02-02,G03_2026-02-02,66,train,normal,,1025,1281,1,db76bdfbabbb7bf08ef50f00b9456c797afe17c03aa22394c619b1e25b479448,,
1.0,G03-260202-124334-067,G03-260202-124334-067.bmp,G03,2026-02-02T12:43:34,2026-02-02,G03_2026-02-02,67,train,normal,,1025,1281,1,68ca3978f6cbc19a35669c4a75e90df49c6ffd127e7e4f80cd71a7ecd2e96030,,
1.0,G03-260202-124340-068,G03-260202-124340-068.bmp,G03,2026-02-02T12:43:40,2026-02-02,G03_2026-02-02,68,train,normal,,1025,1281,1,b73b21ad5ed0ddc55225d38df116207b45a4875e691b35b26f5ab0ce082d4267,,
1.0,G03-260202-124401-069,G03-260202-124401-069.bmp,G03,2026-02-02T12:44:01,2026-02-02,G03_2026-02-02,69,train,normal,,1025,1281,1,59fd7f2cd66c959334beb65194a0eeb02ad13fdebeadaa3f2b3577f207fdca57,,
1.0,G03-260202-124409-070,G03-260202-124409-070.bmp,G03,2026-02-02T12:44:09,2026-02-02,G03_2026-02-02,70,train,normal,,1025,1281,1,6f2b2ff1e55e15fdbd12fb51fd438f38c24b5277cefc8b59fcedd8580d291af7,,
1.0,G03-260202-124446-071,G03-260202-124446-071.bmp,G03,2026-02-02T12:44:46,2026-02-02,G03_2026-02-02,71,train,normal,,1025,1281,1,f3f1efd8a3ea38df28825cfab3324496f09fe32d5c5404a1a20ba3b608eb1627,,
1.0,G03-260202-124453-072,G03-260202-124453-072.bmp,G03,2026-02-02T12:44:53,2026-02-02,G03_2026-02-02,72,train,normal,,1025,1281,1,e4a2b78199b2a37701fcd427e59fea66ac32c6bc97006799a31109e7ada0ac3b,,
1.0,G03-260202-124512-073,G03-260202-124512-073.bmp,G03,2026-02-02T12:45:12,2026-02-02,G03_2026-02-02,73,train,normal,,1025,1281,1,641b40b6fcf5280d97c3aec64fc130a12459fd549bba6b3e78b2e0ad211e2866,,
1.0,G03-260202-124531-074,G03-260202-124531-074.bmp,G03,2026-02-02T12:45:31,2026-02-02,G03_2026-02-02,74,train,normal,,1025,1281,1,3b7454092718c48c974e7f280c76f4fcfb2bc4fd2ab4c43d7a6825a7e3c3e547,,
1.0,G03-260202-124542-075,G03-260202-124542-075.bmp,G03,2026-02-02T12:45:42,2026-02-02,G03_2026-02-02,75,train,normal,,1025,1281,1,d6ff69837293eded5bcdce907bbddcacfd937c8118e9d84fe4fe20f72a580639,,
1.0,G03-260202-124549-076,G03-260202-124549-076.bmp,G03,2026-02-02T12:45:49,2026-02-02,G03_2026-02-02,76,train,normal,,1025,1281,1,0d7a385540695a1105c6d5e17f7dbcd48b3857ac3cb2fd3e0fd72fbd7a8ec083,,
1.0,G03-260202-124601-077,G03-260202-124601-077.bmp,G03,2026-02-02T12:46:01,2026-02-02,G03_2026-02-02,77,train,normal,,1025,1281,1,f0420fad34935a07a4789eefe630a7284adb0850e594eca1cdfa42f1d282ec74,,
1.0,G03-260202-124607-078,G03-260202-124607-078.bmp,G03,2026-02-02T12:46:07,2026-02-02,G03_2026-02-02,78,train,normal,,1025,1281,1,dac1ed223486237af6e9784e58bee9cb65500252d8a30efa3c45d2bc9fe4a66e,,
1.0,G03-260202-124629-079,G03-260202-124629-079.bmp,G03,2026-02-02T12:46:29,2026-02-02,G03_2026-02-02,79,train,normal,,1025,1281,1,a9ffb40a4ac599502995f6e420a0e5071329ad0dcbcc4bee9b38d296cd8b8d96,,
1.0,G03-260202-124635-080,G03-260202-124635-080.bmp,G03,2026-02-02T12:46:35,2026-02-02,G03_2026-02-02,80,train,normal,,1025,1281,1,e08a44a193395e6d89b2d235e611277278a7a880d7e009a3bb98e584ba5e2700,,
1.0,G03-260202-124700-081,G03-260202-124700-081.bmp,G03,2026-02-02T12:47:00,2026-02-02,G03_2026-02-02,81,train,normal,,1025,1281,1,c20f5acb3b810faa02e6d3affbe12f3082a0671fd24ce3596a361e5204192b1a,,
1.0,G03-260202-124706-082,G03-260202-124706-082.bmp,G03,2026-02-02T12:47:06,2026-02-02,G03_2026-02-02,82,train,normal,,1025,1281,1,ac04f08f49d7ab18846e897880af6ce1c924afa6664d80d3f6beb587cdd06897,,
1.0,G03-260202-124729-083,G03-260202-124729-083.bmp,G03,2026-02-02T12:47:29,2026-02-02,G03_2026-02-02,83,train,normal,,1025,1281,1,c5a57a9536d3d1706a1ab335a36ff24702252b4f1d0d628bd09d1a44e031ee3f,,
1.0,G03-260202-124736-084,G03-260202-124736-084.bmp,G03,2026-02-02T12:47:36,2026-02-02,G03_2026-02-02,84,train,normal,,1025,1281,1,843d97df443c0f84e70c3e1e02a8cb263d1a82e960d61527a05b29a3dba825f6,,
1.0,G03-260202-124801-085,G03-260202-124801-085.bmp,G03,2026-02-02T12:48:01,2026-02-02,G03_2026-02-02,85,train,normal,,1025,1281,1,fb0f9983f6b9cf4a0e8a0403d1f90b0ce7b318ee4652737f287ed6414a527f96,,
1.0,G03-260202-124807-086,G03-260202-124807-086.bmp,G03,2026-02-02T12:48:07,2026-02-02,G03_2026-02-02,86,train,normal,,1025,1281,1,89fbb931c0fea1e61a6d0997df0f6ac5da90add3a15df6be41a12e374515ea45,,
1.0,G03-260202-124830-087,G03-260202-124830-087.bmp,G03,2026-02-02T12:48:30,2026-02-02,G03_2026-02-02,87,train,normal,,1025,1281,1,aa533e4fbc7d8bffc0c0166258c0b80eed1e0cd0d66d683cc4e94c487c96efcc,,
1.0,G03-260202-124836-088,G03-260202-124836-088.bmp,G03,2026-02-02T12:48:36,2026-02-02,G03_2026-02-02,88,train,normal,,1025,1281,1,57545a46bb469e3fd9e0538ede8afbe9bcbf9259ae424f5b7a48afee0f9fbba1,,
1.0,G03-260202-124858-089,G03-260202-124858-089.bmp,G03,2026-02-02T12:48:58,2026-02-02,G03_2026-02-02,89,train,normal,,1025,1281,1,6acdf243bceeb436f9c5cdb5a1963c2678aee2c1c692f93e23260cb042775a9e,,
1.0,G03-260202-124904-090,G03-260202-124904-090.bmp,G03,2026-02-02T12:49:04,2026-02-02,G03_2026-02-02,90,train,normal,,1025,1281,1,efffd1c4ce51d16372724f6e26d08980ce0174c41846966b43d9c31c1dadffb9,,
1.0,G03-260202-124928-091,G03-260202-124928-091.bmp,G03,2026-02-02T12:49:28,2026-02-02,G03_2026-02-02,91,train,normal,,1025,1281,1,91e6da4144bdae4e0a1581fbdc4945678e6a7eb54de45e6b308f75aa51d447dc,,
1.0,G03-260202-124935-092,G03-260202-124935-092.bmp,G03,2026-02-02T12:49:35,2026-02-02,G03_2026-02-02,92,train,normal,,1025,1281,1,51fd3ad4fa726ffaec545fcaa0ef38c05a7987ff2dbc05f94fa8052c154d2a7f,,
1.0,G03-260202-124958-093,G03-260202-124958-093.bmp,G03,2026-02-02T12:49:58,2026-02-02,G03_2026-02-02,93,train,normal,,1025,1281,1,7896a8a3a9ee9b633a04e48be74c7937781ef1c342a4571f1634bd7ca3dc7af1,,
1.0,G03-260202-125004-094,G03-260202-125004-094.bmp,G03,2026-02-02T12:50:04,2026-02-02,G03_2026-02-02,94,train,normal,,1025,1281,1,3532f3ef98592e72c6d2014ad34ee172e8aa03a1bfd7c1c7699890665a87dd93,,
1.0,G03-260202-125022-095,G03-260202-125022-095.bmp,G03,2026-02-02T12:50:22,2026-02-02,G03_2026-02-02,95,train,normal,,1025,1281,1,cfba2d8f18f7fb21295c9a203944c2cf606262831b7cea1316ced7914f8c457a,,
1.0,G03-260202-125040-096,G03-260202-125040-096.bmp,G03,2026-02-02T12:50:40,2026-02-02,G03_2026-02-02,96,train,normal,,1025,1281,1,1cebeeefad6490704aeef87be49bbdcbe0a7abc97132848336d03b0f1b595f84,,
1.0,G03-260202-125055-097,G03-260202-125055-097.bmp,G03,2026-02-02T12:50:55,2026-02-02,G03_2026-02-02,97,train,normal,,1025,1281,1,902c66ad2e4ef2f6398da8e9cee491a28c7fdeda99774532f5eb0a7305842b3c,,
1.0,G03-260202-125132-098,G03-260202-125132-098.bmp,G03,2026-02-02T12:51:32,2026-02-02,G03_2026-02-02,98,train,normal,,1025,1281,1,ee7935c7b612a531a636e99a72f760c93dbabc84c7b597c67fd43a8420157b26,,
1.0,G03-260202-125144-099,G03-260202-125144-099.bmp,G03,2026-02-02T12:51:44,2026-02-02,G03_2026-02-02,99,train,normal,,1025,1281,1,ef9483f1e444ec691d042178b7fa778b31e655be1d2f7a57be434894b9be0747,,
1.0,G03-260202-125150-100,G03-260202-125150-100.bmp,G03,2026-02-02T12:51:50,2026-02-02,G03_2026-02-02,100,train,normal,,1025,1281,1,3143267b20b016332ab3ba94cc3316af329d435d0fa39fa966169559a44497ba,,
1.0,G03-260202-125202-101,G03-260202-125202-101.bmp,G03,2026-02-02T12:52:02,2026-02-02,G03_2026-02-02,101,train,normal,,1025,1281,1,3aff245a58df41fb62ad2d7cde9d4a47c41cacf84106ac23f2e03409e0c55f2b,,
1.0,G03-260202-125208-102,G03-260202-125208-102.bmp,G03,2026-02-02T12:52:08,2026-02-02,G03_2026-02-02,102,train,normal,,1025,1281,1,ee731d1b35e96cd8825f9feeb8bb71957eadeee0a505a8a09b7132f479297930,,
1.0,G03-260202-125229-103,G03-260202-125229-103.bmp,G03,2026-02-02T12:52:29,2026-02-02,G03_2026-02-02,103,train,normal,,1025,1281,1,c3e8d18d88163642acf0f6e0c648398abd8058b55bc783217bce9399eb5afece,,
1.0,G03-260202-125236-104,G03-260202-125236-104.bmp,G03,2026-02-02T12:52:36,2026-02-02,G03_2026-02-02,104,train,normal,,1025,1281,1,ea0763e46a75f5c67bfbaa3519e14a65f2a82ef830b34bdf3c2acd16358df33a,,
1.0,G03-260202-125302-105,G03-260202-125302-105.bmp,G03,2026-02-02T12:53:02,2026-02-02,G03_2026-02-02,105,train,normal,,1025,1281,1,50f632984208ccdd7c6cb095da92d1becedda8611ab74ea52f159b022f7b7e27,,
1.0,G03-260202-125308-106,G03-260202-125308-106.bmp,G03,2026-02-02T12:53:08,2026-02-02,G03_2026-02-02,106,train,normal,,1025,1281,1,bf4cede1142198b6f339f83ee7f9a6050036b8dc2a3f87eada7fd87b07701943,,
1.0,G03-260202-125331-107,G03-260202-125331-107.bmp,G03,2026-02-02T12:53:31,2026-02-02,G03_2026-02-02,107,train,normal,,1025,1281,1,2fe4b296b2cf6e6225963acdee16a6750c0252620f89d59d056b1bd862061925,,
1.0,G03-260202-125337-108,G03-260202-125337-108.bmp,G03,2026-02-02T12:53:37,2026-02-02,G03_2026-02-02,108,train,normal,,1025,1281,1,373b14301d616c453aca76ae53c52ae1a90241c4a88663a5e82d4c9a68e81f91,,
1.0,G03-260202-125359-109,G03-260202-125359-109.bmp,G03,2026-02-02T12:53:59,2026-02-02,G03_2026-02-02,109,train,normal,,1025,1281,1,a8682c9a9a96384b81a01feabedb42a2d711c815c03d9eedeae7cbd8940fd1e6,,
1.0,G03-260202-125407-110,G03-260202-125407-110.bmp,G03,2026-02-02T12:54:07,2026-02-02,G03_2026-02-02,110,train,normal,,1025,1281,1,dae87ab5fcfa0c0c66d92deb382b801167668f4f3809c309a590489c15265a2b,,
1.0,G03-260202-125432-111,G03-260202-125432-111.bmp,G03,2026-02-02T12:54:32,2026-02-02,G03_2026-02-02,111,train,normal,,1025,1281,1,1f5c4342ae4e301fdc9bf55b5e079412a758f7c60aed22e89874afc4c4fae961,,
1.0,G03-260202-125438-112,G03-260202-125438-112.bmp,G03,2026-02-02T12:54:38,2026-02-02,G03_2026-02-02,112,train,normal,,1025,1281,1,b2463e5925e4cfd2fb1281e802f54decbfa64f29d4c7a8b249cc0fe2c4f89670,,
1.0,G03-260202-125459-113,G03-260202-125459-113.bmp,G03,2026-02-02T12:54:59,2026-02-02,G03_2026-02-02,113,train,normal,,1025,1281,1,dc17d8947313f1899ead48a11fc3fe33d4ed30ca0cab941f75eab6dd794964f0,,
1.0,G03-260202-125505-114,G03-260202-125505-114.bmp,G03,2026-02-02T12:55:05,2026-02-02,G03_2026-02-02,114,train,normal,,1025,1281,1,9b02e1278749b697f8644d16d6743e44f093492bc309e0a3cd4e7df3dd88d445,,
1.0,G03-260202-125531-115,G03-260202-125531-115.bmp,G03,2026-02-02T12:55:31,2026-02-02,G03_2026-02-02,115,train,normal,,1025,1281,1,25d5efb72984d7ebb0d1795681dbb4270542877d129372dfb16d06a7a162c7a8,,
1.0,G03-260202-125537-116,G03-260202-125537-116.bmp,G03,2026-02-02T12:55:37,2026-02-02,G03_2026-02-02,116,train,normal,,1025,1281,1,6adb76966372517d9656c0598937ecc34acc98e77a65cf1d45701855767295cf,,
1.0,G03-260202-125558-117,G03-260202-125558-117.bmp,G03,2026-02-02T12:55:58,2026-02-02,G03_2026-02-02,117,train,normal,,1025,1281,1,57934d2533fe3114dec97e77c86681b85d670bfd508f7fd915cd39b2202413d9,,
1.0,G03-260202-125605-118,G03-260202-125605-118.bmp,G03,2026-02-02T12:56:05,2026-02-02,G03_2026-02-02,118,train,normal,,1025,1281,1,56ad35fd54772c131b2aab5ab5ddee05d9ae932013686edacff4f7b4c243e394,,
1.0,G03-260202-125629-119,G03-260202-125629-119.bmp,G03,2026-02-02T12:56:29,2026-02-02,G03_2026-02-02,119,train,normal,,1025,1281,1,2ba84d7ffc2738d3ea0d05f2347e73cb709ebf5289624830d66800df85a38950,,
1.0,G03-260202-125635-120,G03-260202-125635-120.bmp,G03,2026-02-02T12:56:35,2026-02-02,G03_2026-02-02,120,train,normal,,1025,1281,1,0a046b5b79c493d0a75ed6becf19f275a20c47949fbf0e7a47d5ca6662c2b4aa,,
1.0,G03-260202-125701-121,G03-260202-125701-121.bmp,G03,2026-02-02T12:57:01,2026-02-02,G03_2026-02-02,121,train,normal,,1025,1281,1,c6982fcfb776129e4e64f015fa3885843bb5bf36c90b9984e9228c712667edfd,,
1.0,G03-260202-125707-122,G03-260202-125707-122.bmp,G03,2026-02-02T12:57:07,2026-02-02,G03_2026-02-02,122,train,normal,,1025,1281,1,eff13d2dc89debc7dd26282767415a9bd19b564d2045df11a1fe68e74a249b91,,
1.0,G03-260202-125729-123,G03-260202-125729-123.bmp,G03,2026-02-02T12:57:29,2026-02-02,G03_2026-02-02,123,train,normal,,1025,1281,1,3cefb0a1a28b41edb0199cb783a047453e648fd2316c3a11ccef48c0077d433b,,
1.0,G03-260202-125736-124,G03-260202-125736-124.bmp,G03,2026-02-02T12:57:36,2026-02-02,G03_2026-02-02,124,train,normal,,1025,1281,1,2f630c38555688cf0adf33b7a52f76209e3b6ddd6337fd9a0742dfac97d0edde,,
1.0,G03-260202-125800-125,G03-260202-125800-125.bmp,G03,2026-02-02T12:58:00,2026-02-02,G03_2026-02-02,125,train,normal,,1025,1281,1,8bc4fbcbf45737aee603f2418217917b5aa7bd47095962ac716ba1524e9b7cc3,,
1.0,G03-260202-125806-126,G03-260202-125806-126.bmp,G03,2026-02-02T12:58:06,2026-02-02,G03_2026-02-02,126,train,normal,,1025,1281,1,1de52b20470b96d3443add4327ac5a631453a05e2bf7bb10bfa23c0af72caf40,,
1.0,G03-260202-125830-127,G03-260202-125830-127.bmp,G03,2026-02-02T12:58:30,2026-02-02,G03_2026-02-02,127,train,normal,,1025,1281,1,756569065c33c0d0a45030fc48ee172e35942716afbff35c7ab665dd0680f848,,
1.0,G03-260202-125836-128,G03-260202-125836-128.bmp,G03,2026-02-02T12:58:36,2026-02-02,G03_2026-02-02,128,train,normal,,1025,1281,1,fdf51901bd4722c5137d868affdfbd944d56d57846f7dc53327f0ef90f2053fb,,
1.0,G03-260202-125901-129,G03-260202-125901-129.bmp,G03,2026-02-02T12:59:01,2026-02-02,G03_2026-02-02,129,train,normal,,1025,1281,1,281e236b2dc5648612e83d6c3d78fca5a4641213e1072db3ef34962d55d00494,,
1.0,G03-260202-125907-130,G03-260202-125907-130.bmp,G03,2026-02-02T12:59:07,2026-02-02,G03_2026-02-02,130,train,normal,,1025,1281,1,dea949f20b524bf0557541a4e7104068849d70b90b78d0292153d9843f50da21,,
1.0,G03-260202-125930-131,G03-260202-125930-131.bmp,G03,2026-02-02T12:59:30,2026-02-02,G03_2026-02-02,131,train,normal,,1025,1281,1,58bd8be3d5f850ccda10cc957b8c574e0e27576b8c016a2fdfc405af3dd7ed91,,
1.0,G03-260202-125936-132,G03-260202-125936-132.bmp,G03,2026-02-02T12:59:36,2026-02-02,G03_2026-02-02,132,train,normal,,1025,1281,1,254abd4d72f7c4739ceb1b33d89bc1c0d03fdba88f9ed5d3c9abd49e6ae009f6,,
1.0,G03-260202-130001-133,G03-260202-130001-133.bmp,G03,2026-02-02T13:00:01,2026-02-02,G03_2026-02-02,133,train,normal,,1025,1281,1,974b393e4ef0d51b5a63cc88e953a6199570d401464ea9c35d668e8a3a01d133,,
1.0,G03-260202-130007-134,G03-260202-130007-134.bmp,G03,2026-02-02T13:00:07,2026-02-02,G03_2026-02-02,134,train,normal,,1025,1281,1,7ab698624ae8517205b24512d660a35d61d5b25aeda67b9d45822b8651e079a7,,
1.0,G03-260202-130024-135,G03-260202-130024-135.bmp,G03,2026-02-02T13:00:24,2026-02-02,G03_2026-02-02,135,train,normal,,1025,1281,1,eb2eaef21853007f552ea8a1a19951fbbeb3fe89b8a6d0656455d48c2ca97802,,
1.0,G03-260202-130102-136,G03-260202-130102-136.bmp,G03,2026-02-02T13:01:02,2026-02-02,G03_2026-02-02,136,train,normal,,1025,1281,1,f6d990fff6b529a253ae946336f13988c4ff51d6fc1bb200d5c3a20d1a8b91a5,,
1.0,G03-260202-130108-137,G03-260202-130108-137.bmp,G03,2026-02-02T13:01:08,2026-02-02,G03_2026-02-02,137,train,normal,,1025,1281,1,3c83a515296e74b5d8f7f1dff251f0cd4ccbb0b3d013cf846fcc658ad3136b88,,
1.0,G03-260202-130116-138,G03-260202-130116-138.bmp,G03,2026-02-02T13:01:16,2026-02-02,G03_2026-02-02,138,train,normal,,1025,1281,1,cf5f278deb8f403d171c6d1f209e23d7a202e0dc2c1eafb8737df647002ca529,,
1.0,G03-260202-130425-139,G03-260202-130425-139.bmp,G03,2026-02-02T13:04:25,2026-02-02,G03_2026-02-02,139,train,normal,,1025,1281,1,849e180774a4cfa20d9f89770d7df87fda4fc1fbe32d86f5f3c614c76cee649b,,
1.0,G03-260202-130433-140,G03-260202-130433-140.bmp,G03,2026-02-02T13:04:33,2026-02-02,G03_2026-02-02,140,train,normal,,1025,1281,1,ca20d7f6b4c676ba938e1c20c71b3167a9f612c0f65e20ed639fcfe5d85462b4,,
1.0,G03-260202-130442-141,G03-260202-130442-141.bmp,G03,2026-02-02T13:04:42,2026-02-02,G03_2026-02-02,141,train,normal,,1025,1281,1,b99abc8c5bf6b06fd377d675c6854bfecc6efe7e27f15aa6f942f1eb3a2d167a,,
1.0,G03-260202-130503-142,G03-260202-130503-142.bmp,G03,2026-02-02T13:05:03,2026-02-02,G03_2026-02-02,142,train,normal,,1025,1281,1,06d9402ff843d7cc86ceb2eec6480abebff5c0361b84a9d527e1652a4be1e706,,
1.0,G03-260202-130509-143,G03-260202-130509-143.bmp,G03,2026-02-02T13:05:09,2026-02-02,G03_2026-02-02,143,train,normal,,1025,1281,1,f50bf4dd475f9009bf46defe2a78c06a59bb951d204be94ce90c554cf9c1b466,,
1.0,G03-260202-130531-144,G03-260202-130531-144.bmp,G03,2026-02-02T13:05:31,2026-02-02,G03_2026-02-02,144,train,normal,,1025,1281,1,4d3baa015598bb496fd9322dd9a8cbbe75d9a1fed895a44735d46bca9cf3dd9a,,
1.0,G03-260202-130538-145,G03-260202-130538-145.bmp,G03,2026-02-02T13:05:38,2026-02-02,G03_2026-02-02,145,train,normal,,1025,1281,1,1d7fe7a05da21844e0895ee4b0a8086693ab64c53d14f61041fb62292bcc3131,,
1.0,G03-260202-130556-146,G03-260202-130556-146.bmp,G03,2026-02-02T13:05:56,2026-02-02,G03_2026-02-02,146,train,normal,,1025,1281,1,099e5a08b9be3856a4ec52c871f8f7c7bc7c162f62a275ee81e6baf6f30cb5fd,,
1.0,G03-260202-130636-147,G03-260202-130636-147.bmp,G03,2026-02-02T13:06:36,2026-02-02,G03_2026-02-02,147,train,normal,,1025,1281,1,292c903ece018133c996b4cbc7f9a8e3f01ddaee4f22789f6b0ef4f45578969b,,
1.0,G03-260202-130642-148,G03-260202-130642-148.bmp,G03,2026-02-02T13:06:42,2026-02-02,G03_2026-02-02,148,train,normal,,1025,1281,1,8e5f45aecfecd89df04081eaaed643121ec60990c9bca9d2c1f413b0115aa35c,,
1.0,G03-260202-130650-149,G03-260202-130650-149.bmp,G03,2026-02-02T13:06:50,2026-02-02,G03_2026-02-02,149,train,normal,,1025,1281,1,d4d808afbf6b054f4d7ace530097543078ab08ed4e292455bf859f6a82d1946a,,
1.0,G03-260202-130712-150,G03-260202-130712-150.bmp,G03,2026-02-02T13:07:12,2026-02-02,G03_2026-02-02,150,train,normal,,1025,1281,1,f55e8cd201f09a8180649ffafc81fe327ff236119e2d96c784309409f7bcad21,,
1.0,G03-260202-130721-151,G03-260202-130721-151.bmp,G03,2026-02-02T13:07:21,2026-02-02,G03_2026-02-02,151,train,normal,,1025,1281,1,074066c2f8270b2bf3203b6129db9c86e2156796047c87dab9ad382be722e7aa,,
1.0,G03-260202-130731-152,G03-260202-130731-152.bmp,G03,2026-02-02T13:07:31,2026-02-02,G03_2026-02-02,152,train,normal,,1025,1281,1,6310ff1c04878f2f120803819946f068ee6a583deb8293a7db23758e16f9d5d5,,
1.0,G03-260202-130737-153,G03-260202-130737-153.bmp,G03,2026-02-02T13:07:37,2026-02-02,G03_2026-02-02,153,train,normal,,1025,1281,1,efc28e56acd24c156946ededb3a3c5ada5a467e91cca338a952dd07bf345e73a,,
1.0,G03-260202-130803-154,G03-260202-130803-154.bmp,G03,2026-02-02T13:08:03,2026-02-02,G03_2026-02-02,154,train,normal,,1025,1281,1,a55d83c0f7273e9e3873872a050060378214518da94d35502247e6506240f353,,
1.0,G03-260202-130809-155,G03-260202-130809-155.bmp,G03,2026-02-02T13:08:09,2026-02-02,G03_2026-02-02,155,train,normal,,1025,1281,1,fef49a87784bbc721d8dc848474968985557a2cacba914072d2e5ed839ca972a,,
1.0,G03-260202-130821-156,G03-260202-130821-156.bmp,G03,2026-02-02T13:08:21,2026-02-02,G03_2026-02-02,156,train,normal,,1025,1281,1,8865178073a5a77db9e1221ddd521d97d38fd0aae6cedf9ce5b70ffa4db688e4,,
1.0,G03-260202-130827-157,G03-260202-130827-157.bmp,G03,2026-02-02T13:08:27,2026-02-02,G03_2026-02-02,157,train,normal,,1025,1281,1,ee5f64119136e134f9c9ec33394bf2c6f254e519626429d02e7cf14e4939060d,,
1.0,G03-260202-130833-158,G03-260202-130833-158.bmp,G03,2026-02-02T13:08:33,2026-02-02,G03_2026-02-02,158,train,normal,,1025,1281,1,4dab6a794f53f3f92b0b4f1de1f80fc1da26ab526ddba8aa7a23ca46b13ac53a,,
1.0,G03-260202-130929-159,G03-260202-130929-159.bmp,G03,2026-02-02T13:09:29,2026-02-02,G03_2026-02-02,159,train,normal,,1025,1281,1,10ee8911a96b95e067fb2b60d4a06ad9aa24327f9fe73b2c8b16fcfc13b640c6,,
1.0,G03-260202-130936-160,G03-260202-130936-160.bmp,G03,2026-02-02T13:09:36,2026-02-02,G03_2026-02-02,160,train,normal,,1025,1281,1,2df8a1d4e65828052049c66a52473074ed4d07a5455828b9fdf050fdc1ad5c0e,,
1.0,G03-260202-130942-161,G03-260202-130942-161.bmp,G03,2026-02-02T13:09:42,2026-02-02,G03_2026-02-02,161,train,normal,,1025,1281,1,031505e060848340b7c14382551b23de4313358509572e5952db1bca9e3cd2b9,,
1.0,G03-260202-131008-162,G03-260202-131008-162.bmp,G03,2026-02-02T13:10:08,2026-02-02,G03_2026-02-02,162,train,normal,,1025,1281,1,c3d1f006ecf628b0b135187be027fe93c9379f27a83d69889bad52e36853cb83,,
1.0,G03-260202-131018-163,G03-260202-131018-163.bmp,G03,2026-02-02T13:10:18,2026-02-02,G03_2026-02-02,163,train,normal,,1025,1281,1,0ab4040adb8942289a9a093cbe3fd1bab1ffc6fe11060ec950c414559b9d48a2,,
1.0,G03-260202-131030-164,G03-260202-131030-164.bmp,G03,2026-02-02T13:10:30,2026-02-02,G03_2026-02-02,164,train,normal,,1025,1281,1,f831751c9d3e9a826d84cf6abe1bf34058506df47a70b1497700b064e0a11e51,,
1.0,G03-260202-131036-165,G03-260202-131036-165.bmp,G03,2026-02-02T13:10:36,2026-02-02,G03_2026-02-02,165,train,normal,,1025,1281,1,4ab12ac942808fe199677f6e55552cf38399a53cf9f2ba0b16fb016c3673018a,,
1.0,G03-260202-131043-166,G03-260202-131043-166.bmp,G03,2026-02-02T13:10:43,2026-02-02,G03_2026-02-02,166,train,normal,,1025,1281,1,880976cab8dec06afd2fd249d0b47da5e0286b5215352385a3844f34236b1205,,
1.0,G03-260202-131115-167,G03-260202-131115-167.bmp,G03,2026-02-02T13:11:15,2026-02-02,G03_2026-02-02,167,train,normal,,1025,1281,1,5c77741333a327ba90b78caf6a0a6bc01b593ec4ac8b394fc31e4ade65f781f5,,
1.0,G03-260202-131122-168,G03-260202-131122-168.bmp,G03,2026-02-02T13:11:22,2026-02-02,G03_2026-02-02,168,train,normal,,1025,1281,1,a8925ffb92ce99efb1368c70e72913a9c937994ccdff11bbca1fe4f2669dbd2f,,
1.0,G03-260202-131128-169,G03-260202-131128-169.bmp,G03,2026-02-02T13:11:28,2026-02-02,G03_2026-02-02,169,train,normal,,1025,1281,1,7a30c2f079532d4d36130e94491a0538468260a6476634ec9623a4940cfb2bc6,,
1.0,G03-260202-131157-170,G03-260202-131157-170.bmp,G03,2026-02-02T13:11:57,2026-02-02,G03_2026-02-02,170,train,normal,,1025,1281,1,2c5b878b7c277370858913dbecfd48f92eb8ac25f846050a1ecfdd532fdc415a,,
1.0,G03-260202-131208-171,G03-260202-131208-171.bmp,G03,2026-02-02T13:12:08,2026-02-02,G03_2026-02-02,171,train,normal,,1025,1281,1,70944c10ba69a2e67c196edb5dae6da2c24c1e08c964757edaa47984f39659da,,
1.0,G03-260202-131219-172,G03-260202-131219-172.bmp,G03,2026-02-02T13:12:19,2026-02-02,G03_2026-02-02,172,train,normal,,1025,1281,1,7bf772fc5282277e0897ebd3ee989bed7f0f3596a53f327fcd455b48b1b19410,,
1.0,G03-260202-131225-173,G03-260202-131225-173.bmp,G03,2026-02-02T13:12:25,2026-02-02,G03_2026-02-02,173,train,normal,,1025,1281,1,f2ebb832fb3fb74aeea0153317796c77baf8939dc8a074116f07ce0d3cf7c9f1,,
1.0,G03-260202-131231-174,G03-260202-131231-174.bmp,G03,2026-02-02T13:12:31,2026-02-02,G03_2026-02-02,174,train,normal,,1025,1281,1,bf0755eded932b0e2c706b32994c42c413f0ada8b5961aa4efecae6a013765a7,,
1.0,G03-260202-131304-175,G03-260202-131304-175.bmp,G03,2026-02-02T13:13:04,2026-02-02,G03_2026-02-02,175,train,normal,,1025,1281,1,2f6b49dc7f8feabecfebb221ccbcdfcb711bf309b34845fc9d2d30490bc4a99e,,
1.0,G03-260202-131333-176,G03-260202-131333-176.bmp,G03,2026-02-02T13:13:33,2026-02-02,G03_2026-02-02,176,train,normal,,1025,1281,1,d213512819a31afae4a15539be29a33c02654a92a89f63b826f8b368f4112ea5,,
1.0,G03-260202-131339-177,G03-260202-131339-177.bmp,G03,2026-02-02T13:13:39,2026-02-02,G03_2026-02-02,177,train,normal,,1025,1281,1,46c7ef0ff44cd196b4bec43efbb1c351ba7493a6b713ae06e1896176f1c45184,,
1.0,G03-260202-131402-178,G03-260202-131402-178.bmp,G03,2026-02-02T13:14:02,2026-02-02,G03_2026-02-02,178,train,normal,,1025,1281,1,df41231dc46bc582327f82cb3d9bbbebba579402cea5e7dc1e21963e1e5531ad,,
1.0,G03-260202-131408-179,G03-260202-131408-179.bmp,G03,2026-02-02T13:14:08,2026-02-02,G03_2026-02-02,179,train,normal,,1025,1281,1,7b5f50429ddcf2ccd33590b633fa2279e5469e62ec5ef56b29493f98819d1c3c,,
1.0,G03-260202-131429-180,G03-260202-131429-180.bmp,G03,2026-02-02T13:14:29,2026-02-02,G03_2026-02-02,180,train,normal,,1025,1281,1,dce66f61f5118061b9a0cbdd7c7b258f801a2dc4a5285e2b1fd6c646a81f1d38,,
1.0,G03-260202-131506-181,G03-260202-131506-181.bmp,G03,2026-02-02T13:15:06,2026-02-02,G03_2026-02-02,181,train,normal,,1025,1281,1,e3ace46b2b167564f66a42e5b99e3de7f75700ce25468ff8621e6e019eec947b,,
1.0,G03-260202-131512-182,G03-260202-131512-182.bmp,G03,2026-02-02T13:15:12,2026-02-02,G03_2026-02-02,182,train,normal,,1025,1281,1,a33bdcf3fffc797cbb80b5ee05e5710ff23c54a8cf290398d480b725b4f69240,,
1.0,G03-260202-131520-183,G03-260202-131520-183.bmp,G03,2026-02-02T13:15:20,2026-02-02,G03_2026-02-02,183,train,normal,,1025,1281,1,f980896d35597efeedf4357f020fd14fd5f574d90756f7c2a10dd89dc5d68dea,,
1.0,G03-260202-131533-184,G03-260202-131533-184.bmp,G03,2026-02-02T13:15:33,2026-02-02,G03_2026-02-02,184,train,normal,,1025,1281,1,36f1114c50fab25d5390911ef0553700d3cd98438fb64e72638b781fed4a1d38,,
1.0,G03-260202-131539-185,G03-260202-131539-185.bmp,G03,2026-02-02T13:15:39,2026-02-02,G03_2026-02-02,185,train,normal,,1025,1281,1,8840ab3a6d4383e28d90ea7c269d2786c4c484bb9c5006c6e32c2684feddf940,,
1.0,G03-260202-131608-186,G03-260202-131608-186.bmp,G03,2026-02-02T13:16:08,2026-02-02,G03_2026-02-02,186,train,normal,,1025,1281,1,6755145ca1393187ee367262d1e5ca940a31f19db37da6f9b66b2107fd951092,,
1.0,G03-260202-131620-187,G03-260202-131620-187.bmp,G03,2026-02-02T13:16:20,2026-02-02,G03_2026-02-02,187,train,normal,,1025,1281,1,eca9d9fc2fb1225325f65ed630f7b73291e0611392463cca05bc2a9a44095595,,
1.0,G03-260202-131629-188,G03-260202-131629-188.bmp,G03,2026-02-02T13:16:29,2026-02-02,G03_2026-02-02,188,train,normal,,1025,1281,1,366b1d33e0a88f67460bf6d87bac81db6654f0322e3a01a741bc8b21f9d7b4c3,,
1.0,G03-260202-131635-189,G03-260202-131635-189.bmp,G03,2026-02-02T13:16:35,2026-02-02,G03_2026-02-02,189,train,normal,,1025,1281,1,52f8466806409ffeba82d6f508c2246cddba639e29d1bf7c824285efbcdab635,,
1.0,G03-260202-131643-190,G03-260202-131643-190.bmp,G03,2026-02-02T13:16:43,2026-02-02,G03_2026-02-02,190,train,normal,,1025,1281,1,e1c0c7062b97d361319fbfc595c5d96c16ccb29062e80a07ad59f9c096f93c99,,
1.0,G03-260202-131700-191,G03-260202-131700-191.bmp,G03,2026-02-02T13:17:00,2026-02-02,G03_2026-02-02,191,train,normal,,1025,1281,1,1f39326c6b108492481e033a210a985306fd3b63c433a3d5ac11cab61f92c7cb,,
1.0,G03-260202-131713-192,G03-260202-131713-192.bmp,G03,2026-02-02T13:17:13,2026-02-02,G03_2026-02-02,192,train,normal,,1025,1281,1,0a0b3b6aad85ceece3782d809982b4ae1450ad697dce0dadbb1ffab3d218728c,,
1.0,G03-260202-131720-193,G03-260202-131720-193.bmp,G03,2026-02-02T13:17:20,2026-02-02,G03_2026-02-02,193,train,normal,,1025,1281,1,350d306b79a54267c6222be9f94e14893262975eac82578b001b6acdd9f35b69,,
1.0,G03-260202-131726-194,G03-260202-131726-194.bmp,G03,2026-02-02T13:17:26,2026-02-02,G03_2026-02-02,194,train,normal,,1025,1281,1,8d71a9cb20c0bbe378976b56c9031185bb8214443cfc36a5d0258e7e3e2268ad,,
1.0,G03-260202-131756-195,G03-260202-131756-195.bmp,G03,2026-02-02T13:17:56,2026-02-02,G03_2026-02-02,195,train,normal,,1025,1281,1,fd92ccdaf3be1d24369473ffc9b504899cf410c865910fa451df4f79e585f789,,
1.0,G03-260202-131828-196,G03-260202-131828-196.bmp,G03,2026-02-02T13:18:28,2026-02-02,G03_2026-02-02,196,train,normal,,1025,1281,1,23d1d8de5cc4b5f442d7b2d1d937ff3b212ee79519af56ec99a3530ab1279aa5,,
1.0,G03-260202-131835-197,G03-260202-131835-197.bmp,G03,2026-02-02T13:18:35,2026-02-02,G03_2026-02-02,197,train,normal,,1025,1281,1,25b5c44cfd63dd17a2acd7b8fcb5e0b031fdde7d2e70a1213c66beb0811cf8e4,,
1.0,G03-260202-131903-198,G03-260202-131903-198.bmp,G03,2026-02-02T13:19:03,2026-02-02,G03_2026-02-02,198,train,normal,,1025,1281,1,e3ff8701f1001700901a35ca6e21d6748eda308fc779e30732bee3baff06604c,,
1.0,G03-260202-131909-199,G03-260202-131909-199.bmp,G03,2026-02-02T13:19:09,2026-02-02,G03_2026-02-02,199,train,normal,,1025,1281,1,102b3e2095bff99a1d6b55b44e2264a1443708b8e94bdc4c318a2d8e148cab4a,,
1.0,G03-260202-131938-200,G03-260202-131938-200.bmp,G03,2026-02-02T13:19:38,2026-02-02,G03_2026-02-02,200,train,normal,,1025,1281,1,e4bf7121778fdb863812cd4f4e7bba05857ac93c73078d10285b2bd61a4ad1b5,,
1.0,G03-260202-131948-201,G03-260202-131948-201.bmp,G03,2026-02-02T13:19:48,2026-02-02,G03_2026-02-02,201,train,normal,,1025,1281,1,7bef7135d0502eeded4c96e5da9adba9a250f7f55b1c412107f3ea961775c239,,
1.0,G03-260202-131955-202,G03-260202-131955-202.bmp,G03,2026-02-02T13:19:55,2026-02-02,G03_2026-02-02,202,train,normal,,1025,1281,1,266d30743cb07303f882b51152366f2c28c5a6818523fefbad26efb7ebe2f820,,
1.0,G03-260202-132001-203,G03-260202-132001-203.bmp,G03,2026-02-02T13:20:01,2026-02-02,G03_2026-02-02,203,train,normal,,1025,1281,1,1a8b7e494646c9281f8cf8e9ee6805884b32c33a75db48dbf0cdc7ee769e5985,,
1.0,G03-260202-132034-204,G03-260202-132034-204.bmp,G03,2026-02-02T13:20:34,2026-02-02,G03_2026-02-02,204,train,normal,,1025,1281,1,15cd1d6b87f91b5b0567ca75807278d410a423a202fda39e2c0015b702261689,,
1.0,G03-260202-132041-205,G03-260202-132041-205.bmp,G03,2026-02-02T13:20:41,2026-02-02,G03_2026-02-02,205,train,normal,,1025,1281,1,437c7cd87b4ae6fb2a7cbb175cc8ea7d31e98ba545f1601c3ba75499ce19bf14,,
1.0,G03-260202-132103-206,G03-260202-132103-206.bmp,G03,2026-02-02T13:21:03,2026-02-02,G03_2026-02-02,206,train,normal,,1025,1281,1,ae0c136d6607931f5d7dc8f7750fd0c1387e3be5d32d8e5b7a840db816884cfe,,
1.0,G03-260202-132109-207,G03-260202-132109-207.bmp,G03,2026-02-02T13:21:09,2026-02-02,G03_2026-02-02,207,train,normal,,1025,1281,1,872949a4c5fe88de77241eb2236fa33e8d169293142ed9e3cb88ce0fe22cb71a,,
1.0,G03-260202-132132-208,G03-260202-132132-208.bmp,G03,2026-02-02T13:21:32,2026-02-02,G03_2026-02-02,208,train,normal,,1025,1281,1,3e9d9723dc96f568db1bc79b7f440dc09b994d62f6897f98ef50621e3376c615,,
1.0,G03-260202-132138-209,G03-260202-132138-209.bmp,G03,2026-02-02T13:21:38,2026-02-02,G03_2026-02-02,209,train,normal,,1025,1281,1,6d0649817ff08103dcfda7e2dd933670aece3dbde9ab3605e37f0b8d3519a62c,,
1.0,G03-260202-132204-210,G03-260202-132204-210.bmp,G03,2026-02-02T13:22:04,2026-02-02,G03_2026-02-02,210,train,normal,,1025,1281,1,73d8ae1cda359f7f555a1f061ba73dd69ee2a8bcb3b8f93525148c43811fe8cb,,
1.0,G03-260202-132210-211,G03-260202-132210-211.bmp,G03,2026-02-02T13:22:10,2026-02-02,G03_2026-02-02,211,train,normal,,1025,1281,1,b4de614552e9bf26d1bbc291b864d25ed82b7c83835c28a7a1e9f2787b4ab845,,
1.0,G03-260202-132232-212,G03-260202-132232-212.bmp,G03,2026-02-02T13:22:32,2026-02-02,G03_2026-02-02,212,train,normal,,1025,1281,1,1150b0890d0cde4adb4ce90e6ca44c6d6a6afd1d0b2805633290a5b479409d0b,,
1.0,G03-260202-132238-213,G03-260202-132238-213.bmp,G03,2026-02-02T13:22:38,2026-02-02,G03_2026-02-02,213,train,normal,,1025,1281,1,d9bb912a33990054187a01e46a35281cdb7744a693b3504129e9f707efb5956d,,
1.0,G03-260202-132302-214,G03-260202-132302-214.bmp,G03,2026-02-02T13:23:02,2026-02-02,G03_2026-02-02,214,train,normal,,1025,1281,1,bc7bf230f8f6068fea798c65af7f8b9a38b0dfce304ee2abbcd9ac51734cd672,,
1.0,G03-260202-132308-215,G03-260202-132308-215.bmp,G03,2026-02-02T13:23:08,2026-02-02,G03_2026-02-02,215,train,normal,,1025,1281,1,099728aa602491b9d1ea65f5c28a3d1bbb636f90c3ace0d5667164da4672c043,,
1.0,G03-260202-132333-216,G03-260202-132333-216.bmp,G03,2026-02-02T13:23:33,2026-02-02,G03_2026-02-02,216,train,normal,,1025,1281,1,ef971cfaea3ba8d29b4c2fac4441fe6f7670e8b9faa1d9f275994202d7bd2fce,,
1.0,G03-260202-132340-217,G03-260202-132340-217.bmp,G03,2026-02-02T13:23:40,2026-02-02,G03_2026-02-02,217,train,normal,,1025,1281,1,567894806784fb966792da420ce92d2bf35c848011c7203020161b96cc005464,,
1.0,G03-260202-132405-218,G03-260202-132405-218.bmp,G03,2026-02-02T13:24:05,2026-02-02,G03_2026-02-02,218,train,normal,,1025,1281,1,19328607c3512e069429c559824daf3e6357fbfd30d200bb69588589bffcc67b,,
1.0,G03-260202-132411-219,G03-260202-132411-219.bmp,G03,2026-02-02T13:24:11,2026-02-02,G03_2026-02-02,219,train,normal,,1025,1281,1,83e9c2c246cfbde722997ca6dde3aa5fee5498c2327d4076bf81f999b7811a70,,
1.0,G03-260202-132434-220,G03-260202-132434-220.bmp,G03,2026-02-02T13:24:34,2026-02-02,G03_2026-02-02,220,train,normal,,1025,1281,1,e3b1d8e87d2f0220be49871efb8eda11d9377901ae3a736550f85fa2ae41718c,,
1.0,G03-260202-132440-221,G03-260202-132440-221.bmp,G03,2026-02-02T13:24:40,2026-02-02,G03_2026-02-02,221,train,normal,,1025,1281,1,61e83aa69b60943718e1a777c3f5e8781ebb82fdd281f71a3dcbc157e5eb8530,,
1.0,G03-260202-132456-222,G03-260202-132456-222.bmp,G03,2026-02-02T13:24:56,2026-02-02,G03_2026-02-02,222,train,normal,,1025,1281,1,730aa850ff6213bebfeb8a65015b30de6f6c7cfce9941e64e0afdbbc77f64e1a,,
1.0,G03-260202-132520-223,G03-260202-132520-223.bmp,G03,2026-02-02T13:25:20,2026-02-02,G03_2026-02-02,223,train,normal,,1025,1281,1,3af86d32e1315373a601c2be78d7131064e1d2c944a3c5e0d9b6f851928007df,,
1.0,G03-260202-132535-224,G03-260202-132535-224.bmp,G03,2026-02-02T13:25:35,2026-02-02,G03_2026-02-02,224,train,normal,,1025,1281,1,a4a9cd9f915c57e6ed1454998ed6710c2af7e3574370f4815c2eade59ba746be,,
1.0,G03-260202-132542-225,G03-260202-132542-225.bmp,G03,2026-02-02T13:25:42,2026-02-02,G03_2026-02-02,225,train,normal,,1025,1281,1,2ee41fdc697d9b31a349f161f88c1b8c91e9768c6f706a851f6ee0dfff07e618,,
1.0,G03-260202-132605-226,G03-260202-132605-226.bmp,G03,2026-02-02T13:26:05,2026-02-02,G03_2026-02-02,226,train,normal,,1025,1281,1,2c669b7aa5aed54a5969acbb73a30844f7183f6036bef0f67691517ea2e9158a,,
1.0,G03-260202-132611-227,G03-260202-132611-227.bmp,G03,2026-02-02T13:26:11,2026-02-02,G03_2026-02-02,227,train,normal,,1025,1281,1,babe44ce0143ac137b83ad492e2515552ca1abfdc3602abf08e87570abe57532,,
1.0,G03-260202-132636-228,G03-260202-132636-228.bmp,G03,2026-02-02T13:26:36,2026-02-02,G03_2026-02-02,228,train,normal,,1025,1281,1,5f4d0723043b159fbd350fa5aa84efbb80738bdcc024bd5d35379f3c0baa6fa9,,
1.0,G03-260202-132642-229,G03-260202-132642-229.bmp,G03,2026-02-02T13:26:42,2026-02-02,G03_2026-02-02,229,train,normal,,1025,1281,1,2579a2ec14f4a0181da66495814bcba4e1d8145de522b9f9f2948418bce3826c,,
1.0,G03-260202-132705-230,G03-260202-132705-230.bmp,G03,2026-02-02T13:27:05,2026-02-02,G03_2026-02-02,230,train,normal,,1025,1281,1,9c032b7e0595598432be8c21e1341a6ba97c503521d2b9187247cb604fe2a375,,
1.0,G03-260202-132712-231,G03-260202-132712-231.bmp,G03,2026-02-02T13:27:12,2026-02-02,G03_2026-02-02,231,train,normal,,1025,1281,1,0bb6d177a018ee75ec9cbafcec3fdc55d4fb5e704d63199d0ea9a1b3b28a87cc,,
1.0,G03-260202-132736-232,G03-260202-132736-232.bmp,G03,2026-02-02T13:27:36,2026-02-02,G03_2026-02-02,232,train,normal,,1025,1281,1,09bbc255f887557a32d0407ec134923aa64e0789773accee101ccfaddee274ac,,
1.0,G03-260202-132742-233,G03-260202-132742-233.bmp,G03,2026-02-02T13:27:42,2026-02-02,G03_2026-02-02,233,train,normal,,1025,1281,1,e46b83ead80cdfbd9766e6f2ae4594156f24e17021dac00e4e8c37f3cf6be875,,
1.0,G03-260202-132805-234,G03-260202-132805-234.bmp,G03,2026-02-02T13:28:05,2026-02-02,G03_2026-02-02,234,train,normal,,1025,1281,1,da59a9b58727b2145427d574995d6a24c02a9f987ea2c4be6219e0637e5ccd92,,
1.0,G03-260202-132811-235,G03-260202-132811-235.bmp,G03,2026-02-02T13:28:11,2026-02-02,G03_2026-02-02,235,train,normal,,1025,1281,1,20624e7f4b0987a2460977327c25c3653147aff23cd7bf61100d555ea2b78a4b,,
1.0,G03-260202-132835-236,G03-260202-132835-236.bmp,G03,2026-02-02T13:28:35,2026-02-02,G03_2026-02-02,236,train,normal,,1025,1281,1,0e0327501da6671ddcebf60763829196f250147204269dbf4e8678ad647614cf,,
1.0,G03-260202-132841-237,G03-260202-132841-237.bmp,G03,2026-02-02T13:28:41,2026-02-02,G03_2026-02-02,237,train,normal,,1025,1281,1,85ddf0831106b865d60bcc3ef79904e6a4e2ed3275d63ade91d055c05bc08992,,
1.0,G03-260202-132905-238,G03-260202-132905-238.bmp,G03,2026-02-02T13:29:05,2026-02-02,G03_2026-02-02,238,train,normal,,1025,1281,1,6c2b80c70b4149fd080e7633bd5dcef6776fc7e9025befb2470a20b70e09d166,,
1.0,G03-260202-132911-239,G03-260202-132911-239.bmp,G03,2026-02-02T13:29:11,2026-02-02,G03_2026-02-02,239,train,normal,,1025,1281,1,8d83610daefc32d25efd04d9017498fb060d7ca67e3bfe81a6b2f313c91e945e,,
1.0,G03-260202-132932-240,G03-260202-132932-240.bmp,G03,2026-02-02T13:29:32,2026-02-02,G03_2026-02-02,240,train,normal,,1025,1281,1,503d071f26c1854f3b8223d420757c6e00e479510d3122c2c3902527edce0777,,
1.0,G03-260202-132939-241,G03-260202-132939-241.bmp,G03,2026-02-02T13:29:39,2026-02-02,G03_2026-02-02,241,train,normal,,1025,1281,1,0d5d369230c2cfb895788d796200a26476a6bb6b405cbb745ebf836c449b37f3,,
1.0,G03-260202-133003-242,G03-260202-133003-242.bmp,G03,2026-02-02T13:30:03,2026-02-02,G03_2026-02-02,242,train,normal,,1025,1281,1,bb00397cd8d9ce4ad1b095e368a8f12a41ad64faeb3c7190d002ef3b63f13a3b,,
1.0,G03-260202-133009-243,G03-260202-133009-243.bmp,G03,2026-02-02T13:30:09,2026-02-02,G03_2026-02-02,243,train,normal,,1025,1281,1,5fcd62901a6c7e4f9a43be2484fc46c0051572a6e9ecc4506f299dbcad1d65ee,,
1.0,G03-260202-133031-244,G03-260202-133031-244.bmp,G03,2026-02-02T13:30:31,2026-02-02,G03_2026-02-02,244,train,normal,,1025,1281,1,4d2a7297e954912349bbed047c0c4d82434253216c04a16767345b70acf861e4,,
1.0,G03-260202-133043-245,G03-260202-133043-245.bmp,G03,2026-02-02T13:30:43,2026-02-02,G03_2026-02-02,245,train,normal,,1025,1281,1,55f4531c87f8992c1e3de2bc5903f69f6d525319488b3f943f4b5956526f5115,,
1.0,G03-260202-133106-246,G03-260202-133106-246.bmp,G03,2026-02-02T13:31:06,2026-02-02,G03_2026-02-02,246,train,normal,,1025,1281,1,8ede59ca5ff12cdb820fca2ed70283c1e23d34613aa1ed9cb25bceada660dc55,,
1.0,G03-260202-133112-247,G03-260202-133112-247.bmp,G03,2026-02-02T13:31:12,2026-02-02,G03_2026-02-02,247,train,normal,,1025,1281,1,303d44492eb7d54b2e5361e45c2cd91f1180e5371f95d83320f6144a03caa75f,,
1.0,G03-260202-133135-248,G03-260202-133135-248.bmp,G03,2026-02-02T13:31:35,2026-02-02,G03_2026-02-02,248,train,normal,,1025,1281,1,6dfed399ff8ab7d36cf6de90fb71cb793dfd517147628c4ec0e80ef6ea4eecad,,
1.0,G03-260202-133141-249,G03-260202-133141-249.bmp,G03,2026-02-02T13:31:41,2026-02-02,G03_2026-02-02,249,train,normal,,1025,1281,1,afe9861d42b7fb5a3650999eacd4ce7e694e4e5d1c457df84d8eab3c51d001e3,,
1.0,G03-260202-133205-250,G03-260202-133205-250.bmp,G03,2026-02-02T13:32:05,2026-02-02,G03_2026-02-02,250,train,normal,,1025,1281,1,c5f60442baf88027845104f6085c641b41fbcf606013723dc05426e6bf6014a3,,
1.0,G03-260202-133211-251,G03-260202-133211-251.bmp,G03,2026-02-02T13:32:11,2026-02-02,G03_2026-02-02,251,train,normal,,1025,1281,1,b4aa4187a88e5113db759a7f167de52330bcb5044e958fde1efb1e35d522bc61,,
1.0,G03-260202-133235-252,G03-260202-133235-252.bmp,G03,2026-02-02T13:32:35,2026-02-02,G03_2026-02-02,252,train,normal,,1025,1281,1,a5f0c66c9ac82b0b0fbda8cc1e30d39ccd7d18130eee2c3e2e67c7c5a4e2b0b0,,
1.0,G03-260202-133241-253,G03-260202-133241-253.bmp,G03,2026-02-02T13:32:41,2026-02-02,G03_2026-02-02,253,train,normal,,1025,1281,1,7efb0662fddb9b0863a918482a58878eddb404e30edc67ba98eba7240b3aa734,,
1.0,G03-260202-133306-254,G03-260202-133306-254.bmp,G03,2026-02-02T13:33:06,2026-02-02,G03_2026-02-02,254,train,normal,,1025,1281,1,b3b3b90c11a5cd6a30428799ba209ea7fa1f94d5a3bbb5db66db46e9c6c818dd,,
1.0,G03-260202-133312-255,G03-260202-133312-255.bmp,G03,2026-02-02T13:33:12,2026-02-02,G03_2026-02-02,255,train,normal,,1025,1281,1,38b2065799a7a9ea33ff2383bfa2cf65ccb0cdbd1dce88535d946f1155ed3f9b,,
1.0,G03-260202-133330-256,G03-260202-133330-256.bmp,G03,2026-02-02T13:33:30,2026-02-02,G03_2026-02-02,256,train,normal,,1025,1281,1,a44d9f6cda618d2e5678b12a476952898223be0ea7187faefe94a8caed8c4276,,
1.0,G03-260202-133357-257,G03-260202-133357-257.bmp,G03,2026-02-02T13:33:57,2026-02-02,G03_2026-02-02,257,train,normal,,1025,1281,1,b978823ac16f7eea63b43264c1b283ed633ae92980eea88826a92f806b937315,,
1.0,G03-260202-133426-258,G03-260202-133426-258.bmp,G03,2026-02-02T13:34:26,2026-02-02,G03_2026-02-02,258,train,normal,,1025,1281,1,9010a6affa0469a857db1137850298f66723b9c270dd7f4fd29648ee145a14bd,,
1.0,G03-260202-133436-259,G03-260202-133436-259.bmp,G03,2026-02-02T13:34:36,2026-02-02,G03_2026-02-02,259,train,normal,,1025,1281,1,97786c76a6a6b16420bd3bb9d5fa76ccbf0a9a079a6a44efe5fbe0a621db35e7,,
1.0,G03-260202-133444-260,G03-260202-133444-260.bmp,G03,2026-02-02T13:34:44,2026-02-02,G03_2026-02-02,260,train,normal,,1025,1281,1,236509c1007dfb2c2a6aefde462c8b341a69c7d198402efcaca22636d2746d91,,
1.0,G03-260202-133506-261,G03-260202-133506-261.bmp,G03,2026-02-02T13:35:06,2026-02-02,G03_2026-02-02,261,train,normal,,1025,1281,1,90f3eff59f68949667b5f27a5afccb76ddd1fc050edfd11c1df9428380645d75,,
1.0,G03-260202-133512-262,G03-260202-133512-262.bmp,G03,2026-02-02T13:35:12,2026-02-02,G03_2026-02-02,262,train,normal,,1025,1281,1,d5d119a45abdaa1a7b332a8abefda0ea83a7285aff3d7a37041440f2653a913e,,
1.0,G03-260202-133536-263,G03-260202-133536-263.bmp,G03,2026-02-02T13:35:36,2026-02-02,G03_2026-02-02,263,train,normal,,1025,1281,1,ee36c16620c6dbf14ecf02a16a2840ae23648be5924ce3c1891c902f887d101d,,
1.0,G03-260202-133543-264,G03-260202-133543-264.bmp,G03,2026-02-02T13:35:43,2026-02-02,G03_2026-02-02,264,train,normal,,1025,1281,1,658c24b789b3e2a8502696696e4d962a216d8fc34facdf41be09888f0287cc79,,
1.0,G03-260202-133605-265,G03-260202-133605-265.bmp,G03,2026-02-02T13:36:05,2026-02-02,G03_2026-02-02,265,train,normal,,1025,1281,1,f3a081f0f1266dc2e54bc32f5cd72204caf6c196ccf7be373f110a419e6ebfff,,
1.0,G03-260202-133611-266,G03-260202-133611-266.bmp,G03,2026-02-02T13:36:11,2026-02-02,G03_2026-02-02,266,train,normal,,1025,1281,1,76ca681c31d04230c74c3d808c5e1a739c19dfc366dd3b87f7c063460f064202,,
1.0,G03-260202-133636-267,G03-260202-133636-267.bmp,G03,2026-02-02T13:36:36,2026-02-02,G03_2026-02-02,267,train,normal,,1025,1281,1,0b4e2e4e0cfc62ad26828c904968dca5cb9e9d9f7ecb18bd714b83ffcc8c3558,,
1.0,G03-260202-133644-268,G03-260202-133644-268.bmp,G03,2026-02-02T13:36:44,2026-02-02,G03_2026-02-02,268,train,normal,,1025,1281,1,6937d396b26ee9b28c45aee4fd4ad259720fd0795d69683d0cf2f1f8c1c6cb8b,,
1.0,G03-260202-133701-269,G03-260202-133701-269.bmp,G03,2026-02-02T13:37:01,2026-02-02,G03_2026-02-02,269,train,normal,,1025,1281,1,57d25e33b0f9fb662ca832872669e4aceeb0db97373d54bcbc2f2d70171148e2,,
1.0,G03-260202-133738-270,G03-260202-133738-270.bmp,G03,2026-02-02T13:37:38,2026-02-02,G03_2026-02-02,270,train,normal,,1025,1281,1,f0f7bf615024e97826d10a29e6243a004f03928003c0fb93f1491170e3ea29e0,,
1.0,G03-260202-133748-271,G03-260202-133748-271.bmp,G03,2026-02-02T13:37:48,2026-02-02,G03_2026-02-02,271,train,normal,,1025,1281,1,c6b4359062a8c3aea8f25166a93e1334f2e6f4533bdab48708fe7b4575a055a1,,
1.0,G03-260202-133756-272,G03-260202-133756-272.bmp,G03,2026-02-02T13:37:56,2026-02-02,G03_2026-02-02,272,train,normal,,1025,1281,1,dddac49ec8425aaad5c6dcaad3ee4ce3679df021e55f9f870461d95d3bb52f9b,,
1.0,G03-260202-133808-273,G03-260202-133808-273.bmp,G03,2026-02-02T13:38:08,2026-02-02,G03_2026-02-02,273,train,normal,,1025,1281,1,bd9ed0becc5b66ac63da407eec06b5a6f95963974237e2f5ca9a710c0f96caf2,,
1.0,G03-260202-133815-274,G03-260202-133815-274.bmp,G03,2026-02-02T13:38:15,2026-02-02,G03_2026-02-02,274,train,normal,,1025,1281,1,b57fbad40468efecafec02725ac24ea7b7bf101b7fe996d5eca0aa22e6e7ec32,,
1.0,G03-260202-133834-275,G03-260202-133834-275.bmp,G03,2026-02-02T13:38:34,2026-02-02,G03_2026-02-02,275,train,normal,,1025,1281,1,a4d3a58656259a58bdfde73547917c69e24b3fde593368eb2dc4dac357dd8866,,
1.0,G03-260202-133841-276,G03-260202-133841-276.bmp,G03,2026-02-02T13:38:41,2026-02-02,G03_2026-02-02,276,train,normal,,1025,1281,1,06ec8da7736cc08deb2697706f6c093a25b6b38afc3639d4b1c24abeaf07c61c,,
1.0,G03-260202-133905-277,G03-260202-133905-277.bmp,G03,2026-02-02T13:39:05,2026-02-02,G03_2026-02-02,277,train,normal,,1025,1281,1,eb1625075a44a6240bbe6ef77733859ca2e6d2d708464adcd5ebceabded4444e,,
1.0,G03-260202-133911-278,G03-260202-133911-278.bmp,G03,2026-02-02T13:39:11,2026-02-02,G03_2026-02-02,278,train,normal,,1025,1281,1,578f74663de2a8c911b81001eff49fe1faf05df21080c8563ad9faef4dc3fce9,,
1.0,G03-260202-133935-279,G03-260202-133935-279.bmp,G03,2026-02-02T13:39:35,2026-02-02,G03_2026-02-02,279,train,normal,,1025,1281,1,c99543086b9e8ae77c58061b5c0ae11f56c47683e0449aa4b653c026604ffd04,,
1.0,G03-260202-133941-280,G03-260202-133941-280.bmp,G03,2026-02-02T13:39:41,2026-02-02,G03_2026-02-02,280,train,normal,,1025,1281,1,313fc84bfa30a931a121b2e1b2d006d5d10fc92db435771b0dae2b5729502fba,,
1.0,G03-260202-134005-281,G03-260202-134005-281.bmp,G03,2026-02-02T13:40:05,2026-02-02,G03_2026-02-02,281,train,normal,,1025,1281,1,03a6fa25235579fa451e72d7fc1f6efe7b598a9d5174d9d0ad27249ef8e6e182,,
1.0,G03-260202-134011-282,G03-260202-134011-282.bmp,G03,2026-02-02T13:40:11,2026-02-02,G03_2026-02-02,282,train,normal,,1025,1281,1,0f0c0d4ee812282d049e8016cf161a81bad4d1d597b3819776bcd50756201e65,,
1.0,G03-260202-134029-283,G03-260202-134029-283.bmp,G03,2026-02-02T13:40:29,2026-02-02,G03_2026-02-02,283,train,normal,,1025,1281,1,547b8fcb0f9957b7ab3ad24760e29fd1c9167a9a41ccd56cfd612967665bef67,,
1.0,G03-260202-134107-284,G03-260202-134107-284.bmp,G03,2026-02-02T13:41:07,2026-02-02,G03_2026-02-02,284,train,normal,,1025,1281,1,a26007998ac6ee36e87e85bbd6e54fb0b040041bcf2a4a420901349f478dd89f,,
1.0,G03-260202-134113-285,G03-260202-134113-285.bmp,G03,2026-02-02T13:41:13,2026-02-02,G03_2026-02-02,285,train,normal,,1025,1281,1,95f2245a9d885aec88bbf018f7380c44b00e568443b45df0649d7dac46b605a5,,
1.0,G03-260202-134122-286,G03-260202-134122-286.bmp,G03,2026-02-02T13:41:22,2026-02-02,G03_2026-02-02,286,train,normal,,1025,1281,1,8a0a170b14a89652a575782de0eabcdbe3d2c30782e90185f5dec221660ad3d5,,
1.0,G03-260202-134139-287,G03-260202-134139-287.bmp,G03,2026-02-02T13:41:39,2026-02-02,G03_2026-02-02,287,train,normal,,1025,1281,1,60e407388282b8c0f89027c41648b217b99fa6be30f04ab15758f8140c631392,,
1.0,G03-260202-134145-288,G03-260202-134145-288.bmp,G03,2026-02-02T13:41:45,2026-02-02,G03_2026-02-02,288,train,normal,,1025,1281,1,2fa78e34633ed33b314636da7d8a383193a9651f924748f9659bb5935a7d87cc,,
1.0,G03-260202-134206-289,G03-260202-134206-289.bmp,G03,2026-02-02T13:42:06,2026-02-02,G03_2026-02-02,289,train,normal,,1025,1281,1,ffa3e814d0b343d4752efc445ef530ac0f17589dc6f366fed92a60f6ca0bb78a,,
1.0,G03-260202-134213-290,G03-260202-134213-290.bmp,G03,2026-02-02T13:42:13,2026-02-02,G03_2026-02-02,290,train,normal,,1025,1281,1,7d13855b8e0550cd7cbce6902d24f726c73f8c6c31d2c3d59be350161a9cc064,,
1.0,G03-260202-134237-291,G03-260202-134237-291.bmp,G03,2026-02-02T13:42:37,2026-02-02,G03_2026-02-02,291,train,normal,,1025,1281,1,ce0766cd677c51b4665c05ad81d6660e1e386938ae2f0b85ebf5889f6a2e0253,,
1.0,G03-260202-134243-292,G03-260202-134243-292.bmp,G03,2026-02-02T13:42:43,2026-02-02,G03_2026-02-02,292,train,normal,,1025,1281,1,d86aec7987532e035f39707c9f310fd26144d5781547fc7446a5d5bd54a6204f,,
1.0,G03-260202-134304-293,G03-260202-134304-293.bmp,G03,2026-02-02T13:43:04,2026-02-02,G03_2026-02-02,293,train,normal,,1025,1281,1,bae0b594bcb5e4153c31d9b12e7c5db61908bcb8cd40c2d6202448491a29d89c,,
1.0,G03-260202-134311-294,G03-260202-134311-294.bmp,G03,2026-02-02T13:43:11,2026-02-02,G03_2026-02-02,294,train,normal,,1025,1281,1,77d7bc519e0dd1492f90f6f2ec04d0c1c5ad4ab22f42a7ee1cf1fdafdac87f81,,
1.0,G03-260202-134422-295,G03-260202-134422-295.bmp,G03,2026-02-02T13:44:22,2026-02-02,G03_2026-02-02,295,train,normal,,1025,1281,1,b7ba031a01d7d498a1b21acf7b0afd99983f1d9122cbaa6b50bf5b0686cd2c62,,
1.0,G03-260202-134752-296,G03-260202-134752-296.bmp,G03,2026-02-02T13:47:52,2026-02-02,G03_2026-02-02,296,train,normal,,1025,1281,1,3e0d68858dbd9859f2fd7f358a53a2592a8e1034d3116e745abba3054806cc55,,
1.0,G03-260202-134807-297,G03-260202-134807-297.bmp,G03,2026-02-02T13:48:07,2026-02-02,G03_2026-02-02,297,train,normal,,1025,1281,1,3f749cf97f748ee9af0e3c4796868c95673e6f58522a40a5b12391db47a5a1bc,,
1.0,G03-260202-134816-298,G03-260202-134816-298.bmp,G03,2026-02-02T13:48:16,2026-02-02,G03_2026-02-02,298,train,normal,,1025,1281,1,9b5703f0bba8eb2699875e7039a6d10fa9c7b1f236dbe8b38dbe7221071b9c77,,
1.0,G03-260202-134823-299,G03-260202-134823-299.bmp,G03,2026-02-02T13:48:23,2026-02-02,G03_2026-02-02,299,train,normal,,1025,1281,1,31b0314e9ebae8e5208f4e8639113bae81c4f134ea3d0fcbc9997a84d9b1fd23,,
1.0,G03-260202-134829-300,G03-260202-134829-300.bmp,G03,2026-02-02T13:48:29,2026-02-02,G03_2026-02-02,300,train,normal,,1025,1281,1,64f58219afbabc3722ded8cde6456d9c346c3c07a8fa4376bb429ae2adcd2f90,,
1.0,G03-260202-134837-301,G03-260202-134837-301.bmp,G03,2026-02-02T13:48:37,2026-02-02,G03_2026-02-02,301,train,normal,,1025,1281,1,43d6815d71a4903de03012cce2d887beda5ab02f1fa7d23b389019d1debad012,,
1.0,G03-260202-134853-302,G03-260202-134853-302.bmp,G03,2026-02-02T13:48:53,2026-02-02,G03_2026-02-02,302,train,normal,,1025,1281,1,a4d16db7e74998c534acf53850b6e730131b15d95c57ee7c3a285a896a8c3c4a,,
1.0,G03-260202-134900-303,G03-260202-134900-303.bmp,G03,2026-02-02T13:49:00,2026-02-02,G03_2026-02-02,303,train,normal,,1025,1281,1,968eb6993fc4ad648a531f5dd8d5eb465d88cbc43a77aa0d455e9944d6233586,,
1.0,G03-260202-134906-304,G03-260202-134906-304.bmp,G03,2026-02-02T13:49:06,2026-02-02,G03_2026-02-02,304,train,normal,,1025,1281,1,d176409ea7f495ecb3eb60579d265be9b9fba01b1b493d52f4cc2c3470c6c4a5,,
1.0,G03-260202-134916-305,G03-260202-134916-305.bmp,G03,2026-02-02T13:49:16,2026-02-02,G03_2026-02-02,305,train,normal,,1025,1281,1,4e53e9afb3eccfad4aba46e58c94980cc1fef3af44aa568cd1528dea5cdd7e3d,,
1.0,G03-260202-134924-306,G03-260202-134924-306.bmp,G03,2026-02-02T13:49:24,2026-02-02,G03_2026-02-02,306,train,normal,,1025,1281,1,fad24e7cbe2aa671857453a51729721dfefb54314bdbce166b641646858d4870,,
1.0,G03-260202-134940-307,G03-260202-134940-307.bmp,G03,2026-02-02T13:49:40,2026-02-02,G03_2026-02-02,307,train,normal,,1025,1281,1,c7aa230e0e04cbe40e3274b4663f47f7451cec5cd6d83afa3f7b94a2f9132c1c,,
1.0,G03-260202-134947-308,G03-260202-134947-308.bmp,G03,2026-02-02T13:49:47,2026-02-02,G03_2026-02-02,308,train,normal,,1025,1281,1,04d53cc680f4782c91eea9714cfdcec05ff88fa129b170b918afde4bedb4485e,,
1.0,G03-260202-134959-309,G03-260202-134959-309.bmp,G03,2026-02-02T13:49:59,2026-02-02,G03_2026-02-02,309,train,normal,,1025,1281,1,0d359edfc4f8c3c16ebdb886d34e0e31803bc953f842f08d3316dd9ed0af2eb4,,
1.0,G03-260202-135017-311,G03-260202-135017-311.bmp,G03,2026-02-02T13:50:17,2026-02-02,G03_2026-02-02,311,train,normal,,1025,1281,1,0f01e9c54a0df93ad16d4f0ea4c97f16294672dc1b1c7846ca399f91130c6d59,,
1.0,G03-260202-135023-312,G03-260202-135023-312.bmp,G03,2026-02-02T13:50:23,2026-02-02,G03_2026-02-02,312,train,normal,,1025,1281,1,3ade2c40276cfd82106211a911ea0182b45c76dc7415255e649c1b17e7e53d6b,,
1.0,G03-260202-135055-313,G03-260202-135055-313.bmp,G03,2026-02-02T13:50:55,2026-02-02,G03_2026-02-02,313,train,normal,,1025,1281,1,1fa52a09c86c5cc9584e0e6bf71418eb1cfae5fde4f5e90e336743e725e6bae3,,
1.0,G03-260202-135101-314,G03-260202-135101-314.bmp,G03,2026-02-02T13:51:01,2026-02-02,G03_2026-02-02,314,train,normal,,1025,1281,1,45d24fff136b45bd5333c29d7ed0999ddec8f4d7644c1da1d674c87242eccb61,,
1.0,G03-260202-135115-315,G03-260202-135115-315.bmp,G03,2026-02-02T13:51:15,2026-02-02,G03_2026-02-02,315,train,normal,,1025,1281,1,5cf60c1c695f9b742297fb85e9dc8034d0bbc9d5cb5c11be4c33811ee111a5bc,,
1.0,G03-260202-135122-316,G03-260202-135122-316.bmp,G03,2026-02-02T13:51:22,2026-02-02,G03_2026-02-02,316,train,normal,,1025,1281,1,012ef1b9d48e0bd2f96558cd2a33c55dc1edb577b8afb31aa7afedeada8162f0,,
1.0,G03-260202-135130-317,G03-260202-135130-317.bmp,G03,2026-02-02T13:51:30,2026-02-02,G03_2026-02-02,317,train,normal,,1025,1281,1,ea6febf5955ab6bc20ec881640c661c1e4811906ceb3cd36d221f9667d6ca95a,,
1.0,G03-260202-135138-318,G03-260202-135138-318.bmp,G03,2026-02-02T13:51:38,2026-02-02,G03_2026-02-02,318,train,normal,,1025,1281,1,4599f65058618218a93626585b0f4d64f089a7118828cecaa40d7423e32712d2,,
1.0,G03-260202-135149-319,G03-260202-135149-319.bmp,G03,2026-02-02T13:51:49,2026-02-02,G03_2026-02-02,319,train,normal,,1025,1281,1,0880aafebd62f49e4ab49f1a811b50622e1309d28a076b39c559e541ae0e7e20,,
1.0,G03-260202-135158-320,G03-260202-135158-320.bmp,G03,2026-02-02T13:51:58,2026-02-02,G03_2026-02-02,320,train,normal,,1025,1281,1,ce78f30428a4e09f0c15b5ca18131e236457214ac0c48877a922001ea06799aa,,
1.0,G03-260202-135211-321,G03-260202-135211-321.bmp,G03,2026-02-02T13:52:11,2026-02-02,G03_2026-02-02,321,train,normal,,1025,1281,1,e875460d1efa59d5c30fca9b9b73fb452ee62c583834dd24d8ba2017e47e52a6,,
1.0,G03-260202-135219-322,G03-260202-135219-322.bmp,G03,2026-02-02T13:52:19,2026-02-02,G03_2026-02-02,322,train,normal,,1025,1281,1,03b9e6660be3ae0d4857a66c36d0a40c55926d595aeec146f557100035669bfc,,
1.0,G03-260202-135233-323,G03-260202-135233-323.bmp,G03,2026-02-02T13:52:33,2026-02-02,G03_2026-02-02,323,train,normal,,1025,1281,1,01c2130b5b0237a08dc75a9d71542b06757d3b1854b7757ae837e515d04c9309,,
1.0,G03-260202-135240-324,G03-260202-135240-324.bmp,G03,2026-02-02T13:52:40,2026-02-02,G03_2026-02-02,324,train,normal,,1025,1281,1,19f9363e8eb16e56f34d17366fa51eb01e3b36a51a5236473e782314a81fb2e3,,
1.0,G03-260202-135249-325,G03-260202-135249-325.bmp,G03,2026-02-02T13:52:49,2026-02-02,G03_2026-02-02,325,train,normal,,1025,1281,1,3c7c5c9bbac7b7de04f086f1473cebfcaf68ab793200af08d5c24c3430aac99a,,
1.0,G03-260202-135259-326,G03-260202-135259-326.bmp,G03,2026-02-02T13:52:59,2026-02-02,G03_2026-02-02,326,train,normal,,1025,1281,1,e609f460a62225d81e9b404befda25b55690b3e175221c20dfc0394b82e9f8b8,,
1.0,G03-260202-135305-327,G03-260202-135305-327.bmp,G03,2026-02-02T13:53:05,2026-02-02,G03_2026-02-02,327,train,normal,,1025,1281,1,6c3d0af1f7dad37a2820621ca502797f49568c0c29d1c7678c7d4d88f3f53d46,,
1.0,G03-260202-135312-328,G03-260202-135312-328.bmp,G03,2026-02-02T13:53:12,2026-02-02,G03_2026-02-02,328,train,normal,,1025,1281,1,61505c097e47fe4c6dd6ab12a3ce47e7928c5e70e4a91d617dba51263c2b3e97,,
1.0,G03-260202-135331-329,G03-260202-135331-329.bmp,G03,2026-02-02T13:53:31,2026-02-02,G03_2026-02-02,329,train,normal,,1025,1281,1,658935a94b1cee59bd9c05a7d39f0b249b4b655dba36aad82838a32e8780475f,,
1.0,G03-260202-135337-330,G03-260202-135337-330.bmp,G03,2026-02-02T13:53:37,2026-02-02,G03_2026-02-02,330,train,normal,,1025,1281,1,9ec157f78a4bf84dc4500dd42aa53a311aa5c70a1bcf837b6a1afaa9836d5bea,,
1.0,G03-260202-135408-331,G03-260202-135408-331.bmp,G03,2026-02-02T13:54:08,2026-02-02,G03_2026-02-02,331,train,normal,,1025,1281,1,df445c29dfce236393fc781cee736fb7f16329a06a42b565d2f75e15d35b599a,,
1.0,G03-260202-135415-332,G03-260202-135415-332.bmp,G03,2026-02-02T13:54:15,2026-02-02,G03_2026-02-02,332,train,normal,,1025,1281,1,38e956028c5c36cf5ce193bea0eaa2bd3db2001aaea6ba400d90c0e23ceac462,,
1.0,G03-260202-135436-333,G03-260202-135436-333.bmp,G03,2026-02-02T13:54:36,2026-02-02,G03_2026-02-02,333,train,normal,,1025,1281,1,6f6f4a26988050a2d791e36ec3fd4e49889611f5d09bf8a8c81a4ee2dee10fc1,,
1.0,G03-260202-135442-334,G03-260202-135442-334.bmp,G03,2026-02-02T13:54:42,2026-02-02,G03_2026-02-02,334,train,normal,,1025,1281,1,b5104839eab85144c6c9d43a7166ec6ce6138cb49d74c75dee158e3110dca275,,
1.0,G03-260202-135506-335,G03-260202-135506-335.bmp,G03,2026-02-02T13:55:06,2026-02-02,G03_2026-02-02,335,train,normal,,1025,1281,1,13539062c15d8fd76c547ae4436d73971d8e668e1c78d7513921f617c17c9563,,
1.0,G03-260202-135513-336,G03-260202-135513-336.bmp,G03,2026-02-02T13:55:13,2026-02-02,G03_2026-02-02,336,train,normal,,1025,1281,1,f2c6561784b800e0bec8d170c048f31108938e8df7c73aef0ab2435faaf35945,,
1.0,G03-260202-135537-337,G03-260202-135537-337.bmp,G03,2026-02-02T13:55:37,2026-02-02,G03_2026-02-02,337,train,normal,,1025,1281,1,7567e23f99670770e983b43489e9bbb9b89b408c67fbf1765d41136be2b3cf8b,,
1.0,G03-260202-135544-338,G03-260202-135544-338.bmp,G03,2026-02-02T13:55:44,2026-02-02,G03_2026-02-02,338,train,normal,,1025,1281,1,55b87ebbc05b720d7c08408c3c0b4cfdfcf5889ad8a79b27e2fd8430e6141a44,,
1.0,G03-260202-135605-339,G03-260202-135605-339.bmp,G03,2026-02-02T13:56:05,2026-02-02,G03_2026-02-02,339,train,normal,,1025,1281,1,f67e4c87980b65c6e78d6a26eacb7cbb5b2fce33860712ba2f33269d34160373,,
1.0,G03-260202-135612-340,G03-260202-135612-340.bmp,G03,2026-02-02T13:56:12,2026-02-02,G03_2026-02-02,340,train,normal,,1025,1281,1,aa0de220d4421a4aa6d1c3b48ceba6b48d5e3cfb68e5ae9cde2b0eb7a374f41f,,
1.0,G03-260202-135637-341,G03-260202-135637-341.bmp,G03,2026-02-02T13:56:37,2026-02-02,G03_2026-02-02,341,train,normal,,1025,1281,1,63ec053c261cb9821c014bbf7a53ddf1c251b7ca06eceaf9ca15fce8db18d60c,,
1.0,G03-260202-135643-342,G03-260202-135643-342.bmp,G03,2026-02-02T13:56:43,2026-02-02,G03_2026-02-02,342,train,normal,,1025,1281,1,62610431a854011a9517ca375ce41e57cae3e32a413aac3b518c04afbf33a6ae,,
1.0,G03-260202-135706-343,G03-260202-135706-343.bmp,G03,2026-02-02T13:57:06,2026-02-02,G03_2026-02-02,343,train,normal,,1025,1281,1,209a093ebed450beafec566d79fdaa673641d92fa9ca14771b9eee3c2231757d,,
1.0,G03-260202-135712-344,G03-260202-135712-344.bmp,G03,2026-02-02T13:57:12,2026-02-02,G03_2026-02-02,344,train,normal,,1025,1281,1,b60aa9c0729d83791153b004f2b4a4df9aa16cbd062e1c49d2167a72d41d2431,,
1.0,G03-260202-135735-345,G03-260202-135735-345.bmp,G03,2026-02-02T13:57:35,2026-02-02,G03_2026-02-02,345,train,normal,,1025,1281,1,9d62d0463f2dbca6596c60d0c9e1d1a2c1ccd1e67e79c8ddc4f4156e1f3c5d91,,
1.0,G03-260202-135807-346,G03-260202-135807-346.bmp,G03,2026-02-02T13:58:07,2026-02-02,G03_2026-02-02,346,train,normal,,1025,1281,1,c05fa7fc054e6a40d743833807c124965dd40cfb32495e86676d7380a9ef650a,,
1.0,G03-260202-135813-347,G03-260202-135813-347.bmp,G03,2026-02-02T13:58:13,2026-02-02,G03_2026-02-02,347,train,normal,,1025,1281,1,268e8ccbea4cfe2ba344aea42072ad55be77239c2fe0258a02afd9161bee6651,,
1.0,G03-260202-135838-348,G03-260202-135838-348.bmp,G03,2026-02-02T13:58:38,2026-02-02,G03_2026-02-02,348,train,normal,,1025,1281,1,54864c082d192a1044476072d4cd5940767873c8526eea6c6ea6c5694b4dc9a1,,
1.0,G03-260202-135844-349,G03-260202-135844-349.bmp,G03,2026-02-02T13:58:44,2026-02-02,G03_2026-02-02,349,train,normal,,1025,1281,1,7789d0be330206eb42cbf03df2c638edfc0127a257caaec495bfe01c1fa82eb4,,
1.0,G03-260202-135904-350,G03-260202-135904-350.bmp,G03,2026-02-02T13:59:04,2026-02-02,G03_2026-02-02,350,train,normal,,1025,1281,1,3ef12d405f9676630638d26d495fc69a694cd8d20595f652d72ee3d0987f9d48,,
1.0,G03-260202-135910-351,G03-260202-135910-351.bmp,G03,2026-02-02T13:59:10,2026-02-02,G03_2026-02-02,351,train,normal,,1025,1281,1,17b0ffbf958afd711c70f1cc402f7378704b8a3531d1d231bfcf6ffac80c383d,,
1.0,G03-260202-135937-352,G03-260202-135937-352.bmp,G03,2026-02-02T13:59:37,2026-02-02,G03_2026-02-02,352,train,normal,,1025,1281,1,d64820abbd1cbf716dd1eb047bae55a900f0fe60d98bcc06fc9ec7c5bd7bb87f,,
1.0,G03-260202-135943-353,G03-260202-135943-353.bmp,G03,2026-02-02T13:59:43,2026-02-02,G03_2026-02-02,353,train,normal,,1025,1281,1,3bae87ab85c924111fb3f45d91aebd8f10e707ac484b76a72a51576ac6aeb059,,
1.0,G03-260202-140008-354,G03-260202-140008-354.bmp,G03,2026-02-02T14:00:08,2026-02-02,G03_2026-02-02,354,train,normal,,1025,1281,1,7e48820350ba06350498055594dc10df02392ef70cd643baa0f0d038cbc05f60,,
1.0,G03-260202-140014-355,G03-260202-140014-355.bmp,G03,2026-02-02T14:00:14,2026-02-02,G03_2026-02-02,355,train,normal,,1025,1281,1,b60363e641f7510111be2c1e53e51ca8ff2fe8c1adb6ba5e24c2020307aaaeeb,,
1.0,G03-260202-140038-356,G03-260202-140038-356.bmp,G03,2026-02-02T14:00:38,2026-02-02,G03_2026-02-02,356,train,normal,,1025,1281,1,5ace563998b5fe2339c727cabd9b09828665d2dfaa055d83073100fd68303fe3,,
1.0,G03-260202-140045-357,G03-260202-140045-357.bmp,G03,2026-02-02T14:00:45,2026-02-02,G03_2026-02-02,357,train,normal,,1025,1281,1,44c4035d452a2c53907ebede6b5f09bd8c41826855398a4b95729496f3f70412,,
1.0,G03-260202-140109-358,G03-260202-140109-358.bmp,G03,2026-02-02T14:01:09,2026-02-02,G03_2026-02-02,358,train,normal,,1025,1281,1,57ef147b34952e971f4909963281b09271305b304b3cbd14877899942acb8858,,
1.0,G03-260202-140115-359,G03-260202-140115-359.bmp,G03,2026-02-02T14:01:15,2026-02-02,G03_2026-02-02,359,train,normal,,1025,1281,1,dde5cf20731ce7186fa618cdd1c26096f9a59a1f60f0975c353e130e72d237d1,,
1.0,G03-260202-140138-360,G03-260202-140138-360.bmp,G03,2026-02-02T14:01:38,2026-02-02,G03_2026-02-02,360,train,normal,,1025,1281,1,0ba0b2be7e78ed9b1b5af7d6ce7ef158f5122fe066c0c614397d11811b7c12df,,
1.0,G03-260202-140147-361,G03-260202-140147-361.bmp,G03,2026-02-02T14:01:47,2026-02-02,G03_2026-02-02,361,train,normal,,1025,1281,1,cb30a84471798c71c005b73c302932461b0323d2bdc37d96766bc942371002b3,,
1.0,G03-260202-140205-362,G03-260202-140205-362.bmp,G03,2026-02-02T14:02:05,2026-02-02,G03_2026-02-02,362,train,normal,,1025,1281,1,9d2e173c749c5cea718b85504b283060f61f25f2a6197ede35f18c4114cabc0c,,
1.0,G03-260202-140211-363,G03-260202-140211-363.bmp,G03,2026-02-02T14:02:11,2026-02-02,G03_2026-02-02,363,train,normal,,1025,1281,1,e624eb21b9cf9db76cd46119418c4d07780552e1085e9ec5bb63ef5730000cb9,,
1.0,G03-260202-140242-364,G03-260202-140242-364.bmp,G03,2026-02-02T14:02:42,2026-02-02,G03_2026-02-02,364,train,normal,,1025,1281,1,db669cc46addab3b33c79b491621fe944878872ad778f3760c6101e21362f361,,
1.0,G03-260202-140249-365,G03-260202-140249-365.bmp,G03,2026-02-02T14:02:49,2026-02-02,G03_2026-02-02,365,train,normal,,1025,1281,1,f2c599fb54b25347ed1fa67480d3b3c3e80c14f415d141092150d028266f1ea7,,
1.0,G03-260202-140255-366,G03-260202-140255-366.bmp,G03,2026-02-02T14:02:55,2026-02-02,G03_2026-02-02,366,train,normal,,1025,1281,1,03cf081ac3b5ddf901bf2935f23be83bff9e6a6c4257618238145500a24ec340,,
1.0,G03-260202-140306-367,G03-260202-140306-367.bmp,G03,2026-02-02T14:03:06,2026-02-02,G03_2026-02-02,367,train,normal,,1025,1281,1,4a1c83ab3f9bcc8484a0d8a900b278c3e64c24653f5f0d3adcbbb8c01629db06,,
1.0,G03-260202-140337-368,G03-260202-140337-368.bmp,G03,2026-02-02T14:03:37,2026-02-02,G03_2026-02-02,368,train,normal,,1025,1281,1,c8b9442a0c200deb30c92e83664c1340f0845af3a2b37365c33c32d20e1f5591,,
1.0,G03-260202-140343-369,G03-260202-140343-369.bmp,G03,2026-02-02T14:03:43,2026-02-02,G03_2026-02-02,369,train,normal,,1025,1281,1,9f5d580b5f76b82e49b6a548669c9253f187d16e3be20630fd9e19de2f71d067,,
1.0,G03-260202-140408-370,G03-260202-140408-370.bmp,G03,2026-02-02T14:04:08,2026-02-02,G03_2026-02-02,370,train,normal,,1025,1281,1,68a443ab58f1ed00c2a000d3836ea9423179b5d1218a895f7126b48da274d6d1,,
1.0,G03-260202-140445-371,G03-260202-140445-371.bmp,G03,2026-02-02T14:04:45,2026-02-02,G03_2026-02-02,371,train,normal,,1025,1281,1,8ebce351a33a086f04e3992230dd9a64b37b2c1169890de203a62de6c888b5d8,,
1.0,G03-260202-140452-372,G03-260202-140452-372.bmp,G03,2026-02-02T14:04:52,2026-02-02,G03_2026-02-02,372,train,normal,,1025,1281,1,088ed9c37fe7ab4e03c199d82c1967c1e5a5fc051b6cd9405f81ebb6517f9fe7,,
1.0,G03-260202-140458-373,G03-260202-140458-373.bmp,G03,2026-02-02T14:04:58,2026-02-02,G03_2026-02-02,373,train,normal,,1025,1281,1,a8b0cf2a5adaa19b0dda34fe010ee4e3461d8319acf4471478539b32f9ebcd3b,,
1.0,G03-260202-140535-374,G03-260202-140535-374.bmp,G03,2026-02-02T14:05:35,2026-02-02,G03_2026-02-02,374,train,normal,,1025,1281,1,cd8b684a8c2481c3899b1629dfd71b30662116160cb4253642104561f805317c,,
1.0,G03-260202-140541-375,G03-260202-140541-375.bmp,G03,2026-02-02T14:05:41,2026-02-02,G03_2026-02-02,375,train,normal,,1025,1281,1,8cb42eeaa1e73bb7e2aadcd3d0f18e116935c0e325f521523fb81b28914d4ee4,,
1.0,G03-260202-140608-376,G03-260202-140608-376.bmp,G03,2026-02-02T14:06:08,2026-02-02,G03_2026-02-02,376,train,normal,,1025,1281,1,a2195437bc8061e2f6ec9e6011804a60717d9e5bcc447c24c0f89e1231093720,,
1.0,G03-260202-140614-377,G03-260202-140614-377.bmp,G03,2026-02-02T14:06:14,2026-02-02,G03_2026-02-02,377,train,normal,,1025,1281,1,99653d0196e4b56d89cf2522c4d8774fba2f1a94dd9c333dc36715a296353e19,,
1.0,G03-260202-140635-378,G03-260202-140635-378.bmp,G03,2026-02-02T14:06:35,2026-02-02,G03_2026-02-02,378,train,normal,,1025,1281,1,01a82d73aed3418dc042816f18d81df2ea317b3520cb8e5ef74f0382c83acd6d,,
1.0,G03-260202-140642-379,G03-260202-140642-379.bmp,G03,2026-02-02T14:06:42,2026-02-02,G03_2026-02-02,379,train,normal,,1025,1281,1,77838cd1c56b8aba4fdedd15eb515c035b2343b84e042ccb541d107725c0b45d,,
1.0,G03-260202-140707-380,G03-260202-140707-380.bmp,G03,2026-02-02T14:07:07,2026-02-02,G03_2026-02-02,380,train,normal,,1025,1281,1,b425c8be0cbedd65fb390ac5da61a7f9ccc8ee7c64207902a7934860f397353b,,
1.0,G03-260202-140713-381,G03-260202-140713-381.bmp,G03,2026-02-02T14:07:13,2026-02-02,G03_2026-02-02,381,train,normal,,1025,1281,1,c4309ff5f995cc073c2ac3695ce627064f3d36392e82d0e4381f3452794563b3,,
1.0,G03-260202-140742-382,G03-260202-140742-382.bmp,G03,2026-02-02T14:07:42,2026-02-02,G03_2026-02-02,382,train,normal,,1025,1281,1,680cf23356142e0379104009d768a967c6a9a819ca601ec0425a41d489051e6c,,
1.0,G03-260202-140748-383,G03-260202-140748-383.bmp,G03,2026-02-02T14:07:48,2026-02-02,G03_2026-02-02,383,train,normal,,1025,1281,1,20d4274defc8a06b65f075273603c7689ab976101225ff7c05c73f0f76fc8587,,
1.0,G03-260202-140755-384,G03-260202-140755-384.bmp,G03,2026-02-02T14:07:55,2026-02-02,G03_2026-02-02,384,train,normal,,1025,1281,1,fa095dca1f2fbc0da38b165bea519e4f98f1944c4c8a6d4ff527e17ade8f52d9,,
1.0,G03-260202-140812-385,G03-260202-140812-385.bmp,G03,2026-02-02T14:08:12,2026-02-02,G03_2026-02-02,385,train,normal,,1025,1281,1,2917cf0cfee63d3a00f600976446608b801add64ef9ded549fe5dba4a89914e0,,
1.0,G03-260202-140818-386,G03-260202-140818-386.bmp,G03,2026-02-02T14:08:18,2026-02-02,G03_2026-02-02,386,train,normal,,1025,1281,1,31331b5466055963b2680b4ab9697c5d2092d3ade6490e52b05b428633d6152e,,
1.0,G03-260202-141232-387,G03-260202-141232-387.bmp,G03,2026-02-02T14:12:32,2026-02-02,G03_2026-02-02,387,train,normal,,1025,1281,1,b46a53641878fece4d4ad1b8e988886dc3554a64addd526af7ae9204110a6d76,,
1.0,G03-260202-141400-388,G03-260202-141400-388.bmp,G03,2026-02-02T14:14:00,2026-02-02,G03_2026-02-02,388,train,normal,,1025,1281,1,d2051ede2f9955d858a29b2441bdb740592fb7e264801870048a3739a8bbde99,,
1.0,G03-260202-141407-389,G03-260202-141407-389.bmp,G03,2026-02-02T14:14:07,2026-02-02,G03_2026-02-02,389,train,normal,,1025,1281,1,f1b85ca913d0c7ab6e34137d0ccfb04f6ca2c3c1b37905ad995153b672c0e2fc,,
1.0,G03-260202-141419-390,G03-260202-141419-390.bmp,G03,2026-02-02T14:14:19,2026-02-02,G03_2026-02-02,390,train,normal,,1025,1281,1,b98d8d067a509e0d06b378ac59acd8bb163c77fdad98792a61d4e19ef72b52bc,,
1.0,G03-260202-141433-392,G03-260202-141433-392.bmp,G03,2026-02-02T14:14:33,2026-02-02,G03_2026-02-02,392,train,normal,,1025,1281,1,af7b07bee835de15d344dca6676e1d4c7ac97c5f65c12608b883e87de91dad0a,,
1.0,G03-260202-141446-393,G03-260202-141446-393.bmp,G03,2026-02-02T14:14:46,2026-02-02,G03_2026-02-02,393,train,normal,,1025,1281,1,49f9b3ed8f4556ce5cbc1340a46910682ef63563d14becbe95aa3a8b66651fca,,
1.0,G03-260202-141453-394,G03-260202-141453-394.bmp,G03,2026-02-02T14:14:53,2026-02-02,G03_2026-02-02,394,train,normal,,1025,1281,1,e07a4dc4b65f103dff4664abac0ec6fc4cfca5da65a2651922b66c76117f6229,,
1.0,G03-260202-141459-395,G03-260202-141459-395.bmp,G03,2026-02-02T14:14:59,2026-02-02,G03_2026-02-02,395,train,normal,,1025,1281,1,54eed177430870cb6f7fe7ac6acfb6ff93f4c6386299c3b822f246f05425272f,,
1.0,G03-260202-141514-396,G03-260202-141514-396.bmp,G03,2026-02-02T14:15:14,2026-02-02,G03_2026-02-02,396,train,normal,,1025,1281,1,bd751c904a12c203bdc41b53324c8e94eb8d90c80b5472dda85e882711215e71,,
1.0,G03-260202-141521-397,G03-260202-141521-397.bmp,G03,2026-02-02T14:15:21,2026-02-02,G03_2026-02-02,397,train,normal,,1025,1281,1,b391cc995b3c6db3a159993349e5db0bdb05b67f3a4ebb9d30b22eb3444e1bd7,,
1.0,G03-260202-141529-398,G03-260202-141529-398.bmp,G03,2026-02-02T14:15:29,2026-02-02,G03_2026-02-02,398,train,normal,,1025,1281,1,5a5167f325afb14882fd12685795050e87a5d88aeb75745958adbc9119036eff,,
1.0,G03-260202-141538-399,G03-260202-141538-399.bmp,G03,2026-02-02T14:15:38,2026-02-02,G03_2026-02-02,399,train,normal,,1025,1281,1,30ad688c86da88d39e2e29d9d56ca520b6b771d97c052c1ea82bd5b70d890f42,,
1.0,G03-260202-141554-401,G03-260202-141554-401.bmp,G03,2026-02-02T14:15:54,2026-02-02,G03_2026-02-02,401,train,normal,,1025,1281,1,50e58b7123b275f980c44178b61273976decb86e5bafcd7d2564f9da8b64581e,,
1.0,G03-260202-141609-402,G03-260202-141609-402.bmp,G03,2026-02-02T14:16:09,2026-02-02,G03_2026-02-02,402,train,normal,,1025,1281,1,82234d01b6d63ca5658463a5ee6d2691dbf112ec91d4885e0be3d29ae0277d25,,
1.0,G03-260202-141615-403,G03-260202-141615-403.bmp,G03,2026-02-02T14:16:15,2026-02-02,G03_2026-02-02,403,train,normal,,1025,1281,1,e55b17b93641f406220293f9827170da959c33495069824df8dcf70dcb0d67c8,,
1.0,G03-260202-141628-404,G03-260202-141628-404.bmp,G03,2026-02-02T14:16:28,2026-02-02,G03_2026-02-02,404,train,normal,,1025,1281,1,5127e13a65a4f507509659cb52c43297a79b5b13efe39f106cff6fa08282283e,,
1.0,G03-260202-141637-405,G03-260202-141637-405.bmp,G03,2026-02-02T14:16:37,2026-02-02,G03_2026-02-02,405,train,normal,,1025,1281,1,242a090fb31fd21444ad467c25e826fed51e7b4b041906b362d16eeb5d0dc29e,,
1.0,G03-260202-141644-406,G03-260202-141644-406.bmp,G03,2026-02-02T14:16:44,2026-02-02,G03_2026-02-02,406,train,normal,,1025,1281,1,635e47bc98400ca446681e4859623bf71524513be12dc0bb60a45b802e59d67c,,
1.0,G03-260202-141650-407,G03-260202-141650-407.bmp,G03,2026-02-02T14:16:50,2026-02-02,G03_2026-02-02,407,train,normal,,1025,1281,1,6178be8b36b71e4cb00238ec7ddb9ce68b3266b6acee4f76f4c46fde8ba3e079,,
1.0,G03-260202-141658-408,G03-260202-141658-408.bmp,G03,2026-02-02T14:16:58,2026-02-02,G03_2026-02-02,408,train,normal,,1025,1281,1,86d76ba6f05d974aa2e83a46b66792c001c1b87c605ccf6f545cf22de7e425a0,,
1.0,G03-260202-141708-409,G03-260202-141708-409.bmp,G03,2026-02-02T14:17:08,2026-02-02,G03_2026-02-02,409,train,normal,,1025,1281,1,a7d31fa26e23e9945aaff23b4823575515332ccbf28838b0fb57a87ee3da2ce6,,
1.0,G03-260202-141723-410,G03-260202-141723-410.bmp,G03,2026-02-02T14:17:23,2026-02-02,G03_2026-02-02,410,train,normal,,1025,1281,1,bdc5f2d2283f5a33f55a52b2db59f4255a1dad1ab151e95edf67be51011ba8f5,,
1.0,G03-260202-141729-411,G03-260202-141729-411.bmp,G03,2026-02-02T14:17:29,2026-02-02,G03_2026-02-02,411,train,normal,,1025,1281,1,89a26a9ba85d3af962775b519ac839bfa1b2ba7dc7bb39a85f726599fe1c16be,,
1.0,G03-260202-141737-412,G03-260202-141737-412.bmp,G03,2026-02-02T14:17:37,2026-02-02,G03_2026-02-02,412,train,normal,,1025,1281,1,f04e1318dbc8f4bce6878d449701bd0e73c5d4a0323ee8b46ea50f0019a665b9,,
1.0,G03-260202-141745-413,G03-260202-141745-413.bmp,G03,2026-02-02T14:17:45,2026-02-02,G03_2026-02-02,413,train,normal,,1025,1281,1,c3ce9d229c9507db0fe23b4375fabc0a58ccb91f570425dfcb29ba6d7cbb3990,,
1.0,G03-260202-141754-414,G03-260202-141754-414.bmp,G03,2026-02-02T14:17:54,2026-02-02,G03_2026-02-02,414,train,normal,,1025,1281,1,95743aa6c15bcc98c2b231e3dcf0f8b7e616f670c3b3902211707d86891a8b2e,,
1.0,G03-260202-141813-415,G03-260202-141813-415.bmp,G03,2026-02-02T14:18:13,2026-02-02,G03_2026-02-02,415,train,normal,,1025,1281,1,3f5c2d813ab2119823659c068817e01ecf155e708fbde08ed85deac74fe45d28,,
1.0,G03-260202-141819-416,G03-260202-141819-416.bmp,G03,2026-02-02T14:18:19,2026-02-02,G03_2026-02-02,416,train,normal,,1025,1281,1,dd51f0c1e6cf048191b06cdb5b99876f12dcaff9f75f27f323593736d1eadef4,,
1.0,G03-260202-141826-417,G03-260202-141826-417.bmp,G03,2026-02-02T14:18:26,2026-02-02,G03_2026-02-02,417,train,normal,,1025,1281,1,517eab6a4c577e72335439d759bd0dfe13898733d26817574bcc0f8a0fbc4c60,,
1.0,G03-260202-141834-418,G03-260202-141834-418.bmp,G03,2026-02-02T14:18:34,2026-02-02,G03_2026-02-02,418,train,normal,,1025,1281,1,47d758caae76bc441e11e792cbaa1f140846e7e019607a39789d7dac5f1aa657,,
1.0,G03-260202-141843-419,G03-260202-141843-419.bmp,G03,2026-02-02T14:18:43,2026-02-02,G03_2026-02-02,419,train,normal,,1025,1281,1,cd65dcbd647f424e8ee675c6edf7242d5baee1ab456da940a33f29c1b5b35836,,
1.0,G03-260202-141855-420,G03-260202-141855-420.bmp,G03,2026-02-02T14:18:55,2026-02-02,G03_2026-02-02,420,train,normal,,1025,1281,1,0343a07dbe7028b11831cdf6b978de499934160b605fc3823ec840423b78b6b9,,
1.0,G03-260202-141903-421,G03-260202-141903-421.bmp,G03,2026-02-02T14:19:03,2026-02-02,G03_2026-02-02,421,train,normal,,1025,1281,1,30162f54e8ede03fede55961333fe6059ef0c8f67390d8ea7e00568bcd670d66,,
1.0,G03-260202-141918-422,G03-260202-141918-422.bmp,G03,2026-02-02T14:19:18,2026-02-02,G03_2026-02-02,422,train,normal,,1025,1281,1,e8a6136b1369c4b3a32e5bfec98cccdf02c65baac491b961c7c6a0b11f197ad9,,
1.0,G03-260202-141924-423,G03-260202-141924-423.bmp,G03,2026-02-02T14:19:24,2026-02-02,G03_2026-02-02,423,train,normal,,1025,1281,1,c9c1a771f8b67c701b17c4fe2a1a479e726c796953255ceb850d0e816c52c13f,,
1.0,G03-260202-141933-424,G03-260202-141933-424.bmp,G03,2026-02-02T14:19:33,2026-02-02,G03_2026-02-02,424,train,normal,,1025,1281,1,3fbc8ab31618f5215c73fa14217e7d40799dd01c5d9b8bb0f13f305eeb0a8e69,,
1.0,G03-260202-141943-425,G03-260202-141943-425.bmp,G03,2026-02-02T14:19:43,2026-02-02,G03_2026-02-02,425,train,normal,,1025,1281,1,7e53959d2b2228e743b9e819e208486776f693a88caf1d4b43bb82320470dcf7,,
1.0,G03-260202-141955-426,G03-260202-141955-426.bmp,G03,2026-02-02T14:19:55,2026-02-02,G03_2026-02-02,426,train,normal,,1025,1281,1,a2ef7e4b6f3cad9c7581962a427c5ce00a607aac82aab204d1a93b1900a9afa3,,
1.0,G03-260202-142004-427,G03-260202-142004-427.bmp,G03,2026-02-02T14:20:04,2026-02-02,G03_2026-02-02,427,train,normal,,1025,1281,1,ffbfb9d8b74e876ce5e4164608cd768631f47cad5777714e9e35f31475442449,,
1.0,G03-260202-142014-428,G03-260202-142014-428.bmp,G03,2026-02-02T14:20:14,2026-02-02,G03_2026-02-02,428,train,normal,,1025,1281,1,5bb7cb95a82fef41a37d60576c29a43293456e2396ed241d30ec18b8f0ebf943,,
1.0,G03-260202-142020-429,G03-260202-142020-429.bmp,G03,2026-02-02T14:20:20,2026-02-02,G03_2026-02-02,429,train,normal,,1025,1281,1,f38ec5ca88c7c6bf841d404efd56ebf59bab592c7296707322e271f0edbf9d99,,
1.0,G03-260202-142027-430,G03-260202-142027-430.bmp,G03,2026-02-02T14:20:27,2026-02-02,G03_2026-02-02,430,train,normal,,1025,1281,1,dfdc6c7c142ab07ca9e53a3afe02f5743c14b6241da34442cbc6bd5354c79c38,,
1.0,G03-260202-142040-431,G03-260202-142040-431.bmp,G03,2026-02-02T14:20:40,2026-02-02,G03_2026-02-02,431,train,normal,,1025,1281,1,f292d585c390c73592feeee9de99a9ae6886672f31eae2a88cedd7417e95dbe8,,
1.0,G03-260202-142047-432,G03-260202-142047-432.bmp,G03,2026-02-02T14:20:47,2026-02-02,G03_2026-02-02,432,train,normal,,1025,1281,1,19f10938343c9cddea48d049a8371ed593efd4ec1f8887e434b08d967a6cac2a,,
1.0,G03-260202-142110-433,G03-260202-142110-433.bmp,G03,2026-02-02T14:21:10,2026-02-02,G03_2026-02-02,433,train,normal,,1025,1281,1,cb260bf82917329d3466076d828829b0c9998f863d37677a5888cf4e56310f4e,,
1.0,G03-260202-142117-434,G03-260202-142117-434.bmp,G03,2026-02-02T14:21:17,2026-02-02,G03_2026-02-02,434,train,normal,,1025,1281,1,4b6710c8018215cea81ab10b3e345e2975507e6d940c25338fc9f9e39bbdd924,,
1.0,G03-260202-142140-435,G03-260202-142140-435.bmp,G03,2026-02-02T14:21:40,2026-02-02,G03_2026-02-02,435,train,normal,,1025,1281,1,2a82dc433d9ed3cabde65192ecbc3c927be09e1e1525bfc9ede9c8b24be37890,,
1.0,G03-260202-142147-436,G03-260202-142147-436.bmp,G03,2026-02-02T14:21:47,2026-02-02,G03_2026-02-02,436,train,normal,,1025,1281,1,e454e4cc1dcf30c08931142c4fc246b2defa728a23b330f335b13c4da6ec53dc,,
1.0,G03-260202-142210-437,G03-260202-142210-437.bmp,G03,2026-02-02T14:22:10,2026-02-02,G03_2026-02-02,437,train,normal,,1025,1281,1,1e3f1ccc94803fb30d98109b6eee3a1b940021efccfb0b8942f1a4661c736207,,
1.0,G03-260202-142216-438,G03-260202-142216-438.bmp,G03,2026-02-02T14:22:16,2026-02-02,G03_2026-02-02,438,train,normal,,1025,1281,1,44b943d4ea47a981eb94770d52c95f40a827ca3414a5e492661df6e286d1456f,,
1.0,G03-260202-142234-439,G03-260202-142234-439.bmp,G03,2026-02-02T14:22:34,2026-02-02,G03_2026-02-02,439,train,normal,,1025,1281,1,81b25ff75d90cdd87909fb578e7677bdf5441d26bf7f5c68d3b8d320270e5bbc,,
1.0,G03-260202-142240-440,G03-260202-142240-440.bmp,G03,2026-02-02T14:22:40,2026-02-02,G03_2026-02-02,440,train,normal,,1025,1281,1,c0920dc5a7251b8e7ac1cb0e5056d2f2f40422f5eee172b4a2b532fcb5ec27fa,,
1.0,G03-260202-142302-441,G03-260202-142302-441.bmp,G03,2026-02-02T14:23:02,2026-02-02,G03_2026-02-02,441,train,normal,,1025,1281,1,c81f4e8901120dcf4dbfc025b894f610448fd3d20fa4f0b78cfb65a0a2393747,,
1.0,G03-260202-142314-442,G03-260202-142314-442.bmp,G03,2026-02-02T14:23:14,2026-02-02,G03_2026-02-02,442,train,normal,,1025,1281,1,0514cb360309708861ca14fec13ec1dd10bd8cbe53177cfbba0633632dbc832c,,
1.0,G03-260202-142323-443,G03-260202-142323-443.bmp,G03,2026-02-02T14:23:23,2026-02-02,G03_2026-02-02,443,train,normal,,1025,1281,1,1b14e51c353610d7a9e04c13c96bb044f455fcbc30c842cbf8acb08c7982c2f9,,
1.0,G03-260202-142338-444,G03-260202-142338-444.bmp,G03,2026-02-02T14:23:38,2026-02-02,G03_2026-02-02,444,train,normal,,1025,1281,1,80c87c970e7441273ee541f72585003847f0e3eec0ebb18855a36a09cc783960,,
1.0,G03-260202-142404-445,G03-260202-142404-445.bmp,G03,2026-02-02T14:24:04,2026-02-02,G03_2026-02-02,445,train,normal,,1025,1281,1,fd9ece683ddf081b0c5f73a76057eaa5bed8775071d8b3bbe53ca1a24dc58466,,
1.0,G03-260202-142410-446,G03-260202-142410-446.bmp,G03,2026-02-02T14:24:10,2026-02-02,G03_2026-02-02,446,train,normal,,1025,1281,1,448e83e6b9a31ebc94591688355e6ee2a21feb30bf78cf19cbdeac70c6703d27,,
1.0,G03-260202-142439-447,G03-260202-142439-447.bmp,G03,2026-02-02T14:24:39,2026-02-02,G03_2026-02-02,447,train,normal,,1025,1281,1,e3d8fe4268261b2ee5827cdf5f28a52a47d0297a710e232d9a5aee684267511d,,
1.0,G03-260202-142445-448,G03-260202-142445-448.bmp,G03,2026-02-02T14:24:45,2026-02-02,G03_2026-02-02,448,train,normal,,1025,1281,1,929ad0787443fb8eccb543c5de6895d17a0036c27d9edbfbc582695fb1970ab6,,
1.0,G03-260202-142510-449,G03-260202-142510-449.bmp,G03,2026-02-02T14:25:10,2026-02-02,G03_2026-02-02,449,train,normal,,1025,1281,1,f8fb545a62730d8009eb8abcf644c18948acb180cb3ee8281f05a67f5404f06e,,
1.0,G03-260202-142517-450,G03-260202-142517-450.bmp,G03,2026-02-02T14:25:17,2026-02-02,G03_2026-02-02,450,train,normal,,1025,1281,1,fc27b851cf2d383d6f037bb22e6066de045170d8c0a78a58c91bb38c714cdcca,,
1.0,G03-260202-142541-451,G03-260202-142541-451.bmp,G03,2026-02-02T14:25:41,2026-02-02,G03_2026-02-02,451,train,normal,,1025,1281,1,248e58b35253e06560c951d7de1685991b22ee4ccfb423e11ce828888b7d5f21,,
1.0,G03-260202-142548-452,G03-260202-142548-452.bmp,G03,2026-02-02T14:25:48,2026-02-02,G03_2026-02-02,452,train,normal,,1025,1281,1,bef08da579efa97884d2d491e99268d9a5108e0ed9dda60a6f00f9c8359f0fd4,,
1.0,G03-260202-142608-453,G03-260202-142608-453.bmp,G03,2026-02-02T14:26:08,2026-02-02,G03_2026-02-02,453,train,normal,,1025,1281,1,aa4db8ba3d679cb0232dbddad1c964f146c7ed95472752cb4a9a8a070f0972b9,,
1.0,G03-260202-142615-454,G03-260202-142615-454.bmp,G03,2026-02-02T14:26:15,2026-02-02,G03_2026-02-02,454,train,normal,,1025,1281,1,8bd47965b9e4cce8fe16e898dd9ef85d4ae7390d44cc31b625ed661d52b8ca43,,
1.0,G03-260202-142637-455,G03-260202-142637-455.bmp,G03,2026-02-02T14:26:37,2026-02-02,G03_2026-02-02,455,train,normal,,1025,1281,1,0469a1d157656376a618f11a3f8cfa317e5c588432ffd352cf6d1c0806f694df,,
1.0,G03-260202-142643-456,G03-260202-142643-456.bmp,G03,2026-02-02T14:26:43,2026-02-02,G03_2026-02-02,456,train,normal,,1025,1281,1,b22c602bf4949556c420a05dbbf46bcf55245061acf6c4ccd30c20eb3b40131e,,
1.0,G03-260202-142707-457,G03-260202-142707-457.bmp,G03,2026-02-02T14:27:07,2026-02-02,G03_2026-02-02,457,train,normal,,1025,1281,1,ef556fd247aee0580af483fae84256996d6e97e3c3e04e4e3a0d7c17d1c98c04,,
1.0,G03-260202-142713-458,G03-260202-142713-458.bmp,G03,2026-02-02T14:27:13,2026-02-02,G03_2026-02-02,458,train,normal,,1025,1281,1,c9b51841a33c4f72326ddc699bc5f5d91b391647868f9bf772f6982df4035cb4,,
1.0,G03-260202-142734-459,G03-260202-142734-459.bmp,G03,2026-02-02T14:27:34,2026-02-02,G03_2026-02-02,459,train,normal,,1025,1281,1,480dc8953eb0266ac3b62aee54bf9bebd91e2bb1a9453399c04c561f12ea9fcc,,
1.0,G03-260202-142740-460,G03-260202-142740-460.bmp,G03,2026-02-02T14:27:40,2026-02-02,G03_2026-02-02,460,train,normal,,1025,1281,1,7dfe2023199f050a0221af023738928294a9ea32e7c10b8841eda4227e49d54a,,
1.0,G03-260202-142803-461,G03-260202-142803-461.bmp,G03,2026-02-02T14:28:03,2026-02-02,G03_2026-02-02,461,train,normal,,1025,1281,1,c48bcb31d5962e11785f9410259aea1bb322434398a292726cb1d56ac8279ae7,,
1.0,G03-260202-142809-462,G03-260202-142809-462.bmp,G03,2026-02-02T14:28:09,2026-02-02,G03_2026-02-02,462,train,normal,,1025,1281,1,6f00d9f0f3f542854e9c86a0a62f946b9244b1427291b633e73a061f31169b08,,
1.0,G03-260202-142833-463,G03-260202-142833-463.bmp,G03,2026-02-02T14:28:33,2026-02-02,G03_2026-02-02,463,train,normal,,1025,1281,1,5f78af27b5ae63cd8f71f53eaf6511fc2f73e91a6420c47eb08d5b39bf80f8bc,,
1.0,G03-260202-142840-464,G03-260202-142840-464.bmp,G03,2026-02-02T14:28:40,2026-02-02,G03_2026-02-02,464,train,normal,,1025,1281,1,9b7f3d56d82727117111b2d727a47ee40500f35569ab382436153e44d7ee6288,,
1.0,G03-260202-142857-465,G03-260202-142857-465.bmp,G03,2026-02-02T14:28:57,2026-02-02,G03_2026-02-02,465,train,normal,,1025,1281,1,651409957e3161ab8d665ce7d7504bbeff7241f4276f85c0bbc3417ba3332ad6,,
1.0,G03-260202-142913-466,G03-260202-142913-466.bmp,G03,2026-02-02T14:29:13,2026-02-02,G03_2026-02-02,466,train,normal,,1025,1281,1,10af322fedfd9e1ffb90f0e36565b92af7c7b9edc53488fea2f752b0ae3e71ef,,
1.0,G03-260202-142946-467,G03-260202-142946-467.bmp,G03,2026-02-02T14:29:46,2026-02-02,G03_2026-02-02,467,train,normal,,1025,1281,1,e2a48cfb765faa93ebb11a126e66d8462d356f5e70f77028808d558a713b1799,,
1.0,G03-260202-142952-468,G03-260202-142952-468.bmp,G03,2026-02-02T14:29:52,2026-02-02,G03_2026-02-02,468,train,normal,,1025,1281,1,30c279dca9418266b0f23eede4e9f4b4365f90bd993b8fe84e349c4388f48863,,
1.0,G03-260202-143010-469,G03-260202-143010-469.bmp,G03,2026-02-02T14:30:10,2026-02-02,G03_2026-02-02,469,train,normal,,1025,1281,1,0d1e592cfb151e6e082da38495305242445e746193ecdb3d27f9a0e3641be601,,
1.0,G03-260202-143016-470,G03-260202-143016-470.bmp,G03,2026-02-02T14:30:16,2026-02-02,G03_2026-02-02,470,train,normal,,1025,1281,1,7e2ad6ae7f960a19ec6fbc6b0fcbb8520911f1824939abb5e81bbcb25b2cad56,,
1.0,G03-260202-143040-471,G03-260202-143040-471.bmp,G03,2026-02-02T14:30:40,2026-02-02,G03_2026-02-02,471,train,normal,,1025,1281,1,ba02db7f6643f1a2953aaaf78feeae0b8b104feceb9c3f811237e7c740d5a417,,
1.0,G03-260202-143047-472,G03-260202-143047-472.bmp,G03,2026-02-02T14:30:47,2026-02-02,G03_2026-02-02,472,train,normal,,1025,1281,1,daea0e958022f77a6693e1f820008c8cd5a53e06254795714a600a701c6f4b66,,
1.0,G03-260202-143109-473,G03-260202-143109-473.bmp,G03,2026-02-02T14:31:09,2026-02-02,G03_2026-02-02,473,train,normal,,1025,1281,1,eee497d43b5f7818c695baf6e104002b2d68969a422b6f19d1d9b9e176a7d787,,
1.0,G03-260202-143115-474,G03-260202-143115-474.bmp,G03,2026-02-02T14:31:15,2026-02-02,G03_2026-02-02,474,train,normal,,1025,1281,1,653e24d5ccc6abe3fb87b37c7de1a33ee77ce539bd9dbd207315537a45e61746,,
1.0,G03-260202-143142-475,G03-260202-143142-475.bmp,G03,2026-02-02T14:31:42,2026-02-02,G03_2026-02-02,475,train,normal,,1025,1281,1,e24f3a6de7008a0988f3ff94bfa2397bb1051601c0ec583bb2ace8ef8a8b5e4f,,
1.0,G03-260202-143148-476,G03-260202-143148-476.bmp,G03,2026-02-02T14:31:48,2026-02-02,G03_2026-02-02,476,train,normal,,1025,1281,1,d083f72cdf2ae4f746f4d91f19fd586c87b5d5331df433a001c46959ff4e3366,,
1.0,G03-260202-143211-477,G03-260202-143211-477.bmp,G03,2026-02-02T14:32:11,2026-02-02,G03_2026-02-02,477,train,normal,,1025,1281,1,ad19b2ecf2ebc49d49abb607c8468773e3f4d8c8e1b12126c1ef8018a665f07b,,
1.0,G03-260202-143217-478,G03-260202-143217-478.bmp,G03,2026-02-02T14:32:17,2026-02-02,G03_2026-02-02,478,train,normal,,1025,1281,1,c00c4946287fc778b845a3299ef957bc3b0f43ef2aa5ce57fdd380fe2939950a,,
1.0,G03-260202-143238-479,G03-260202-143238-479.bmp,G03,2026-02-02T14:32:38,2026-02-02,G03_2026-02-02,479,train,normal,,1025,1281,1,c64a3b0cc060ab2de79a3265aa03cda1ca0729184c2f41a83ee345f8268e4d0f,,
1.0,G03-260202-143244-480,G03-260202-143244-480.bmp,G03,2026-02-02T14:32:44,2026-02-02,G03_2026-02-02,480,train,normal,,1025,1281,1,d9ad1cf11489d9d8d350c38cc1ccf7894215743ae6410b78d71c31fc3230d15a,,
1.0,G03-260202-143309-481,G03-260202-143309-481.bmp,G03,2026-02-02T14:33:09,2026-02-02,G03_2026-02-02,481,train,normal,,1025,1281,1,a073c202ecc5fd877f2ac41cc0178e687f292f82418de95588006e9eb8f5d7aa,,
1.0,G03-260202-143315-482,G03-260202-143315-482.bmp,G03,2026-02-02T14:33:15,2026-02-02,G03_2026-02-02,482,train,normal,,1025,1281,1,063611933d85f931dacf0981bb432bbaea30442fd727a6bb6db6cdec5b7e88b5,,
1.0,G03-260202-143342-483,G03-260202-143342-483.bmp,G03,2026-02-02T14:33:42,2026-02-02,G03_2026-02-02,483,train,normal,,1025,1281,1,eaf5208a4a1503c9b565f77eb49249575b069a96e49212b3be075f77dd04300a,,
1.0,G03-260202-143348-484,G03-260202-143348-484.bmp,G03,2026-02-02T14:33:48,2026-02-02,G03_2026-02-02,484,train,normal,,1025,1281,1,fe526f013b932c70bab97e15be234a166f31b77e6dc5fd8c3373a22ac8866ce8,,
1.0,G03-260202-143410-485,G03-260202-143410-485.bmp,G03,2026-02-02T14:34:10,2026-02-02,G03_2026-02-02,485,train,normal,,1025,1281,1,c0ebcbfedfd13309cd036cd446d774472db9e81af7249dc23683cd30d3ffd570,,
1.0,G03-260202-143416-486,G03-260202-143416-486.bmp,G03,2026-02-02T14:34:16,2026-02-02,G03_2026-02-02,486,train,normal,,1025,1281,1,41e1d2cdf410f9e407e30e5c75d49bf92770742495a97201f3fd32e4abc0a203,,
1.0,G03-260202-143442-487,G03-260202-143442-487.bmp,G03,2026-02-02T14:34:42,2026-02-02,G03_2026-02-02,487,train,normal,,1025,1281,1,01209d2f5468da8cf61244f467e97adf7d622d6e8ced85b0659e9bca03327882,,
1.0,G03-260202-143449-488,G03-260202-143449-488.bmp,G03,2026-02-02T14:34:49,2026-02-02,G03_2026-02-02,488,train,normal,,1025,1281,1,c443a2e1d269cc9070103b03bfeca80908d55e7a2a1538d91b672303db1d859b,,
1.0,G03-260202-143509-489,G03-260202-143509-489.bmp,G03,2026-02-02T14:35:09,2026-02-02,G03_2026-02-02,489,train,normal,,1025,1281,1,3f99606798e488b304072881bdf71bd0454287aa66afb54e784f64fbba3fde5a,,
1.0,G03-260202-143516-490,G03-260202-143516-490.bmp,G03,2026-02-02T14:35:16,2026-02-02,G03_2026-02-02,490,train,normal,,1025,1281,1,3d3bfbce29c7af2c5a848274fcd1a230541b352ae0f72d19b907d1327dcbd97f,,
1.0,G03-260202-143541-491,G03-260202-143541-491.bmp,G03,2026-02-02T14:35:41,2026-02-02,G03_2026-02-02,491,train,normal,,1025,1281,1,aeaaea9937fd4e3f15496cdd98c9dcf4f76f94da6c74ad463d5952c56a15d910,,
1.0,G03-260202-143547-492,G03-260202-143547-492.bmp,G03,2026-02-02T14:35:47,2026-02-02,G03_2026-02-02,492,train,normal,,1025,1281,1,c32152cf4afa49ff48100d28a44741d728dba912b5a5e446de4926522d6f81ec,,
1.0,G03-260202-143611-493,G03-260202-143611-493.bmp,G03,2026-02-02T14:36:11,2026-02-02,G03_2026-02-02,493,train,normal,,1025,1281,1,1a7a651ae50e4c12e6bcbfeb989989575c313cf2fe9d7b38daae94ac71c26056,,
1.0,G03-260202-143618-494,G03-260202-143618-494.bmp,G03,2026-02-02T14:36:18,2026-02-02,G03_2026-02-02,494,train,normal,,1025,1281,1,7775e70538a56fe0759e7645ad3f67e1cde4e1ab7186a52e9f719961ff24bb5c,,
1.0,G03-260202-143641-495,G03-260202-143641-495.bmp,G03,2026-02-02T14:36:41,2026-02-02,G03_2026-02-02,495,train,normal,,1025,1281,1,a61fbeb7f5995aec05201680589f7907ae7c2cae19a7f1ddc4a0ab05807f0f96,,
1.0,G03-260202-143648-496,G03-260202-143648-496.bmp,G03,2026-02-02T14:36:48,2026-02-02,G03_2026-02-02,496,train,normal,,1025,1281,1,7c5df7495a59d34f43ea01b89ae0d0720efd65a4a5582e8bbc329b1586d4d65d,,
1.0,G03-260202-143712-497,G03-260202-143712-497.bmp,G03,2026-02-02T14:37:12,2026-02-02,G03_2026-02-02,497,train,normal,,1025,1281,1,02b0cb8e03d15572a0e3d8a33152786eaf297ffba5ea29a8a910545c48f6a164,,
1.0,G03-260202-143718-498,G03-260202-143718-498.bmp,G03,2026-02-02T14:37:18,2026-02-02,G03_2026-02-02,498,train,normal,,1025,1281,1,d5213e82be4ffdd2cb40ac77c4d9fa9aa8ef289239d6096cea84e12d535dba97,,
1.0,G03-260202-143740-499,G03-260202-143740-499.bmp,G03,2026-02-02T14:37:40,2026-02-02,G03_2026-02-02,499,train,normal,,1025,1281,1,f595f335f8a58ce1769608e252a9bc4f6469825dceed05a5f17bcdaccc13cff3,,
1.0,G03-260202-143747-500,G03-260202-143747-500.bmp,G03,2026-02-02T14:37:47,2026-02-02,G03_2026-02-02,500,train,normal,,1025,1281,1,5532c8e3d15d6152762395efa387a43693553e9ae2c2d57643aa1b7ca7e4703e,,
1.0,G03-260202-143812-501,G03-260202-143812-501.bmp,G03,2026-02-02T14:38:12,2026-02-02,G03_2026-02-02,501,train,normal,,1025,1281,1,dbaf23df748a0160b41a070254a5d6fc3fb3428d8165e15407a9634a071f1580,,
1.0,G03-260202-143818-502,G03-260202-143818-502.bmp,G03,2026-02-02T14:38:18,2026-02-02,G03_2026-02-02,502,train,normal,,1025,1281,1,1adf215a1056b040d7bb8825d01fc0887a42b176148b9ff9fd3fac7d257c0502,,
1.0,G03-260202-143842-503,G03-260202-143842-503.bmp,G03,2026-02-02T14:38:42,2026-02-02,G03_2026-02-02,503,train,normal,,1025,1281,1,6e0cb7502b9b27d9530d6c6d5d4d9d5c98172fd93874b4f86104f98c0292d929,,
1.0,G03-260202-143849-504,G03-260202-143849-504.bmp,G03,2026-02-02T14:38:49,2026-02-02,G03_2026-02-02,504,train,normal,,1025,1281,1,8901e1c0b8569471ea4424073bbec2ba7d59eee1ca94e2d41ecf9da4262fc282,,
1.0,G03-260202-143911-505,G03-260202-143911-505.bmp,G03,2026-02-02T14:39:11,2026-02-02,G03_2026-02-02,505,train,normal,,1025,1281,1,b8a512927fb641e182bbe9cde620029812e2c95e566fd458b0983de0c096d199,,
1.0,G03-260202-143917-506,G03-260202-143917-506.bmp,G03,2026-02-02T14:39:17,2026-02-02,G03_2026-02-02,506,train,normal,,1025,1281,1,83ecb9ee3f3c5708b1d2d1d57e779febde5847cab998bc2e662d1d5a8b7a004b,,
1.0,G03-260202-143942-507,G03-260202-143942-507.bmp,G03,2026-02-02T14:39:42,2026-02-02,G03_2026-02-02,507,train,normal,,1025,1281,1,810a855be6a5b220ce8bbce25b890cde3044793c39b56c1fbbc359fc03830453,,
1.0,G03-260202-143949-508,G03-260202-143949-508.bmp,G03,2026-02-02T14:39:49,2026-02-02,G03_2026-02-02,508,train,normal,,1025,1281,1,c77156018c568f77403942f5f77b6a061495e55b7d377aa2023a5296d9857e63,,
1.0,G03-260202-144014-509,G03-260202-144014-509.bmp,G03,2026-02-02T14:40:14,2026-02-02,G03_2026-02-02,509,train,normal,,1025,1281,1,0a3b94fa204d3a7df1eb956b316146af2e1a06564df88fec00b1fd433e79b10f,,
1.0,G03-260202-144020-510,G03-260202-144020-510.bmp,G03,2026-02-02T14:40:20,2026-02-02,G03_2026-02-02,510,train,normal,,1025,1281,1,ed42957a7a0a37b0fdc1ba3f8327b415a47d66635c55a9dea14c30e3662d8684,,
1.0,G03-260202-144042-511,G03-260202-144042-511.bmp,G03,2026-02-02T14:40:42,2026-02-02,G03_2026-02-02,511,train,normal,,1025,1281,1,320c210106626a01e8e4a0b571007009546d95c1e9dae9c064693e8de7eabcee,,
1.0,G03-260202-144048-512,G03-260202-144048-512.bmp,G03,2026-02-02T14:40:48,2026-02-02,G03_2026-02-02,512,train,normal,,1025,1281,1,8d504408068f009dd520fcd0a59dc89cebdd94eb127af0850f949f777e231c10,,
1.0,G03-260202-144113-513,G03-260202-144113-513.bmp,G03,2026-02-02T14:41:13,2026-02-02,G03_2026-02-02,513,train,normal,,1025,1281,1,93d324d505d2b8c936983bb518b35e94b8df8bf2a49ee8cc628caa8bb455bcad,,
1.0,G03-260202-144119-514,G03-260202-144119-514.bmp,G03,2026-02-02T14:41:19,2026-02-02,G03_2026-02-02,514,train,normal,,1025,1281,1,62892774e7aa87615fe4749567b9f93c175915199ede6a561366766eb3b9990a,,
1.0,G03-260202-144141-515,G03-260202-144141-515.bmp,G03,2026-02-02T14:41:41,2026-02-02,G03_2026-02-02,515,train,normal,,1025,1281,1,e3dd7e95feea94a8155c7b5b1e05eb7c6d60a8e464a5e144bff737ea878db8de,,
1.0,G03-260202-144147-516,G03-260202-144147-516.bmp,G03,2026-02-02T14:41:47,2026-02-02,G03_2026-02-02,516,train,normal,,1025,1281,1,4a37949a3f544da93424c5af0348c198d8c90c0bbb112a4c2355603d68d412e5,,
1.0,G03-260202-144211-517,G03-260202-144211-517.bmp,G03,2026-02-02T14:42:11,2026-02-02,G03_2026-02-02,517,train,normal,,1025,1281,1,56831e49603c5e6dd63096ffd2694f2cd6635ac30c444144f9e672d8154d29db,,
1.0,G03-260202-144218-518,G03-260202-144218-518.bmp,G03,2026-02-02T14:42:18,2026-02-02,G03_2026-02-02,518,train,normal,,1025,1281,1,d1db3ed57491f2823ae4ad18425bffadc47514a0162ad1de7b2b016f50d54571,,
1.0,G03-260202-144243-519,G03-260202-144243-519.bmp,G03,2026-02-02T14:42:43,2026-02-02,G03_2026-02-02,519,train,normal,,1025,1281,1,8ca01052eeb13f4111b5f5b39554552e682af5d18d042049046eba1618a8229f,,
1.0,G03-260202-144251-520,G03-260202-144251-520.bmp,G03,2026-02-02T14:42:51,2026-02-02,G03_2026-02-02,520,train,normal,,1025,1281,1,b77a52a8951f96212a9fad8a9c929f5d1d5b22d8ed85833f1ceef8809e21c818,,
1.0,G03-260202-144307-521,G03-260202-144307-521.bmp,G03,2026-02-02T14:43:07,2026-02-02,G03_2026-02-02,521,train,normal,,1025,1281,1,a1dadd7831020f39eef35707a8438f614a1a427a888a5a75bb640d9188148a38,,
1.0,G03-260202-144314-522,G03-260202-144314-522.bmp,G03,2026-02-02T14:43:14,2026-02-02,G03_2026-02-02,522,train,normal,,1025,1281,1,015d1f06b51e28d860f30cd8258e7db45715208728f2022b2df1c2bdd85f50fd,,
1.0,G03-260202-144342-523,G03-260202-144342-523.bmp,G03,2026-02-02T14:43:42,2026-02-02,G03_2026-02-02,523,train,normal,,1025,1281,1,499c1d8799fb58d432fd57316b742ac0f5b7d8250d932633506b7598cccf5e30,,
1.0,G03-260202-144348-524,G03-260202-144348-524.bmp,G03,2026-02-02T14:43:48,2026-02-02,G03_2026-02-02,524,train,normal,,1025,1281,1,f12e60abb0b1fd487fa02bab7c0c9060ac0da6b83ec7ffc3d02da8e9ad480b4d,,
1.0,G03-260202-144412-525,G03-260202-144412-525.bmp,G03,2026-02-02T14:44:12,2026-02-02,G03_2026-02-02,525,train,normal,,1025,1281,1,dcc332ca1c3089cee1bfb1615aef63dd5dad29328b5c418313918b37e6428da9,,
1.0,G03-260202-144421-526,G03-260202-144421-526.bmp,G03,2026-02-02T14:44:21,2026-02-02,G03_2026-02-02,526,train,normal,,1025,1281,1,5f9ffc59ee47d44c5453dc655ce9be7896adae62ea0a60c8e291d890cd45d6bf,,
1.0,G03-260202-144439-527,G03-260202-144439-527.bmp,G03,2026-02-02T14:44:39,2026-02-02,G03_2026-02-02,527,train,normal,,1025,1281,1,11f24ab06dc3face228abaac74c037560fdd1ddeb02670bf92df010a5427acbe,,
1.0,G03-260202-144446-528,G03-260202-144446-528.bmp,G03,2026-02-02T14:44:46,2026-02-02,G03_2026-02-02,528,train,normal,,1025,1281,1,1f810ce525072bc2a295c1f4f272e25144e6e289691be21d79ff997c229c6e91,,
1.0,G03-260202-144510-529,G03-260202-144510-529.bmp,G03,2026-02-02T14:45:10,2026-02-02,G03_2026-02-02,529,train,normal,,1025,1281,1,a2141ac989c871773572f7160eb180f4641aaf64c02301f95ef925c862d2ad75,,
1.0,G03-260202-144516-530,G03-260202-144516-530.bmp,G03,2026-02-02T14:45:16,2026-02-02,G03_2026-02-02,530,train,normal,,1025,1281,1,32c30e1e071e3323f122da418b490a16a53d4dd68a69fceaf70ee1d7ffd7ea62,,
1.0,G03-260202-144542-531,G03-260202-144542-531.bmp,G03,2026-02-02T14:45:42,2026-02-02,G03_2026-02-02,531,train,normal,,1025,1281,1,b82bb16d9f25cbf4070cfb751b10d65f16574b840539f0756c679248fec88775,,
1.0,G03-260202-144551-532,G03-260202-144551-532.bmp,G03,2026-02-02T14:45:51,2026-02-02,G03_2026-02-02,532,train,normal,,1025,1281,1,eb09bde96706f6ea06acdf04006bcb7076d8fd8c7272740c99090ff3f630c28d,,
1.0,G03-260202-144608-533,G03-260202-144608-533.bmp,G03,2026-02-02T14:46:08,2026-02-02,G03_2026-02-02,533,train,normal,,1025,1281,1,249cd3d7bdcbb8978a806a34cd87cba302e9747e215b985ecb7e083d6b25ecff,,
1.0,G03-260202-144615-534,G03-260202-144615-534.bmp,G03,2026-02-02T14:46:15,2026-02-02,G03_2026-02-02,534,train,normal,,1025,1281,1,87dc5e3c2f1ec5535bbea663b45ba87783f1a5ddc2ff5036465f57fcb26e501b,,
1.0,G03-260202-144643-535,G03-260202-144643-535.bmp,G03,2026-02-02T14:46:43,2026-02-02,G03_2026-02-02,535,train,normal,,1025,1281,1,b0121180ecc40cfecb87e2dce7e70b198b56a86a84dd7520515f8b31c911f6ef,,
1.0,G03-260202-144649-536,G03-260202-144649-536.bmp,G03,2026-02-02T14:46:49,2026-02-02,G03_2026-02-02,536,train,normal,,1025,1281,1,a8014e2cafc684ed80879f24a8a3e296193941d852943239579d37a0b37759b4,,
1.0,G03-260202-144712-537,G03-260202-144712-537.bmp,G03,2026-02-02T14:47:12,2026-02-02,G03_2026-02-02,537,train,normal,,1025,1281,1,251ecaea3f4ac7e6f3221236cc9eeb09692657230ac9d651075ef87f3b1d335e,,
1.0,G03-260202-144718-538,G03-260202-144718-538.bmp,G03,2026-02-02T14:47:18,2026-02-02,G03_2026-02-02,538,train,normal,,1025,1281,1,3a61e8312a518537f8f71f116e8e5823a113d4b54a045be3e6fb2ba0a54ae2eb,,
1.0,G03-260202-144741-539,G03-260202-144741-539.bmp,G03,2026-02-02T14:47:41,2026-02-02,G03_2026-02-02,539,train,normal,,1025,1281,1,856963508ec8fa18ec9e5fd4eb5ae7b3c5f6abc08097c28558943180f1458b59,,
1.0,G03-260202-144748-540,G03-260202-144748-540.bmp,G03,2026-02-02T14:47:48,2026-02-02,G03_2026-02-02,540,train,normal,,1025,1281,1,20f178ab78baf9e36726969b30e4a3bfd22992cd005ee54fbca9d9c407f259be,,
1.0,G03-260202-144812-541,G03-260202-144812-541.bmp,G03,2026-02-02T14:48:12,2026-02-02,G03_2026-02-02,541,train,normal,,1025,1281,1,a4f98c59d3984ba050a942ac5f243992c554fd836faf1671a66f9429ebea3663,,
1.0,G03-260202-144819-542,G03-260202-144819-542.bmp,G03,2026-02-02T14:48:19,2026-02-02,G03_2026-02-02,542,train,normal,,1025,1281,1,15c3a6bd0926ee2d8d9cfb401a5eadf47613b0c5dc66b6f44a28945050a884ab,,
1.0,G03-260202-144843-543,G03-260202-144843-543.bmp,G03,2026-02-02T14:48:43,2026-02-02,G03_2026-02-02,543,train,normal,,1025,1281,1,28d7d89d8225a347c811d3a8dbcfbb1949112fb3ddf96580c42bc155eb0f20c9,,
1.0,G03-260202-144849-544,G03-260202-144849-544.bmp,G03,2026-02-02T14:48:49,2026-02-02,G03_2026-02-02,544,train,normal,,1025,1281,1,357c6048abce3990edf679addee3a31b23c1854ad5c7aceb026a865f31ec9237,,
1.0,G03-260202-144915-545,G03-260202-144915-545.bmp,G03,2026-02-02T14:49:15,2026-02-02,G03_2026-02-02,545,train,normal,,1025,1281,1,929b45d79bd7599edffe372751777324be907779716a606a87269fa63beabfc9,,
1.0,G03-260202-144921-546,G03-260202-144921-546.bmp,G03,2026-02-02T14:49:21,2026-02-02,G03_2026-02-02,546,train,normal,,1025,1281,1,8c21989e842643d9056ec2c96c4a40a60b8719d0dd697fc22c2cc53904658625,,
1.0,G03-260202-144943-547,G03-260202-144943-547.bmp,G03,2026-02-02T14:49:43,2026-02-02,G03_2026-02-02,547,train,normal,,1025,1281,1,fe46ca53e72586b72324b922322fb277289a790572f5e9a95c55c40bf57e94ec,,
1.0,G03-260202-144949-548,G03-260202-144949-548.bmp,G03,2026-02-02T14:49:49,2026-02-02,G03_2026-02-02,548,train,normal,,1025,1281,1,7985941c60eb2aeb77e7055b748c86dcc08a51bc50e8386f1446222382122588,,
1.0,G03-260202-145015-549,G03-260202-145015-549.bmp,G03,2026-02-02T14:50:15,2026-02-02,G03_2026-02-02,549,train,normal,,1025,1281,1,7019032707d09657ca63de056397ee8ee76291574d278ea9964a23d7c0c529ef,,
1.0,G03-260202-145021-550,G03-260202-145021-550.bmp,G03,2026-02-02T14:50:21,2026-02-02,G03_2026-02-02,550,train,normal,,1025,1281,1,dfe497dc4458267a1825360f040ab10f8785467844fbcf93e5060d7ef7d77704,,
1.0,G03-260202-145045-551,G03-260202-145045-551.bmp,G03,2026-02-02T14:50:45,2026-02-02,G03_2026-02-02,551,train,normal,,1025,1281,1,2ce404bf9208013e871c13d47b09440f7ceb11dbe8ff872cc801b3d795dcd487,,
1.0,G03-260202-145051-552,G03-260202-145051-552.bmp,G03,2026-02-02T14:50:51,2026-02-02,G03_2026-02-02,552,train,normal,,1025,1281,1,042e4fbb22ad9f68381f91e15941b66dd983fc3f435dc0331a180fb15cab3cbf,,
1.0,G03-260202-145138-553,G03-260202-145138-553.bmp,G03,2026-02-02T14:51:38,2026-02-02,G03_2026-02-02,553,train,normal,,1025,1281,1,501d633c06a77f7e4a49735529ce3c443b315d485ff9a9b74060b73ef1aaab8b,,
1.0,G03-260202-145141-554,G03-260202-145141-554.bmp,G03,2026-02-02T14:51:41,2026-02-02,G03_2026-02-02,554,train,normal,,1025,1281,1,6f9dafbc3e95a549a608ec65c7567bbe8ac091869872b53dd4e7db24c2d18382,,
1.0,G03-260202-145215-555,G03-260202-145215-555.bmp,G03,2026-02-02T14:52:15,2026-02-02,G03_2026-02-02,555,train,normal,,1025,1281,1,e15e25e0c63b99a0c8a39368686d5a153f364d7718c3c833e9f291be4a3049cf,,
1.0,G03-260202-145217-556,G03-260202-145217-556.bmp,G03,2026-02-02T14:52:17,2026-02-02,G03_2026-02-02,556,train,normal,,1025,1281,1,e88696fef1caa0c5fa87a276426947b86583649f6bff61c85a6d224fc4495e8d,,
1.0,G03-260202-145221-557,G03-260202-145221-557.bmp,G03,2026-02-02T14:52:21,2026-02-02,G03_2026-02-02,557,train,normal,,1025,1281,1,6b306d2f5acb22720ef1d20dc9d96930e63930d4d64c3e63b671dd341fd394cd,,
1.0,G03-260202-145227-558,G03-260202-145227-558.bmp,G03,2026-02-02T14:52:27,2026-02-02,G03_2026-02-02,558,train,normal,,1025,1281,1,8af4d0434857b0825e6051863ffa4bfefdea95862c90ed27ff250f480646f7de,,
1.0,G03-260202-145245-559,G03-260202-145245-559.bmp,G03,2026-02-02T14:52:45,2026-02-02,G03_2026-02-02,559,train,normal,,1025,1281,1,f9aed9ed32395eda7b6bdde497544db7d5dcbdf846697a0f7fcc7f8d600bee37,,
1.0,G03-260202-145251-560,G03-260202-145251-560.bmp,G03,2026-02-02T14:52:51,2026-02-02,G03_2026-02-02,560,train,normal,,1025,1281,1,044c18aebb2152654bbc6dd24416d1982eb7b35855545208f1e504ea4101241d,,
1.0,G03-260202-145312-561,G03-260202-145312-561.bmp,G03,2026-02-02T14:53:12,2026-02-02,G03_2026-02-02,561,train,normal,,1025,1281,1,a4288e4696c7887952e462cfedc365bb1d59d36a1a4792c15466d08c38b48d93,,
1.0,G03-260202-145319-562,G03-260202-145319-562.bmp,G03,2026-02-02T14:53:19,2026-02-02,G03_2026-02-02,562,train,normal,,1025,1281,1,0ec8906da4262a6bfc1b407918c3669317c8c76b536c9be63d913c21b39dbb1f,,
1.0,G03-260202-145342-563,G03-260202-145342-563.bmp,G03,2026-02-02T14:53:42,2026-02-02,G03_2026-02-02,563,train,normal,,1025,1281,1,1a6cdc076b6e18f26870461cc8e5b6de2e1e6947b2f7429d084bb913e371c15c,,
1.0,G03-260202-145349-564,G03-260202-145349-564.bmp,G03,2026-02-02T14:53:49,2026-02-02,G03_2026-02-02,564,train,normal,,1025,1281,1,bde12d315c71480aa0ee2326083b6f1094b50a6646d253de856b35c93c5bd4cc,,
1.0,G03-260202-145409-565,G03-260202-145409-565.bmp,G03,2026-02-02T14:54:09,2026-02-02,G03_2026-02-02,565,train,normal,,1025,1281,1,21b7c44595312b95bb6e09db02dc3aacd201c7529277f1ae2039292c34077e68,,
1.0,G03-260202-145415-566,G03-260202-145415-566.bmp,G03,2026-02-02T14:54:15,2026-02-02,G03_2026-02-02,566,train,normal,,1025,1281,1,f696aad33103546ca8904f9ae6dc5564f30689ec8de9b6aed9c8318a34563db7,,
1.0,G03-260202-145439-567,G03-260202-145439-567.bmp,G03,2026-02-02T14:54:39,2026-02-02,G03_2026-02-02,567,train,normal,,1025,1281,1,522636f5bff74fd7680bfb5277ff38a4edf18e42f8fc7125135b0f4838783692,,
1.0,G03-260202-145445-568,G03-260202-145445-568.bmp,G03,2026-02-02T14:54:45,2026-02-02,G03_2026-02-02,568,train,normal,,1025,1281,1,ad26fa5863bd1c87fda008040cf7ff5c903df11bd456d142eb5ad939014f89a7,,
1.0,G03-260202-145513-569,G03-260202-145513-569.bmp,G03,2026-02-02T14:55:13,2026-02-02,G03_2026-02-02,569,train,normal,,1025,1281,1,2e33404fa05617c0328265deb326b3fb6005f03ae47ec742902511907c03cb3f,,
1.0,G03-260202-145519-570,G03-260202-145519-570.bmp,G03,2026-02-02T14:55:19,2026-02-02,G03_2026-02-02,570,train,normal,,1025,1281,1,5dfbf1d9f3c34737ce5b2bd7aa44c020732b8798085be8063c94726709d58e56,,
1.0,G03-260202-145542-571,G03-260202-145542-571.bmp,G03,2026-02-02T14:55:42,2026-02-02,G03_2026-02-02,571,train,normal,,1025,1281,1,befb50a5341eb43ba8caa951184714feba3404467cebd407abe50f4bb0008a48,,
1.0,G03-260202-145548-572,G03-260202-145548-572.bmp,G03,2026-02-02T14:55:48,2026-02-02,G03_2026-02-02,572,train,normal,,1025,1281,1,e66a1e707d8255e5a4df5c604cf28bc5afed44a397eb05ffc1d2f7e12fb777e6,,
1.0,G03-260202-145608-573,G03-260202-145608-573.bmp,G03,2026-02-02T14:56:08,2026-02-02,G03_2026-02-02,573,train,normal,,1025,1281,1,70e156c98a5903e2d69209e1b61fc563635c2475d4612ce1c2525011a0023459,,
1.0,G03-260202-145614-574,G03-260202-145614-574.bmp,G03,2026-02-02T14:56:14,2026-02-02,G03_2026-02-02,574,train,normal,,1025,1281,1,6fe8183ba91cbdbd6206de61d714dec8692f6fd6893718861a711893c1d2bbed,,
1.0,G03-260202-145644-575,G03-260202-145644-575.bmp,G03,2026-02-02T14:56:44,2026-02-02,G03_2026-02-02,575,train,normal,,1025,1281,1,04f9992dfc5e6006280244d4a02e99a5aeaccadd2c2cd90eee1f4a0d4efe73d7,,
1.0,G03-260202-145650-576,G03-260202-145650-576.bmp,G03,2026-02-02T14:56:50,2026-02-02,G03_2026-02-02,576,train,normal,,1025,1281,1,71cd4ffbfba312b2938cd0945c5346fc5f1225cc68797dd59314027eb120731f,,
1.0,G03-260202-145713-577,G03-260202-145713-577.bmp,G03,2026-02-02T14:57:13,2026-02-02,G03_2026-02-02,577,train,normal,,1025,1281,1,b9d8635e8a93f147b962c1dcb34384607fbb9e37f46cdb9399a9bde53819f795,,
1.0,G03-260202-145719-578,G03-260202-145719-578.bmp,G03,2026-02-02T14:57:19,2026-02-02,G03_2026-02-02,578,train,normal,,1025,1281,1,29c217b4b54a61527cf17393d5c0f4d7f4342092f33d5ee6705ccfe46e2906e2,,
1.0,G03-260202-145745-579,G03-260202-145745-579.bmp,G03,2026-02-02T14:57:45,2026-02-02,G03_2026-02-02,579,train,normal,,1025,1281,1,f31ae79fde7d4bcc84b2dc83c7c16fa8cd5446bc4c1ee54c8d4a6c7ac35c3da1,,
1.0,G03-260202-145751-580,G03-260202-145751-580.bmp,G03,2026-02-02T14:57:51,2026-02-02,G03_2026-02-02,580,train,normal,,1025,1281,1,023409c43686b7ab97c3c3bdbd6e1d613822f924f6735af294c45ad288e677c7,,
1.0,G03-260202-145815-581,G03-260202-145815-581.bmp,G03,2026-02-02T14:58:15,2026-02-02,G03_2026-02-02,581,train,normal,,1025,1281,1,7edda67005bb1bfafbf5ae559fbd91dc8e8375ba2107df12ba98924b15fb0a74,,
1.0,G03-260202-145822-582,G03-260202-145822-582.bmp,G03,2026-02-02T14:58:22,2026-02-02,G03_2026-02-02,582,train,normal,,1025,1281,1,cc5d5243f8167101abdc2fe2018c547f372fa93c0530c83ac7633d41f902206f,,
1.0,G03-260202-145841-583,G03-260202-145841-583.bmp,G03,2026-02-02T14:58:41,2026-02-02,G03_2026-02-02,583,train,normal,,1025,1281,1,6b51da5e20a000cf853c4764bb28c9ee09565c556cead41ee0336f449eda0dc1,,
1.0,G03-260202-145848-584,G03-260202-145848-584.bmp,G03,2026-02-02T14:58:48,2026-02-02,G03_2026-02-02,584,train,normal,,1025,1281,1,daf54bc258f287e013dd782d8ec23cc0d9179fd17ea24e43665f7296c1e660ba,,
1.0,G03-260202-145913-585,G03-260202-145913-585.bmp,G03,2026-02-02T14:59:13,2026-02-02,G03_2026-02-02,585,train,normal,,1025,1281,1,5fb4f186291aafeb187c7c97ffb734568e8662f8685c7026106931c94c28057f,,
1.0,G03-260202-145920-586,G03-260202-145920-586.bmp,G03,2026-02-02T14:59:20,2026-02-02,G03_2026-02-02,586,train,normal,,1025,1281,1,d6e798ccd64a58c5ad4665ab2a0d565cc9247ebe23401af5041100b12804fa38,,
1.0,G03-260202-145940-587,G03-260202-145940-587.bmp,G03,2026-02-02T14:59:40,2026-02-02,G03_2026-02-02,587,train,normal,,1025,1281,1,226c171a9ad864d1442a3ab5874b23ff727161de789204c5c57f1dc6fedf3487,,
1.0,G03-260202-145946-588,G03-260202-145946-588.bmp,G03,2026-02-02T14:59:46,2026-02-02,G03_2026-02-02,588,train,normal,,1025,1281,1,8c35306cab042f61b57e98faf3f0a59c286eca3a013abf610d50dcbdf36cf692,,
1.0,G03-260202-150012-589,G03-260202-150012-589.bmp,G03,2026-02-02T15:00:12,2026-02-02,G03_2026-02-02,589,train,normal,,1025,1281,1,c0954bef31a0d185b0d0644cde0b4a8063b49d7b34cd42730cb7b8c5ba5948c6,,
1.0,G03-260202-150019-590,G03-260202-150019-590.bmp,G03,2026-02-02T15:00:19,2026-02-02,G03_2026-02-02,590,train,normal,,1025,1281,1,f47a233eaaad606e382d576bf19351a1f995646753d75d7a8e34299aed85faab,,
1.0,G03-260202-150043-591,G03-260202-150043-591.bmp,G03,2026-02-02T15:00:43,2026-02-02,G03_2026-02-02,591,train,normal,,1025,1281,1,1127e05bf06f5dc52e65c95e657142436cf6bb7151bccd820cad9a3105093281,,
1.0,G03-260202-150050-592,G03-260202-150050-592.bmp,G03,2026-02-02T15:00:50,2026-02-02,G03_2026-02-02,592,train,normal,,1025,1281,1,643eea9eccc7507bea97b76b8fe930dc58ab3c9110afd0de7dfa656f9d3130fc,,
1.0,G03-260202-150115-593,G03-260202-150115-593.bmp,G03,2026-02-02T15:01:15,2026-02-02,G03_2026-02-02,593,train,normal,,1025,1281,1,447fe46bd2f9937e8a753693485c1bd85401773bfe5b363c22aa3fe156ef33df,,
1.0,G03-260202-150121-594,G03-260202-150121-594.bmp,G03,2026-02-02T15:01:21,2026-02-02,G03_2026-02-02,594,train,normal,,1025,1281,1,ef1b60113790e565fbb6b1aa5a84a6f781ce949a13a9486098898eba1827b779,,
1.0,G03-260202-150144-595,G03-260202-150144-595.bmp,G03,2026-02-02T15:01:44,2026-02-02,G03_2026-02-02,595,train,normal,,1025,1281,1,3e8c34f04674048e6cfeba8ab96694ea45ed9ee248a1c3745ef1c3c485a060e6,,
1.0,G03-260202-150151-596,G03-260202-150151-596.bmp,G03,2026-02-02T15:01:51,2026-02-02,G03_2026-02-02,596,train,normal,,1025,1281,1,8bd141187f92e5982f58888c6d84e0f471711356c549d8a807ef9e8c0d57598d,,
1.0,G03-260202-150215-597,G03-260202-150215-597.bmp,G03,2026-02-02T15:02:15,2026-02-02,G03_2026-02-02,597,train,normal,,1025,1281,1,38fc9fba39108ccc6a65bf9898c06cf4779aacc423e898ceb68acf3774ff8e57,,
1.0,G03-260202-150222-598,G03-260202-150222-598.bmp,G03,2026-02-02T15:02:22,2026-02-02,G03_2026-02-02,598,train,normal,,1025,1281,1,82d16bfaef64de6eb8652ecf9c5e68f0d7978c3f53186b4dce82f3cc64724a9b,,
1.0,G03-260202-150244-599,G03-260202-150244-599.bmp,G03,2026-02-02T15:02:44,2026-02-02,G03_2026-02-02,599,train,normal,,1025,1281,1,7c30d23b0bdabb92206af40398759823a2b4435545981736a541b6bdecb35937,,
1.0,G03-260202-150251-600,G03-260202-150251-600.bmp,G03,2026-02-02T15:02:51,2026-02-02,G03_2026-02-02,600,train,normal,,1025,1281,1,4e56e1923b2d16fde8751fc22d7bb88c6db38041e26d9683b3e4543a9c4db3b8,,
1.0,G03-260202-150313-601,G03-260202-150313-601.bmp,G03,2026-02-02T15:03:13,2026-02-02,G03_2026-02-02,601,train,normal,,1025,1281,1,435369d9da609ccf264f6d6bae96fc38c3c92b7a9b11d4a42103410eb96c8e5d,,
1.0,G03-260202-150319-602,G03-260202-150319-602.bmp,G03,2026-02-02T15:03:19,2026-02-02,G03_2026-02-02,602,train,normal,,1025,1281,1,4e8f306d4a64908a5ab2a55f9db413c44733eb4d5342fc5e5fcd0987e949b9d9,,
1.0,G03-260202-150345-603,G03-260202-150345-603.bmp,G03,2026-02-02T15:03:45,2026-02-02,G03_2026-02-02,603,train,normal,,1025,1281,1,749c2f912aed5624eab18e6edce7df7ba6535d750219ecc1c231bf8355de6350,,
1.0,G03-260202-150351-604,G03-260202-150351-604.bmp,G03,2026-02-02T15:03:51,2026-02-02,G03_2026-02-02,604,train,normal,,1025,1281,1,490e7d8f37761db53b3723056cd79ba11bc48614f9768865a92f8442fd485a2a,,
1.0,G03-260202-150413-605,G03-260202-150413-605.bmp,G03,2026-02-02T15:04:13,2026-02-02,G03_2026-02-02,605,train,normal,,1025,1281,1,258b09ec8d4c33022636ba4a3b1ada0bf2ed1d38793265056b668f55ab4b5787,,
1.0,G03-260202-150420-606,G03-260202-150420-606.bmp,G03,2026-02-02T15:04:20,2026-02-02,G03_2026-02-02,606,train,normal,,1025,1281,1,180083a7c11495b2213c94638af9e710e9f04341703598d0f972134b3a27cefa,,
1.0,G03-260202-150446-607,G03-260202-150446-607.bmp,G03,2026-02-02T15:04:46,2026-02-02,G03_2026-02-02,607,train,normal,,1025,1281,1,b8910095bd34e179c2cae20ccc7628d3946da572111a38bffb9636958fd6747f,,
1.0,G03-260202-150452-608,G03-260202-150452-608.bmp,G03,2026-02-02T15:04:52,2026-02-02,G03_2026-02-02,608,train,normal,,1025,1281,1,6f910704c7d23f765540382f78d9b9146d079005929d8c989382ae13e6000d3e,,
1.0,G03-260202-150515-609,G03-260202-150515-609.bmp,G03,2026-02-02T15:05:15,2026-02-02,G03_2026-02-02,609,train,normal,,1025,1281,1,13c75bad544415d5f7e6343b7967451ba14f751bf14ccc1307525a83432bea62,,
1.0,G03-260202-150521-610,G03-260202-150521-610.bmp,G03,2026-02-02T15:05:21,2026-02-02,G03_2026-02-02,610,train,normal,,1025,1281,1,d2d7d3040224bde635244cfa10a65f5ec1eb9692b1f31dc3b9095335a67955e4,,
1.0,G03-260202-150542-611,G03-260202-150542-611.bmp,G03,2026-02-02T15:05:42,2026-02-02,G03_2026-02-02,611,train,normal,,1025,1281,1,48f3455da4f279838462bd2efb8cee03ae97f0fd223cf7957ba9930be2e92f20,,
1.0,G03-260202-150548-612,G03-260202-150548-612.bmp,G03,2026-02-02T15:05:48,2026-02-02,G03_2026-02-02,612,train,normal,,1025,1281,1,446f72a9d29a15c63475f034235d90f54bf7c973e9c3e19fcab1653d4bb10cdb,,
1.0,G03-260202-150611-613,G03-260202-150611-613.bmp,G03,2026-02-02T15:06:11,2026-02-02,G03_2026-02-02,613,train,normal,,1025,1281,1,87c4959528111a5808557980650bc43d215d7bfba1315dcdc069c03428e2be34,,
1.0,G03-260202-150618-614,G03-260202-150618-614.bmp,G03,2026-02-02T15:06:18,2026-02-02,G03_2026-02-02,614,train,normal,,1025,1281,1,a6c6f0a1fe6c6df5e1f8e00388bf50aae517cc771932852719c4f6e191387a97,,
1.0,G03-260202-150641-615,G03-260202-150641-615.bmp,G03,2026-02-02T15:06:41,2026-02-02,G03_2026-02-02,615,train,normal,,1025,1281,1,d8db31b7c1dc9cb7729586357961146e3ef0cc793de009884896ef7e15e7ff8f,,
1.0,G03-260202-150648-616,G03-260202-150648-616.bmp,G03,2026-02-02T15:06:48,2026-02-02,G03_2026-02-02,616,train,normal,,1025,1281,1,007ab957033f2879afc0ddcce343051ff0272d359bc2943277c9ccb8594975ad,,
1.0,G03-260202-150713-617,G03-260202-150713-617.bmp,G03,2026-02-02T15:07:13,2026-02-02,G03_2026-02-02,617,train,normal,,1025,1281,1,04467eabcbaae2d8fb842e242cabda1688c1581e78abbb2cdb7b0d3dfb489963,,
1.0,G03-260202-150719-618,G03-260202-150719-618.bmp,G03,2026-02-02T15:07:19,2026-02-02,G03_2026-02-02,618,train,normal,,1025,1281,1,e7441f4c88e53eecc456a37edccd56188806e5a7f34ad6269698c40bb5180832,,
1.0,G03-260202-150743-619,G03-260202-150743-619.bmp,G03,2026-02-02T15:07:43,2026-02-02,G03_2026-02-02,619,train,normal,,1025,1281,1,34059c512d2d265d8c9dfaece2d04a2584c7219ae64ebe1550663e72dcccbbf5,,
1.0,G03-260202-150750-620,G03-260202-150750-620.bmp,G03,2026-02-02T15:07:50,2026-02-02,G03_2026-02-02,620,train,normal,,1025,1281,1,8973f33d253913ddfe450069fc99c204a027a7686995ebf95da5fc5fe4cd7096,,
1.0,G03-260202-150815-621,G03-260202-150815-621.bmp,G03,2026-02-02T15:08:15,2026-02-02,G03_2026-02-02,621,train,normal,,1025,1281,1,c51dbe81f01f9cabeb358b06f99e27aa65583dc0bea3931426e1a6e949f3229e,,
1.0,G03-260202-150822-622,G03-260202-150822-622.bmp,G03,2026-02-02T15:08:22,2026-02-02,G03_2026-02-02,622,train,normal,,1025,1281,1,10e1f04b71f8fc74e3aa7264aabcc72a586f9fe1d0ea1356c5abe6ae4378e7e1,,
1.0,G03-260202-150845-623,G03-260202-150845-623.bmp,G03,2026-02-02T15:08:45,2026-02-02,G03_2026-02-02,623,train,normal,,1025,1281,1,0bea115da7e3cde02a0ca540a387fa2e15f6c1a4578a71022541c88ac2e02156,,
1.0,G03-260202-150852-624,G03-260202-150852-624.bmp,G03,2026-02-02T15:08:52,2026-02-02,G03_2026-02-02,624,train,normal,,1025,1281,1,0aa8c9ba6056aab651fb44530d1f9644b48b5a1c0d51c9a5d917661f7749a1c9,,
1.0,G03-260202-150915-625,G03-260202-150915-625.bmp,G03,2026-02-02T15:09:15,2026-02-02,G03_2026-02-02,625,train,normal,,1025,1281,1,f1d8b05cf7bd66e68283c6f24aa746f283787d9e1051c675bb13ba2f3680f0f0,,
1.0,G03-260202-150921-626,G03-260202-150921-626.bmp,G03,2026-02-02T15:09:21,2026-02-02,G03_2026-02-02,626,train,normal,,1025,1281,1,d4b94b4551968701392c7824d7fb197317ca3185c467c26d2fa50c3cb6631ee9,,
1.0,G03-260202-150946-627,G03-260202-150946-627.bmp,G03,2026-02-02T15:09:46,2026-02-02,G03_2026-02-02,627,train,normal,,1025,1281,1,c589fbdfc79f0dcdbae18918e775b18c4aa496501ef34d6d18eff252520907bd,,
1.0,G03-260202-150952-628,G03-260202-150952-628.bmp,G03,2026-02-02T15:09:52,2026-02-02,G03_2026-02-02,628,train,normal,,1025,1281,1,9902af8b764952be057dc68019b009f83130cdf90b6ba435bba38b4f3511cf5e,,
1.0,G03-260202-151015-629,G03-260202-151015-629.bmp,G03,2026-02-02T15:10:15,2026-02-02,G03_2026-02-02,629,train,normal,,1025,1281,1,4d5916a0430393ed67487480db5785867bc719ded3f49f9e24a07b0951ad4c3e,,
1.0,G03-260202-151021-630,G03-260202-151021-630.bmp,G03,2026-02-02T15:10:21,2026-02-02,G03_2026-02-02,630,train,normal,,1025,1281,1,92b1e8b129d56476bbcb908d7c1ecf8a77773f6f982bf2f6ad325be87b777ba7,,
1.0,G03-260202-151046-631,G03-260202-151046-631.bmp,G03,2026-02-02T15:10:46,2026-02-02,G03_2026-02-02,631,train,normal,,1025,1281,1,c6586ce74a4bcc927eb7c5bef29a6f5c03cdb1eab9e814349154f27261a4244e,,
1.0,G03-260202-151053-632,G03-260202-151053-632.bmp,G03,2026-02-02T15:10:53,2026-02-02,G03_2026-02-02,632,train,normal,,1025,1281,1,400197e7fd226ccd6fe1f1a77713ad1c179f511d5366e6d37673158e68486e75,,
1.0,G03-260202-151115-633,G03-260202-151115-633.bmp,G03,2026-02-02T15:11:15,2026-02-02,G03_2026-02-02,633,train,normal,,1025,1281,1,857058208465f1a75344efa9607eefb66a26fb91dd9fd504008a4cd059900209,,
1.0,G03-260202-151121-634,G03-260202-151121-634.bmp,G03,2026-02-02T15:11:21,2026-02-02,G03_2026-02-02,634,train,normal,,1025,1281,1,046203e3a4c285a476ca250182dbb8af1dee7769ad7ff1cf9fd8078099ecbc22,,
1.0,G03-260202-151146-635,G03-260202-151146-635.bmp,G03,2026-02-02T15:11:46,2026-02-02,G03_2026-02-02,635,train,normal,,1025,1281,1,73dd3345b893f76b376634697dd381b6848acff89f38845bbd1e634c7bc5711c,,
1.0,G03-260202-151152-636,G03-260202-151152-636.bmp,G03,2026-02-02T15:11:52,2026-02-02,G03_2026-02-02,636,train,normal,,1025,1281,1,c9197a36342e2be44c2740d3ce170117a41dab1eef1367e763c1e63356ad73b0,,
1.0,G03-260202-151214-637,G03-260202-151214-637.bmp,G03,2026-02-02T15:12:14,2026-02-02,G03_2026-02-02,637,train,normal,,1025,1281,1,e2c22ab2e475b4e567d04d5c535e02da3d50e59eb87a38e19b1a7364d5eeca57,,
1.0,G03-260202-151221-638,G03-260202-151221-638.bmp,G03,2026-02-02T15:12:21,2026-02-02,G03_2026-02-02,638,train,normal,,1025,1281,1,5967d323ab7d2fa2797d57992b133cfcfd9f8a0ba3ff7716fdbd8d62b18a8e30,,
1.0,G03-260202-151245-639,G03-260202-151245-639.bmp,G03,2026-02-02T15:12:45,2026-02-02,G03_2026-02-02,639,train,normal,,1025,1281,1,0bf4e459a903865c1cf786a80cd90a69cb6650129deaa39da3ad5418193efe13,,
1.0,G03-260202-151252-640,G03-260202-151252-640.bmp,G03,2026-02-02T15:12:52,2026-02-02,G03_2026-02-02,640,train,normal,,1025,1281,1,8aa0b0b77b50373c2afb9fbeee1f5bfa94a62668508e868cb10ae4a16979fe23,,
1.0,G03-260202-151314-641,G03-260202-151314-641.bmp,G03,2026-02-02T15:13:14,2026-02-02,G03_2026-02-02,641,train,normal,,1025,1281,1,b4d66d1541f59ac96747db207b730d31de492994c7c01d35169499e8fe90601b,,
1.0,G03-260202-151321-642,G03-260202-151321-642.bmp,G03,2026-02-02T15:13:21,2026-02-02,G03_2026-02-02,642,train,normal,,1025,1281,1,ad743b3e7093e599b7f853467e556e7816cb9580544fe88fb9164bb78b9cfd16,,
1.0,G03-260202-151345-643,G03-260202-151345-643.bmp,G03,2026-02-02T15:13:45,2026-02-02,G03_2026-02-02,643,train,normal,,1025,1281,1,9f4e0977f504fa4d4b4f628f26deba3a4981442c15f0ff0a55ad2b729cc6e22a,,
1.0,G03-260202-151352-644,G03-260202-151352-644.bmp,G03,2026-02-02T15:13:52,2026-02-02,G03_2026-02-02,644,train,normal,,1025,1281,1,880cfd7d3d253890cf5720af990618539e334c650462c11c250538d6a98fa250,,
1.0,G03-260202-151415-645,G03-260202-151415-645.bmp,G03,2026-02-02T15:14:15,2026-02-02,G03_2026-02-02,645,train,normal,,1025,1281,1,ab0b85e81c6c976271d7e11de4e99f3aa08cf20f09cb0b20a43cb4d6fd6f4b21,,
1.0,G03-260202-151422-646,G03-260202-151422-646.bmp,G03,2026-02-02T15:14:22,2026-02-02,G03_2026-02-02,646,train,normal,,1025,1281,1,d1c5d001f5be95f4e20ac238dfa1693dcd38b014cf0da1df5bbde61db84c6705,,
1.0,G03-260202-151444-647,G03-260202-151444-647.bmp,G03,2026-02-02T15:14:44,2026-02-02,G03_2026-02-02,647,train,normal,,1025,1281,1,6fca9bcdc3a440eb0084d3a2375563f893d91d9cf7a72430c14e8482466ead5a,,
1.0,G03-260202-151450-648,G03-260202-151450-648.bmp,G03,2026-02-02T15:14:50,2026-02-02,G03_2026-02-02,648,train,normal,,1025,1281,1,b6e259e36e0f6aa56bd9fc949c5f6c41d1d79d4f2795d2af9c7032287efcc7a5,,
1.0,G03-260202-151513-649,G03-260202-151513-649.bmp,G03,2026-02-02T15:15:13,2026-02-02,G03_2026-02-02,649,train,normal,,1025,1281,1,2723d3ed256de031f55d1ebaf9c1f9b1d4769c9308a49b2c10218ea6a822af7e,,
1.0,G03-260202-151519-650,G03-260202-151519-650.bmp,G03,2026-02-02T15:15:19,2026-02-02,G03_2026-02-02,650,train,normal,,1025,1281,1,60f4122aaaaaa78d274cd207fe0433593b4d9d02f0937ae9675d0387922ecbc1,,
1.0,G03-260202-151543-651,G03-260202-151543-651.bmp,G03,2026-02-02T15:15:43,2026-02-02,G03_2026-02-02,651,train,normal,,1025,1281,1,46c21e0f0bb4cdd57b8ecc262f27cdd6603d9bfd77f42a137069ee4557a30423,,
1.0,G03-260202-151550-652,G03-260202-151550-652.bmp,G03,2026-02-02T15:15:50,2026-02-02,G03_2026-02-02,652,train,normal,,1025,1281,1,61f7de03d1a4543b81128aaacb9029bc27d328085ff2725504e29d677296bf48,,
1.0,G03-260202-151615-653,G03-260202-151615-653.bmp,G03,2026-02-02T15:16:15,2026-02-02,G03_2026-02-02,653,train,normal,,1025,1281,1,ddb156860c6fc95703cab39f4c311d0f9dd8b1d3075d4fbaf9488197d0dfa0c8,,
1.0,G03-260202-151622-654,G03-260202-151622-654.bmp,G03,2026-02-02T15:16:22,2026-02-02,G03_2026-02-02,654,train,normal,,1025,1281,1,ebebf55fcd51610800479613930ad4411d0eb4dce21848c03a549c8a41bacaae,,
1.0,G03-260202-151646-655,G03-260202-151646-655.bmp,G03,2026-02-02T15:16:46,2026-02-02,G03_2026-02-02,655,train,normal,,1025,1281,1,31fef99204adad485a7d2c985a100df243ea7b884391e06e09736fff4375f4b4,,
1.0,G03-260202-151652-656,G03-260202-151652-656.bmp,G03,2026-02-02T15:16:52,2026-02-02,G03_2026-02-02,656,train,normal,,1025,1281,1,304001eb59455fa583cae4e9b0ac6ec303f105f22fe4c21e9994d3eff194020d,,
1.0,G03-260202-151716-657,G03-260202-151716-657.bmp,G03,2026-02-02T15:17:16,2026-02-02,G03_2026-02-02,657,train,normal,,1025,1281,1,bafac3c29713ae5310221eb89d202678e564d9d5acb27b07903f35ee58f46622,,
1.0,G03-260202-151722-658,G03-260202-151722-658.bmp,G03,2026-02-02T15:17:22,2026-02-02,G03_2026-02-02,658,train,normal,,1025,1281,1,36a543b5dcbf9a1454ed07a474c34bd93a4ffd1baebe8b50e0cf214ebdc8dbe8,,
1.0,G03-260202-151745-659,G03-260202-151745-659.bmp,G03,2026-02-02T15:17:45,2026-02-02,G03_2026-02-02,659,train,normal,,1025,1281,1,1595d57b4de3c1948b05181fb8168c968c5ede0dc1939324bae4f2008be64ce4,,
1.0,G03-260202-151751-660,G03-260202-151751-660.bmp,G03,2026-02-02T15:17:51,2026-02-02,G03_2026-02-02,660,train,normal,,1025,1281,1,1ca83431c83027668156a5bb15cb24a3540e5405ed99e9fca13be6799c7b475a,,
1.0,G03-260202-151816-661,G03-260202-151816-661.bmp,G03,2026-02-02T15:18:16,2026-02-02,G03_2026-02-02,661,train,normal,,1025,1281,1,f07c6bf5bf32a272026bb4d99e03c11941bfbed766673c5da36bf4cd91a56fc1,,
1.0,G03-260202-151823-662,G03-260202-151823-662.bmp,G03,2026-02-02T15:18:23,2026-02-02,G03_2026-02-02,662,train,normal,,1025,1281,1,4f3fe7e21c8a43a16e0b6a397ab9e5cab9ddb3e9bea0077896d2c1bec8b8441b,,
1.0,G03-260202-151847-663,G03-260202-151847-663.bmp,G03,2026-02-02T15:18:47,2026-02-02,G03_2026-02-02,663,train,normal,,1025,1281,1,ad4ec92bad9cd17399cd09a25f34b185abf378c92bdf99e97d3be66e07815469,,
1.0,G03-260202-151853-664,G03-260202-151853-664.bmp,G03,2026-02-02T15:18:53,2026-02-02,G03_2026-02-02,664,train,normal,,1025,1281,1,2fe76b2c7fea775096402f90c2ec8c30da1fcf709ed55d1348a1727fd936fa5c,,
1.0,G03-260202-151917-665,G03-260202-151917-665.bmp,G03,2026-02-02T15:19:17,2026-02-02,G03_2026-02-02,665,train,normal,,1025,1281,1,e9c49a01132cebdd613912a4df89e5e88fc07b2b58b2279eaac77b2a4ac94559,,
1.0,G03-260202-151924-666,G03-260202-151924-666.bmp,G03,2026-02-02T15:19:24,2026-02-02,G03_2026-02-02,666,train,normal,,1025,1281,1,025927676279721b55510f2ad3a9e8251477deebdea3b16969b048a52076ac54,,
1.0,G03-260202-151947-667,G03-260202-151947-667.bmp,G03,2026-02-02T15:19:47,2026-02-02,G03_2026-02-02,667,train,normal,,1025,1281,1,91f926703deef992d1664e59b86787cf6eafbf8778be8c39f6a7f74b4511f657,,
1.0,G03-260202-151953-668,G03-260202-151953-668.bmp,G03,2026-02-02T15:19:53,2026-02-02,G03_2026-02-02,668,train,normal,,1025,1281,1,6df1eee445b3a402e2fd913227ee2a05a168c2780ab6942bb05f15f0d9b6de15,,
1.0,G03-260202-152016-669,G03-260202-152016-669.bmp,G03,2026-02-02T15:20:16,2026-02-02,G03_2026-02-02,669,train,normal,,1025,1281,1,e523621d9e8da024e902e8242b7517bcd7dd05288c349093148f357b76627e07,,
1.0,G03-260202-152022-670,G03-260202-152022-670.bmp,G03,2026-02-02T15:20:22,2026-02-02,G03_2026-02-02,670,train,normal,,1025,1281,1,d1cb2c66d8e0b0208dce426c20601f5a8b488c50e401a941b7f89e93320774d6,,
1.0,G03-260202-152046-671,G03-260202-152046-671.bmp,G03,2026-02-02T15:20:46,2026-02-02,G03_2026-02-02,671,train,normal,,1025,1281,1,7931789aeb21751ba29805d5fe95f0f027cde3f72a28655dee04fa263bef63fa,,
1.0,G03-260202-152053-672,G03-260202-152053-672.bmp,G03,2026-02-02T15:20:53,2026-02-02,G03_2026-02-02,672,train,normal,,1025,1281,1,f456a91e53d7a42867a53162f50ff11b100b6c6eb8f5392be101e954cf2490a6,,
1.0,G03-260202-152117-673,G03-260202-152117-673.bmp,G03,2026-02-02T15:21:17,2026-02-02,G03_2026-02-02,673,train,normal,,1025,1281,1,8e016b6ea1d72d177ba05519dd6a976059d8b5f3baee11a8580f219e1635ae96,,
1.0,G03-260202-152123-674,G03-260202-152123-674.bmp,G03,2026-02-02T15:21:23,2026-02-02,G03_2026-02-02,674,train,normal,,1025,1281,1,4035d861c697eaa0184ce81d855e3a35d280e4d9a62c237deab9c238d2abcf9e,,
1.0,G03-260202-152146-675,G03-260202-152146-675.bmp,G03,2026-02-02T15:21:46,2026-02-02,G03_2026-02-02,675,train,normal,,1025,1281,1,acbb9a048ab29c3c1a7e7d9f5ac7315bd5852c2e3e70bcaa3540d3d73bd27335,,
1.0,G03-260202-152153-676,G03-260202-152153-676.bmp,G03,2026-02-02T15:21:53,2026-02-02,G03_2026-02-02,676,train,normal,,1025,1281,1,89b2cf67bd3e536ac66f341fb3ec55fa4069be2c64423b4f464767a1b2af8311,,
1.0,G03-260202-152214-677,G03-260202-152214-677.bmp,G03,2026-02-02T15:22:14,2026-02-02,G03_2026-02-02,677,train,normal,,1025,1281,1,c34f56be4f446a6de9363eb34daef992a0af2c9c1021388c957e2ad28ffb845d,,
1.0,G03-260202-152221-678,G03-260202-152221-678.bmp,G03,2026-02-02T15:22:21,2026-02-02,G03_2026-02-02,678,train,normal,,1025,1281,1,76d19a59241e2ba1e94dbc54874156b97e5d7f1ec6d947339c01c1192fa94a5f,,
1.0,G03-260202-152246-679,G03-260202-152246-679.bmp,G03,2026-02-02T15:22:46,2026-02-02,G03_2026-02-02,679,train,normal,,1025,1281,1,66aa0d7e3aa59f308d94b5354a74d4dbdea6994af9ebcec5e9d645e932d97a87,,
1.0,G03-260202-152253-680,G03-260202-152253-680.bmp,G03,2026-02-02T15:22:53,2026-02-02,G03_2026-02-02,680,train,normal,,1025,1281,1,50e10b8839690ac142bc5b3d52b454d49b5c09d699bfeb65f458f4412c4b2f58,,
1.0,G03-260202-152315-681,G03-260202-152315-681.bmp,G03,2026-02-02T15:23:15,2026-02-02,G03_2026-02-02,681,train,normal,,1025,1281,1,7d6d16b5e01375b4dce7432e64722e38e1b87b1ebb7cf83979bb4bb5b5e04c54,,
1.0,G03-260202-152321-682,G03-260202-152321-682.bmp,G03,2026-02-02T15:23:21,2026-02-02,G03_2026-02-02,682,train,normal,,1025,1281,1,6eafaba8e255b43ed85ac109188d093bdbca86fa7e3ce79f51401e865b680dfb,,
1.0,G03-260202-152346-683,G03-260202-152346-683.bmp,G03,2026-02-02T15:23:46,2026-02-02,G03_2026-02-02,683,train,normal,,1025,1281,1,295587057c26f204d0a4986675d8ebffa0c1a261298769184ad43040abd1e53a,,
1.0,G03-260202-152352-684,G03-260202-152352-684.bmp,G03,2026-02-02T15:23:52,2026-02-02,G03_2026-02-02,684,train,normal,,1025,1281,1,49d28d227360870a50eaa32d1e51b7b18e2ecfdf4f3b5345ec999fef4cd63619,,
1.0,G03-260202-152414-685,G03-260202-152414-685.bmp,G03,2026-02-02T15:24:14,2026-02-02,G03_2026-02-02,685,train,normal,,1025,1281,1,9245ccbb22955595b2d20d481089b060f7f699721a5cdfb7282a24c82d2ba649,,
1.0,G03-260202-152420-686,G03-260202-152420-686.bmp,G03,2026-02-02T15:24:20,2026-02-02,G03_2026-02-02,686,train,normal,,1025,1281,1,5106c67d495affe7f7374882f8288d0ca2909281c82cf4822e6bcc584716631b,,
1.0,G03-260202-152447-687,G03-260202-152447-687.bmp,G03,2026-02-02T15:24:47,2026-02-02,G03_2026-02-02,687,train,normal,,1025,1281,1,bdc9d5110fc14ed9ba629ba93387fa2ce2e8bbbfdbf3f8650de89352296c50c8,,
1.0,G03-260202-152453-688,G03-260202-152453-688.bmp,G03,2026-02-02T15:24:53,2026-02-02,G03_2026-02-02,688,train,normal,,1025,1281,1,c48066812245eedf4fb10605800092c9b714c81e5e67c63cdf221c1482759ef5,,
1.0,G03-260202-152519-689,G03-260202-152519-689.bmp,G03,2026-02-02T15:25:19,2026-02-02,G03_2026-02-02,689,train,normal,,1025,1281,1,fe62e721c99df5357366155cf610605249e89a7130b44bcf122d8eeaa62b4d63,,
1.0,G03-260202-152525-690,G03-260202-152525-690.bmp,G03,2026-02-02T15:25:25,2026-02-02,G03_2026-02-02,690,train,normal,,1025,1281,1,ea6dc0139ee1c53a729ff57f135aa38b17d81e5a6688eeed03f52596bcfacf94,,
1.0,G03-260202-152548-691,G03-260202-152548-691.bmp,G03,2026-02-02T15:25:48,2026-02-02,G03_2026-02-02,691,train,normal,,1025,1281,1,f18791dfbd00e3540809a55d56e0655e5e1ce13a946dd9b8291795e4f858ae17,,
1.0,G03-260202-152554-692,G03-260202-152554-692.bmp,G03,2026-02-02T15:25:54,2026-02-02,G03_2026-02-02,692,train,normal,,1025,1281,1,9c2692d028b96bfaf1c3d599e5b67bdd853fb68f42bf7fe78b037d3cb8a2d97a,,
1.0,G03-260202-152615-693,G03-260202-152615-693.bmp,G03,2026-02-02T15:26:15,2026-02-02,G03_2026-02-02,693,train,normal,,1025,1281,1,2b8161e072f46a745fe25231501f0391ef888a1c4afecf97553b8cc3114fdbce,,
1.0,G03-260202-152621-694,G03-260202-152621-694.bmp,G03,2026-02-02T15:26:21,2026-02-02,G03_2026-02-02,694,train,normal,,1025,1281,1,48d07cbd8f7728f49ffb52776e93e605ccc55a6cd0349b5234ef408bea603cd2,,
1.0,G03-260202-152643-695,G03-260202-152643-695.bmp,G03,2026-02-02T15:26:43,2026-02-02,G03_2026-02-02,695,train,normal,,1025,1281,1,07cb5608d8bab2c63ce24a572b5077d3f64f9ce10b0ee983c0980d1149739eab,,
1.0,G03-260202-152649-696,G03-260202-152649-696.bmp,G03,2026-02-02T15:26:49,2026-02-02,G03_2026-02-02,696,train,normal,,1025,1281,1,a3b13771ed1a6a4a958cf0ec4ddbff390bacc22f702a69ce067abe762ddd0b82,,
1.0,G03-260202-152716-697,G03-260202-152716-697.bmp,G03,2026-02-02T15:27:16,2026-02-02,G03_2026-02-02,697,train,normal,,1025,1281,1,3b5007044b60e770666e0d1377e0ebffaf3caf2ed168732b8a22350d60b142ab,,
1.0,G03-260202-152722-698,G03-260202-152722-698.bmp,G03,2026-02-02T15:27:22,2026-02-02,G03_2026-02-02,698,train,normal,,1025,1281,1,8a18d8ff1e76aee245c0f7843b88732565455120f30e9b878a3a716064cf20ad,,
1.0,G03-260202-152748-699,G03-260202-152748-699.bmp,G03,2026-02-02T15:27:48,2026-02-02,G03_2026-02-02,699,train,normal,,1025,1281,1,ecc6b1d3bbab80718db6b5e937c4f7de76c4929702ff1f24e1d0a98838492cad,,
1.0,G03-260202-152754-700,G03-260202-152754-700.bmp,G03,2026-02-02T15:27:54,2026-02-02,G03_2026-02-02,700,train,normal,,1025,1281,1,fad8861b1761299e643d13f38a008bcd577bba951648673d686720e3c681991b,,
1.0,G03-260202-152818-701,G03-260202-152818-701.bmp,G03,2026-02-02T15:28:18,2026-02-02,G03_2026-02-02,701,train,normal,,1025,1281,1,f9fb8f593f510d859ca025b90b70cabbafa8162a98dac993ca2f238d3af2072e,,
1.0,G03-260202-152825-702,G03-260202-152825-702.bmp,G03,2026-02-02T15:28:25,2026-02-02,G03_2026-02-02,702,train,normal,,1025,1281,1,4e0941de0493481ddc7ae01d4d832c69a91e054cd6d0a6ecc311ddd48624e747,,
1.0,G03-260202-152848-703,G03-260202-152848-703.bmp,G03,2026-02-02T15:28:48,2026-02-02,G03_2026-02-02,703,train,normal,,1025,1281,1,aa105686c84683d0c9d33e1290eeae77335d287a4710f90747eeb46224558450,,
1.0,G03-260202-152854-704,G03-260202-152854-704.bmp,G03,2026-02-02T15:28:54,2026-02-02,G03_2026-02-02,704,train,normal,,1025,1281,1,08ae04851ae19a4c469a4ee259c588ac63c93c05ac7bfb470cb6034ca6e89e30,,
1.0,G03-260202-152917-705,G03-260202-152917-705.bmp,G03,2026-02-02T15:29:17,2026-02-02,G03_2026-02-02,705,train,normal,,1025,1281,1,96a2917de4bbaa2818376e2654fadd7917c5b0688bff7f40c08bb372666e21c7,,
1.0,G03-260202-152926-706,G03-260202-152926-706.bmp,G03,2026-02-02T15:29:26,2026-02-02,G03_2026-02-02,706,train,normal,,1025,1281,1,522620909701237c25944dfbb1a3cbbaf248567b72d3e16530008719182078f4,,
1.0,G03-260202-152940-707,G03-260202-152940-707.bmp,G03,2026-02-02T15:29:40,2026-02-02,G03_2026-02-02,707,train,normal,,1025,1281,1,e7f83c16ba45bd92fd38c5da4668719163a5e6566f29d0b3dbc304f1d8ab34f8,,
1.0,G03-260202-152946-708,G03-260202-152946-708.bmp,G03,2026-02-02T15:29:46,2026-02-02,G03_2026-02-02,708,train,normal,,1025,1281,1,078383ddc6e5423e5a53c04861a050b9cd61113072bf7c01558462bf037a9fd6,,
1.0,G03-260202-153010-709,G03-260202-153010-709.bmp,G03,2026-02-02T15:30:10,2026-02-02,G03_2026-02-02,709,train,normal,,1025,1281,1,52851b35be0ccab0f4440a17a874690f66276fdfd8b033e48b0efc1a5fc6183c,,
1.0,G03-260202-153017-710,G03-260202-153017-710.bmp,G03,2026-02-02T15:30:17,2026-02-02,G03_2026-02-02,710,train,normal,,1025,1281,1,30240ec5405bb92f85e4e10a0cd3a12728ac347d6f4f52803f4432613b66d0f9,,
1.0,G03-260202-153046-711,G03-260202-153046-711.bmp,G03,2026-02-02T15:30:46,2026-02-02,G03_2026-02-02,711,train,normal,,1025,1281,1,d8ed4a0640609b6cbc958a3781b6bd5fb3db7d6b7a708d83e85cefb5dc50c417,,
1.0,G03-260202-153053-712,G03-260202-153053-712.bmp,G03,2026-02-02T15:30:53,2026-02-02,G03_2026-02-02,712,train,normal,,1025,1281,1,f7e1fcc41c10e590f1057a8aa7254c67580cd071e96aef82c33e40a321c555ea,,
1.0,G03-260202-153118-713,G03-260202-153118-713.bmp,G03,2026-02-02T15:31:18,2026-02-02,G03_2026-02-02,713,train,normal,,1025,1281,1,2a78c75f24f86d4f063751ab8496196c938142d51a0fbea4a9d04ba73ed84536,,
1.0,G03-260202-153124-714,G03-260202-153124-714.bmp,G03,2026-02-02T15:31:24,2026-02-02,G03_2026-02-02,714,train,normal,,1025,1281,1,9b297e104185b53cb4fa4d69f5838f86cb9eb42227526a18fa99bafed70b1c26,,
1.0,G03-260202-153148-715,G03-260202-153148-715.bmp,G03,2026-02-02T15:31:48,2026-02-02,G03_2026-02-02,715,train,normal,,1025,1281,1,adc1e0ecc07f4aba5f7c61b7918c6e9c4d69e3f7c8ba84f18a037f12991ae73a,,
1.0,G03-260202-153157-716,G03-260202-153157-716.bmp,G03,2026-02-02T15:31:57,2026-02-02,G03_2026-02-02,716,train,normal,,1025,1281,1,14556a8766bf6b71f6be663f9d9c6c2975600d27ecbbbe32b92444e7c4bda8ef,,
1.0,G03-260202-153212-717,G03-260202-153212-717.bmp,G03,2026-02-02T15:32:12,2026-02-02,G03_2026-02-02,717,train,normal,,1025,1281,1,4abf947534ac2c3f431e224d3b407e78a80be010e05fde4df59c4152600f75f5,,
1.0,G03-260202-153219-718,G03-260202-153219-718.bmp,G03,2026-02-02T15:32:19,2026-02-02,G03_2026-02-02,718,train,normal,,1025,1281,1,d527f89cf1205ffdf417e596976d54e89f399e96431b0298a14dd6ce484c5162,,
1.0,G03-260202-153250-719,G03-260202-153250-719.bmp,G03,2026-02-02T15:32:50,2026-02-02,G03_2026-02-02,719,train,normal,,1025,1281,1,66745fbeca6d658e0b1187ce8c1236ff0e5c301a839303a8870209d96af9b582,,
1.0,G03-260202-153256-720,G03-260202-153256-720.bmp,G03,2026-02-02T15:32:56,2026-02-02,G03_2026-02-02,720,train,normal,,1025,1281,1,2e4404449ea373f682a7ddb0989f10e353ec538f756d5e384ab0c56272dfcd02,,
1.0,G03-260202-153325-721,G03-260202-153325-721.bmp,G03,2026-02-02T15:33:25,2026-02-02,G03_2026-02-02,721,train,normal,,1025,1281,1,1ac2f04e3eb01da086d1de755d64d2279f02e589b7701a869ab524831d0dc7a3,,
1.0,G03-260202-153331-722,G03-260202-153331-722.bmp,G03,2026-02-02T15:33:31,2026-02-02,G03_2026-02-02,722,train,normal,,1025,1281,1,3a281c3d12305bf50bff8aa9bde832b18aa8e8f41fef7b7af6d4b960944b2b2c,,
1.0,G03-260202-153338-723,G03-260202-153338-723.bmp,G03,2026-02-02T15:33:38,2026-02-02,G03_2026-02-02,723,train,normal,,1025,1281,1,da22255d4ef84ae02ef8fa3f55a63d1d1995531212a021f50649e1e0c81ecfb2,,
1.0,G03-260202-153347-724,G03-260202-153347-724.bmp,G03,2026-02-02T15:33:47,2026-02-02,G03_2026-02-02,724,train,normal,,1025,1281,1,a1bb682be349899ff1e8634c7986194fe963cf8c70026bca55e0fc3036461b43,,
1.0,G03-260202-153415-725,G03-260202-153415-725.bmp,G03,2026-02-02T15:34:15,2026-02-02,G03_2026-02-02,725,train,normal,,1025,1281,1,2ab1cfc7a1fe6846d1598ae5e5db90371a6cb61ba49399c27729204b81fe99f0,,
1.0,G03-260202-153422-726,G03-260202-153422-726.bmp,G03,2026-02-02T15:34:22,2026-02-02,G03_2026-02-02,726,train,normal,,1025,1281,1,dc7bc3bae5ccdfe18151df4ff703c548e668b22047ace2820deca2a0e8bbe8bc,,
1.0,G03-260202-153447-727,G03-260202-153447-727.bmp,G03,2026-02-02T15:34:47,2026-02-02,G03_2026-02-02,727,train,normal,,1025,1281,1,67352279e674b63f41995c865b7ba962eacb99e153cd7e652ec7af21f6596b3e,,
1.0,G03-260202-153454-728,G03-260202-153454-728.bmp,G03,2026-02-02T15:34:54,2026-02-02,G03_2026-02-02,728,train,normal,,1025,1281,1,a2a95143c47468fd493b0e4cba984d92dfba5d7210e3179456abc230e7a82b3e,,
1.0,G03-260202-153518-729,G03-260202-153518-729.bmp,G03,2026-02-02T15:35:18,2026-02-02,G03_2026-02-02,729,train,normal,,1025,1281,1,1c754003ce0959e44e6370661ca32e4dcc57a05439a46b2d62fe438d16471697,,
1.0,G03-260202-153525-730,G03-260202-153525-730.bmp,G03,2026-02-02T15:35:25,2026-02-02,G03_2026-02-02,730,train,normal,,1025,1281,1,0d9bae68e21566b7f1ee794ff935f1a104db548ccb5f8d6997b31c87efaf4d70,,
1.0,G03-260202-153549-731,G03-260202-153549-731.bmp,G03,2026-02-02T15:35:49,2026-02-02,G03_2026-02-02,731,train,normal,,1025,1281,1,2a9de42d3ad7300443d82494557f87a293b0a88e5ff67f6d2751ffd479a71732,,
1.0,G03-260202-153555-732,G03-260202-153555-732.bmp,G03,2026-02-02T15:35:55,2026-02-02,G03_2026-02-02,732,train,normal,,1025,1281,1,40a26154e7a4aeb60cdc6d02417c325889288b902809adc7b209bcd97a0341a0,,
1.0,G03-260202-153617-733,G03-260202-153617-733.bmp,G03,2026-02-02T15:36:17,2026-02-02,G03_2026-02-02,733,train,normal,,1025,1281,1,92260ecebb6fcab503a57f8c72579dee526c1b5e9b8818b73792a31a4ea1a8af,,
1.0,G03-260202-153623-734,G03-260202-153623-734.bmp,G03,2026-02-02T15:36:23,2026-02-02,G03_2026-02-02,734,train,normal,,1025,1281,1,da044b142e15b0ff9c059354a11fe2f05e0276be407524dd31f48485fb184245,,
1.0,G03-260202-153643-735,G03-260202-153643-735.bmp,G03,2026-02-02T15:36:43,2026-02-02,G03_2026-02-02,735,train,normal,,1025,1281,1,d32e2210efbe41c094035fbb2b3df6316ebfee10daa6de627cd03a1feba2aaeb,,
1.0,G03-260202-153650-736,G03-260202-153650-736.bmp,G03,2026-02-02T15:36:50,2026-02-02,G03_2026-02-02,736,train,normal,,1025,1281,1,66fb909afc6cbee4e2d5efed8b20e7a0c8590766ccb8f1041d958869413caa1e,,
1.0,G03-260202-153713-737,G03-260202-153713-737.bmp,G03,2026-02-02T15:37:13,2026-02-02,G03_2026-02-02,737,train,normal,,1025,1281,1,fc6ee224f135f3cd5872631c412f73c5ddfe21a7c6a4170ab1e0759f52c15e32,,
1.0,G03-260202-153722-738,G03-260202-153722-738.bmp,G03,2026-02-02T15:37:22,2026-02-02,G03_2026-02-02,738,train,normal,,1025,1281,1,2268cec45de7ddcd722bb22c3809f9724e0e88d4e20d860ef4e1550b0e43a25b,,
1.0,G03-260202-153748-739,G03-260202-153748-739.bmp,G03,2026-02-02T15:37:48,2026-02-02,G03_2026-02-02,739,train,normal,,1025,1281,1,c9db88b2293c0293963edb542d047b7174e69632d32467d6517ecba16e65e08f,,
1.0,G03-260202-153755-740,G03-260202-153755-740.bmp,G03,2026-02-02T15:37:55,2026-02-02,G03_2026-02-02,740,train,normal,,1025,1281,1,fb9edaaaa6281e313c9c3d17d5d8081c473ae3a0f400fa7c0fb931c6e510e008,,
1.0,G03-260202-153817-741,G03-260202-153817-741.bmp,G03,2026-02-02T15:38:17,2026-02-02,G03_2026-02-02,741,train,normal,,1025,1281,1,cf2250761e74d919f8ebda16db761ddbddba35b9e7cd468b4e1b5340fe036c2b,,
1.0,G03-260202-153824-742,G03-260202-153824-742.bmp,G03,2026-02-02T15:38:24,2026-02-02,G03_2026-02-02,742,train,normal,,1025,1281,1,17bcd24f2be2cb9a8f8b03d112d224b0011a0495b6750c505c622900cd512438,,
1.0,G03-260202-153848-743,G03-260202-153848-743.bmp,G03,2026-02-02T15:38:48,2026-02-02,G03_2026-02-02,743,train,normal,,1025,1281,1,470ae3f63904ce3e9c984187e1fbd592ebe17f090c574ee48325c3f9f08c8afc,,
1.0,G03-260202-153854-744,G03-260202-153854-744.bmp,G03,2026-02-02T15:38:54,2026-02-02,G03_2026-02-02,744,train,normal,,1025,1281,1,9aae9d371b5219bc7c654ca779f977784fc36dfde4080d3556a33d084c58a599,,
1.0,G03-260202-153919-745,G03-260202-153919-745.bmp,G03,2026-02-02T15:39:19,2026-02-02,G03_2026-02-02,745,train,normal,,1025,1281,1,7798ea2dd853f55d7444808202b92babb837cd19589f5b16177bc88ff3c9b3f0,,
1.0,G03-260202-153925-746,G03-260202-153925-746.bmp,G03,2026-02-02T15:39:25,2026-02-02,G03_2026-02-02,746,train,normal,,1025,1281,1,20e3a3b51d98bdf554e38ab83d7e79ceb66fa099e67aac5d09b5f4da106da139,,
1.0,G03-260202-153947-747,G03-260202-153947-747.bmp,G03,2026-02-02T15:39:47,2026-02-02,G03_2026-02-02,747,train,normal,,1025,1281,1,f78d4366e10f939ba71627608cbe3672357db43072221d1fea1b0e1693e1c016,,
1.0,G03-260202-153953-748,G03-260202-153953-748.bmp,G03,2026-02-02T15:39:53,2026-02-02,G03_2026-02-02,748,train,normal,,1025,1281,1,782debd2408a08c3a385097c84678f927c9399138c6f158d517942616ffa137e,,
1.0,G03-260202-154018-749,G03-260202-154018-749.bmp,G03,2026-02-02T15:40:18,2026-02-02,G03_2026-02-02,749,train,normal,,1025,1281,1,9e3bfde97fbdc3aaa0fab7c9d57b9a1b42337ea6aa79eae907343a6dbf00c9a9,,
1.0,G03-260202-154025-750,G03-260202-154025-750.bmp,G03,2026-02-02T15:40:25,2026-02-02,G03_2026-02-02,750,train,normal,,1025,1281,1,44eac97ed83045ee606d3376f2a5dcb9b54e0ab286ae14116b1f694b6f56af0c,,
1.0,G03-260202-154045-751,G03-260202-154045-751.bmp,G03,2026-02-02T15:40:45,2026-02-02,G03_2026-02-02,751,train,normal,,1025,1281,1,88cfe42c2f6f7711ef4c70ac6a3e7e98c247dd62da10a06e7853d16f35f1903d,,
1.0,G03-260202-154051-752,G03-260202-154051-752.bmp,G03,2026-02-02T15:40:51,2026-02-02,G03_2026-02-02,752,train,normal,,1025,1281,1,ea686914785b7a8ff87f2f20a904acc8f4bf79cf36999430ab134b972205460d,,
1.0,G03-260202-154118-753,G03-260202-154118-753.bmp,G03,2026-02-02T15:41:18,2026-02-02,G03_2026-02-02,753,train,normal,,1025,1281,1,6c681584b7f4fd8a93ad6a283f9226feb3bb82d621ebdf8889d78b3e136d8836,,
1.0,G03-260202-154125-754,G03-260202-154125-754.bmp,G03,2026-02-02T15:41:25,2026-02-02,G03_2026-02-02,754,train,normal,,1025,1281,1,9f5f67c36d49d3f1e7a698a513b77497c0a2ee895c29da8f0bfaee9b9670b2c3,,
1.0,G03-260202-154150-755,G03-260202-154150-755.bmp,G03,2026-02-02T15:41:50,2026-02-02,G03_2026-02-02,755,train,normal,,1025,1281,1,055d6236689628b3c62842b33b3c8c950e9b5670623f879269807963fe4b58bb,,
1.0,G03-260202-154157-756,G03-260202-154157-756.bmp,G03,2026-02-02T15:41:57,2026-02-02,G03_2026-02-02,756,train,normal,,1025,1281,1,73f96710e2667c4477925789738f8a6bfdb0cb02288b0b4adc203bf4bc1fb110,,
1.0,G03-260202-154219-757,G03-260202-154219-757.bmp,G03,2026-02-02T15:42:19,2026-02-02,G03_2026-02-02,757,train,normal,,1025,1281,1,4a8650a787ea7b72a2ebcdebb625b4ce649e1edd6e04a9c8f1c0938ae040266c,,
1.0,G03-260202-154225-758,G03-260202-154225-758.bmp,G03,2026-02-02T15:42:25,2026-02-02,G03_2026-02-02,758,train,normal,,1025,1281,1,eabbd6cf46102934871d6bf77c0ca04bf841c865e6a05a5837b9c3598d6504d1,,
1.0,G03-260202-154247-759,G03-260202-154247-759.bmp,G03,2026-02-02T15:42:47,2026-02-02,G03_2026-02-02,759,train,normal,,1025,1281,1,7efc33185b742f9e394b95afca968b76abc4b4144ecd401188612faefb29d880,,
1.0,G03-260202-154253-760,G03-260202-154253-760.bmp,G03,2026-02-02T15:42:53,2026-02-02,G03_2026-02-02,760,train,normal,,1025,1281,1,fdd5e1627401081dd845dad781594fe24ff9cf85bf23dcf84c856dd78ac93bc7,,
1.0,G03-260202-154320-761,G03-260202-154320-761.bmp,G03,2026-02-02T15:43:20,2026-02-02,G03_2026-02-02,761,train,normal,,1025,1281,1,483735f9bb7679bb716e6672bcf190027a91a61f033894ed772a0b18f54cbadf,,
1.0,G03-260202-154326-762,G03-260202-154326-762.bmp,G03,2026-02-02T15:43:26,2026-02-02,G03_2026-02-02,762,train,normal,,1025,1281,1,2d16c69a3a8e8eb7edf2c6fa7ad7ff70380642e59775e2de397cca464393df0b,,
1.0,G03-260202-154349-763,G03-260202-154349-763.bmp,G03,2026-02-02T15:43:49,2026-02-02,G03_2026-02-02,763,train,normal,,1025,1281,1,d001a3d44f970d6ac97c4d8cb3e1c62cd0c9a5bc905694a103b4a1fa9ef6a9a3,,
1.0,G03-260202-154356-764,G03-260202-154356-764.bmp,G03,2026-02-02T15:43:56,2026-02-02,G03_2026-02-02,764,train,normal,,1025,1281,1,a107d86e5786b1627e83d84dadc52039c085b8ba761b3596c65a7903238e4032,,
1.0,G03-260202-154418-765,G03-260202-154418-765.bmp,G03,2026-02-02T15:44:18,2026-02-02,G03_2026-02-02,765,train,normal,,1025,1281,1,a022ff27c827269d56209b21188f43e736dd838ca95aaadc7f6c16daf524714b,,
1.0,G03-260202-154424-766,G03-260202-154424-766.bmp,G03,2026-02-02T15:44:24,2026-02-02,G03_2026-02-02,766,train,normal,,1025,1281,1,d355f3a4dcf06e52677a0c8a2a8195b38be5f9f06fbff65fc8440ddd2c9fffa6,,
1.0,G03-260202-154448-767,G03-260202-154448-767.bmp,G03,2026-02-02T15:44:48,2026-02-02,G03_2026-02-02,767,train,normal,,1025,1281,1,08c44aa7fce2a5d0331a3df116ffe5af17396b147135e869cfc44aa31517c90e,,
1.0,G03-260202-154454-768,G03-260202-154454-768.bmp,G03,2026-02-02T15:44:54,2026-02-02,G03_2026-02-02,768,train,normal,,1025,1281,1,de9a929a2db3dc08bdcc3fe3a1912c2e3438d11688cb4e91625e2432007f770c,,
1.0,G03-260202-154520-769,G03-260202-154520-769.bmp,G03,2026-02-02T15:45:20,2026-02-02,G03_2026-02-02,769,train,normal,,1025,1281,1,01a62f6d3895de621c8aba19aba9cebab1af3a6e085913f61c5293192183a760,,
1.0,G03-260202-154526-770,G03-260202-154526-770.bmp,G03,2026-02-02T15:45:26,2026-02-02,G03_2026-02-02,770,train,normal,,1025,1281,1,ac190d9cd691fa933715da2a32ac62adea6d7704d28653eaa959222d59d9a6dc,,
1.0,G03-260202-154548-771,G03-260202-154548-771.bmp,G03,2026-02-02T15:45:48,2026-02-02,G03_2026-02-02,771,train,normal,,1025,1281,1,4b0b79bc2a7b4a4a5edf28e32d7ea31c86f8e75f4d8c2e6c8b81fde48c56c21e,,
1.0,G03-260202-154554-772,G03-260202-154554-772.bmp,G03,2026-02-02T15:45:54,2026-02-02,G03_2026-02-02,772,train,normal,,1025,1281,1,d8a9da3550012b8643ef5523972deef31395c99e76939b05eb4846c8aca1864d,,
1.0,G03-260202-154615-773,G03-260202-154615-773.bmp,G03,2026-02-02T15:46:15,2026-02-02,G03_2026-02-02,773,train,normal,,1025,1281,1,6157e3170d7dc1ec5ffe132d30b262b34c9c6c5e62627a03fa0ccd7abb718261,,
1.0,G03-260202-154621-774,G03-260202-154621-774.bmp,G03,2026-02-02T15:46:21,2026-02-02,G03_2026-02-02,774,train,normal,,1025,1281,1,429d38c992bad811707af937ccc1444a17d4db96d1fa793fe912994e13801b05,,
1.0,G03-260202-154648-775,G03-260202-154648-775.bmp,G03,2026-02-02T15:46:48,2026-02-02,G03_2026-02-02,775,train,normal,,1025,1281,1,d4566df1b6e670054c499f17345830d2c7ce8f4fef66b7aab07ef356ea792715,,
1.0,G03-260202-154654-776,G03-260202-154654-776.bmp,G03,2026-02-02T15:46:54,2026-02-02,G03_2026-02-02,776,train,normal,,1025,1281,1,ce418e2f8b6c469b78e4825a9b47b497f3e3234dec7cfd23cc9f75db439e5743,,
1.0,G03-260202-154719-777,G03-260202-154719-777.bmp,G03,2026-02-02T15:47:19,2026-02-02,G03_2026-02-02,777,train,normal,,1025,1281,1,260ab2654e64f181466e9c3f58d6e4468a46c78c5820acfd8cdc4a9f6fcf97b0,,
1.0,G03-260202-154725-778,G03-260202-154725-778.bmp,G03,2026-02-02T15:47:25,2026-02-02,G03_2026-02-02,778,train,normal,,1025,1281,1,7bcb15873e5df77d3299e515e95370e06abd55a905fc2a416a2eaa6703ed8747,,
1.0,G03-260202-154750-779,G03-260202-154750-779.bmp,G03,2026-02-02T15:47:50,2026-02-02,G03_2026-02-02,779,train,normal,,1025,1281,1,a9a6f1827f26777593dc33e78275f3bff11a1b1e6c96c7cf0afbc0e8cf52c062,,
1.0,G03-260202-154756-780,G03-260202-154756-780.bmp,G03,2026-02-02T15:47:56,2026-02-02,G03_2026-02-02,780,train,normal,,1025,1281,1,aa85916bac1738a80cb0d8a028e0e4a7a7b3c9f604e4b55ca4558e7db82e0c2e,,
1.0,G03-260202-154819-781,G03-260202-154819-781.bmp,G03,2026-02-02T15:48:19,2026-02-02,G03_2026-02-02,781,train,normal,,1025,1281,1,e241fe3948afb97660fb63d470eb2cc80f006d45150ee4c0e10d729babba655f,,
1.0,G03-260202-154825-782,G03-260202-154825-782.bmp,G03,2026-02-02T15:48:25,2026-02-02,G03_2026-02-02,782,train,normal,,1025,1281,1,77a9ef00085f058ade86240843b00dc56fe9767829739fc2080ed5391df4a201,,
1.0,G03-260202-154846-783,G03-260202-154846-783.bmp,G03,2026-02-02T15:48:46,2026-02-02,G03_2026-02-02,783,train,normal,,1025,1281,1,96383cb1a144b73e243445d7c4ed83427173d256f6412aa7f399948b7cc266ab,,
1.0,G03-260202-154854-784,G03-260202-154854-784.bmp,G03,2026-02-02T15:48:54,2026-02-02,G03_2026-02-02,784,train,normal,,1025,1281,1,15b15c20c4d79fa6d90a076566a08f7925c2f940d0a2a16e3fc1b2575828a7a6,,
1.0,G03-260202-154918-785,G03-260202-154918-785.bmp,G03,2026-02-02T15:49:18,2026-02-02,G03_2026-02-02,785,train,normal,,1025,1281,1,9a9028bdcc51cecbeddfed43b860ab9ca48557334194b731cd3abf1f5bd5b06e,,
1.0,G03-260202-154924-786,G03-260202-154924-786.bmp,G03,2026-02-02T15:49:24,2026-02-02,G03_2026-02-02,786,train,normal,,1025,1281,1,0a8a63d6b56267376ace9fc3b50365ed676ba3c4208461258b280ad0e07a9bab,,
1.0,G03-260202-154948-787,G03-260202-154948-787.bmp,G03,2026-02-02T15:49:48,2026-02-02,G03_2026-02-02,787,train,normal,,1025,1281,1,dd813ebca3ffd33a993e63363805e25587ec0b68613bc55213f7ea87f4be9786,,
1.0,G03-260202-154955-788,G03-260202-154955-788.bmp,G03,2026-02-02T15:49:55,2026-02-02,G03_2026-02-02,788,train,normal,,1025,1281,1,4ddd0c11d4d47ba0e1c20e192df17b44bd28dfe87186e9cef6eac4628cd3242a,,
1.0,G03-260202-155017-789,G03-260202-155017-789.bmp,G03,2026-02-02T15:50:17,2026-02-02,G03_2026-02-02,789,train,normal,,1025,1281,1,d45792252e8ce157a7c67ef0e209962cb2a3366edee631788487198099534103,,
1.0,G03-260202-155023-790,G03-260202-155023-790.bmp,G03,2026-02-02T15:50:23,2026-02-02,G03_2026-02-02,790,train,normal,,1025,1281,1,f80661e5c7950e3994bdd0779bae42c11e21ad60639fdf0262b8fe2e6aebeade,,
1.0,G03-260202-155049-791,G03-260202-155049-791.bmp,G03,2026-02-02T15:50:49,2026-02-02,G03_2026-02-02,791,train,normal,,1025,1281,1,3cf56e40aa394fa0be15391bcc95f5c42fd02fa83d86665cc5a2067526bb277d,,
1.0,G03-260202-155055-792,G03-260202-155055-792.bmp,G03,2026-02-02T15:50:55,2026-02-02,G03_2026-02-02,792,train,normal,,1025,1281,1,ee68d8a4ce221a5b894154a438af2c7e40bd940d7b44ae6da57f94dea840d70e,,
1.0,G03-260202-155121-793,G03-260202-155121-793.bmp,G03,2026-02-02T15:51:21,2026-02-02,G03_2026-02-02,793,train,normal,,1025,1281,1,6550fd9383efcb996641f0d3e2c1e31b447048b5a3d8349a7148a8b61ec8cef2,,
1.0,G03-260202-155128-794,G03-260202-155128-794.bmp,G03,2026-02-02T15:51:28,2026-02-02,G03_2026-02-02,794,train,normal,,1025,1281,1,b71a1fe71543784c5dfff2be5c77422e0fdb20794b8db664a429df3ae9acf783,,
1.0,G03-260202-155150-795,G03-260202-155150-795.bmp,G03,2026-02-02T15:51:50,2026-02-02,G03_2026-02-02,795,train,normal,,1025,1281,1,3e468ebd67bf049d6da38ac8a912781bf332f92716ef60c889e6104fee2ff6b4,,
1.0,G03-260202-155156-796,G03-260202-155156-796.bmp,G03,2026-02-02T15:51:56,2026-02-02,G03_2026-02-02,796,train,normal,,1025,1281,1,63912c66cba32c4b8c1a2a14262940ec50d05d0468eac161253dcb97ab8a7db9,,
1.0,G03-260202-155216-797,G03-260202-155216-797.bmp,G03,2026-02-02T15:52:16,2026-02-02,G03_2026-02-02,797,train,normal,,1025,1281,1,e61c86c08377557911aac4619bbee9104b5e48a9a70dab4f047b29f8072e6ed3,,
1.0,G03-260202-155223-798,G03-260202-155223-798.bmp,G03,2026-02-02T15:52:23,2026-02-02,G03_2026-02-02,798,train,normal,,1025,1281,1,164fb25ae5dbfcac79ebfa2181e55c9fc583e7866e27ceafb00674d4edc94455,,
1.0,G03-260202-155244-799,G03-260202-155244-799.bmp,G03,2026-02-02T15:52:44,2026-02-02,G03_2026-02-02,799,train,normal,,1025,1281,1,81f4119a0ab7282acc5142840ac60ae92b05ae7c0ee6a3af2bc284d8a3f2c8cb,,
1.0,G03-260202-155251-800,G03-260202-155251-800.bmp,G03,2026-02-02T15:52:51,2026-02-02,G03_2026-02-02,800,train,normal,,1025,1281,1,864a77c50da990476a8bf0b10abe76019f3cb1b568b0f0dd98821712c85f16c5,,
1.0,G03-260202-155318-801,G03-260202-155318-801.bmp,G03,2026-02-02T15:53:18,2026-02-02,G03_2026-02-02,801,train,normal,,1025,1281,1,bb539efa2ef91ee788b235a1739c41eacb3727ecaa993556ba16b92f7e95ce52,,
1.0,G03-260202-155325-802,G03-260202-155325-802.bmp,G03,2026-02-02T15:53:25,2026-02-02,G03_2026-02-02,802,train,normal,,1025,1281,1,9492476dca557c32e8c305ce21a1fabe227dbda3bc69189450675be8371e2dd7,,
1.0,G03-260202-155350-803,G03-260202-155350-803.bmp,G03,2026-02-02T15:53:50,2026-02-02,G03_2026-02-02,803,train,normal,,1025,1281,1,7d159507f4c141c70a95f76e3cf71d59828662081ab1a5f0c117abb9b0bbfeac,,
1.0,G03-260202-155359-804,G03-260202-155359-804.bmp,G03,2026-02-02T15:53:59,2026-02-02,G03_2026-02-02,804,train,normal,,1025,1281,1,52a29701d4599ded7c85409fe741c971052db5560376008112dcc8e28fcbce1d,,
1.0,G03-260202-155412-805,G03-260202-155412-805.bmp,G03,2026-02-02T15:54:12,2026-02-02,G03_2026-02-02,805,train,normal,,1025,1281,1,a534138a9ad079b0939f61b838638c54ebedf2501c4d9b13c5dc18c592de75c4,,
1.0,G03-260202-155420-806,G03-260202-155420-806.bmp,G03,2026-02-02T15:54:20,2026-02-02,G03_2026-02-02,806,train,normal,,1025,1281,1,474f42b193adeb39dc27f2a2cd6773bcceb9ec9d67f0f3b320bc56cdd7c610bf,,
1.0,G03-260202-155444-807,G03-260202-155444-807.bmp,G03,2026-02-02T15:54:44,2026-02-02,G03_2026-02-02,807,train,normal,,1025,1281,1,7f471224e6f0d46879729b593e6ab5d2751c1344eccc79f047780c370722b3f0,,
1.0,G03-260202-155520-808,G03-260202-155520-808.bmp,G03,2026-02-02T15:55:20,2026-02-02,G03_2026-02-02,808,train,normal,,1025,1281,1,b2f28cd94f4413155a5729e3ad6118e5806d6e7108eb0937ec5db90e0a62aa6a,,
1.0,G03-260202-155526-809,G03-260202-155526-809.bmp,G03,2026-02-02T15:55:26,2026-02-02,G03_2026-02-02,809,train,normal,,1025,1281,1,36da3c3bb8826c93bb84d73bdb781606fc31ee859f679497d919f8fa0491f9ff,,
1.0,G03-260202-155549-810,G03-260202-155549-810.bmp,G03,2026-02-02T15:55:49,2026-02-02,G03_2026-02-02,810,train,normal,,1025,1281,1,82720a1bead724ac4c792aa08df1a0b67207e5a5c8486f20f40c74e0274af772,,
1.0,G03-260202-155555-811,G03-260202-155555-811.bmp,G03,2026-02-02T15:55:55,2026-02-02,G03_2026-02-02,811,train,normal,,1025,1281,1,07be02ae693ff87d7d266e1978d5021973896ff465984dac83c8f2e65aa249b7,,
1.0,G03-260202-155622-812,G03-260202-155622-812.bmp,G03,2026-02-02T15:56:22,2026-02-02,G03_2026-02-02,812,train,normal,,1025,1281,1,9f0529769afd0e88ad707a52977411185946eb6d944daac80a97ca0f72f423a4,,
1.0,G03-260202-155628-813,G03-260202-155628-813.bmp,G03,2026-02-02T15:56:28,2026-02-02,G03_2026-02-02,813,train,normal,,1025,1281,1,32a0d7b6804175ffcb65b68b72c9f2d1b8ceb43238c6f3c43ff1e33f5b7fd727,,
1.0,G03-260202-155652-814,G03-260202-155652-814.bmp,G03,2026-02-02T15:56:52,2026-02-02,G03_2026-02-02,814,train,normal,,1025,1281,1,9ba0d725b986ff003dbfcbba1183f717821dd4d644ad4795f544e766f43a5536,,
1.0,G03-260202-155658-815,G03-260202-155658-815.bmp,G03,2026-02-02T15:56:58,2026-02-02,G03_2026-02-02,815,train,normal,,1025,1281,1,4040a90db4d9c95da17b8f3ed135cdd787a7a6f61565fd5396a6ddd2917b4e73,,
1.0,G03-260202-155723-816,G03-260202-155723-816.bmp,G03,2026-02-02T15:57:23,2026-02-02,G03_2026-02-02,816,train,normal,,1025,1281,1,a88b96a0e12b0ed7b72e651a5a703c133d277d6a1ffdc19500ab98b61ed08a4f,,
1.0,G03-260202-155729-817,G03-260202-155729-817.bmp,G03,2026-02-02T15:57:29,2026-02-02,G03_2026-02-02,817,train,normal,,1025,1281,1,92bd74c45fec9b77bfe4a5c6291bce2ae7d9aebd571d7331862938cc86504d41,,
1.0,G03-260202-155751-818,G03-260202-155751-818.bmp,G03,2026-02-02T15:57:51,2026-02-02,G03_2026-02-02,818,train,normal,,1025,1281,1,b9aef9492b489060d0384e15be0cd56411ec5853bbc4c0571b777aea0b970e46,,
1.0,G03-260202-155757-819,G03-260202-155757-819.bmp,G03,2026-02-02T15:57:57,2026-02-02,G03_2026-02-02,819,train,normal,,1025,1281,1,485ca278ea017c8620f4018c26b63e37edb34be3721477edcd705b66d0fa33f7,,
1.0,G03-260202-155821-820,G03-260202-155821-820.bmp,G03,2026-02-02T15:58:21,2026-02-02,G03_2026-02-02,820,train,normal,,1025,1281,1,c2a4823706980b725e6040544b396a1004d734dd550fc821f180c8f765f81290,,
1.0,G03-260202-155827-821,G03-260202-155827-821.bmp,G03,2026-02-02T15:58:27,2026-02-02,G03_2026-02-02,821,train,normal,,1025,1281,1,8e1a6507d74004fa7c1343fc05af541ca3e4ce74f8d7df2fe00fa4f46b058774,,
1.0,G03-260202-155851-822,G03-260202-155851-822.bmp,G03,2026-02-02T15:58:51,2026-02-02,G03_2026-02-02,822,train,normal,,1025,1281,1,b1d12d9d93a91c35c53d00d37bee1fc8e9e5699f7983172b8b124ce97ee3fa05,,
1.0,G03-260202-155858-823,G03-260202-155858-823.bmp,G03,2026-02-02T15:58:58,2026-02-02,G03_2026-02-02,823,train,normal,,1025,1281,1,c48c00c52755a385c64e83939a0920740f61e9b1c874183ff0a319d5da2a6f4b,,
1.0,G03-260202-155919-824,G03-260202-155919-824.bmp,G03,2026-02-02T15:59:19,2026-02-02,G03_2026-02-02,824,train,normal,,1025,1281,1,4d1281b2d92f7bed7bdd01f7b8eb8c66d12344434a51f8e6d165ea47556d1699,,
1.0,G03-260202-155925-825,G03-260202-155925-825.bmp,G03,2026-02-02T15:59:25,2026-02-02,G03_2026-02-02,825,train,normal,,1025,1281,1,0093612a0276d52cf1a0e92767d312d223c6c383b46fde017faac148ac191b69,,
1.0,G03-260202-155955-826,G03-260202-155955-826.bmp,G03,2026-02-02T15:59:55,2026-02-02,G03_2026-02-02,826,train,normal,,1025,1281,1,37fb39f36eb7175470b5e27492d3f4e76d96cd90988925dbfe161efd1ec481e4,,
1.0,G03-260202-160008-827,G03-260202-160008-827.bmp,G03,2026-02-02T16:00:08,2026-02-02,G03_2026-02-02,827,train,normal,,1025,1281,1,ab98555015b7418f0b414b882fd734afabaaf2678b7bb4fbb849088624aeeab5,,
1.0,G03-260202-160022-828,G03-260202-160022-828.bmp,G03,2026-02-02T16:00:22,2026-02-02,G03_2026-02-02,828,train,normal,,1025,1281,1,70ffea7cc5a9ff7a613741a17f1a8da982c432916fc34fbeb038f558cb414730,,
1.0,G03-260202-160028-829,G03-260202-160028-829.bmp,G03,2026-02-02T16:00:28,2026-02-02,G03_2026-02-02,829,train,normal,,1025,1281,1,1e3028966a9f61848197077ab3ec2ff4a241a76f0274734e21798b15279918de,,
1.0,G03-260202-160052-830,G03-260202-160052-830.bmp,G03,2026-02-02T16:00:52,2026-02-02,G03_2026-02-02,830,train,normal,,1025,1281,1,090fc50231ed323e5a8497c619da367c50ea976435adb7f91e793608213c3253,,
1.0,G03-260202-160058-831,G03-260202-160058-831.bmp,G03,2026-02-02T16:00:58,2026-02-02,G03_2026-02-02,831,train,normal,,1025,1281,1,648369017472a4ca61f3e21a2279d54dfd81bdc0a86f180ff722da1142fe8fb7,,
1.0,G03-260202-160120-832,G03-260202-160120-832.bmp,G03,2026-02-02T16:01:20,2026-02-02,G03_2026-02-02,832,train,normal,,1025,1281,1,1b964c23152829b451fa1f2861a9a8c134a0a40f49698d2ad05da6157784a5d5,,
1.0,G03-260202-160126-833,G03-260202-160126-833.bmp,G03,2026-02-02T16:01:26,2026-02-02,G03_2026-02-02,833,train,normal,,1025,1281,1,ca6847fe3ec74f4c63666bae724d19b2168155c282ae32dc19988ff2fa49bbf9,,
1.0,G03-260202-160151-834,G03-260202-160151-834.bmp,G03,2026-02-02T16:01:51,2026-02-02,G03_2026-02-02,834,train,normal,,1025,1281,1,dee0c7e861cd97411eb8af538e5b48643adf7e2486fd6b08ae9b9c7e46f21e54,,
1.0,G03-260202-160158-835,G03-260202-160158-835.bmp,G03,2026-02-02T16:01:58,2026-02-02,G03_2026-02-02,835,train,normal,,1025,1281,1,00a964b1bb9496a54dcb55414a7555e1817bce71ef9f7460a35abf69c5a5721e,,
1.0,G03-260202-160221-836,G03-260202-160221-836.bmp,G03,2026-02-02T16:02:21,2026-02-02,G03_2026-02-02,836,train,normal,,1025,1281,1,9372092eb3138bb405147efd7af3c2c267bf21780fa9f2026ccafcb2606b62b0,,
1.0,G03-260202-160228-837,G03-260202-160228-837.bmp,G03,2026-02-02T16:02:28,2026-02-02,G03_2026-02-02,837,train,normal,,1025,1281,1,0b20b0a1c34c3cf1e8343d2e7efb2f28e9afe986fe9f1b1fe194064053c206b6,,
1.0,G03-260202-160250-838,G03-260202-160250-838.bmp,G03,2026-02-02T16:02:50,2026-02-02,G03_2026-02-02,838,train,normal,,1025,1281,1,8e9b2ab837328c3bc7e3ad37eac726d4d78d9b8a23f46274de6b3c070dc6d08c,,
1.0,G03-260202-160257-839,G03-260202-160257-839.bmp,G03,2026-02-02T16:02:57,2026-02-02,G03_2026-02-02,839,train,normal,,1025,1281,1,efa049e3e1fc8a30f0947d6fd129a6b90c827e296e3a3a00d2bcf6fb57be830f,,
1.0,G03-260202-160321-840,G03-260202-160321-840.bmp,G03,2026-02-02T16:03:21,2026-02-02,G03_2026-02-02,840,train,normal,,1025,1281,1,aafe5afbcf8dcc3b3a5f063b463c4011b607df8104dd43ae4e5edb8e642beda9,,
1.0,G03-260202-160327-841,G03-260202-160327-841.bmp,G03,2026-02-02T16:03:27,2026-02-02,G03_2026-02-02,841,train,normal,,1025,1281,1,0690b9d336ddfc01f4f34e149e080962d9a056e729cdaed2cacb8b119d5d9ce3,,
1.0,G03-260202-160350-842,G03-260202-160350-842.bmp,G03,2026-02-02T16:03:50,2026-02-02,G03_2026-02-02,842,train,normal,,1025,1281,1,4f41092d5e877c257e80878eec9beeee7a70970af846f53c695eba73876da99c,,
1.0,G03-260202-160356-843,G03-260202-160356-843.bmp,G03,2026-02-02T16:03:56,2026-02-02,G03_2026-02-02,843,train,normal,,1025,1281,1,cac9eb4209a70cb775af9fd79ca20f2ef27a289ba1acf53e051f37f1fc616b6a,,
1.0,G03-260202-160450-844,G03-260202-160450-844.bmp,G03,2026-02-02T16:04:50,2026-02-02,G03_2026-02-02,844,train,normal,,1025,1281,1,fab7d9e60a7bde0485dfe9828b24261b6ae5b715ab817fb10594ab833caf6dc5,,
1.0,G03-260202-160457-845,G03-260202-160457-845.bmp,G03,2026-02-02T16:04:57,2026-02-02,G03_2026-02-02,845,train,normal,,1025,1281,1,163fd45dba9fc75926dd59379754b50e72201d8f529db2fd0de7ac6f32258cb1,,
1.0,G03-260202-160523-846,G03-260202-160523-846.bmp,G03,2026-02-02T16:05:23,2026-02-02,G03_2026-02-02,846,train,normal,,1025,1281,1,856a0ca92a224f139728c185dfb71013aac83ffc96fd0cdaab27a9121ca678a4,,
1.0,G03-260202-160529-847,G03-260202-160529-847.bmp,G03,2026-02-02T16:05:29,2026-02-02,G03_2026-02-02,847,train,normal,,1025,1281,1,93473dc48c988b81b3632c74715651f784a5d91884b616e066db06a020ea042b,,
1.0,G03-260202-160553-848,G03-260202-160553-848.bmp,G03,2026-02-02T16:05:53,2026-02-02,G03_2026-02-02,848,train,normal,,1025,1281,1,6b6cfb83f531cac6a1eccd56056c646154b957f23bbfb5aa405dd8e138f31b55,,
1.0,G03-260202-160559-849,G03-260202-160559-849.bmp,G03,2026-02-02T16:05:59,2026-02-02,G03_2026-02-02,849,train,normal,,1025,1281,1,494082b833431e8f24aabef8a7f74ccb3a5a8856260bfe68ad16f7591f46844e,,
1.0,G03-260202-160622-850,G03-260202-160622-850.bmp,G03,2026-02-02T16:06:22,2026-02-02,G03_2026-02-02,850,train,normal,,1025,1281,1,e7ef8548f64c3b638ea243c19563c615fba782aa40f8fa569fb741200c2ffa6d,,
1.0,G03-260202-160628-851,G03-260202-160628-851.bmp,G03,2026-02-02T16:06:28,2026-02-02,G03_2026-02-02,851,train,normal,,1025,1281,1,f5f516f51caa15a1e45abfa3cd5614da4bee53a5abbc1792bb7957a920b10a89,,
1.0,G03-260202-160651-852,G03-260202-160651-852.bmp,G03,2026-02-02T16:06:51,2026-02-02,G03_2026-02-02,852,train,normal,,1025,1281,1,2ab521dffc4642bfd3e7379f1bdb1e95de1e65f4b31d43340ea8765aeaf9fdd2,,
1.0,G03-260202-160657-853,G03-260202-160657-853.bmp,G03,2026-02-02T16:06:57,2026-02-02,G03_2026-02-02,853,train,normal,,1025,1281,1,c08c4c12f14385d02f871c1e2f0ba2bf456632810aa2832761f9c6eb11374712,,
1.0,G03-260202-160721-854,G03-260202-160721-854.bmp,G03,2026-02-02T16:07:21,2026-02-02,G03_2026-02-02,854,train,normal,,1025,1281,1,82bff30922841f0460cdd8c7b8e86bb9c0dab088c8f31f699927d9c57dd27213,,
1.0,G03-260202-160727-855,G03-260202-160727-855.bmp,G03,2026-02-02T16:07:27,2026-02-02,G03_2026-02-02,855,train,normal,,1025,1281,1,00fe3f7d5685131d789f6d4d78889878c0b957768fb29d7af964f33a875374b5,,
1.0,G03-260202-160752-856,G03-260202-160752-856.bmp,G03,2026-02-02T16:07:52,2026-02-02,G03_2026-02-02,856,train,normal,,1025,1281,1,5df2805788988cbfa1b774de0cb655934ff9b330c1ab8e2a4d08d9be71582d65,,
1.0,G03-260202-160759-857,G03-260202-160759-857.bmp,G03,2026-02-02T16:07:59,2026-02-02,G03_2026-02-02,857,train,normal,,1025,1281,1,b8b38c8662a72bcd309bf1b02a9d09979f183913ca6142d3a856209f70583654,,
1.0,G03-260202-160823-858,G03-260202-160823-858.bmp,G03,2026-02-02T16:08:23,2026-02-02,G03_2026-02-02,858,train,normal,,1025,1281,1,856bf039c5861c8628cea4a3c03bfccc07fe5c53c0eb005835a990365f2f61f4,,
1.0,G03-260202-160830-859,G03-260202-160830-859.bmp,G03,2026-02-02T16:08:30,2026-02-02,G03_2026-02-02,859,train,normal,,1025,1281,1,707d1e6dd7cd6eb5f1d8f34de65ddaddcf3a8830c797002052873a04d1eaaa38,,
1.0,G03-260202-160851-860,G03-260202-160851-860.bmp,G03,2026-02-02T16:08:51,2026-02-02,G03_2026-02-02,860,train,normal,,1025,1281,1,7ce8a02a5c853856c3e36ee1ce9437e0b14319bc92de2efbd088f95dea61f4db,,
1.0,G03-260202-160857-861,G03-260202-160857-861.bmp,G03,2026-02-02T16:08:57,2026-02-02,G03_2026-02-02,861,train,normal,,1025,1281,1,42b9e3b410681373fc039126b56034f99128f278b511da4bdf586c2ee048ce62,,
1.0,G03-260202-160917-862,G03-260202-160917-862.bmp,G03,2026-02-02T16:09:17,2026-02-02,G03_2026-02-02,862,train,normal,,1025,1281,1,6fb1052325443f3e25062995f082bcdfd885fbf61acdf284ebfbed9e41d7dea2,,
1.0,G03-260202-160923-863,G03-260202-160923-863.bmp,G03,2026-02-02T16:09:23,2026-02-02,G03_2026-02-02,863,train,normal,,1025,1281,1,7acbb8aa831cd166d9e3900b1c299ec8d125577b315e20251ea198b0737d5c5f,,
1.0,G03-260202-160945-864,G03-260202-160945-864.bmp,G03,2026-02-02T16:09:45,2026-02-02,G03_2026-02-02,864,train,normal,,1025,1281,1,d488bb91decf0bb82e468e5af69a9a5197ff55016cb46ff6f68b00e57f54090b,,
1.0,G03-260202-160952-865,G03-260202-160952-865.bmp,G03,2026-02-02T16:09:52,2026-02-02,G03_2026-02-02,865,train,normal,,1025,1281,1,e1d432868ee3d458540fc5c8fdfc9f346a5ae569b2aa8b5b658c0cbd286a2e89,,
1.0,G03-260202-161016-866,G03-260202-161016-866.bmp,G03,2026-02-02T16:10:16,2026-02-02,G03_2026-02-02,866,train,normal,,1025,1281,1,c09a39360dfaa458a65547fd5c9ac53f90d1a05d0203e01fba0131dcbcfd23e0,,
1.0,G03-260202-161023-867,G03-260202-161023-867.bmp,G03,2026-02-02T16:10:23,2026-02-02,G03_2026-02-02,867,train,normal,,1025,1281,1,e302ada8dbdd9a980f0c89cc485978d90aa30dad0be0e39750374ecf8439ba60,,
1.0,G03-260202-161052-868,G03-260202-161052-868.bmp,G03,2026-02-02T16:10:52,2026-02-02,G03_2026-02-02,868,train,normal,,1025,1281,1,14c8b57aed44c0930da81fb214dedd29811865fcda4b9ac264e1996239766e76,,
1.0,G03-260202-161058-869,G03-260202-161058-869.bmp,G03,2026-02-02T16:10:58,2026-02-02,G03_2026-02-02,869,train,normal,,1025,1281,1,ecb2642fb3817f66e02e06f4715eb638f14aa62800cfb63188f7311da9f812bd,,
1.0,G03-260202-161122-870,G03-260202-161122-870.bmp,G03,2026-02-02T16:11:22,2026-02-02,G03_2026-02-02,870,train,normal,,1025,1281,1,37b00250f3478f4537d29784671761d96ac697b97812e201026a61e4968b72d1,,
1.0,G03-260202-161128-871,G03-260202-161128-871.bmp,G03,2026-02-02T16:11:28,2026-02-02,G03_2026-02-02,871,train,normal,,1025,1281,1,0785ffa79f185391f819515474bc7bff8e3a02833fb0a68cc6818b598d767024,,
1.0,G03-260202-161154-872,G03-260202-161154-872.bmp,G03,2026-02-02T16:11:54,2026-02-02,G03_2026-02-02,872,train,normal,,1025,1281,1,cd10f3712769a7f389409bd6b45f49c69e5eb15b76ebaf59692d0f66746bf87e,,
1.0,G03-260202-161201-873,G03-260202-161201-873.bmp,G03,2026-02-02T16:12:01,2026-02-02,G03_2026-02-02,873,train,normal,,1025,1281,1,3af2e039d1288f0dd84a425fce00f63cfa77dfbf332c58f0b8bcbdc3c6b93fcb,,
1.0,G03-260202-161215-874,G03-260202-161215-874.bmp,G03,2026-02-02T16:12:15,2026-02-02,G03_2026-02-02,874,train,normal,,1025,1281,1,16a7572d6180229562d13f6362434533a03301abb74677caf1156d4febbbb20a,,
1.0,G03-260202-161223-875,G03-260202-161223-875.bmp,G03,2026-02-02T16:12:23,2026-02-02,G03_2026-02-02,875,train,normal,,1025,1281,1,ea2700e12c2b5bb3a9a787d58af1c42abdf7a8140e5712a18968b4c758eb9580,,
1.0,G03-260203-082641-481,G03-260203-082641-481.bmp,G03,2026-02-03T08:26:41,2026-02-03,G03_2026-02-03,481,val,normal,,1025,1281,1,568fa2d740695124d4a94466d141e548d752d440e2e192683d359672a1acfb8e,,
1.0,G03-260203-082655-482,G03-260203-082655-482.bmp,G03,2026-02-03T08:26:55,2026-02-03,G03_2026-02-03,482,val,normal,,1025,1281,1,90e3a3a45a7391db101cf82f8be704eec9723fbcf2f1e933e8cb4525b10b63bf,,
1.0,G03-260203-082708-483,G03-260203-082708-483.bmp,G03,2026-02-03T08:27:08,2026-02-03,G03_2026-02-03,483,val,normal,,1025,1281,1,1c6a284884519a22d0820dc5ea28a3844b98171be29a933fb2f0c5d742c22f2f,,
1.0,G03-260203-082725-484,G03-260203-082725-484.bmp,G03,2026-02-03T08:27:25,2026-02-03,G03_2026-02-03,484,val,normal,,1025,1281,1,24526c427cfc5ea072ce019f8199db6de8437150bd2fe99752e88508e7aabd63,,
1.0,G03-260203-082738-485,G03-260203-082738-485.bmp,G03,2026-02-03T08:27:38,2026-02-03,G03_2026-02-03,485,val,normal,,1025,1281,1,94540bdab00f12151c26cd282949f5f23607f39d8a48b9f76c86560719a446da,,
1.0,G03-260203-082756-486,G03-260203-082756-486.bmp,G03,2026-02-03T08:27:56,2026-02-03,G03_2026-02-03,486,val,normal,,1025,1281,1,e4080a4987cf3f8cb314d76b3d91c566fbca7fec932352b285ae17cefe4164d9,,
1.0,G03-260203-082808-487,G03-260203-082808-487.bmp,G03,2026-02-03T08:28:08,2026-02-03,G03_2026-02-03,487,val,normal,,1025,1281,1,9716b9bc7c2590a4618035c6a71734e91bb836d630fcf14c01893e1a2aebe953,,
1.0,G03-260203-082824-488,G03-260203-082824-488.bmp,G03,2026-02-03T08:28:24,2026-02-03,G03_2026-02-03,488,val,normal,,1025,1281,1,fa70c4fe27aa4f11f5ed1b4d5404ba92db25376be7f7e8f5d50a629af65b4470,,
1.0,G03-260203-082835-489,G03-260203-082835-489.bmp,G03,2026-02-03T08:28:35,2026-02-03,G03_2026-02-03,489,val,normal,,1025,1281,1,7c82a9e43cc680efe21cfce9aef85375c924da3ec2d6bd01f1fa1b6460f49a6e,,
1.0,G03-260203-082858-490,G03-260203-082858-490.bmp,G03,2026-02-03T08:28:58,2026-02-03,G03_2026-02-03,490,val,normal,,1025,1281,1,15c101c3e2fc47ffff0a3aecaf1ac504d1d4b6b14087aa6145a47c6a5d435bbd,,
1.0,G03-260203-082907-491,G03-260203-082907-491.bmp,G03,2026-02-03T08:29:07,2026-02-03,G03_2026-02-03,491,val,normal,,1025,1281,1,258e49ce53c097a7c7e92a55cb694a9062ba1e738afe086164f6bfa7ef8f9e0e,,
1.0,G03-260203-082926-492,G03-260203-082926-492.bmp,G03,2026-02-03T08:29:26,2026-02-03,G03_2026-02-03,492,val,normal,,1025,1281,1,13310af456e4b4ab6aa9069d27ddffe5267f6286eeb7d6e7d48450cd4e9e2903,,
1.0,G03-260203-082940-493,G03-260203-082940-493.bmp,G03,2026-02-03T08:29:40,2026-02-03,G03_2026-02-03,493,val,normal,,1025,1281,1,8ffbbd171cba6c0b0c7e020eeada69a9e3aad7997371884fbef7ecefc7896ae9,,
1.0,G03-260203-082955-494,G03-260203-082955-494.bmp,G03,2026-02-03T08:29:55,2026-02-03,G03_2026-02-03,494,val,normal,,1025,1281,1,1b3016e7d8fb429497e5218c8322d513a0344a085ff8f2d47634c66079a42fdf,,
1.0,G03-260203-083004-495,G03-260203-083004-495.bmp,G03,2026-02-03T08:30:04,2026-02-03,G03_2026-02-03,495,val,normal,,1025,1281,1,348950f1ddd39b71ada79a160afe9d7eff4a94952fa2a948673c96e9e957b072,,
1.0,G03-260203-083027-496,G03-260203-083027-496.bmp,G03,2026-02-03T08:30:27,2026-02-03,G03_2026-02-03,496,val,normal,,1025,1281,1,e6cf5a498120c18222f3ff17affadeb3dff2677bd855786f078ed61a4631a2df,,
1.0,G03-260203-083037-497,G03-260203-083037-497.bmp,G03,2026-02-03T08:30:37,2026-02-03,G03_2026-02-03,497,val,normal,,1025,1281,1,e146428f830fdd4da4bc41849e3ea567a8106218e683751cb29fb743d220f24d,,
1.0,G03-260203-083056-498,G03-260203-083056-498.bmp,G03,2026-02-03T08:30:56,2026-02-03,G03_2026-02-03,498,val,normal,,1025,1281,1,e11a848ed145e7c283a3bcccfe30666b1af167110d9c4ce53a60aa74ab8a3953,,
1.0,G03-260203-083108-499,G03-260203-083108-499.bmp,G03,2026-02-03T08:31:08,2026-02-03,G03_2026-02-03,499,val,normal,,1025,1281,1,164456fd22ad5fca9fd14a46c34a96aa67deb60f6925bb9f22b8f8f79cba2f64,,
1.0,G03-260203-083127-500,G03-260203-083127-500.bmp,G03,2026-02-03T08:31:27,2026-02-03,G03_2026-02-03,500,val,normal,,1025,1281,1,fc9ae84c9b864c3a01dd2a187ac3c54029405bdc3c1857d2ff76bd0962f239b1,,
1.0,G03-260203-083139-501,G03-260203-083139-501.bmp,G03,2026-02-03T08:31:39,2026-02-03,G03_2026-02-03,501,val,normal,,1025,1281,1,9fd0fe7c8e992979c481916859cbe55e0737b4c4bf993d8e2414b9b7d8d2c4e3,,
1.0,G03-260203-083156-502,G03-260203-083156-502.bmp,G03,2026-02-03T08:31:56,2026-02-03,G03_2026-02-03,502,val,normal,,1025,1281,1,999e40cf6c86ab24847cf23f876c3f9b38d7bf530084e67583f51d071fa2e53a,,
1.0,G03-260203-083206-503,G03-260203-083206-503.bmp,G03,2026-02-03T08:32:06,2026-02-03,G03_2026-02-03,503,val,normal,,1025,1281,1,b571a53c72180474f1d70ba383848bb7621b8763c875fef99ee938f1db2f0079,,
1.0,G03-260203-083229-504,G03-260203-083229-504.bmp,G03,2026-02-03T08:32:29,2026-02-03,G03_2026-02-03,504,val,normal,,1025,1281,1,5254772502017101b06209e1a781ccae87cd39b03616ee7cfd98f61653a192dc,,
1.0,G03-260203-083237-505,G03-260203-083237-505.bmp,G03,2026-02-03T08:32:37,2026-02-03,G03_2026-02-03,505,val,normal,,1025,1281,1,df2083cf079c90a4c07f9d5771c82f5eaebbb7af9c80ec5e39872f0472af004a,,
1.0,G03-260203-083257-506,G03-260203-083257-506.bmp,G03,2026-02-03T08:32:57,2026-02-03,G03_2026-02-03,506,val,normal,,1025,1281,1,832d2d99dcad790c1d550fb0b9056ab48917b701850e64f65b13cce288d89df6,,
1.0,G03-260203-083328-507,G03-260203-083328-507.bmp,G03,2026-02-03T08:33:28,2026-02-03,G03_2026-02-03,507,val,normal,,1025,1281,1,6e61334766a39d0da2342877f5c32b99b967b3a83172283ab6cc1a4ea54cabde,,
1.0,G03-260203-083336-508,G03-260203-083336-508.bmp,G03,2026-02-03T08:33:36,2026-02-03,G03_2026-02-03,508,val,normal,,1025,1281,1,26dab09412fc8ae95cd65d21a9a80736b36100d621616dd15b8f86aedf9e3ec2,,
1.0,G03-260203-083358-509,G03-260203-083358-509.bmp,G03,2026-02-03T08:33:58,2026-02-03,G03_2026-02-03,509,val,normal,,1025,1281,1,c7ea2924622c4fbb42b82c64b2510e6ad451d4437c8a153d1f13910f344be404,,
1.0,G03-260203-083415-510,G03-260203-083415-510.bmp,G03,2026-02-03T08:34:15,2026-02-03,G03_2026-02-03,510,val,normal,,1025,1281,1,8c62e0b6215cbb2e6e15ff749553e7149791f6b2842deb81ff0199b719fceb0a,,
1.0,G03-260203-083430-511,G03-260203-083430-511.bmp,G03,2026-02-03T08:34:30,2026-02-03,G03_2026-02-03,511,val,normal,,1025,1281,1,97e61c65c0ee315729147c831052ba6ddf1d048d8242249cb696cd4a9c33948d,,
1.0,G03-260203-083458-512,G03-260203-083458-512.bmp,G03,2026-02-03T08:34:58,2026-02-03,G03_2026-02-03,512,val,normal,,1025,1281,1,90ad632dcf625643eb807a0c335f1d217f0cf2f6b81cc9b42fa837725b0dfabc,,
1.0,G03-260203-083507-513,G03-260203-083507-513.bmp,G03,2026-02-03T08:35:07,2026-02-03,G03_2026-02-03,513,val,normal,,1025,1281,1,4b29b3e4cce40b0bcbe2af7338dc51c2c4568cf89cb9691f9839592858f264d8,,
1.0,G03-260203-083528-514,G03-260203-083528-514.bmp,G03,2026-02-03T08:35:28,2026-02-03,G03_2026-02-03,514,val,normal,,1025,1281,1,b70edc3810fbb2b1a7cf2b46d6abb3b8aa43f8dc84f00bb8e9b957facefe5f7e,,
1.0,G03-260203-083544-515,G03-260203-083544-515.bmp,G03,2026-02-03T08:35:44,2026-02-03,G03_2026-02-03,515,val,normal,,1025,1281,1,197fb334ca3f8983e3b00e4150b35160274abdd2d7044a1a52c228f4fc33281f,,
1.0,G03-260203-083602-516,G03-260203-083602-516.bmp,G03,2026-02-03T08:36:02,2026-02-03,G03_2026-02-03,516,val,normal,,1025,1281,1,29f8558779548694c9332cf739a46ddbb3cd199d646918a86148bf5d5573f6e6,,
1.0,G03-260203-083617-517,G03-260203-083617-517.bmp,G03,2026-02-03T08:36:17,2026-02-03,G03_2026-02-03,517,val,normal,,1025,1281,1,bf1d1c74be9c5036baca793a6fe280c2e143c063ebf917e7377d2ec0023bd055,,
1.0,G03-260203-083630-518,G03-260203-083630-518.bmp,G03,2026-02-03T08:36:30,2026-02-03,G03_2026-02-03,518,val,normal,,1025,1281,1,b2e1b43ef636de79e43dfa82762adb5d0770891365b80fe6270ebe0e898ef4bb,,
1.0,G03-260203-083641-519,G03-260203-083641-519.bmp,G03,2026-02-03T08:36:41,2026-02-03,G03_2026-02-03,519,val,normal,,1025,1281,1,98529fc5e95d78757ee2f6e97feb2d2099dfbba032d5d0d254f2f1aef7f2e73d,,
1.0,G03-260203-083701-520,G03-260203-083701-520.bmp,G03,2026-02-03T08:37:01,2026-02-03,G03_2026-02-03,520,val,normal,,1025,1281,1,758e34bccf6160036eb3d6d07ddda480a7f21dc618bbe256b5b81b46f93af707,,
1.0,G03-260203-083711-521,G03-260203-083711-521.bmp,G03,2026-02-03T08:37:11,2026-02-03,G03_2026-02-03,521,val,normal,,1025,1281,1,b10bb6f2113fedd5df3f0248a6907b028be501cce744bd188a571cd6dc9367d2,,
1.0,G03-260203-083733-522,G03-260203-083733-522.bmp,G03,2026-02-03T08:37:33,2026-02-03,G03_2026-02-03,522,val,normal,,1025,1281,1,42c14080d1d59c67576b55eda21acd022fdf733989ab0616c5e9656126944c6c,,
1.0,G03-260203-083746-523,G03-260203-083746-523.bmp,G03,2026-02-03T08:37:46,2026-02-03,G03_2026-02-03,523,val,normal,,1025,1281,1,0f78431eb89cdf8d1de613a03c830e7d27037e1338c1c748f0e6a50ba01c86c7,,
1.0,G03-260203-083801-524,G03-260203-083801-524.bmp,G03,2026-02-03T08:38:01,2026-02-03,G03_2026-02-03,524,val,normal,,1025,1281,1,d8920c004056af4f4e063d172e4d19dab4d86512bb21017fecccfddf67e5dfdc,,
1.0,G03-260203-083814-525,G03-260203-083814-525.bmp,G03,2026-02-03T08:38:14,2026-02-03,G03_2026-02-03,525,val,normal,,1025,1281,1,3378dc96c941f842afa1d7286a77c34f09682fd2dfad073b9536ab082ef1aceb,,
1.0,G03-260203-083830-526,G03-260203-083830-526.bmp,G03,2026-02-03T08:38:30,2026-02-03,G03_2026-02-03,526,val,normal,,1025,1281,1,d7700b1510c261e64d7b0fac7249bae6f46d850e4e1e8e25af995d6c686425fb,,
1.0,G03-260203-083836-527,G03-260203-083836-527.bmp,G03,2026-02-03T08:38:36,2026-02-03,G03_2026-02-03,527,val,normal,,1025,1281,1,ebe46f6783a88b8b7da7140e883f8c0a587b27dffd7ee03453dd79969651771b,,
1.0,G03-260203-083901-528,G03-260203-083901-528.bmp,G03,2026-02-03T08:39:01,2026-02-03,G03_2026-02-03,528,val,normal,,1025,1281,1,f5ba5f3d1a8b3a70d09621569aa14d9038f26dfa05669b9026966a6f11dcf584,,
1.0,G03-260203-083913-529,G03-260203-083913-529.bmp,G03,2026-02-03T08:39:13,2026-02-03,G03_2026-02-03,529,val,normal,,1025,1281,1,df6000b151f442b4eee44d3ffd0c4506228bd07b98210bf7eac647e9c90536dc,,
1.0,G03-260203-083931-530,G03-260203-083931-530.bmp,G03,2026-02-03T08:39:31,2026-02-03,G03_2026-02-03,530,val,normal,,1025,1281,1,73c34c762547d840862019731dc9a93cd79390b44561aa7592484fc53cf2f361,,
1.0,G03-260203-083943-531,G03-260203-083943-531.bmp,G03,2026-02-03T08:39:43,2026-02-03,G03_2026-02-03,531,val,normal,,1025,1281,1,3e8757af8a32d87bcbd0c19ecadc5631a0c9db06eedc582c5cee627cde33b174,,
1.0,G03-260203-084000-532,G03-260203-084000-532.bmp,G03,2026-02-03T08:40:00,2026-02-03,G03_2026-02-03,532,val,normal,,1025,1281,1,f0a260756a6418639d78881d82adad44e2591db3fa1410eff405bdd28e123ecc,,
1.0,G03-260203-084011-533,G03-260203-084011-533.bmp,G03,2026-02-03T08:40:11,2026-02-03,G03_2026-02-03,533,val,normal,,1025,1281,1,136254fcb26978791acb5b6295046aff0474bd97716ff038707de49520aa2261,,
1.0,G03-260203-084034-534,G03-260203-084034-534.bmp,G03,2026-02-03T08:40:34,2026-02-03,G03_2026-02-03,534,val,normal,,1025,1281,1,a159b569c03072551dd23dbb46503603b616f20579d665be497f1934aab43f6b,,
1.0,G03-260203-084044-535,G03-260203-084044-535.bmp,G03,2026-02-03T08:40:44,2026-02-03,G03_2026-02-03,535,val,normal,,1025,1281,1,25e5f87fe12a7a001e8429c8132905eef13573b7325b527ed9165a17470e6175,,
1.0,G03-260203-084102-536,G03-260203-084102-536.bmp,G03,2026-02-03T08:41:02,2026-02-03,G03_2026-02-03,536,val,normal,,1025,1281,1,3bb5b746a90476f225366de47f08d861ee76ffcb3a4fd9471dc8db38a4e2909a,,
1.0,G03-260203-084110-537,G03-260203-084110-537.bmp,G03,2026-02-03T08:41:10,2026-02-03,G03_2026-02-03,537,val,normal,,1025,1281,1,1f897230adb8e20d5a8a8c5150f37263fd119b2a1d52b2d6c03f3e4f6d78aa57,,
1.0,G03-260203-084134-538,G03-260203-084134-538.bmp,G03,2026-02-03T08:41:34,2026-02-03,G03_2026-02-03,538,val,normal,,1025,1281,1,6b0e9dfabe753a557effeef35a20d85547f7d71e45721c4e6630eb4f2dc4fef9,,
1.0,G03-260203-084146-539,G03-260203-084146-539.bmp,G03,2026-02-03T08:41:46,2026-02-03,G03_2026-02-03,539,val,normal,,1025,1281,1,1f1a22917336a3bf3d7ff0fcb4aaca400f1cda86161de9903d967f0b86bf9688,,
1.0,G03-260203-084203-540,G03-260203-084203-540.bmp,G03,2026-02-03T08:42:03,2026-02-03,G03_2026-02-03,540,val,normal,,1025,1281,1,3eb9604e4f8f31e89c497748ca29a4cbdd294fa9440b2498aca2b1e48297e3cd,,
1.0,G03-260203-084218-541,G03-260203-084218-541.bmp,G03,2026-02-03T08:42:18,2026-02-03,G03_2026-02-03,541,val,normal,,1025,1281,1,903507e65aa0b63e2f98508225899fa948fdf4d37545465b7cdc3e30ceee0f60,,
1.0,G03-260203-084233-542,G03-260203-084233-542.bmp,G03,2026-02-03T08:42:33,2026-02-03,G03_2026-02-03,542,val,normal,,1025,1281,1,ddc2a49405c46c9c047eb7dd07cf15ff9af8aef53f831a9057d6b17aaa6e2466,,
1.0,G03-260203-084249-543,G03-260203-084249-543.bmp,G03,2026-02-03T08:42:49,2026-02-03,G03_2026-02-03,543,val,normal,,1025,1281,1,367f8527b65cb6eb8aab695058d939d449f5ec7c7ee8d886d2621cb6a771ebb4,,
1.0,G03-260203-084303-544,G03-260203-084303-544.bmp,G03,2026-02-03T08:43:03,2026-02-03,G03_2026-02-03,544,val,normal,,1025,1281,1,dbb6fcdf8ff34649723634361e3a19aad272b1ca5c90a1a6e298c16f8479968e,,
1.0,G03-260203-084317-545,G03-260203-084317-545.bmp,G03,2026-02-03T08:43:17,2026-02-03,G03_2026-02-03,545,val,normal,,1025,1281,1,90036fa8102e1d2f85cc6d75c1b1bbab8e4c660db211796bba2c833ac6383f47,,
1.0,G03-260203-084333-546,G03-260203-084333-546.bmp,G03,2026-02-03T08:43:33,2026-02-03,G03_2026-02-03,546,val,normal,,1025,1281,1,b917c126a950dffe32b481404ca2cd4c990cf01335840ff2e1b99a7de45439cf,,
1.0,G03-260203-084345-547,G03-260203-084345-547.bmp,G03,2026-02-03T08:43:45,2026-02-03,G03_2026-02-03,547,val,normal,,1025,1281,1,a8f84a92a4bc21d44bacd8d066afdef1d7941995e29b26772364b976d4a14164,,
1.0,G03-260203-084404-548,G03-260203-084404-548.bmp,G03,2026-02-03T08:44:04,2026-02-03,G03_2026-02-03,548,val,normal,,1025,1281,1,e2d98a1669e7b2645af7de24cef2950cc3b6d29c1564407f63269e8fad234ed3,,
1.0,G03-260203-084414-549,G03-260203-084414-549.bmp,G03,2026-02-03T08:44:14,2026-02-03,G03_2026-02-03,549,val,normal,,1025,1281,1,1371055dbe7e830d18fb8616736bae37d2d22b1b251b190d4ef49a886622bf51,,
1.0,G03-260203-084436-550,G03-260203-084436-550.bmp,G03,2026-02-03T08:44:36,2026-02-03,G03_2026-02-03,550,val,normal,,1025,1281,1,1183352d5fd8a0db0f9417b9271fde35645382fa1d00a4e16df22a32f4210eb0,,
1.0,G03-260203-084446-551,G03-260203-084446-551.bmp,G03,2026-02-03T08:44:46,2026-02-03,G03_2026-02-03,551,val,normal,,1025,1281,1,1f8fa13fc48202cd6817cf06eec0074e1ed073db81a1ac07d31bd4ab0062f32b,,
1.0,G03-260203-084504-552,G03-260203-084504-552.bmp,G03,2026-02-03T08:45:04,2026-02-03,G03_2026-02-03,552,val,normal,,1025,1281,1,5c52e3c209a7fd4b8e982e05e9a270911c7e4b264c8e2d1476abc72310f3b9aa,,
1.0,G03-260203-084517-553,G03-260203-084517-553.bmp,G03,2026-02-03T08:45:17,2026-02-03,G03_2026-02-03,553,val,normal,,1025,1281,1,eff26659387212169b870ac08466020024f91d027d0a7257ffa68817a8296e64,,
1.0,G03-260203-084536-554,G03-260203-084536-554.bmp,G03,2026-02-03T08:45:36,2026-02-03,G03_2026-02-03,554,val,normal,,1025,1281,1,dba0340b99b6562b31c4a9b0e2b997adbc5efed841d8ff2bd91a990178b44e9a,,
1.0,G03-260203-084548-555,G03-260203-084548-555.bmp,G03,2026-02-03T08:45:48,2026-02-03,G03_2026-02-03,555,val,normal,,1025,1281,1,fd84028698b1ffdc42aa66920e82fa7120aa66042e819151935859d473f4537a,,
1.0,G03-260203-084605-556,G03-260203-084605-556.bmp,G03,2026-02-03T08:46:05,2026-02-03,G03_2026-02-03,556,val,normal,,1025,1281,1,f7f951e2813368d5f52a52919dcc58c72aeb53604424165d11b9856f3e71533f,,
1.0,G03-260203-084615-557,G03-260203-084615-557.bmp,G03,2026-02-03T08:46:15,2026-02-03,G03_2026-02-03,557,val,normal,,1025,1281,1,2f3e3dbc367693b64d2b60766603e2b1a360e7d564344d4cd1993b37f0b607ab,,
1.0,G03-260203-084635-558,G03-260203-084635-558.bmp,G03,2026-02-03T08:46:35,2026-02-03,G03_2026-02-03,558,val,normal,,1025,1281,1,7246ecbb9637e51dce528924f46c55a87f391abd5a31336afcbdfb1cf87a0608,,
1.0,G03-260203-084647-559,G03-260203-084647-559.bmp,G03,2026-02-03T08:46:47,2026-02-03,G03_2026-02-03,559,val,normal,,1025,1281,1,fcc2a9539f431f1d0a9320b25ae8b7150f4e7bf597fde9f1074e4e54224e9284,,
1.0,G03-260203-084707-560,G03-260203-084707-560.bmp,G03,2026-02-03T08:47:07,2026-02-03,G03_2026-02-03,560,val,normal,,1025,1281,1,4a4465f796bea7a73c804bcc404217a6034e8b094c8a146d21941b1460e0b5ee,,
1.0,G03-260203-084720-561,G03-260203-084720-561.bmp,G03,2026-02-03T08:47:20,2026-02-03,G03_2026-02-03,561,val,normal,,1025,1281,1,dc7cafd219255d50b85fec90a5f502a1903e6e25c2b0e44af8263de8ebd4a72f,,
1.0,G03-260203-084737-562,G03-260203-084737-562.bmp,G03,2026-02-03T08:47:37,2026-02-03,G03_2026-02-03,562,val,normal,,1025,1281,1,9f670b12f865f26410fbf9118602ce245a9d358607c9f93a3ba1efe875bc31bc,,
1.0,G03-260203-084745-563,G03-260203-084745-563.bmp,G03,2026-02-03T08:47:45,2026-02-03,G03_2026-02-03,563,val,normal,,1025,1281,1,fdac65fba6a8baf59c86e477611be038962acd0c014e83a9ac1ad4927bcb8825,,
1.0,G03-260203-084807-564,G03-260203-084807-564.bmp,G03,2026-02-03T08:48:07,2026-02-03,G03_2026-02-03,564,val,normal,,1025,1281,1,56c141737250d334267a8faf2d268069349fc7a69464f9272f3178c0db557367,,
1.0,G03-260203-084819-565,G03-260203-084819-565.bmp,G03,2026-02-03T08:48:19,2026-02-03,G03_2026-02-03,565,val,normal,,1025,1281,1,358832974ee9948472a3da441e58739d354ed3d96bbedefb11c094b32f1dc97c,,
1.0,G03-260203-084838-566,G03-260203-084838-566.bmp,G03,2026-02-03T08:48:38,2026-02-03,G03_2026-02-03,566,val,normal,,1025,1281,1,8eddfc54bc468fac1e1af8506c28f0e88c3c944d33cbcb09b2a7938d3e33db93,,
1.0,G03-260203-084849-567,G03-260203-084849-567.bmp,G03,2026-02-03T08:48:49,2026-02-03,G03_2026-02-03,567,val,normal,,1025,1281,1,108d2706ebe99294b7f827e68aa7142a658fc7a1272a5cdbc68f3641f0bd396b,,
1.0,G03-260203-084906-568,G03-260203-084906-568.bmp,G03,2026-02-03T08:49:06,2026-02-03,G03_2026-02-03,568,val,normal,,1025,1281,1,8f1719c2359275b9f50749be2452a8989346acdddfe01244a524ed9c970ef1a3,,
1.0,G03-260203-084920-569,G03-260203-084920-569.bmp,G03,2026-02-03T08:49:20,2026-02-03,G03_2026-02-03,569,val,normal,,1025,1281,1,281a6e851b7568fb122e0ee6bfe527b4bc0e6021489317db4aacae3605737a73,,
1.0,G03-260203-084937-570,G03-260203-084937-570.bmp,G03,2026-02-03T08:49:37,2026-02-03,G03_2026-02-03,570,val,normal,,1025,1281,1,adc4cd0532887fff53f7d46b735a118fce41ff05733d80012a90d3f4e14dfa71,,
1.0,G03-260203-084950-571,G03-260203-084950-571.bmp,G03,2026-02-03T08:49:50,2026-02-03,G03_2026-02-03,571,val,normal,,1025,1281,1,aaeecbd9e8bdc43aedeb5bda55a044c61c5462daa68dfbc0619c1c845f3b05f1,,
1.0,G03-260203-085007-572,G03-260203-085007-572.bmp,G03,2026-02-03T08:50:07,2026-02-03,G03_2026-02-03,572,val,normal,,1025,1281,1,95c227a5cf125861c61a85edbc6f55c40fbf3781c8aafefed10d5c222ae5d585,,
1.0,G03-260203-085018-573,G03-260203-085018-573.bmp,G03,2026-02-03T08:50:18,2026-02-03,G03_2026-02-03,573,val,normal,,1025,1281,1,a821e3b45103bb17470fafca94e95c54c3ea0635a4b639599b93c86cd7422ef9,,
1.0,G03-260203-085038-574,G03-260203-085038-574.bmp,G03,2026-02-03T08:50:38,2026-02-03,G03_2026-02-03,574,val,normal,,1025,1281,1,5f3ca2ebda46ffd6be5d31348e3263ea11b204f57cda1999021c7da8423c9bdf,,
1.0,G03-260203-085050-575,G03-260203-085050-575.bmp,G03,2026-02-03T08:50:50,2026-02-03,G03_2026-02-03,575,val,normal,,1025,1281,1,7a2e418ca025ef079ea0337039b5bae7e4ba1f259face28f1fe872248205e5c5,,
1.0,G03-260203-085108-576,G03-260203-085108-576.bmp,G03,2026-02-03T08:51:08,2026-02-03,G03_2026-02-03,576,val,normal,,1025,1281,1,16d93bb0cd1cf4c7c64e24b1b450e17e2b7f7d201f1cdd15a2fc77184e4e0ee0,,
1.0,G03-260203-085115-577,G03-260203-085115-577.bmp,G03,2026-02-03T08:51:15,2026-02-03,G03_2026-02-03,577,val,normal,,1025,1281,1,368a252b0476561e991f1b7b340f9f2932b130f0a18dd286d03eeb14797b1a92,,
1.0,G03-260203-085138-578,G03-260203-085138-578.bmp,G03,2026-02-03T08:51:38,2026-02-03,G03_2026-02-03,578,val,normal,,1025,1281,1,105a5dcf2f7abd1e23aa80065ebeb12bc0dea3ec5b915fb5bbb139e3013b2a5e,,
1.0,G03-260203-085147-579,G03-260203-085147-579.bmp,G03,2026-02-03T08:51:47,2026-02-03,G03_2026-02-03,579,val,normal,,1025,1281,1,adee5a09a63117351128ad6b305e9c98cdb65399492308367d607c20ef3694a1,,
1.0,G03-260203-085208-580,G03-260203-085208-580.bmp,G03,2026-02-03T08:52:08,2026-02-03,G03_2026-02-03,580,val,normal,,1025,1281,1,22918c311672228398fe1302400d8a793399a885d708ba1a2cd23554da22c4c4,,
1.0,G03-260203-085220-581,G03-260203-085220-581.bmp,G03,2026-02-03T08:52:20,2026-02-03,G03_2026-02-03,581,val,normal,,1025,1281,1,d8005ffbec284a302966851d4e0680ad8f38122509a6869939ca1c449722b67f,,
1.0,G03-260203-085239-582,G03-260203-085239-582.bmp,G03,2026-02-03T08:52:39,2026-02-03,G03_2026-02-03,582,val,normal,,1025,1281,1,685a6518e4ecdfcc5495c8b350d4c03dfad06326a846c9bf52c13fd48dcf8143,,
1.0,G03-260203-085252-583,G03-260203-085252-583.bmp,G03,2026-02-03T08:52:52,2026-02-03,G03_2026-02-03,583,val,normal,,1025,1281,1,55b682db597461c3ad908806b6179aadc29e039dd75223dfb26d834d3ebfd5b8,,
1.0,G03-260203-085310-584,G03-260203-085310-584.bmp,G03,2026-02-03T08:53:10,2026-02-03,G03_2026-02-03,584,val,normal,,1025,1281,1,1cbd077a0337f227aa8d21b01014f4a80edbf5ee7e3220ba94e58cb0eeb69014,,
1.0,G03-260203-085325-585,G03-260203-085325-585.bmp,G03,2026-02-03T08:53:25,2026-02-03,G03_2026-02-03,585,val,normal,,1025,1281,1,23cdd99375205c711f894af69d9730b1bca2a7c4c50460d7a512f2fc0d798946,,
1.0,G03-260203-085338-586,G03-260203-085338-586.bmp,G03,2026-02-03T08:53:38,2026-02-03,G03_2026-02-03,586,val,normal,,1025,1281,1,c211b668173c25b6c12159cf1ec19b94364436105707bd4f7a05c545f578082e,,
1.0,G03-260203-085352-587,G03-260203-085352-587.bmp,G03,2026-02-03T08:53:52,2026-02-03,G03_2026-02-03,587,val,normal,,1025,1281,1,ba0201b84aab66d1c688a0dd823e23f62aa7be2ec0880b09954da13429c8ad21,,
1.0,G03-260203-085411-588,G03-260203-085411-588.bmp,G03,2026-02-03T08:54:11,2026-02-03,G03_2026-02-03,588,val,normal,,1025,1281,1,111d8c503e61ecbee4251f01244fb44fc46063f9e4ccefcb9a0af3e9c53f79c6,,
1.0,G03-260203-085421-589,G03-260203-085421-589.bmp,G03,2026-02-03T08:54:21,2026-02-03,G03_2026-02-03,589,val,normal,,1025,1281,1,25c01f070523c626e815c0527fb3ebc62f6b57bba6ebfc91d449da2d120537d3,,
1.0,G03-260203-085440-590,G03-260203-085440-590.bmp,G03,2026-02-03T08:54:40,2026-02-03,G03_2026-02-03,590,val,normal,,1025,1281,1,073332943cd129e0125c75e7ede32c6cd0cbe1afa0a830805e3af703f754e510,,
1.0,G03-260203-085454-591,G03-260203-085454-591.bmp,G03,2026-02-03T08:54:54,2026-02-03,G03_2026-02-03,591,val,normal,,1025,1281,1,093b4a9c2c82ae88d66eaba0e1f02b03e1ab1648edcd0317d9903c8521723a8e,,
1.0,G03-260203-085510-592,G03-260203-085510-592.bmp,G03,2026-02-03T08:55:10,2026-02-03,G03_2026-02-03,592,val,normal,,1025,1281,1,2bba4123d28d8c71360f554b8772cbb57eb8ae8d3afaf87197fc62175ea828a9,,
1.0,G03-260203-085525-593,G03-260203-085525-593.bmp,G03,2026-02-03T08:55:25,2026-02-03,G03_2026-02-03,593,val,normal,,1025,1281,1,359d7b8e533fa195c06975d81b79cb0e66e3448f5452c10febf93141ae7a1e9c,,
1.0,G03-260203-085541-594,G03-260203-085541-594.bmp,G03,2026-02-03T08:55:41,2026-02-03,G03_2026-02-03,594,val,normal,,1025,1281,1,20f86f93e0f7f6dab31eae2aad7e6cbcb23d9a9e16b880bcb7e7f5e28168cc1a,,
1.0,G03-260203-085549-595,G03-260203-085549-595.bmp,G03,2026-02-03T08:55:49,2026-02-03,G03_2026-02-03,595,val,normal,,1025,1281,1,067f4eff5172b01bbd26e145ffbbd1e6c25ff08a6afbdbf4fdb532ab57480fd5,,
1.0,G03-260203-085610-596,G03-260203-085610-596.bmp,G03,2026-02-03T08:56:10,2026-02-03,G03_2026-02-03,596,val,normal,,1025,1281,1,d6dfaed665a5083857be3581d28b38323a6d62b5191273a3c21ab1d475b4e1a4,,
1.0,G03-260203-085623-597,G03-260203-085623-597.bmp,G03,2026-02-03T08:56:23,2026-02-03,G03_2026-02-03,597,val,normal,,1025,1281,1,7c11a1965e15773bb86cf30d9129b06cf183c70c60429dbdff998341d4138e7d,,
1.0,G03-260203-085641-598,G03-260203-085641-598.bmp,G03,2026-02-03T08:56:41,2026-02-03,G03_2026-02-03,598,val,normal,,1025,1281,1,4e35f9ed9af8b759480470a9743e49db6c55a0f96262ec8b55c94781243064da,,
1.0,G03-260203-085655-599,G03-260203-085655-599.bmp,G03,2026-02-03T08:56:55,2026-02-03,G03_2026-02-03,599,val,normal,,1025,1281,1,ec1eaec252afaea60dffcd488d1effd1a751c9f2552212720e9da6b63542f320,,
1.0,G03-260203-085714-600,G03-260203-085714-600.bmp,G03,2026-02-03T08:57:14,2026-02-03,G03_2026-02-03,600,val,normal,,1025,1281,1,f68b21c5289a27ba6a58942f311a42d97af4191a5d3a37ea428d9202879a78cc,,
1.0,G03-260203-085727-601,G03-260203-085727-601.bmp,G03,2026-02-03T08:57:27,2026-02-03,G03_2026-02-03,601,val,normal,,1025,1281,1,db0d4267a1b73a9fefba3ceb30a73ff6048bc821e7f04a644b4b6e605404a0af,,
1.0,G03-260203-085742-602,G03-260203-085742-602.bmp,G03,2026-02-03T08:57:42,2026-02-03,G03_2026-02-03,602,val,normal,,1025,1281,1,00d5378e4a0dd32c6fc1dc1a6b2332275f6205974ff7f32104b7e5d3d6fb40b8,,
1.0,G03-260203-085758-603,G03-260203-085758-603.bmp,G03,2026-02-03T08:57:58,2026-02-03,G03_2026-02-03,603,val,normal,,1025,1281,1,7005cf6fcd032fc966f9380e54ffb9fafc6508ed352e1b5131c80aaf8a95e5b2,,
1.0,G03-260203-085813-604,G03-260203-085813-604.bmp,G03,2026-02-03T08:58:13,2026-02-03,G03_2026-02-03,604,val,normal,,1025,1281,1,8fe029591d2ff7f3cc96661361f05e8aa8b5afcf8b648c188eac87e89020f276,,
1.0,G03-260203-085824-605,G03-260203-085824-605.bmp,G03,2026-02-03T08:58:24,2026-02-03,G03_2026-02-03,605,val,normal,,1025,1281,1,e8fc6622107c916f60837f0fdd7800ab8ffd1feb0abcd1fa042f247d22b2bd19,,
1.0,G03-260203-085842-606,G03-260203-085842-606.bmp,G03,2026-02-03T08:58:42,2026-02-03,G03_2026-02-03,606,val,normal,,1025,1281,1,3100f6a5799c3f95341a64729972f216b898769bd7f7b0eb62233749bcc268f9,,
1.0,G03-260203-085856-607,G03-260203-085856-607.bmp,G03,2026-02-03T08:58:56,2026-02-03,G03_2026-02-03,607,val,normal,,1025,1281,1,a8b86379fcf0521847038c505943610f4c505744ca6db9d1dbb8854a67842776,,
1.0,G03-260203-085918-608,G03-260203-085918-608.bmp,G03,2026-02-03T08:59:18,2026-02-03,G03_2026-02-03,608,val,normal,,1025,1281,1,10569ce1d0c8633b88a5ae2b3286bac2b9aa4470ffa5011b47a2ac36d0206947,,
1.0,G03-260203-085929-609,G03-260203-085929-609.bmp,G03,2026-02-03T08:59:29,2026-02-03,G03_2026-02-03,609,val,normal,,1025,1281,1,003e017720ef6278a6f9ad7b03c51307652e8e5c758d6963372c73bc114221e4,,
1.0,G03-260203-085940-610,G03-260203-085940-610.bmp,G03,2026-02-03T08:59:40,2026-02-03,G03_2026-02-03,610,val,normal,,1025,1281,1,444bc704dac24ef19c3176f906b7728b276567436a29943f5ae2ce204ab6ef3f,,
1.0,G03-260203-085949-611,G03-260203-085949-611.bmp,G03,2026-02-03T08:59:49,2026-02-03,G03_2026-02-03,611,val,normal,,1025,1281,1,e462ff4cb475b9d612697fb5c47871a6030f8d6d88882d33d2b653b707ec6220,,
1.0,G03-260203-085959-612,G03-260203-085959-612.bmp,G03,2026-02-03T08:59:59,2026-02-03,G03_2026-02-03,612,val,normal,,1025,1281,1,146774feeb45c1ac81999fecf12544e0c75f1d3b25cb7db89e79cca2ba2930cd,,
1.0,G03-260203-090010-613,G03-260203-090010-613.bmp,G03,2026-02-03T09:00:10,2026-02-03,G03_2026-02-03,613,val,normal,,1025,1281,1,4a92dcb5146d73c65b333c88f80c516b0f37a0a96541973b96538591e0b3ad0d,,
1.0,G03-260203-090023-614,G03-260203-090023-614.bmp,G03,2026-02-03T09:00:23,2026-02-03,G03_2026-02-03,614,val,normal,,1025,1281,1,1239b1a417edef86f0675fa575a75c9007cb0abcfa6fa419b7b083f7777c8080,,
1.0,G03-260203-090110-615,G03-260203-090110-615.bmp,G03,2026-02-03T09:01:10,2026-02-03,G03_2026-02-03,615,val,normal,,1025,1281,1,a0c549b1117b763f172a3ed53a5c2724bd7c45870d89778714ba3aec8bff6c5d,,
1.0,G03-260203-090140-616,G03-260203-090140-616.bmp,G03,2026-02-03T09:01:40,2026-02-03,G03_2026-02-03,616,val,normal,,1025,1281,1,68b2b116913dd71a767ca75b8dcd802d8353a2e0f0d73ad83e88767a12aeb316,,
1.0,G03-260203-090150-617,G03-260203-090150-617.bmp,G03,2026-02-03T09:01:50,2026-02-03,G03_2026-02-03,617,val,normal,,1025,1281,1,f98ecd5fe58bbe2b66aaf1c2a9bd4a7b07425e3d5bfa38c15b825035b4941422,,
1.0,G03-260203-090201-618,G03-260203-090201-618.bmp,G03,2026-02-03T09:02:01,2026-02-03,G03_2026-02-03,618,val,normal,,1025,1281,1,fbbe5176043244e1bed43d53836fdde9f49c8e1ab4709fd54f8fb055da22890b,,
1.0,G03-260203-090218-619,G03-260203-090218-619.bmp,G03,2026-02-03T09:02:18,2026-02-03,G03_2026-02-03,619,val,normal,,1025,1281,1,69aab5947a184d72945588b25df8a9d03021bd67858c62967b9f49a489bd9264,,
1.0,G03-260203-090232-620,G03-260203-090232-620.bmp,G03,2026-02-03T09:02:32,2026-02-03,G03_2026-02-03,620,val,normal,,1025,1281,1,c5de07bd3bf55bef86a1f6e74f5dff16218342d7f53e8b81a2001fa05aac735e,,
1.0,G03-260203-090246-621,G03-260203-090246-621.bmp,G03,2026-02-03T09:02:46,2026-02-03,G03_2026-02-03,621,val,normal,,1025,1281,1,8dc1d9f6b2a2975a840e72baebac3774ce2fd1e30595bbf3993c98dba5e7fb00,,
1.0,G03-260203-090258-622,G03-260203-090258-622.bmp,G03,2026-02-03T09:02:58,2026-02-03,G03_2026-02-03,622,val,normal,,1025,1281,1,5934fb986978b3bcdb727e0f8c5d6d5749ddcb763a5112d4ab1d5bc6717dfeb3,,
1.0,G03-260203-090308-623,G03-260203-090308-623.bmp,G03,2026-02-03T09:03:08,2026-02-03,G03_2026-02-03,623,val,normal,,1025,1281,1,254280036a1de0a5e1433b5f326adf4ae8f256e02612dd8ae34d4bd00e369adf,,
1.0,G03-260203-090316-624,G03-260203-090316-624.bmp,G03,2026-02-03T09:03:16,2026-02-03,G03_2026-02-03,624,val,normal,,1025,1281,1,0a8581b02013e4bad97e855edf854af610dc7939658761edd38a47dbce13780d,,
1.0,G03-260203-090346-625,G03-260203-090346-625.bmp,G03,2026-02-03T09:03:46,2026-02-03,G03_2026-02-03,625,val,normal,,1025,1281,1,cbdc120f393843e792124d13478d5182310e04ee289e29155557bd10bb4a1b0a,,
1.0,G03-260203-090355-626,G03-260203-090355-626.bmp,G03,2026-02-03T09:03:55,2026-02-03,G03_2026-02-03,626,val,normal,,1025,1281,1,83971c40eb393c6d01dc54e359e49bf47a1f3db73de0b3c7e0a989f1c7469456,,
1.0,G03-260203-090458-627,G03-260203-090458-627.bmp,G03,2026-02-03T09:04:58,2026-02-03,G03_2026-02-03,627,val,normal,,1025,1281,1,cca4030962083ab88c85184b916a010ac565f4dd6b43e5332730ed5cd0998a84,,
1.0,G03-260203-090459-628,G03-260203-090459-628.bmp,G03,2026-02-03T09:04:59,2026-02-03,G03_2026-02-03,628,val,normal,,1025,1281,1,51a1f6b1f0fe193ae1af5144b75a04e2cd56c64be3fb12a84e7ddeeb7042b911,,
1.0,G03-260203-090506-629,G03-260203-090506-629.bmp,G03,2026-02-03T09:05:06,2026-02-03,G03_2026-02-03,629,val,normal,,1025,1281,1,56fb7485ea7ac752c431e27dfa4aa8a54672462a3b081d84043a87e8dd69c631,,
1.0,G03-260203-090512-630,G03-260203-090512-630.bmp,G03,2026-02-03T09:05:12,2026-02-03,G03_2026-02-03,630,val,normal,,1025,1281,1,ce14245f634bd8638f5057ad29cd250f9d7e126155fb8700378466cbc2b7f726,,
1.0,G03-260203-090522-631,G03-260203-090522-631.bmp,G03,2026-02-03T09:05:22,2026-02-03,G03_2026-02-03,631,val,normal,,1025,1281,1,a067a1abaf87c8f5e986e9d25284a4a2a603b14a057e8def9d556ab09bfcc102,,
1.0,G03-260203-090540-632,G03-260203-090540-632.bmp,G03,2026-02-03T09:05:40,2026-02-03,G03_2026-02-03,632,val,normal,,1025,1281,1,ccf01247dbff077c25f6435b77cc9c89853fb5f64d7357c6a1a56643e136704b,,
1.0,G03-260203-090622-633,G03-260203-090622-633.bmp,G03,2026-02-03T09:06:22,2026-02-03,G03_2026-02-03,633,val,normal,,1025,1281,1,0ef9e4cdea767fd2972f587a375d2fbefbd406449acc9fb1af81a978b54d02a6,,
1.0,G03-260203-090634-634,G03-260203-090634-634.bmp,G03,2026-02-03T09:06:34,2026-02-03,G03_2026-02-03,634,val,normal,,1025,1281,1,7bb15626aa8744a72a037b968942fd9b90f88948bd7c619ba5bfa634d0c483d0,,
1.0,G03-260203-090643-635,G03-260203-090643-635.bmp,G03,2026-02-03T09:06:43,2026-02-03,G03_2026-02-03,635,val,normal,,1025,1281,1,14156a7bb43c934fa9ac534d6e2f59b5128fd6857a5ec90734e5046d6c846ae2,,
1.0,G03-260203-090653-636,G03-260203-090653-636.bmp,G03,2026-02-03T09:06:53,2026-02-03,G03_2026-02-03,636,val,normal,,1025,1281,1,62df5730e4b2d02f8e1b88f1192efb01598805d58e50b020eca8f2c8c572f2e5,,
1.0,G03-260203-090707-637,G03-260203-090707-637.bmp,G03,2026-02-03T09:07:07,2026-02-03,G03_2026-02-03,637,val,normal,,1025,1281,1,07ed6cca313cc9d4da194ba0bf52eaa2121eaaf90d2eb5741b9505cbd5ec12a7,,
1.0,G03-260203-090719-638,G03-260203-090719-638.bmp,G03,2026-02-03T09:07:19,2026-02-03,G03_2026-02-03,638,val,normal,,1025,1281,1,74ad20ae6f2b6a2fc1f7bad236a8f1f20ea586955b80490d3b776327901c6e18,,
1.0,G03-260203-090731-639,G03-260203-090731-639.bmp,G03,2026-02-03T09:07:31,2026-02-03,G03_2026-02-03,639,val,normal,,1025,1281,1,19b121d76d3fd3b8644a9457692b58b77656258e99e50d9978fb9ff90fe39114,,
1.0,G03-260203-090756-640,G03-260203-090756-640.bmp,G03,2026-02-03T09:07:56,2026-02-03,G03_2026-02-03,640,val,normal,,1025,1281,1,5137b248c386c00d26165c937065c318c329d03ba6f19e7d0fb01468e79761b2,,
1.0,G03-260203-090805-641,G03-260203-090805-641.bmp,G03,2026-02-03T09:08:05,2026-02-03,G03_2026-02-03,641,val,normal,,1025,1281,1,a7f452a5e3e20805852d260bf43e8f04f5b8efae5a868362ce7d11394e8c11a0,,
1.0,G03-260203-090812-642,G03-260203-090812-642.bmp,G03,2026-02-03T09:08:12,2026-02-03,G03_2026-02-03,642,val,normal,,1025,1281,1,bfebf60b56c971d48123eec2efa589c176eb9821e8be163ddd3efef08d5d4c8b,,
1.0,G03-260203-090832-643,G03-260203-090832-643.bmp,G03,2026-02-03T09:08:32,2026-02-03,G03_2026-02-03,643,val,normal,,1025,1281,1,81f08f9de5dd385052120d11fba73a45c9e34c2de3adff77e1778fde5efe6094,,
1.0,G03-260203-090849-644,G03-260203-090849-644.bmp,G03,2026-02-03T09:08:49,2026-02-03,G03_2026-02-03,644,val,normal,,1025,1281,1,cde017dcccb83a66174240d28f10590ff8d00f3bb252eb8f4843b8215434ac90,,
1.0,G03-260203-090902-645,G03-260203-090902-645.bmp,G03,2026-02-03T09:09:02,2026-02-03,G03_2026-02-03,645,val,normal,,1025,1281,1,3ba4a0e2efd467ebed64daaa3dfcf3b559d4fd0de472060884114166a3ca2681,,
1.0,G03-260203-090918-646,G03-260203-090918-646.bmp,G03,2026-02-03T09:09:18,2026-02-03,G03_2026-02-03,646,val,normal,,1025,1281,1,f01fe6b76277cd45b864c2ee0c8fd62a969182bbed2f160016606625d7a01694,,
1.0,G03-260203-090928-647,G03-260203-090928-647.bmp,G03,2026-02-03T09:09:28,2026-02-03,G03_2026-02-03,647,val,normal,,1025,1281,1,d69872afc558eadefaf8ab086ce73a4310f1b1d4ba72dd80c301f19a9d69f840,,
1.0,G03-260203-090950-648,G03-260203-090950-648.bmp,G03,2026-02-03T09:09:50,2026-02-03,G03_2026-02-03,648,val,normal,,1025,1281,1,83bc3edf06e1426b3683a54e9345f05e9074cb308ef0345510ebbdd0275e9151,,
1.0,G03-260203-090959-649,G03-260203-090959-649.bmp,G03,2026-02-03T09:09:59,2026-02-03,G03_2026-02-03,649,val,normal,,1025,1281,1,dab00bb0426efd887421ec79a5b74efd6d5b49de15a8a58d815b5f8d30012674,,
1.0,G03-260203-091021-650,G03-260203-091021-650.bmp,G03,2026-02-03T09:10:21,2026-02-03,G03_2026-02-03,650,val,normal,,1025,1281,1,cfde304377cea3d612430a5476fa95dd3a0be2048792720d62ab2d69304f368f,,
1.0,G03-260203-091032-651,G03-260203-091032-651.bmp,G03,2026-02-03T09:10:32,2026-02-03,G03_2026-02-03,651,val,normal,,1025,1281,1,7e9249453096c489a277b92055ef6439e1dd5fd627bd82ac9979010d8244db40,,
1.0,G03-260203-091050-652,G03-260203-091050-652.bmp,G03,2026-02-03T09:10:50,2026-02-03,G03_2026-02-03,652,val,normal,,1025,1281,1,175e7869b9dc71ef704067595440c69d0a9f7f3f7fa9dda4b622d304cb6ae149,,
1.0,G03-260203-091105-653,G03-260203-091105-653.bmp,G03,2026-02-03T09:11:05,2026-02-03,G03_2026-02-03,653,val,normal,,1025,1281,1,6b0acc34e39eb9b04067deb93e160356e01181f585499ac76645451ac1f42e7d,,
1.0,G03-260203-091121-654,G03-260203-091121-654.bmp,G03,2026-02-03T09:11:21,2026-02-03,G03_2026-02-03,654,val,normal,,1025,1281,1,3c90e697961c5faa481301a1684c76feeb7476bf8e3506a3060e9830067e443d,,
1.0,G03-260203-091130-655,G03-260203-091130-655.bmp,G03,2026-02-03T09:11:30,2026-02-03,G03_2026-02-03,655,val,normal,,1025,1281,1,954be75dbbc6cff8835a44eb6bb5d324692adc673cd1458048d2690e63f77732,,
1.0,G03-260203-091152-656,G03-260203-091152-656.bmp,G03,2026-02-03T09:11:52,2026-02-03,G03_2026-02-03,656,val,normal,,1025,1281,1,dd5871b4e42e1bff6c7a8f8d61737c2d98d9663e3a31987e11949a2bd864e91e,,
1.0,G03-260203-091201-657,G03-260203-091201-657.bmp,G03,2026-02-03T09:12:01,2026-02-03,G03_2026-02-03,657,val,normal,,1025,1281,1,f871055bb01cda0fd5256110e1d1c90689a340bc9685eb49103e4ab2dd7e2c80,,
1.0,G03-260203-091221-658,G03-260203-091221-658.bmp,G03,2026-02-03T09:12:21,2026-02-03,G03_2026-02-03,658,val,normal,,1025,1281,1,6c96fd870ba7dccf59e62d9d0256804776ae17ceb1459ffa3d8093d254d83cf1,,
1.0,G03-260203-091234-659,G03-260203-091234-659.bmp,G03,2026-02-03T09:12:34,2026-02-03,G03_2026-02-03,659,val,normal,,1025,1281,1,814f01128a34bd46442d9269580bbbdd024e13f64f80508347c42a851dc08ad0,,
1.0,G03-260203-091250-660,G03-260203-091250-660.bmp,G03,2026-02-03T09:12:50,2026-02-03,G03_2026-02-03,660,val,normal,,1025,1281,1,3e7dc4557da14f9863d134720eda900e6a4e3048e49930381ba9a044d61d1e70,,
1.0,G03-260203-091303-661,G03-260203-091303-661.bmp,G03,2026-02-03T09:13:03,2026-02-03,G03_2026-02-03,661,val,normal,,1025,1281,1,7f196af24049995c672a65d9f00bbd118f30c4558162817dec6e5243a5f5f86f,,
1.0,G03-260203-091321-662,G03-260203-091321-662.bmp,G03,2026-02-03T09:13:21,2026-02-03,G03_2026-02-03,662,val,normal,,1025,1281,1,3428b4d55f3dece3a840224db2c58b8c5de2be38d356848998aba9fdfb91c61e,,
1.0,G03-260203-091335-663,G03-260203-091335-663.bmp,G03,2026-02-03T09:13:35,2026-02-03,G03_2026-02-03,663,val,normal,,1025,1281,1,ce531e385d7c88a42f74d7a192b76571d43295e3f15673e3c7e2330c1d5a67ee,,
1.0,G03-260203-091351-664,G03-260203-091351-664.bmp,G03,2026-02-03T09:13:51,2026-02-03,G03_2026-02-03,664,val,normal,,1025,1281,1,41b0fe59361106e3afdac5bd5a647695abfd92b19f0944a436f618cd401e47f4,,
1.0,G03-260203-091403-665,G03-260203-091403-665.bmp,G03,2026-02-03T09:14:03,2026-02-03,G03_2026-02-03,665,val,normal,,1025,1281,1,195258c87765fd2f24c47490354e164b0d68f52f6d8bcef8e4486ea558903801,,
1.0,G03-260203-091421-666,G03-260203-091421-666.bmp,G03,2026-02-03T09:14:21,2026-02-03,G03_2026-02-03,666,val,normal,,1025,1281,1,68a6635524aa01043b918414e42a410002c02299e178655b74c59367c5454dfd,,
1.0,G03-260203-091435-667,G03-260203-091435-667.bmp,G03,2026-02-03T09:14:35,2026-02-03,G03_2026-02-03,667,val,normal,,1025,1281,1,1e34ea35e957e97334b35366d2998a5f3be1b9eaf1210182bc5851b71ae5244b,,
1.0,G03-260203-091452-668,G03-260203-091452-668.bmp,G03,2026-02-03T09:14:52,2026-02-03,G03_2026-02-03,668,val,normal,,1025,1281,1,ca58bbd0c4bae0b9e9514634641f41d6b237c8a14acb1500bfb791fe80641bae,,
1.0,G03-260203-091500-669,G03-260203-091500-669.bmp,G03,2026-02-03T09:15:00,2026-02-03,G03_2026-02-03,669,val,normal,,1025,1281,1,b4996bfb34626f30e1c6f8ef99ee557c77152cc302ad7eafc1ed68274f67a0cc,,
1.0,G03-260203-091522-670,G03-260203-091522-670.bmp,G03,2026-02-03T09:15:22,2026-02-03,G03_2026-02-03,670,val,normal,,1025,1281,1,242e3568e3d07cfbcbb2c4e1f9c0356e92047e68774921f8bd250d1913a68c70,,
1.0,G03-260203-091531-671,G03-260203-091531-671.bmp,G03,2026-02-03T09:15:31,2026-02-03,G03_2026-02-03,671,val,normal,,1025,1281,1,668678e8f1adc73a82fd38772bc64a6a56df3b57598e812e0f29ff756fce3567,,
1.0,G03-260203-091554-672,G03-260203-091554-672.bmp,G03,2026-02-03T09:15:54,2026-02-03,G03_2026-02-03,672,val,normal,,1025,1281,1,99ae4fe754f5482c67caf6808cefdbf991a013eadae71716f355f6676a99566e,,
1.0,G03-260203-091605-673,G03-260203-091605-673.bmp,G03,2026-02-03T09:16:05,2026-02-03,G03_2026-02-03,673,val,normal,,1025,1281,1,91061d1779468816edfa2fc127ab852e80e984bf67e582aafb329fd3646f849f,,
1.0,G03-260203-091625-674,G03-260203-091625-674.bmp,G03,2026-02-03T09:16:25,2026-02-03,G03_2026-02-03,674,val,normal,,1025,1281,1,2ab5d67bce41779938bdbdff81de09d50d9d00dd9f4938d407481fc246b99e83,,
1.0,G03-260203-091635-675,G03-260203-091635-675.bmp,G03,2026-02-03T09:16:35,2026-02-03,G03_2026-02-03,675,val,normal,,1025,1281,1,c2cb27b652fd8ea2976ff1443b7156450eb02b094841c647426e15002085d0a9,,
1.0,G03-260203-091653-676,G03-260203-091653-676.bmp,G03,2026-02-03T09:16:53,2026-02-03,G03_2026-02-03,676,val,normal,,1025,1281,1,e3344696373546ef65f87a5f247402ca8464af38aa97b1ab0b04294c8abd3ddd,,
1.0,G03-260203-091709-677,G03-260203-091709-677.bmp,G03,2026-02-03T09:17:09,2026-02-03,G03_2026-02-03,677,val,normal,,1025,1281,1,80d3780de45f3218a988937b1a5e60e883893f183c2a02b0aff9270bb427b294,,
1.0,G03-260203-091726-678,G03-260203-091726-678.bmp,G03,2026-02-03T09:17:26,2026-02-03,G03_2026-02-03,678,val,normal,,1025,1281,1,f22d375634d58379c4362970ec4ccb27d9e010fe0ea8b345fe6bc294c7a9d4d3,,
1.0,G03-260203-091738-679,G03-260203-091738-679.bmp,G03,2026-02-03T09:17:38,2026-02-03,G03_2026-02-03,679,val,normal,,1025,1281,1,fcec46e6b50a24710c518aa1a59f3dfb5fc148c93d42a6755fb510b4b8c09f2e,,
1.0,G03-260203-091754-680,G03-260203-091754-680.bmp,G03,2026-02-03T09:17:54,2026-02-03,G03_2026-02-03,680,val,normal,,1025,1281,1,2ba753aa1250d808cd3dd7a54a434d8baf4b9e59846987ecaea3311001b53c69,,
1.0,G03-260203-091804-681,G03-260203-091804-681.bmp,G03,2026-02-03T09:18:04,2026-02-03,G03_2026-02-03,681,val,normal,,1025,1281,1,08fc9df5f9e1bac047de94ccfdaf42eab8664f2d28ddad98155ea45ebfaf0427,,
1.0,G03-260203-091823-682,G03-260203-091823-682.bmp,G03,2026-02-03T09:18:23,2026-02-03,G03_2026-02-03,682,val,normal,,1025,1281,1,a39884b9527d9c140deda1670341ece1cb64f6824c11bc2e58e4f206868d6b2f,,
1.0,G03-260203-091833-683,G03-260203-091833-683.bmp,G03,2026-02-03T09:18:33,2026-02-03,G03_2026-02-03,683,val,normal,,1025,1281,1,f9529562bfc9ca8e7120751124283d30d3438f3a16896b0d29d1efffe377b555,,
1.0,G03-260203-091854-684,G03-260203-091854-684.bmp,G03,2026-02-03T09:18:54,2026-02-03,G03_2026-02-03,684,val,normal,,1025,1281,1,93ae0ed33ea4eb9df60bcc30ae9f4cdf4c27afc543421df74830e92667cea7ea,,
1.0,G03-260203-091906-685,G03-260203-091906-685.bmp,G03,2026-02-03T09:19:06,2026-02-03,G03_2026-02-03,685,val,normal,,1025,1281,1,056d2a08aee813cc7f57123198d967d5863a76873ba0a11cf428166347359805,,
1.0,G03-260203-091926-686,G03-260203-091926-686.bmp,G03,2026-02-03T09:19:26,2026-02-03,G03_2026-02-03,686,val,normal,,1025,1281,1,938ffc18b8132c7fefdeb2d8e8ea031ce8bfbfcada9dc17b7162118c2184d1ad,,
1.0,G03-260203-091937-687,G03-260203-091937-687.bmp,G03,2026-02-03T09:19:37,2026-02-03,G03_2026-02-03,687,val,normal,,1025,1281,1,9e66cb38265e74cc89ee7c4e90d24b1c81cf722380abb42fe6c07a971a5518d0,,
1.0,G03-260203-091955-688,G03-260203-091955-688.bmp,G03,2026-02-03T09:19:55,2026-02-03,G03_2026-02-03,688,val,normal,,1025,1281,1,73720caaa2d48eca0b8ee81b8dc7df285d189c08cfe48e125f1769f69c76e9ac,,
1.0,G03-260203-092007-689,G03-260203-092007-689.bmp,G03,2026-02-03T09:20:07,2026-02-03,G03_2026-02-03,689,val,normal,,1025,1281,1,455b02d64f43d68301aa145b312f80ac610a96042924280b69e5b7afbf481688,,
1.0,G03-260203-092026-690,G03-260203-092026-690.bmp,G03,2026-02-03T09:20:26,2026-02-03,G03_2026-02-03,690,val,normal,,1025,1281,1,0208af306d49f791741e096be134e2c2310c034a6417914afdbb498fef60aa92,,
1.0,G03-260203-092039-691,G03-260203-092039-691.bmp,G03,2026-02-03T09:20:39,2026-02-03,G03_2026-02-03,691,val,normal,,1025,1281,1,db6140cbe43eb813271f25aba63249888c5530c32db434df3729b3f418e2a32f,,
1.0,G03-260203-092057-692,G03-260203-092057-692.bmp,G03,2026-02-03T09:20:57,2026-02-03,G03_2026-02-03,692,val,normal,,1025,1281,1,486f3c257bbcbb5b289f0dd7ef2ddf05cb3eaf045853b602d876a553cde3fb8f,,
1.0,G03-260203-092104-693,G03-260203-092104-693.bmp,G03,2026-02-03T09:21:04,2026-02-03,G03_2026-02-03,693,val,normal,,1025,1281,1,49b1f2177e59d0b30481d81ccb988f01d749ea3c078f9c3ad9922c6e76a0e4ce,,
1.0,G03-260203-092125-694,G03-260203-092125-694.bmp,G03,2026-02-03T09:21:25,2026-02-03,G03_2026-02-03,694,val,normal,,1025,1281,1,e8da5c5e9573468b2150f4ab17822fb712872d1f4b5aed80edfb064b3463f0d2,,
1.0,G03-260203-092137-695,G03-260203-092137-695.bmp,G03,2026-02-03T09:21:37,2026-02-03,G03_2026-02-03,695,val,normal,,1025,1281,1,644876a6693814b24ef7230fdd05eb0d09b88b63c965d7e2601780632b16f72e,,
1.0,G03-260203-092156-696,G03-260203-092156-696.bmp,G03,2026-02-03T09:21:56,2026-02-03,G03_2026-02-03,696,val,normal,,1025,1281,1,91617d92667325a0751ce8d7f9e7ecd6845d86d12e5665ea3a08efdeefbe09fd,,
1.0,G03-260203-092208-697,G03-260203-092208-697.bmp,G03,2026-02-03T09:22:08,2026-02-03,G03_2026-02-03,697,val,normal,,1025,1281,1,f901ff823d96dbe35b08ceada429fc8d8b9158824e38f14355baddcfb6adc491,,
1.0,G03-260203-092228-698,G03-260203-092228-698.bmp,G03,2026-02-03T09:22:28,2026-02-03,G03_2026-02-03,698,val,normal,,1025,1281,1,70deee909a85cb16ac4ba592430a9130d67f40b934d8c61897d06e2a10c9413a,,
1.0,G03-260203-092250-699,G03-260203-092250-699.bmp,G03,2026-02-03T09:22:50,2026-02-03,G03_2026-02-03,699,val,normal,,1025,1281,1,fce43f49cadcd04c0ed8899c1beaae2f3abdb5b5ce7da9ed25ec2601f50a0deb,,
1.0,G03-260203-092305-700,G03-260203-092305-700.bmp,G03,2026-02-03T09:23:05,2026-02-03,G03_2026-02-03,700,val,normal,,1025,1281,1,2f1967eca5b268abb6715464ef1708af3dbc04bf7e950db8ce851f7b4f2360cf,,
1.0,G03-260203-092315-701,G03-260203-092315-701.bmp,G03,2026-02-03T09:23:15,2026-02-03,G03_2026-02-03,701,val,normal,,1025,1281,1,15e526d7d592a1f2a1d4520349b7ae7212dc50edec7e336d57abcb3a101b4717,,
1.0,G03-260203-092325-702,G03-260203-092325-702.bmp,G03,2026-02-03T09:23:25,2026-02-03,G03_2026-02-03,702,val,normal,,1025,1281,1,46aef4b04c8defabfb1a174701d129ebc6e4a0d82f2c116d45d26cc5ab361e60,,
1.0,G03-260203-092333-703,G03-260203-092333-703.bmp,G03,2026-02-03T09:23:33,2026-02-03,G03_2026-02-03,703,val,normal,,1025,1281,1,a7531c60b4e5b7dba36f97cb4d5730152d66fa2bd627d6ea9230448b9e467e58,,
1.0,G03-260203-092344-704,G03-260203-092344-704.bmp,G03,2026-02-03T09:23:44,2026-02-03,G03_2026-02-03,704,val,normal,,1025,1281,1,8c3a9c86b8c2419f167d3b126fb7323a95fab3564a06859435a2a379c1e21c8a,,
1.0,G03-260203-092601-705,G03-260203-092601-705.bmp,G03,2026-02-03T09:26:01,2026-02-03,G03_2026-02-03,705,val,normal,,1025,1281,1,eca22574590711c01872f35db48cbe2bc7fbd1f6570c7511763860cda5917df8,,
1.0,G03-260203-092612-706,G03-260203-092612-706.bmp,G03,2026-02-03T09:26:12,2026-02-03,G03_2026-02-03,706,val,normal,,1025,1281,1,06fe48f41916e366595ed653241a1333e75970aabe4dcd0dfd2d698f039e4bc3,,
1.0,G03-260203-092630-707,G03-260203-092630-707.bmp,G03,2026-02-03T09:26:30,2026-02-03,G03_2026-02-03,707,val,normal,,1025,1281,1,2ad335146910fa533374ccc6b0424d27c436e132ff3b1ed313f6d2be99c30d23,,
1.0,G03-260203-092644-708,G03-260203-092644-708.bmp,G03,2026-02-03T09:26:44,2026-02-03,G03_2026-02-03,708,val,normal,,1025,1281,1,b038101e767c129c20785064df4cb572fe9dac0d4745f8630289b16698d033d0,,
1.0,G03-260203-092702-709,G03-260203-092702-709.bmp,G03,2026-02-03T09:27:02,2026-02-03,G03_2026-02-03,709,val,normal,,1025,1281,1,6747f891fe9d1fa2839ced517d9d2060400fa9e3d18b019e2b2e40b172879c9d,,
1.0,G03-260203-092729-710,G03-260203-092729-710.bmp,G03,2026-02-03T09:27:29,2026-02-03,G03_2026-02-03,710,val,normal,,1025,1281,1,b07ab40f2bbaf4854d8d23b6c31a85d1b7f2d836368182020b796c9504a1e073,,
1.0,G03-260203-092737-711,G03-260203-092737-711.bmp,G03,2026-02-03T09:27:37,2026-02-03,G03_2026-02-03,711,val,normal,,1025,1281,1,b1a0b3562bb0f11815ea828ecb564745629c1ee9d63c59f58a5152071a723134,,
1.0,G03-260203-092800-712,G03-260203-092800-712.bmp,G03,2026-02-03T09:28:00,2026-02-03,G03_2026-02-03,712,val,normal,,1025,1281,1,01fd903d447817643f988632ce5c004441e0251c7cbaa343d0baab4d247b9f51,,
1.0,G03-260203-092812-713,G03-260203-092812-713.bmp,G03,2026-02-03T09:28:12,2026-02-03,G03_2026-02-03,713,val,normal,,1025,1281,1,4ffadd3854d7a4e009b5fc80409ea4b06764b42d81118d58f475cf347cbeb46a,,
1.0,G03-260203-092830-714,G03-260203-092830-714.bmp,G03,2026-02-03T09:28:30,2026-02-03,G03_2026-02-03,714,val,normal,,1025,1281,1,a2d4f18c9c73420e6806ab3d3471c9e35cbccaae7e9810b1a01ff1dda13141f7,,
1.0,G03-260203-092843-715,G03-260203-092843-715.bmp,G03,2026-02-03T09:28:43,2026-02-03,G03_2026-02-03,715,val,normal,,1025,1281,1,3f47d0dd25aec357104842ef504a3d41fc394f666aa658b7b075f6315fc5fd17,,
1.0,G03-260203-092901-716,G03-260203-092901-716.bmp,G03,2026-02-03T09:29:01,2026-02-03,G03_2026-02-03,716,val,normal,,1025,1281,1,9d92e4b08320ca69d6054f4f18de731c8ea3cc41bff509e5167db8d4916c1acd,,
1.0,G03-260203-092914-717,G03-260203-092914-717.bmp,G03,2026-02-03T09:29:14,2026-02-03,G03_2026-02-03,717,val,normal,,1025,1281,1,5b3be881ef4a2e5e1970a8810bb2236457e84bca52fe366286cf3694b226f408,,
1.0,G03-260203-092939-718,G03-260203-092939-718.bmp,G03,2026-02-03T09:29:39,2026-02-03,G03_2026-02-03,718,val,normal,,1025,1281,1,45f9d7bfa5f397aec2b374d0792e2c7d256c0d1048afb93e5a7211c01a739e9e,,
1.0,G03-260203-092945-719,G03-260203-092945-719.bmp,G03,2026-02-03T09:29:45,2026-02-03,G03_2026-02-03,719,val,normal,,1025,1281,1,3330ab1f48957f908bf03da795d186525f6f8642577d527d2658fef3a22781d4,,
1.0,G03-260203-092955-720,G03-260203-092955-720.bmp,G03,2026-02-03T09:29:55,2026-02-03,G03_2026-02-03,720,val,normal,,1025,1281,1,8e6d3e10d0a099ef67c87f54afbdd72abc7ed11dd46f14a697d48aaa71677062,,
1.0,G03-260203-093001-721,G03-260203-093001-721.bmp,G03,2026-02-03T09:30:01,2026-02-03,G03_2026-02-03,721,val,normal,,1025,1281,1,28aa7b16676f38e13fe62e67c797a2837985fa5e4c29e78251403b665f198d87,,
1.0,G03-260203-093028-722,G03-260203-093028-722.bmp,G03,2026-02-03T09:30:28,2026-02-03,G03_2026-02-03,722,val,normal,,1025,1281,1,000c8361d5b4239f32ad2fb7435208200fd01fabe88e2e292667ead8763630db,,
1.0,G03-260203-093101-723,G03-260203-093101-723.bmp,G03,2026-02-03T09:31:01,2026-02-03,G03_2026-02-03,723,val,normal,,1025,1281,1,b5a870466f9968bac48eb2f10b224f14c453ab024166099dda513a896fa98fc5,,
1.0,G03-260203-093113-724,G03-260203-093113-724.bmp,G03,2026-02-03T09:31:13,2026-02-03,G03_2026-02-03,724,val,normal,,1025,1281,1,0572bd80652f31cc1b488c9e5b18ee9a0f1dd99d9d3b1ecca6ab1e357bbb43f2,,
1.0,G03-260203-093132-725,G03-260203-093132-725.bmp,G03,2026-02-03T09:31:32,2026-02-03,G03_2026-02-03,725,val,normal,,1025,1281,1,c60779b9b0cce2a72397d4fc91ada462c6ee077550ff7b3bf1c104a860fa9c7e,,
1.0,G03-260203-093146-726,G03-260203-093146-726.bmp,G03,2026-02-03T09:31:46,2026-02-03,G03_2026-02-03,726,val,normal,,1025,1281,1,76e8e374f1539736eccad84f85cbdb6856aa75b98c340989d420d2bb97991970,,
1.0,G03-260203-093202-727,G03-260203-093202-727.bmp,G03,2026-02-03T09:32:02,2026-02-03,G03_2026-02-03,727,val,normal,,1025,1281,1,eac8b3b1c82b8d4c4d62727d6cc44ea508d0713ba8f81e94385e3a91514b2dda,,
1.0,G03-260203-093215-728,G03-260203-093215-728.bmp,G03,2026-02-03T09:32:15,2026-02-03,G03_2026-02-03,728,val,normal,,1025,1281,1,186ac74240f6ca276f9147869b86b5240ff9ffb99c6dbd64f716bad144466552,,
1.0,G03-260203-093232-729,G03-260203-093232-729.bmp,G03,2026-02-03T09:32:32,2026-02-03,G03_2026-02-03,729,val,normal,,1025,1281,1,9aa81489a41209cc8bcdbbe44c3808b955693ea62891e834bab9daae1b0800ed,,
1.0,G03-260203-093241-730,G03-260203-093241-730.bmp,G03,2026-02-03T09:32:41,2026-02-03,G03_2026-02-03,730,val,normal,,1025,1281,1,18e8f9286ccf5df048e3dd8b20384dc091f2d4ecb201947418655d710e8beb0b,,
1.0,G03-260203-093303-731,G03-260203-093303-731.bmp,G03,2026-02-03T09:33:03,2026-02-03,G03_2026-02-03,731,val,normal,,1025,1281,1,ee09edf74e0c272cd840c8013ab6bfda6c2875ee47afc6a5ccae03c4d0f60d7e,,
1.0,G03-260203-093312-732,G03-260203-093312-732.bmp,G03,2026-02-03T09:33:12,2026-02-03,G03_2026-02-03,732,val,normal,,1025,1281,1,067efa6fa3d9e9570f8ab385b1665d9c77a46cb29aff23f61c7b651e580a5319,,
1.0,G03-260203-093333-733,G03-260203-093333-733.bmp,G03,2026-02-03T09:33:33,2026-02-03,G03_2026-02-03,733,val,normal,,1025,1281,1,459e87af5056bcdf5b99331d5fc1ef875ae9fc253f2422cbbfca19687b866ffc,,
1.0,G03-260203-093348-734,G03-260203-093348-734.bmp,G03,2026-02-03T09:33:48,2026-02-03,G03_2026-02-03,734,val,normal,,1025,1281,1,e0e09d3fd1888a8b16005640e13bc40536482a08310332eeee7e3d74b3ddf215,,
1.0,G03-260203-093404-735,G03-260203-093404-735.bmp,G03,2026-02-03T09:34:04,2026-02-03,G03_2026-02-03,735,val,normal,,1025,1281,1,c2ea6c22d34c4e7d66a2a1da7f9724bbc71087dbe8d049823613cb3a18aac1ff,,
1.0,G03-260203-093419-736,G03-260203-093419-736.bmp,G03,2026-02-03T09:34:19,2026-02-03,G03_2026-02-03,736,val,normal,,1025,1281,1,dbb508619951cc348eb9780fd5e222b97f968e0a1dc0ab482dbf2296afc24df5,,
1.0,G03-260203-093435-737,G03-260203-093435-737.bmp,G03,2026-02-03T09:34:35,2026-02-03,G03_2026-02-03,737,val,normal,,1025,1281,1,49ef8062ad6a11debebdc563f8926e291a375e8a5a9dde26f89adebfd7858c8b,,
1.0,G03-260203-093445-738,G03-260203-093445-738.bmp,G03,2026-02-03T09:34:45,2026-02-03,G03_2026-02-03,738,val,normal,,1025,1281,1,a4fbc14eb5103165926648057516df4cdb61136753dc0be2b0d1eeaffc6148d1,,
1.0,G03-260203-093506-739,G03-260203-093506-739.bmp,G03,2026-02-03T09:35:06,2026-02-03,G03_2026-02-03,739,val,normal,,1025,1281,1,ce8f2284fd0ae529b5ab0c7df7f800332b553a4da7e9665d7494b62277424971,,
1.0,G03-260203-093522-740,G03-260203-093522-740.bmp,G03,2026-02-03T09:35:22,2026-02-03,G03_2026-02-03,740,val,normal,,1025,1281,1,526adc7a165a991b5478f595a28134536f18061b8ea0539c2671cc9765d8bd38,,
1.0,G03-260203-093536-741,G03-260203-093536-741.bmp,G03,2026-02-03T09:35:36,2026-02-03,G03_2026-02-03,741,val,normal,,1025,1281,1,a2229b36660bcad6dcf8fd08c9418bee7fc1075a26a17bc7d970afe4591c3bf8,,
1.0,G03-260203-093547-742,G03-260203-093547-742.bmp,G03,2026-02-03T09:35:47,2026-02-03,G03_2026-02-03,742,val,normal,,1025,1281,1,4b87a9c37e71774b69cbc043213644df212b37e1789a28c9f0bea33ea9947ae4,,
1.0,G03-260203-093604-743,G03-260203-093604-743.bmp,G03,2026-02-03T09:36:04,2026-02-03,G03_2026-02-03,743,val,normal,,1025,1281,1,222faec88ee73ea6f8101fa85d73f10738b880b91559470b4f6305a5dd938f1e,,
1.0,G03-260203-093613-744,G03-260203-093613-744.bmp,G03,2026-02-03T09:36:13,2026-02-03,G03_2026-02-03,744,val,normal,,1025,1281,1,1d20ccf84c4e83b741d1f1ae51b8a14f337c68f381d0312ee687e8cdb6486790,,
1.0,G03-260203-093634-745,G03-260203-093634-745.bmp,G03,2026-02-03T09:36:34,2026-02-03,G03_2026-02-03,745,val,normal,,1025,1281,1,852bdf6ad836624b1d704180aa7ed800d2fce19900f3f48314b7d00f0f5321e9,,
1.0,G03-260203-093643-746,G03-260203-093643-746.bmp,G03,2026-02-03T09:36:43,2026-02-03,G03_2026-02-03,746,val,normal,,1025,1281,1,045c912a2da05c449879841f898d5cd1bb1f33dfe1f7ed1d10ba8c47d51e70c0,,
1.0,G03-260203-093705-747,G03-260203-093705-747.bmp,G03,2026-02-03T09:37:05,2026-02-03,G03_2026-02-03,747,val,normal,,1025,1281,1,b13a20c04584a10b3ead88afeb92fc19f0db9465104f6f305714599acd68969b,,
1.0,G03-260203-093724-748,G03-260203-093724-748.bmp,G03,2026-02-03T09:37:24,2026-02-03,G03_2026-02-03,748,val,normal,,1025,1281,1,4766d9791823a6e093fd14191ea1305844e70edb8fe8117b89e9263873994de7,,
1.0,G03-260203-093737-749,G03-260203-093737-749.bmp,G03,2026-02-03T09:37:37,2026-02-03,G03_2026-02-03,749,val,normal,,1025,1281,1,1b006cd554f23e710eb71d7b80698febefb527abbd77d36ef54881b8ba59bda7,,
1.0,G03-260203-093745-750,G03-260203-093745-750.bmp,G03,2026-02-03T09:37:45,2026-02-03,G03_2026-02-03,750,val,normal,,1025,1281,1,709c54c9482eddec8119816d0221a20e1a9553f4aa77bcaa2affb9e744d7e04a,,
1.0,G03-260203-093806-751,G03-260203-093806-751.bmp,G03,2026-02-03T09:38:06,2026-02-03,G03_2026-02-03,751,val,normal,,1025,1281,1,a4c662071b52f38fa52c7425badb637c977ac757d01acc82df1bb2a14bd11d7c,,
1.0,G03-260203-093821-752,G03-260203-093821-752.bmp,G03,2026-02-03T09:38:21,2026-02-03,G03_2026-02-03,752,val,normal,,1025,1281,1,e3d051ca14e38b13df74a1576266e58af3a2d4ac185581fefbfb6a5529c6fb8d,,
1.0,G03-260203-093835-753,G03-260203-093835-753.bmp,G03,2026-02-03T09:38:35,2026-02-03,G03_2026-02-03,753,val,normal,,1025,1281,1,a26af47bc35c43b9441b1a3373bf65c7df30a816e9d36be4ef7726dca6ac7942,,
1.0,G03-260203-093842-754,G03-260203-093842-754.bmp,G03,2026-02-03T09:38:42,2026-02-03,G03_2026-02-03,754,val,normal,,1025,1281,1,6c1a891faec9aac7de8960ac5b8ceb48912bd116220e62d1051c20781e244c43,,
1.0,G03-260203-093906-755,G03-260203-093906-755.bmp,G03,2026-02-03T09:39:06,2026-02-03,G03_2026-02-03,755,val,normal,,1025,1281,1,221d6e17bf924297dd96fa6a245674da2b7b60fec2ce93414ce9d01c16b7375a,,
1.0,G03-260203-093913-756,G03-260203-093913-756.bmp,G03,2026-02-03T09:39:13,2026-02-03,G03_2026-02-03,756,val,normal,,1025,1281,1,8c56414861fce006bfd339e19129cfecd6485b9bfce552ac26cdc671eb2fad50,,
1.0,G03-260203-093936-757,G03-260203-093936-757.bmp,G03,2026-02-03T09:39:36,2026-02-03,G03_2026-02-03,757,val,normal,,1025,1281,1,a22cb9452bfebe3b985b3722c79f577314ecbedd00fbccedfbacd1c6f31d24a5,,
1.0,G03-260203-093948-758,G03-260203-093948-758.bmp,G03,2026-02-03T09:39:48,2026-02-03,G03_2026-02-03,758,val,normal,,1025,1281,1,4af5d3f8591f71ee39433f072759fe0edb8427ae2331441b2cdef5928a88e1e5,,
1.0,G03-260203-094006-759,G03-260203-094006-759.bmp,G03,2026-02-03T09:40:06,2026-02-03,G03_2026-02-03,759,val,normal,,1025,1281,1,139b5e294e1e81ed986b0c3e027020a79cc25daee50c42cab8122243f41bbaeb,,
1.0,G03-260203-094022-760,G03-260203-094022-760.bmp,G03,2026-02-03T09:40:22,2026-02-03,G03_2026-02-03,760,val,normal,,1025,1281,1,e23f97da90bc21876a55ed9ebd7fe35d58371e328eeaa7e02a852ac059def065,,
1.0,G03-260203-094037-761,G03-260203-094037-761.bmp,G03,2026-02-03T09:40:37,2026-02-03,G03_2026-02-03,761,val,normal,,1025,1281,1,491c324a0300a947c63d268f5a116ab7813febf18c6ece982050aa1192573fab,,
1.0,G03-260203-094046-762,G03-260203-094046-762.bmp,G03,2026-02-03T09:40:46,2026-02-03,G03_2026-02-03,762,val,normal,,1025,1281,1,2f2d64b8ede6f797f631ac2d12d0b7007ba6fb8ed500111361fe33185c790e9a,,
1.0,G03-260203-094107-763,G03-260203-094107-763.bmp,G03,2026-02-03T09:41:07,2026-02-03,G03_2026-02-03,763,val,normal,,1025,1281,1,7e7e48153d52fb0528d2a8fc58988915b11be6d0c269ff4cb7b260e40b781cda,,
1.0,G03-260203-094121-764,G03-260203-094121-764.bmp,G03,2026-02-03T09:41:21,2026-02-03,G03_2026-02-03,764,val,normal,,1025,1281,1,6f87b778f8c8e0968cff39dc5a463285c859c5b8c6ee054209a1987530e9a9e9,,
1.0,G03-260203-094137-765,G03-260203-094137-765.bmp,G03,2026-02-03T09:41:37,2026-02-03,G03_2026-02-03,765,val,normal,,1025,1281,1,9cbe9081c246e00bfaa574707328ec5c2a595fa8405e869dd162894f0d95c79f,,
1.0,G03-260203-094150-766,G03-260203-094150-766.bmp,G03,2026-02-03T09:41:50,2026-02-03,G03_2026-02-03,766,val,normal,,1025,1281,1,85b2cc4a155de99b2019f5c1c97bb80e1e8a67f4e5a18316cbc26a7c413b0cc2,,
1.0,G03-260203-094207-767,G03-260203-094207-767.bmp,G03,2026-02-03T09:42:07,2026-02-03,G03_2026-02-03,767,val,normal,,1025,1281,1,d1fe392dd643dd7264028638d44223184c8782f2576656771793c788ff1688aa,,
1.0,G03-260203-094218-768,G03-260203-094218-768.bmp,G03,2026-02-03T09:42:18,2026-02-03,G03_2026-02-03,768,val,normal,,1025,1281,1,f2366e1f6d977475a0d42feda3f72cdd1a53940b9529f041b7296ab98ca10904,,
1.0,G03-260203-094240-769,G03-260203-094240-769.bmp,G03,2026-02-03T09:42:40,2026-02-03,G03_2026-02-03,769,val,normal,,1025,1281,1,14f50974d63f53b4d7502059fcac32efe17e57dc5147cd637c4a59ee253ed3b4,,
1.0,G03-260203-094258-770,G03-260203-094258-770.bmp,G03,2026-02-03T09:42:58,2026-02-03,G03_2026-02-03,770,val,normal,,1025,1281,1,549bbab5c10e08d78544ebe706df3aecd2fd2f33e1183dc5fbb374b7ff1d1b0f,,
1.0,G03-260203-094310-771,G03-260203-094310-771.bmp,G03,2026-02-03T09:43:10,2026-02-03,G03_2026-02-03,771,val,normal,,1025,1281,1,be83516079c3d9a2ee4ad7ffbb5cdf18ac58d62c757e914d598ba768920e8eba,,
1.0,G03-260203-094323-772,G03-260203-094323-772.bmp,G03,2026-02-03T09:43:23,2026-02-03,G03_2026-02-03,772,val,normal,,1025,1281,1,0e29383a8c9042beeb94b8d2877bc58b9cd2b7f6b548574f8e1d6221038eebdd,,
1.0,G03-260203-094339-773,G03-260203-094339-773.bmp,G03,2026-02-03T09:43:39,2026-02-03,G03_2026-02-03,773,val,normal,,1025,1281,1,c32a6e1284d3ea12daf81452e75c7da3f3308c28a4d3feda40681784da2b182a,,
1.0,G03-260203-094352-774,G03-260203-094352-774.bmp,G03,2026-02-03T09:43:52,2026-02-03,G03_2026-02-03,774,val,normal,,1025,1281,1,dab51f5734678829fdea9a727a7d87b836c3eaa087d1f3f77bae64966f56a038,,
1.0,G03-260203-094411-775,G03-260203-094411-775.bmp,G03,2026-02-03T09:44:11,2026-02-03,G03_2026-02-03,775,val,normal,,1025,1281,1,80d7f45cea104e4468ce24b4efa7021652ada4c874afaa9ef9e9cdf9f02bd21e,,
1.0,G03-260203-094427-776,G03-260203-094427-776.bmp,G03,2026-02-03T09:44:27,2026-02-03,G03_2026-02-03,776,val,normal,,1025,1281,1,fbf846d6cc8e19173cd2d961d1f72aa84506c9edb6265bc86387a22f2bd33439,,
1.0,G03-260203-094440-777,G03-260203-094440-777.bmp,G03,2026-02-03T09:44:40,2026-02-03,G03_2026-02-03,777,val,normal,,1025,1281,1,6b76ed3c3b9fa213af2bbcd366bc57f15559fbfd80da9052b0a6e658bbc0e97a,,
1.0,G03-260203-094457-778,G03-260203-094457-778.bmp,G03,2026-02-03T09:44:57,2026-02-03,G03_2026-02-03,778,val,normal,,1025,1281,1,eab5d75765cd62f3594f31471edbdc2beab77f318fc415297032efa966270860,,
1.0,G03-260203-094510-779,G03-260203-094510-779.bmp,G03,2026-02-03T09:45:10,2026-02-03,G03_2026-02-03,779,val,normal,,1025,1281,1,71796432e77a5c011b94dbab16987915c631b89a8c53287760341dad51222796,,
1.0,G03-260203-094521-780,G03-260203-094521-780.bmp,G03,2026-02-03T09:45:21,2026-02-03,G03_2026-02-03,780,val,normal,,1025,1281,1,01b9ccfec4338eabdeb443230ca5d6cd108f9115b5ba953685486655496f71e9,,
1.0,G03-260203-094541-781,G03-260203-094541-781.bmp,G03,2026-02-03T09:45:41,2026-02-03,G03_2026-02-03,781,val,normal,,1025,1281,1,14febcca810258212804459cc167c324ade7d537362bdfe5f64f2c2ad7aabd67,,
1.0,G03-260203-094553-782,G03-260203-094553-782.bmp,G03,2026-02-03T09:45:53,2026-02-03,G03_2026-02-03,782,val,normal,,1025,1281,1,3a1483419506338a21cb027b490ac7bb2805cf284e779dfa05e33e66cc2090c2,,
1.0,G03-260203-094611-783,G03-260203-094611-783.bmp,G03,2026-02-03T09:46:11,2026-02-03,G03_2026-02-03,783,val,normal,,1025,1281,1,4abc3328b9be29fcde6c5337ab22d16eb559bc4a7ae75feddb5a581fc40cda11,,
1.0,G03-260203-094640-784,G03-260203-094640-784.bmp,G03,2026-02-03T09:46:40,2026-02-03,G03_2026-02-03,784,val,normal,,1025,1281,1,32538b9000743a0c97d89d1be7b3804d5feddc320cbd13249657328ccae4ef3d,,
1.0,G03-260203-094658-785,G03-260203-094658-785.bmp,G03,2026-02-03T09:46:58,2026-02-03,G03_2026-02-03,785,val,normal,,1025,1281,1,f821f94cc7c44e296aef6e03ca33d9df13d4e828098efd03c0a6dc6281d7e693,,
1.0,G03-260203-094710-786,G03-260203-094710-786.bmp,G03,2026-02-03T09:47:10,2026-02-03,G03_2026-02-03,786,val,normal,,1025,1281,1,3000b3747e31f10b18f9de49caf9d44eabace83a25118f1c7ba778c3f0da5f30,,
1.0,G03-260203-094720-787,G03-260203-094720-787.bmp,G03,2026-02-03T09:47:20,2026-02-03,G03_2026-02-03,787,val,normal,,1025,1281,1,b5f7efc5ecc2a55422ddba600439a0c16cceba08e55cd90a5703f0c6bc360ab6,,
1.0,G03-260203-094741-788,G03-260203-094741-788.bmp,G03,2026-02-03T09:47:41,2026-02-03,G03_2026-02-03,788,val,normal,,1025,1281,1,e0cdf2373d2bf507123642670cd5437a4a6e44d58fe0d4900f2bedd359e27e66,,
1.0,G03-260203-094754-789,G03-260203-094754-789.bmp,G03,2026-02-03T09:47:54,2026-02-03,G03_2026-02-03,789,val,normal,,1025,1281,1,53eb8cf78fe89789d30adc9ca2cb7888c78d97939fe03c098d4529335d23beb1,,
1.0,G03-260203-094812-790,G03-260203-094812-790.bmp,G03,2026-02-03T09:48:12,2026-02-03,G03_2026-02-03,790,val,normal,,1025,1281,1,0c27492a752d9dae972215e49cfcf8694fd2e3f4deec3ef44547aff9c9ccab52,,
1.0,G03-260203-094826-791,G03-260203-094826-791.bmp,G03,2026-02-03T09:48:26,2026-02-03,G03_2026-02-03,791,val,normal,,1025,1281,1,78f2888d610cbd14cd7ba22b503baecec2782f2223ede1996fe48ae8c01184fc,,
1.0,G03-260203-094843-792,G03-260203-094843-792.bmp,G03,2026-02-03T09:48:43,2026-02-03,G03_2026-02-03,792,val,normal,,1025,1281,1,5e119c3e248d6e4d52b29d7b98e83c317356bfd135a4fea1dad8de3139f58fa3,,
1.0,G03-260203-094854-793,G03-260203-094854-793.bmp,G03,2026-02-03T09:48:54,2026-02-03,G03_2026-02-03,793,val,normal,,1025,1281,1,53160b90af34b3433c6f74e3cdb93d0f23640b96935aaa8bf25851c9bc56ebc4,,
1.0,G03-260203-094912-794,G03-260203-094912-794.bmp,G03,2026-02-03T09:49:12,2026-02-03,G03_2026-02-03,794,val,normal,,1025,1281,1,0031888de5713cabccc058e3c927fdb084cdf74858899cfacfd7dd53b30c33ac,,
1.0,G03-260203-094922-795,G03-260203-094922-795.bmp,G03,2026-02-03T09:49:22,2026-02-03,G03_2026-02-03,795,val,normal,,1025,1281,1,06f7d2f2c5d6cfbeb9b17a86cccd4d414077891ae16115323d2bcd529f53d1f2,,
1.0,G03-260203-094943-796,G03-260203-094943-796.bmp,G03,2026-02-03T09:49:43,2026-02-03,G03_2026-02-03,796,val,normal,,1025,1281,1,87f2e5dc6b6911f842becaceeb73b22247616320c8011a1a6c733ffb3e172754,,
1.0,G03-260203-094953-797,G03-260203-094953-797.bmp,G03,2026-02-03T09:49:53,2026-02-03,G03_2026-02-03,797,val,normal,,1025,1281,1,f51794b976eeecc6547dbb7e72c246a716928f6bf6ae7550874700b0169ae08e,,
1.0,G03-260203-095014-798,G03-260203-095014-798.bmp,G03,2026-02-03T09:50:14,2026-02-03,G03_2026-02-03,798,val,normal,,1025,1281,1,d0abe83d708e4675922a462b67dec742994a5d6cf996688239785d946e262302,,
1.0,G03-260203-095027-799,G03-260203-095027-799.bmp,G03,2026-02-03T09:50:27,2026-02-03,G03_2026-02-03,799,val,normal,,1025,1281,1,1b3c912681ac02b3644bbf981f3ec3cff4928905a1f42e558f38d0837690518d,,
1.0,G03-260203-095046-800,G03-260203-095046-800.bmp,G03,2026-02-03T09:50:46,2026-02-03,G03_2026-02-03,800,val,normal,,1025,1281,1,43392bbba589ad51058c6a1d2ab8e374121a9fcfaf989122adb635f764b9be30,,
1.0,G03-260203-095056-801,G03-260203-095056-801.bmp,G03,2026-02-03T09:50:56,2026-02-03,G03_2026-02-03,801,val,normal,,1025,1281,1,8cf959d08f39f06cc1bd1e9c7e9941e0b93488c626a0b08fe1040bd74c336c5d,,
1.0,G03-260203-095114-802,G03-260203-095114-802.bmp,G03,2026-02-03T09:51:14,2026-02-03,G03_2026-02-03,802,val,normal,,1025,1281,1,2f49b328ed49cec8120c0ab49d31be48187ca62b08347f9f35537c82a97377a2,,
1.0,G03-260203-095125-803,G03-260203-095125-803.bmp,G03,2026-02-03T09:51:25,2026-02-03,G03_2026-02-03,803,val,normal,,1025,1281,1,143319a06499a78c9b61fcd3def3396113f5f83c417f60d6385e2c9705b384d1,,
1.0,G03-260203-095143-804,G03-260203-095143-804.bmp,G03,2026-02-03T09:51:43,2026-02-03,G03_2026-02-03,804,val,normal,,1025,1281,1,682b107006de94d30eedef042662f6357708fc11c923c54ffcc6d5b29d0e8d97,,
1.0,G03-260203-095150-805,G03-260203-095150-805.bmp,G03,2026-02-03T09:51:50,2026-02-03,G03_2026-02-03,805,val,normal,,1025,1281,1,26e62940feac6b4853e954dac37616f7d1bdad81ee142b493ccd0892d2e3415e,,
1.0,G03-260203-095214-806,G03-260203-095214-806.bmp,G03,2026-02-03T09:52:14,2026-02-03,G03_2026-02-03,806,val,normal,,1025,1281,1,d408fa7cc10d40e8cdff12a1031ca01239c0ea58032d48893e39d68182ea887f,,
1.0,G03-260203-095230-807,G03-260203-095230-807.bmp,G03,2026-02-03T09:52:30,2026-02-03,G03_2026-02-03,807,val,normal,,1025,1281,1,ca959f2990bb9b33164999b21909827e9860e20d85f9b367667de50386b83e06,,
1.0,G03-260203-095243-808,G03-260203-095243-808.bmp,G03,2026-02-03T09:52:43,2026-02-03,G03_2026-02-03,808,val,normal,,1025,1281,1,d5f5bc46de06fd10276af3af81704f529d5265f414cd9963e78cb1dec0849747,,
1.0,G03-260203-095255-809,G03-260203-095255-809.bmp,G03,2026-02-03T09:52:55,2026-02-03,G03_2026-02-03,809,val,normal,,1025,1281,1,23a30bd6874c34eb2c57da12b3a90498b1f61c7877c1b7056b8fe4d11576b6f3,,
1.0,G03-260203-095315-810,G03-260203-095315-810.bmp,G03,2026-02-03T09:53:15,2026-02-03,G03_2026-02-03,810,val,normal,,1025,1281,1,98875d2af436b2a06ed29fc1e57d4dcd91e10fec6fbb23d72caa5a2bb823b062,,
1.0,G03-260203-095326-811,G03-260203-095326-811.bmp,G03,2026-02-03T09:53:26,2026-02-03,G03_2026-02-03,811,val,normal,,1025,1281,1,738bbcd3d5d0e9524e18032334dc6a748807bca53382f9acb26f9b4e2a515e50,,
1.0,G03-260203-095345-812,G03-260203-095345-812.bmp,G03,2026-02-03T09:53:45,2026-02-03,G03_2026-02-03,812,val,normal,,1025,1281,1,b9c2d117cafbacc95d388ba73373f4076c92807fd7aa3261483e62e391888139,,
1.0,G03-260203-095356-813,G03-260203-095356-813.bmp,G03,2026-02-03T09:53:56,2026-02-03,G03_2026-02-03,813,val,normal,,1025,1281,1,47a86c224756a2e3a3fce2fa399eb4db9bb87f494893f72be4b52a9a25c88566,,
1.0,G03-260203-095415-814,G03-260203-095415-814.bmp,G03,2026-02-03T09:54:15,2026-02-03,G03_2026-02-03,814,val,normal,,1025,1281,1,5727a86c3b165f3c37300a6431c5ffc374c967468d2c17f6ba2eca7d092c2061,,
1.0,G03-260203-095423-815,G03-260203-095423-815.bmp,G03,2026-02-03T09:54:23,2026-02-03,G03_2026-02-03,815,val,normal,,1025,1281,1,c7bd8edc56647fdd2d36542805034202917d910e6f7249ff244eb4f0badfeddc,,
1.0,G03-260203-095650-816,G03-260203-095650-816.bmp,G03,2026-02-03T09:56:50,2026-02-03,G03_2026-02-03,816,val,normal,,1025,1281,1,df5c6340ec621265ea87b7743554544487821a3adecd65a802016e54d9e97098,,
1.0,G03-260203-095651-817,G03-260203-095651-817.bmp,G03,2026-02-03T09:56:51,2026-02-03,G03_2026-02-03,817,val,normal,,1025,1281,1,dae0655eedddb8bc5b3febae35cb722c09aad07341bbbd717564c1f6c0507b40,,
1.0,G03-260203-095657-818,G03-260203-095657-818.bmp,G03,2026-02-03T09:56:57,2026-02-03,G03_2026-02-03,818,val,normal,,1025,1281,1,ff81af17437290179fbc41ab780fe1e85a486ddc1472a4b0213336177ab745cc,,
1.0,G03-260203-095704-819,G03-260203-095704-819.bmp,G03,2026-02-03T09:57:04,2026-02-03,G03_2026-02-03,819,val,normal,,1025,1281,1,14daa1b5b9eceb769ca09307f59619c070f3e5b7c38cd28619e4c8c0f655aeed,,
1.0,G03-260203-095718-820,G03-260203-095718-820.bmp,G03,2026-02-03T09:57:18,2026-02-03,G03_2026-02-03,820,val,normal,,1025,1281,1,136a6e4ddc67709681b999f3e94f63d020264e653f3c9e61d646d9e415271daf,,
1.0,G03-260203-095727-821,G03-260203-095727-821.bmp,G03,2026-02-03T09:57:27,2026-02-03,G03_2026-02-03,821,val,normal,,1025,1281,1,7be4c07c3c16c514efc0bc6fba2f66d1b2ad8b0587100fa5f8ebc041dddbe1dd,,
1.0,G03-260203-095749-822,G03-260203-095749-822.bmp,G03,2026-02-03T09:57:49,2026-02-03,G03_2026-02-03,822,val,normal,,1025,1281,1,1e45bbf9d5fbb85e0523c3dcf31bfd5f5f8945eb2282889541a600850da877c2,,
1.0,G03-260203-095757-823,G03-260203-095757-823.bmp,G03,2026-02-03T09:57:57,2026-02-03,G03_2026-02-03,823,val,normal,,1025,1281,1,b57adc8686b79e0a7d69fd39068087f7f5a00a2998da45aead6b67e1e66dcc2c,,
1.0,G03-260203-095819-824,G03-260203-095819-824.bmp,G03,2026-02-03T09:58:19,2026-02-03,G03_2026-02-03,824,val,normal,,1025,1281,1,178fd5669cb5d38dd6afc239d2897b33e607bca1e91a7c2fe71765194a9fe74a,,
1.0,G03-260203-095826-825,G03-260203-095826-825.bmp,G03,2026-02-03T09:58:26,2026-02-03,G03_2026-02-03,825,val,normal,,1025,1281,1,66179170d31f4bbbba52237a871a17751d5dbf69c313fd17abb31bd7a3f5f702,,
1.0,G03-260203-095847-826,G03-260203-095847-826.bmp,G03,2026-02-03T09:58:47,2026-02-03,G03_2026-02-03,826,val,normal,,1025,1281,1,d76981fc8ab9166bf6d61363c092852c5f29a74a1d634bfc79ee03dea1d09a68,,
1.0,G03-260203-095856-827,G03-260203-095856-827.bmp,G03,2026-02-03T09:58:56,2026-02-03,G03_2026-02-03,827,val,normal,,1025,1281,1,f66b48792ea588b81e740c73cf18b937ce034b2380c7ef9355cb35e89ef99301,,
1.0,G03-260203-095955-828,G03-260203-095955-828.bmp,G03,2026-02-03T09:59:55,2026-02-03,G03_2026-02-03,828,val,normal,,1025,1281,1,eafd6fe6c0498742147861955a3e87365bddaf1e531486c2fa6490d0a96d7346,,
1.0,G03-260203-095957-829,G03-260203-095957-829.bmp,G03,2026-02-03T09:59:57,2026-02-03,G03_2026-02-03,829,val,normal,,1025,1281,1,75a43cdbd3f3035a0138d891ad982186389d39a545ae97237343c7276f1761f4,,
1.0,G03-260203-100003-830,G03-260203-100003-830.bmp,G03,2026-02-03T10:00:03,2026-02-03,G03_2026-02-03,830,val,normal,,1025,1281,1,2e9b552f59699fab25f39932f4fc75102927e70f40a1d3dd7271e38883b43119,,
1.0,G03-260203-100009-831,G03-260203-100009-831.bmp,G03,2026-02-03T10:00:09,2026-02-03,G03_2026-02-03,831,val,normal,,1025,1281,1,5e73079a91296d47606acffc39173b5f4bb2bacd552f27bd1942588f6c80e80d,,
1.0,G03-260203-100019-832,G03-260203-100019-832.bmp,G03,2026-02-03T10:00:19,2026-02-03,G03_2026-02-03,832,val,normal,,1025,1281,1,e3ee143f3a37318bb724b577027ac8ae8c22f7b9912f647bca5d1fa60a9a57ac,,
1.0,G03-260203-100031-833,G03-260203-100031-833.bmp,G03,2026-02-03T10:00:31,2026-02-03,G03_2026-02-03,833,val,normal,,1025,1281,1,91bc01bbe9b82b346d31f143f2145aeaf11674a6b03e664d6fa4f3cc18dc4252,,
1.0,G03-260203-100050-834,G03-260203-100050-834.bmp,G03,2026-02-03T10:00:50,2026-02-03,G03_2026-02-03,834,val,normal,,1025,1281,1,83a5c5c81593758fab2b030639cc830bb9346d0bd5a8e4185e7ed9f4b501fc25,,
1.0,G03-260203-100101-835,G03-260203-100101-835.bmp,G03,2026-02-03T10:01:01,2026-02-03,G03_2026-02-03,835,val,normal,,1025,1281,1,c464936a667cda0eda39342b31125ff7e561594ffe7abf75ff338efe271f63ca,,
1.0,G03-260203-100121-836,G03-260203-100121-836.bmp,G03,2026-02-03T10:01:21,2026-02-03,G03_2026-02-03,836,val,normal,,1025,1281,1,6bec0b254fb3874c3ff0ae341fc935f98a62cead2e278ddd8b713c7141f0650a,,
1.0,G03-260203-100129-837,G03-260203-100129-837.bmp,G03,2026-02-03T10:01:29,2026-02-03,G03_2026-02-03,837,val,normal,,1025,1281,1,6daad6f2875668748789dd13b423dfe80db5447cfe64b4b9b67c35ae4975242a,,
1.0,G03-260203-100150-838,G03-260203-100150-838.bmp,G03,2026-02-03T10:01:50,2026-02-03,G03_2026-02-03,838,val,normal,,1025,1281,1,5f0af50111eaac5e15b3c1e86fbf1c5baab3d0c9f8c9e446808eb375efb82c0f,,
1.0,G03-260203-100158-839,G03-260203-100158-839.bmp,G03,2026-02-03T10:01:58,2026-02-03,G03_2026-02-03,839,val,normal,,1025,1281,1,9981b5d457211ae421c4b22bb8d2230da336d4d4ec3487a8a69b064a12427cf8,,
1.0,G03-260203-100219-840,G03-260203-100219-840.bmp,G03,2026-02-03T10:02:19,2026-02-03,G03_2026-02-03,840,val,normal,,1025,1281,1,927ba40fa346f7fb9f4da59d607597f4ab4892902305958470cf530369b4ecf1,,
1.0,G03-260203-100229-841,G03-260203-100229-841.bmp,G03,2026-02-03T10:02:29,2026-02-03,G03_2026-02-03,841,val,normal,,1025,1281,1,27e318288410c0840cd2f3d510eb6ab38513b20e2b15ff938d58379e0ff4e30a,,
1.0,G03-260203-100252-842,G03-260203-100252-842.bmp,G03,2026-02-03T10:02:52,2026-02-03,G03_2026-02-03,842,val,normal,,1025,1281,1,d66289750072973234b5c6e9442ed091d7c27efbca7120beef71392e842f4e68,,
1.0,G03-260203-100302-843,G03-260203-100302-843.bmp,G03,2026-02-03T10:03:02,2026-02-03,G03_2026-02-03,843,val,normal,,1025,1281,1,5b5505ed0d8690c1a91778dadfc735e62f3da032dcf9a2a16cbaf0a38928928f,,
1.0,G03-260203-100321-844,G03-260203-100321-844.bmp,G03,2026-02-03T10:03:21,2026-02-03,G03_2026-02-03,844,val,normal,,1025,1281,1,a32770320bf2b3fc5bfa965d3d9e9f4ed2533422633c70ff84458c63b268eb40,,
1.0,G03-260203-100336-845,G03-260203-100336-845.bmp,G03,2026-02-03T10:03:36,2026-02-03,G03_2026-02-03,845,val,normal,,1025,1281,1,d4ecdb4d17277805418353c8deb5cc8c8ccafab361c02b5de106f55fdc4cd946,,
1.0,G03-260203-100350-846,G03-260203-100350-846.bmp,G03,2026-02-03T10:03:50,2026-02-03,G03_2026-02-03,846,val,normal,,1025,1281,1,2331248b6addcfa3fcc6fde2285219abe3f66aad703a716574b5763cb7c208d3,,
1.0,G03-260203-100400-847,G03-260203-100400-847.bmp,G03,2026-02-03T10:04:00,2026-02-03,G03_2026-02-03,847,val,normal,,1025,1281,1,0c75077580db5cebffa11e23ed969dca00ca58e78ff678a6145e7e622a9a94e8,,
1.0,G03-260203-100421-848,G03-260203-100421-848.bmp,G03,2026-02-03T10:04:21,2026-02-03,G03_2026-02-03,848,val,normal,,1025,1281,1,691d882e18f4a400c6f068293c732343c036137834d948423e946d57acc31d3f,,
1.0,G03-260203-100431-849,G03-260203-100431-849.bmp,G03,2026-02-03T10:04:31,2026-02-03,G03_2026-02-03,849,val,normal,,1025,1281,1,6978477b77ac4611010cc0631b6a521bcf4ec5061daaa884b33b8ea498b882c8,,
1.0,G03-260203-100453-850,G03-260203-100453-850.bmp,G03,2026-02-03T10:04:53,2026-02-03,G03_2026-02-03,850,val,normal,,1025,1281,1,7e69ca8567ea5ff5653be459e8dcc1ef58f691a329e950d35b753844b74f3d6b,,
1.0,G03-260203-100503-851,G03-260203-100503-851.bmp,G03,2026-02-03T10:05:03,2026-02-03,G03_2026-02-03,851,val,normal,,1025,1281,1,4872a747d034e4986963d7a9e6a31a9ee9ed7ba108ea3aeaa517d89261cff36b,,
1.0,G03-260203-100522-852,G03-260203-100522-852.bmp,G03,2026-02-03T10:05:22,2026-02-03,G03_2026-02-03,852,val,normal,,1025,1281,1,f4d116240d1315c52a26e61e044af036e0edbcea21af084fe7e361a059c66f64,,
1.0,G03-260203-100535-853,G03-260203-100535-853.bmp,G03,2026-02-03T10:05:35,2026-02-03,G03_2026-02-03,853,val,normal,,1025,1281,1,80e95624eac4b3b9b0306bbaf611ec25c0b8b3d3da56337e63e7403c111161c2,,
1.0,G03-260203-100551-854,G03-260203-100551-854.bmp,G03,2026-02-03T10:05:51,2026-02-03,G03_2026-02-03,854,val,normal,,1025,1281,1,fb1ac8bb7c99c92eaf93fb56146cc5a57263d9f4f4d8c6d92ac819d9737689fe,,
1.0,G03-260203-100600-855,G03-260203-100600-855.bmp,G03,2026-02-03T10:06:00,2026-02-03,G03_2026-02-03,855,val,normal,,1025,1281,1,7916395a2acf42baf0cb37ec92f09e064fb20b70e5ebb1dddf4cd69a31196a7e,,
1.0,G03-260203-100621-856,G03-260203-100621-856.bmp,G03,2026-02-03T10:06:21,2026-02-03,G03_2026-02-03,856,val,normal,,1025,1281,1,ad8b423ba09475c22c77e18efa3eebf9eb0db0fa99448430e7062ad3c563e8f1,,
1.0,G03-260203-100632-857,G03-260203-100632-857.bmp,G03,2026-02-03T10:06:32,2026-02-03,G03_2026-02-03,857,val,normal,,1025,1281,1,a8a3b1bba05cf5bc8a85fb9dddffb0a5071666c0a044b67828040369f9ee9502,,
1.0,G03-260203-100652-858,G03-260203-100652-858.bmp,G03,2026-02-03T10:06:52,2026-02-03,G03_2026-02-03,858,val,normal,,1025,1281,1,7cb99615ad12a1eb2f9cd7fbe0874521541f08982d02b39bc246a691d1bcffd9,,
1.0,G03-260203-100703-859,G03-260203-100703-859.bmp,G03,2026-02-03T10:07:03,2026-02-03,G03_2026-02-03,859,val,normal,,1025,1281,1,d696542f629d88e4bc66fd81683feee6cc88e6f33f612912c3c58750bee377b0,,
1.0,G03-260203-100723-860,G03-260203-100723-860.bmp,G03,2026-02-03T10:07:23,2026-02-03,G03_2026-02-03,860,val,normal,,1025,1281,1,9ff4951fdda727af60eba6170d10735a5c861c2508abd26e7498c03420ea6f29,,
1.0,G03-260203-100738-861,G03-260203-100738-861.bmp,G03,2026-02-03T10:07:38,2026-02-03,G03_2026-02-03,861,val,normal,,1025,1281,1,5901c681914e617738d559dd8d5cc88066d85f563871ec62675f11f9c72b5344,,
1.0,G03-260203-100751-862,G03-260203-100751-862.bmp,G03,2026-02-03T10:07:51,2026-02-03,G03_2026-02-03,862,val,normal,,1025,1281,1,18684c5f8b3a5953837247bf78803638fed816c8eda77b867133b5857545f6ba,,
1.0,G03-260203-100801-863,G03-260203-100801-863.bmp,G03,2026-02-03T10:08:01,2026-02-03,G03_2026-02-03,863,val,normal,,1025,1281,1,672a2d0af97648d024893b8ec377b455499830af13561406a696151414247026,,
1.0,G03-260203-100826-864,G03-260203-100826-864.bmp,G03,2026-02-03T10:08:26,2026-02-03,G03_2026-02-03,864,val,normal,,1025,1281,1,c99cb3c128f7e8b25853dfc7895f21111aa5275f8a674cc71e6056934c6d8daa,,
1.0,G03-260203-100834-865,G03-260203-100834-865.bmp,G03,2026-02-03T10:08:34,2026-02-03,G03_2026-02-03,865,val,normal,,1025,1281,1,be45867827e80cfe5220115b186ac81585c355da93694667e166fcf21dba08fa,,
1.0,G03-260203-100854-866,G03-260203-100854-866.bmp,G03,2026-02-03T10:08:54,2026-02-03,G03_2026-02-03,866,val,normal,,1025,1281,1,b7b5a1a43bebec08cbc092f1b33abc838d06ccbfababa77e2e1e2218151924b9,,
1.0,G03-260203-100907-867,G03-260203-100907-867.bmp,G03,2026-02-03T10:09:07,2026-02-03,G03_2026-02-03,867,val,normal,,1025,1281,1,e1002de650d0fabb42a9aed882dcdf32a7c14c35170a25385c24860264b34cee,,
1.0,G03-260203-100923-868,G03-260203-100923-868.bmp,G03,2026-02-03T10:09:23,2026-02-03,G03_2026-02-03,868,val,normal,,1025,1281,1,ab38eeb754f1097c9716212df12329e0e2ff6bcf273d07e12fbee4b9a4f77f32,,
1.0,G03-260203-100932-869,G03-260203-100932-869.bmp,G03,2026-02-03T10:09:32,2026-02-03,G03_2026-02-03,869,val,normal,,1025,1281,1,f7dc66609b34a87ee6c17d1731df872715e6249efedf83f217acb4c326912389,,
1.0,G03-260203-100953-870,G03-260203-100953-870.bmp,G03,2026-02-03T10:09:53,2026-02-03,G03_2026-02-03,870,val,normal,,1025,1281,1,cb26dc58b48892c1a77ab1ef8178aeff8b1e1209ed452cb1d6967b28de32a6d1,,
1.0,G03-260203-101005-871,G03-260203-101005-871.bmp,G03,2026-02-03T10:10:05,2026-02-03,G03_2026-02-03,871,val,normal,,1025,1281,1,8b77285bbfa1282c20eb6c58608f839014ad77a980208e10c139d031cad4775e,,
1.0,G03-260203-101023-872,G03-260203-101023-872.bmp,G03,2026-02-03T10:10:23,2026-02-03,G03_2026-02-03,872,val,normal,,1025,1281,1,3e0a6a7e3914eb9e99d668e48e992bae2874ba20a8bb13490f6d316321395c66,,
1.0,G03-260203-101035-873,G03-260203-101035-873.bmp,G03,2026-02-03T10:10:35,2026-02-03,G03_2026-02-03,873,val,normal,,1025,1281,1,61728a0e5d7f8486924a9b223210aeaa0af1f5ae23ac20fd12a4fb36f4032d8c,,
1.0,G03-260203-101053-874,G03-260203-101053-874.bmp,G03,2026-02-03T10:10:53,2026-02-03,G03_2026-02-03,874,val,normal,,1025,1281,1,cef76ca23403c58d3d3ec74ceeb6b279a4f6e5979b1bb6f907894f6993ead54c,,
1.0,G03-260203-101102-875,G03-260203-101102-875.bmp,G03,2026-02-03T10:11:02,2026-02-03,G03_2026-02-03,875,val,normal,,1025,1281,1,6c48cc0957032c9c1aa0b47c78290d9e9fb0ab89bbe9251c05bec2f15693d76c,,
1.0,G03-260203-101124-876,G03-260203-101124-876.bmp,G03,2026-02-03T10:11:24,2026-02-03,G03_2026-02-03,876,val,normal,,1025,1281,1,0bc7e1518d833e8bebf6fa856ac14d5faf21c7eadfaca673582ae48e792b0727,,
1.0,G03-260203-101137-877,G03-260203-101137-877.bmp,G03,2026-02-03T10:11:37,2026-02-03,G03_2026-02-03,877,val,normal,,1025,1281,1,435179b2e34eb232f793eaeacd22a6b1c5034292b69a0385755994be2a5ac048,,
1.0,G03-260203-101155-878,G03-260203-101155-878.bmp,G03,2026-02-03T10:11:55,2026-02-03,G03_2026-02-03,878,val,normal,,1025,1281,1,484d69c98165f2006de2338dda825183f2ccf1b735dad3880642905c9b9811f0,,
1.0,G03-260203-101204-879,G03-260203-101204-879.bmp,G03,2026-02-03T10:12:04,2026-02-03,G03_2026-02-03,879,val,normal,,1025,1281,1,ab0fd91fd6b5ad7596645fcbc513ec2c3a026108f6c0956b8165b253de5c7467,,
1.0,G03-260203-101226-880,G03-260203-101226-880.bmp,G03,2026-02-03T10:12:26,2026-02-03,G03_2026-02-03,880,val,normal,,1025,1281,1,1e2e98a6501feecda958a6cdbb6f099318a988e8ef1a358bab0f8aa7c0bb6d27,,
1.0,G03-260203-101237-881,G03-260203-101237-881.bmp,G03,2026-02-03T10:12:37,2026-02-03,G03_2026-02-03,881,val,normal,,1025,1281,1,d5e5f7f9459f9dea6177671fc12a6e16559059f90f2476f0ba142df88229c567,,
1.0,G03-260203-101254-882,G03-260203-101254-882.bmp,G03,2026-02-03T10:12:54,2026-02-03,G03_2026-02-03,882,val,normal,,1025,1281,1,99655bddcaed42d0d8378b5271ebb7d0e5cc582b62c1f8abe98ad55723ceb6ed,,
1.0,G03-260203-101301-883,G03-260203-101301-883.bmp,G03,2026-02-03T10:13:01,2026-02-03,G03_2026-02-03,883,val,normal,,1025,1281,1,b241cb51258008cba84cf12a825a19a52b7c1a9e7582994bbf991bcf8008d262,,
1.0,G03-260203-101326-884,G03-260203-101326-884.bmp,G03,2026-02-03T10:13:26,2026-02-03,G03_2026-02-03,884,val,normal,,1025,1281,1,4696af772127002c775b7b66745611701cef8475dcb55ada92915518524aeea6,,
1.0,G03-260203-101334-885,G03-260203-101334-885.bmp,G03,2026-02-03T10:13:34,2026-02-03,G03_2026-02-03,885,val,normal,,1025,1281,1,80e564bafda3d4800a652bfcf2398942b661f9bf29c67b94e2d10bcfb666e7c3,,
1.0,G03-260203-101400-886,G03-260203-101400-886.bmp,G03,2026-02-03T10:14:00,2026-02-03,G03_2026-02-03,886,val,normal,,1025,1281,1,b76e5cb39e3b1dd5292db5ad06f071fd89d885d5b9fe10a71f27cfedfd00451d,,
1.0,G03-260203-101414-887,G03-260203-101414-887.bmp,G03,2026-02-03T10:14:14,2026-02-03,G03_2026-02-03,887,val,normal,,1025,1281,1,b0c26bdc7edd610249ffcb1862eec9552545e1a0b9e1f5761775bf8e07339830,,
1.0,G03-260203-101531-888,G03-260203-101531-888.bmp,G03,2026-02-03T10:15:31,2026-02-03,G03_2026-02-03,888,val,normal,,1025,1281,1,a8bab4fb457f62ed0af516cfb5c98aa0a0c80f5fb629397a0781c3e0b3361a0a,,
1.0,G03-260203-101546-889,G03-260203-101546-889.bmp,G03,2026-02-03T10:15:46,2026-02-03,G03_2026-02-03,889,val,normal,,1025,1281,1,acaab0f0fbade5a7b1555b07fb69f5e7f5722acac1bb764d574f0212fef0e2e6,,
1.0,G03-260203-101559-890,G03-260203-101559-890.bmp,G03,2026-02-03T10:15:59,2026-02-03,G03_2026-02-03,890,val,normal,,1025,1281,1,f4f67ef99322e842272679788d447b4a1133330d2b98f4c0c502dc6fa523d26b,,
1.0,G03-260203-101611-891,G03-260203-101611-891.bmp,G03,2026-02-03T10:16:11,2026-02-03,G03_2026-02-03,891,val,normal,,1025,1281,1,03984b430fca9b7050eea5867016f6ecc1eb81814b7f413b1da0a99403b4b7b1,,
1.0,G03-260203-101628-892,G03-260203-101628-892.bmp,G03,2026-02-03T10:16:28,2026-02-03,G03_2026-02-03,892,val,normal,,1025,1281,1,3b9ed9e506bd4b682345b3485457dda74c7842c55f9a5999110a3afc07ed37d2,,
1.0,G03-260203-101639-893,G03-260203-101639-893.bmp,G03,2026-02-03T10:16:39,2026-02-03,G03_2026-02-03,893,val,normal,,1025,1281,1,0a09cb8b6555408d10bfb17080b0abd0f664b423c81122a8c3f0eadff5b1f278,,
1.0,G03-260203-101659-894,G03-260203-101659-894.bmp,G03,2026-02-03T10:16:59,2026-02-03,G03_2026-02-03,894,val,normal,,1025,1281,1,dcbf7b6c1eb321df6b4b192b5486c12879171dd209969c04a09a8dc1cadb9013,,
1.0,G03-260203-101719-895,G03-260203-101719-895.bmp,G03,2026-02-03T10:17:19,2026-02-03,G03_2026-02-03,895,val,normal,,1025,1281,1,c471169265cde3628204b21cb94bc8dd64a275f5ca725bdb423f954bb6c2ca42,,
1.0,G03-260203-101729-896,G03-260203-101729-896.bmp,G03,2026-02-03T10:17:29,2026-02-03,G03_2026-02-03,896,val,normal,,1025,1281,1,76f0fb33f78acb910a955d57b99f03faac0d1ff165c51e432be078889ebd0df6,,
1.0,G03-260203-101736-897,G03-260203-101736-897.bmp,G03,2026-02-03T10:17:36,2026-02-03,G03_2026-02-03,897,val,normal,,1025,1281,1,dd5d2153c64582c0d7d6defaa31566996524eec9ece13844f3051da3586f532b,,
1.0,G03-260203-101800-898,G03-260203-101800-898.bmp,G03,2026-02-03T10:18:00,2026-02-03,G03_2026-02-03,898,val,normal,,1025,1281,1,c064e37c1a4908c9d7888ff429735ee8ca15eecb259ef714e27781866a70275e,,
1.0,G03-260203-101811-899,G03-260203-101811-899.bmp,G03,2026-02-03T10:18:11,2026-02-03,G03_2026-02-03,899,val,normal,,1025,1281,1,b23a4bd4d2ddb14fe609611f1f15faf3aef5867a675b35907e1373be3a029352,,
1.0,G03-260203-101829-900,G03-260203-101829-900.bmp,G03,2026-02-03T10:18:29,2026-02-03,G03_2026-02-03,900,val,normal,,1025,1281,1,f2bcd7b7cef93660ca3a3348d127c9da71ce0280acc883daded8813887cd1382,,
1.0,G03-260203-101841-901,G03-260203-101841-901.bmp,G03,2026-02-03T10:18:41,2026-02-03,G03_2026-02-03,901,val,normal,,1025,1281,1,e73ec37e7214561b6ca775482a4661b372bd8c172cf5efade2c6a3eca0b096c7,,
1.0,G03-260203-101900-902,G03-260203-101900-902.bmp,G03,2026-02-03T10:19:00,2026-02-03,G03_2026-02-03,902,val,normal,,1025,1281,1,eb391e758f5efa45c2202cbd1088b58dd1e43b90ebf5f969ae02e6903f919b4a,,
1.0,G03-260203-101914-903,G03-260203-101914-903.bmp,G03,2026-02-03T10:19:14,2026-02-03,G03_2026-02-03,903,val,normal,,1025,1281,1,69edab360ccad5e014868777a8a6f0271858b40c4b63c23d0a0927d3ca0a9d8f,,
1.0,G03-260203-101931-904,G03-260203-101931-904.bmp,G03,2026-02-03T10:19:31,2026-02-03,G03_2026-02-03,904,val,normal,,1025,1281,1,532fec79efb321d14ce8ba5e0107be177c85281a7e9a740d67b09e219e5bb316,,
1.0,G03-260203-101944-905,G03-260203-101944-905.bmp,G03,2026-02-03T10:19:44,2026-02-03,G03_2026-02-03,905,val,normal,,1025,1281,1,14b07720b8616c3061d4569a49606de54118cb41067a14731802177a312b002f,,
1.0,G03-260203-102001-906,G03-260203-102001-906.bmp,G03,2026-02-03T10:20:01,2026-02-03,G03_2026-02-03,906,val,normal,,1025,1281,1,c18b8a9ba941c4b993e705f4f3fc575f0f281678b5740c2365e705f49ef3ec5d,,
1.0,G03-260203-102012-907,G03-260203-102012-907.bmp,G03,2026-02-03T10:20:12,2026-02-03,G03_2026-02-03,907,val,normal,,1025,1281,1,7de050d621578dba56a5f9bda878817b4b1ac15e5eaa8a3c2adb75cf47e056c9,,
1.0,G03-260203-102029-908,G03-260203-102029-908.bmp,G03,2026-02-03T10:20:29,2026-02-03,G03_2026-02-03,908,val,normal,,1025,1281,1,24d26768dcd659a5b2176b6e74edae6f863de1dd59ffe0c61f5d866e4e046b1d,,
1.0,G03-260203-102042-909,G03-260203-102042-909.bmp,G03,2026-02-03T10:20:42,2026-02-03,G03_2026-02-03,909,val,normal,,1025,1281,1,6ac14a94004fe4789aaa413a7baed68525e35e094ae3f7e3af65d6a5faf1a79d,,
1.0,G03-260203-102100-910,G03-260203-102100-910.bmp,G03,2026-02-03T10:21:00,2026-02-03,G03_2026-02-03,910,val,normal,,1025,1281,1,91204a1f6438f4962758f84d63a29b044e3dae4895ffcb36cd87ab253a260399,,
1.0,G03-260203-102110-911,G03-260203-102110-911.bmp,G03,2026-02-03T10:21:10,2026-02-03,G03_2026-02-03,911,val,normal,,1025,1281,1,02e43420d2a12dea43a45ccb30c3961987e2e9e09ef9e35882d22a9666f7919f,,
1.0,G03-260203-102131-912,G03-260203-102131-912.bmp,G03,2026-02-03T10:21:31,2026-02-03,G03_2026-02-03,912,val,normal,,1025,1281,1,6fc21a43024ff792ea2faa7f685714d63ded66b2bf7b9c366e66a0bf78e83811,,
1.0,G03-260203-102146-913,G03-260203-102146-913.bmp,G03,2026-02-03T10:21:46,2026-02-03,G03_2026-02-03,913,val,normal,,1025,1281,1,7b79f3dc99ed23a585d65cad319bd9a2a76991aaff1c78db91008823a5007e01,,
1.0,G03-260203-102200-914,G03-260203-102200-914.bmp,G03,2026-02-03T10:22:00,2026-02-03,G03_2026-02-03,914,val,normal,,1025,1281,1,76c7f27cd61906e8326807e887e2301a028b1a294148a0abcb2bfd215b09619b,,
1.0,G03-260203-102211-915,G03-260203-102211-915.bmp,G03,2026-02-03T10:22:11,2026-02-03,G03_2026-02-03,915,val,normal,,1025,1281,1,e1b2e0aa367bb4d5b4f48c9ab7635a7651fbf09f44103d79f3e414eda024b227,,
1.0,G03-260203-102231-916,G03-260203-102231-916.bmp,G03,2026-02-03T10:22:31,2026-02-03,G03_2026-02-03,916,val,normal,,1025,1281,1,9d3a9f9a7056c936c72600593a96b52526c50d3bbb94229514b62e704a0f733d,,
1.0,G03-260203-102242-917,G03-260203-102242-917.bmp,G03,2026-02-03T10:22:42,2026-02-03,G03_2026-02-03,917,val,normal,,1025,1281,1,cfff57cd6b75c5181d6dc0caa8da8e29db1820001cd937a88a82e69525addbca,,
1.0,G03-260203-102302-918,G03-260203-102302-918.bmp,G03,2026-02-03T10:23:02,2026-02-03,G03_2026-02-03,918,val,normal,,1025,1281,1,9561384c1395c6a6ac59dc7478842910e4f3427ec7c27b01d4f1fdf2e4b6f877,,
1.0,G03-260203-102316-919,G03-260203-102316-919.bmp,G03,2026-02-03T10:23:16,2026-02-03,G03_2026-02-03,919,val,normal,,1025,1281,1,8d9afdc3b833c68cea48a9b7cfc48605e3a6bca14d8e5ea9e098428d61330722,,
1.0,G03-260203-102334-920,G03-260203-102334-920.bmp,G03,2026-02-03T10:23:34,2026-02-03,G03_2026-02-03,920,val,normal,,1025,1281,1,4bc7afcfdd26dcf34e67c9f98dbf182aeedcd83611d338a3a6f6aae848a61420,,
1.0,G03-260203-102346-921,G03-260203-102346-921.bmp,G03,2026-02-03T10:23:46,2026-02-03,G03_2026-02-03,921,val,normal,,1025,1281,1,3e0358bf5e9fe9d54026b29fa502e4ba71481b6de7a04d219338f4859dea16ab,,
1.0,G03-260203-102403-922,G03-260203-102403-922.bmp,G03,2026-02-03T10:24:03,2026-02-03,G03_2026-02-03,922,val,normal,,1025,1281,1,b70ae226a010ee522da6b8820900f9f21ceecc28e2eab7b50d59811ace38cdff,,
1.0,G03-260203-102412-923,G03-260203-102412-923.bmp,G03,2026-02-03T10:24:12,2026-02-03,G03_2026-02-03,923,val,normal,,1025,1281,1,529ec013208ee3391f0e7ff3c5dab796b00e4d8bf94388438374fce2aa6831db,,
1.0,G03-260203-102435-924,G03-260203-102435-924.bmp,G03,2026-02-03T10:24:35,2026-02-03,G03_2026-02-03,924,val,normal,,1025,1281,1,575544f98625dc66eaec4911b0ba949cdeafa5502cd6992f56e41c86f43ee549,,
1.0,G03-260203-102445-925,G03-260203-102445-925.bmp,G03,2026-02-03T10:24:45,2026-02-03,G03_2026-02-03,925,val,normal,,1025,1281,1,11b59181595e6ba870dd26f3ffe8a051dbb8813cf540946ae112fe0bc24b4bc6,,
1.0,G03-260203-102504-926,G03-260203-102504-926.bmp,G03,2026-02-03T10:25:04,2026-02-03,G03_2026-02-03,926,val,normal,,1025,1281,1,1a4796d9fc3c8bab504defcd2edf637ae3099e47d3e9f65db052f9dd0a22db2a,,
1.0,G03-260203-102518-927,G03-260203-102518-927.bmp,G03,2026-02-03T10:25:18,2026-02-03,G03_2026-02-03,927,val,normal,,1025,1281,1,145393fbe211bd72ce4777b5c0935efafb89fa1a7bf0add5d8e53f32c02bd620,,
1.0,G03-260203-102532-928,G03-260203-102532-928.bmp,G03,2026-02-03T10:25:32,2026-02-03,G03_2026-02-03,928,val,normal,,1025,1281,1,07e03f35a22835c13cca4e82f9275525573a5348d2533dd197e7c9b9337ac945,,
1.0,G03-260203-102603-929,G03-260203-102603-929.bmp,G03,2026-02-03T10:26:03,2026-02-03,G03_2026-02-03,929,val,normal,,1025,1281,1,0a8e37e2b8703628041384a384b082f89cb1034c4cd49d00349d8a0a4d02dda8,,
1.0,G03-260203-102622-930,G03-260203-102622-930.bmp,G03,2026-02-03T10:26:22,2026-02-03,G03_2026-02-03,930,val,normal,,1025,1281,1,e3a42b1018891fd284b59c9e480c7449b0a828672c9c8856871ea5b0ee37a3f8,,
1.0,G03-260203-102634-931,G03-260203-102634-931.bmp,G03,2026-02-03T10:26:34,2026-02-03,G03_2026-02-03,931,val,normal,,1025,1281,1,91ac560ce9303ca6feca5e803d989cc674eef26df25f8e3cb8f2705c22a3e3d7,,
1.0,G03-260203-102647-932,G03-260203-102647-932.bmp,G03,2026-02-03T10:26:47,2026-02-03,G03_2026-02-03,932,val,normal,,1025,1281,1,90b5601cfdb99bc09c0acf2583f764fc1d64ab579105893d663e097f5c5582de,,
1.0,G03-260203-102704-933,G03-260203-102704-933.bmp,G03,2026-02-03T10:27:04,2026-02-03,G03_2026-02-03,933,val,normal,,1025,1281,1,706caa79eff1b6cd012b150aca400f33732557dd7e0e5835ac2dc023a01ac0db,,
1.0,G03-260203-102712-934,G03-260203-102712-934.bmp,G03,2026-02-03T10:27:12,2026-02-03,G03_2026-02-03,934,val,normal,,1025,1281,1,7fab7beebf689ef564eb015b6926a4ab7e6aad0282ef46254fce97442f7b39df,,
1.0,G03-260203-102734-935,G03-260203-102734-935.bmp,G03,2026-02-03T10:27:34,2026-02-03,G03_2026-02-03,935,val,normal,,1025,1281,1,c2dcff96aeefb6a22c9777357d6fb6dc6cee967e7e2edca542ffbc25e0307335,,
1.0,G03-260203-102743-936,G03-260203-102743-936.bmp,G03,2026-02-03T10:27:43,2026-02-03,G03_2026-02-03,936,val,normal,,1025,1281,1,21382c6bf8b716d13838421ae3a6a8c3f0826fc3eff752119c833c5713073cbc,,
1.0,G03-260203-102806-937,G03-260203-102806-937.bmp,G03,2026-02-03T10:28:06,2026-02-03,G03_2026-02-03,937,val,normal,,1025,1281,1,3a604584211110f8f19a7855823b8eabf6a718cc54134a5d48e7206ad9ffb078,,
1.0,G03-260203-102818-938,G03-260203-102818-938.bmp,G03,2026-02-03T10:28:18,2026-02-03,G03_2026-02-03,938,val,normal,,1025,1281,1,789e73231095ff629f1129e70c2006bf0aceabb410fffd4353477977bcdf6cd8,,
1.0,G03-260203-102906-939,G03-260203-102906-939.bmp,G03,2026-02-03T10:29:06,2026-02-03,G03_2026-02-03,939,val,normal,,1025,1281,1,a1ccd2b79a1bbf5ee6772ae9d077e1faac263145ede71529a7becbfcfceef279,,
1.0,G03-260203-102918-940,G03-260203-102918-940.bmp,G03,2026-02-03T10:29:18,2026-02-03,G03_2026-02-03,940,val,normal,,1025,1281,1,70eb097f9ab8231f375e27d8ae6510873b2e14fe0ea6513f4c5c5c1d5b9846e3,,
1.0,G03-260203-102935-941,G03-260203-102935-941.bmp,G03,2026-02-03T10:29:35,2026-02-03,G03_2026-02-03,941,val,normal,,1025,1281,1,55d9ba9322cedb9c66312ad18c34b7e0f4753e3c3b36d7d5323bb189de84e52e,,
1.0,G03-260203-102945-942,G03-260203-102945-942.bmp,G03,2026-02-03T10:29:45,2026-02-03,G03_2026-02-03,942,val,normal,,1025,1281,1,c34d979e942e16c90d29188127289ffce6d62dad2374a8a979ce61139040467d,,
1.0,G03-260203-103005-943,G03-260203-103005-943.bmp,G03,2026-02-03T10:30:05,2026-02-03,G03_2026-02-03,943,val,normal,,1025,1281,1,d112528d395141c5e7a9c61739827316003c828482b0bbddae8458ec05e9021d,,
1.0,G03-260203-103017-944,G03-260203-103017-944.bmp,G03,2026-02-03T10:30:17,2026-02-03,G03_2026-02-03,944,val,normal,,1025,1281,1,7e22b5b7cedcc6f010add720283548ba75e16454bc9e5e414aa0116774bfd235,,
1.0,G03-260203-103036-945,G03-260203-103036-945.bmp,G03,2026-02-03T10:30:36,2026-02-03,G03_2026-02-03,945,val,normal,,1025,1281,1,af32ff81cb3f377787c01bc56692ef8381860e96f787926919e93f937849feea,,
1.0,G03-260203-103059-946,G03-260203-103059-946.bmp,G03,2026-02-03T10:30:59,2026-02-03,G03_2026-02-03,946,val,normal,,1025,1281,1,c758dad910f0beafec6db4d4b2483ee5ae0dd527b6237d1fe075a340c22b65c6,,
1.0,G03-260203-103106-947,G03-260203-103106-947.bmp,G03,2026-02-03T10:31:06,2026-02-03,G03_2026-02-03,947,val,normal,,1025,1281,1,19a2e6fc5f762c3ab58aafd0b447c313143e003da0eeccaa45c1649fe3e9d8aa,,
1.0,G03-260203-103117-948,G03-260203-103117-948.bmp,G03,2026-02-03T10:31:17,2026-02-03,G03_2026-02-03,948,val,normal,,1025,1281,1,f740b28f027e06b6df4e2204fa48e95fca0a03d56f4c3c2f15018bc9c7aec483,,
1.0,G03-260203-103135-949,G03-260203-103135-949.bmp,G03,2026-02-03T10:31:35,2026-02-03,G03_2026-02-03,949,val,normal,,1025,1281,1,c88fae330f4684e747a755b2d8fb8d64c24d505940c2824b3e0c1a457c525a9e,,
1.0,G03-260203-103146-950,G03-260203-103146-950.bmp,G03,2026-02-03T10:31:46,2026-02-03,G03_2026-02-03,950,val,normal,,1025,1281,1,96ad25794ae7b07fbc5562f0c984ad0be03cab9ce6f40598a14fd2081d7ab42f,,
1.0,G03-260203-103206-951,G03-260203-103206-951.bmp,G03,2026-02-03T10:32:06,2026-02-03,G03_2026-02-03,951,val,normal,,1025,1281,1,2b02e8baa575e6123e7a3d4f8761b3cd82308aaf61b1287336f733805dd2d2ce,,
1.0,G03-260203-103219-952,G03-260203-103219-952.bmp,G03,2026-02-03T10:32:19,2026-02-03,G03_2026-02-03,952,val,normal,,1025,1281,1,4bd12709e646ab4473d4795439236599a1b3b99add9748f094a3be4de3a21310,,
1.0,G03-260203-103236-953,G03-260203-103236-953.bmp,G03,2026-02-03T10:32:36,2026-02-03,G03_2026-02-03,953,val,normal,,1025,1281,1,5c7c7b7c890715258ef2238a4173386842cce0c185b0cf1aa16555b9cdfa537c,,
1.0,G03-260203-103250-954,G03-260203-103250-954.bmp,G03,2026-02-03T10:32:50,2026-02-03,G03_2026-02-03,954,val,normal,,1025,1281,1,ebff9178fa517414addb1532f0e2862710f128222b6e0a2e829843fa6c0782c4,,
1.0,G03-260203-103308-955,G03-260203-103308-955.bmp,G03,2026-02-03T10:33:08,2026-02-03,G03_2026-02-03,955,val,normal,,1025,1281,1,3c3c8b747e7d24d07a746ea303041b3129b569358b6ead065acedbd1d34ad7e3,,
1.0,G03-260203-103316-956,G03-260203-103316-956.bmp,G03,2026-02-03T10:33:16,2026-02-03,G03_2026-02-03,956,val,normal,,1025,1281,1,ef9007fee121a615d39cbce44ca204644594eca6cbf5280a694622fbbe98926d,,
1.0,G03-260203-103339-957,G03-260203-103339-957.bmp,G03,2026-02-03T10:33:39,2026-02-03,G03_2026-02-03,957,val,normal,,1025,1281,1,1f023fdd3d291a8eb2ddf7342526ff3ee0b9d95e18032a3f0bb0bb32c22afa0a,,
1.0,G03-260203-103348-958,G03-260203-103348-958.bmp,G03,2026-02-03T10:33:48,2026-02-03,G03_2026-02-03,958,val,normal,,1025,1281,1,4c1e489d52f5b32ea96414d25d9c84504d2f3703b96dcfda6783a82f96c0fc4a,,
1.0,G03-260203-103410-959,G03-260203-103410-959.bmp,G03,2026-02-03T10:34:10,2026-02-03,G03_2026-02-03,959,val,normal,,1025,1281,1,f57cfa760207a3b0a575bf60bfa308564ac0352b66ce0d2fe4f72f0373b3c93d,,
1.0,G03-260203-103453-960,G03-260203-103453-960.bmp,G03,2026-02-03T10:34:53,2026-02-03,G03_2026-02-03,960,val,normal,,1025,1281,1,d96f144b65003ebd4872a2b379df56697048a54aaf38022e5ff3872df99e487b,,
1.0,G03-260203-104036-961,G03-260203-104036-961.bmp,G03,2026-02-03T10:40:36,2026-02-03,G03_2026-02-03,961,val,normal,,1025,1281,1,1eac7065b0e2bf6187e001eb0edf86282d8ae828d902e71caf84e011466449cb,,
1.0,G03-260203-104221-962,G03-260203-104221-962.bmp,G03,2026-02-03T10:42:21,2026-02-03,G03_2026-02-03,962,val,normal,,1025,1281,1,6f51dd4c82dc2c086d65cf22ca0d06c25fa9b8cf899098d10024bec22765b86e,,
1.0,G03-260203-104936-963,G03-260203-104936-963.bmp,G03,2026-02-03T10:49:36,2026-02-03,G03_2026-02-03,963,val,normal,,1025,1281,1,57d6a581dd0e8330abd8180d616504e33007f4a605def5337b4fd421b6b5044b,,
1.0,G03-260203-111844-964,G03-260203-111844-964.bmp,G03,2026-02-03T11:18:44,2026-02-03,G03_2026-02-03,964,val,normal,,1025,1281,1,fead089bc07f27bff3d927a22fb70838e747603a90163886fc3b7a13eef30ab5,,
1.0,G03-260203-122310-965,G03-260203-122310-965.bmp,G03,2026-02-03T12:23:10,2026-02-03,G03_2026-02-03,965,val,normal,,1025,1281,1,0642c4ca6e39d4cdf8132edca3ec626022092f0630ece5d34495b388a1feefc7,,
1.0,G03-260203-122318-966,G03-260203-122318-966.bmp,G03,2026-02-03T12:23:18,2026-02-03,G03_2026-02-03,966,val,normal,,1025,1281,1,725170b8478588f08bda516cabf6252fda23c6af3a61d773402c037744334fce,,
1.0,G03-260203-122336-967,G03-260203-122336-967.bmp,G03,2026-02-03T12:23:36,2026-02-03,G03_2026-02-03,967,val,normal,,1025,1281,1,4a99cacc17425b09f17beecd9e6f0ac3a08668a3220eb7e4ca66ab360cee97f9,,
1.0,G03-260203-122344-968,G03-260203-122344-968.bmp,G03,2026-02-03T12:23:44,2026-02-03,G03_2026-02-03,968,val,normal,,1025,1281,1,511295c05d1bd9e0d54c49e6c1bf5a1dfc9946274cbe65a1ccff12a4f94f8d2d,,
1.0,G03-260203-122350-969,G03-260203-122350-969.bmp,G03,2026-02-03T12:23:50,2026-02-03,G03_2026-02-03,969,val,normal,,1025,1281,1,26331b07d596478daf7ba56b3191c865493df5a784e83106f42e766d30d19e8d,,
1.0,G03-260203-122409-970,G03-260203-122409-970.bmp,G03,2026-02-03T12:24:09,2026-02-03,G03_2026-02-03,970,val,normal,,1025,1281,1,f401613fe6d6387694b78a08fbdd26ca7608143255c63eebbb541aba0a35e876,,
1.0,G03-260203-122433-971,G03-260203-122433-971.bmp,G03,2026-02-03T12:24:33,2026-02-03,G03_2026-02-03,971,val,normal,,1025,1281,1,a2b6725b0138b1549fd11c97708908b727e2b984dbe17aa82a32f3df18dca27d,,
1.0,G03-260203-122441-972,G03-260203-122441-972.bmp,G03,2026-02-03T12:24:41,2026-02-03,G03_2026-02-03,972,val,normal,,1025,1281,1,660bc336023d21ec477e360ad9ed4ede6f2814fa3c8bf926f18479e77bf24d58,,
1.0,G03-260203-122507-973,G03-260203-122507-973.bmp,G03,2026-02-03T12:25:07,2026-02-03,G03_2026-02-03,973,val,normal,,1025,1281,1,8970c3d80ef5ceef65a269f0ce0403599a79ce06d0c91510095d77139f087548,,
1.0,G03-260203-122516-974,G03-260203-122516-974.bmp,G03,2026-02-03T12:25:16,2026-02-03,G03_2026-02-03,974,val,normal,,1025,1281,1,91f2d21d82f994f47414f2ddb18bf46508b3a12318b3b7691db992418174be39,,
1.0,G03-260203-122538-975,G03-260203-122538-975.bmp,G03,2026-02-03T12:25:38,2026-02-03,G03_2026-02-03,975,val,normal,,1025,1281,1,c91481bd8cafa610281d280425c2a463ddbdd29ec59de3f2cc1857cb11ccee82,,
1.0,G03-260203-122545-976,G03-260203-122545-976.bmp,G03,2026-02-03T12:25:45,2026-02-03,G03_2026-02-03,976,val,normal,,1025,1281,1,38de8ba705f371f3c947428a25b21128257b2e566dfd09f264a4bf65296b1941,,
1.0,G03-260203-122609-977,G03-260203-122609-977.bmp,G03,2026-02-03T12:26:09,2026-02-03,G03_2026-02-03,977,val,normal,,1025,1281,1,3faa65d37bac350c87713bc36f3af68bfd00cf92c78c541996c1083a02059a20,,
1.0,G03-260203-122617-978,G03-260203-122617-978.bmp,G03,2026-02-03T12:26:17,2026-02-03,G03_2026-02-03,978,val,normal,,1025,1281,1,1b5da0aa909686b8a93cbe19debdee497644dc264f38676f405db91b0b9f0847,,
1.0,G03-260203-122641-979,G03-260203-122641-979.bmp,G03,2026-02-03T12:26:41,2026-02-03,G03_2026-02-03,979,val,normal,,1025,1281,1,830e486c3d03d99271b568e04e56e8fc67a202f00ca7dda8b54100c2300110fa,,
1.0,G03-260203-122649-980,G03-260203-122649-980.bmp,G03,2026-02-03T12:26:49,2026-02-03,G03_2026-02-03,980,val,normal,,1025,1281,1,673f55c0f607d73754e39da8c3d2d579f50576b80b2a8af6fa1cc74d6db3eb7b,,
1.0,G03-260203-122710-981,G03-260203-122710-981.bmp,G03,2026-02-03T12:27:10,2026-02-03,G03_2026-02-03,981,val,normal,,1025,1281,1,4df053d8654d8cdb01c89cf5fd8f96073abe9f0a01b9d4629749c0bb64f1dc67,,
1.0,G03-260203-122718-982,G03-260203-122718-982.bmp,G03,2026-02-03T12:27:18,2026-02-03,G03_2026-02-03,982,val,normal,,1025,1281,1,26cbfc22fd0b108234776e8737c02e6132bd57d0b0054f65886552ab6c5d2b97,,
1.0,G03-260203-122739-983,G03-260203-122739-983.bmp,G03,2026-02-03T12:27:39,2026-02-03,G03_2026-02-03,983,val,normal,,1025,1281,1,872b4bd4486fb999352f37ff9838b776df65ba25e3ebbc5931c51537fe6c586d,,
1.0,G03-260203-122746-984,G03-260203-122746-984.bmp,G03,2026-02-03T12:27:46,2026-02-03,G03_2026-02-03,984,val,normal,,1025,1281,1,7a4e232bba7b2a394f0e2eee0ab3e0acc624b1db3a593386067c28f1d8ae020c,,
1.0,G03-260203-122810-985,G03-260203-122810-985.bmp,G03,2026-02-03T12:28:10,2026-02-03,G03_2026-02-03,985,val,normal,,1025,1281,1,f8be492488e244bbf2297b8a45a9261b01b13cffb1e369c80fdef7be93bb360c,,
1.0,G03-260203-122819-986,G03-260203-122819-986.bmp,G03,2026-02-03T12:28:19,2026-02-03,G03_2026-02-03,986,val,normal,,1025,1281,1,de7f9c6961e8226d9c112d5a2ae09c224dfa3bdcfc1fe9c8eadb1fb0b1ee6862,,
1.0,G03-260203-122839-987,G03-260203-122839-987.bmp,G03,2026-02-03T12:28:39,2026-02-03,G03_2026-02-03,987,val,normal,,1025,1281,1,93f5393902682f4ee22b99f0eeaaa782ae13573c484ea56894d23230890508ec,,
1.0,G03-260203-122848-988,G03-260203-122848-988.bmp,G03,2026-02-03T12:28:48,2026-02-03,G03_2026-02-03,988,val,normal,,1025,1281,1,6b32211c5851e2cffb1808504465f22024cd488ccf6e7568e1c136f6a590ad6a,,
1.0,G03-260203-122910-989,G03-260203-122910-989.bmp,G03,2026-02-03T12:29:10,2026-02-03,G03_2026-02-03,989,val,normal,,1025,1281,1,c25a563b399d407b10daca2edcfeb796414a7ddb4bfa92a5fa2ff6ae0acdc8d3,,
1.0,G03-260203-122918-990,G03-260203-122918-990.bmp,G03,2026-02-03T12:29:18,2026-02-03,G03_2026-02-03,990,val,normal,,1025,1281,1,69e57a6e24feb40eb342f6d316a36f81945ab4804eb056133bb3ebf01faf283a,,
1.0,G03-260203-122940-991,G03-260203-122940-991.bmp,G03,2026-02-03T12:29:40,2026-02-03,G03_2026-02-03,991,val,normal,,1025,1281,1,b82b876260ba79e93abfd63c765d0554e44e0ce75de9e3983b5a8307060eae8d,,
1.0,G03-260203-122948-992,G03-260203-122948-992.bmp,G03,2026-02-03T12:29:48,2026-02-03,G03_2026-02-03,992,val,normal,,1025,1281,1,726711790029c7c381fa240a142402c48ce5970fb577f8107ec7edcb7b564b5e,,
1.0,G03-260203-123009-993,G03-260203-123009-993.bmp,G03,2026-02-03T12:30:09,2026-02-03,G03_2026-02-03,993,val,normal,,1025,1281,1,f12c34fbe03b6cb256093a4281562141d178e052f2cf89eb9dc30b93934f790a,,
1.0,G03-260203-123040-994,G03-260203-123040-994.bmp,G03,2026-02-03T12:30:40,2026-02-03,G03_2026-02-03,994,val,normal,,1025,1281,1,62d2e643ab8818851ad2a717e306e50b2db0e1e26d9b60e0ad0c4e5d61d35db1,,
1.0,G03-260203-123051-995,G03-260203-123051-995.bmp,G03,2026-02-03T12:30:51,2026-02-03,G03_2026-02-03,995,val,normal,,1025,1281,1,1aec4157362e748bc946657119cadedaf60154f31b7256b6c25fdd5a89c82fd8,,
1.0,G03-260203-123108-996,G03-260203-123108-996.bmp,G03,2026-02-03T12:31:08,2026-02-03,G03_2026-02-03,996,val,normal,,1025,1281,1,bd2c7fb1fdee78c423b6db3df7a94bcd104b1395ba83096f229eb0f91c76e21d,,
1.0,G03-260203-123116-997,G03-260203-123116-997.bmp,G03,2026-02-03T12:31:16,2026-02-03,G03_2026-02-03,997,val,normal,,1025,1281,1,ca87ab84784e0b72cbde07696906c57c78f41629982eb493f8090723b7a3efad,,
1.0,G03-260203-123139-998,G03-260203-123139-998.bmp,G03,2026-02-03T12:31:39,2026-02-03,G03_2026-02-03,998,val,normal,,1025,1281,1,0476eff6c2072c8cd1b8e166f01101a7bf597cb0c4e89cfec41d54bde72d9f7a,,
1.0,G03-260203-123148-999,G03-260203-123148-999.bmp,G03,2026-02-03T12:31:48,2026-02-03,G03_2026-02-03,999,val,normal,,1025,1281,1,9ad0ca144320e00e9d8d788883040cfcd23247f8127b7094181d23b6ab2245f1,,
1.0,G03-260203-123208-000,G03-260203-123208-000.bmp,G03,2026-02-03T12:32:08,2026-02-03,G03_2026-02-03,0,val,normal,,1025,1281,1,75e841c468c8092642bcf5bc96c02c991fd18ffa874e0b55be4f780b63299e90,,
1.0,G03-260203-123216-001,G03-260203-123216-001.bmp,G03,2026-02-03T12:32:16,2026-02-03,G03_2026-02-03,1,val,normal,,1025,1281,1,d923dc2c9f53799381431fcdedc75ecc3fbbf4905f9e1aebdf51480de87a7263,,
1.0,G03-260203-123240-002,G03-260203-123240-002.bmp,G03,2026-02-03T12:32:40,2026-02-03,G03_2026-02-03,2,val,normal,,1025,1281,1,1d187d00703fdae077386bc65493b2b9180b7542568662bc0523c97211672015,,
1.0,G03-260203-123250-003,G03-260203-123250-003.bmp,G03,2026-02-03T12:32:50,2026-02-03,G03_2026-02-03,3,val,normal,,1025,1281,1,a72a91ff5cfef49a8b7f3e1e5e76ccf67099cccfebf2fbfc66559e26b9004281,,
1.0,G03-260203-123310-004,G03-260203-123310-004.bmp,G03,2026-02-03T12:33:10,2026-02-03,G03_2026-02-03,4,val,normal,,1025,1281,1,5e3676608a796af0ba9023f23c57aabcf079cd103930779becaa739481a47e09,,
1.0,G03-260203-123318-005,G03-260203-123318-005.bmp,G03,2026-02-03T12:33:18,2026-02-03,G03_2026-02-03,5,val,normal,,1025,1281,1,01c2f81ed88b750586d05c210e4ef265ccd2edd05f34890b7c436c5a72ee4ad3,,
1.0,G03-260203-123341-006,G03-260203-123341-006.bmp,G03,2026-02-03T12:33:41,2026-02-03,G03_2026-02-03,6,val,normal,,1025,1281,1,061ee9943c2698122c1ec8febf1d117977013326fdf5e296d41d5b61c719315f,,
1.0,G03-260203-123349-007,G03-260203-123349-007.bmp,G03,2026-02-03T12:33:49,2026-02-03,G03_2026-02-03,7,val,normal,,1025,1281,1,c1696b930601c65320f3f1aa65aba85318df20b8badce4a303a09eb1ac81924c,,
1.0,G03-260203-123410-008,G03-260203-123410-008.bmp,G03,2026-02-03T12:34:10,2026-02-03,G03_2026-02-03,8,val,normal,,1025,1281,1,8fdf55efcbeeadff5000e2b98c0f2446591808a844afe972a166ed3980fcec9a,,
1.0,G03-260203-123422-009,G03-260203-123422-009.bmp,G03,2026-02-03T12:34:22,2026-02-03,G03_2026-02-03,9,val,normal,,1025,1281,1,2fb6410e110e22e522c5aa9e5e72509b8099975b9661830bef513316147a752c,,
1.0,G03-260203-123438-010,G03-260203-123438-010.bmp,G03,2026-02-03T12:34:38,2026-02-03,G03_2026-02-03,10,val,normal,,1025,1281,1,02da0ebaccd41084862fd247a21c831c2a4569482d386a8c70bdc6c3b1923658,,
1.0,G03-260203-123446-011,G03-260203-123446-011.bmp,G03,2026-02-03T12:34:46,2026-02-03,G03_2026-02-03,11,val,normal,,1025,1281,1,51f4f308b88c5b6f2f5d67d1dd29d2ae4648bb680d3049a7ddafa445033d2dc9,,
1.0,G03-260203-123509-012,G03-260203-123509-012.bmp,G03,2026-02-03T12:35:09,2026-02-03,G03_2026-02-03,12,val,normal,,1025,1281,1,02fdb6324443a5c6b3998a1219b78f2c317b181ecca5ef3a1b4841a6cb73fc30,,
1.0,G03-260203-123517-013,G03-260203-123517-013.bmp,G03,2026-02-03T12:35:17,2026-02-03,G03_2026-02-03,13,val,normal,,1025,1281,1,d3fe1510060cc4621dc94aecb3b80849b74f34f798acc083620c2762afa78c61,,
1.0,G03-260203-123539-014,G03-260203-123539-014.bmp,G03,2026-02-03T12:35:39,2026-02-03,G03_2026-02-03,14,val,normal,,1025,1281,1,19fdcef1b44d9d1883068f32f4a2d3006dcd9cebf5ec7768c0d01a96d620082e,,
1.0,G03-260203-123546-015,G03-260203-123546-015.bmp,G03,2026-02-03T12:35:46,2026-02-03,G03_2026-02-03,15,val,normal,,1025,1281,1,b54fcc58ad5f91ef74d0354254a80554cabff6db87c2dca3a214b85aedcbdf19,,
1.0,G03-260203-123609-016,G03-260203-123609-016.bmp,G03,2026-02-03T12:36:09,2026-02-03,G03_2026-02-03,16,val,normal,,1025,1281,1,0d1c3651d17b6f1d1a608b2f3442e6eca8e9a9e40568c85c00886823180f1f85,,
1.0,G03-260203-123616-017,G03-260203-123616-017.bmp,G03,2026-02-03T12:36:16,2026-02-03,G03_2026-02-03,17,val,normal,,1025,1281,1,708706b4ffd9abf2c694c64fcbc13d38354c29fe9eddd16ce3a6a64467da9c2f,,
1.0,G03-260203-123638-018,G03-260203-123638-018.bmp,G03,2026-02-03T12:36:38,2026-02-03,G03_2026-02-03,18,val,normal,,1025,1281,1,0d8de8837723b316cfbf78e39e0231cb80ffd0321162341500b4ecc5d91e2c3b,,
1.0,G03-260203-123648-019,G03-260203-123648-019.bmp,G03,2026-02-03T12:36:48,2026-02-03,G03_2026-02-03,19,val,normal,,1025,1281,1,5a2219b5e411057aa1b1194f3bf5ca0956afe7e877d1f7e5068305457e9bf98f,,
1.0,G03-260203-123710-020,G03-260203-123710-020.bmp,G03,2026-02-03T12:37:10,2026-02-03,G03_2026-02-03,20,val,normal,,1025,1281,1,46ce85ade5ce73711effd44b7cb5756d12953279cf9108988d9d566df91d4e03,,
1.0,G03-260203-123719-021,G03-260203-123719-021.bmp,G03,2026-02-03T12:37:19,2026-02-03,G03_2026-02-03,21,val,normal,,1025,1281,1,15746432277b40a3b578ac7f2013daeaacc426733cf43005ae39925f1853f3f5,,
1.0,G03-260203-123740-022,G03-260203-123740-022.bmp,G03,2026-02-03T12:37:40,2026-02-03,G03_2026-02-03,22,val,normal,,1025,1281,1,00b9071883e61d8fe81f1371d9a58ab965fb3a213b8d39578e05dd63fb6e7703,,
1.0,G03-260203-123748-023,G03-260203-123748-023.bmp,G03,2026-02-03T12:37:48,2026-02-03,G03_2026-02-03,23,val,normal,,1025,1281,1,64a5158666002fa7dea31e698fa0d13058ba09cd9d23e0b707b7c0154c32a7f8,,
1.0,G03-260203-123811-024,G03-260203-123811-024.bmp,G03,2026-02-03T12:38:11,2026-02-03,G03_2026-02-03,24,val,normal,,1025,1281,1,9cd0a90b41426da168e382cf8720ccaeca979ca4da10ac85c11fad66ea457b3e,,
1.0,G03-260203-123819-025,G03-260203-123819-025.bmp,G03,2026-02-03T12:38:19,2026-02-03,G03_2026-02-03,25,val,normal,,1025,1281,1,e5f653809fb745b6ee72721d24c2e9c72fb8b7575de9c3d98e2e244f7df09be0,,
1.0,G03-260203-123841-026,G03-260203-123841-026.bmp,G03,2026-02-03T12:38:41,2026-02-03,G03_2026-02-03,26,val,normal,,1025,1281,1,2c3a4b49a12d4e0b9a49f19ecb134994fe4101fad6770b6f4e42f4fe2ad88a4d,,
1.0,G03-260203-123849-027,G03-260203-123849-027.bmp,G03,2026-02-03T12:38:49,2026-02-03,G03_2026-02-03,27,val,normal,,1025,1281,1,a905b02ac839be7f1c03a956bf0faed53b825c5793f81456cb612b9cf77fec30,,
1.0,G03-260203-123911-028,G03-260203-123911-028.bmp,G03,2026-02-03T12:39:11,2026-02-03,G03_2026-02-03,28,val,normal,,1025,1281,1,2bdfca84e71cdee8538af2936982e31f1fa3482eda31898ad587c831af4cafa9,,
1.0,G03-260203-123919-029,G03-260203-123919-029.bmp,G03,2026-02-03T12:39:19,2026-02-03,G03_2026-02-03,29,val,normal,,1025,1281,1,fd09119f2db3a4c7bf9afcea69054e5b485988e1fe04a49bcd4d8d291a59e4f7,,
1.0,G03-260203-123940-030,G03-260203-123940-030.bmp,G03,2026-02-03T12:39:40,2026-02-03,G03_2026-02-03,30,val,normal,,1025,1281,1,bf9d02a2b13054416fd0cfbf7a66c52ddd2b930cc5b61d3fe40869c2f1a14a73,,
1.0,G03-260203-123948-031,G03-260203-123948-031.bmp,G03,2026-02-03T12:39:48,2026-02-03,G03_2026-02-03,31,val,normal,,1025,1281,1,9db26c39eceed3a3a7f9b9342de332a058cb4facb44ffd9bab2e93febc76a794,,
1.0,G03-260203-124010-032,G03-260203-124010-032.bmp,G03,2026-02-03T12:40:10,2026-02-03,G03_2026-02-03,32,val,normal,,1025,1281,1,4f6d42a09ba8091b11786822612a1583e5ce131b3b30405a2a44bd000b8f2642,,
1.0,G03-260203-124019-033,G03-260203-124019-033.bmp,G03,2026-02-03T12:40:19,2026-02-03,G03_2026-02-03,33,val,normal,,1025,1281,1,057db90c11e8aa79d3ce7513a1357b4d973516812612800c61a71f58142030d4,,
1.0,G03-260203-124040-034,G03-260203-124040-034.bmp,G03,2026-02-03T12:40:40,2026-02-03,G03_2026-02-03,34,val,normal,,1025,1281,1,4f316a9c70d8cc1abbe732717fcb713a92d706597d3a54260075fab61f74c7ce,,
1.0,G03-260203-124050-035,G03-260203-124050-035.bmp,G03,2026-02-03T12:40:50,2026-02-03,G03_2026-02-03,35,val,normal,,1025,1281,1,edacc2acf8e0a2d9739788ee0e40d09ee698e178cc8967d3a16ff4a811a90691,,
1.0,G03-260203-124111-036,G03-260203-124111-036.bmp,G03,2026-02-03T12:41:11,2026-02-03,G03_2026-02-03,36,val,normal,,1025,1281,1,7e1c0ec2fb0edcac3cdd7d8e0616328b9b504091facb92de66a63c7c6476d398,,
1.0,G03-260203-124118-037,G03-260203-124118-037.bmp,G03,2026-02-03T12:41:18,2026-02-03,G03_2026-02-03,37,val,normal,,1025,1281,1,5afe3135c238a1dc9b9beb7c4c1813864a0e2c2360159df69401e4f770172094,,
1.0,G03-260203-124141-038,G03-260203-124141-038.bmp,G03,2026-02-03T12:41:41,2026-02-03,G03_2026-02-03,38,val,normal,,1025,1281,1,c7d4c186b20c71652ab2dc705ab423ac9e80ca4424caa0cfc9df68098086fd5b,,
1.0,G03-260203-124148-039,G03-260203-124148-039.bmp,G03,2026-02-03T12:41:48,2026-02-03,G03_2026-02-03,39,val,normal,,1025,1281,1,37c2c12fb01304379c653b1414351d529817dd38e4ad7b18bde5bcdd2531fa57,,
1.0,G03-260203-124209-040,G03-260203-124209-040.bmp,G03,2026-02-03T12:42:09,2026-02-03,G03_2026-02-03,40,val,normal,,1025,1281,1,5bcbb89d96db4c058878a641bd4179819e53c6376be9e19603a23d734dfef59c,,
1.0,G03-260203-124219-041,G03-260203-124219-041.bmp,G03,2026-02-03T12:42:19,2026-02-03,G03_2026-02-03,41,val,normal,,1025,1281,1,1cf3543bc5771edd795277e2651ba586047b978a93fbf32c514ca601f384c6eb,,
1.0,G03-260203-124241-042,G03-260203-124241-042.bmp,G03,2026-02-03T12:42:41,2026-02-03,G03_2026-02-03,42,val,normal,,1025,1281,1,1704ca3361a026509405c673571802bf35e1fc833c07f2ca08c14e0ac2eb2465,,
1.0,G03-260203-124251-043,G03-260203-124251-043.bmp,G03,2026-02-03T12:42:51,2026-02-03,G03_2026-02-03,43,val,normal,,1025,1281,1,3ddc196cf8bc41ae68d72520965e6f3ce6f6584405cfb07728739deec32a3eec,,
1.0,G03-260203-124309-044,G03-260203-124309-044.bmp,G03,2026-02-03T12:43:09,2026-02-03,G03_2026-02-03,44,val,normal,,1025,1281,1,2e43f7d7c7b488ced55369ded9fad63abf38e7ef613b290c9549191f58108116,,
1.0,G03-260203-124342-045,G03-260203-124342-045.bmp,G03,2026-02-03T12:43:42,2026-02-03,G03_2026-02-03,45,val,normal,,1025,1281,1,af263e4506aa5841f1f1785ab6872bbc88cca27cb775130f99e898c4016eaf6e,,
1.0,G03-260203-124354-046,G03-260203-124354-046.bmp,G03,2026-02-03T12:43:54,2026-02-03,G03_2026-02-03,46,val,normal,,1025,1281,1,d476079580b67a23892ae7cd7e5af71c4d00bac39eba6f5b644f62a697dcd6d4,,
1.0,G03-260203-124417-047,G03-260203-124417-047.bmp,G03,2026-02-03T12:44:17,2026-02-03,G03_2026-02-03,47,val,normal,,1025,1281,1,4e281255364f07068a1c51c68fb22aefc6c0db44a3cff2b3f6245d2a3ebd80e0,,
1.0,G03-260203-124446-048,G03-260203-124446-048.bmp,G03,2026-02-03T12:44:46,2026-02-03,G03_2026-02-03,48,val,normal,,1025,1281,1,342733994bdf1cd095c23bfe42ced101deb213de45bc4ac524bd6e3c6c31bc9c,,
1.0,G03-260203-124500-049,G03-260203-124500-049.bmp,G03,2026-02-03T12:45:00,2026-02-03,G03_2026-02-03,49,val,normal,,1025,1281,1,43b0ead6b75aeea6bb1be910c0efac401704bebced954b261e20417f3be9ff3c,,
1.0,G03-260203-124508-050,G03-260203-124508-050.bmp,G03,2026-02-03T12:45:08,2026-02-03,G03_2026-02-03,50,val,normal,,1025,1281,1,9186e57d5789c0e191eba9641b01c9ee9cc0e1fdb127f07a5db31225632abf2b,,
1.0,G03-260203-124517-051,G03-260203-124517-051.bmp,G03,2026-02-03T12:45:17,2026-02-03,G03_2026-02-03,51,val,normal,,1025,1281,1,908a3e47127e3fdc4ee55ff5f3452f670170cc7594a338db6d2788a8b2735b5f,,
1.0,G03-260203-124551-052,G03-260203-124551-052.bmp,G03,2026-02-03T12:45:51,2026-02-03,G03_2026-02-03,52,val,normal,,1025,1281,1,8fcd2a8e6953a4eed92544017bc504e58669efd622c79c37e518ea3b9234a4cc,,
1.0,G03-260203-124557-053,G03-260203-124557-053.bmp,G03,2026-02-03T12:45:57,2026-02-03,G03_2026-02-03,53,val,normal,,1025,1281,1,eebfb2ff1ac3dce4430245b7eed0b29201298f9ef14bf051f0b47f5186bd219d,,
1.0,G03-260203-124607-054,G03-260203-124607-054.bmp,G03,2026-02-03T12:46:07,2026-02-03,G03_2026-02-03,54,val,normal,,1025,1281,1,3b615268561c5974221abebc59d28b968b4fc58c226e7dfccd0c8fdefe67fc39,,
1.0,G03-260203-124641-055,G03-260203-124641-055.bmp,G03,2026-02-03T12:46:41,2026-02-03,G03_2026-02-03,55,val,normal,,1025,1281,1,e4ce387a021eaa7cd8ea6629b553e13afc36b198e7ea574ff3710a6c1cb4a17f,,
1.0,G03-260203-124648-056,G03-260203-124648-056.bmp,G03,2026-02-03T12:46:48,2026-02-03,G03_2026-02-03,56,val,normal,,1025,1281,1,b148273d1c31d9f81215dfd673a2bd3ebf47d0be761a8bcc00f954b7f02e9a0e,,
1.0,G03-260203-124710-057,G03-260203-124710-057.bmp,G03,2026-02-03T12:47:10,2026-02-03,G03_2026-02-03,57,val,normal,,1025,1281,1,f385c1eeabe0fb6adac971f7d6550af2fc778d6195559261df5af5a44b0242c4,,
1.0,G03-260203-124718-058,G03-260203-124718-058.bmp,G03,2026-02-03T12:47:18,2026-02-03,G03_2026-02-03,58,val,normal,,1025,1281,1,3bbad0a0480bfcb6c4e78fa12d4fec9735ae7cb4040a7b4dd56d620eb1978d93,,
1.0,G03-260203-124739-059,G03-260203-124739-059.bmp,G03,2026-02-03T12:47:39,2026-02-03,G03_2026-02-03,59,val,normal,,1025,1281,1,81647a1d4647b8ec125a0bf1574409d87d999b3a9f5e95fb465d90fd762c2270,,
1.0,G03-260203-124748-060,G03-260203-124748-060.bmp,G03,2026-02-03T12:47:48,2026-02-03,G03_2026-02-03,60,val,normal,,1025,1281,1,866d9b048a791d97c6bd9d0669c11a1cf0a9a052666ce8ba8b9f51cb189ba301,,
1.0,G03-260203-124811-061,G03-260203-124811-061.bmp,G03,2026-02-03T12:48:11,2026-02-03,G03_2026-02-03,61,val,normal,,1025,1281,1,bee911d6141e1bf85b03cdf6b84493edbe772d017161f51ead41934977efdbd6,,
1.0,G03-260203-124841-062,G03-260203-124841-062.bmp,G03,2026-02-03T12:48:41,2026-02-03,G03_2026-02-03,62,val,normal,,1025,1281,1,2afc4176c20b1e7750c55516643cb63805531d072975f619dd8bd6f59fd974e2,,
1.0,G03-260203-124849-063,G03-260203-124849-063.bmp,G03,2026-02-03T12:48:49,2026-02-03,G03_2026-02-03,63,val,normal,,1025,1281,1,f81270ab27f35517d3256824d10037f480a76e2719b699e9e356f5b67627e9a8,,
1.0,G03-260203-124938-064,G03-260203-124938-064.bmp,G03,2026-02-03T12:49:38,2026-02-03,G03_2026-02-03,64,val,normal,,1025,1281,1,0d675c63e3341e0f7762820965006a8454f30958fb55fdd0f8a6059e631e7bdc,,
1.0,G03-260203-124942-065,G03-260203-124942-065.bmp,G03,2026-02-03T12:49:42,2026-02-03,G03_2026-02-03,65,val,normal,,1025,1281,1,cd4555db886d1b789311d3e418622c56abf6e17d8d9f85cf79f21816454774ff,,
1.0,G03-260203-124948-066,G03-260203-124948-066.bmp,G03,2026-02-03T12:49:48,2026-02-03,G03_2026-02-03,66,val,normal,,1025,1281,1,09f386e8773dd5ede2805791219b2ad38944aaecbc5bdf175fb26801a0d78e67,,
1.0,G03-260203-124955-067,G03-260203-124955-067.bmp,G03,2026-02-03T12:49:55,2026-02-03,G03_2026-02-03,67,val,normal,,1025,1281,1,37a413dd8413cb4063e8fd982f4702ba45df15279c41e6fbeb7090b2f497592b,,
1.0,G03-260203-125041-068,G03-260203-125041-068.bmp,G03,2026-02-03T12:50:41,2026-02-03,G03_2026-02-03,68,val,normal,,1025,1281,1,6ffe85a6a18637bd62c881401ab545d06301024c9b18a92fcb1d777e9db45baf,,
1.0,G03-260203-125050-069,G03-260203-125050-069.bmp,G03,2026-02-03T12:50:50,2026-02-03,G03_2026-02-03,69,val,normal,,1025,1281,1,dee742ef52c7fc7e41a60ffd154e07cd13f8b7990f92188446e7f63e88c43ce1,,
1.0,G03-260203-125123-070,G03-260203-125123-070.bmp,G03,2026-02-03T12:51:23,2026-02-03,G03_2026-02-03,70,val,normal,,1025,1281,1,457408c0ce21cfbdd28b78cae9979d75f03f483df21c799d570e7363319526fa,,
1.0,G03-260203-125129-071,G03-260203-125129-071.bmp,G03,2026-02-03T12:51:29,2026-02-03,G03_2026-02-03,71,val,normal,,1025,1281,1,158c6600e594b976ac81c94d7fa313b9f3953328f41acd52ace59e7cffcbb709,,
1.0,G03-260203-133452-072,G03-260203-133452-072.bmp,G03,2026-02-03T13:34:52,2026-02-03,G03_2026-02-03,72,val,normal,,1025,1281,1,ea55b59c5cc2163e213e6c1d465edf503573739700a931c46af8035419f7056d,,
1.0,G03-260203-133501-073,G03-260203-133501-073.bmp,G03,2026-02-03T13:35:01,2026-02-03,G03_2026-02-03,73,val,normal,,1025,1281,1,ef65b03b42b4e671be0988f959b8acb75464cccc10bffe3c7196d07e8292b85e,,
1.0,G03-260203-133511-074,G03-260203-133511-074.bmp,G03,2026-02-03T13:35:11,2026-02-03,G03_2026-02-03,74,val,normal,,1025,1281,1,3fbf709f1eea83ac8fff542a490d43195eb6ef6a050b620abcbde19878a59c7a,,
1.0,G03-260203-133521-075,G03-260203-133521-075.bmp,G03,2026-02-03T13:35:21,2026-02-03,G03_2026-02-03,75,val,normal,,1025,1281,1,41c1d9c9fa2bcf2e0c03fe9fac0a7a7c48fe886d7cc70266dd0247459b058e67,,
1.0,G03-260203-133532-076,G03-260203-133532-076.bmp,G03,2026-02-03T13:35:32,2026-02-03,G03_2026-02-03,76,val,normal,,1025,1281,1,9b762a34ee9d1e0b30566308fda0d00800486e287dd2fa5c8708916ea682dd66,,
1.0,G03-260203-133542-077,G03-260203-133542-077.bmp,G03,2026-02-03T13:35:42,2026-02-03,G03_2026-02-03,77,val,normal,,1025,1281,1,316710db0f715c5efcf9ba9da897c352fb549733b58f76d8ddfaf072a8a8cfc5,,
1.0,G03-260203-133551-078,G03-260203-133551-078.bmp,G03,2026-02-03T13:35:51,2026-02-03,G03_2026-02-03,78,val,normal,,1025,1281,1,af5a8d22a72753e74f86502ef08f7029e7eec2de79694fbf81055ae0619cf02f,,
1.0,G03-260203-133601-079,G03-260203-133601-079.bmp,G03,2026-02-03T13:36:01,2026-02-03,G03_2026-02-03,79,val,normal,,1025,1281,1,567e8dae2bbee291d0e25376d350a1203a20430da45a5b53ec9a23b8bc376036,,
1.0,G03-260203-133607-080,G03-260203-133607-080.bmp,G03,2026-02-03T13:36:07,2026-02-03,G03_2026-02-03,80,val,normal,,1025,1281,1,05b70ae2453c2054ddc3c687535403f3523614a3203ea3feb0ca8269a4e0aca7,,
1.0,G03-260203-133651-081,G03-260203-133651-081.bmp,G03,2026-02-03T13:36:51,2026-02-03,G03_2026-02-03,81,val,normal,,1025,1281,1,1d2c05d35975b02f82916998a97bd911b1181d2541866d8d9a43dd5b1f6a5fd7,,
1.0,G03-260203-133724-082,G03-260203-133724-082.bmp,G03,2026-02-03T13:37:24,2026-02-03,G03_2026-02-03,82,val,normal,,1025,1281,1,886070a8c9c5802d9784e46bbebaa6f789578115d48bb80a21f90a54cae536b7,,
1.0,G03-260203-133734-083,G03-260203-133734-083.bmp,G03,2026-02-03T13:37:34,2026-02-03,G03_2026-02-03,83,val,normal,,1025,1281,1,0592fe4340ab702d725ecc05931420f360f1451c4d304ff052a331feee84dcf6,,
1.0,G03-260203-133755-084,G03-260203-133755-084.bmp,G03,2026-02-03T13:37:55,2026-02-03,G03_2026-02-03,84,val,normal,,1025,1281,1,c4e4a79e50673a7411c24db57282b0ba99dd6ffe03eed001fe4ffb2f459090e9,,
1.0,G03-260203-133803-085,G03-260203-133803-085.bmp,G03,2026-02-03T13:38:03,2026-02-03,G03_2026-02-03,85,val,normal,,1025,1281,1,9a2710457cc5838ed437dae6aab4fd040109181e3adf58d0ad2640653a315953,,
1.0,G03-260203-133825-086,G03-260203-133825-086.bmp,G03,2026-02-03T13:38:25,2026-02-03,G03_2026-02-03,86,val,normal,,1025,1281,1,cfc1b29a58b7dbe5edd70199f10f557819b4c44b4d12ff1168df2ec37ea23887,,
1.0,G03-260203-133835-087,G03-260203-133835-087.bmp,G03,2026-02-03T13:38:35,2026-02-03,G03_2026-02-03,87,val,normal,,1025,1281,1,ca7483630413818db4da763347ac915406bfed57696eb2390aae0538279ad401,,
1.0,G03-260203-133856-088,G03-260203-133856-088.bmp,G03,2026-02-03T13:38:56,2026-02-03,G03_2026-02-03,88,val,normal,,1025,1281,1,bb34ed4b7822a7584c999ea64c133df78c2ed3c41d99dd3e8e2025b5011ffae9,,
1.0,G03-260203-133905-089,G03-260203-133905-089.bmp,G03,2026-02-03T13:39:05,2026-02-03,G03_2026-02-03,89,val,normal,,1025,1281,1,d2fc589b93934339960f7b5f5adfce07431fa83784c6f197ae774a300c849ddd,,
1.0,G03-260203-133925-090,G03-260203-133925-090.bmp,G03,2026-02-03T13:39:25,2026-02-03,G03_2026-02-03,90,val,normal,,1025,1281,1,dca2fdec83f34c5cf13ab054c22b12d64eb396dc22ceb854b10660506d3f9093,,
1.0,G03-260203-133934-091,G03-260203-133934-091.bmp,G03,2026-02-03T13:39:34,2026-02-03,G03_2026-02-03,91,val,normal,,1025,1281,1,9af86fd41b314c942eb9c1af3883b399923a9f7a9405304755c33dc470741779,,
1.0,G03-260203-133956-092,G03-260203-133956-092.bmp,G03,2026-02-03T13:39:56,2026-02-03,G03_2026-02-03,92,val,normal,,1025,1281,1,4f61218216eda232fd7ef46f39364d3716ed5362c72aeb0e56b687509f9d80e5,,
1.0,G03-260203-134005-093,G03-260203-134005-093.bmp,G03,2026-02-03T13:40:05,2026-02-03,G03_2026-02-03,93,val,normal,,1025,1281,1,13636397f773eba35e7ed4aaa742f3f6b88e22fc0a9dc52f4b686c3ad9165c2e,,
1.0,G03-260203-134025-094,G03-260203-134025-094.bmp,G03,2026-02-03T13:40:25,2026-02-03,G03_2026-02-03,94,val,normal,,1025,1281,1,a3d69616e6ed907106886b40d2c5a0666998e07b2573bb8385052aab10e4119d,,
1.0,G03-260203-134036-095,G03-260203-134036-095.bmp,G03,2026-02-03T13:40:36,2026-02-03,G03_2026-02-03,95,val,normal,,1025,1281,1,952e46fb138ac7ea4c87330841de5fa68a5400a1e0a1620c477ffd0406d9a657,,
1.0,G03-260203-134055-096,G03-260203-134055-096.bmp,G03,2026-02-03T13:40:55,2026-02-03,G03_2026-02-03,96,val,normal,,1025,1281,1,3c3e71b38d1a8de82964b5381e0e6819a87e9eefe0d409ee233ef4e83780ad88,,
1.0,G03-260203-134108-097,G03-260203-134108-097.bmp,G03,2026-02-03T13:41:08,2026-02-03,G03_2026-02-03,97,val,normal,,1025,1281,1,12133e412b82c1d03aeb514d46d81f34783978524b64087e4e00e020450951c2,,
1.0,G03-260203-134126-098,G03-260203-134126-098.bmp,G03,2026-02-03T13:41:26,2026-02-03,G03_2026-02-03,98,val,normal,,1025,1281,1,f947ddcf0ce3cf58b7d23604063abb0df21e23d28d39597e8644757643fe271b,,
1.0,G03-260203-134134-099,G03-260203-134134-099.bmp,G03,2026-02-03T13:41:34,2026-02-03,G03_2026-02-03,99,val,normal,,1025,1281,1,6696d5103c5c5c1cddb4427a13b7d4174ea53178ebf69037a9387ae3cb7268ab,,
1.0,G03-260203-134156-100,G03-260203-134156-100.bmp,G03,2026-02-03T13:41:56,2026-02-03,G03_2026-02-03,100,val,normal,,1025,1281,1,8171b746d1c75e95b0eb25cea020802c9dde7c8275c7a8662a49fed6a89fdc61,,
1.0,G03-260203-134206-101,G03-260203-134206-101.bmp,G03,2026-02-03T13:42:06,2026-02-03,G03_2026-02-03,101,val,normal,,1025,1281,1,39a2ce50914ef00a207f17cba1071fae9f42c63409e89d3fe25f4661d6df377f,,
1.0,G03-260203-134226-102,G03-260203-134226-102.bmp,G03,2026-02-03T13:42:26,2026-02-03,G03_2026-02-03,102,val,normal,,1025,1281,1,f5a1950d07a086e44c71a4c91f634d9adea5deda984a507c2720694617f77190,,
1.0,G03-260203-134238-103,G03-260203-134238-103.bmp,G03,2026-02-03T13:42:38,2026-02-03,G03_2026-02-03,103,val,normal,,1025,1281,1,d1ca00e61070f31d0dbfafd95511167e14029cb8b64be05f338ef7930819842d,,
1.0,G03-260203-134256-104,G03-260203-134256-104.bmp,G03,2026-02-03T13:42:56,2026-02-03,G03_2026-02-03,104,val,normal,,1025,1281,1,eb8a1faa9857a4e1e70cb71bbf2cc6c1071e95ce5ccab1786ab6014dea85d5c7,,
1.0,G03-260203-134306-105,G03-260203-134306-105.bmp,G03,2026-02-03T13:43:06,2026-02-03,G03_2026-02-03,105,val,normal,,1025,1281,1,28dcf7d7be22d058c575fa92daa7737ee4bba80fb6a43ea238a0a7fc26789f58,,
1.0,G03-260203-134326-106,G03-260203-134326-106.bmp,G03,2026-02-03T13:43:26,2026-02-03,G03_2026-02-03,106,val,normal,,1025,1281,1,bf028d4d17dafe8374d2e678ca3b4a99560c693daeb1df1ec59a270e2e49cebe,,
1.0,G03-260203-134335-107,G03-260203-134335-107.bmp,G03,2026-02-03T13:43:35,2026-02-03,G03_2026-02-03,107,val,normal,,1025,1281,1,678cc8f8c0554d8f2b6f89a2d3bb9a89785aaae43c00ca6cc54a355a20677e9f,,
1.0,G03-260203-134356-108,G03-260203-134356-108.bmp,G03,2026-02-03T13:43:56,2026-02-03,G03_2026-02-03,108,val,normal,,1025,1281,1,f9501318858f6e142cb884ccd80e5457488b909260a480b216ee50c6707bb76c,,
1.0,G03-260203-134407-109,G03-260203-134407-109.bmp,G03,2026-02-03T13:44:07,2026-02-03,G03_2026-02-03,109,val,normal,,1025,1281,1,2c255bab9095b5659e5d14e062c7ee36593421c26b68ebc96b556211ac3ff647,,
1.0,G03-260203-134425-110,G03-260203-134425-110.bmp,G03,2026-02-03T13:44:25,2026-02-03,G03_2026-02-03,110,val,normal,,1025,1281,1,c58d18e06e3c7301b481cfc4550a5e6e0bf5c58e3e6f3cc14ca4eafc702e288c,,
1.0,G03-260203-134439-111,G03-260203-134439-111.bmp,G03,2026-02-03T13:44:39,2026-02-03,G03_2026-02-03,111,val,normal,,1025,1281,1,fbd732219e2898cfd238213d0298abdbe51259ebec69bdb5c9faf6dfb6c8bfe0,,
1.0,G03-260203-134457-112,G03-260203-134457-112.bmp,G03,2026-02-03T13:44:57,2026-02-03,G03_2026-02-03,112,val,normal,,1025,1281,1,5a5c6e926ad413b8afd347711489ccab5918dece9bba7b3f1413867b253b0da0,,
1.0,G03-260203-134504-113,G03-260203-134504-113.bmp,G03,2026-02-03T13:45:04,2026-02-03,G03_2026-02-03,113,val,normal,,1025,1281,1,f1ad296bbb004c7c528efef5a3c9aafd1f005731adbbfd416b8f3d2b4b750332,,
1.0,G03-260203-134528-114,G03-260203-134528-114.bmp,G03,2026-02-03T13:45:28,2026-02-03,G03_2026-02-03,114,val,normal,,1025,1281,1,9fd9acaa26e64fe4fe239417fa89ac74fbd35b72c193fa3220bce060c019506b,,
1.0,G03-260203-134538-115,G03-260203-134538-115.bmp,G03,2026-02-03T13:45:38,2026-02-03,G03_2026-02-03,115,val,normal,,1025,1281,1,5f35366e22341c2fc84cd330d9ce362d691fd3e470c1b32ac9705fb318b4e8f7,,
1.0,G03-260203-134557-116,G03-260203-134557-116.bmp,G03,2026-02-03T13:45:57,2026-02-03,G03_2026-02-03,116,val,normal,,1025,1281,1,5797e8c729f6cd4ae00cc626a735ad82773ff219bbb1a0528986b15a4abfe357,,
1.0,G03-260203-134607-117,G03-260203-134607-117.bmp,G03,2026-02-03T13:46:07,2026-02-03,G03_2026-02-03,117,val,normal,,1025,1281,1,24e725b08dcc3a91ebdb0bb2a5f6116e71a7ed8c976c7dadc6000427ac7466a0,,
1.0,G03-260203-134628-118,G03-260203-134628-118.bmp,G03,2026-02-03T13:46:28,2026-02-03,G03_2026-02-03,118,val,normal,,1025,1281,1,1765bbbc95197c46d23b850dc03404465d639d3279f98ceb3066f90055af339d,,
1.0,G03-260203-134640-119,G03-260203-134640-119.bmp,G03,2026-02-03T13:46:40,2026-02-03,G03_2026-02-03,119,val,normal,,1025,1281,1,ac65b8712e6748645b5aed1b1117f83ec4a0cad660e4c9ea92a6a83c3f546001,,
1.0,G03-260203-134657-120,G03-260203-134657-120.bmp,G03,2026-02-03T13:46:57,2026-02-03,G03_2026-02-03,120,val,normal,,1025,1281,1,3f741685dfb21f60e690f411fdb3e3905fa9ccb0b195eca3638edd245ebc9421,,
1.0,G03-260203-134707-121,G03-260203-134707-121.bmp,G03,2026-02-03T13:47:07,2026-02-03,G03_2026-02-03,121,val,normal,,1025,1281,1,7e4881937d0e44a6b8a7adef6a1b52777fd6f4851318ba16bb281eaadd58c7b8,,
1.0,G03-260203-134717-122,G03-260203-134717-122.bmp,G03,2026-02-03T13:47:17,2026-02-03,G03_2026-02-03,122,val,normal,,1025,1281,1,b47ff2c3ec8c74a6dabc696d3ac687276a465d7a1772edeadb84442441e8d748,,
1.0,G03-260203-134739-123,G03-260203-134739-123.bmp,G03,2026-02-03T13:47:39,2026-02-03,G03_2026-02-03,123,val,normal,,1025,1281,1,67a28b4a17f662a467d3446a56cb2b6986b5c5ec6fe7590d62e8057325c8b825,,
1.0,G03-260203-134748-124,G03-260203-134748-124.bmp,G03,2026-02-03T13:47:48,2026-02-03,G03_2026-02-03,124,val,normal,,1025,1281,1,49da22246a970d9179b669bcb0aeb4bdb89e08d68361464a71668be9102bab9d,,
1.0,G03-260203-134757-125,G03-260203-134757-125.bmp,G03,2026-02-03T13:47:57,2026-02-03,G03_2026-02-03,125,val,normal,,1025,1281,1,940c609c31a171a39dd307026594f9906d69a5427a65acb9590b2e5ca22fe6aa,,
1.0,G03-260203-134834-126,G03-260203-134834-126.bmp,G03,2026-02-03T13:48:34,2026-02-03,G03_2026-02-03,126,val,normal,,1025,1281,1,bb1ecf831ed88a0bb43df4749fa8a061fd75bb095693ea59f6623b68332315d8,,
1.0,G03-260203-134844-127,G03-260203-134844-127.bmp,G03,2026-02-03T13:48:44,2026-02-03,G03_2026-02-03,127,val,normal,,1025,1281,1,9c469cfb9a069706f3ff3714a7f6db9222d832b4090576a2d7f5cae551647892,,
1.0,G03-260203-134854-128,G03-260203-134854-128.bmp,G03,2026-02-03T13:48:54,2026-02-03,G03_2026-02-03,128,val,normal,,1025,1281,1,9f123602ce5e246b5bc01b48deb20ebec931dae8b61cd44d7eda9d1815e1333c,,
1.0,G03-260203-134900-129,G03-260203-134900-129.bmp,G03,2026-02-03T13:49:00,2026-02-03,G03_2026-02-03,129,val,normal,,1025,1281,1,d7aa950b8a240df0409629c39577e883d5723c772d938d0a9509eb8b2c17f2dd,,
1.0,G03-260203-134927-130,G03-260203-134927-130.bmp,G03,2026-02-03T13:49:27,2026-02-03,G03_2026-02-03,130,val,normal,,1025,1281,1,dda9e48690d197f67ea334f062f6c7ad4f4299777e368acc06619159c3f8f3d0,,
1.0,G03-260203-134938-131,G03-260203-134938-131.bmp,G03,2026-02-03T13:49:38,2026-02-03,G03_2026-02-03,131,val,normal,,1025,1281,1,80af16b4268f1676dd4c91cac747b5a195d0c85269df08f285afedddd3d55ab1,,
1.0,G03-260203-134959-132,G03-260203-134959-132.bmp,G03,2026-02-03T13:49:59,2026-02-03,G03_2026-02-03,132,val,normal,,1025,1281,1,2c9755ff4a5e9faf207abea20446517f583706a5ff26ef45277442ca8511d058,,
1.0,G03-260203-135010-133,G03-260203-135010-133.bmp,G03,2026-02-03T13:50:10,2026-02-03,G03_2026-02-03,133,val,normal,,1025,1281,1,67c1898fda0b8b62f52d225e5e8b5155a1edb2dfdd4ad73fb735687b9397d121,,
1.0,G03-260203-135028-134,G03-260203-135028-134.bmp,G03,2026-02-03T13:50:28,2026-02-03,G03_2026-02-03,134,val,normal,,1025,1281,1,94ae05280076af526860fde440295f8e348c26cad7b014d14a2157ba3e1e2969,,
1.0,G03-260203-135037-135,G03-260203-135037-135.bmp,G03,2026-02-03T13:50:37,2026-02-03,G03_2026-02-03,135,val,normal,,1025,1281,1,fe2f6f5e8813e293961b38022af223b1406f43835589fc253c217c2568a1ee18,,
1.0,G03-260203-135059-136,G03-260203-135059-136.bmp,G03,2026-02-03T13:50:59,2026-02-03,G03_2026-02-03,136,val,normal,,1025,1281,1,fc15cb2491a8ce6d20f132e029669f26503adbc6084a7eea6369d38386638d45,,
1.0,G03-260203-135108-137,G03-260203-135108-137.bmp,G03,2026-02-03T13:51:08,2026-02-03,G03_2026-02-03,137,val,normal,,1025,1281,1,d2da2d281738b173218963dcfbe59e41336a7ec5a7b95778e4af6392088029cf,,
1.0,G03-260203-135135-138,G03-260203-135135-138.bmp,G03,2026-02-03T13:51:35,2026-02-03,G03_2026-02-03,138,val,normal,,1025,1281,1,27589d7e6d587831cc236fef0e24f7a58bdad2cbab6e965ba617e7bf2ee74afb,,
1.0,G03-260203-135146-139,G03-260203-135146-139.bmp,G03,2026-02-03T13:51:46,2026-02-03,G03_2026-02-03,139,val,normal,,1025,1281,1,388f0e5e8fdd4c1bae31ba52af74eb034f7a2973c87e65a2b03026d65f28dc25,,
1.0,G03-260203-135159-140,G03-260203-135159-140.bmp,G03,2026-02-03T13:51:59,2026-02-03,G03_2026-02-03,140,val,normal,,1025,1281,1,5d821c7d75b4c5df0b6023dd8576474a97cecc15d1fc209b460a9b02cfc08228,,
1.0,G03-260203-135234-141,G03-260203-135234-141.bmp,G03,2026-02-03T13:52:34,2026-02-03,G03_2026-02-03,141,val,normal,,1025,1281,1,465b6c8eabcb548de13a1eaad92aea11f64f77ed760a365b224d5b3d0e4b2c62,,
1.0,G03-260203-135245-142,G03-260203-135245-142.bmp,G03,2026-02-03T13:52:45,2026-02-03,G03_2026-02-03,142,val,normal,,1025,1281,1,fe8e116ec5866989dc0ecec922e72ce81f4e4659c3cd0d0a889fcd5bc639693c,,
1.0,G03-260203-135251-143,G03-260203-135251-143.bmp,G03,2026-02-03T13:52:51,2026-02-03,G03_2026-02-03,143,val,normal,,1025,1281,1,3c6d9f2037ba97f8929ff186ea07b2c163dc4e7319eb8969f141cd5f55938aa8,,
1.0,G03-260203-135301-144,G03-260203-135301-144.bmp,G03,2026-02-03T13:53:01,2026-02-03,G03_2026-02-03,144,val,normal,,1025,1281,1,d8f2bf21c4df61031c1b60c27bf6138cb055a6e3cdc5d23b9b37791d373da838,,
1.0,G03-260203-135316-145,G03-260203-135316-145.bmp,G03,2026-02-03T13:53:16,2026-02-03,G03_2026-02-03,145,val,normal,,1025,1281,1,fa2bb1bdc81e7b0ec67021d0365ab63362db054e6ea74737c3559666231333b0,,
1.0,G03-260203-135326-146,G03-260203-135326-146.bmp,G03,2026-02-03T13:53:26,2026-02-03,G03_2026-02-03,146,val,normal,,1025,1281,1,bb53bd84e8a3100e2cdb2d7f85c0409bc125348ba341ffd950218b1738dd8011,,
1.0,G03-260203-135405-147,G03-260203-135405-147.bmp,G03,2026-02-03T13:54:05,2026-02-03,G03_2026-02-03,147,val,normal,,1025,1281,1,9a5a8f49a6f288666c4eb0e4edc766f409999f8f190ac0f8fce880194b0fb39e,,
1.0,G03-260203-135415-148,G03-260203-135415-148.bmp,G03,2026-02-03T13:54:15,2026-02-03,G03_2026-02-03,148,val,normal,,1025,1281,1,f7c7d297367f0b493b845e5ffd9156400d2b8e4eb62110ee45b4eb9d848c1a09,,
1.0,G03-260203-135425-149,G03-260203-135425-149.bmp,G03,2026-02-03T13:54:25,2026-02-03,G03_2026-02-03,149,val,normal,,1025,1281,1,130dd4bb7bea9b33150fa32ce2e1c8c3eb0a7fd90eeab05ff4bea434e62d32c1,,
1.0,G03-260203-135435-150,G03-260203-135435-150.bmp,G03,2026-02-03T13:54:35,2026-02-03,G03_2026-02-03,150,val,normal,,1025,1281,1,bf1d5a7a4de4cbf4ea9d26b325d93c9c4af4bc8853e36942ef551e22fad5ed65,,
1.0,G03-260203-135443-151,G03-260203-135443-151.bmp,G03,2026-02-03T13:54:43,2026-02-03,G03_2026-02-03,151,val,normal,,1025,1281,1,25e49fee200f8e5589566a596ab791da734a14bc66228c8d068cc03c0432b9ab,,
1.0,G03-260203-135450-152,G03-260203-135450-152.bmp,G03,2026-02-03T13:54:50,2026-02-03,G03_2026-02-03,152,val,normal,,1025,1281,1,7c60ec9f1d053c9449cbc366327251cd1a4f8fa64501970616885f2366b6ed7d,,
1.0,G03-260203-135605-153,G03-260203-135605-153.bmp,G03,2026-02-03T13:56:05,2026-02-03,G03_2026-02-03,153,val,normal,,1025,1281,1,6a56aa834e1f01f7e38a95505651a20e6ca35e0e18dc906c72593ba31c5cdfd6,,
1.0,G03-260203-135615-154,G03-260203-135615-154.bmp,G03,2026-02-03T13:56:15,2026-02-03,G03_2026-02-03,154,val,normal,,1025,1281,1,613bcc3d049ab9b91e48f6f66fee2c8cb9fec92ebecd68117354077033b475a2,,
1.0,G03-260203-135626-155,G03-260203-135626-155.bmp,G03,2026-02-03T13:56:26,2026-02-03,G03_2026-02-03,155,val,normal,,1025,1281,1,4a36ea74a0f38c179d54f60f20e50a8b77a03bad5d698099a6084b15fc01e814,,
1.0,G03-260203-135636-156,G03-260203-135636-156.bmp,G03,2026-02-03T13:56:36,2026-02-03,G03_2026-02-03,156,val,normal,,1025,1281,1,819a2eac8f2d24f171a0940c18fb875eaa090bde25882f5957b78aacf32147f4,,
1.0,G03-260203-135645-157,G03-260203-135645-157.bmp,G03,2026-02-03T13:56:45,2026-02-03,G03_2026-02-03,157,val,normal,,1025,1281,1,db0c0361145b4d2bf4ea3667287fb3cbe513ed5f21843426dfa615f76dc78c9d,,
1.0,G03-260203-135655-158,G03-260203-135655-158.bmp,G03,2026-02-03T13:56:55,2026-02-03,G03_2026-02-03,158,val,normal,,1025,1281,1,31c207c0c71954c27ca23c0b8b9df9d2908c439c5ba86d38afe3379129583791,,
1.0,G03-260203-135703-159,G03-260203-135703-159.bmp,G03,2026-02-03T13:57:03,2026-02-03,G03_2026-02-03,159,val,normal,,1025,1281,1,222d92eecea575cb1ec91d6f60aec86a11fe5ece677de01830c323bf7911f422,,
1.0,G03-260203-135715-160,G03-260203-135715-160.bmp,G03,2026-02-03T13:57:15,2026-02-03,G03_2026-02-03,160,val,normal,,1025,1281,1,489c5e9dbc26e483bb6e2e1360ac70ee2fc5d21f506569b0a140263b6ffce7ce,,
1.0,G03-260203-135729-161,G03-260203-135729-161.bmp,G03,2026-02-03T13:57:29,2026-02-03,G03_2026-02-03,161,val,normal,,1025,1281,1,fbc00f60a18544f300bdb638dfd208a3b513c93c21c7b08204d92b31a5059f35,,
1.0,G03-260203-135737-162,G03-260203-135737-162.bmp,G03,2026-02-03T13:57:37,2026-02-03,G03_2026-02-03,162,val,normal,,1025,1281,1,1637d9ef912b0ca521cd012ded8ec8e92f7a6d432df30a8040e258902b65893b,,
1.0,G03-260203-135759-163,G03-260203-135759-163.bmp,G03,2026-02-03T13:57:59,2026-02-03,G03_2026-02-03,163,val,normal,,1025,1281,1,61e17eb137f949ac65e148d19eab581b0e79f99869cae735c2853849437b27d7,,
1.0,G03-260203-135809-164,G03-260203-135809-164.bmp,G03,2026-02-03T13:58:09,2026-02-03,G03_2026-02-03,164,val,normal,,1025,1281,1,c3f69a6201c1daa4dec0847cf4cc16248a77419811df0c369559519e2baaa611,,
1.0,G03-260203-135829-165,G03-260203-135829-165.bmp,G03,2026-02-03T13:58:29,2026-02-03,G03_2026-02-03,165,val,normal,,1025,1281,1,1b50853587dd143afd13e0d63a2bbea8dfdf4df30af5927905068f27b5efaac4,,
1.0,G03-260203-135841-166,G03-260203-135841-166.bmp,G03,2026-02-03T13:58:41,2026-02-03,G03_2026-02-03,166,val,normal,,1025,1281,1,f4c1cc529b5c16e86532287fa69da36b9c8b7d20a3f7671bb75ec5dc78dc768c,,
1.0,G03-260203-135900-167,G03-260203-135900-167.bmp,G03,2026-02-03T13:59:00,2026-02-03,G03_2026-02-03,167,val,normal,,1025,1281,1,17b6ebe26727153077e52de7f96c4374a3be9b957cf9427bc9b34140d1abfc33,,
1.0,G03-260203-135912-168,G03-260203-135912-168.bmp,G03,2026-02-03T13:59:12,2026-02-03,G03_2026-02-03,168,val,normal,,1025,1281,1,34c4675ca86a87ceaaafc57134d955d5c0eb291fff20f3dd2224a0a05a81b7e3,,
1.0,G03-260203-135933-169,G03-260203-135933-169.bmp,G03,2026-02-03T13:59:33,2026-02-03,G03_2026-02-03,169,val,normal,,1025,1281,1,03f51115b121c9cbd6125bab7bc7fa7564e11a23707fb404129991ec1e3a03cd,,
1.0,G03-260203-135945-170,G03-260203-135945-170.bmp,G03,2026-02-03T13:59:45,2026-02-03,G03_2026-02-03,170,val,normal,,1025,1281,1,82090deda5b85eee8766a83659dfae290fe7448a40ed1713778cc210e5ea075d,,
1.0,G03-260203-140001-171,G03-260203-140001-171.bmp,G03,2026-02-03T14:00:01,2026-02-03,G03_2026-02-03,171,val,normal,,1025,1281,1,64cee8c43a50ddf964cc4ac47a97502933bb5d09a1c2cd6fc067303f5f971b2a,,
1.0,G03-260203-140011-172,G03-260203-140011-172.bmp,G03,2026-02-03T14:00:11,2026-02-03,G03_2026-02-03,172,val,normal,,1025,1281,1,774b293232c2f404aa918c2ae0515fcf0f59a0548e77b17f1654759f222c8083,,
1.0,G03-260203-140031-173,G03-260203-140031-173.bmp,G03,2026-02-03T14:00:31,2026-02-03,G03_2026-02-03,173,val,normal,,1025,1281,1,e6b56d866e8df9490d410c634f1ed694e703d8e320acb2b99d7618a0364012dc,,
1.0,G03-260203-140043-174,G03-260203-140043-174.bmp,G03,2026-02-03T14:00:43,2026-02-03,G03_2026-02-03,174,val,normal,,1025,1281,1,b63444d8d5de55678b76d5a8802683e642b35c5eff82b743d3c0232b3359a9ac,,
1.0,G03-260203-140101-175,G03-260203-140101-175.bmp,G03,2026-02-03T14:01:01,2026-02-03,G03_2026-02-03,175,val,normal,,1025,1281,1,05fe6203c1ce26b1e65136622f3a2418c2876540425d21ef1f1b60f95d4e2ef0,,
1.0,G03-260203-140114-176,G03-260203-140114-176.bmp,G03,2026-02-03T14:01:14,2026-02-03,G03_2026-02-03,176,val,normal,,1025,1281,1,8561ef40726b8b596c509dec65c556fd558a31c8ef7df7fab6f48c51e8874cad,,
1.0,G03-260203-140130-177,G03-260203-140130-177.bmp,G03,2026-02-03T14:01:30,2026-02-03,G03_2026-02-03,177,val,normal,,1025,1281,1,d0e53120d4b7f406a5acc6baac81d2c09dbda6c53fb1e8e761b9929fc240cd29,,
1.0,G03-260203-140140-178,G03-260203-140140-178.bmp,G03,2026-02-03T14:01:40,2026-02-03,G03_2026-02-03,178,val,normal,,1025,1281,1,b1aa7f83ed31b9964e847c83cdc37043a9f8019a13a8173c2b49146d5f84319c,,
1.0,G03-260203-140200-179,G03-260203-140200-179.bmp,G03,2026-02-03T14:02:00,2026-02-03,G03_2026-02-03,179,val,normal,,1025,1281,1,8de385ca7c4d5407159190b8ac6cfac1e86a4a0dfb0cb128878285dcccee6f02,,
1.0,G03-260203-140211-180,G03-260203-140211-180.bmp,G03,2026-02-03T14:02:11,2026-02-03,G03_2026-02-03,180,val,normal,,1025,1281,1,7b24f54ee1c7635dc578938e193ded80e945e7e7588195a1f5a91f32f1707f64,,
1.0,G03-260203-140231-181,G03-260203-140231-181.bmp,G03,2026-02-03T14:02:31,2026-02-03,G03_2026-02-03,181,val,normal,,1025,1281,1,cbcef8b681b8269436703f58b3dd0e1e4ac77ed7e35bcb42a0ae6586f0e6f1b0,,
1.0,G03-260203-140243-182,G03-260203-140243-182.bmp,G03,2026-02-03T14:02:43,2026-02-03,G03_2026-02-03,182,val,normal,,1025,1281,1,7c504ad588f576f2ddbcdc63e3921ae8eb9fabfbc422adb9e42536e900e52af8,,
1.0,G03-260203-140300-183,G03-260203-140300-183.bmp,G03,2026-02-03T14:03:00,2026-02-03,G03_2026-02-03,183,val,normal,,1025,1281,1,8ac5651719a75422fbb3183bb7894801d30b202256346f712e572c3fa850beed,,
1.0,G03-260203-140309-184,G03-260203-140309-184.bmp,G03,2026-02-03T14:03:09,2026-02-03,G03_2026-02-03,184,val,normal,,1025,1281,1,3f009f9f33f99dcfef23d5aadb728e3c8b0d318d933cd9bfb69015c869ace1d7,,
1.0,G03-260203-140331-185,G03-260203-140331-185.bmp,G03,2026-02-03T14:03:31,2026-02-03,G03_2026-02-03,185,val,normal,,1025,1281,1,ac7ce3f7c6d88e924073db0c80f8277c72b82e6846bf7f17accd04eef964dc8e,,
1.0,G03-260203-140341-186,G03-260203-140341-186.bmp,G03,2026-02-03T14:03:41,2026-02-03,G03_2026-02-03,186,val,normal,,1025,1281,1,5392f93c3e7390ddda7737505485bdd41e9e7872f245dd903c57e34706e362c6,,
1.0,G03-260203-140400-187,G03-260203-140400-187.bmp,G03,2026-02-03T14:04:00,2026-02-03,G03_2026-02-03,187,val,normal,,1025,1281,1,1bd87b4d62b2364d9f29b20aef3371096b329c571429f036a9fe7c0206044a7e,,
1.0,G03-260203-140410-188,G03-260203-140410-188.bmp,G03,2026-02-03T14:04:10,2026-02-03,G03_2026-02-03,188,val,normal,,1025,1281,1,f039a9dfcf58c7d5958f87a1239866647de5f2edb65780d13f25ff72c051eb4c,,
1.0,G03-260203-140432-189,G03-260203-140432-189.bmp,G03,2026-02-03T14:04:32,2026-02-03,G03_2026-02-03,189,val,normal,,1025,1281,1,04745de223977a3071f37bbe54dbbe9525fd7b2a683ba0d9239e11a16d308431,,
1.0,G03-260203-140445-190,G03-260203-140445-190.bmp,G03,2026-02-03T14:04:45,2026-02-03,G03_2026-02-03,190,val,normal,,1025,1281,1,e69b85c4b31f69040ff6fe9a442064784f9fa1e970c3fbf713b75cbdc9ccae09,,
1.0,G03-260203-140502-191,G03-260203-140502-191.bmp,G03,2026-02-03T14:05:02,2026-02-03,G03_2026-02-03,191,val,normal,,1025,1281,1,0cb0af53f168c3203e1968fea522ce44e118602257dcdcab888b1720727e4be6,,
1.0,G03-260203-140510-192,G03-260203-140510-192.bmp,G03,2026-02-03T14:05:10,2026-02-03,G03_2026-02-03,192,val,normal,,1025,1281,1,3074280af1eb111d1696710851bf7c55582d8fc0387dd94a10b8be4a1b5b4d71,,
1.0,G03-260203-140612-194,G03-260203-140612-194.bmp,G03,2026-02-03T14:06:12,2026-02-03,G03_2026-02-03,194,val,normal,,1025,1281,1,19227a2783129916a7e6cf44e833544f7eacd702b2cce2a82b3f17919452c1c8,,
1.0,G03-260203-140618-195,G03-260203-140618-195.bmp,G03,2026-02-03T14:06:18,2026-02-03,G03_2026-02-03,195,val,normal,,1025,1281,1,36d51120e60297ffe98424a0fe1c59a05ed3f374e6d982952469190425454c9a,,
1.0,G03-260203-140624-196,G03-260203-140624-196.bmp,G03,2026-02-03T14:06:24,2026-02-03,G03_2026-02-03,196,val,normal,,1025,1281,1,1f2afebe894cf7312f5e5b34a1cd7be266d7d97c57d2d623cee292fbdb33aafd,,
1.0,G03-260203-140632-197,G03-260203-140632-197.bmp,G03,2026-02-03T14:06:32,2026-02-03,G03_2026-02-03,197,val,normal,,1025,1281,1,fe6f2b015183c3e0a4c80e49242585a50eb1d061df0451f6b0de79b062a73e40,,
1.0,G03-260203-140641-198,G03-260203-140641-198.bmp,G03,2026-02-03T14:06:41,2026-02-03,G03_2026-02-03,198,val,normal,,1025,1281,1,63fe4c817fc214839ec6711bb18bb5b8b62e6825907d36da9d3d75823ea23ce5,,
1.0,G03-260203-140703-199,G03-260203-140703-199.bmp,G03,2026-02-03T14:07:03,2026-02-03,G03_2026-02-03,199,val,normal,,1025,1281,1,cc44e3b0397242979b3517af3d9c1a8396561018b53d84a96cc03ef42c7678a0,,
1.0,G03-260203-140711-200,G03-260203-140711-200.bmp,G03,2026-02-03T14:07:11,2026-02-03,G03_2026-02-03,200,val,normal,,1025,1281,1,b08e463286755acf0414319947d50b9c0f233492461bb947bcd13a2d5b2f86cd,,
1.0,G03-260203-140732-201,G03-260203-140732-201.bmp,G03,2026-02-03T14:07:32,2026-02-03,G03_2026-02-03,201,val,normal,,1025,1281,1,cb4e70ec1750fce7cc4e9f1b83d4df01f6955fc77d7c1814cfbb60a7dc41e398,,
1.0,G03-260203-140744-202,G03-260203-140744-202.bmp,G03,2026-02-03T14:07:44,2026-02-03,G03_2026-02-03,202,val,normal,,1025,1281,1,59d76ebf981607b777e01ac4996afe3607fa5907909be067d959f65988f3ca3d,,
1.0,G03-260203-140803-203,G03-260203-140803-203.bmp,G03,2026-02-03T14:08:03,2026-02-03,G03_2026-02-03,203,val,normal,,1025,1281,1,88742a6b54b1f60850db924d6d076a251ae283ed2064199cab45d87815745142,,
1.0,G03-260203-140815-204,G03-260203-140815-204.bmp,G03,2026-02-03T14:08:15,2026-02-03,G03_2026-02-03,204,val,normal,,1025,1281,1,818e2c92aecf238cfd7471e5aaa237d2a0305b657ff92c4dd88b2d932aabf46a,,
1.0,G03-260203-140833-205,G03-260203-140833-205.bmp,G03,2026-02-03T14:08:33,2026-02-03,G03_2026-02-03,205,val,normal,,1025,1281,1,51e0a4ea2d9646dd6a6d378f9704bdbc0164d736b995c1c34463302358fdebc5,,
1.0,G03-260203-140842-206,G03-260203-140842-206.bmp,G03,2026-02-03T14:08:42,2026-02-03,G03_2026-02-03,206,val,normal,,1025,1281,1,0c881b54b62e7aa481f65fb175f990279c828969a704f0de6e6a24bc3362d2f1,,
1.0,G03-260203-140902-207,G03-260203-140902-207.bmp,G03,2026-02-03T14:09:02,2026-02-03,G03_2026-02-03,207,val,normal,,1025,1281,1,5de1fdecde47ac55fea0bf3559b9bd6b9bf6d6b8d84f049e7c8522f0022a978b,,
1.0,G03-260203-140913-208,G03-260203-140913-208.bmp,G03,2026-02-03T14:09:13,2026-02-03,G03_2026-02-03,208,val,normal,,1025,1281,1,f8bb1fecc9d90827d9645d994bdd99d601a9967aadc58aeda43f48675cf9d719,,
1.0,G03-260203-140933-209,G03-260203-140933-209.bmp,G03,2026-02-03T14:09:33,2026-02-03,G03_2026-02-03,209,val,normal,,1025,1281,1,1a4ddd75b0ab99b5a8c74840b0dfc64df41447f62233dfe583985cffb52d4188,,
1.0,G03-260203-140945-210,G03-260203-140945-210.bmp,G03,2026-02-03T14:09:45,2026-02-03,G03_2026-02-03,210,val,normal,,1025,1281,1,9dcf604afb28247d907a5654a281b9c01ca9116b46c315aebc5b317b088a1414,,
1.0,G03-260203-141003-211,G03-260203-141003-211.bmp,G03,2026-02-03T14:10:03,2026-02-03,G03_2026-02-03,211,val,normal,,1025,1281,1,82efd1c18449b67e007795c0c0638fd01b0a294341d9b1ae09aa84383bb5bcc6,,
1.0,G03-260203-141013-212,G03-260203-141013-212.bmp,G03,2026-02-03T14:10:13,2026-02-03,G03_2026-02-03,212,val,normal,,1025,1281,1,7c682b5c0275fd4e5bc980478af5618c56d954936647f6140561b7a4b445876a,,
1.0,G03-260203-141033-213,G03-260203-141033-213.bmp,G03,2026-02-03T14:10:33,2026-02-03,G03_2026-02-03,213,val,normal,,1025,1281,1,e1ef5b7d827b57f14acc32586c4e4ed95870e8590d035c899d2cfc3ba3abea9a,,
1.0,G03-260203-141048-214,G03-260203-141048-214.bmp,G03,2026-02-03T14:10:48,2026-02-03,G03_2026-02-03,214,val,normal,,1025,1281,1,8b39fa4ff4c987f42495de9b42880e89b5e6d6f096f0f3583c0cae166127ac72,,
1.0,G03-260203-141103-215,G03-260203-141103-215.bmp,G03,2026-02-03T14:11:03,2026-02-03,G03_2026-02-03,215,val,normal,,1025,1281,1,7cca098a165a2ecd7977975100c02df65fa2cf192a05680ff03174e0072d1f91,,
1.0,G03-260203-141114-216,G03-260203-141114-216.bmp,G03,2026-02-03T14:11:14,2026-02-03,G03_2026-02-03,216,val,normal,,1025,1281,1,ed173e395aa03af90460cd4a168eaa2f595fff24fed13699872c92f64b10cd70,,
1.0,G03-260203-141134-217,G03-260203-141134-217.bmp,G03,2026-02-03T14:11:34,2026-02-03,G03_2026-02-03,217,val,normal,,1025,1281,1,8fe94d56282534335c7c69cdfc323762ac981a9aec996a798473a3984949b89c,,
1.0,G03-260203-141146-218,G03-260203-141146-218.bmp,G03,2026-02-03T14:11:46,2026-02-03,G03_2026-02-03,218,val,normal,,1025,1281,1,c11a13042487b751d3cddc90f22b42ba9e08c4ada4aa9fd352ebb75609a2a327,,
1.0,G03-260203-141203-219,G03-260203-141203-219.bmp,G03,2026-02-03T14:12:03,2026-02-03,G03_2026-02-03,219,val,normal,,1025,1281,1,b84ab3d1120266dbefc02403c4e094d19759d05dd24813070aa326bc80d62280,,
1.0,G03-260203-141211-220,G03-260203-141211-220.bmp,G03,2026-02-03T14:12:11,2026-02-03,G03_2026-02-03,220,val,normal,,1025,1281,1,cf212d6970a6ef746e1103454a9e887396dfa2bc6a57831ead1fb6c1ee48599c,,
1.0,G03-260203-141233-221,G03-260203-141233-221.bmp,G03,2026-02-03T14:12:33,2026-02-03,G03_2026-02-03,221,val,normal,,1025,1281,1,2a4dd38ce7ce105f550f39807a133bf587a1c0de3335452b4c86c6b5d6fa2436,,
1.0,G03-260203-141243-222,G03-260203-141243-222.bmp,G03,2026-02-03T14:12:43,2026-02-03,G03_2026-02-03,222,val,normal,,1025,1281,1,295a44ebf5ea4f529f6388516bcbbf3fed5b11e88ca6a43d26f76822787f3665,,
1.0,G03-260203-141303-223,G03-260203-141303-223.bmp,G03,2026-02-03T14:13:03,2026-02-03,G03_2026-02-03,223,val,normal,,1025,1281,1,c52381df6f0383bea8f6c6d61bf078935d770458262b7f3df3d145424fbaf8a2,,
1.0,G03-260203-141316-224,G03-260203-141316-224.bmp,G03,2026-02-03T14:13:16,2026-02-03,G03_2026-02-03,224,val,normal,,1025,1281,1,f282973d0b7ccdee84bbf9582ff4448c37f2e011f57725834f2d262334534039,,
1.0,G03-260203-141334-225,G03-260203-141334-225.bmp,G03,2026-02-03T14:13:34,2026-02-03,G03_2026-02-03,225,val,normal,,1025,1281,1,e95e0b35c069c467d133aef67fcbaeca66b94694893265ba001cff5f2b648e9c,,
1.0,G03-260203-141345-226,G03-260203-141345-226.bmp,G03,2026-02-03T14:13:45,2026-02-03,G03_2026-02-03,226,val,normal,,1025,1281,1,697181666f83cc99cdd3d16fd504c1f24b1b9d962a35d8f883c375020c4e30dc,,
1.0,G03-260203-141404-227,G03-260203-141404-227.bmp,G03,2026-02-03T14:14:04,2026-02-03,G03_2026-02-03,227,val,normal,,1025,1281,1,6ed4dc8b5a8de3509eb6f64050f668b6d42d7957b274a62ec519b10d73207e08,,
1.0,G03-260203-141412-228,G03-260203-141412-228.bmp,G03,2026-02-03T14:14:12,2026-02-03,G03_2026-02-03,228,val,normal,,1025,1281,1,7c2ebeefd53311306f4cf75760342858ca61f191f1b9b4cac9a5511a6448aa9e,,
1.0,G03-260203-141435-229,G03-260203-141435-229.bmp,G03,2026-02-03T14:14:35,2026-02-03,G03_2026-02-03,229,val,normal,,1025,1281,1,8a4afe1ce867e9cc0d70efe31c8a3d0534d8f0fd12b061fbf11ac8ce4d2db240,,
1.0,G03-260203-141445-230,G03-260203-141445-230.bmp,G03,2026-02-03T14:14:45,2026-02-03,G03_2026-02-03,230,val,normal,,1025,1281,1,64c0e3c487703fa8088f8c6b0e46da61505cb0763755a65fdba9067cdf3e55e4,,
1.0,G03-260203-141504-231,G03-260203-141504-231.bmp,G03,2026-02-03T14:15:04,2026-02-03,G03_2026-02-03,231,val,normal,,1025,1281,1,a235c4a50f9f2a1fe614e6489d757515a36883a1573dda228a2ef36e4caeed03,,
1.0,G03-260203-141516-232,G03-260203-141516-232.bmp,G03,2026-02-03T14:15:16,2026-02-03,G03_2026-02-03,232,val,normal,,1025,1281,1,fdb9995e9e0ecd7213d11440389867adc2e5b7cef32fbe6444ab57f1749fdc81,,
1.0,G03-260203-141533-233,G03-260203-141533-233.bmp,G03,2026-02-03T14:15:33,2026-02-03,G03_2026-02-03,233,val,normal,,1025,1281,1,9623c9c496ce76c25204aa53d12d35171f738d2cbe4e0e21e3d30cbad51e3ed2,,
1.0,G03-260203-141545-234,G03-260203-141545-234.bmp,G03,2026-02-03T14:15:45,2026-02-03,G03_2026-02-03,234,val,normal,,1025,1281,1,6f504925ffa6498b8e01bbbdde7f0d320597f65c3b164948af9cf17ddeb60c51,,
1.0,G03-260203-141604-235,G03-260203-141604-235.bmp,G03,2026-02-03T14:16:04,2026-02-03,G03_2026-02-03,235,val,normal,,1025,1281,1,d16712b89ec712c98048907fe5617399100730aa9cdf204dbc5e0db3dcf11b71,,
1.0,G03-260203-141614-236,G03-260203-141614-236.bmp,G03,2026-02-03T14:16:14,2026-02-03,G03_2026-02-03,236,val,normal,,1025,1281,1,a35178e1e251db499176628965f7bcdcda6f51d1fecac7c78f3c3d284e57629c,,
1.0,G03-260203-141635-237,G03-260203-141635-237.bmp,G03,2026-02-03T14:16:35,2026-02-03,G03_2026-02-03,237,val,normal,,1025,1281,1,eb03c2ae4f4831558390559bef1e776958947189982cd10b64dcb737bf15c7fb,,
1.0,G03-260203-141646-238,G03-260203-141646-238.bmp,G03,2026-02-03T14:16:46,2026-02-03,G03_2026-02-03,238,val,normal,,1025,1281,1,cb0f66f06fbf1c7b08ecd3809fb0383e775f6674e17b65a85b09e68ec760c21a,,
1.0,G03-260203-141705-239,G03-260203-141705-239.bmp,G03,2026-02-03T14:17:05,2026-02-03,G03_2026-02-03,239,val,normal,,1025,1281,1,fd62606b35597ab7600c81ab93d81cca954838f29ce2e505f7ca9e47bc179ea6,,
1.0,G03-260203-141718-240,G03-260203-141718-240.bmp,G03,2026-02-03T14:17:18,2026-02-03,G03_2026-02-03,240,val,normal,,1025,1281,1,0e213df1da964384d012498cbc77fc8578973bd8578aea361606c1d25f21ca8f,,
1.0,G03-260203-141736-241,G03-260203-141736-241.bmp,G03,2026-02-03T14:17:36,2026-02-03,G03_2026-02-03,241,val,normal,,1025,1281,1,dabe847cc3fcadf3035c36fd71458510e2226a4a6e9a8f4462e36afa49ad1404,,
1.0,G03-260203-141751-242,G03-260203-141751-242.bmp,G03,2026-02-03T14:17:51,2026-02-03,G03_2026-02-03,242,val,normal,,1025,1281,1,db4011f54f8858f7afbea48428aff7ecf5221d9875c9786dfac33d349e7e71d7,,
1.0,G03-260203-141806-243,G03-260203-141806-243.bmp,G03,2026-02-03T14:18:06,2026-02-03,G03_2026-02-03,243,val,normal,,1025,1281,1,83025e78390ecc7fc8b9ea1c584fe1853f06694fcaca4a05530215d750cc6696,,
1.0,G03-260203-141815-244,G03-260203-141815-244.bmp,G03,2026-02-03T14:18:15,2026-02-03,G03_2026-02-03,244,val,normal,,1025,1281,1,55ca3fd388a67cdffc42ab81ea9a774694559086025d01fe38e91efc37c17ed8,,
1.0,G03-260203-141835-245,G03-260203-141835-245.bmp,G03,2026-02-03T14:18:35,2026-02-03,G03_2026-02-03,245,val,normal,,1025,1281,1,91a6b8fd3514132f3e3eb72356a46dff412efd68f9a4ea1d0f3fef0ae71821ef,,
1.0,G03-260203-141848-246,G03-260203-141848-246.bmp,G03,2026-02-03T14:18:48,2026-02-03,G03_2026-02-03,246,val,normal,,1025,1281,1,28107e6e7de2a322a79afa3de0f3710c32be2e6a5e2e7f32253e840c8224106e,,
1.0,G03-260203-141905-247,G03-260203-141905-247.bmp,G03,2026-02-03T14:19:05,2026-02-03,G03_2026-02-03,247,val,normal,,1025,1281,1,5a2467751759eb33d863f87bf8b6ec66f2643b79da307dec11fc5d0e46ceea92,,
1.0,G03-260203-141920-248,G03-260203-141920-248.bmp,G03,2026-02-03T14:19:20,2026-02-03,G03_2026-02-03,248,val,normal,,1025,1281,1,b487bc60e87142bc8dcade79472c0dffb01668bd4915ca388d370b4a83f94974,,
1.0,G03-260203-141935-249,G03-260203-141935-249.bmp,G03,2026-02-03T14:19:35,2026-02-03,G03_2026-02-03,249,val,normal,,1025,1281,1,171657d1a7a167ef98f02012cc6854a6051423330720a196ebefda9d06106527,,
1.0,G03-260203-141944-250,G03-260203-141944-250.bmp,G03,2026-02-03T14:19:44,2026-02-03,G03_2026-02-03,250,val,normal,,1025,1281,1,df20a451b0ed65d2cc2f0bb4c0a7ced3d9186cfd4742d68768ab37d30f8a3824,,
1.0,G03-260203-142031-251,G03-260203-142031-251.bmp,G03,2026-02-03T14:20:31,2026-02-03,G03_2026-02-03,251,val,normal,,1025,1281,1,dc4f2367f04c96aa85f23038b69d6562db88e6a7bccdaaf7cead4a9515e2e77d,,
1.0,G03-260203-142037-252,G03-260203-142037-252.bmp,G03,2026-02-03T14:20:37,2026-02-03,G03_2026-02-03,252,val,normal,,1025,1281,1,4c3e35a8037f32e46cf3607c12c50fb92a14db0f1381ab0c8c64f604aa79b060,,
1.0,G03-260203-142041-253,G03-260203-142041-253.bmp,G03,2026-02-03T14:20:41,2026-02-03,G03_2026-02-03,253,val,normal,,1025,1281,1,5e99f6c4ea483d69330fcd760ad62db9f0b3e679776eeff98873489470785c19,,
1.0,G03-260203-142047-254,G03-260203-142047-254.bmp,G03,2026-02-03T14:20:47,2026-02-03,G03_2026-02-03,254,val,normal,,1025,1281,1,46278068c480a0e334cc427dc85debb123bcf4be048b268f7749a17fd36c35a9,,
1.0,G03-260203-142105-255,G03-260203-142105-255.bmp,G03,2026-02-03T14:21:05,2026-02-03,G03_2026-02-03,255,val,normal,,1025,1281,1,b82a6517821c3c31e72ff972f15a22ad48ae19d5f51bbe0f424f8c8181381756,,
1.0,G03-260203-142120-256,G03-260203-142120-256.bmp,G03,2026-02-03T14:21:20,2026-02-03,G03_2026-02-03,256,val,normal,,1025,1281,1,8619720e396d59cd049da58e72bb505d0cbd1ebd02d3a29b2349aa1ac34e6210,,
1.0,G03-260203-142135-257,G03-260203-142135-257.bmp,G03,2026-02-03T14:21:35,2026-02-03,G03_2026-02-03,257,val,normal,,1025,1281,1,de49f8f364087173934773d0e2be49340c1d23c357c2a6c2082da51ea92366bc,,
1.0,G03-260203-142146-258,G03-260203-142146-258.bmp,G03,2026-02-03T14:21:46,2026-02-03,G03_2026-02-03,258,val,normal,,1025,1281,1,6e0ae10f29bff68eb7a1ecac0c239cf782674e576be73a256ac4f2aaea81190d,,
1.0,G03-260203-142205-259,G03-260203-142205-259.bmp,G03,2026-02-03T14:22:05,2026-02-03,G03_2026-02-03,259,val,normal,,1025,1281,1,9e59d3c9d054560aec37181581d81c9b68af4333723602adfb4c198f923a99ec,,
1.0,G03-260203-142218-260,G03-260203-142218-260.bmp,G03,2026-02-03T14:22:18,2026-02-03,G03_2026-02-03,260,val,normal,,1025,1281,1,55e2b187a61d0237f80590c6320fc70e11b3deec8de3c36645100a7a6d4fbb17,,
1.0,G03-260203-142237-261,G03-260203-142237-261.bmp,G03,2026-02-03T14:22:37,2026-02-03,G03_2026-02-03,261,val,normal,,1025,1281,1,7e9cf819886b416e106dab2f29bef8c10f5fe7be09e0261e5313ce04e20f8573,,
1.0,G03-260203-142249-262,G03-260203-142249-262.bmp,G03,2026-02-03T14:22:49,2026-02-03,G03_2026-02-03,262,val,normal,,1025,1281,1,83ad332baed41cf8ad2472689108cdf230a9309ae27864f2155fb54bb689769b,,
1.0,G03-260203-142307-263,G03-260203-142307-263.bmp,G03,2026-02-03T14:23:07,2026-02-03,G03_2026-02-03,263,val,normal,,1025,1281,1,d1d96e57b9f07a9e8653e0deafab6ff83b11616fee67ff9fdd4161b363b195dd,,
1.0,G03-260203-142318-264,G03-260203-142318-264.bmp,G03,2026-02-03T14:23:18,2026-02-03,G03_2026-02-03,264,val,normal,,1025,1281,1,4ac555084d4ac4b67b967659440422b5fdb311a28fb008e075cb39496d6d5665,,
1.0,G03-260203-142337-265,G03-260203-142337-265.bmp,G03,2026-02-03T14:23:37,2026-02-03,G03_2026-02-03,265,val,normal,,1025,1281,1,c2d3439be637e4d852eb1390c0d4f1b115db5a8434521eea9b24227b71e61c0b,,
1.0,G03-260203-142347-266,G03-260203-142347-266.bmp,G03,2026-02-03T14:23:47,2026-02-03,G03_2026-02-03,266,val,normal,,1025,1281,1,bf6693f59102467779f66245862a14eddf9d1fafc962124379fbdb8e954f241f,,
1.0,G03-260203-142406-267,G03-260203-142406-267.bmp,G03,2026-02-03T14:24:06,2026-02-03,G03_2026-02-03,267,val,normal,,1025,1281,1,05b0aa0d946970deb6b7916b9649504eddaf41f7b2a09c832a282e3f62dbdfb2,,
1.0,G03-260203-142419-268,G03-260203-142419-268.bmp,G03,2026-02-03T14:24:19,2026-02-03,G03_2026-02-03,268,val,normal,,1025,1281,1,9ee842a0538001185dc3802447fae7fbd7f3698556af8736504258c5da5acedc,,
1.0,G03-260203-142436-269,G03-260203-142436-269.bmp,G03,2026-02-03T14:24:36,2026-02-03,G03_2026-02-03,269,val,normal,,1025,1281,1,a608b51c73db21db52fd522d9fc2ee6c831937b8d5ed2f8f071018928bc6c37f,,
1.0,G03-260203-142448-270,G03-260203-142448-270.bmp,G03,2026-02-03T14:24:48,2026-02-03,G03_2026-02-03,270,val,normal,,1025,1281,1,c3ea4117ce9dc58abb687a54b37d2f86b85ac3070d0b49a35fd9e0cc5e03829a,,
1.0,G03-260203-142507-271,G03-260203-142507-271.bmp,G03,2026-02-03T14:25:07,2026-02-03,G03_2026-02-03,271,val,normal,,1025,1281,1,62dcbdc0634374107084104654cca2d84fcb7354704425979fdb7fb31e4ea9ed,,
1.0,G03-260203-142516-272,G03-260203-142516-272.bmp,G03,2026-02-03T14:25:16,2026-02-03,G03_2026-02-03,272,val,normal,,1025,1281,1,c478076bd0c476ae9cae8365e4d40e17d38bc8ca6f36cda7288bdf1ee4fa8bd0,,
1.0,G03-260203-142538-273,G03-260203-142538-273.bmp,G03,2026-02-03T14:25:38,2026-02-03,G03_2026-02-03,273,val,normal,,1025,1281,1,fa6e4a124994e1fba4f169866e528866bf8c86722c850a4a92efba55aaf868f7,,
1.0,G03-260203-142549-274,G03-260203-142549-274.bmp,G03,2026-02-03T14:25:49,2026-02-03,G03_2026-02-03,274,val,normal,,1025,1281,1,365998a1ede032fefd663ff4909d3cefa251901759ba3110792a7cc0ec8a35b8,,
1.0,G03-260203-142607-275,G03-260203-142607-275.bmp,G03,2026-02-03T14:26:07,2026-02-03,G03_2026-02-03,275,val,normal,,1025,1281,1,1310dd193fa24c45d0f1428176e7cbe77de5e588a378d6be4b4c1a1f641e7cc6,,
1.0,G03-260203-142619-276,G03-260203-142619-276.bmp,G03,2026-02-03T14:26:19,2026-02-03,G03_2026-02-03,276,val,normal,,1025,1281,1,dabbbc6e32ea37efaaa8055694095807c168066bfef30400f5a89a2e167fdb08,,
1.0,G03-260203-142638-277,G03-260203-142638-277.bmp,G03,2026-02-03T14:26:38,2026-02-03,G03_2026-02-03,277,val,normal,,1025,1281,1,cecfe6ca815bd8bad7599c05d135dc2be9982e08c0e9196e6ff5ca4418ab6fb1,,
1.0,G03-260203-142647-278,G03-260203-142647-278.bmp,G03,2026-02-03T14:26:47,2026-02-03,G03_2026-02-03,278,val,normal,,1025,1281,1,3db6cdb9fe4a329c397afc6dab7493e61714fcda59acc17471cca627f34af6c8,,
1.0,G03-260203-142708-279,G03-260203-142708-279.bmp,G03,2026-02-03T14:27:08,2026-02-03,G03_2026-02-03,279,val,normal,,1025,1281,1,923814843f4498ef876045b25096cb672ef3d4af0c69a1d4e0b4366b6d7a620a,,
1.0,G03-260203-142717-280,G03-260203-142717-280.bmp,G03,2026-02-03T14:27:17,2026-02-03,G03_2026-02-03,280,val,normal,,1025,1281,1,afa037b1b2c9624748a6bef6cee4aea89bd5d09bdd649156f36ae521b2c48345,,
1.0,G03-260203-142737-281,G03-260203-142737-281.bmp,G03,2026-02-03T14:27:37,2026-02-03,G03_2026-02-03,281,val,normal,,1025,1281,1,5bbde325a214826d1bc4fe42b21642988b987e224886cba387a0441a78805a6c,,
1.0,G03-260203-142749-282,G03-260203-142749-282.bmp,G03,2026-02-03T14:27:49,2026-02-03,G03_2026-02-03,282,val,normal,,1025,1281,1,8f7d109ab92a2ac4767d25d43251e8cfb530b91ec06defcc4035f679f35ee72e,,
1.0,G03-260203-142809-283,G03-260203-142809-283.bmp,G03,2026-02-03T14:28:09,2026-02-03,G03_2026-02-03,283,val,normal,,1025,1281,1,ba4a3cfe30ad2266fba3cb8c8eeffadbfa85e5b0173316d483463eb889faa601,,
1.0,G03-260203-142822-284,G03-260203-142822-284.bmp,G03,2026-02-03T14:28:22,2026-02-03,G03_2026-02-03,284,val,normal,,1025,1281,1,dbd3fe5e487086409ef1e8ab262ce796939e96b50ab6488a87a2c9dd96a94d70,,
1.0,G03-260203-142839-285,G03-260203-142839-285.bmp,G03,2026-02-03T14:28:39,2026-02-03,G03_2026-02-03,285,val,normal,,1025,1281,1,993a4de395adc7f5ef6e40ad757ab964e960e819ae91c409558ae05e99999fa3,,
1.0,G03-260203-142847-286,G03-260203-142847-286.bmp,G03,2026-02-03T14:28:47,2026-02-03,G03_2026-02-03,286,val,normal,,1025,1281,1,d1864fc73b18b9e3253ade31dc5d38d8d4bfdb99023778574d02dfb22cf2dc4d,,
1.0,G03-260203-142907-287,G03-260203-142907-287.bmp,G03,2026-02-03T14:29:07,2026-02-03,G03_2026-02-03,287,val,normal,,1025,1281,1,d5d24b7bcd752bb004468757233ed2cfcc507aab1f25976d4b0b36131ce6cdcd,,
1.0,G03-260203-142918-288,G03-260203-142918-288.bmp,G03,2026-02-03T14:29:18,2026-02-03,G03_2026-02-03,288,val,normal,,1025,1281,1,4ea392c4165853fb8c336a9f2795fa0192ef831c4f1f77b64a29935f8203ec01,,
1.0,G03-260203-142938-289,G03-260203-142938-289.bmp,G03,2026-02-03T14:29:38,2026-02-03,G03_2026-02-03,289,val,normal,,1025,1281,1,2ebfa08488b9b4ff45fdeb9ca3fe1476b9eb7bc92d37376415b29901f5dd9030,,
1.0,G03-260203-142951-290,G03-260203-142951-290.bmp,G03,2026-02-03T14:29:51,2026-02-03,G03_2026-02-03,290,val,normal,,1025,1281,1,ff5786a4980ea6dba34abbdce6ebfb98e864e65faf55423daf3137351bfd69f5,,
1.0,G03-260203-143008-291,G03-260203-143008-291.bmp,G03,2026-02-03T14:30:08,2026-02-03,G03_2026-02-03,291,val,normal,,1025,1281,1,1e8bc4425362fd7a6988f5d8901f30c08df240a25f4022a97f6312861038c01a,,
1.0,G03-260203-143017-292,G03-260203-143017-292.bmp,G03,2026-02-03T14:30:17,2026-02-03,G03_2026-02-03,292,val,normal,,1025,1281,1,9725ebbb811e5200d47be9c65dcd4c0554f542e9cd14d02c55fdde6442a2b56e,,
1.0,G03-260203-143037-293,G03-260203-143037-293.bmp,G03,2026-02-03T14:30:37,2026-02-03,G03_2026-02-03,293,val,normal,,1025,1281,1,b7a192a55b176c5e8d09275ab85f9d3eb57671755a218684c5ff02632e340e03,,
1.0,G03-260203-143047-294,G03-260203-143047-294.bmp,G03,2026-02-03T14:30:47,2026-02-03,G03_2026-02-03,294,val,normal,,1025,1281,1,50c85b3a6a4ddff57fc75eaaef88a70ec98a8ca302e344aab46cb7f8adcdc632,,
1.0,G03-260203-143109-295,G03-260203-143109-295.bmp,G03,2026-02-03T14:31:09,2026-02-03,G03_2026-02-03,295,val,normal,,1025,1281,1,07958f503576b34389c6f6c4b10e50036fe444b88dc8b3fbd873928ec82fb01d,,
1.0,G03-260203-143120-296,G03-260203-143120-296.bmp,G03,2026-02-03T14:31:20,2026-02-03,G03_2026-02-03,296,val,normal,,1025,1281,1,51728d180e53c5b4c97f5f7d49928e0fe1301798e77b108a7ceacaa072fb9dfd,,
1.0,G03-260203-143139-297,G03-260203-143139-297.bmp,G03,2026-02-03T14:31:39,2026-02-03,G03_2026-02-03,297,val,normal,,1025,1281,1,73385641f89b92c47dc45f1df20718cb8b488d7deb64b0da35b9f64325572529,,
1.0,G03-260203-143150-298,G03-260203-143150-298.bmp,G03,2026-02-03T14:31:50,2026-02-03,G03_2026-02-03,298,val,normal,,1025,1281,1,8ef9d53d784e450544e1dd91d94050f0ce5ca59099b9fd5a8925665214dcc4e7,,
1.0,G03-260203-143204-299,G03-260203-143204-299.bmp,G03,2026-02-03T14:32:04,2026-02-03,G03_2026-02-03,299,val,normal,,1025,1281,1,32bc5423373dc10b8db640f1b4943aad4826eb424fcb43402dec772c9d164f64,,
1.0,G03-260203-143217-300,G03-260203-143217-300.bmp,G03,2026-02-03T14:32:17,2026-02-03,G03_2026-02-03,300,val,normal,,1025,1281,1,ae6494ac54622322c6b5dd906c63047904ee952a5074d8b368c50ddf98a31f2b,,
1.0,G03-260203-143238-301,G03-260203-143238-301.bmp,G03,2026-02-03T14:32:38,2026-02-03,G03_2026-02-03,301,val,normal,,1025,1281,1,8cc3cf23fcd803548feecc01f60b1ba4be72ddae7bc267d525bf9c5cd7baea70,,
1.0,G03-260203-143250-302,G03-260203-143250-302.bmp,G03,2026-02-03T14:32:50,2026-02-03,G03_2026-02-03,302,val,normal,,1025,1281,1,39bf210effccbbd90b5b686be1a26daf165b649f7a5ce86cc6bdf654ca93a3ba,,
1.0,G03-260203-143308-303,G03-260203-143308-303.bmp,G03,2026-02-03T14:33:08,2026-02-03,G03_2026-02-03,303,val,normal,,1025,1281,1,946a5c945184f92ad6c45e428662f91e0f903589dbc77cce22fdc4e7084a9749,,
1.0,G03-260203-143321-304,G03-260203-143321-304.bmp,G03,2026-02-03T14:33:21,2026-02-03,G03_2026-02-03,304,val,normal,,1025,1281,1,66d30aa86f1a133f2f1982f9feca6cde1f66518cacdfb6ad45addbc6880e72bd,,
1.0,G03-260203-143338-305,G03-260203-143338-305.bmp,G03,2026-02-03T14:33:38,2026-02-03,G03_2026-02-03,305,val,normal,,1025,1281,1,2116e056f91bac585ab55e4fcfc65927ab7a41a7c8c807bcdd36e727ea59975e,,
1.0,G03-260203-143348-306,G03-260203-143348-306.bmp,G03,2026-02-03T14:33:48,2026-02-03,G03_2026-02-03,306,val,normal,,1025,1281,1,26472769c320071b60c721c6db0dc1f6f89dbba1ca4121e35165cdeda7700a69,,
1.0,G03-260203-143408-307,G03-260203-143408-307.bmp,G03,2026-02-03T14:34:08,2026-02-03,G03_2026-02-03,307,val,normal,,1025,1281,1,b6d170bfe74a783e2b938fcea00ca635fcb6cb591c7cd235cf05742dee3c4df0,,
1.0,G03-260203-143418-308,G03-260203-143418-308.bmp,G03,2026-02-03T14:34:18,2026-02-03,G03_2026-02-03,308,val,normal,,1025,1281,1,3c0928016c964d8d8ebe274d84e08a2fed7a09111a189e56c691ef2e8340ed39,,
1.0,G03-260203-143439-309,G03-260203-143439-309.bmp,G03,2026-02-03T14:34:39,2026-02-03,G03_2026-02-03,309,val,normal,,1025,1281,1,eed0bb78694a454360360c07b01134bc976fbf9d44c7b8813cd444bb1afeb294,,
1.0,G03-260203-143451-310,G03-260203-143451-310.bmp,G03,2026-02-03T14:34:51,2026-02-03,G03_2026-02-03,310,val,normal,,1025,1281,1,dd11b57b59e3d9f35f540018de3877762a5aee4ec983b39395b46786e2893a27,,
1.0,G03-260203-143510-311,G03-260203-143510-311.bmp,G03,2026-02-03T14:35:10,2026-02-03,G03_2026-02-03,311,val,normal,,1025,1281,1,047d05a06d31664ae1369525586d1a878fc2f2360a046fa7aba074e6a873b239,,
1.0,G03-260203-143523-312,G03-260203-143523-312.bmp,G03,2026-02-03T14:35:23,2026-02-03,G03_2026-02-03,312,val,normal,,1025,1281,1,d190e7d5edf280507e865e9941f98f27e1a939a3bc911b865a8cc176d8f27114,,
1.0,G03-260203-143540-313,G03-260203-143540-313.bmp,G03,2026-02-03T14:35:40,2026-02-03,G03_2026-02-03,313,val,normal,,1025,1281,1,6e3a41e290fd651f7ffcc9848b3749f7fd79316a06b7a6725a04120640f29217,,
1.0,G03-260203-143549-314,G03-260203-143549-314.bmp,G03,2026-02-03T14:35:49,2026-02-03,G03_2026-02-03,314,val,normal,,1025,1281,1,47227ccf04666eec1aee08f13738c5b6859be14b7966fc4e60c1153ef66000b6,,
1.0,G03-260203-143609-315,G03-260203-143609-315.bmp,G03,2026-02-03T14:36:09,2026-02-03,G03_2026-02-03,315,val,normal,,1025,1281,1,b1931b9aa5c859dbbece0c8eede71c495ec46b60c850ca22221e6555657e23c5,,
1.0,G03-260203-143620-316,G03-260203-143620-316.bmp,G03,2026-02-03T14:36:20,2026-02-03,G03_2026-02-03,316,val,normal,,1025,1281,1,10e7a42a65a5a8045317ed457b2e43dd8d3976405f6fec0d02ac2083e2e7efff,,
1.0,G03-260203-143641-317,G03-260203-143641-317.bmp,G03,2026-02-03T14:36:41,2026-02-03,G03_2026-02-03,317,val,normal,,1025,1281,1,558f50ecd655dc940cdce7e79e01055ab81567c24e6720ee96ef2196b264da9e,,
1.0,G03-260203-143652-318,G03-260203-143652-318.bmp,G03,2026-02-03T14:36:52,2026-02-03,G03_2026-02-03,318,val,normal,,1025,1281,1,7802f7ea40c025150b005658a95325170f020c8c43db67fdbffb49c279cdf57a,,
1.0,G03-260203-143710-319,G03-260203-143710-319.bmp,G03,2026-02-03T14:37:10,2026-02-03,G03_2026-02-03,319,val,normal,,1025,1281,1,82e3e9906cd5f855b0219163969793fb8d92a7d16336528111b7c486d56ace3b,,
1.0,G03-260203-143724-320,G03-260203-143724-320.bmp,G03,2026-02-03T14:37:24,2026-02-03,G03_2026-02-03,320,val,normal,,1025,1281,1,e56c76556a313ea7c051f0f1953952ee9886a64511ad917113eca350ce2b8b56,,
1.0,G03-260203-143740-321,G03-260203-143740-321.bmp,G03,2026-02-03T14:37:40,2026-02-03,G03_2026-02-03,321,val,normal,,1025,1281,1,01740ff938c74918ca3a7603d32417280dbb271c16f7390185f24bfbfe687250,,
1.0,G03-260203-143749-322,G03-260203-143749-322.bmp,G03,2026-02-03T14:37:49,2026-02-03,G03_2026-02-03,322,val,normal,,1025,1281,1,cba04ec3d79f4f2dcb90db77f69215bb243d8c99e879b5116ca25d52c74807ec,,
1.0,G03-260203-143809-323,G03-260203-143809-323.bmp,G03,2026-02-03T14:38:09,2026-02-03,G03_2026-02-03,323,val,normal,,1025,1281,1,5ffb198d9b6691ac6fa4311331d4c87482af882eb9d2bbc6e75a468a5d8c7b39,,
1.0,G03-260203-143823-324,G03-260203-143823-324.bmp,G03,2026-02-03T14:38:23,2026-02-03,G03_2026-02-03,324,val,normal,,1025,1281,1,2816f409dcdcc17fa4d9d8ce32aa8fdf55059536591f420d80d5772c4195312b,,
1.0,G03-260203-143840-325,G03-260203-143840-325.bmp,G03,2026-02-03T14:38:40,2026-02-03,G03_2026-02-03,325,val,normal,,1025,1281,1,02603d54a0edb4b7ffad4c98640a97dc4733109f6ffb67435f20ae378fceb8fd,,
1.0,G03-260203-143853-326,G03-260203-143853-326.bmp,G03,2026-02-03T14:38:53,2026-02-03,G03_2026-02-03,326,val,normal,,1025,1281,1,ac8848fb91589813a6c1b10cc2c73a85c3fdfc064c7e84c8382c4eb7c909657b,,
1.0,G03-260203-143911-327,G03-260203-143911-327.bmp,G03,2026-02-03T14:39:11,2026-02-03,G03_2026-02-03,327,val,normal,,1025,1281,1,6e371c6982b4173c8dde5348911a2bc7f02a1b74a0ac796678eb9af276962cd8,,
1.0,G03-260203-143920-328,G03-260203-143920-328.bmp,G03,2026-02-03T14:39:20,2026-02-03,G03_2026-02-03,328,val,normal,,1025,1281,1,e0837311e9b9272ad2d741d50c81383eb9d71a20b5359d221e99e545e49b2655,,
1.0,G03-260203-143941-329,G03-260203-143941-329.bmp,G03,2026-02-03T14:39:41,2026-02-03,G03_2026-02-03,329,val,normal,,1025,1281,1,6379e305a1c23a849e5cbf64187831c7b4e00c13cd3b356a3f8352aae8a4007e,,
1.0,G03-260203-143952-330,G03-260203-143952-330.bmp,G03,2026-02-03T14:39:52,2026-02-03,G03_2026-02-03,330,val,normal,,1025,1281,1,c09e744e0c7859786f6f8bf3635cb541b43b9ccceafcfd436a22b4df1d249c89,,
1.0,G03-260203-144011-331,G03-260203-144011-331.bmp,G03,2026-02-03T14:40:11,2026-02-03,G03_2026-02-03,331,val,normal,,1025,1281,1,58ec1c240d819e41c37a469b10e21ce4a8d7030eda1afd3384fe926a6c653e90,,
1.0,G03-260203-144022-332,G03-260203-144022-332.bmp,G03,2026-02-03T14:40:22,2026-02-03,G03_2026-02-03,332,val,normal,,1025,1281,1,0a2394b5f80391f58e3a4d0f74b5b1f752268169a5a5a8acd641a703b82da504,,
1.0,G03-260203-144042-333,G03-260203-144042-333.bmp,G03,2026-02-03T14:40:42,2026-02-03,G03_2026-02-03,333,val,normal,,1025,1281,1,a953ce82e001641545d75a566a72b7c98db10e614f3df4839834c2755eabd801,,
1.0,G03-260203-144055-334,G03-260203-144055-334.bmp,G03,2026-02-03T14:40:55,2026-02-03,G03_2026-02-03,334,val,normal,,1025,1281,1,7d71b55d7034292abee4cf1c84e964a0799eca61e9bc4fb7eac0f511b41f0c5c,,
1.0,G03-260203-144110-335,G03-260203-144110-335.bmp,G03,2026-02-03T14:41:10,2026-02-03,G03_2026-02-03,335,val,normal,,1025,1281,1,3f1b7b9ba7082367304218cf2a482c191ce17277c57cba4d308707ac17caceb5,,
1.0,G03-260203-144119-336,G03-260203-144119-336.bmp,G03,2026-02-03T14:41:19,2026-02-03,G03_2026-02-03,336,val,normal,,1025,1281,1,44f45b14582b4e0e4fb18e53ce5f737b406fe9d49672fa300783550352ca6004,,
1.0,G03-260203-144141-337,G03-260203-144141-337.bmp,G03,2026-02-03T14:41:41,2026-02-03,G03_2026-02-03,337,val,normal,,1025,1281,1,0e12945088a645c16375ca2eb90127df7641d47776524a02f746c912b917778b,,
1.0,G03-260203-144151-338,G03-260203-144151-338.bmp,G03,2026-02-03T14:41:51,2026-02-03,G03_2026-02-03,338,val,normal,,1025,1281,1,9ae7f04a92b3115a88af95aaa285adabcecdd73b4f6a3cf96669bdc46bb26767,,
1.0,G03-260203-144210-339,G03-260203-144210-339.bmp,G03,2026-02-03T14:42:10,2026-02-03,G03_2026-02-03,339,val,normal,,1025,1281,1,8d35ce04445fc1e12fdc9a7223ba2673a3a8bb6462a75317cd276a4eaf6adb58,,
1.0,G03-260203-144224-340,G03-260203-144224-340.bmp,G03,2026-02-03T14:42:24,2026-02-03,G03_2026-02-03,340,val,normal,,1025,1281,1,5527a0dd2fb982c73d32b814de43a0889d211dfdef1bbf08fa5e8321da089693,,
1.0,G03-260203-144241-341,G03-260203-144241-341.bmp,G03,2026-02-03T14:42:41,2026-02-03,G03_2026-02-03,341,val,normal,,1025,1281,1,40c3f78dce3bb963ce2db5cde02fae403c4464d1cfec19aebb28010f7fb1b4fd,,
1.0,G03-260203-144249-342,G03-260203-144249-342.bmp,G03,2026-02-03T14:42:49,2026-02-03,G03_2026-02-03,342,val,normal,,1025,1281,1,e690b223f4e128f1946b1a672364be3476db4b0d398a3a7b2d143f4047a38974,,
1.0,G03-260203-144312-343,G03-260203-144312-343.bmp,G03,2026-02-03T14:43:12,2026-02-03,G03_2026-02-03,343,val,normal,,1025,1281,1,c167ead1fb4941bb7dbe1c358e44af94d3e9967a2d2ee7604b20f6c123109bc2,,
1.0,G03-260203-144321-344,G03-260203-144321-344.bmp,G03,2026-02-03T14:43:21,2026-02-03,G03_2026-02-03,344,val,normal,,1025,1281,1,cdf21184a8597f095f515959d160b622840e192583b38b79a327a7dbb98a6b3b,,
1.0,G03-260203-144342-345,G03-260203-144342-345.bmp,G03,2026-02-03T14:43:42,2026-02-03,G03_2026-02-03,345,val,normal,,1025,1281,1,e6c351a4cdde5d2061c95d2f36ca0a2594dedf4de6f77045c04f24ab727e3700,,
1.0,G03-260203-144400-346,G03-260203-144400-346.bmp,G03,2026-02-03T14:44:00,2026-02-03,G03_2026-02-03,346,val,normal,,1025,1281,1,4cc47ee0c7c86caba9214394ace122237cdac3a456e2e44e53d8538b1b9f4837,,
1.0,G03-260203-144411-347,G03-260203-144411-347.bmp,G03,2026-02-03T14:44:11,2026-02-03,G03_2026-02-03,347,val,normal,,1025,1281,1,8da936a7c865b64826582e0cd5cad49b8893065f69db1693ebd391c6d00a7fcb,,
1.0,G03-260203-144425-348,G03-260203-144425-348.bmp,G03,2026-02-03T14:44:25,2026-02-03,G03_2026-02-03,348,val,normal,,1025,1281,1,454aecd356a297709bd5c0a5ee84eb6d70c001df61cb6909dc84a268db6c6ebc,,
1.0,G03-260203-144442-349,G03-260203-144442-349.bmp,G03,2026-02-03T14:44:42,2026-02-03,G03_2026-02-03,349,val,normal,,1025,1281,1,ed619314a03aba7d0b4a0ff8996990a9e3d7ea27984fd9b6813c369ee8b0b0e1,,
1.0,G03-260203-144456-350,G03-260203-144456-350.bmp,G03,2026-02-03T14:44:56,2026-02-03,G03_2026-02-03,350,val,normal,,1025,1281,1,0ccc6ba5bce6f2100cc5dfbc4561a0056d660733eddb3c363f4e04ba0310163c,,
1.0,G03-260203-144512-351,G03-260203-144512-351.bmp,G03,2026-02-03T14:45:12,2026-02-03,G03_2026-02-03,351,val,normal,,1025,1281,1,68ed81920e9bbe1086b2f795304cc1f0ab32aa593bf169dd6713f1f958c095f6,,
1.0,G03-260203-144522-352,G03-260203-144522-352.bmp,G03,2026-02-03T14:45:22,2026-02-03,G03_2026-02-03,352,val,normal,,1025,1281,1,671e98c30db9183eda2dfcd6b61139916622bca37e7c2f5415de5ca51749eabf,,
1.0,G03-260203-144541-353,G03-260203-144541-353.bmp,G03,2026-02-03T14:45:41,2026-02-03,G03_2026-02-03,353,val,normal,,1025,1281,1,a3d5cc1bd6aed8fa1a1cdaaf1d0637679d1e74419a107f4ae303cb588cc2eb06,,
1.0,G03-260203-144554-354,G03-260203-144554-354.bmp,G03,2026-02-03T14:45:54,2026-02-03,G03_2026-02-03,354,val,normal,,1025,1281,1,e87dae2b453236ed8a020cd54b252d41d1fc09b7bee75aa0cb77e9e5928a35e8,,
1.0,G03-260203-144612-355,G03-260203-144612-355.bmp,G03,2026-02-03T14:46:12,2026-02-03,G03_2026-02-03,355,val,normal,,1025,1281,1,16f458f42b9e83980b81ae093b9ceeb18e85864061f31f29baacb8e06422dc65,,
1.0,G03-260203-144620-356,G03-260203-144620-356.bmp,G03,2026-02-03T14:46:20,2026-02-03,G03_2026-02-03,356,val,normal,,1025,1281,1,58eeab17862a1f33f00dc6afc6347d98006d3414beeb0b01da8adeff659fb1cd,,
1.0,G03-260203-144642-357,G03-260203-144642-357.bmp,G03,2026-02-03T14:46:42,2026-02-03,G03_2026-02-03,357,val,normal,,1025,1281,1,9e8a27776c88573caeda3ab285243d1bbd0f28a6e0cc49b1a380431183171c1e,,
1.0,G03-260203-144651-358,G03-260203-144651-358.bmp,G03,2026-02-03T14:46:51,2026-02-03,G03_2026-02-03,358,val,normal,,1025,1281,1,a26eea5600089728aaa9300c3b496fcbe87b0816b4073171465332d3bd80690d,,
1.0,G03-260203-144713-359,G03-260203-144713-359.bmp,G03,2026-02-03T14:47:13,2026-02-03,G03_2026-02-03,359,val,normal,,1025,1281,1,3dc927bd56fe374b358250783398c4667032953731b826e212853f05a4ed4008,,
1.0,G03-260203-144723-360,G03-260203-144723-360.bmp,G03,2026-02-03T14:47:23,2026-02-03,G03_2026-02-03,360,val,normal,,1025,1281,1,0aa6639c5420e04d221fc400833d5814214a2f8fc7c49b9dc8a47cb28fdcd8a4,,
1.0,G03-260203-144743-361,G03-260203-144743-361.bmp,G03,2026-02-03T14:47:43,2026-02-03,G03_2026-02-03,361,val,normal,,1025,1281,1,af9ec0206511c0e207d187922a9ac9889d5a6d17893e2386cd20f292dae863bb,,
1.0,G03-260203-144756-362,G03-260203-144756-362.bmp,G03,2026-02-03T14:47:56,2026-02-03,G03_2026-02-03,362,val,normal,,1025,1281,1,4e4edd44aa02b5356827addef48ecfda753a670ee717ddda49e3fc312a92c0e2,,
1.0,G03-260203-144812-363,G03-260203-144812-363.bmp,G03,2026-02-03T14:48:12,2026-02-03,G03_2026-02-03,363,val,normal,,1025,1281,1,caf169ad38eef11a0aa54f1284bfc96356c1216a159553483bca527e16a171d6,,
1.0,G03-260203-144826-364,G03-260203-144826-364.bmp,G03,2026-02-03T14:48:26,2026-02-03,G03_2026-02-03,364,val,normal,,1025,1281,1,c265e8791d31f6a3a4c23fc3c42745105f13cb36b02f91fd459676d53d191d85,,
1.0,G03-260203-144844-365,G03-260203-144844-365.bmp,G03,2026-02-03T14:48:44,2026-02-03,G03_2026-02-03,365,val,normal,,1025,1281,1,6370e766c805a5a1103b9668a4f07804f3b64b796af4b28647c60a8e8472d9a5,,
1.0,G03-260203-144852-366,G03-260203-144852-366.bmp,G03,2026-02-03T14:48:52,2026-02-03,G03_2026-02-03,366,val,normal,,1025,1281,1,95188552229f8c466bee939292019766a0b7bc5e3ee195824245f1ac7fb3b9ef,,
1.0,G03-260203-144912-367,G03-260203-144912-367.bmp,G03,2026-02-03T14:49:12,2026-02-03,G03_2026-02-03,367,val,normal,,1025,1281,1,8e370caa7c03312fe7e0fec111f764b9bb1e5fccb20e6e4f9f2bbd09547129bb,,
1.0,G03-260203-144925-368,G03-260203-144925-368.bmp,G03,2026-02-03T14:49:25,2026-02-03,G03_2026-02-03,368,val,normal,,1025,1281,1,5c041e5a3cdc3fa6ff9da17a6db66fe34bdac00036b886dcfe53df82ddc54a5b,,
1.0,G03-260203-144943-369,G03-260203-144943-369.bmp,G03,2026-02-03T14:49:43,2026-02-03,G03_2026-02-03,369,val,normal,,1025,1281,1,c497b6c3aef77ba4a5851c1373f0b1f946f698e93df8c20a8c2eab9cadae9a8c,,
1.0,G03-260203-144958-370,G03-260203-144958-370.bmp,G03,2026-02-03T14:49:58,2026-02-03,G03_2026-02-03,370,val,normal,,1025,1281,1,8b07dca4385d1b701864f155111c016e9e030663a7972af3f29057bc30fdb533,,
1.0,G03-260203-145013-371,G03-260203-145013-371.bmp,G03,2026-02-03T14:50:13,2026-02-03,G03_2026-02-03,371,val,normal,,1025,1281,1,a783c0cab869a84cf4a9de2c3873f3e2740e3d4cfaaaf8033e9591274e0819e7,,
1.0,G03-260203-145023-372,G03-260203-145023-372.bmp,G03,2026-02-03T14:50:23,2026-02-03,G03_2026-02-03,372,val,normal,,1025,1281,1,85b607cf8b21202e5cef15599a21c7dd75e353dd9e276986272bf96567ce39fc,,
1.0,G03-260203-145044-373,G03-260203-145044-373.bmp,G03,2026-02-03T14:50:44,2026-02-03,G03_2026-02-03,373,val,normal,,1025,1281,1,dc34f6115542684c5f37fa487bd58a4c478f872d24cd046bd58c5e6c922a3bab,,
1.0,G03-260203-145054-374,G03-260203-145054-374.bmp,G03,2026-02-03T14:50:54,2026-02-03,G03_2026-02-03,374,val,normal,,1025,1281,1,41daa66ae0b4e29075c12e0a7240debc534bbffb6937ebf00bf1fd27b821ffdf,,
1.0,G03-260203-145113-375,G03-260203-145113-375.bmp,G03,2026-02-03T14:51:13,2026-02-03,G03_2026-02-03,375,val,normal,,1025,1281,1,16ec7bddf174ec4f9e47227165b468d3649f32f66b490fafce7d319d1ed7d551,,
1.0,G03-260203-145126-376,G03-260203-145126-376.bmp,G03,2026-02-03T14:51:26,2026-02-03,G03_2026-02-03,376,val,normal,,1025,1281,1,801dac01d66e877597ee5065d6c6d8f3d17325cfe07ce6c4a812fdb4f31a9828,,
1.0,G03-260203-145144-377,G03-260203-145144-377.bmp,G03,2026-02-03T14:51:44,2026-02-03,G03_2026-02-03,377,val,normal,,1025,1281,1,e97a5d3660f49404ea465f17cfbc409fef92461c361e80c08696f0d0805babd4,,
1.0,G03-260203-145153-378,G03-260203-145153-378.bmp,G03,2026-02-03T14:51:53,2026-02-03,G03_2026-02-03,378,val,normal,,1025,1281,1,5ccb34f7dd4fd81a3a9f8ff4b8e0c85b63e8b7a21f1c9c984093b96034449eef,,
1.0,G03-260203-145214-379,G03-260203-145214-379.bmp,G03,2026-02-03T14:52:14,2026-02-03,G03_2026-02-03,379,val,normal,,1025,1281,1,c1a364c34f2bdefc65e382ad77a90a3478b7772350411fca123da68dd5c0ccdd,,
1.0,G03-260203-145223-380,G03-260203-145223-380.bmp,G03,2026-02-03T14:52:23,2026-02-03,G03_2026-02-03,380,val,normal,,1025,1281,1,b3b6c719198ec8c1f0ffe55c662ff0bd49ba51b4745a557175e71cc0b28648c2,,
1.0,G03-260203-145244-381,G03-260203-145244-381.bmp,G03,2026-02-03T14:52:44,2026-02-03,G03_2026-02-03,381,val,normal,,1025,1281,1,546cae087c8aa16e343da804ed056c9f030a4ee55b4ad68f7321ba2a3a177f49,,
1.0,G03-260203-145259-382,G03-260203-145259-382.bmp,G03,2026-02-03T14:52:59,2026-02-03,G03_2026-02-03,382,val,normal,,1025,1281,1,1213d5af850b7d5039d92ddab2bca2d26502365a2613889e63d3d468ecf2fd2c,,
1.0,G03-260203-145314-383,G03-260203-145314-383.bmp,G03,2026-02-03T14:53:14,2026-02-03,G03_2026-02-03,383,val,normal,,1025,1281,1,0e887aee5a9409daacea1f6ddf58dbd8cfc0780336108bdeef59eee263f453ee,,
1.0,G03-260203-145328-384,G03-260203-145328-384.bmp,G03,2026-02-03T14:53:28,2026-02-03,G03_2026-02-03,384,val,normal,,1025,1281,1,deac0f6953fd3a26abf009df3028c0a091210f626b316f9947e9141e65271b06,,
1.0,G03-260203-145344-385,G03-260203-145344-385.bmp,G03,2026-02-03T14:53:44,2026-02-03,G03_2026-02-03,385,val,normal,,1025,1281,1,d53471383bf929cd0130de055f8ee08fa930d1a768a0804328f3fbaa3cc0fdf0,,
1.0,G03-260203-145356-386,G03-260203-145356-386.bmp,G03,2026-02-03T14:53:56,2026-02-03,G03_2026-02-03,386,val,normal,,1025,1281,1,678965aa5f96d4266ffe67e190176ad5911279cb48edbcd92fa4e66e45d39a89,,
1.0,G03-260203-145414-387,G03-260203-145414-387.bmp,G03,2026-02-03T14:54:14,2026-02-03,G03_2026-02-03,387,val,normal,,1025,1281,1,4b2b2a0f5099fc192cb34bc832ea61169ae79314f711607b4b78b87a2dd64717,,
1.0,G03-260203-145500-388,G03-260203-145500-388.bmp,G03,2026-02-03T14:55:00,2026-02-03,G03_2026-02-03,388,val,normal,,1025,1281,1,48c1010cb9b935fe343e88edf40aa2de49248da729cd039a58b9f26ee9fbd88b,,
1.0,G03-260203-145502-389,G03-260203-145502-389.bmp,G03,2026-02-03T14:55:02,2026-02-03,G03_2026-02-03,389,val,normal,,1025,1281,1,ed599b39df2dc334d7f7c872c1302871128e4fafcbe237d538c202416eed0e19,,
1.0,G03-260203-145508-390,G03-260203-145508-390.bmp,G03,2026-02-03T14:55:08,2026-02-03,G03_2026-02-03,390,val,normal,,1025,1281,1,8f82132eea1988ec4a305d3be9932e4f6410c5adb550dc394f0a5a8dc6fe7911,,
1.0,G03-260203-145517-391,G03-260203-145517-391.bmp,G03,2026-02-03T14:55:17,2026-02-03,G03_2026-02-03,391,val,normal,,1025,1281,1,7e5b0de9a6731a787d00b1d6bbda190efd5bfea4d33af50ea79ffa86dafa9d5a,,
1.0,G03-260203-145529-392,G03-260203-145529-392.bmp,G03,2026-02-03T14:55:29,2026-02-03,G03_2026-02-03,392,val,normal,,1025,1281,1,e91d355bb2e48e07df0faa29cc7b2bd68099a0825038e551e0d25fc2ea40c7db,,
1.0,G03-260203-145545-393,G03-260203-145545-393.bmp,G03,2026-02-03T14:55:45,2026-02-03,G03_2026-02-03,393,val,normal,,1025,1281,1,8fbef2bebb9b8d8de67870d2b58da3805b2cb394ebbf39828f491bf9e782fee9,,
1.0,G03-260203-145559-394,G03-260203-145559-394.bmp,G03,2026-02-03T14:55:59,2026-02-03,G03_2026-02-03,394,val,normal,,1025,1281,1,286d90d06de32a9a1ad0b6213aca4c3c2fbda0c6b84847ae3aa005da4084173a,,
1.0,G03-260203-145615-395,G03-260203-145615-395.bmp,G03,2026-02-03T14:56:15,2026-02-03,G03_2026-02-03,395,val,normal,,1025,1281,1,964c97d59fa632b9c9e739fa2b65f578214ad4fc2d3a79f224cebe29f9de17b8,,
1.0,G03-260203-145630-396,G03-260203-145630-396.bmp,G03,2026-02-03T14:56:30,2026-02-03,G03_2026-02-03,396,val,normal,,1025,1281,1,9df5c47cef2c8393ed051d87a32b37961a5b7fff9c1ccac6d8390bfee445e521,,
1.0,G03-260203-145645-397,G03-260203-145645-397.bmp,G03,2026-02-03T14:56:45,2026-02-03,G03_2026-02-03,397,val,normal,,1025,1281,1,4d06a95f08fb4f07c593b75c7d3f9b60bb5b11fa7afb1d0541da6cf259990b80,,
1.0,G03-260203-145659-398,G03-260203-145659-398.bmp,G03,2026-02-03T14:56:59,2026-02-03,G03_2026-02-03,398,val,normal,,1025,1281,1,1f63941e47bd30159badb01f7c40f4d718f7b13bb6ddcb77a664d01c428cbec8,,
1.0,G03-260203-145715-399,G03-260203-145715-399.bmp,G03,2026-02-03T14:57:15,2026-02-03,G03_2026-02-03,399,val,normal,,1025,1281,1,16930bfdb8dc30fce5cdb3696a6df81af2e4e7c1222e7b164c0173ae7cddee7d,,
1.0,G03-260203-145724-400,G03-260203-145724-400.bmp,G03,2026-02-03T14:57:24,2026-02-03,G03_2026-02-03,400,val,normal,,1025,1281,1,2cb17f3b7996338130b3d376f66270770672c0f6f3914c521d4d4f3aa96a755c,,
1.0,G03-260203-145745-401,G03-260203-145745-401.bmp,G03,2026-02-03T14:57:45,2026-02-03,G03_2026-02-03,401,val,normal,,1025,1281,1,7440f7653b9abc027679094eb1fdbaeaaede658ef4b7f4cf1b04e87069785bd0,,
1.0,G03-260203-145757-402,G03-260203-145757-402.bmp,G03,2026-02-03T14:57:57,2026-02-03,G03_2026-02-03,402,val,normal,,1025,1281,1,ba214d0a1ac24586990200194a877d3d08f379f2f92b68346ce5e8cee120690c,,
1.0,G03-260203-145815-403,G03-260203-145815-403.bmp,G03,2026-02-03T14:58:15,2026-02-03,G03_2026-02-03,403,val,normal,,1025,1281,1,03a38c41c88c759c8fc8c3c0ae030350b92db29730664c42859272f690caa677,,
1.0,G03-260203-145827-404,G03-260203-145827-404.bmp,G03,2026-02-03T14:58:27,2026-02-03,G03_2026-02-03,404,val,normal,,1025,1281,1,d6debcdc19d2fb9ca2b9e76f7322f4d522977e905e6964410c5599b3f6e70b16,,
1.0,G03-260203-145846-405,G03-260203-145846-405.bmp,G03,2026-02-03T14:58:46,2026-02-03,G03_2026-02-03,405,val,normal,,1025,1281,1,8cc5bf92b5a6650d4b4d4134f937610485068b13a4d08f4a426dc6e8ecbf9479,,
1.0,G03-260203-145940-406,G03-260203-145940-406.bmp,G03,2026-02-03T14:59:40,2026-02-03,G03_2026-02-03,406,val,normal,,1025,1281,1,9647ab0029e32eb71275946eac05e54505f69db1799697356d5e39b99d7b7aaf,,
1.0,G03-260203-150018-407,G03-260203-150018-407.bmp,G03,2026-02-03T15:00:18,2026-02-03,G03_2026-02-03,407,val,normal,,1025,1281,1,0720859503007bae450ab928597dc766839ae84ac798d6c37a5f2e08ab17716d,,
1.0,G03-260203-150028-408,G03-260203-150028-408.bmp,G03,2026-02-03T15:00:28,2026-02-03,G03_2026-02-03,408,val,normal,,1025,1281,1,71bbd81a0f74175f6eda900dad604673db6d5c9113c281fcb3965e715c91b879,,
1.0,G03-260203-150038-409,G03-260203-150038-409.bmp,G03,2026-02-03T15:00:38,2026-02-03,G03_2026-02-03,409,val,normal,,1025,1281,1,e23e6086f2a84cb42ca2058e45e79caba7bb81b186ee2ee6d7d8f4346c6e0ba9,,
1.0,G03-260203-150048-410,G03-260203-150048-410.bmp,G03,2026-02-03T15:00:48,2026-02-03,G03_2026-02-03,410,val,normal,,1025,1281,1,8d9083fcd943136403ced06a430561eaf2429f44c67a7f060c5f081f913acdb2,,
1.0,G03-260203-150058-411,G03-260203-150058-411.bmp,G03,2026-02-03T15:00:58,2026-02-03,G03_2026-02-03,411,val,normal,,1025,1281,1,0b74d68a91fabe05de7ee9daace9e4d5458efa6ef32462019f629dfb6b14e6e3,,
1.0,G03-260203-150108-412,G03-260203-150108-412.bmp,G03,2026-02-03T15:01:08,2026-02-03,G03_2026-02-03,412,val,normal,,1025,1281,1,05361df659f9ebc88e42adbdcabddb5cc5c0cefe3c0aee55d250e1590827d46f,,
1.0,G03-260203-150118-413,G03-260203-150118-413.bmp,G03,2026-02-03T15:01:18,2026-02-03,G03_2026-02-03,413,val,normal,,1025,1281,1,be1e18d2bbdb8c9346ddf41dd5669163766e716443ac95866f9160ea79e5fa87,,
1.0,G03-260203-150128-414,G03-260203-150128-414.bmp,G03,2026-02-03T15:01:28,2026-02-03,G03_2026-02-03,414,val,normal,,1025,1281,1,0b7018182e951d5a0dfb348133674fa2376c125b272d68bd55aa636706dcb948,,
1.0,G03-260203-150138-415,G03-260203-150138-415.bmp,G03,2026-02-03T15:01:38,2026-02-03,G03_2026-02-03,415,val,normal,,1025,1281,1,ae9ec4ad47f9f9d925b987f4d1c8d83dce0f8b74937b92e228184f818b14ac3e,,
1.0,G03-260203-150148-416,G03-260203-150148-416.bmp,G03,2026-02-03T15:01:48,2026-02-03,G03_2026-02-03,416,val,normal,,1025,1281,1,ffadc6680e9887981b554941371fa5a351072076753a8d0b13d61fce0fa29350,,
1.0,G03-260203-150157-417,G03-260203-150157-417.bmp,G03,2026-02-03T15:01:57,2026-02-03,G03_2026-02-03,417,val,normal,,1025,1281,1,fcbd6284a1aeb25f6ab8edd63c73a72e823625a0f158a8fe65930ad0d88e81de,,
1.0,G03-260203-150203-418,G03-260203-150203-418.bmp,G03,2026-02-03T15:02:03,2026-02-03,G03_2026-02-03,418,val,normal,,1025,1281,1,db585e3fd0af313cd28498a8f4f93cb58d08d20029e233c1d94532eaeaa8b140,,
1.0,G03-260203-150218-419,G03-260203-150218-419.bmp,G03,2026-02-03T15:02:18,2026-02-03,G03_2026-02-03,419,val,normal,,1025,1281,1,100e7571f6b6ad8d8a7f8b93b7551df280022841a446409b7675d4f89065be18,,
1.0,G03-260203-150229-420,G03-260203-150229-420.bmp,G03,2026-02-03T15:02:29,2026-02-03,G03_2026-02-03,420,val,normal,,1025,1281,1,9ab58cf9df64d5cbc9cea8c9e4e8955b876e990709881c642cf10bbf6f649769,,
1.0,G03-260203-150246-421,G03-260203-150246-421.bmp,G03,2026-02-03T15:02:46,2026-02-03,G03_2026-02-03,421,val,normal,,1025,1281,1,8b00a5da752c8929edd67ef3fe7f5bf534ccc70d979d39d99305708ad8482a9e,,
1.0,G03-260203-150255-422,G03-260203-150255-422.bmp,G03,2026-02-03T15:02:55,2026-02-03,G03_2026-02-03,422,val,normal,,1025,1281,1,bf3635a0a18e4213c2813e0b43b2247ac492ac818862a4c4a328549870d2803b,,
1.0,G03-260203-150317-423,G03-260203-150317-423.bmp,G03,2026-02-03T15:03:17,2026-02-03,G03_2026-02-03,423,val,normal,,1025,1281,1,c8392b6895c48ec5eb7abd78016e69ab24bca04e8e6f05d97dae9ea77925f9bc,,
1.0,G03-260203-150327-424,G03-260203-150327-424.bmp,G03,2026-02-03T15:03:27,2026-02-03,G03_2026-02-03,424,val,normal,,1025,1281,1,7e1a204f7d61d719129a07f03096062cda1ab55df07aa7db1cf040fe7db939cc,,
1.0,G03-260203-150348-425,G03-260203-150348-425.bmp,G03,2026-02-03T15:03:48,2026-02-03,G03_2026-02-03,425,val,normal,,1025,1281,1,d7d91d3ff58d69c47fe73546e58def5e89d51790a3fe7aa4a6ab35a992a5ff06,,
1.0,G03-260203-150417-426,G03-260203-150417-426.bmp,G03,2026-02-03T15:04:17,2026-02-03,G03_2026-02-03,426,val,normal,,1025,1281,1,9d90808fd882b8810b55938d860d485b021f79b081011e8014b87508b584cc86,,
1.0,G03-260203-150427-427,G03-260203-150427-427.bmp,G03,2026-02-03T15:04:27,2026-02-03,G03_2026-02-03,427,val,normal,,1025,1281,1,4612d7c63c952e9ad48cadb1a99315be57499b6385b3ad1c3c53ce896f654ad3,,
1.0,G03-260203-150448-428,G03-260203-150448-428.bmp,G03,2026-02-03T15:04:48,2026-02-03,G03_2026-02-03,428,val,normal,,1025,1281,1,f4ad4072f7b45d37f4712776c8e92da3e5e8ed9dd2a2a3dd5b802d03d60f34a7,,
1.0,G03-260203-150459-429,G03-260203-150459-429.bmp,G03,2026-02-03T15:04:59,2026-02-03,G03_2026-02-03,429,val,normal,,1025,1281,1,7e97aed8d6b99c3c9b0c72085e719288a110383c5b1b7097b91f32c347771d2f,,
1.0,G03-260203-150518-430,G03-260203-150518-430.bmp,G03,2026-02-03T15:05:18,2026-02-03,G03_2026-02-03,430,val,normal,,1025,1281,1,6534e3d6325993c07cf821d6f56bca60ba5cb481f85cbdd3afd682eb107cdbec,,
1.0,G03-260203-150534-431,G03-260203-150534-431.bmp,G03,2026-02-03T15:05:34,2026-02-03,G03_2026-02-03,431,val,normal,,1025,1281,1,7dc80b37671f017a6b7146d6b0559fd59e711f8eee60d702d25be6617d926d15,,
1.0,G03-260203-150547-432,G03-260203-150547-432.bmp,G03,2026-02-03T15:05:47,2026-02-03,G03_2026-02-03,432,val,normal,,1025,1281,1,95abc54a4a24acba4f529518f89dd2e9596936fa92197c85a3008c6878348c41,,
1.0,G03-260203-150559-433,G03-260203-150559-433.bmp,G03,2026-02-03T15:05:59,2026-02-03,G03_2026-02-03,433,val,normal,,1025,1281,1,3fb2e1ca0eb5825d3518f186a307d48df877631b2653f8cbde37af7113409065,,
1.0,G03-260203-150618-434,G03-260203-150618-434.bmp,G03,2026-02-03T15:06:18,2026-02-03,G03_2026-02-03,434,val,normal,,1025,1281,1,16c51f593b05eb3d65a93655dc433bdc1e47f54cb7f5be59f013a3f468986f80,,
1.0,G03-260203-150626-435,G03-260203-150626-435.bmp,G03,2026-02-03T15:06:26,2026-02-03,G03_2026-02-03,435,val,normal,,1025,1281,1,8c74eda0a35c4bafe2bb70e77b7bf532595ad726a75f1476891711199fe61495,,
1.0,G03-260203-150647-436,G03-260203-150647-436.bmp,G03,2026-02-03T15:06:47,2026-02-03,G03_2026-02-03,436,val,normal,,1025,1281,1,9cd9b4ceb0901b8795aef1917af83fb296b4af219e839890589dbbd04a6bf929,,
1.0,G03-260203-150700-437,G03-260203-150700-437.bmp,G03,2026-02-03T15:07:00,2026-02-03,G03_2026-02-03,437,val,normal,,1025,1281,1,5a21489585718f4159141bf75ba4672e970179c313b2ce86769644ddd2634d5a,,
1.0,G03-260203-150717-438,G03-260203-150717-438.bmp,G03,2026-02-03T15:07:17,2026-02-03,G03_2026-02-03,438,val,normal,,1025,1281,1,c02470f0fdb3a04ff8116ba4fb21f7d330de8b0e9a1d81e45576d488532fdda8,,
1.0,G03-260203-150729-439,G03-260203-150729-439.bmp,G03,2026-02-03T15:07:29,2026-02-03,G03_2026-02-03,439,val,normal,,1025,1281,1,709dde78f6a78bcb0c7b4952e09496cab28a4d81743eee1ec9a35a155c5c0011,,
1.0,G03-260203-150749-440,G03-260203-150749-440.bmp,G03,2026-02-03T15:07:49,2026-02-03,G03_2026-02-03,440,val,normal,,1025,1281,1,002cc1e7b54af843dadae2ffe769e8ea2fc17cf65dc3f62045376c55c2e92d0c,,
1.0,G03-260203-150758-441,G03-260203-150758-441.bmp,G03,2026-02-03T15:07:58,2026-02-03,G03_2026-02-03,441,val,normal,,1025,1281,1,3cf9d572eefc0a19fa1e73c7b43a77dabf39a1c5acb7b1d6d71804a1c54e0667,,
1.0,G03-260203-150817-442,G03-260203-150817-442.bmp,G03,2026-02-03T15:08:17,2026-02-03,G03_2026-02-03,442,val,normal,,1025,1281,1,413bb94b358565c14cf1e2fdf4026f8f5158055634363734d772a7e8fc539784,,
1.0,G03-260203-150827-443,G03-260203-150827-443.bmp,G03,2026-02-03T15:08:27,2026-02-03,G03_2026-02-03,443,val,normal,,1025,1281,1,af86a0b64dac82ca9b7e1c7661393a4c19bb2457297c74f3b81e9b4dcfdc8b7f,,
1.0,G03-260203-150848-444,G03-260203-150848-444.bmp,G03,2026-02-03T15:08:48,2026-02-03,G03_2026-02-03,444,val,normal,,1025,1281,1,9363dfe8e2c2c9bd0fb239025f0b432ca623becd2635cab7bf1d1dc6afbc80fd,,
1.0,G03-260203-150859-445,G03-260203-150859-445.bmp,G03,2026-02-03T15:08:59,2026-02-03,G03_2026-02-03,445,val,normal,,1025,1281,1,2787be3fa890fb4bf9009234d11db18fcc5aa84976967830b99097f0fa97414b,,
1.0,G03-260203-150918-446,G03-260203-150918-446.bmp,G03,2026-02-03T15:09:18,2026-02-03,G03_2026-02-03,446,val,normal,,1025,1281,1,3405e3f347cacaae2d767fcc1ce6f02e963dbaf9de34685cc7ad9b1a789206bf,,
1.0,G03-260203-150929-447,G03-260203-150929-447.bmp,G03,2026-02-03T15:09:29,2026-02-03,G03_2026-02-03,447,val,normal,,1025,1281,1,7cf6f4dde842d76b1971233be56315f25a0ce633623d83fee9eb21ebdf9f8dea,,
1.0,G03-260203-150948-448,G03-260203-150948-448.bmp,G03,2026-02-03T15:09:48,2026-02-03,G03_2026-02-03,448,val,normal,,1025,1281,1,3943e91392b3064c012bb49184b66f473824bf556e7c34146dc4030776399629,,
1.0,G03-260203-150959-449,G03-260203-150959-449.bmp,G03,2026-02-03T15:09:59,2026-02-03,G03_2026-02-03,449,val,normal,,1025,1281,1,b6639aab99a8df1425f8d25f7dae1a3e217e9232bb7ddd31dafa3802992e40ac,,
1.0,G03-260203-151019-450,G03-260203-151019-450.bmp,G03,2026-02-03T15:10:19,2026-02-03,G03_2026-02-03,450,val,normal,,1025,1281,1,fadabe4ce6d391770aea95322b3b1e7ce3d15f71a8d15811013dd77344758b66,,
1.0,G03-260203-151026-451,G03-260203-151026-451.bmp,G03,2026-02-03T15:10:26,2026-02-03,G03_2026-02-03,451,val,normal,,1025,1281,1,22168e507ef8aa78f9eceb3d86236e8b180ac355126014b0278cd99cd97dddd6,,
1.0,G03-260203-151049-452,G03-260203-151049-452.bmp,G03,2026-02-03T15:10:49,2026-02-03,G03_2026-02-03,452,val,normal,,1025,1281,1,ff269f5dc3ac22253351b404069fcdc251d541df5d6c9e28a247a6338d21da99,,
1.0,G03-260203-151100-453,G03-260203-151100-453.bmp,G03,2026-02-03T15:11:00,2026-02-03,G03_2026-02-03,453,val,normal,,1025,1281,1,5dc0e616daa492b40919b852d1cb6be932125c875f561cc6eeb55344e083b75c,,
1.0,G03-260203-151119-454,G03-260203-151119-454.bmp,G03,2026-02-03T15:11:19,2026-02-03,G03_2026-02-03,454,val,normal,,1025,1281,1,3854776d8abb4c63ae1f4815b2c6ba2363390046291c81ed1396426ac819b630,,
1.0,G03-260203-151133-455,G03-260203-151133-455.bmp,G03,2026-02-03T15:11:33,2026-02-03,G03_2026-02-03,455,val,normal,,1025,1281,1,bbcce085c1f74a252c670ed5525357ca388462b8eaae0aedc60f66c63f58dc5a,,
1.0,G03-260203-151149-456,G03-260203-151149-456.bmp,G03,2026-02-03T15:11:49,2026-02-03,G03_2026-02-03,456,val,normal,,1025,1281,1,2593c849aab3f85d0d88ffa86b0448ff5db46b7e591cae47a678ff97b10e0160,,
1.0,G03-260203-151202-457,G03-260203-151202-457.bmp,G03,2026-02-03T15:12:02,2026-02-03,G03_2026-02-03,457,val,normal,,1025,1281,1,fda925987dd6f0e74532502cea3020bdd696be94a40983b88c7e1a7f5a4d5eda,,
1.0,G03-260203-151220-458,G03-260203-151220-458.bmp,G03,2026-02-03T15:12:20,2026-02-03,G03_2026-02-03,458,val,normal,,1025,1281,1,bdf38abf80650a8dbcd24199a385da5ef49ce0b49546ec386833f72c84ac0718,,
1.0,G03-260203-151230-459,G03-260203-151230-459.bmp,G03,2026-02-03T15:12:30,2026-02-03,G03_2026-02-03,459,val,normal,,1025,1281,1,085f38d286ec6ebd52de2fcc92d13f3d5baa0e493f5985491777d273a5de20ba,,
1.0,G03-260203-151249-460,G03-260203-151249-460.bmp,G03,2026-02-03T15:12:49,2026-02-03,G03_2026-02-03,460,val,normal,,1025,1281,1,7df6241a3670c92412e05c5e359210299e84711aea560a83a100bb8f9b9cd77f,,
1.0,G03-260203-151302-461,G03-260203-151302-461.bmp,G03,2026-02-03T15:13:02,2026-02-03,G03_2026-02-03,461,val,normal,,1025,1281,1,59128d2abce9509278c7b461c61d39030cd2f5e6eeb70a0c1539ed1554b446ff,,
1.0,G03-260203-151320-462,G03-260203-151320-462.bmp,G03,2026-02-03T15:13:20,2026-02-03,G03_2026-02-03,462,val,normal,,1025,1281,1,19b946435ca9776a2db5afa19d6a4ce5452022f127e29f11a3c67bd9332323db,,
1.0,G03-260203-151333-463,G03-260203-151333-463.bmp,G03,2026-02-03T15:13:33,2026-02-03,G03_2026-02-03,463,val,normal,,1025,1281,1,45044f6cd95d955908ed15fd390b2993767b14d7a1dffa8f2f3d024d6996e668,,
1.0,G03-260203-151349-464,G03-260203-151349-464.bmp,G03,2026-02-03T15:13:49,2026-02-03,G03_2026-02-03,464,val,normal,,1025,1281,1,4d64f8a09ba5ba593312cc3a9829cb0d88bb2152a73f5ca89e80328e06fd26ad,,
1.0,G03-260203-151358-465,G03-260203-151358-465.bmp,G03,2026-02-03T15:13:58,2026-02-03,G03_2026-02-03,465,val,normal,,1025,1281,1,1cfdbf91deffff4e621d584c3624e4eb2669a15b18bc73ffc39172e08723d3b8,,
1.0,G03-260203-151420-466,G03-260203-151420-466.bmp,G03,2026-02-03T15:14:20,2026-02-03,G03_2026-02-03,466,val,normal,,1025,1281,1,0fb95265052851ea56dba057b1ade17eecce777f1480c0f147f4fb70e7e11f81,,
1.0,G03-260203-151431-467,G03-260203-151431-467.bmp,G03,2026-02-03T15:14:31,2026-02-03,G03_2026-02-03,467,val,normal,,1025,1281,1,3e90b4db498649eb57d28a151899f5bd5cb1c6a9c63c5e536a18c0fdb294380c,,
1.0,G03-260203-151448-468,G03-260203-151448-468.bmp,G03,2026-02-03T15:14:48,2026-02-03,G03_2026-02-03,468,val,normal,,1025,1281,1,422c69783764872761794fed63a8e88561357b375ac6f379bb04b2dfa5ab9bd9,,
1.0,G03-260203-151458-469,G03-260203-151458-469.bmp,G03,2026-02-03T15:14:58,2026-02-03,G03_2026-02-03,469,val,normal,,1025,1281,1,d40b548a665c5f0e52cbdda37d3ec31d23f2c9b1fe212f32781fa48d36af1487,,
1.0,G03-260203-151520-470,G03-260203-151520-470.bmp,G03,2026-02-03T15:15:20,2026-02-03,G03_2026-02-03,470,val,normal,,1025,1281,1,1a24aaa38c9c454d27972533bae371a096e64406a07712ad1c14b32d99601123,,
1.0,G03-260203-151529-471,G03-260203-151529-471.bmp,G03,2026-02-03T15:15:29,2026-02-03,G03_2026-02-03,471,val,normal,,1025,1281,1,261d9c832ca457b368e54a8a5ca5dd65f1b37f94e4309862cdf8a0f9b462f5c9,,
1.0,G03-260203-151550-472,G03-260203-151550-472.bmp,G03,2026-02-03T15:15:50,2026-02-03,G03_2026-02-03,472,val,normal,,1025,1281,1,48763fa192852ec06bdc34a2bfa5fb7ba51d521d981515c42ac957694ac472c8,,
1.0,G03-260203-151600-473,G03-260203-151600-473.bmp,G03,2026-02-03T15:16:00,2026-02-03,G03_2026-02-03,473,val,normal,,1025,1281,1,0f1531cee2ab27cd3ae0d9433ea8fa2aa5bbe8c67abc13bdf2900ee265e1bfdf,,
1.0,G03-260203-151620-474,G03-260203-151620-474.bmp,G03,2026-02-03T15:16:20,2026-02-03,G03_2026-02-03,474,val,normal,,1025,1281,1,4ec5000197c4b0168737ff99614c55d1155191c3da3857651213c874f3fab9e4,,
1.0,G03-260203-151632-475,G03-260203-151632-475.bmp,G03,2026-02-03T15:16:32,2026-02-03,G03_2026-02-03,475,val,normal,,1025,1281,1,04c35ff9aac2280bef40de5dc6573249acf1142be77ddd6c5619d04e1e0034ca,,
1.0,G03-260203-151652-476,G03-260203-151652-476.bmp,G03,2026-02-03T15:16:52,2026-02-03,G03_2026-02-03,476,val,normal,,1025,1281,1,c27b4cb0c300a580dbce13671761b404839ff38fd97f94de8351ce52410fd0ba,,
1.0,G03-260203-151704-477,G03-260203-151704-477.bmp,G03,2026-02-03T15:17:04,2026-02-03,G03_2026-02-03,477,val,normal,,1025,1281,1,a290d22c0ddabf5e130929979f652f6caa9986162ab3d8b2ff60fc01cfd7f05e,,
1.0,G03-260203-151720-478,G03-260203-151720-478.bmp,G03,2026-02-03T15:17:20,2026-02-03,G03_2026-02-03,478,val,normal,,1025,1281,1,d04eb49c091535bb9e526b18c31009b43e8ca8d45bd880ae30466d48e3c6391a,,
1.0,G03-260203-151729-479,G03-260203-151729-479.bmp,G03,2026-02-03T15:17:29,2026-02-03,G03_2026-02-03,479,val,normal,,1025,1281,1,e420be55f0237b000868285c9dfe875347b1329f1b50a0472dad3b8e228df4e4,,
1.0,G03-260203-151751-480,G03-260203-151751-480.bmp,G03,2026-02-03T15:17:51,2026-02-03,G03_2026-02-03,480,val,normal,,1025,1281,1,f0a33fad7d46fcc9bc4c42b379a59675813c27f37bc5a257f74d6c471c1b1a39,,
1.0,G03-260203-151801-481,G03-260203-151801-481.bmp,G03,2026-02-03T15:18:01,2026-02-03,G03_2026-02-03,481,val,normal,,1025,1281,1,44c855997da46e2be4cb760f1d7fb0dbd9c80a12b55c7109c7af3fcabd98a413,,
1.0,G03-260204-120012-331,G03-260204-120012-331.bmp,G03,2026-02-04T12:00:12,2026-02-04,G03_2026-02-04,331,test,normal,,1025,1281,1,2b137994c9212801215c0e00ea51fca085724d3b1fcc955d378ecc5ff92a7bc4,,
1.0,G03-260204-120020-332,G03-260204-120020-332.bmp,G03,2026-02-04T12:00:20,2026-02-04,G03_2026-02-04,332,test,normal,,1025,1281,1,f47edffbc6429c55e7ebae9e1b90f9ea4d6eb9dd18d003e68560b5ee68120c7c,,
1.0,G03-260204-120043-333,G03-260204-120043-333.bmp,G03,2026-02-04T12:00:43,2026-02-04,G03_2026-02-04,333,test,normal,,1025,1281,1,397126e3b92f9a5e4c505449014a78a4ba90cf0cbae7ce695be554b16d1b018f,,
1.0,G03-260204-120050-334,G03-260204-120050-334.bmp,G03,2026-02-04T12:00:50,2026-02-04,G03_2026-02-04,334,test,normal,,1025,1281,1,738d901792d760e119e3be3a71c606b579fa19284a74a81d557fabd8b3784f00,,
1.0,G03-260204-120114-335,G03-260204-120114-335.bmp,G03,2026-02-04T12:01:14,2026-02-04,G03_2026-02-04,335,test,normal,,1025,1281,1,9eb2b706eee2319abe0476e484a1bf1e1fd74e7f979f7b0d09a3211cea6758b3,,
1.0,G03-260204-120121-336,G03-260204-120121-336.bmp,G03,2026-02-04T12:01:21,2026-02-04,G03_2026-02-04,336,test,normal,,1025,1281,1,a86070e814e680e3017805aad66be815d95bd56dc21aaa3b863a9abb65a00f6d,,
1.0,G03-260204-120143-337,G03-260204-120143-337.bmp,G03,2026-02-04T12:01:43,2026-02-04,G03_2026-02-04,337,test,normal,,1025,1281,1,3f2cdaf048798944cf1e789546379a32e2b8697c28f9f1a27e4d5f7a88eed63d,,
1.0,G03-260204-120150-338,G03-260204-120150-338.bmp,G03,2026-02-04T12:01:50,2026-02-04,G03_2026-02-04,338,test,normal,,1025,1281,1,d0721db288298cb6c5d728f35997e7a14b184f9d262359cd94edd66133ce2553,,
1.0,G03-260204-120213-339,G03-260204-120213-339.bmp,G03,2026-02-04T12:02:13,2026-02-04,G03_2026-02-04,339,test,normal,,1025,1281,1,9a15cec0ed0dfd3b3da80044404c8ce8afe7959a28710c5f048900d35cc3ff05,,
1.0,G03-260204-120219-340,G03-260204-120219-340.bmp,G03,2026-02-04T12:02:19,2026-02-04,G03_2026-02-04,340,test,normal,,1025,1281,1,3858dfba08e38c1ae2e3aac3cf8e2b5a7b4eb06fccad4aac361216d3713daa6d,,
1.0,G03-260204-120243-341,G03-260204-120243-341.bmp,G03,2026-02-04T12:02:43,2026-02-04,G03_2026-02-04,341,test,normal,,1025,1281,1,062a3a3fd76c3a26a3cd7d6c1e46fc6ac9c0368b43a522d0f83ed5ccfdec125b,,
1.0,G03-260204-120250-342,G03-260204-120250-342.bmp,G03,2026-02-04T12:02:50,2026-02-04,G03_2026-02-04,342,test,normal,,1025,1281,1,221d4284be6d0e6b4e806f70300c2e7330d1216d607ef568136d83dac8c0ad0c,,
1.0,G03-260204-120314-343,G03-260204-120314-343.bmp,G03,2026-02-04T12:03:14,2026-02-04,G03_2026-02-04,343,test,normal,,1025,1281,1,6979693fb8da0bf2f5b74ab6cda62d999d7530120897ea1ca2dae62869bee8b1,,
1.0,G03-260204-120321-344,G03-260204-120321-344.bmp,G03,2026-02-04T12:03:21,2026-02-04,G03_2026-02-04,344,test,normal,,1025,1281,1,3fcdbf016d6d6b5ac4b4c15adc73813e18c956748558106cc731d157420a685f,,
1.0,G03-260204-120344-345,G03-260204-120344-345.bmp,G03,2026-02-04T12:03:44,2026-02-04,G03_2026-02-04,345,test,normal,,1025,1281,1,398656163e168d3eafae5416994558f1c44dc89d8e95d22a7b951cfe2619f5b0,,
1.0,G03-260204-120351-346,G03-260204-120351-346.bmp,G03,2026-02-04T12:03:51,2026-02-04,G03_2026-02-04,346,test,normal,,1025,1281,1,9de0e932e47d7a689b2f07f29dc1626ed50b0c8415b88a5cb4ea4e12e35f44a8,,
1.0,G03-260204-120414-347,G03-260204-120414-347.bmp,G03,2026-02-04T12:04:14,2026-02-04,G03_2026-02-04,347,test,normal,,1025,1281,1,c02c4907f46ba3781f38c1403fc26671d1c8e393b5e2727e61e8efe87ec34743,,
1.0,G03-260204-120420-348,G03-260204-120420-348.bmp,G03,2026-02-04T12:04:20,2026-02-04,G03_2026-02-04,348,test,normal,,1025,1281,1,ab2075c162cefbdf7529fa95733ba0d062aab926ebddb6edc47a5be69cbc6782,,
1.0,G03-260204-120444-349,G03-260204-120444-349.bmp,G03,2026-02-04T12:04:44,2026-02-04,G03_2026-02-04,349,test,normal,,1025,1281,1,c00c3ac52d751ab6940b466ef34e46bc09b30fff122615364779e67865e531fd,,
1.0,G03-260204-120450-350,G03-260204-120450-350.bmp,G03,2026-02-04T12:04:50,2026-02-04,G03_2026-02-04,350,test,normal,,1025,1281,1,b659e04d410fe96b4d2f6c95616fa0fd8de0ef2617954deb94b7598051a03a35,,
1.0,G03-260204-120515-351,G03-260204-120515-351.bmp,G03,2026-02-04T12:05:15,2026-02-04,G03_2026-02-04,351,test,normal,,1025,1281,1,ac596df394b9699f3a052dabf639873d2ca5d0ffe1dffd89270b0c9269ff684e,,
1.0,G03-260204-120522-352,G03-260204-120522-352.bmp,G03,2026-02-04T12:05:22,2026-02-04,G03_2026-02-04,352,test,normal,,1025,1281,1,017d35b65d6beeb402bec3c5d950e46d99d22f7922ec090c88bbaf85c78cbafd,,
1.0,G03-260204-120544-353,G03-260204-120544-353.bmp,G03,2026-02-04T12:05:44,2026-02-04,G03_2026-02-04,353,test,normal,,1025,1281,1,b30db21e2eb0384eb764864a70c6a92fe386340b293303313e4bc5276471bd54,,
1.0,G03-260204-120551-354,G03-260204-120551-354.bmp,G03,2026-02-04T12:05:51,2026-02-04,G03_2026-02-04,354,test,normal,,1025,1281,1,130f4cba5b6ebf907929abaa93db72f5c48839677e85ca3c05e5ea1e0916629d,,
1.0,G03-260204-120614-355,G03-260204-120614-355.bmp,G03,2026-02-04T12:06:14,2026-02-04,G03_2026-02-04,355,test,normal,,1025,1281,1,58602fd27d5ae9cf4b5c2f2d4321adf5cc281be15abcc60f6ae0bf3643bfc5fa,,
1.0,G03-260204-120621-356,G03-260204-120621-356.bmp,G03,2026-02-04T12:06:21,2026-02-04,G03_2026-02-04,356,test,normal,,1025,1281,1,5810dd83dae322df54727e974c2341806ec815ca029191761dcae49049f4f93e,,
1.0,G03-260204-120645-357,G03-260204-120645-357.bmp,G03,2026-02-04T12:06:45,2026-02-04,G03_2026-02-04,357,test,normal,,1025,1281,1,07bd6ec4f7390a8a2a75fe65e62ace02ec92476ce276c4143f95a2f0db13c9e0,,
1.0,G03-260204-120652-358,G03-260204-120652-358.bmp,G03,2026-02-04T12:06:52,2026-02-04,G03_2026-02-04,358,test,normal,,1025,1281,1,7199243022513d6ecc62ad32bcc8adf6e7403e6ef5df2736f3fdfdee4b76502c,,
1.0,G03-260204-120715-359,G03-260204-120715-359.bmp,G03,2026-02-04T12:07:15,2026-02-04,G03_2026-02-04,359,test,normal,,1025,1281,1,33561c67186f5966dfcecc674bdf535c1f43df37ac734b379c85d6ae3a30b31e,,
1.0,G03-260204-120722-360,G03-260204-120722-360.bmp,G03,2026-02-04T12:07:22,2026-02-04,G03_2026-02-04,360,test,normal,,1025,1281,1,1f11ef13a0fbb179c511e2ad746637ed5fa656a78cf7fffbf2e0ee7c0c94e9b7,,
1.0,G03-260204-120747-361,G03-260204-120747-361.bmp,G03,2026-02-04T12:07:47,2026-02-04,G03_2026-02-04,361,test,normal,,1025,1281,1,51a61f87ba2262875ae27022429c2caf656b45ab9ac81a9d9b64b86b3466113f,,
1.0,G03-260204-120754-362,G03-260204-120754-362.bmp,G03,2026-02-04T12:07:54,2026-02-04,G03_2026-02-04,362,test,normal,,1025,1281,1,4fe9a855f2317bd4a91bdc62287277b135fe2176c833abea5a527abeae5bfa0e,,
1.0,G03-260204-120816-363,G03-260204-120816-363.bmp,G03,2026-02-04T12:08:16,2026-02-04,G03_2026-02-04,363,test,normal,,1025,1281,1,7a3880ab7a23f3a0e2862f5dbe84af1996e834b340d3a097829587c64793efc0,,
1.0,G03-260204-120822-364,G03-260204-120822-364.bmp,G03,2026-02-04T12:08:22,2026-02-04,G03_2026-02-04,364,test,normal,,1025,1281,1,432b9a36b3468436f946d60d5a4043f5c95ee498d2cf26783e6ec01670c1c3c1,,
1.0,G03-260204-120848-365,G03-260204-120848-365.bmp,G03,2026-02-04T12:08:48,2026-02-04,G03_2026-02-04,365,test,normal,,1025,1281,1,03d6cd0ed36a9ccf764560103b508154dc06cbafabbc5cb704a8a86ffb3d7248,,
1.0,G03-260204-120854-366,G03-260204-120854-366.bmp,G03,2026-02-04T12:08:54,2026-02-04,G03_2026-02-04,366,test,normal,,1025,1281,1,7277e8209fe1bc903e6c7d33f00c33a32c9899552ff3d9ed3c3b247a35ca14ab,,
1.0,G03-260204-120916-367,G03-260204-120916-367.bmp,G03,2026-02-04T12:09:16,2026-02-04,G03_2026-02-04,367,test,normal,,1025,1281,1,6521b74987c5af5feaef555e7563a2190f998ebaf634b21c68f4aba03da55f51,,
1.0,G03-260204-120923-368,G03-260204-120923-368.bmp,G03,2026-02-04T12:09:23,2026-02-04,G03_2026-02-04,368,test,normal,,1025,1281,1,f58ef42c364937eb1692f05087301f433b3a0a415a2ed9aa72ff89e429d60595,,
1.0,G03-260204-120945-369,G03-260204-120945-369.bmp,G03,2026-02-04T12:09:45,2026-02-04,G03_2026-02-04,369,test,normal,,1025,1281,1,e761309137226ecf4db01e3f8092c4d04129bf16bb3af100ec7e0d4ffc05aa2e,,
1.0,G03-260204-120952-370,G03-260204-120952-370.bmp,G03,2026-02-04T12:09:52,2026-02-04,G03_2026-02-04,370,test,normal,,1025,1281,1,e628aee8407a95186b3a32bf40b81143e60e8f4492a1d55fd1bd8e4edce00674,,
1.0,G03-260204-121016-371,G03-260204-121016-371.bmp,G03,2026-02-04T12:10:16,2026-02-04,G03_2026-02-04,371,test,normal,,1025,1281,1,29a364c97d3a6d5396c3ebfd26b21aa4cf793f015f2d49586e0c733692176d94,,
1.0,G03-260204-121023-372,G03-260204-121023-372.bmp,G03,2026-02-04T12:10:23,2026-02-04,G03_2026-02-04,372,test,normal,,1025,1281,1,902e58e1aa77673434626df2e74194ecc139ba11ecc082d1f9f2fbad08230ae8,,
1.0,G03-260204-121046-373,G03-260204-121046-373.bmp,G03,2026-02-04T12:10:46,2026-02-04,G03_2026-02-04,373,test,normal,,1025,1281,1,c2244f54224fa9406d3f9f63e20d3b20b3cd03798d4c41f2e3544daa06a516d6,,
1.0,G03-260204-121052-374,G03-260204-121052-374.bmp,G03,2026-02-04T12:10:52,2026-02-04,G03_2026-02-04,374,test,normal,,1025,1281,1,18d1472ed065ba0c7ab9664090cb5b2581431f38448ab2dc52b122fa208757b5,,
1.0,G03-260204-121118-375,G03-260204-121118-375.bmp,G03,2026-02-04T12:11:18,2026-02-04,G03_2026-02-04,375,test,normal,,1025,1281,1,91768cf11c7666b805f2401deddaac6ead9eb038a709150b2ec29471bac6e6a4,,
1.0,G03-260204-121125-376,G03-260204-121125-376.bmp,G03,2026-02-04T12:11:25,2026-02-04,G03_2026-02-04,376,test,normal,,1025,1281,1,6af0f546bb7b385445cff16cf5c53a5af6447437132a86cadcb14bf5df64daae,,
1.0,G03-260204-121147-377,G03-260204-121147-377.bmp,G03,2026-02-04T12:11:47,2026-02-04,G03_2026-02-04,377,test,normal,,1025,1281,1,1148406054240353fbff296ab2ab78e55843753daa07ee6b27cd5cfcaa6a0228,,
1.0,G03-260204-121154-378,G03-260204-121154-378.bmp,G03,2026-02-04T12:11:54,2026-02-04,G03_2026-02-04,378,test,normal,,1025,1281,1,1b3952b80b9a65c99ad5e806c590737aeb3aa0cd002a6c4ff65842f4279cad5f,,
1.0,G03-260204-121218-379,G03-260204-121218-379.bmp,G03,2026-02-04T12:12:18,2026-02-04,G03_2026-02-04,379,test,normal,,1025,1281,1,0caa3fbb9c95a954dac657e160b02b88d2993b22daea48c662ad78cffbc1b2cc,,
1.0,G03-260204-121224-380,G03-260204-121224-380.bmp,G03,2026-02-04T12:12:24,2026-02-04,G03_2026-02-04,380,test,normal,,1025,1281,1,12cd8e597087aa2cc575492e381dde2bdb8ffd13a706997f29f33fd18988edfb,,
1.0,G03-260204-121247-381,G03-260204-121247-381.bmp,G03,2026-02-04T12:12:47,2026-02-04,G03_2026-02-04,381,test,normal,,1025,1281,1,78fe648c3541ab5cb3435de8c26bc7c55d60733a9331071e04f7902d803d7ba7,,
1.0,G03-260204-121253-382,G03-260204-121253-382.bmp,G03,2026-02-04T12:12:53,2026-02-04,G03_2026-02-04,382,test,normal,,1025,1281,1,7992a8c566f3194b804f159167483493be2914a0f2ea011bd29875d1c4bfd815,,
1.0,G03-260204-121317-383,G03-260204-121317-383.bmp,G03,2026-02-04T12:13:17,2026-02-04,G03_2026-02-04,383,test,normal,,1025,1281,1,ea25d95b1dc49e2b4a864a4e5288af9fd759e5d8effadd3406a467d3eae2ab0d,,
1.0,G03-260204-121324-384,G03-260204-121324-384.bmp,G03,2026-02-04T12:13:24,2026-02-04,G03_2026-02-04,384,test,normal,,1025,1281,1,442183d7cd004e1ac7bc37fe9a8db105565e13e85f31662493ce4aeb407cd458,,
1.0,G03-260204-121348-385,G03-260204-121348-385.bmp,G03,2026-02-04T12:13:48,2026-02-04,G03_2026-02-04,385,test,normal,,1025,1281,1,ecc49d9691b1037ceb6081d0ca07e8ddd322088804ecf8c3172df2df2f63355a,,
1.0,G03-260204-121355-386,G03-260204-121355-386.bmp,G03,2026-02-04T12:13:55,2026-02-04,G03_2026-02-04,386,test,normal,,1025,1281,1,4aec6d082499cf66a0177b25fbd0256df58f01fedbd304ad058465e421ff0b43,,
1.0,G03-260204-121417-387,G03-260204-121417-387.bmp,G03,2026-02-04T12:14:17,2026-02-04,G03_2026-02-04,387,test,normal,,1025,1281,1,ef2f8d487b2323923d9d74242fb01f0adbcd4833f91205ffd8555a03f1d75260,,
1.0,G03-260204-121424-388,G03-260204-121424-388.bmp,G03,2026-02-04T12:14:24,2026-02-04,G03_2026-02-04,388,test,normal,,1025,1281,1,2e33a1a2e383a6fb2f9df5af79d0da60a38d8b349ef1e9a9a6ea4a3e98cb2903,,
1.0,G03-260204-121448-389,G03-260204-121448-389.bmp,G03,2026-02-04T12:14:48,2026-02-04,G03_2026-02-04,389,test,normal,,1025,1281,1,3bbf3b2f97c341c8c7ee39b0240a814bd53213dc913e19bf6f96ce5e5e01b02f,,
1.0,G03-260204-121454-390,G03-260204-121454-390.bmp,G03,2026-02-04T12:14:54,2026-02-04,G03_2026-02-04,390,test,normal,,1025,1281,1,798695dbc8640de9190bd0e41329040b9339cc640a6bc152d19e3946543f4788,,
1.0,G03-260204-121517-391,G03-260204-121517-391.bmp,G03,2026-02-04T12:15:17,2026-02-04,G03_2026-02-04,391,test,normal,,1025,1281,1,34ff6dcd6dbc9d1862ae10706c00bd77ce18ea8855d16c7c0778fcd40b1795ed,,
1.0,G03-260204-121524-392,G03-260204-121524-392.bmp,G03,2026-02-04T12:15:24,2026-02-04,G03_2026-02-04,392,test,normal,,1025,1281,1,dc455fb91e4a66599a360651c4b59c0a4b4a3501707b97ebcd2287cd4e14670b,,
1.0,G03-260204-121548-393,G03-260204-121548-393.bmp,G03,2026-02-04T12:15:48,2026-02-04,G03_2026-02-04,393,test,normal,,1025,1281,1,8b1d4e7c2cadc114ea9c3de17cd3f2f71ce64b2d1eb1085aaa58e62f9e77c366,,
1.0,G03-260204-121554-394,G03-260204-121554-394.bmp,G03,2026-02-04T12:15:54,2026-02-04,G03_2026-02-04,394,test,normal,,1025,1281,1,73327daf80ebbb7f55fe91b56c7175858aad7eb4dec998d1515221c9ae0c3b6c,,
1.0,G03-260204-121618-395,G03-260204-121618-395.bmp,G03,2026-02-04T12:16:18,2026-02-04,G03_2026-02-04,395,test,normal,,1025,1281,1,eac8cf51ebc81463105c96c7a8c4e43ce4faf50b542c4c5f343598476ed058a7,,
1.0,G03-260204-121625-396,G03-260204-121625-396.bmp,G03,2026-02-04T12:16:25,2026-02-04,G03_2026-02-04,396,test,normal,,1025,1281,1,5efcd5a17b2c46bced2bb1c5f73655664a9abf941962cd1489997e4161620645,,
1.0,G03-260204-121647-397,G03-260204-121647-397.bmp,G03,2026-02-04T12:16:47,2026-02-04,G03_2026-02-04,397,test,normal,,1025,1281,1,88b2677a13f5f0bdb4b44bd8e108a5700c5ba814e297d417de43c9e7bd000934,,
1.0,G03-260204-121654-398,G03-260204-121654-398.bmp,G03,2026-02-04T12:16:54,2026-02-04,G03_2026-02-04,398,test,normal,,1025,1281,1,9fe38669435f731046b723a0aed0fd2474feb14dbebcfcb18474017b7d31bce0,,
1.0,G03-260204-121718-399,G03-260204-121718-399.bmp,G03,2026-02-04T12:17:18,2026-02-04,G03_2026-02-04,399,test,normal,,1025,1281,1,674d51332d59237e6a7319f9173f62f3f5db92ccac44152caffaffd58cd0a238,,
1.0,G03-260204-121725-400,G03-260204-121725-400.bmp,G03,2026-02-04T12:17:25,2026-02-04,G03_2026-02-04,400,test,normal,,1025,1281,1,c41337d8e018fa3df363d1a44a95539dcfbaba3bf1b554bbdc12a5a1fb9fb522,,
1.0,G03-260204-121749-401,G03-260204-121749-401.bmp,G03,2026-02-04T12:17:49,2026-02-04,G03_2026-02-04,401,test,normal,,1025,1281,1,b6238ca49b8947045e7b13dbc3407ff9794e95d60d59d238ed3ee89197d3d2d1,,
1.0,G03-260204-121756-402,G03-260204-121756-402.bmp,G03,2026-02-04T12:17:56,2026-02-04,G03_2026-02-04,402,test,normal,,1025,1281,1,5c63da92cf2b672affc4f32152b34352988b060ee357713f46022eb2c5ddc937,,
1.0,G03-260204-121818-403,G03-260204-121818-403.bmp,G03,2026-02-04T12:18:18,2026-02-04,G03_2026-02-04,403,test,normal,,1025,1281,1,6ee64d56b727d74b400e16b8f5bff55b43d390661e472c3957f2212ec6eb30d5,,
1.0,G03-260204-121825-404,G03-260204-121825-404.bmp,G03,2026-02-04T12:18:25,2026-02-04,G03_2026-02-04,404,test,normal,,1025,1281,1,d1ce41bfbdf5e4481eb0668932714620c07964d8a4bff0c3636789d1895914c2,,
1.0,G03-260204-121849-405,G03-260204-121849-405.bmp,G03,2026-02-04T12:18:49,2026-02-04,G03_2026-02-04,405,test,normal,,1025,1281,1,b492a613d5d17178c34ea21879cc474895bbfeebfbaa27e4f203dac44e75d8cb,,
1.0,G03-260204-121856-406,G03-260204-121856-406.bmp,G03,2026-02-04T12:18:56,2026-02-04,G03_2026-02-04,406,test,normal,,1025,1281,1,c4f503134f494485dbc8b4676813a9d456a250879dce9fad7753e9078239308d,,
1.0,G03-260204-121920-407,G03-260204-121920-407.bmp,G03,2026-02-04T12:19:20,2026-02-04,G03_2026-02-04,407,test,normal,,1025,1281,1,23ead8c77fd8a27a25a6714ee9dbbd1c112a64cf2a9b7b659a3722442b1059ae,,
1.0,G03-260204-121927-408,G03-260204-121927-408.bmp,G03,2026-02-04T12:19:27,2026-02-04,G03_2026-02-04,408,test,normal,,1025,1281,1,0c2ba554b73e9d307b5966ee8045536169bde04acd40bca683bf6ef5e4424848,,
1.0,G03-260204-121948-409,G03-260204-121948-409.bmp,G03,2026-02-04T12:19:48,2026-02-04,G03_2026-02-04,409,test,normal,,1025,1281,1,542edd33c4cdc480fdc7813bee14638da633c83f2fa4de98f220f0c1f1dea62b,,
1.0,G03-260204-121955-410,G03-260204-121955-410.bmp,G03,2026-02-04T12:19:55,2026-02-04,G03_2026-02-04,410,test,normal,,1025,1281,1,75c31d1d88c6cdd9f5f9357d8f6c89ef886ff71f789ae68c59d7ba940c3faa0a,,
1.0,G03-260204-122018-411,G03-260204-122018-411.bmp,G03,2026-02-04T12:20:18,2026-02-04,G03_2026-02-04,411,test,normal,,1025,1281,1,db92f185d4d50871912427e0c9645847ae3e56094d6f6ed261e1ce30f82b17c5,,
1.0,G03-260204-122024-412,G03-260204-122024-412.bmp,G03,2026-02-04T12:20:24,2026-02-04,G03_2026-02-04,412,test,normal,,1025,1281,1,37478956e28ac3367dd784db7d2778ebcec418564c6e4e2021b985acd129ec86,,
1.0,G03-260204-122049-413,G03-260204-122049-413.bmp,G03,2026-02-04T12:20:49,2026-02-04,G03_2026-02-04,413,test,normal,,1025,1281,1,e07d57796e3a4ad788e0a001dc1d8337477e1acfd21a6804ec79584187545a9f,,
1.0,G03-260204-122055-414,G03-260204-122055-414.bmp,G03,2026-02-04T12:20:55,2026-02-04,G03_2026-02-04,414,test,normal,,1025,1281,1,ff4b973d49a1f1e2be5bb342ba1c7fa986b2bb8ba96c881d19d6953e21844145,,
1.0,G03-260204-122118-415,G03-260204-122118-415.bmp,G03,2026-02-04T12:21:18,2026-02-04,G03_2026-02-04,415,test,normal,,1025,1281,1,6368e6e194e72d2beddadcde3b43a2973cbebbcbc93e6c2da6e2a2c9d3fca439,,
1.0,G03-260204-122125-416,G03-260204-122125-416.bmp,G03,2026-02-04T12:21:25,2026-02-04,G03_2026-02-04,416,test,normal,,1025,1281,1,50143d4357723c84df19503bea37a8f015aca51475be56b50884c7a519c8e7e5,,
1.0,G03-260204-122149-417,G03-260204-122149-417.bmp,G03,2026-02-04T12:21:49,2026-02-04,G03_2026-02-04,417,test,normal,,1025,1281,1,8048f97bf6e0974dbd8e4398fbbce2b6ba6fe15a5642a7bc7015a2387dfa2da3,,
1.0,G03-260204-122156-418,G03-260204-122156-418.bmp,G03,2026-02-04T12:21:56,2026-02-04,G03_2026-02-04,418,test,normal,,1025,1281,1,43da9b725b334db50e9d8cad77e2e7e02162201bc237bfc6364df971517fbade,,
1.0,G03-260204-122219-419,G03-260204-122219-419.bmp,G03,2026-02-04T12:22:19,2026-02-04,G03_2026-02-04,419,test,normal,,1025,1281,1,402a67c82104a2975c3c3357fbb6f89cae953a7c9df353cff3ce6309f066832f,,
1.0,G03-260204-122226-420,G03-260204-122226-420.bmp,G03,2026-02-04T12:22:26,2026-02-04,G03_2026-02-04,420,test,normal,,1025,1281,1,8e989a565c0a44fba631c3a981c95f0483aafc751ea1a6f1adab2447bccd716f,,
1.0,G03-260204-122249-421,G03-260204-122249-421.bmp,G03,2026-02-04T12:22:49,2026-02-04,G03_2026-02-04,421,test,normal,,1025,1281,1,3e75205f36da7b6edb345d01f880ad86b770273fea5886097d4ba05a247ce2fe,,
1.0,G03-260204-122255-422,G03-260204-122255-422.bmp,G03,2026-02-04T12:22:55,2026-02-04,G03_2026-02-04,422,test,normal,,1025,1281,1,08377760b7264616dce0ce49b11aecfe6c109ac00aa311832f21eec997d8ef8e,,
1.0,G03-260204-122318-423,G03-260204-122318-423.bmp,G03,2026-02-04T12:23:18,2026-02-04,G03_2026-02-04,423,test,normal,,1025,1281,1,1ab896cb659d375d3af79a5469a8effecd124bb381a3759cb279658d07aef679,,
1.0,G03-260204-122325-424,G03-260204-122325-424.bmp,G03,2026-02-04T12:23:25,2026-02-04,G03_2026-02-04,424,test,normal,,1025,1281,1,db7c9f01274301f113a74fc7c180ab95e2bc386a77ea989a007eae152e90f89e,,
1.0,G03-260204-122350-425,G03-260204-122350-425.bmp,G03,2026-02-04T12:23:50,2026-02-04,G03_2026-02-04,425,test,normal,,1025,1281,1,66efcdf87f637e233b083fc173d8ff90d6a4d35c3d8328b28109a321f9e67ca4,,
1.0,G03-260204-122357-426,G03-260204-122357-426.bmp,G03,2026-02-04T12:23:57,2026-02-04,G03_2026-02-04,426,test,normal,,1025,1281,1,45046b2e722e47946f7e0a8b872a6f15b1d624a0360afba246a665b73ff854e3,,
1.0,G03-260204-122419-427,G03-260204-122419-427.bmp,G03,2026-02-04T12:24:19,2026-02-04,G03_2026-02-04,427,test,normal,,1025,1281,1,6eaaed70bee3ac23529f930e5654a079aa9639dc4b5c20fc468414e3f576469e,,
1.0,G03-260204-122425-428,G03-260204-122425-428.bmp,G03,2026-02-04T12:24:25,2026-02-04,G03_2026-02-04,428,test,normal,,1025,1281,1,2c795e974f8e533ae817a5c7b36eee240f3ed19c6a3409912068735d55722b68,,
1.0,G03-260204-122449-429,G03-260204-122449-429.bmp,G03,2026-02-04T12:24:49,2026-02-04,G03_2026-02-04,429,test,normal,,1025,1281,1,d13d7be002a58e30e2252dc48bfb30a78d35ae9fd334176140e4aa18a7e86a84,,
1.0,G03-260204-122456-430,G03-260204-122456-430.bmp,G03,2026-02-04T12:24:56,2026-02-04,G03_2026-02-04,430,test,normal,,1025,1281,1,a4730566f94f09ec9d5f9e116a5eab54f557b9e552d000fe7dd32f011d8ace89,,
1.0,G03-260204-122521-431,G03-260204-122521-431.bmp,G03,2026-02-04T12:25:21,2026-02-04,G03_2026-02-04,431,test,normal,,1025,1281,1,0550bc84bda78d8218ef0e17193ffb52840437eb85f0a7a2adc51e656f390259,,
1.0,G03-260204-122527-432,G03-260204-122527-432.bmp,G03,2026-02-04T12:25:27,2026-02-04,G03_2026-02-04,432,test,normal,,1025,1281,1,4ba431ca4b084eb7cbd99c7a24547ac9a67d10bec03c3a548ee2f4ae85014989,,
1.0,G03-260204-122551-433,G03-260204-122551-433.bmp,G03,2026-02-04T12:25:51,2026-02-04,G03_2026-02-04,433,test,normal,,1025,1281,1,d0eb4e0f669b0405dc951221d0a6562151d097f4d9052c570514200735997820,,
1.0,G03-260204-122558-434,G03-260204-122558-434.bmp,G03,2026-02-04T12:25:58,2026-02-04,G03_2026-02-04,434,test,normal,,1025,1281,1,002c7d2661ccfa460546fe36c7aeefd292058536634566f8b4e3bbaa799faa85,,
1.0,G03-260204-122620-435,G03-260204-122620-435.bmp,G03,2026-02-04T12:26:20,2026-02-04,G03_2026-02-04,435,test,normal,,1025,1281,1,7fb26668f8e86d4d25d67ed00728e8cdfca9810c88f788cc8120b58ce7ba21e8,,
1.0,G03-260204-122627-436,G03-260204-122627-436.bmp,G03,2026-02-04T12:26:27,2026-02-04,G03_2026-02-04,436,test,normal,,1025,1281,1,7bff0f79500104e29711b74915917aa20181a47f7789699ed0b7d02e43776996,,
1.0,G03-260204-122651-437,G03-260204-122651-437.bmp,G03,2026-02-04T12:26:51,2026-02-04,G03_2026-02-04,437,test,normal,,1025,1281,1,852c7cf16a72fc75fda50b3fe35f84b8198e1d8fac1651f2945df347df647866,,
1.0,G03-260204-122657-438,G03-260204-122657-438.bmp,G03,2026-02-04T12:26:57,2026-02-04,G03_2026-02-04,438,test,normal,,1025,1281,1,4d3a252184fff698dfeee7e985592ca3082e968619b5a9aacaacd0a7b68021c0,,
1.0,G03-260204-122721-439,G03-260204-122721-439.bmp,G03,2026-02-04T12:27:21,2026-02-04,G03_2026-02-04,439,test,normal,,1025,1281,1,3070b4b4a83740f74c8b56a7acc6caa2981934508742d89dcc7e5e47833b453d,,
1.0,G03-260204-122728-440,G03-260204-122728-440.bmp,G03,2026-02-04T12:27:28,2026-02-04,G03_2026-02-04,440,test,normal,,1025,1281,1,6c2f0d383fdfa42795bb3a086075516afb9433e071bdd171b351c3d880a1de41,,
1.0,G03-260204-122750-441,G03-260204-122750-441.bmp,G03,2026-02-04T12:27:50,2026-02-04,G03_2026-02-04,441,test,normal,,1025,1281,1,71ebd5ebbee8dfe9e1d353d64ce543ecc2b163214d3be7dced8ad9723dfbee8c,,
1.0,G03-260204-122757-442,G03-260204-122757-442.bmp,G03,2026-02-04T12:27:57,2026-02-04,G03_2026-02-04,442,test,normal,,1025,1281,1,d64e137bd6459012b708105aa50b1346c20ff0912d3ec1b54150466791c682ae,,
1.0,G03-260204-122820-443,G03-260204-122820-443.bmp,G03,2026-02-04T12:28:20,2026-02-04,G03_2026-02-04,443,test,normal,,1025,1281,1,81b5e749d582cc52d715bc8915cf40150cc84b8108d656a5e6ddb70b9fe51114,,
1.0,G03-260204-122827-444,G03-260204-122827-444.bmp,G03,2026-02-04T12:28:27,2026-02-04,G03_2026-02-04,444,test,normal,,1025,1281,1,96bac372c9179e6a21ae19e3d4d3f06fd26a0b098880c63455e02af5059a34e3,,
1.0,G03-260204-122851-445,G03-260204-122851-445.bmp,G03,2026-02-04T12:28:51,2026-02-04,G03_2026-02-04,445,test,normal,,1025,1281,1,430c3710ace7929b598586ee659ac9b940d5cfd7fea7488f6f00c38f38a6b441,,
1.0,G03-260204-122858-446,G03-260204-122858-446.bmp,G03,2026-02-04T12:28:58,2026-02-04,G03_2026-02-04,446,test,normal,,1025,1281,1,14cc6a0ca2890e2de7c866f737c56b947b7a7ac488974387502604a32357c92a,,
1.0,G03-260204-122921-447,G03-260204-122921-447.bmp,G03,2026-02-04T12:29:21,2026-02-04,G03_2026-02-04,447,test,normal,,1025,1281,1,00550d851e337a564f770c09942573b55ee0166bf997d7d0a6bb539519d50247,,
1.0,G03-260204-122928-448,G03-260204-122928-448.bmp,G03,2026-02-04T12:29:28,2026-02-04,G03_2026-02-04,448,test,normal,,1025,1281,1,ed4982a7170ee179e2ad951ce9825b8553896e49ac0b3c265eefb1c48f56a81b,,
1.0,G03-260204-122951-449,G03-260204-122951-449.bmp,G03,2026-02-04T12:29:51,2026-02-04,G03_2026-02-04,449,test,normal,,1025,1281,1,c65a50e7543845aa669ec5bd6aa4d7267dcf99b3ec0e5e62f70391ee42ca4337,,
1.0,G03-260204-122957-450,G03-260204-122957-450.bmp,G03,2026-02-04T12:29:57,2026-02-04,G03_2026-02-04,450,test,normal,,1025,1281,1,eaa5fbb7a31590590f466d647d5baa5a359cd73af8790c3e43bd6f30bc741740,,
1.0,G03-260204-123021-451,G03-260204-123021-451.bmp,G03,2026-02-04T12:30:21,2026-02-04,G03_2026-02-04,451,test,normal,,1025,1281,1,fb23c07bd6b1f81cb2f4b6802379dccfcd43f37b55be7d0511a25bf3a292782c,,
1.0,G03-260204-123027-452,G03-260204-123027-452.bmp,G03,2026-02-04T12:30:27,2026-02-04,G03_2026-02-04,452,test,normal,,1025,1281,1,0d04e16cd6277cdca909a66b4a174dc8757bbdba5024dfb85a1bf1fbd7c87721,,
1.0,G03-260204-123037-453,G03-260204-123037-453.bmp,G03,2026-02-04T12:30:37,2026-02-04,G03_2026-02-04,453,test,normal,,1025,1281,1,9b340513d31228e8088d172cff2b95aa66b651f4a94f436ffa2a2b43f6a7af24,,
1.0,G03-260204-123043-454,G03-260204-123043-454.bmp,G03,2026-02-04T12:30:43,2026-02-04,G03_2026-02-04,454,test,normal,,1025,1281,1,4dbe0a05be3945f196528923721b4aab37bf9571812934dcbee570b76222af19,,
1.0,G03-260204-123046-455,G03-260204-123046-455.bmp,G03,2026-02-04T12:30:46,2026-02-04,G03_2026-02-04,455,test,normal,,1025,1281,1,4539d570d80492eada36173c46107d611a869618125572b808161004ee1103a6,,
1.0,G03-260204-123049-456,G03-260204-123049-456.bmp,G03,2026-02-04T12:30:49,2026-02-04,G03_2026-02-04,456,test,normal,,1025,1281,1,76f4d4320ae7146e8d54cb73c80c2468e08ccf6652d3b0566198469ef8848ddd,,
1.0,G03-260204-123054-457,G03-260204-123054-457.bmp,G03,2026-02-04T12:30:54,2026-02-04,G03_2026-02-04,457,test,normal,,1025,1281,1,3c620c5268473b7309fba493e9e04d0151d3e58d4775ab1380f9167ad88752a3,,
1.0,G03-260204-123055-458,G03-260204-123055-458.bmp,G03,2026-02-04T12:30:55,2026-02-04,G03_2026-02-04,458,test,normal,,1025,1281,1,a5cf8f7f7fcb7c5c598668167bfbde080cbbe1923700275cd9254935fa8663d6,,
1.0,G03-260204-123102-459,G03-260204-123102-459.bmp,G03,2026-02-04T12:31:02,2026-02-04,G03_2026-02-04,459,test,normal,,1025,1281,1,cdf801fabf8438e4c60ae901298feed7b28dd659961a88a84fa0603504032133,,
1.0,G03-260204-123108-460,G03-260204-123108-460.bmp,G03,2026-02-04T12:31:08,2026-02-04,G03_2026-02-04,460,test,normal,,1025,1281,1,d1c0dfe8e269769eb00973dd14dc43d1e5ced40c2c19f25241285c6180735eb6,,
1.0,G03-260204-123122-461,G03-260204-123122-461.bmp,G03,2026-02-04T12:31:22,2026-02-04,G03_2026-02-04,461,test,normal,,1025,1281,1,6d69f6539f81de678fe8711654f887e31273939699a640283a9319170658df9e,,
1.0,G03-260204-123129-462,G03-260204-123129-462.bmp,G03,2026-02-04T12:31:29,2026-02-04,G03_2026-02-04,462,test,normal,,1025,1281,1,f23311cf9258ca81fad7aa05bb69592240ef25422c9cf8b72f43f1d5e12b3549,,
1.0,G03-260204-123141-463,G03-260204-123141-463.bmp,G03,2026-02-04T12:31:41,2026-02-04,G03_2026-02-04,463,test,normal,,1025,1281,1,3b35734119ad7c61281c2ae06b290b3828358dec971352415685081f29a30807,,
1.0,G03-260204-123152-464,G03-260204-123152-464.bmp,G03,2026-02-04T12:31:52,2026-02-04,G03_2026-02-04,464,test,normal,,1025,1281,1,8604c5bf4825cf8d692f3dc08063dc921e20808f2e7cc4b12605e4598d06c050,,
1.0,G03-260204-123159-465,G03-260204-123159-465.bmp,G03,2026-02-04T12:31:59,2026-02-04,G03_2026-02-04,465,test,normal,,1025,1281,1,28ff1570c4ea51a2579978d84ed8e79bdf01e4c66db1bd602c50c6286babd635,,
1.0,G03-260204-123222-466,G03-260204-123222-466.bmp,G03,2026-02-04T12:32:22,2026-02-04,G03_2026-02-04,466,test,normal,,1025,1281,1,da6e9787be4bdf20924a197fcf2819dcb007ce657b7b9370a944cce588e095c9,,
1.0,G03-260204-123229-467,G03-260204-123229-467.bmp,G03,2026-02-04T12:32:29,2026-02-04,G03_2026-02-04,467,test,normal,,1025,1281,1,5d9727502f1bd4396c85dd2ed2000af6243caf5eb02c615c4b40375031e18832,,
1.0,G03-260204-123252-468,G03-260204-123252-468.bmp,G03,2026-02-04T12:32:52,2026-02-04,G03_2026-02-04,468,test,normal,,1025,1281,1,e13a3c519450aa75a136487bdc909f0be4c350e105c3aa9650f049894e104d9b,,
1.0,G03-260204-123259-469,G03-260204-123259-469.bmp,G03,2026-02-04T12:32:59,2026-02-04,G03_2026-02-04,469,test,normal,,1025,1281,1,5205576998a944b5ce4dfc71ece2845baf8cc41286496a95e1ac4331a8dba493,,
1.0,G03-260204-123323-470,G03-260204-123323-470.bmp,G03,2026-02-04T12:33:23,2026-02-04,G03_2026-02-04,470,test,normal,,1025,1281,1,feb67a6ebf67b047544b543990e5e278a7c2c8901d56fa38d01c197c5c3928f1,,
1.0,G03-260204-123330-471,G03-260204-123330-471.bmp,G03,2026-02-04T12:33:30,2026-02-04,G03_2026-02-04,471,test,normal,,1025,1281,1,fcc75ae2850f104f54963c088f3efeba461d321528acefcf45b58fb8a6922b88,,
1.0,G03-260204-123351-472,G03-260204-123351-472.bmp,G03,2026-02-04T12:33:51,2026-02-04,G03_2026-02-04,472,test,normal,,1025,1281,1,c0cd65875e04437c3887ad2f58ecdf19fe7b4296f8cb4575287af5e660dd30c7,,
1.0,G03-260204-123358-473,G03-260204-123358-473.bmp,G03,2026-02-04T12:33:58,2026-02-04,G03_2026-02-04,473,test,normal,,1025,1281,1,c093a79236fbb67d93d486abce808b4787a56e400509311605e293f1fdf09e95,,
1.0,G03-260204-123422-474,G03-260204-123422-474.bmp,G03,2026-02-04T12:34:22,2026-02-04,G03_2026-02-04,474,test,normal,,1025,1281,1,565bb918eb3c443023e213278e3c0e74a98a6f5e8af23792913e9b5a2b5c5c31,,
1.0,G03-260204-123429-475,G03-260204-123429-475.bmp,G03,2026-02-04T12:34:29,2026-02-04,G03_2026-02-04,475,test,normal,,1025,1281,1,7dd7712c14f239a7be8397e57f3f7930f598350a0f14805656e2f071c6488039,,
1.0,G03-260204-123452-476,G03-260204-123452-476.bmp,G03,2026-02-04T12:34:52,2026-02-04,G03_2026-02-04,476,test,normal,,1025,1281,1,88397fee9a459094223d52d774e89a70d172125c70c089a2cf3fb0826eab09c0,,
1.0,G03-260204-123500-477,G03-260204-123500-477.bmp,G03,2026-02-04T12:35:00,2026-02-04,G03_2026-02-04,477,test,normal,,1025,1281,1,03e8bec50c0d839695a102b691bab3b22efcc12a55f05365072c792edaef5145,,
1.0,G03-260204-123523-478,G03-260204-123523-478.bmp,G03,2026-02-04T12:35:23,2026-02-04,G03_2026-02-04,478,test,normal,,1025,1281,1,cd15606fbab025a997bd2d72cdf0a39566fafb5a80ca3b206dd3131e694f33ab,,
1.0,G03-260204-123530-479,G03-260204-123530-479.bmp,G03,2026-02-04T12:35:30,2026-02-04,G03_2026-02-04,479,test,normal,,1025,1281,1,376c1f44467018b31cf383e431522c6c304c4640b43372904e9a3f4affb3b57c,,
1.0,G03-260204-123553-480,G03-260204-123553-480.bmp,G03,2026-02-04T12:35:53,2026-02-04,G03_2026-02-04,480,test,normal,,1025,1281,1,2222434a31d28b6841f2646cde49d1cbae32c2ebebdb8eb396f192a7e9680893,,
1.0,G03-260204-123559-481,G03-260204-123559-481.bmp,G03,2026-02-04T12:35:59,2026-02-04,G03_2026-02-04,481,test,normal,,1025,1281,1,d4973c8ee22fdec46f3d8b6881453b3578967653547763fb4fd6abe624d33f42,,
1.0,G03-260204-123622-482,G03-260204-123622-482.bmp,G03,2026-02-04T12:36:22,2026-02-04,G03_2026-02-04,482,test,normal,,1025,1281,1,f493677f3d346ca31a780092e1ddc4f60316735a2e25a12c05ad979c6151a2f7,,
1.0,G03-260204-123629-483,G03-260204-123629-483.bmp,G03,2026-02-04T12:36:29,2026-02-04,G03_2026-02-04,483,test,normal,,1025,1281,1,c74c0bcaa63b10a537d0ecd7476d229ce5a26db6a5628b702aee68b63c879c8f,,
1.0,G03-260204-123653-484,G03-260204-123653-484.bmp,G03,2026-02-04T12:36:53,2026-02-04,G03_2026-02-04,484,test,normal,,1025,1281,1,6d0948e4ea979b98763eeac5429b167306b3d3e88bac62bc3fafd11c1a2ef32f,,
1.0,G03-260204-123700-485,G03-260204-123700-485.bmp,G03,2026-02-04T12:37:00,2026-02-04,G03_2026-02-04,485,test,normal,,1025,1281,1,dcfe8f42af73176c823acfca2c29271dbb223e082ae0133dbb8ed198145a4bd4,,
1.0,G03-260204-123725-486,G03-260204-123725-486.bmp,G03,2026-02-04T12:37:25,2026-02-04,G03_2026-02-04,486,test,normal,,1025,1281,1,847487ff67c3b5b65114c5c18a806b735f1eba7b44610e908c7f2fe08b1b4744,,
1.0,G03-260204-123733-487,G03-260204-123733-487.bmp,G03,2026-02-04T12:37:33,2026-02-04,G03_2026-02-04,487,test,normal,,1025,1281,1,3094aad647da2fa798dcd58d651f8acefecf5dd6c0828cef56b2c83ce33d3496,,
1.0,G03-260204-123754-488,G03-260204-123754-488.bmp,G03,2026-02-04T12:37:54,2026-02-04,G03_2026-02-04,488,test,normal,,1025,1281,1,5604af43bb0050fbd5152a00eeafef87bd94fa6d3ff36ef24f912cdfdc5be295,,
1.0,G03-260204-123801-489,G03-260204-123801-489.bmp,G03,2026-02-04T12:38:01,2026-02-04,G03_2026-02-04,489,test,normal,,1025,1281,1,7e1e8cbb031738d32c974df04d1941440872cb2be6255c4503a0630ac3a60436,,
1.0,G03-260204-123823-490,G03-260204-123823-490.bmp,G03,2026-02-04T12:38:23,2026-02-04,G03_2026-02-04,490,test,normal,,1025,1281,1,450f8dba7a70b1ea9544fee16bcfad16b4ba1cb8adee18c15ea1223685df5f32,,
1.0,G03-260204-123830-491,G03-260204-123830-491.bmp,G03,2026-02-04T12:38:30,2026-02-04,G03_2026-02-04,491,test,normal,,1025,1281,1,2d663e75a644d9e06ccb2509a315e67bef16042489c0fc275a4fdfdd3c33eb1a,,
1.0,G03-260204-123854-492,G03-260204-123854-492.bmp,G03,2026-02-04T12:38:54,2026-02-04,G03_2026-02-04,492,test,normal,,1025,1281,1,a3d9fda9cfd48f741b1a272ddc3bf3a6747bc75185a6a036632bfdd22a3713f3,,
1.0,G03-260204-123900-493,G03-260204-123900-493.bmp,G03,2026-02-04T12:39:00,2026-02-04,G03_2026-02-04,493,test,normal,,1025,1281,1,62508ab8540dab4a2e132523b861bb2e127c198620279befeed7ea8f4e6c6832,,
1.0,G03-260204-123923-494,G03-260204-123923-494.bmp,G03,2026-02-04T12:39:23,2026-02-04,G03_2026-02-04,494,test,normal,,1025,1281,1,91fa42b28f05d7ce5079c032b65ab14ab730084b319005852d681d2e9caa86d8,,
1.0,G03-260204-123931-495,G03-260204-123931-495.bmp,G03,2026-02-04T12:39:31,2026-02-04,G03_2026-02-04,495,test,normal,,1025,1281,1,1906f4d54dd8ffec45e8d32e24a5b54b9952e72a0bc3b1bd9eae1325e24dc11c,,
1.0,G03-260204-123953-496,G03-260204-123953-496.bmp,G03,2026-02-04T12:39:53,2026-02-04,G03_2026-02-04,496,test,normal,,1025,1281,1,400e08319df391b87191827a28f8ac0ea2c5b432852f33d71afd775db0d3d45f,,
1.0,G03-260204-124000-497,G03-260204-124000-497.bmp,G03,2026-02-04T12:40:00,2026-02-04,G03_2026-02-04,497,test,normal,,1025,1281,1,546c6bc83c808c6cf8e6d28d9f7e76172f648ac87c159accde3484fea1415ca8,,
1.0,G03-260204-124023-498,G03-260204-124023-498.bmp,G03,2026-02-04T12:40:23,2026-02-04,G03_2026-02-04,498,test,normal,,1025,1281,1,bb21166a096999f1d6b081e53b71ad792641ecda637537399ed84b58728a7450,,
1.0,G03-260204-124030-499,G03-260204-124030-499.bmp,G03,2026-02-04T12:40:30,2026-02-04,G03_2026-02-04,499,test,normal,,1025,1281,1,528c372fcb49f2ced429e6d6b3baf8c893773cfaf28400c91d1b99f250811229,,
1.0,G03-260204-124053-500,G03-260204-124053-500.bmp,G03,2026-02-04T12:40:53,2026-02-04,G03_2026-02-04,500,test,normal,,1025,1281,1,96a8746736ba9a8a8c1e9b98a9875f2bdf28833b3cd603cb7bf4c6a8f500fd14,,
1.0,G03-260204-124100-501,G03-260204-124100-501.bmp,G03,2026-02-04T12:41:00,2026-02-04,G03_2026-02-04,501,test,normal,,1025,1281,1,d7e261320f4cf62567a1dccf60c495d823e591785341a343c6a258f520ec824e,,
1.0,G03-260204-124124-502,G03-260204-124124-502.bmp,G03,2026-02-04T12:41:24,2026-02-04,G03_2026-02-04,502,test,normal,,1025,1281,1,937deb5453e2c92d7bab1abfb8b7cabb80a50706d2cd0fd4a52fa53e7dce38f7,,
1.0,G03-260204-124132-503,G03-260204-124132-503.bmp,G03,2026-02-04T12:41:32,2026-02-04,G03_2026-02-04,503,test,normal,,1025,1281,1,c0ffacc2f91e4ab4863adb5a974e622cc01fdb6d30ba3423fe2f62914a01eec2,,
1.0,G03-260204-124155-504,G03-260204-124155-504.bmp,G03,2026-02-04T12:41:55,2026-02-04,G03_2026-02-04,504,test,normal,,1025,1281,1,08c34c09cb4d29e24f8dac9b051ffa5bf3a747a09b693767c6ababdfd44811c2,,
1.0,G03-260204-124202-505,G03-260204-124202-505.bmp,G03,2026-02-04T12:42:02,2026-02-04,G03_2026-02-04,505,test,normal,,1025,1281,1,330061b0aaae97744f012487476d406fc6c553cad1e3375d301050715f7561e6,,
1.0,G03-260204-124224-506,G03-260204-124224-506.bmp,G03,2026-02-04T12:42:24,2026-02-04,G03_2026-02-04,506,test,normal,,1025,1281,1,b40ed559930da594d0e2f146f6f73b5e06a5fd3d7ae6ef4fcf608ef988232a99,,
1.0,G03-260204-124231-507,G03-260204-124231-507.bmp,G03,2026-02-04T12:42:31,2026-02-04,G03_2026-02-04,507,test,normal,,1025,1281,1,7af9ca27e63dc86b1575602faaaa0b8e2e656c104e3e5e7877b72418257bc813,,
1.0,G03-260204-124255-508,G03-260204-124255-508.bmp,G03,2026-02-04T12:42:55,2026-02-04,G03_2026-02-04,508,test,normal,,1025,1281,1,0d995581cdf80514bf34b316308f45551fab9fa01d30a6465115d0e128e464dd,,
1.0,G03-260204-124302-509,G03-260204-124302-509.bmp,G03,2026-02-04T12:43:02,2026-02-04,G03_2026-02-04,509,test,normal,,1025,1281,1,04bca6fa00bec2b076a99f1499d968486164c834700d1f5236b71533eb2ac77a,,
1.0,G03-260204-124325-510,G03-260204-124325-510.bmp,G03,2026-02-04T12:43:25,2026-02-04,G03_2026-02-04,510,test,normal,,1025,1281,1,cf41bfc379088b02db25d86481f87b957118d5b2966deec61016b9b7b286a845,,
1.0,G03-260204-124332-511,G03-260204-124332-511.bmp,G03,2026-02-04T12:43:32,2026-02-04,G03_2026-02-04,511,test,normal,,1025,1281,1,c84a9ae6fdc15bf8cfbd28679916dd0e9a8e981bbc52f094b1fb606f4634c8e1,,
1.0,G03-260204-124356-512,G03-260204-124356-512.bmp,G03,2026-02-04T12:43:56,2026-02-04,G03_2026-02-04,512,test,normal,,1025,1281,1,ef00c5a8bf81bbea5ce99a8bef86f64b71dc7c00c7fd9c49132a974b652d9fea,,
1.0,G03-260204-124403-513,G03-260204-124403-513.bmp,G03,2026-02-04T12:44:03,2026-02-04,G03_2026-02-04,513,test,normal,,1025,1281,1,97a2ea6f332d5fb4d8498f39040b6bd0e9959a6d209689a560ec52be4a4f8a28,,
1.0,G03-260204-124425-514,G03-260204-124425-514.bmp,G03,2026-02-04T12:44:25,2026-02-04,G03_2026-02-04,514,test,normal,,1025,1281,1,b72d317d77ff00b79625402a86f6e761b5e07a56e4f761b5bbe942c1292e06d3,,
1.0,G03-260204-124432-515,G03-260204-124432-515.bmp,G03,2026-02-04T12:44:32,2026-02-04,G03_2026-02-04,515,test,normal,,1025,1281,1,08801b23d5c2537550b7ad0a5220d7f827bb1be81fb13fe21957d6931cbd7716,,
1.0,G03-260204-124456-516,G03-260204-124456-516.bmp,G03,2026-02-04T12:44:56,2026-02-04,G03_2026-02-04,516,test,normal,,1025,1281,1,98e15651d60801668af19047b48ff900ecbe4f5af84b4e99d29926d1adb39b7c,,
1.0,G03-260204-124503-517,G03-260204-124503-517.bmp,G03,2026-02-04T12:45:03,2026-02-04,G03_2026-02-04,517,test,normal,,1025,1281,1,8185d05e8f53b23ade655533c2e1bd79b4a1e1acd76b824323b0b9be6a31961d,,
1.0,G03-260204-124525-518,G03-260204-124525-518.bmp,G03,2026-02-04T12:45:25,2026-02-04,G03_2026-02-04,518,test,normal,,1025,1281,1,fd2bd03eb1bde6aaaa8ffe4f39478fbed5601f36236f8440d25d850fd0d1f688,,
1.0,G03-260204-124533-519,G03-260204-124533-519.bmp,G03,2026-02-04T12:45:33,2026-02-04,G03_2026-02-04,519,test,normal,,1025,1281,1,f3385d8e09be99f0e5179b0cb992091bdbc12d84db15bc8eb2f65e10bfc9a7b2,,
1.0,G03-260204-124555-520,G03-260204-124555-520.bmp,G03,2026-02-04T12:45:55,2026-02-04,G03_2026-02-04,520,test,normal,,1025,1281,1,f965b0df83b29c065f44bb1568b94725b75685c92fe8bf52d816f6a90d8ff001,,
1.0,G03-260204-124601-521,G03-260204-124601-521.bmp,G03,2026-02-04T12:46:01,2026-02-04,G03_2026-02-04,521,test,normal,,1025,1281,1,b24e16cf576f7c5cac0fe3bb455df1c65dbee9ff026dd20b6536c96e9fd94b22,,
1.0,G03-260204-124626-522,G03-260204-124626-522.bmp,G03,2026-02-04T12:46:26,2026-02-04,G03_2026-02-04,522,test,normal,,1025,1281,1,e8b796c253a025706092c24e89f15095f0d3d8cb82006131c02e94b70fd044aa,,
1.0,G03-260204-124633-523,G03-260204-124633-523.bmp,G03,2026-02-04T12:46:33,2026-02-04,G03_2026-02-04,523,test,normal,,1025,1281,1,998c62defcd3abe7b1faf575d019c1e583309de06bf36c6fd6442d69b07bcc05,,
1.0,G03-260204-124656-524,G03-260204-124656-524.bmp,G03,2026-02-04T12:46:56,2026-02-04,G03_2026-02-04,524,test,normal,,1025,1281,1,3b568e7f91d4f179d209019586cfebe7194df5a259deaf9f575d73c856ca8a62,,
1.0,G03-260204-124703-525,G03-260204-124703-525.bmp,G03,2026-02-04T12:47:03,2026-02-04,G03_2026-02-04,525,test,normal,,1025,1281,1,1178e6669731be9e203eb492a456fe0d4b2aa5178c0be22bd5ad988034913a64,,
1.0,G03-260204-124727-526,G03-260204-124727-526.bmp,G03,2026-02-04T12:47:27,2026-02-04,G03_2026-02-04,526,test,normal,,1025,1281,1,41ad7f8516eeb511e152b06962eb5e00df5767abce7a8b83cd5d7770193777c9,,
1.0,G03-260204-124734-527,G03-260204-124734-527.bmp,G03,2026-02-04T12:47:34,2026-02-04,G03_2026-02-04,527,test,normal,,1025,1281,1,64cc8a342a4885ccc02e4bf1d14f5eef23ef34d3eaad8308e4afb529ff647981,,
1.0,G03-260204-124756-528,G03-260204-124756-528.bmp,G03,2026-02-04T12:47:56,2026-02-04,G03_2026-02-04,528,test,normal,,1025,1281,1,5bc06f320a4d7de37dba4974e96f285e5ce2f1d68b3d010a62abd0c9a643bed6,,
1.0,G03-260204-124803-529,G03-260204-124803-529.bmp,G03,2026-02-04T12:48:03,2026-02-04,G03_2026-02-04,529,test,normal,,1025,1281,1,cde8da025b94a73e9b2da26bb7f2ce32500dd45ac229bb9e8c854945b57570cd,,
1.0,G03-260204-124827-530,G03-260204-124827-530.bmp,G03,2026-02-04T12:48:27,2026-02-04,G03_2026-02-04,530,test,normal,,1025,1281,1,0d17b796aa9649b243c1665bbc6a29f31e24ab1129f0a498dcbd451dd7ff042b,,
1.0,G03-260204-124833-531,G03-260204-124833-531.bmp,G03,2026-02-04T12:48:33,2026-02-04,G03_2026-02-04,531,test,normal,,1025,1281,1,f63465b7557913b04b1d1d98bab49e5f156f3972c38300490692ab161bf3e7c2,,
1.0,G03-260204-124856-532,G03-260204-124856-532.bmp,G03,2026-02-04T12:48:56,2026-02-04,G03_2026-02-04,532,test,normal,,1025,1281,1,689d103bd283f42e8785371c09aed56b425819737d59610d6feec447b17bc53a,,
1.0,G03-260204-124903-533,G03-260204-124903-533.bmp,G03,2026-02-04T12:49:03,2026-02-04,G03_2026-02-04,533,test,normal,,1025,1281,1,a73d620a8e60e0c0f96b8cfcc432f37926b9f50e490fc8e79370faf6ec965a3b,,
1.0,G03-260204-124926-534,G03-260204-124926-534.bmp,G03,2026-02-04T12:49:26,2026-02-04,G03_2026-02-04,534,test,normal,,1025,1281,1,e036ebcba28954c6b104d674e16b7568fbb76086ca291ad99880b8ded7d18338,,
1.0,G03-260204-124933-535,G03-260204-124933-535.bmp,G03,2026-02-04T12:49:33,2026-02-04,G03_2026-02-04,535,test,normal,,1025,1281,1,91332415d844c875eadb4ce77e9cd259e346c00f65c78f1b761ab26d3e2c7fe3,,
1.0,G03-260204-124956-536,G03-260204-124956-536.bmp,G03,2026-02-04T12:49:56,2026-02-04,G03_2026-02-04,536,test,normal,,1025,1281,1,a60daa24ae9160ffa2d8a5753c61aee1e9046f498e79cfddb1507b0b0020455c,,
1.0,G03-260204-125002-537,G03-260204-125002-537.bmp,G03,2026-02-04T12:50:02,2026-02-04,G03_2026-02-04,537,test,normal,,1025,1281,1,d1090023af8891d71ccb7ecb75c6da1013519cd9c35e122d3c3cdace4c54e03a,,
1.0,G03-260204-125026-538,G03-260204-125026-538.bmp,G03,2026-02-04T12:50:26,2026-02-04,G03_2026-02-04,538,test,normal,,1025,1281,1,d12006ccd8ea163a8615ea6d9f382696a4bc202e6961e790b54256920637f366,,
1.0,G03-260204-125032-539,G03-260204-125032-539.bmp,G03,2026-02-04T12:50:32,2026-02-04,G03_2026-02-04,539,test,normal,,1025,1281,1,9090284716dbc8914aaa06c819dd9e24c6fe8c02de9da75460db7ed0519e199a,,
1.0,G03-260204-125057-540,G03-260204-125057-540.bmp,G03,2026-02-04T12:50:57,2026-02-04,G03_2026-02-04,540,test,normal,,1025,1281,1,b505bf2f37a9ab4f1446d76d250a4ec6847e7a5407c400c3d85090aa9dc9aa6b,,
1.0,G03-260204-125104-541,G03-260204-125104-541.bmp,G03,2026-02-04T12:51:04,2026-02-04,G03_2026-02-04,541,test,normal,,1025,1281,1,8fd62d433c9400d9b0d0f7ebc36bc35c93b1d7536a4e9b44633c099abea0b338,,
1.0,G03-260204-125128-542,G03-260204-125128-542.bmp,G03,2026-02-04T12:51:28,2026-02-04,G03_2026-02-04,542,test,normal,,1025,1281,1,9d9d5182633813f7e8569414ed4abf45797d3a5a7e5cc19d168fa6059a952471,,
1.0,G03-260204-125134-543,G03-260204-125134-543.bmp,G03,2026-02-04T12:51:34,2026-02-04,G03_2026-02-04,543,test,normal,,1025,1281,1,1003aab6dabd882135ad9559b8b6458dbd90940c6803aadfa4b6b851c2d5bbaa,,
1.0,G03-260204-125156-544,G03-260204-125156-544.bmp,G03,2026-02-04T12:51:56,2026-02-04,G03_2026-02-04,544,test,normal,,1025,1281,1,2cb7935e5c909f9502ad24505b4a947855442a8a57661a1892564b8ec7a14591,,
1.0,G03-260204-125203-545,G03-260204-125203-545.bmp,G03,2026-02-04T12:52:03,2026-02-04,G03_2026-02-04,545,test,normal,,1025,1281,1,124aad5538fcb5e2b909bc5064c6d7baed526bfc1d52e0d54bdaebdba805676b,,
1.0,G03-260204-125229-546,G03-260204-125229-546.bmp,G03,2026-02-04T12:52:29,2026-02-04,G03_2026-02-04,546,test,normal,,1025,1281,1,a11220a403de09f233f3b276b02fa10e5158077c4aff4ceaf483073c481546b7,,
1.0,G03-260204-125235-547,G03-260204-125235-547.bmp,G03,2026-02-04T12:52:35,2026-02-04,G03_2026-02-04,547,test,normal,,1025,1281,1,eb247f902bd6df7b938b94e1a1ed63383fd3bb3ee45f965bcef12e7e34d4a936,,
1.0,G03-260204-125257-548,G03-260204-125257-548.bmp,G03,2026-02-04T12:52:57,2026-02-04,G03_2026-02-04,548,test,normal,,1025,1281,1,c67ed8e7058ede6eb5eed906620d6858c222e7d1d8611d83cb57e07a4c2db232,,
1.0,G03-260204-125305-549,G03-260204-125305-549.bmp,G03,2026-02-04T12:53:05,2026-02-04,G03_2026-02-04,549,test,normal,,1025,1281,1,5072e609c5d0c8a34eb3349167163f7cbe9321668eed4174d7e23dbbc90619cb,,
1.0,G03-260204-125328-550,G03-260204-125328-550.bmp,G03,2026-02-04T12:53:28,2026-02-04,G03_2026-02-04,550,test,normal,,1025,1281,1,e7264d5a9f8d690ba37ba516ccfe73390950a594b61ce6a70b8a75bc87bfa0b7,,
1.0,G03-260204-125335-551,G03-260204-125335-551.bmp,G03,2026-02-04T12:53:35,2026-02-04,G03_2026-02-04,551,test,normal,,1025,1281,1,48ac01b7d2cd211baafbc3889269ce9ce033ea0605707c172084e35aa2d8d87a,,
1.0,G03-260204-125359-552,G03-260204-125359-552.bmp,G03,2026-02-04T12:53:59,2026-02-04,G03_2026-02-04,552,test,normal,,1025,1281,1,cb24fd3d6f811e260288442201e762c50c0312d0f952fdf0a210360b79a79152,,
1.0,G03-260204-125406-553,G03-260204-125406-553.bmp,G03,2026-02-04T12:54:06,2026-02-04,G03_2026-02-04,553,test,normal,,1025,1281,1,5ac6ec8deeacbdfa8e5a28e77f374ed93e75950a1690b58d9aa15e3aa742329a,,
1.0,G03-260204-125428-554,G03-260204-125428-554.bmp,G03,2026-02-04T12:54:28,2026-02-04,G03_2026-02-04,554,test,normal,,1025,1281,1,13bef5090791bdbc2a23ff7f83938a63c1f0739d3d0bcb277b61dc435441f9f3,,
1.0,G03-260204-125435-555,G03-260204-125435-555.bmp,G03,2026-02-04T12:54:35,2026-02-04,G03_2026-02-04,555,test,normal,,1025,1281,1,0aa2a485d9b5bd44c15be343e47f6ce23f581a8a16616aa086101d414be38cfa,,
1.0,G03-260204-125458-556,G03-260204-125458-556.bmp,G03,2026-02-04T12:54:58,2026-02-04,G03_2026-02-04,556,test,normal,,1025,1281,1,c7d2c1b77a93b0c2ec66ea67a1d03d3c5b4ef7fd17558aad00cfc124dadd51f7,,
1.0,G03-260204-125504-557,G03-260204-125504-557.bmp,G03,2026-02-04T12:55:04,2026-02-04,G03_2026-02-04,557,test,normal,,1025,1281,1,f9c3ced7bb107191b6db4328de94285dc65f823730559ad7693e66d596a4ff93,,
1.0,G03-260204-125528-558,G03-260204-125528-558.bmp,G03,2026-02-04T12:55:28,2026-02-04,G03_2026-02-04,558,test,normal,,1025,1281,1,71d7f7d0e3940f74c9ae12d1f25eb6113ccff0ea999acbe1aee71a89a9f933e5,,
1.0,G03-260204-125535-559,G03-260204-125535-559.bmp,G03,2026-02-04T12:55:35,2026-02-04,G03_2026-02-04,559,test,normal,,1025,1281,1,d674eb5b6c3f5c323440143abad81af9f8bfaa44058b017c4c21f24bd42d87ac,,
1.0,G03-260204-125558-560,G03-260204-125558-560.bmp,G03,2026-02-04T12:55:58,2026-02-04,G03_2026-02-04,560,test,normal,,1025,1281,1,36c9e5557f120c9259eca7a6bc9fa1310c8ac6b3cf2576ad000514181118952b,,
1.0,G03-260204-125605-561,G03-260204-125605-561.bmp,G03,2026-02-04T12:56:05,2026-02-04,G03_2026-02-04,561,test,normal,,1025,1281,1,87ec51a501b96ebebc6a11268055163ae21d2624f07ec0452805a3147bc535cd,,
1.0,G03-260204-125628-562,G03-260204-125628-562.bmp,G03,2026-02-04T12:56:28,2026-02-04,G03_2026-02-04,562,test,normal,,1025,1281,1,6e4c1c1f97ac2db084e0add53721bc81cec1b3f4215c242c92853f10aec508b5,,
1.0,G03-260204-125635-563,G03-260204-125635-563.bmp,G03,2026-02-04T12:56:35,2026-02-04,G03_2026-02-04,563,test,normal,,1025,1281,1,f1d8cd582b15859a67607857e0d2fffefa40e6d5b771839bffa7b10ba96fc33a,,
1.0,G03-260204-125658-564,G03-260204-125658-564.bmp,G03,2026-02-04T12:56:58,2026-02-04,G03_2026-02-04,564,test,normal,,1025,1281,1,15a97504126ca7b2c56f5f34c48038c537727f8a4e3bd86fdc85587c4167c480,,
1.0,G03-260204-125704-565,G03-260204-125704-565.bmp,G03,2026-02-04T12:57:04,2026-02-04,G03_2026-02-04,565,test,normal,,1025,1281,1,ac4ae01ee468f96fb463941a494f3005332d764996e39d114f0b340a4ee527c4,,
1.0,G03-260204-125729-566,G03-260204-125729-566.bmp,G03,2026-02-04T12:57:29,2026-02-04,G03_2026-02-04,566,test,normal,,1025,1281,1,9dce14465a2fde3af65fb03037a3e275831109c19bfcbfb9843ae136ee341a1b,,
1.0,G03-260204-125736-567,G03-260204-125736-567.bmp,G03,2026-02-04T12:57:36,2026-02-04,G03_2026-02-04,567,test,normal,,1025,1281,1,b87258cf2871274eb8482690a7a70f9cbac1f634dc9a10906e11318a10bfdc1f,,
1.0,G03-260204-125759-568,G03-260204-125759-568.bmp,G03,2026-02-04T12:57:59,2026-02-04,G03_2026-02-04,568,test,normal,,1025,1281,1,2d54595d67406b5e96768926950c6d56bc6ddae545f9727745e78c13af2ea08c,,
1.0,G03-260204-125806-569,G03-260204-125806-569.bmp,G03,2026-02-04T12:58:06,2026-02-04,G03_2026-02-04,569,test,normal,,1025,1281,1,0e882693f12fe947ff6d3a5c538bab6eb83459a85218ae43ba9337214711ac60,,
1.0,G03-260204-125830-570,G03-260204-125830-570.bmp,G03,2026-02-04T12:58:30,2026-02-04,G03_2026-02-04,570,test,normal,,1025,1281,1,9c59398f91f378a9393415d57f93f327ea6a63916317e781907a33b01546cf5c,,
1.0,G03-260204-125838-571,G03-260204-125838-571.bmp,G03,2026-02-04T12:58:38,2026-02-04,G03_2026-02-04,571,test,normal,,1025,1281,1,72be5506c3c1988a315aa6c3da5ceda0842002965eaf7807e9350eae7592b080,,
1.0,G03-260204-125900-572,G03-260204-125900-572.bmp,G03,2026-02-04T12:59:00,2026-02-04,G03_2026-02-04,572,test,normal,,1025,1281,1,16548a7696d270edd806a12ff34f236963903ecd924f87c107ddcb2ce6e2e253,,
1.0,G03-260204-125906-573,G03-260204-125906-573.bmp,G03,2026-02-04T12:59:06,2026-02-04,G03_2026-02-04,573,test,normal,,1025,1281,1,97383ac71fd86324802537b65cc47417e537d015b9fd14fa8d335134e2c5c42d,,
1.0,G03-260204-125931-574,G03-260204-125931-574.bmp,G03,2026-02-04T12:59:31,2026-02-04,G03_2026-02-04,574,test,normal,,1025,1281,1,885471f600ad52744a475db657a0bc986ea9534d44666339cea09d0801ed0847,,
1.0,G03-260204-125937-575,G03-260204-125937-575.bmp,G03,2026-02-04T12:59:37,2026-02-04,G03_2026-02-04,575,test,normal,,1025,1281,1,5bba259125771a88cbb2ce02a2d23217dff6e8a5e75cada54f2de37da63b41fd,,
1.0,G03-260204-125959-576,G03-260204-125959-576.bmp,G03,2026-02-04T12:59:59,2026-02-04,G03_2026-02-04,576,test,normal,,1025,1281,1,a4523f328729b6cb7773aa2854ca009a093ca5c7b9f55d3b208a3b1b6f7d35bc,,
1.0,G03-260204-130006-577,G03-260204-130006-577.bmp,G03,2026-02-04T13:00:06,2026-02-04,G03_2026-02-04,577,test,normal,,1025,1281,1,802f084211cc0dd43c35076f482b6d3f8ab93ed1bbe4c7be337c363fec206132,,
1.0,G03-260204-130029-578,G03-260204-130029-578.bmp,G03,2026-02-04T13:00:29,2026-02-04,G03_2026-02-04,578,test,normal,,1025,1281,1,57a2b1563a1939016c347606d48bad694b994faf358e786e6c2a83683ac9e401,,
1.0,G03-260204-130038-579,G03-260204-130038-579.bmp,G03,2026-02-04T13:00:38,2026-02-04,G03_2026-02-04,579,test,normal,,1025,1281,1,bb9973ffa040cd0339e06f83f498fc853fc1c991f3e95d74024aafd41bb279d5,,
1.0,G03-260204-130058-580,G03-260204-130058-580.bmp,G03,2026-02-04T13:00:58,2026-02-04,G03_2026-02-04,580,test,normal,,1025,1281,1,b4bdf1f5f2f32f5af8eef3dc5735ce5dbb9054cec3b233a9239a6955b315457a,,
1.0,G03-260204-130105-581,G03-260204-130105-581.bmp,G03,2026-02-04T13:01:05,2026-02-04,G03_2026-02-04,581,test,normal,,1025,1281,1,1144602a081aba9cafb06e28189e4531b2b63ce369f620ba652a3117afed5448,,
1.0,G03-260204-130129-582,G03-260204-130129-582.bmp,G03,2026-02-04T13:01:29,2026-02-04,G03_2026-02-04,582,test,normal,,1025,1281,1,eb0fd9180dfa8ac81d75a4c974b423243917721e890707f89c31c8c5541cd14d,,
1.0,G03-260204-130136-583,G03-260204-130136-583.bmp,G03,2026-02-04T13:01:36,2026-02-04,G03_2026-02-04,583,test,normal,,1025,1281,1,f20d4c93ba4601a26ca055944b5d00bc6348c50f6e5d3f4298c410efadf0f281,,
1.0,G03-260204-130159-584,G03-260204-130159-584.bmp,G03,2026-02-04T13:01:59,2026-02-04,G03_2026-02-04,584,test,normal,,1025,1281,1,5a3feacc1441190cb7845b9d521cbf4a58a8d8b3d590930e46b090453b3ad139,,
1.0,G03-260204-130207-585,G03-260204-130207-585.bmp,G03,2026-02-04T13:02:07,2026-02-04,G03_2026-02-04,585,test,normal,,1025,1281,1,8777e1ddd742f64a51ab3d507a7a4a000b1ff856eb7546de25114225907d8a67,,
1.0,G03-260204-130230-586,G03-260204-130230-586.bmp,G03,2026-02-04T13:02:30,2026-02-04,G03_2026-02-04,586,test,normal,,1025,1281,1,1733303c8f3990be314c4638df35eb999a996d55ab94d7840ca09dedba11f88e,,
1.0,G03-260204-130237-587,G03-260204-130237-587.bmp,G03,2026-02-04T13:02:37,2026-02-04,G03_2026-02-04,587,test,normal,,1025,1281,1,603b0bb898ed2232aededc094bc13a499c132900b74df6293e7b226461cf1ad8,,
1.0,G03-260204-130301-588,G03-260204-130301-588.bmp,G03,2026-02-04T13:03:01,2026-02-04,G03_2026-02-04,588,test,normal,,1025,1281,1,f9cf535de1af3a72eb4ffc20e62d0d4938959d30f48afac095f683d327d499d4,,
1.0,G03-260204-130308-589,G03-260204-130308-589.bmp,G03,2026-02-04T13:03:08,2026-02-04,G03_2026-02-04,589,test,normal,,1025,1281,1,5cf5193d6a514174265e6f14a5421291e88b29c00c52ed9f754c2e050f445ffe,,
1.0,G03-260204-130330-590,G03-260204-130330-590.bmp,G03,2026-02-04T13:03:30,2026-02-04,G03_2026-02-04,590,test,normal,,1025,1281,1,ccdf4e7526bc9bec7d20fc934a19a7bfea698ae101cdacd02c9d129552f8a9fd,,
1.0,G03-260204-130337-591,G03-260204-130337-591.bmp,G03,2026-02-04T13:03:37,2026-02-04,G03_2026-02-04,591,test,normal,,1025,1281,1,2ee8420cd1623f9e2a72e4afdb7ae60743c8417e008d1f2405595a4cc278d92f,,
1.0,G03-260204-130400-592,G03-260204-130400-592.bmp,G03,2026-02-04T13:04:00,2026-02-04,G03_2026-02-04,592,test,normal,,1025,1281,1,9fce7f0e41a6ef7d69d5d227a027a509a1c62f98082d933fb8d13be0bdf77637,,
1.0,G03-260204-130407-593,G03-260204-130407-593.bmp,G03,2026-02-04T13:04:07,2026-02-04,G03_2026-02-04,593,test,normal,,1025,1281,1,f9ff02e88732443c3b300cf70e3d04b8608a6d422428956ca46981d3073d5494,,
1.0,G03-260204-130430-594,G03-260204-130430-594.bmp,G03,2026-02-04T13:04:30,2026-02-04,G03_2026-02-04,594,test,normal,,1025,1281,1,7b32d3e675dcf4331076953700581e97824c4dfea2c7c6c1d766fb5cae311d9c,,
1.0,G03-260204-130437-595,G03-260204-130437-595.bmp,G03,2026-02-04T13:04:37,2026-02-04,G03_2026-02-04,595,test,normal,,1025,1281,1,5c13bf8918db2ea7fe0e5ac93253341691e1a98e94986f01b86bc3b14c502fbd,,
1.0,G03-260204-130501-596,G03-260204-130501-596.bmp,G03,2026-02-04T13:05:01,2026-02-04,G03_2026-02-04,596,test,normal,,1025,1281,1,bfd1f4ced9cd10d8fe2c06c77af057194362de2197c3be7ab4fb1c08b6b7a90a,,
1.0,G03-260204-130508-597,G03-260204-130508-597.bmp,G03,2026-02-04T13:05:08,2026-02-04,G03_2026-02-04,597,test,normal,,1025,1281,1,1aaf2c19930d6dcdae224c952f8605cf156615019f3e4d3e33405322689fa525,,
1.0,G03-260204-130530-598,G03-260204-130530-598.bmp,G03,2026-02-04T13:05:30,2026-02-04,G03_2026-02-04,598,test,normal,,1025,1281,1,0473129172ffc09d36253b0271e36aba8620afa48995e807efa8ea1ac9c28aef,,
1.0,G03-260204-130537-599,G03-260204-130537-599.bmp,G03,2026-02-04T13:05:37,2026-02-04,G03_2026-02-04,599,test,normal,,1025,1281,1,cc9d14b62f6ce561349224827c242271266ca1410a5a4767b76114cc65b806de,,
1.0,G03-260204-130601-600,G03-260204-130601-600.bmp,G03,2026-02-04T13:06:01,2026-02-04,G03_2026-02-04,600,test,normal,,1025,1281,1,9ab36f407c4abf36889c92e007d6015f6d622ad5402ce124c1a4cf740b12b35c,,
1.0,G03-260204-130608-601,G03-260204-130608-601.bmp,G03,2026-02-04T13:06:08,2026-02-04,G03_2026-02-04,601,test,normal,,1025,1281,1,4194acee441dd80e274967e46ae17a59210ad0a77c9a3881b4a1677179c40e6b,,
1.0,G03-260204-130631-602,G03-260204-130631-602.bmp,G03,2026-02-04T13:06:31,2026-02-04,G03_2026-02-04,602,test,normal,,1025,1281,1,1c896075dc496559751ee6eb04a11309364275cd0102567cec48820f6cfc5fd9,,
1.0,G03-260204-130638-603,G03-260204-130638-603.bmp,G03,2026-02-04T13:06:38,2026-02-04,G03_2026-02-04,603,test,normal,,1025,1281,1,0eb23a223d7349060adcd6acbcb3f093ff20ab7765ef42796658a34af7257683,,
1.0,G03-260204-130701-604,G03-260204-130701-604.bmp,G03,2026-02-04T13:07:01,2026-02-04,G03_2026-02-04,604,test,normal,,1025,1281,1,e85ea48efac523e062ca9aa520a5b223de5f53ac0e4d10365cc0f3f505839926,,
1.0,G03-260204-130708-605,G03-260204-130708-605.bmp,G03,2026-02-04T13:07:08,2026-02-04,G03_2026-02-04,605,test,normal,,1025,1281,1,8c41b8d05f9f4fdbeeb417f90b083e9de4c5e054345ab4c6588eef138a52ba03,,
1.0,G03-260204-130731-606,G03-260204-130731-606.bmp,G03,2026-02-04T13:07:31,2026-02-04,G03_2026-02-04,606,test,normal,,1025,1281,1,59788d13833980863cf099a82d97080f7c8749c924025d68e44ff27bc77cf615,,
1.0,G03-260204-130738-607,G03-260204-130738-607.bmp,G03,2026-02-04T13:07:38,2026-02-04,G03_2026-02-04,607,test,normal,,1025,1281,1,3f6d9e2764909791a256eda4e693269a54e0320b64e485998a3d4fbe8ced547a,,
1.0,G03-260204-130801-608,G03-260204-130801-608.bmp,G03,2026-02-04T13:08:01,2026-02-04,G03_2026-02-04,608,test,normal,,1025,1281,1,789835be0afccf9fef5bf937bc3da032348a62722b81d7bd80394ee87eeaaabc,,
1.0,G03-260204-130808-609,G03-260204-130808-609.bmp,G03,2026-02-04T13:08:08,2026-02-04,G03_2026-02-04,609,test,normal,,1025,1281,1,f0ea6eb48bb3c0bc55811b8300c52b0766166fb14e5092484348db4ca85ca2f5,,
1.0,G03-260204-130831-610,G03-260204-130831-610.bmp,G03,2026-02-04T13:08:31,2026-02-04,G03_2026-02-04,610,test,normal,,1025,1281,1,1bc37e432bd7df0af303872dab36a22cc4f6ec96fe5487f61b3045811c70e0bf,,
1.0,G03-260204-130838-611,G03-260204-130838-611.bmp,G03,2026-02-04T13:08:38,2026-02-04,G03_2026-02-04,611,test,normal,,1025,1281,1,deffb4743334896bf9e3f28ef3e9ed0a471e49525106002414506af8e5ad7af7,,
1.0,G03-260204-130902-612,G03-260204-130902-612.bmp,G03,2026-02-04T13:09:02,2026-02-04,G03_2026-02-04,612,test,normal,,1025,1281,1,422fdd9f373a17cb66c942ddf406922d30c3645db429e66a4a2d546b49d70e77,,
1.0,G03-260204-130909-613,G03-260204-130909-613.bmp,G03,2026-02-04T13:09:09,2026-02-04,G03_2026-02-04,613,test,normal,,1025,1281,1,5a3aaa50230b51fd64354a318d007c9ff1e50d1eec4f303118d4421c3dc43b18,,
1.0,G03-260204-130932-614,G03-260204-130932-614.bmp,G03,2026-02-04T13:09:32,2026-02-04,G03_2026-02-04,614,test,normal,,1025,1281,1,77a2adcbfd3c246714a1c60ac90e49c4ac0e7eb7a2c1dd741ec5ebb310c34616,,
1.0,G03-260204-130939-615,G03-260204-130939-615.bmp,G03,2026-02-04T13:09:39,2026-02-04,G03_2026-02-04,615,test,normal,,1025,1281,1,32faa078fbfc773149c6219eb612c18b05271e2b1e2f5333cf4fa76eaff7753f,,
1.0,G03-260204-131002-616,G03-260204-131002-616.bmp,G03,2026-02-04T13:10:02,2026-02-04,G03_2026-02-04,616,test,normal,,1025,1281,1,cf08f759b547ed02984bfd7af48e99bc27710909559445e612b1f9993497520c,,
1.0,G03-260204-131009-617,G03-260204-131009-617.bmp,G03,2026-02-04T13:10:09,2026-02-04,G03_2026-02-04,617,test,normal,,1025,1281,1,6966ad04ab6830d5f964a4b3e4a47590250e5f6fd5d8ecaaa566f1961aa51627,,
1.0,G03-260204-131034-618,G03-260204-131034-618.bmp,G03,2026-02-04T13:10:34,2026-02-04,G03_2026-02-04,618,test,normal,,1025,1281,1,009fcf218006fe586417d51376b2189cbca2a74e2b6367153f38c8202df8721c,,
1.0,G03-260204-131040-619,G03-260204-131040-619.bmp,G03,2026-02-04T13:10:40,2026-02-04,G03_2026-02-04,619,test,normal,,1025,1281,1,ea987181878f83f3f2d32bd3587672861e9bb75aaaa32c76f728b55255f71d10,,
1.0,G03-260204-131103-620,G03-260204-131103-620.bmp,G03,2026-02-04T13:11:03,2026-02-04,G03_2026-02-04,620,test,normal,,1025,1281,1,3fbf035a6ef0bf534754e1e8fb06364bdc2a444a654d48122cd7c9aa1d951f4d,,
1.0,G03-260204-131111-621,G03-260204-131111-621.bmp,G03,2026-02-04T13:11:11,2026-02-04,G03_2026-02-04,621,test,normal,,1025,1281,1,fe5d9b1a2ec40f98b526f9f00d08d2559bc997700b6658689ccb0d84e2b53829,,
1.0,G03-260204-131133-622,G03-260204-131133-622.bmp,G03,2026-02-04T13:11:33,2026-02-04,G03_2026-02-04,622,test,normal,,1025,1281,1,d5bf665bfe3978603052a349a044516cea4b1c16fa5b9b4e6b0db4f2b3f9dc7a,,
1.0,G03-260204-131139-623,G03-260204-131139-623.bmp,G03,2026-02-04T13:11:39,2026-02-04,G03_2026-02-04,623,test,normal,,1025,1281,1,dcb34b8aa9526c357ad7d441dea4f9d8d467ee5b5a0c80ecf8a190a673a16656,,
1.0,G03-260204-131203-624,G03-260204-131203-624.bmp,G03,2026-02-04T13:12:03,2026-02-04,G03_2026-02-04,624,test,normal,,1025,1281,1,d2b973b10f6a86263b4079b058e5f988ca868ed6862d0fee6dca90b3b4cb1269,,
1.0,G03-260204-131209-625,G03-260204-131209-625.bmp,G03,2026-02-04T13:12:09,2026-02-04,G03_2026-02-04,625,test,normal,,1025,1281,1,b391129e535f7a22a3584f53be68a6dc32c8cf1fbf7507a84ff129afe1ffce0a,,
1.0,G03-260204-131232-626,G03-260204-131232-626.bmp,G03,2026-02-04T13:12:32,2026-02-04,G03_2026-02-04,626,test,normal,,1025,1281,1,2f22944fbce2d9a9f25056275044ad2175187b52cbfb4c36477d7fabb9c1ceb7,,
1.0,G03-260204-131240-627,G03-260204-131240-627.bmp,G03,2026-02-04T13:12:40,2026-02-04,G03_2026-02-04,627,test,normal,,1025,1281,1,aeb1a3d38360eb0aa44fa369ebe01113d13e2b7e5db276293e68886ac081deb2,,
1.0,G03-260204-131303-628,G03-260204-131303-628.bmp,G03,2026-02-04T13:13:03,2026-02-04,G03_2026-02-04,628,test,normal,,1025,1281,1,71a3b333cf01147f3e88a434dcb3e585ff9b46b1b493f77a2a75bcdbc6c1b613,,
1.0,G03-260204-131310-629,G03-260204-131310-629.bmp,G03,2026-02-04T13:13:10,2026-02-04,G03_2026-02-04,629,test,normal,,1025,1281,1,7122a6ca52628b1cffbe8b8884b07abfd8b9d211af4e6d27f59245f2b5b2668b,,
1.0,G03-260204-131332-630,G03-260204-131332-630.bmp,G03,2026-02-04T13:13:32,2026-02-04,G03_2026-02-04,630,test,normal,,1025,1281,1,8be94854b716d6d84dc858e4aaa803c2e4c871379df310011f939538dfd6930a,,
1.0,G03-260204-131339-631,G03-260204-131339-631.bmp,G03,2026-02-04T13:13:39,2026-02-04,G03_2026-02-04,631,test,normal,,1025,1281,1,5c56ffcc80b36ccfe6c08edc0f97c4b3620d675c34d48215a04ea42cf646cb40,,
1.0,G03-260204-131403-632,G03-260204-131403-632.bmp,G03,2026-02-04T13:14:03,2026-02-04,G03_2026-02-04,632,test,normal,,1025,1281,1,671076c7f0da95ee6140b2bdd99bf997fd8f5120e028fc7152ab7be881272875,,
1.0,G03-260204-131411-633,G03-260204-131411-633.bmp,G03,2026-02-04T13:14:11,2026-02-04,G03_2026-02-04,633,test,normal,,1025,1281,1,aa08dcb30333cca144b28d848005ddaaf77b3728b34087abcccc768fd61a612e,,
1.0,G03-260204-131434-634,G03-260204-131434-634.bmp,G03,2026-02-04T13:14:34,2026-02-04,G03_2026-02-04,634,test,normal,,1025,1281,1,2ec643a4a90aba08273680be93b5e2bc2b3b7cce49cf126d311b22b961f6188d,,
1.0,G03-260204-131442-635,G03-260204-131442-635.bmp,G03,2026-02-04T13:14:42,2026-02-04,G03_2026-02-04,635,test,normal,,1025,1281,1,2ceeaa9edcb1a90d69b4031b8d56170e6a4efb4070cf769a02c5ba01e4058ab8,,
1.0,G03-260204-131502-636,G03-260204-131502-636.bmp,G03,2026-02-04T13:15:02,2026-02-04,G03_2026-02-04,636,test,normal,,1025,1281,1,778c2377150e949c9fe6cfc38c26e4531caee6bc6d892db5e4172d2add8348bc,,
1.0,G03-260204-131509-637,G03-260204-131509-637.bmp,G03,2026-02-04T13:15:09,2026-02-04,G03_2026-02-04,637,test,normal,,1025,1281,1,b8b53086750d9b2139f2a1ec979cf8aba14545f7af1e8b38b61645df785b3399,,
1.0,G03-260204-131533-638,G03-260204-131533-638.bmp,G03,2026-02-04T13:15:33,2026-02-04,G03_2026-02-04,638,test,normal,,1025,1281,1,c386409c2a4e6e37c240168fa96d50395daa8d706da3110e59b6019a93b25cc9,,
1.0,G03-260204-131540-639,G03-260204-131540-639.bmp,G03,2026-02-04T13:15:40,2026-02-04,G03_2026-02-04,639,test,normal,,1025,1281,1,a9b3c68fdd49dae4ff4b7b9cb21aef764d80ef28f4bba03a22147a39244b4172,,
1.0,G03-260204-131604-640,G03-260204-131604-640.bmp,G03,2026-02-04T13:16:04,2026-02-04,G03_2026-02-04,640,test,normal,,1025,1281,1,96dd9ecfd2b8e7dbe426e9bf0e406eef444ca9e19894d935cef3ded36924f88d,,
1.0,G03-260204-131612-641,G03-260204-131612-641.bmp,G03,2026-02-04T13:16:12,2026-02-04,G03_2026-02-04,641,test,normal,,1025,1281,1,e40da522c254a7bc05b21632062d3aeaaef7ffb3e6fede099faf017c374c02a8,,
1.0,G03-260204-131635-642,G03-260204-131635-642.bmp,G03,2026-02-04T13:16:35,2026-02-04,G03_2026-02-04,642,test,normal,,1025,1281,1,54a9f4c70721a14fb7d50dcc21e33caa7896aef76fa4ab2cbda8480cd6e03a13,,
1.0,G03-260204-131642-643,G03-260204-131642-643.bmp,G03,2026-02-04T13:16:42,2026-02-04,G03_2026-02-04,643,test,normal,,1025,1281,1,7f173d2a238bea9d22586908f7d60fc3286f2c69c817284386973298a1a248e9,,
1.0,G03-260204-131706-644,G03-260204-131706-644.bmp,G03,2026-02-04T13:17:06,2026-02-04,G03_2026-02-04,644,test,normal,,1025,1281,1,abe8b514aa1aeea2ad13c7c62c5385cff20eeaf97389ea226a92e2743cc53cd0,,
1.0,G03-260204-131712-645,G03-260204-131712-645.bmp,G03,2026-02-04T13:17:12,2026-02-04,G03_2026-02-04,645,test,normal,,1025,1281,1,da235ce9c3fd52fb47da9cd13c0ff893c934be2efd18fe8f81a8f43c3fef4207,,
1.0,G03-260204-131734-646,G03-260204-131734-646.bmp,G03,2026-02-04T13:17:34,2026-02-04,G03_2026-02-04,646,test,normal,,1025,1281,1,32fbf59c4551a478a74a20fd3b9eef3dc119dc71e8cca1b2801de9ef0f9eae81,,
1.0,G03-260204-131741-647,G03-260204-131741-647.bmp,G03,2026-02-04T13:17:41,2026-02-04,G03_2026-02-04,647,test,normal,,1025,1281,1,759e5cec7e11accfb8bceaf498a2ec1a9e305c4f236eea328b03d5b2cbf0b000,,
1.0,G03-260204-131803-648,G03-260204-131803-648.bmp,G03,2026-02-04T13:18:03,2026-02-04,G03_2026-02-04,648,test,normal,,1025,1281,1,abeef553008efa021603495cf0fc7a1b38a3aa865f5abb84b19005f9ed82cb74,,
1.0,G03-260204-131810-649,G03-260204-131810-649.bmp,G03,2026-02-04T13:18:10,2026-02-04,G03_2026-02-04,649,test,normal,,1025,1281,1,b0cb93396f7d9219d6b6b8f477576e693ef8d6e880beac719d7e23b63a86818d,,
1.0,G03-260204-131833-650,G03-260204-131833-650.bmp,G03,2026-02-04T13:18:33,2026-02-04,G03_2026-02-04,650,test,normal,,1025,1281,1,e08bdb5442af5438ee4536cde34a3a22ce18b6833d23bee8ac07c5092247ff37,,
1.0,G03-260204-131840-651,G03-260204-131840-651.bmp,G03,2026-02-04T13:18:40,2026-02-04,G03_2026-02-04,651,test,normal,,1025,1281,1,c68770c4ca5e8d6ef11c2cad495e9bd0a2155aa1d7cd0503e6642d0d541f7344,,
1.0,G03-260204-131904-652,G03-260204-131904-652.bmp,G03,2026-02-04T13:19:04,2026-02-04,G03_2026-02-04,652,test,normal,,1025,1281,1,538dd898c0175ac7ccc08b5ec76f529576f0d517058f5deb430e350fe4be8e7a,,
1.0,G03-260204-131911-653,G03-260204-131911-653.bmp,G03,2026-02-04T13:19:11,2026-02-04,G03_2026-02-04,653,test,normal,,1025,1281,1,f7fa575b1573ea41c58fb16acc1f2de01dbcf9b4c208b1e58714349f3f280eb0,,
1.0,G03-260204-131934-654,G03-260204-131934-654.bmp,G03,2026-02-04T13:19:34,2026-02-04,G03_2026-02-04,654,test,normal,,1025,1281,1,208168f2515e5ba896fb018c822c7ea479e4886886168af8641678cd0aa2f36f,,
1.0,G03-260204-131941-655,G03-260204-131941-655.bmp,G03,2026-02-04T13:19:41,2026-02-04,G03_2026-02-04,655,test,normal,,1025,1281,1,c061d41d2d95a9689c287dd3ad049db2af8b4057ba34cb3520f062cd3daeb143,,
1.0,G03-260204-132006-656,G03-260204-132006-656.bmp,G03,2026-02-04T13:20:06,2026-02-04,G03_2026-02-04,656,test,normal,,1025,1281,1,ba550e06cf0a03bb9710a3c751fb9c3b17859894c474a29ebb723026d9fcd99d,,
1.0,G03-260204-132013-657,G03-260204-132013-657.bmp,G03,2026-02-04T13:20:13,2026-02-04,G03_2026-02-04,657,test,normal,,1025,1281,1,046b36ef7002c048b81c07d473655c0643a7516dda5bcb6667402d4986f4e363,,
1.0,G03-260204-132035-658,G03-260204-132035-658.bmp,G03,2026-02-04T13:20:35,2026-02-04,G03_2026-02-04,658,test,normal,,1025,1281,1,1839cbd6c14a447a750643ba872cbfd4aaf7ce6bb25d0101eb161cca5bb1730c,,
1.0,G03-260204-132043-659,G03-260204-132043-659.bmp,G03,2026-02-04T13:20:43,2026-02-04,G03_2026-02-04,659,test,normal,,1025,1281,1,3780fde29fdde3f4d9ea1e9c9de6826755823671b4e69193170532c34207a268,,
1.0,G03-260204-132105-660,G03-260204-132105-660.bmp,G03,2026-02-04T13:21:05,2026-02-04,G03_2026-02-04,660,test,normal,,1025,1281,1,36128565c67cd93d216e82a13820d22e40ef7e6eac835fde640d476f9e944b94,,
1.0,G03-260204-132112-661,G03-260204-132112-661.bmp,G03,2026-02-04T13:21:12,2026-02-04,G03_2026-02-04,661,test,normal,,1025,1281,1,63e749ffeea28b60934f9e6202f3ebe2e16e2260a3b694293b5b6cf4b707be3b,,
1.0,G03-260204-132135-662,G03-260204-132135-662.bmp,G03,2026-02-04T13:21:35,2026-02-04,G03_2026-02-04,662,test,normal,,1025,1281,1,699910959ec535ee9f43132fadc005cf67c68471a03d67ea601a177aef301325,,
1.0,G03-260204-132142-663,G03-260204-132142-663.bmp,G03,2026-02-04T13:21:42,2026-02-04,G03_2026-02-04,663,test,normal,,1025,1281,1,e92ed5f9c3205a18cbbffb143c1e34375cd0b141df0a3a0e4c4f379643efb1f5,,
1.0,G03-260204-132206-664,G03-260204-132206-664.bmp,G03,2026-02-04T13:22:06,2026-02-04,G03_2026-02-04,664,test,normal,,1025,1281,1,6acc82d1ce65c2e7e5edfddd3bfd69c77c8f80287f04500ecbe9581e248d17dc,,
1.0,G03-260204-132213-665,G03-260204-132213-665.bmp,G03,2026-02-04T13:22:13,2026-02-04,G03_2026-02-04,665,test,normal,,1025,1281,1,14153599325399af671d66b1ffed43a669f586a39cc160c144250c1588f379dd,,
1.0,G03-260204-132235-666,G03-260204-132235-666.bmp,G03,2026-02-04T13:22:35,2026-02-04,G03_2026-02-04,666,test,normal,,1025,1281,1,4ad9fafc148b193aac54a7291c063e11ca40de6df42ae43eeb3881b866f121af,,
1.0,G03-260204-132241-667,G03-260204-132241-667.bmp,G03,2026-02-04T13:22:41,2026-02-04,G03_2026-02-04,667,test,normal,,1025,1281,1,b4d6be74230d523349f2cc98ce5c4678462455b9c5801c671bf55d46cbd50b6b,,
1.0,G03-260204-132306-668,G03-260204-132306-668.bmp,G03,2026-02-04T13:23:06,2026-02-04,G03_2026-02-04,668,test,normal,,1025,1281,1,a9fda72015c3a7ea0a88cc7ce57f58c73922b8712ebb98cee37023a151c7b7b3,,
1.0,G03-260204-132312-669,G03-260204-132312-669.bmp,G03,2026-02-04T13:23:12,2026-02-04,G03_2026-02-04,669,test,normal,,1025,1281,1,ef9c99b5ff9ada40f88be8558ed91c1b30c0221a7c11f3e79f102e2fe93d2199,,
1.0,G03-260204-132336-670,G03-260204-132336-670.bmp,G03,2026-02-04T13:23:36,2026-02-04,G03_2026-02-04,670,test,normal,,1025,1281,1,9a5c56b7efe07122607fb6586378ecf4313f473242bd2aa2b2561478ec4b863b,,
1.0,G03-260204-132343-671,G03-260204-132343-671.bmp,G03,2026-02-04T13:23:43,2026-02-04,G03_2026-02-04,671,test,normal,,1025,1281,1,af8b593b520a722de58bf11f1c0960732a05f432b60b71df90334c29ed7fa7a5,,
1.0,G03-260204-132406-672,G03-260204-132406-672.bmp,G03,2026-02-04T13:24:06,2026-02-04,G03_2026-02-04,672,test,normal,,1025,1281,1,73630963ae012fd856cc30ef4b99b6660272f81de2c655558cf0c956c0155e17,,
1.0,G03-260204-132414-673,G03-260204-132414-673.bmp,G03,2026-02-04T13:24:14,2026-02-04,G03_2026-02-04,673,test,normal,,1025,1281,1,a10982d722bddfad0d107810bb447f75a8d834ff263663088658006bc7ff3d85,,
1.0,G03-260204-132436-674,G03-260204-132436-674.bmp,G03,2026-02-04T13:24:36,2026-02-04,G03_2026-02-04,674,test,normal,,1025,1281,1,1f52cccec34a2924b23ddea1cbfe40680340185b4db3c1179c1c3548adae240d,,
1.0,G03-260204-132442-675,G03-260204-132442-675.bmp,G03,2026-02-04T13:24:42,2026-02-04,G03_2026-02-04,675,test,normal,,1025,1281,1,1581ce591799cb1568ef7c817aabbff7d780b9f2126a0001f99ce3a187edaedf,,
1.0,G03-260204-132506-676,G03-260204-132506-676.bmp,G03,2026-02-04T13:25:06,2026-02-04,G03_2026-02-04,676,test,normal,,1025,1281,1,6ed67a9921882eb9df055e83a1c3f533a1ff22ca0062036f73bea459f79ab672,,
1.0,G03-260204-132513-677,G03-260204-132513-677.bmp,G03,2026-02-04T13:25:13,2026-02-04,G03_2026-02-04,677,test,normal,,1025,1281,1,bd6412278fcac5970770e369520525bc0f5feda52d786dfe039756cbb697e404,,
1.0,G03-260204-132535-678,G03-260204-132535-678.bmp,G03,2026-02-04T13:25:35,2026-02-04,G03_2026-02-04,678,test,normal,,1025,1281,1,be20ec4972bbe8bdf782562b5f557bc645ceb3b3773ee4ae4549e8e8a8b1cef8,,
1.0,G03-260204-132542-679,G03-260204-132542-679.bmp,G03,2026-02-04T13:25:42,2026-02-04,G03_2026-02-04,679,test,normal,,1025,1281,1,cf48fa32c635ea4d4a880aab8eed94206c43074506c644218afae0b737a20b3a,,
1.0,G03-260204-132607-680,G03-260204-132607-680.bmp,G03,2026-02-04T13:26:07,2026-02-04,G03_2026-02-04,680,test,normal,,1025,1281,1,e7814398a569e03913352ec8fc97b42ac1284b1c4c8f881556ccf8cf0ac3b3f1,,
1.0,G03-260204-132615-681,G03-260204-132615-681.bmp,G03,2026-02-04T13:26:15,2026-02-04,G03_2026-02-04,681,test,normal,,1025,1281,1,daf95ee1d72ca1e8fc250040eed1441b85dbb0ff20febd0fef43bd30ea1d20f4,,
1.0,G03-260204-132635-682,G03-260204-132635-682.bmp,G03,2026-02-04T13:26:35,2026-02-04,G03_2026-02-04,682,test,normal,,1025,1281,1,8645542b58ac024bc0093f45752fd316a36ca87f81d92e3b49030355ce150faa,,
1.0,G03-260204-132643-683,G03-260204-132643-683.bmp,G03,2026-02-04T13:26:43,2026-02-04,G03_2026-02-04,683,test,normal,,1025,1281,1,5213116b37d7b23becd6e3f0b9d21c7e24ee1b94d3178040b157afe6e3dc7523,,
1.0,G03-260204-132707-684,G03-260204-132707-684.bmp,G03,2026-02-04T13:27:07,2026-02-04,G03_2026-02-04,684,test,normal,,1025,1281,1,43766c305256e979aced3a2dbba584c7c706bf229174c25d36fdc141f10f21c3,,
1.0,G03-260204-132714-685,G03-260204-132714-685.bmp,G03,2026-02-04T13:27:14,2026-02-04,G03_2026-02-04,685,test,normal,,1025,1281,1,d213d3478309fa47bcac3ce85891fa5eed792630eb96a0d48e3b56b7d277e8f6,,
1.0,G03-260204-132736-686,G03-260204-132736-686.bmp,G03,2026-02-04T13:27:36,2026-02-04,G03_2026-02-04,686,test,normal,,1025,1281,1,c115730f02be67b7ead566c756a31e86884f471257af20506a6d6d9390be551f,,
1.0,G03-260204-132744-687,G03-260204-132744-687.bmp,G03,2026-02-04T13:27:44,2026-02-04,G03_2026-02-04,687,test,normal,,1025,1281,1,2b5cf2daf7c06a08dbc0e0a116322032f594c9e6421525e3446d3dd9275c5d08,,
1.0,G03-260204-132808-688,G03-260204-132808-688.bmp,G03,2026-02-04T13:28:08,2026-02-04,G03_2026-02-04,688,test,normal,,1025,1281,1,d7586d9d61c57ef52bf9b05918f23a98b4171822c9766d0efd6f128ca8dfc0b5,,
1.0,G03-260204-132814-689,G03-260204-132814-689.bmp,G03,2026-02-04T13:28:14,2026-02-04,G03_2026-02-04,689,test,normal,,1025,1281,1,6e29451355e4f9ee2fe8f99d5ecea3a469755b49598973f8e8df964d7c6af3f5,,
1.0,G03-260204-132837-690,G03-260204-132837-690.bmp,G03,2026-02-04T13:28:37,2026-02-04,G03_2026-02-04,690,test,normal,,1025,1281,1,b462b6b47d7a55c89da7aaa1c1cb48bc6caac01ce3466bb54ba28c33d0ba1eac,,
1.0,G03-260204-132845-691,G03-260204-132845-691.bmp,G03,2026-02-04T13:28:45,2026-02-04,G03_2026-02-04,691,test,normal,,1025,1281,1,984c29079eb825334dc0d859d8dbf7d2cc679f87a49e84f6ee476aca43f1cfe9,,
1.0,G03-260204-132906-692,G03-260204-132906-692.bmp,G03,2026-02-04T13:29:06,2026-02-04,G03_2026-02-04,692,test,normal,,1025,1281,1,ca3944c311be3ef15a8cf046b28e38d1919c4b646b812e2dd2625824ad908aff,,
1.0,G03-260204-132913-693,G03-260204-132913-693.bmp,G03,2026-02-04T13:29:13,2026-02-04,G03_2026-02-04,693,test,normal,,1025,1281,1,74dca34180a3fdc8ca2191e299deb337cddee895915729ec0efe3ae51fdc05c0,,
1.0,G03-260204-132938-694,G03-260204-132938-694.bmp,G03,2026-02-04T13:29:38,2026-02-04,G03_2026-02-04,694,test,normal,,1025,1281,1,6c1cd7d3babdaa591f1c4ee4292a7ab32fd35229bee6a147936f89200f363ac0,,
1.0,G03-260204-132944-695,G03-260204-132944-695.bmp,G03,2026-02-04T13:29:44,2026-02-04,G03_2026-02-04,695,test,normal,,1025,1281,1,a368a8e397cd5bd9e1af044c5bb4a9defc7eef1ae38b38de2e4231329e7cda0c,,
1.0,G03-260204-133006-696,G03-260204-133006-696.bmp,G03,2026-02-04T13:30:06,2026-02-04,G03_2026-02-04,696,test,normal,,1025,1281,1,cb69d52710693e08867bca4efb0c1f6bda6133a7f6d1a70c37c743cccba3330d,,
1.0,G03-260204-133012-697,G03-260204-133012-697.bmp,G03,2026-02-04T13:30:12,2026-02-04,G03_2026-02-04,697,test,normal,,1025,1281,1,6728b82e469ec045d5770104cb4b7e5ecb25e3a5b549edb8ed407a14e4a757f9,,
1.0,G03-260204-133037-698,G03-260204-133037-698.bmp,G03,2026-02-04T13:30:37,2026-02-04,G03_2026-02-04,698,test,normal,,1025,1281,1,97d224bf7a823c1b4c14c8944a5635c9579ab3c9ce965f436246b49f06d4ddff,,
1.0,G03-260204-133043-699,G03-260204-133043-699.bmp,G03,2026-02-04T13:30:43,2026-02-04,G03_2026-02-04,699,test,normal,,1025,1281,1,36720850ae2e5f686dcd724a1b5b06195a1f59218688dae2d497f2297ad12e29,,
1.0,G03-260204-133109-700,G03-260204-133109-700.bmp,G03,2026-02-04T13:31:09,2026-02-04,G03_2026-02-04,700,test,normal,,1025,1281,1,5494399d6fb359fad62e08471534ade27c60700ad7f24482c12b97dbfd85cace,,
1.0,G03-260204-133116-701,G03-260204-133116-701.bmp,G03,2026-02-04T13:31:16,2026-02-04,G03_2026-02-04,701,test,normal,,1025,1281,1,13ada5b4a468ea110d1dc39c7eb90ef345066dc338558ffdf08f37889dca1669,,
1.0,G03-260204-133138-702,G03-260204-133138-702.bmp,G03,2026-02-04T13:31:38,2026-02-04,G03_2026-02-04,702,test,normal,,1025,1281,1,c219a8a5b5b3f0454dfc5c23b701182144ec7a80d17092dbb6ea9d6fc4b68557,,
1.0,G03-260204-133144-703,G03-260204-133144-703.bmp,G03,2026-02-04T13:31:44,2026-02-04,G03_2026-02-04,703,test,normal,,1025,1281,1,7e68a667c3a397e833883dcb86934babdc2bb4ccfc35ed0178a3d0869e3221f7,,
1.0,G03-260204-133209-704,G03-260204-133209-704.bmp,G03,2026-02-04T13:32:09,2026-02-04,G03_2026-02-04,704,test,normal,,1025,1281,1,127b3dfd0898781d13a8682658c32ffbbc9606e0c28124713cb0f44c87539de3,,
1.0,G03-260204-133216-705,G03-260204-133216-705.bmp,G03,2026-02-04T13:32:16,2026-02-04,G03_2026-02-04,705,test,normal,,1025,1281,1,9476581ea556507aa591a8990f1ece7b8139c1fcb2e9ae727055dfa9d3eb78d2,,
1.0,G03-260204-133238-706,G03-260204-133238-706.bmp,G03,2026-02-04T13:32:38,2026-02-04,G03_2026-02-04,706,test,normal,,1025,1281,1,e93f244bb47f9144c8ee924d80847515898b22a61afe1936c35fa4ea34d684d1,,
1.0,G03-260204-133244-707,G03-260204-133244-707.bmp,G03,2026-02-04T13:32:44,2026-02-04,G03_2026-02-04,707,test,normal,,1025,1281,1,f87f198917d271a2c1d6e48d45f8b8f2fb2356e5f47ebf329508a0898dd75905,,
1.0,G03-260204-133309-708,G03-260204-133309-708.bmp,G03,2026-02-04T13:33:09,2026-02-04,G03_2026-02-04,708,test,normal,,1025,1281,1,f65fd0357eaaac405d3d306bf55f796ddd838132e52a5057b3753f0e0ba45de1,,
1.0,G03-260204-133316-709,G03-260204-133316-709.bmp,G03,2026-02-04T13:33:16,2026-02-04,G03_2026-02-04,709,test,normal,,1025,1281,1,4848b7cf1d20288ec6c5fa70bf519e3e95f71ec8072cfeba50ad7d069588616b,,
1.0,G03-260204-133338-710,G03-260204-133338-710.bmp,G03,2026-02-04T13:33:38,2026-02-04,G03_2026-02-04,710,test,normal,,1025,1281,1,34cf566adb18fffce93daf93ead0e2cc4c0fceff6392fab8ad17ba275f650250,,
1.0,G03-260204-133345-711,G03-260204-133345-711.bmp,G03,2026-02-04T13:33:45,2026-02-04,G03_2026-02-04,711,test,normal,,1025,1281,1,d007a0abc830b34e50d732c6da7953bc025941478f2a2f8350862ef2dc282e4a,,
1.0,G03-260204-133408-712,G03-260204-133408-712.bmp,G03,2026-02-04T13:34:08,2026-02-04,G03_2026-02-04,712,test,normal,,1025,1281,1,a8ff917d3193b01f9d4c0ff39753ec83b2fb97744c794178e9710d46de1902ba,,
1.0,G03-260204-133440-713,G03-260204-133440-713.bmp,G03,2026-02-04T13:34:40,2026-02-04,G03_2026-02-04,713,test,normal,,1025,1281,1,bcdc18a1c3872772325e38b1560ed3ee245f1df5076baa31e0f35463be534fe6,,
1.0,G03-260204-133446-714,G03-260204-133446-714.bmp,G03,2026-02-04T13:34:46,2026-02-04,G03_2026-02-04,714,test,normal,,1025,1281,1,ea86de0918d9692fa3348db4bb09b04a645e8ff82e4e6f08298e4c0d889b3d4d,,
1.0,G03-260204-133508-715,G03-260204-133508-715.bmp,G03,2026-02-04T13:35:08,2026-02-04,G03_2026-02-04,715,test,normal,,1025,1281,1,ebc19b01e72a355bc0ee49186245de12cf0f4823f0cf11a4a1eb1b18857266e7,,
1.0,G03-260204-133515-716,G03-260204-133515-716.bmp,G03,2026-02-04T13:35:15,2026-02-04,G03_2026-02-04,716,test,normal,,1025,1281,1,94390d0ad3741ca1cdc02721c41c111715544762a86fd16fea88e7f6c1a597c9,,
1.0,G03-260204-133538-717,G03-260204-133538-717.bmp,G03,2026-02-04T13:35:38,2026-02-04,G03_2026-02-04,717,test,normal,,1025,1281,1,8d5ba473466c7420f3265d99f4af226061af289b2fee3984ab2bc7f35422158f,,
1.0,G03-260204-133546-718,G03-260204-133546-718.bmp,G03,2026-02-04T13:35:46,2026-02-04,G03_2026-02-04,718,test,normal,,1025,1281,1,644047dab442c9a631ad5b3b8ffb0624b618d43b6775a5cd33bedd13d63da7a0,,
1.0,G03-260204-133609-719,G03-260204-133609-719.bmp,G03,2026-02-04T13:36:09,2026-02-04,G03_2026-02-04,719,test,normal,,1025,1281,1,dca94505b1b64db202b0f2449bed1bbbeb905ead64575f126c398c35fa0ea343,,
1.0,G03-260204-133616-720,G03-260204-133616-720.bmp,G03,2026-02-04T13:36:16,2026-02-04,G03_2026-02-04,720,test,normal,,1025,1281,1,10894b6bbb856843eebc1204145ea5384502e051b48de54f0616a9c7d02f3f67,,
1.0,G03-260204-133639-721,G03-260204-133639-721.bmp,G03,2026-02-04T13:36:39,2026-02-04,G03_2026-02-04,721,test,normal,,1025,1281,1,860c3af0822467d35709fbed96c879611bffb75be00dcea4c5c347e12ba12e4e,,
1.0,G03-260204-133647-722,G03-260204-133647-722.bmp,G03,2026-02-04T13:36:47,2026-02-04,G03_2026-02-04,722,test,normal,,1025,1281,1,a7f47f2703311062d5730bf0056c6c1a238f017f7ff17517f5904ebf9aab8f08,,
1.0,G03-260204-133709-723,G03-260204-133709-723.bmp,G03,2026-02-04T13:37:09,2026-02-04,G03_2026-02-04,723,test,normal,,1025,1281,1,f191413b32482123b41cc0a0cfacab16238615a8204126f777c6d4b858b9502d,,
1.0,G03-260204-133715-724,G03-260204-133715-724.bmp,G03,2026-02-04T13:37:15,2026-02-04,G03_2026-02-04,724,test,normal,,1025,1281,1,2454e1d4e265091d541f6bcccb123cabcd5b4253e0162ef3b4c0b025258cbed5,,
1.0,G03-260204-133738-725,G03-260204-133738-725.bmp,G03,2026-02-04T13:37:38,2026-02-04,G03_2026-02-04,725,test,normal,,1025,1281,1,c169ed01fcb5e01d3cf6e8914e9bbeee17b477aa9db3e7cf61c44e9624c6abcb,,
1.0,G03-260204-133745-726,G03-260204-133745-726.bmp,G03,2026-02-04T13:37:45,2026-02-04,G03_2026-02-04,726,test,normal,,1025,1281,1,c302d4b3df0d72a0e93f62bd8507ee7611f4731137c033575de87145b0a5e5b6,,
1.0,G03-260204-133811-727,G03-260204-133811-727.bmp,G03,2026-02-04T13:38:11,2026-02-04,G03_2026-02-04,727,test,normal,,1025,1281,1,8c837d4e6da391d96e14decad677f6f349e70ddd43dc387813deb9771910a2fc,,
1.0,G03-260204-133818-728,G03-260204-133818-728.bmp,G03,2026-02-04T13:38:18,2026-02-04,G03_2026-02-04,728,test,normal,,1025,1281,1,db4bf5175dbe78ae0eed3ef4f77bd46c8ec3525c8e9aa436305f160235c88e25,,
1.0,G03-260204-133839-729,G03-260204-133839-729.bmp,G03,2026-02-04T13:38:39,2026-02-04,G03_2026-02-04,729,test,normal,,1025,1281,1,3400c14561415022caa5f8fd4fe74b0d4c04c4320090e1032b3e436a0b5c3a90,,
1.0,G03-260204-133846-730,G03-260204-133846-730.bmp,G03,2026-02-04T13:38:46,2026-02-04,G03_2026-02-04,730,test,normal,,1025,1281,1,2a0a9230bfe49e8b87cf88c4f5951ce5c39523a74fc60fbb7c2abf56af96c6a5,,
1.0,G03-260204-133909-731,G03-260204-133909-731.bmp,G03,2026-02-04T13:39:09,2026-02-04,G03_2026-02-04,731,test,normal,,1025,1281,1,5e9292efbefd691a109a0eb4010df524a536460babd4f667aedc68068e5188f7,,
1.0,G03-260204-133915-732,G03-260204-133915-732.bmp,G03,2026-02-04T13:39:15,2026-02-04,G03_2026-02-04,732,test,normal,,1025,1281,1,effde04c4447b7ba15ab118bb442a820d558ad6b04e44bf3d9ce480c2a22907f,,
1.0,G03-260204-133940-733,G03-260204-133940-733.bmp,G03,2026-02-04T13:39:40,2026-02-04,G03_2026-02-04,733,test,normal,,1025,1281,1,38ee33035a635dc3c80411d5e0474b8d02f0b14be821fe0a2a48524e27f8ecf0,,
1.0,G03-260204-133948-734,G03-260204-133948-734.bmp,G03,2026-02-04T13:39:48,2026-02-04,G03_2026-02-04,734,test,normal,,1025,1281,1,1e4f9aad66d9badb189989af1050f66c249153365c51acf11fca850eb6314a5f,,
1.0,G03-260204-134009-735,G03-260204-134009-735.bmp,G03,2026-02-04T13:40:09,2026-02-04,G03_2026-02-04,735,test,normal,,1025,1281,1,ef3826b3dc12b0eff5a7513298f310cf9bd1a102b9439e163d862f4ceb31de28,,
1.0,G03-260204-134017-736,G03-260204-134017-736.bmp,G03,2026-02-04T13:40:17,2026-02-04,G03_2026-02-04,736,test,normal,,1025,1281,1,45bf975018e5a306b7c5981b149b5c26b25135ac5d7fd422762c04563fa6f598,,
1.0,G03-260204-134039-737,G03-260204-134039-737.bmp,G03,2026-02-04T13:40:39,2026-02-04,G03_2026-02-04,737,test,normal,,1025,1281,1,d3a1231f5437934496ca6ac0141f3dec6ea1b749bbc94633bec1b4b4864ef153,,
1.0,G03-260204-134046-738,G03-260204-134046-738.bmp,G03,2026-02-04T13:40:46,2026-02-04,G03_2026-02-04,738,test,normal,,1025,1281,1,3ae114e8fdddbbc138a98eb234f0c5616bd2ec2b0a5a6dd113bc57aeb327e9ad,,
1.0,G03-260204-134111-739,G03-260204-134111-739.bmp,G03,2026-02-04T13:41:11,2026-02-04,G03_2026-02-04,739,test,normal,,1025,1281,1,a4c10103bba401044a80cda9cd8f4a24af54ae79e13d0aae0adc22ee28d4737d,,
1.0,G03-260204-134118-740,G03-260204-134118-740.bmp,G03,2026-02-04T13:41:18,2026-02-04,G03_2026-02-04,740,test,normal,,1025,1281,1,86c51bfee14009953fed5032f01bd6dd6a0c92d64a73976a47298056f81d4446,,
1.0,G03-260204-134140-741,G03-260204-134140-741.bmp,G03,2026-02-04T13:41:40,2026-02-04,G03_2026-02-04,741,test,normal,,1025,1281,1,07c6c9aac3dfc1eb3cf9f40ddd37245aa535248d2d77cc48ac00b51d67d1262a,,
1.0,G03-260204-134148-742,G03-260204-134148-742.bmp,G03,2026-02-04T13:41:48,2026-02-04,G03_2026-02-04,742,test,normal,,1025,1281,1,16182d5823262adab3dcd07497c533642bfc31e58bfbc1026e3ce16d29cf959f,,
1.0,G03-260204-134210-743,G03-260204-134210-743.bmp,G03,2026-02-04T13:42:10,2026-02-04,G03_2026-02-04,743,test,normal,,1025,1281,1,fefabb2537fb0ddf9521e1b5433f5b7cee8b18ca2c2f7cbbe60fc768a1bda5f7,,
1.0,G03-260204-134217-744,G03-260204-134217-744.bmp,G03,2026-02-04T13:42:17,2026-02-04,G03_2026-02-04,744,test,normal,,1025,1281,1,2445dd952f9b89c987bd3cb891d66fe64db3aee8fecc4cd930e46429b45e584b,,
1.0,G03-260204-134241-745,G03-260204-134241-745.bmp,G03,2026-02-04T13:42:41,2026-02-04,G03_2026-02-04,745,test,normal,,1025,1281,1,d4cfd37921ff2e8501b20d89346dd1a376e0bc54c790ad68145c8eae9638526c,,
1.0,G03-260204-134248-746,G03-260204-134248-746.bmp,G03,2026-02-04T13:42:48,2026-02-04,G03_2026-02-04,746,test,normal,,1025,1281,1,62a95511aedde78a5922df5128a6ceda503e0a971aba63a5d2cd5d97ecb29d5d,,
1.0,G03-260204-134311-747,G03-260204-134311-747.bmp,G03,2026-02-04T13:43:11,2026-02-04,G03_2026-02-04,747,test,normal,,1025,1281,1,58c693271bbecdd7afdc39e64797a38e668a820336deed5a686494cf93b16d03,,
1.0,G03-260204-134319-748,G03-260204-134319-748.bmp,G03,2026-02-04T13:43:19,2026-02-04,G03_2026-02-04,748,test,normal,,1025,1281,1,fc2c30b90419f2245bf67eacd4fefb14916cf1744bb05ef3ec726d6a4d6a04db,,
1.0,G03-260204-134340-749,G03-260204-134340-749.bmp,G03,2026-02-04T13:43:40,2026-02-04,G03_2026-02-04,749,test,normal,,1025,1281,1,cbfd887dcbc478abdb7b169944f0486386057b70de9bd8003b88c9dfec908663,,
1.0,G03-260204-134347-750,G03-260204-134347-750.bmp,G03,2026-02-04T13:43:47,2026-02-04,G03_2026-02-04,750,test,normal,,1025,1281,1,4066dee8c28ae9eaa2502291e5dc59ffbd674e75e59d16b4672aa4b419843eab,,
1.0,G03-260204-134412-751,G03-260204-134412-751.bmp,G03,2026-02-04T13:44:12,2026-02-04,G03_2026-02-04,751,test,normal,,1025,1281,1,327d588a08ae88db1a97184eb61c0dc0914bb0a5fcf2b1cf9e81a27486c5a5b5,,
1.0,G03-260204-134420-752,G03-260204-134420-752.bmp,G03,2026-02-04T13:44:20,2026-02-04,G03_2026-02-04,752,test,normal,,1025,1281,1,9391ce4b5b354eb0a3646503f0aae50704adab6b77467afe945c5c939dfcc590,,
1.0,G03-260204-134444-753,G03-260204-134444-753.bmp,G03,2026-02-04T13:44:44,2026-02-04,G03_2026-02-04,753,test,normal,,1025,1281,1,d61fda8734cc603e9904d02dc8aa146519dd6d14f71d0eedd400810c4c314417,,
1.0,G03-260204-134451-754,G03-260204-134451-754.bmp,G03,2026-02-04T13:44:51,2026-02-04,G03_2026-02-04,754,test,normal,,1025,1281,1,438bcd10dd95ee90548d24ba2497c7aed580ec2a0142649f05de539c5066182a,,
1.0,G03-260204-134511-755,G03-260204-134511-755.bmp,G03,2026-02-04T13:45:11,2026-02-04,G03_2026-02-04,755,test,normal,,1025,1281,1,5c9aa89a3046873cc65022630599cf1e1753dc756c822740218d2129dcf3303b,,
1.0,G03-260204-134518-756,G03-260204-134518-756.bmp,G03,2026-02-04T13:45:18,2026-02-04,G03_2026-02-04,756,test,normal,,1025,1281,1,ebbf333751cbeb7212c95e960792fb43888f5a9387317b7a53b5eeeb9b733e37,,
1.0,G03-260204-134543-757,G03-260204-134543-757.bmp,G03,2026-02-04T13:45:43,2026-02-04,G03_2026-02-04,757,test,normal,,1025,1281,1,52ac2e4665ebef397aef4422e331288392224a5d4001bb26c7f3f3da4c1e8b03,,
1.0,G03-260204-134550-758,G03-260204-134550-758.bmp,G03,2026-02-04T13:45:50,2026-02-04,G03_2026-02-04,758,test,normal,,1025,1281,1,af5187279428f4535b4b65c813766efefe81fb64d0cadce764f33df047834f44,,
1.0,G03-260204-134612-759,G03-260204-134612-759.bmp,G03,2026-02-04T13:46:12,2026-02-04,G03_2026-02-04,759,test,normal,,1025,1281,1,5e9aa6584c38b6a27647fd1d886ed7cf6765b1d0bdc284f5fd2dc42305e7fbff,,
1.0,G03-260204-134618-760,G03-260204-134618-760.bmp,G03,2026-02-04T13:46:18,2026-02-04,G03_2026-02-04,760,test,normal,,1025,1281,1,fda4552ed33d05aafb63814d06eafc0e4153fe3a2f4affd2b938065b56533eec,,
1.0,G03-260204-134641-761,G03-260204-134641-761.bmp,G03,2026-02-04T13:46:41,2026-02-04,G03_2026-02-04,761,test,normal,,1025,1281,1,1c70e3d58a6a12c24b485da58dcda5fbf9df8a6cee871053b056ab3e53da627e,,
1.0,G03-260204-134648-762,G03-260204-134648-762.bmp,G03,2026-02-04T13:46:48,2026-02-04,G03_2026-02-04,762,test,normal,,1025,1281,1,1bf72a79cacc29663cd9cf6d515733c6482350531afdce0f4f6e4a01b90d75e5,,
1.0,G03-260204-134711-763,G03-260204-134711-763.bmp,G03,2026-02-04T13:47:11,2026-02-04,G03_2026-02-04,763,test,normal,,1025,1281,1,b8f05cfbedf261477931107158e1bcd0067761ddf2ea9dfcbd49c83c6b522a42,,
1.0,G03-260204-134718-764,G03-260204-134718-764.bmp,G03,2026-02-04T13:47:18,2026-02-04,G03_2026-02-04,764,test,normal,,1025,1281,1,744218552de68c7600844458554e9f2b315e44600240898503f66f8bfbdb1956,,
1.0,G03-260204-134742-765,G03-260204-134742-765.bmp,G03,2026-02-04T13:47:42,2026-02-04,G03_2026-02-04,765,test,normal,,1025,1281,1,b6a6f8b35a69c4bfbd66c58801c6863f06ca1726ecce24d4debc9674c3332e65,,
1.0,G03-260204-134812-766,G03-260204-134812-766.bmp,G03,2026-02-04T13:48:12,2026-02-04,G03_2026-02-04,766,test,normal,,1025,1281,1,fde75a9227b879c5429277da30de4c2ed15f117c66c83f02a296e4a3541330b8,,
1.0,G03-260204-134819-767,G03-260204-134819-767.bmp,G03,2026-02-04T13:48:19,2026-02-04,G03_2026-02-04,767,test,normal,,1025,1281,1,c3408b7a93042056282bc2f01124a9dd4b1cdf6753f394ac9c9284636ee05ef0,,
1.0,G03-260204-134841-768,G03-260204-134841-768.bmp,G03,2026-02-04T13:48:41,2026-02-04,G03_2026-02-04,768,test,normal,,1025,1281,1,00aacb097efe48a90a03ad295c6706aaf563667f72626d0fcf714dbcd658d87d,,
1.0,G03-260204-134848-769,G03-260204-134848-769.bmp,G03,2026-02-04T13:48:48,2026-02-04,G03_2026-02-04,769,test,normal,,1025,1281,1,88b8d1c73ea1a6fe0cd7d0359264f97c4bfc2de946958facf4e172088c958fc2,,
1.0,G03-260204-134912-770,G03-260204-134912-770.bmp,G03,2026-02-04T13:49:12,2026-02-04,G03_2026-02-04,770,test,normal,,1025,1281,1,98029b4de3ff71bb395a8e690fb4c89b03fb3dc6b11b41bf44fd87af3a31f389,,
1.0,G03-260204-134919-771,G03-260204-134919-771.bmp,G03,2026-02-04T13:49:19,2026-02-04,G03_2026-02-04,771,test,normal,,1025,1281,1,7a52d486704408006417e696f69482f62432e9c0f8d6929077152fffb8dacae5,,
1.0,G03-260204-134943-772,G03-260204-134943-772.bmp,G03,2026-02-04T13:49:43,2026-02-04,G03_2026-02-04,772,test,normal,,1025,1281,1,8be0aec8b52a1d24fd4aff747789dd8c7588af9d6f0cccd5017685e131c10a2b,,
1.0,G03-260204-134950-773,G03-260204-134950-773.bmp,G03,2026-02-04T13:49:50,2026-02-04,G03_2026-02-04,773,test,normal,,1025,1281,1,c30d8d674097344cc7c95f59585692d6315915c6ab18469b77a64538a524c5c7,,
1.0,G03-260204-135013-774,G03-260204-135013-774.bmp,G03,2026-02-04T13:50:13,2026-02-04,G03_2026-02-04,774,test,normal,,1025,1281,1,9bbfaf2f7d8398be26a5eee399acd04b438a58e462a1fc7ecfdb5c855f55b410,,
1.0,G03-260204-135020-775,G03-260204-135020-775.bmp,G03,2026-02-04T13:50:20,2026-02-04,G03_2026-02-04,775,test,normal,,1025,1281,1,6e9e72d4cce9f4c6b5e4928d649835adc43dcb2752217bf0481e8c70c5431875,,
1.0,G03-260204-135043-776,G03-260204-135043-776.bmp,G03,2026-02-04T13:50:43,2026-02-04,G03_2026-02-04,776,test,normal,,1025,1281,1,e79298009327c197ef070aca88b5f1b1d6a396afa9cda0175618fb92c9a23c4b,,
1.0,G03-260204-135050-777,G03-260204-135050-777.bmp,G03,2026-02-04T13:50:50,2026-02-04,G03_2026-02-04,777,test,normal,,1025,1281,1,2528bcaeeb9983406dd6b57a04e32871f93ed3b4fb6ecf6e997fbd9a66f3ddd9,,
1.0,G03-260204-135113-778,G03-260204-135113-778.bmp,G03,2026-02-04T13:51:13,2026-02-04,G03_2026-02-04,778,test,normal,,1025,1281,1,1bf69058e8fb0cd16e027e2c6510addb3713250d350697265a75858949d17e23,,
1.0,G03-260204-135121-779,G03-260204-135121-779.bmp,G03,2026-02-04T13:51:21,2026-02-04,G03_2026-02-04,779,test,normal,,1025,1281,1,134214e7e88dcc0350ba4d42cfae81fb44823d850bedad8bf1f19ccff7e40a73,,
1.0,G03-260204-135143-780,G03-260204-135143-780.bmp,G03,2026-02-04T13:51:43,2026-02-04,G03_2026-02-04,780,test,normal,,1025,1281,1,8a4bb53ac03994af57a8d3d6e2820764b1ff22c5fd7027f014af6a1aaa65393c,,
1.0,G03-260204-135150-781,G03-260204-135150-781.bmp,G03,2026-02-04T13:51:50,2026-02-04,G03_2026-02-04,781,test,normal,,1025,1281,1,6df176c9df06646237e55a26b885b4a231d680aadacf27c77c12d4e13f7015b1,,
1.0,G03-260204-135212-782,G03-260204-135212-782.bmp,G03,2026-02-04T13:52:12,2026-02-04,G03_2026-02-04,782,test,normal,,1025,1281,1,820131e103aca02b636246d680338716a07b323a68a06ab0c8e3d41726948cc8,,
1.0,G03-260204-135220-783,G03-260204-135220-783.bmp,G03,2026-02-04T13:52:20,2026-02-04,G03_2026-02-04,783,test,normal,,1025,1281,1,6f898fa94e9103e186096c2ae741527079909b62ece63f95f5a1c1781509bf91,,
1.0,G03-260204-135243-784,G03-260204-135243-784.bmp,G03,2026-02-04T13:52:43,2026-02-04,G03_2026-02-04,784,test,normal,,1025,1281,1,5e9fda4c4759ac8f0edafdfe93e182b79cefcc0fe4ebed8eab8171510e2a6b7b,,
1.0,G03-260204-135253-785,G03-260204-135253-785.bmp,G03,2026-02-04T13:52:53,2026-02-04,G03_2026-02-04,785,test,normal,,1025,1281,1,fc233700810589f4b120074a82fe2770c6fc19a9e19c8baa70146ff35726b238,,
1.0,G03-260204-135313-786,G03-260204-135313-786.bmp,G03,2026-02-04T13:53:13,2026-02-04,G03_2026-02-04,786,test,normal,,1025,1281,1,f39e9bc73d50ca4b373e3e236132fe748f16324a8ad1a9101e2b03214816c34f,,
1.0,G03-260204-135321-787,G03-260204-135321-787.bmp,G03,2026-02-04T13:53:21,2026-02-04,G03_2026-02-04,787,test,normal,,1025,1281,1,7051f102dd81f4b0941d2c83e4f8c19f8efae59faa10b171557d7f3066117dc9,,
1.0,G03-260204-135345-788,G03-260204-135345-788.bmp,G03,2026-02-04T13:53:45,2026-02-04,G03_2026-02-04,788,test,normal,,1025,1281,1,6a5cb5ec7b40e9c63f01eeb2e84046aec285be7719c854d5c45962dae3680410,,
1.0,G03-260204-135351-789,G03-260204-135351-789.bmp,G03,2026-02-04T13:53:51,2026-02-04,G03_2026-02-04,789,test,normal,,1025,1281,1,0795e9bba828ec7504d3bb96eccce101f02322282d9d00e4d578a85b7d49423f,,
1.0,G03-260204-135414-790,G03-260204-135414-790.bmp,G03,2026-02-04T13:54:14,2026-02-04,G03_2026-02-04,790,test,normal,,1025,1281,1,47b0c8346acbae14a7b0397e965dc061f1b1fef422e3e35568efa41aaf13f873,,
1.0,G03-260204-135421-791,G03-260204-135421-791.bmp,G03,2026-02-04T13:54:21,2026-02-04,G03_2026-02-04,791,test,normal,,1025,1281,1,a736c141990bd6d5fd8f993b5ab569a6ed84b0d8841ab7e7ba7d16b68ba86f18,,
1.0,G03-260204-135451-792,G03-260204-135451-792.bmp,G03,2026-02-04T13:54:51,2026-02-04,G03_2026-02-04,792,test,normal,,1025,1281,1,d74dfaebfb64bf0b9cf7495d4d889d32ea201038519d6b8fee701147ea1d7639,,
1.0,G03-260204-135515-793,G03-260204-135515-793.bmp,G03,2026-02-04T13:55:15,2026-02-04,G03_2026-02-04,793,test,normal,,1025,1281,1,f9695610264330882a75751931ad6ab4d0a9ce58b103429ac3875b79725f95c8,,
1.0,G03-260204-135522-794,G03-260204-135522-794.bmp,G03,2026-02-04T13:55:22,2026-02-04,G03_2026-02-04,794,test,normal,,1025,1281,1,5f57ce74ddc17655a917b588feb11f83932cb12dc1350d43db3233ed8a68d5f8,,
1.0,G03-260204-135544-795,G03-260204-135544-795.bmp,G03,2026-02-04T13:55:44,2026-02-04,G03_2026-02-04,795,test,normal,,1025,1281,1,388e8d614947f3c396b5798aa0c733bdd4351fb33310b3302231400f783bbb93,,
1.0,G03-260204-135550-796,G03-260204-135550-796.bmp,G03,2026-02-04T13:55:50,2026-02-04,G03_2026-02-04,796,test,normal,,1025,1281,1,aed5182bec8748ddf504bf80ad92d9c158a82906f18d9149c9ea3b89b0f4617b,,
1.0,G03-260204-135614-797,G03-260204-135614-797.bmp,G03,2026-02-04T13:56:14,2026-02-04,G03_2026-02-04,797,test,normal,,1025,1281,1,1e2ccabeb933e46ff5476c77db8cbb18378a36b5b8b2055126b26e544bb46809,,
1.0,G03-260204-135620-798,G03-260204-135620-798.bmp,G03,2026-02-04T13:56:20,2026-02-04,G03_2026-02-04,798,test,normal,,1025,1281,1,41f7d9a6e08ca539ce4fd8673151f78c7a45e2d93e7c2521f993ff9581c33640,,
1.0,G03-260204-135644-799,G03-260204-135644-799.bmp,G03,2026-02-04T13:56:44,2026-02-04,G03_2026-02-04,799,test,normal,,1025,1281,1,6aa53a3637ad1ba4e5ffabef53c8ba356d836e9257a24fde5d22ef3d27b4276b,,
1.0,G03-260204-135651-800,G03-260204-135651-800.bmp,G03,2026-02-04T13:56:51,2026-02-04,G03_2026-02-04,800,test,normal,,1025,1281,1,10f644a851630ea1a5e7b2a1c1afd0d304614187ea00bf2214e2099127cc0d19,,
1.0,G03-260204-135714-801,G03-260204-135714-801.bmp,G03,2026-02-04T13:57:14,2026-02-04,G03_2026-02-04,801,test,normal,,1025,1281,1,229e909d93050c282cb8e6c6f886ea834be45b0059975c29b19efdddf36730a5,,
1.0,G03-260204-135721-802,G03-260204-135721-802.bmp,G03,2026-02-04T13:57:21,2026-02-04,G03_2026-02-04,802,test,normal,,1025,1281,1,eadeff910c3cc61c9711d70d2edec1e8a94827cbed3272d499fbb002f3a333c4,,
1.0,G03-260204-135744-803,G03-260204-135744-803.bmp,G03,2026-02-04T13:57:44,2026-02-04,G03_2026-02-04,803,test,normal,,1025,1281,1,e1464c68fe0521df36f37fe8c2194693b60f141ff8e261a797566b2d5a988f8b,,
1.0,G03-260204-135752-804,G03-260204-135752-804.bmp,G03,2026-02-04T13:57:52,2026-02-04,G03_2026-02-04,804,test,normal,,1025,1281,1,69c1da8595b12c40778fc8d824864f8590b708b2b6fab903b9daa5c194be63d0,,
1.0,G03-260204-135815-805,G03-260204-135815-805.bmp,G03,2026-02-04T13:58:15,2026-02-04,G03_2026-02-04,805,test,normal,,1025,1281,1,e5b2fa57297671b23fc26683a2a597b5e60a352fbd9c650f3d3b4bc276af0342,,
1.0,G03-260204-135822-806,G03-260204-135822-806.bmp,G03,2026-02-04T13:58:22,2026-02-04,G03_2026-02-04,806,test,normal,,1025,1281,1,47a5be34a25bf36a00083eb6195c9e516917d5b79d5c6b7add5faa8c0ed3e5af,,
1.0,G03-260204-135845-807,G03-260204-135845-807.bmp,G03,2026-02-04T13:58:45,2026-02-04,G03_2026-02-04,807,test,normal,,1025,1281,1,3ca7402939030b8834a1d1b32589a18e2caf63807aa649d135bfd34f70bb6e5c,,
1.0,G03-260204-135853-808,G03-260204-135853-808.bmp,G03,2026-02-04T13:58:53,2026-02-04,G03_2026-02-04,808,test,normal,,1025,1281,1,431962cb7cff51c3ded2192bff52489e8dd4bf01dbdcd9806f04c9e32586be96,,
1.0,G03-260204-135916-809,G03-260204-135916-809.bmp,G03,2026-02-04T13:59:16,2026-02-04,G03_2026-02-04,809,test,normal,,1025,1281,1,d29eabf1ce879025bde0b6bc08bf7c4d7d05f19a3eee7acd7fd082136342cc5d,,
1.0,G03-260204-135923-810,G03-260204-135923-810.bmp,G03,2026-02-04T13:59:23,2026-02-04,G03_2026-02-04,810,test,normal,,1025,1281,1,b46f290e80f02f7a3ebd85e8fff81fd03a7d669a363c728128c7d98321b76d29,,
1.0,G03-260204-135945-811,G03-260204-135945-811.bmp,G03,2026-02-04T13:59:45,2026-02-04,G03_2026-02-04,811,test,normal,,1025,1281,1,4aa642a337481b882b519adc735cb3ae48826c5ce23b84e013cc038f1b6afda4,,
1.0,G03-260204-135952-812,G03-260204-135952-812.bmp,G03,2026-02-04T13:59:52,2026-02-04,G03_2026-02-04,812,test,normal,,1025,1281,1,632fdbb3943c21986007021dd77d32330aac849fdf592a7786ed6e5d0ebcd139,,
1.0,G03-260204-140015-813,G03-260204-140015-813.bmp,G03,2026-02-04T14:00:15,2026-02-04,G03_2026-02-04,813,test,normal,,1025,1281,1,824a96812f6efcbc1f6dc2513a6aa3244c77f5bf8c0e5618b4e6fee52fcc783a,,
1.0,G03-260204-140022-814,G03-260204-140022-814.bmp,G03,2026-02-04T14:00:22,2026-02-04,G03_2026-02-04,814,test,normal,,1025,1281,1,b3c66428b131d0a5996bb8ab8f91255fa1d339d46a1258817790195cd0cdb812,,
1.0,G03-260204-140045-815,G03-260204-140045-815.bmp,G03,2026-02-04T14:00:45,2026-02-04,G03_2026-02-04,815,test,normal,,1025,1281,1,cb41d05eb9fceccf1cbc5f555d110048c37d4695cd9862e0a9187d6767cb09dc,,
1.0,G03-260204-140051-816,G03-260204-140051-816.bmp,G03,2026-02-04T14:00:51,2026-02-04,G03_2026-02-04,816,test,normal,,1025,1281,1,6d132762ae8fd8641a5f6fc1cc1bf3bb958e1bbefb48629352f5c96d91aabf32,,
1.0,G03-260204-140117-817,G03-260204-140117-817.bmp,G03,2026-02-04T14:01:17,2026-02-04,G03_2026-02-04,817,test,normal,,1025,1281,1,c8e440f7790c12808a6a84bce31715f4776cabac05df4bad70061344a8483a76,,
1.0,G03-260204-140124-818,G03-260204-140124-818.bmp,G03,2026-02-04T14:01:24,2026-02-04,G03_2026-02-04,818,test,normal,,1025,1281,1,83162f51253136c2333a33b62cfa399b52b4befe5ab7875e17146655042a1cf7,,
1.0,G03-260204-140146-819,G03-260204-140146-819.bmp,G03,2026-02-04T14:01:46,2026-02-04,G03_2026-02-04,819,test,normal,,1025,1281,1,84e2db94f1ec6cc8d209a3491e5464598c693928fa9bc4c54f3ba890ceb003a7,,
1.0,G03-260204-140153-820,G03-260204-140153-820.bmp,G03,2026-02-04T14:01:53,2026-02-04,G03_2026-02-04,820,test,normal,,1025,1281,1,571c1eeed7e4694078470f92b905d84db905e4d1e0ee8c4b3f1c7038ea62c64a,,
1.0,G03-260204-140215-821,G03-260204-140215-821.bmp,G03,2026-02-04T14:02:15,2026-02-04,G03_2026-02-04,821,test,normal,,1025,1281,1,d1e343b46e0114bf3325f35e5f60164c8da13033abf062d915b85be415a6e947,,
1.0,G03-260204-140221-822,G03-260204-140221-822.bmp,G03,2026-02-04T14:02:21,2026-02-04,G03_2026-02-04,822,test,normal,,1025,1281,1,4d0ed1c6547f2f4f15dba8e3c14315b1a96eeae0cbc769e1b88da1d452dd6011,,
1.0,G03-260204-140246-823,G03-260204-140246-823.bmp,G03,2026-02-04T14:02:46,2026-02-04,G03_2026-02-04,823,test,normal,,1025,1281,1,a7e918181b4d6c055b45fd81b03703d451a53c3b9991cc757f4540b06fe13338,,
1.0,G03-260204-140253-824,G03-260204-140253-824.bmp,G03,2026-02-04T14:02:53,2026-02-04,G03_2026-02-04,824,test,normal,,1025,1281,1,915f3aafb25603f2e23c2b183ed9fe45b064dd81f1703c20ecc997ca2e85e46d,,
1.0,G03-260204-140317-825,G03-260204-140317-825.bmp,G03,2026-02-04T14:03:17,2026-02-04,G03_2026-02-04,825,test,normal,,1025,1281,1,9d1179e594bcf68a2370839af5d415da55bd7d70dcfcd98d364be8f8724da90d,,
1.0,G03-260204-140324-826,G03-260204-140324-826.bmp,G03,2026-02-04T14:03:24,2026-02-04,G03_2026-02-04,826,test,normal,,1025,1281,1,be20383508b5344a68bbeedee31a2066cb6c89d1bc3e3f65a0ca781433381355,,
1.0,G03-260204-140347-827,G03-260204-140347-827.bmp,G03,2026-02-04T14:03:47,2026-02-04,G03_2026-02-04,827,test,normal,,1025,1281,1,f8e317077dca10d953fb8025ef875f33285d3a1a1956b329572865e7f5e5d4fb,,
1.0,G03-260204-140354-828,G03-260204-140354-828.bmp,G03,2026-02-04T14:03:54,2026-02-04,G03_2026-02-04,828,test,normal,,1025,1281,1,5106cc00c693d13c0994fac393f6d1bc0b5ffc8f579bb6377b6bd85261b5030c,,
1.0,G03-260204-140416-829,G03-260204-140416-829.bmp,G03,2026-02-04T14:04:16,2026-02-04,G03_2026-02-04,829,test,normal,,1025,1281,1,91dd5d8209ebe44a966a4c76b49e3f540d352e1e1d456bd0f3f7658ab372e7e0,,
1.0,G03-260204-140423-830,G03-260204-140423-830.bmp,G03,2026-02-04T14:04:23,2026-02-04,G03_2026-02-04,830,test,normal,,1025,1281,1,4ad10240643fa733f848466f06e1de3d27d0092667c1f5b58c682e6d122e6bea,,
1.0,G03-260204-140446-831,G03-260204-140446-831.bmp,G03,2026-02-04T14:04:46,2026-02-04,G03_2026-02-04,831,test,normal,,1025,1281,1,7d441788ee41805a629792441c386ee6469f05a21c9ffe32a4cc9a1dc4802258,,
1.0,G03-260204-140453-832,G03-260204-140453-832.bmp,G03,2026-02-04T14:04:53,2026-02-04,G03_2026-02-04,832,test,normal,,1025,1281,1,e1073a9542a84181f38a1960405ae41364081686c4debec9c8a7798783af3709,,
1.0,G03-260204-140516-833,G03-260204-140516-833.bmp,G03,2026-02-04T14:05:16,2026-02-04,G03_2026-02-04,833,test,normal,,1025,1281,1,0bb98ab7026dfa998509268d89cf3c98f3af6ca2b71d4eb595dc34e7ce24a0a1,,
1.0,G03-260204-140524-834,G03-260204-140524-834.bmp,G03,2026-02-04T14:05:24,2026-02-04,G03_2026-02-04,834,test,normal,,1025,1281,1,06a5d072ac4c94ff3bd72636c6c7a0a4ce8d39d5c658e90668ccd61936522ba9,,
1.0,G03-260204-140547-835,G03-260204-140547-835.bmp,G03,2026-02-04T14:05:47,2026-02-04,G03_2026-02-04,835,test,normal,,1025,1281,1,85883d3eb45992241a9b0432900285d8b571e45baf21e4f533a8feba343505d1,,
1.0,G03-260204-140553-836,G03-260204-140553-836.bmp,G03,2026-02-04T14:05:53,2026-02-04,G03_2026-02-04,836,test,normal,,1025,1281,1,7880c14fedd451fe81b6994315cf3814a16c9eb8179ebf828b5b86bcf724ffee,,
1.0,G03-260204-140617-837,G03-260204-140617-837.bmp,G03,2026-02-04T14:06:17,2026-02-04,G03_2026-02-04,837,test,normal,,1025,1281,1,da24f3607eb15329be0e4cdb41ad5bb2f9a1a490ab1e13341ceee5c4b20a9568,,
1.0,G03-260204-140624-838,G03-260204-140624-838.bmp,G03,2026-02-04T14:06:24,2026-02-04,G03_2026-02-04,838,test,normal,,1025,1281,1,506a607ed0aa8dd95e6d194c2322135097d3e31a6188c9babd408944c2e6be5b,,
1.0,G03-260204-140647-839,G03-260204-140647-839.bmp,G03,2026-02-04T14:06:47,2026-02-04,G03_2026-02-04,839,test,normal,,1025,1281,1,7791d6ec618436999c3a8536088650048d1dfddb5d1767f07331e7ea476c0db4,,
1.0,G03-260204-140654-840,G03-260204-140654-840.bmp,G03,2026-02-04T14:06:54,2026-02-04,G03_2026-02-04,840,test,normal,,1025,1281,1,bf458a3dabe465419ca0cc62a44bbd70a3c19cbf7f4e4284fe90f22c7a0b66d3,,
1.0,G03-260204-140718-841,G03-260204-140718-841.bmp,G03,2026-02-04T14:07:18,2026-02-04,G03_2026-02-04,841,test,normal,,1025,1281,1,7ad4a3c052e30e0e1f42bf3b9b8ff0d7605cb569c13bab2b9d1975bafd8d1081,,
1.0,G03-260204-140725-842,G03-260204-140725-842.bmp,G03,2026-02-04T14:07:25,2026-02-04,G03_2026-02-04,842,test,normal,,1025,1281,1,5c9376cdf1a69ce4b8abea9bb0f77c92fbc610b1e0f4ed1b45e6647c3ed20723,,
1.0,G03-260204-140747-843,G03-260204-140747-843.bmp,G03,2026-02-04T14:07:47,2026-02-04,G03_2026-02-04,843,test,normal,,1025,1281,1,073d9f57949bbb33163cd70321b09edb59148d7f3755b45ebae8f86b8c846363,,
1.0,G03-260204-140755-844,G03-260204-140755-844.bmp,G03,2026-02-04T14:07:55,2026-02-04,G03_2026-02-04,844,test,normal,,1025,1281,1,255bfd0c4ae3d39a43069b60f80b3e9bbf0be8f9c24721f33c1944d9d1e9b7d0,,
1.0,G03-260204-140817-845,G03-260204-140817-845.bmp,G03,2026-02-04T14:08:17,2026-02-04,G03_2026-02-04,845,test,normal,,1025,1281,1,53d58022bfbce02d09830d9af82b32e5e44a0ea9e911350661dc928858d0bb9e,,
1.0,G03-260204-140824-846,G03-260204-140824-846.bmp,G03,2026-02-04T14:08:24,2026-02-04,G03_2026-02-04,846,test,normal,,1025,1281,1,027b40dc558f60d51c6f8c6a49816df324b9672f75ff91e6a7cf499df88b1d13,,
1.0,G03-260204-140850-847,G03-260204-140850-847.bmp,G03,2026-02-04T14:08:50,2026-02-04,G03_2026-02-04,847,test,normal,,1025,1281,1,cb1cdc31a386ae43f90aa2b7febe96175747ecaeb912ff4646db828f2909d6e6,,
1.0,G03-260204-140857-848,G03-260204-140857-848.bmp,G03,2026-02-04T14:08:57,2026-02-04,G03_2026-02-04,848,test,normal,,1025,1281,1,e64e50065fec17a3bdba0f7b744c297143e6584282e280cbdab59908acb1ef4a,,
1.0,G03-260204-140918-849,G03-260204-140918-849.bmp,G03,2026-02-04T14:09:18,2026-02-04,G03_2026-02-04,849,test,normal,,1025,1281,1,269a6b4b658ed18426660135ce9342f22dd3a146e9d57a6d6bc92d18079fee46,,
1.0,G03-260204-140926-850,G03-260204-140926-850.bmp,G03,2026-02-04T14:09:26,2026-02-04,G03_2026-02-04,850,test,normal,,1025,1281,1,884690a84bef44c62a2981f346e159cf1d3aa47b3df13dd6fbd1562601fab6f5,,
1.0,G03-260204-140948-851,G03-260204-140948-851.bmp,G03,2026-02-04T14:09:48,2026-02-04,G03_2026-02-04,851,test,normal,,1025,1281,1,0496c4f716eda82826d702ba2ee0e36f7004791955d8e5381362269c89b80852,,
1.0,G03-260204-140955-852,G03-260204-140955-852.bmp,G03,2026-02-04T14:09:55,2026-02-04,G03_2026-02-04,852,test,normal,,1025,1281,1,cd2ea1ecd42eefe90263d88ec49f3dfe2c8f0c5844377d97502f6431abac48d3,,
1.0,G03-260204-141018-853,G03-260204-141018-853.bmp,G03,2026-02-04T14:10:18,2026-02-04,G03_2026-02-04,853,test,normal,,1025,1281,1,29576d95a1ebc22c7883cbd97bc3c34279aec19a1302f1b757917e1b9f8e7c2d,,
1.0,G03-260204-141025-854,G03-260204-141025-854.bmp,G03,2026-02-04T14:10:25,2026-02-04,G03_2026-02-04,854,test,normal,,1025,1281,1,e01c34206ab52988248699c808a74f148eef0590e7ef15366233efd2e636df2c,,
1.0,G03-260204-141048-855,G03-260204-141048-855.bmp,G03,2026-02-04T14:10:48,2026-02-04,G03_2026-02-04,855,test,normal,,1025,1281,1,6c0e33bacc38fb486ccdfd3c5665db7d2e680db6cf3cc6a9b15d6dfd11644eee,,
1.0,G03-260204-141056-856,G03-260204-141056-856.bmp,G03,2026-02-04T14:10:56,2026-02-04,G03_2026-02-04,856,test,normal,,1025,1281,1,9d8394f71204445011de1c24009875ab9dd06770c47b39f2ac23f6d368053372,,
1.0,G03-260204-141118-857,G03-260204-141118-857.bmp,G03,2026-02-04T14:11:18,2026-02-04,G03_2026-02-04,857,test,normal,,1025,1281,1,e26bb365b75e09d511b897cfb5a0b970f4bc02b00dcb61bc86810213fe250927,,
1.0,G03-260204-141125-858,G03-260204-141125-858.bmp,G03,2026-02-04T14:11:25,2026-02-04,G03_2026-02-04,858,test,normal,,1025,1281,1,c597c007a81dbf87c38f1de0b291688e4db7e695613a1caa1038768e5c05aecc,,
1.0,G03-260204-141149-859,G03-260204-141149-859.bmp,G03,2026-02-04T14:11:49,2026-02-04,G03_2026-02-04,859,test,normal,,1025,1281,1,6bb7ab8b79d047759aa74a0324db5e3ab1f1f421f49594972dbd6c8a629ba0ec,,
1.0,G03-260204-141156-860,G03-260204-141156-860.bmp,G03,2026-02-04T14:11:56,2026-02-04,G03_2026-02-04,860,test,normal,,1025,1281,1,d18c39d76674fd961f1b2a1c25bbf24a018e2318f5e82ff0cdf802919b5e2dab,,
1.0,G03-260204-141219-861,G03-260204-141219-861.bmp,G03,2026-02-04T14:12:19,2026-02-04,G03_2026-02-04,861,test,normal,,1025,1281,1,ef9c78abcebc020eacb6ad06f88edbecaa869299011e27618253d1fce930fb0d,,
1.0,G03-260204-141226-862,G03-260204-141226-862.bmp,G03,2026-02-04T14:12:26,2026-02-04,G03_2026-02-04,862,test,normal,,1025,1281,1,7f3974e017e12fdcb3ffeb30714e3af3512927f0f7882fd78153937350cec1d3,,
1.0,G03-260204-141249-863,G03-260204-141249-863.bmp,G03,2026-02-04T14:12:49,2026-02-04,G03_2026-02-04,863,test,normal,,1025,1281,1,a8e8bdc3f5710f4d42c9023644f8f6c58ba7b2fda35b3db02abb2ee885ef3b3e,,
1.0,G03-260204-141257-864,G03-260204-141257-864.bmp,G03,2026-02-04T14:12:57,2026-02-04,G03_2026-02-04,864,test,normal,,1025,1281,1,5accfc6badeb0a8b1e38d3dbed950c17ec8ee9700086f3a85f937d49d3b37471,,
1.0,G03-260204-141320-865,G03-260204-141320-865.bmp,G03,2026-02-04T14:13:20,2026-02-04,G03_2026-02-04,865,test,normal,,1025,1281,1,fc6086f2cff11006c31ff03ccc65b686de77ebd86f14776127d3e1c4632aaa5a,,
1.0,G03-260204-141327-866,G03-260204-141327-866.bmp,G03,2026-02-04T14:13:27,2026-02-04,G03_2026-02-04,866,test,normal,,1025,1281,1,67cd48b3218ff35b3de1b2505dd71e6a0ac872e7963941047275471cc1fb47b5,,
1.0,G03-260204-141349-867,G03-260204-141349-867.bmp,G03,2026-02-04T14:13:49,2026-02-04,G03_2026-02-04,867,test,normal,,1025,1281,1,1812846adea9f839d178db7355cf05790defae731f59bd2660fc5f5aae1b4761,,
1.0,G03-260204-141356-868,G03-260204-141356-868.bmp,G03,2026-02-04T14:13:56,2026-02-04,G03_2026-02-04,868,test,normal,,1025,1281,1,1d253b267ad03fbd30fee5be38a4c43c1de4eb13d7e767c9f9f70b46eae6e978,,
1.0,G03-260204-141419-869,G03-260204-141419-869.bmp,G03,2026-02-04T14:14:19,2026-02-04,G03_2026-02-04,869,test,normal,,1025,1281,1,d578b1c896d5555023b7922bb0a54b14d52664655a7d3b96bba3b4c9739284a0,,
1.0,G03-260204-141428-870,G03-260204-141428-870.bmp,G03,2026-02-04T14:14:28,2026-02-04,G03_2026-02-04,870,test,normal,,1025,1281,1,8c47dfabe767996e03ce116cf36c4ed6ac84b4fa8db434632963f6705ee264a5,,
1.0,G03-260204-141449-871,G03-260204-141449-871.bmp,G03,2026-02-04T14:14:49,2026-02-04,G03_2026-02-04,871,test,normal,,1025,1281,1,3fe2d232fb8b426ea01327d48a9304fd8e716891ae4fbe68836f04c81f218077,,
1.0,G03-260204-141456-872,G03-260204-141456-872.bmp,G03,2026-02-04T14:14:56,2026-02-04,G03_2026-02-04,872,test,normal,,1025,1281,1,01245462283168fe4966f1da75d4f73dc792dc69004e2d9e00a435508146f3ee,,
1.0,G03-260204-141520-873,G03-260204-141520-873.bmp,G03,2026-02-04T14:15:20,2026-02-04,G03_2026-02-04,873,test,normal,,1025,1281,1,5a8e40491d3db7ae24daafdcf5bfc85b707eec8a9e03234b796d0c167f31ee34,,
1.0,G03-260204-141526-874,G03-260204-141526-874.bmp,G03,2026-02-04T14:15:26,2026-02-04,G03_2026-02-04,874,test,normal,,1025,1281,1,9f1313b6166819569c7143d4b6b8277380e56d285a288c07f555a7a5fb1c6f0b,,
1.0,G03-260204-141550-875,G03-260204-141550-875.bmp,G03,2026-02-04T14:15:50,2026-02-04,G03_2026-02-04,875,test,normal,,1025,1281,1,2e3a34c8f5ac99f4b6b251819faa26fae0c9d8d89065fdb5ea140d072389b4a0,,
1.0,G03-260204-141557-876,G03-260204-141557-876.bmp,G03,2026-02-04T14:15:57,2026-02-04,G03_2026-02-04,876,test,normal,,1025,1281,1,37e013e395d941b6c34928f6d73b9a463addad58189ae9b0e966c7658c5cb498,,
1.0,G03-260204-141620-877,G03-260204-141620-877.bmp,G03,2026-02-04T14:16:20,2026-02-04,G03_2026-02-04,877,test,normal,,1025,1281,1,68accc58e1f6fa5df7f271c80253c255ac354a65b714e35caf32535361ba8993,,
1.0,G03-260204-141627-878,G03-260204-141627-878.bmp,G03,2026-02-04T14:16:27,2026-02-04,G03_2026-02-04,878,test,normal,,1025,1281,1,5977ac2ade78921bc49b237dc061fb8ac001f95b2a9231c46f5ff38e67ccc261,,
1.0,G03-260204-141649-879,G03-260204-141649-879.bmp,G03,2026-02-04T14:16:49,2026-02-04,G03_2026-02-04,879,test,normal,,1025,1281,1,35fc06eedbd78f0ba7eabfa30c1b6ee0a595896b51e9046799340cdfaa454db5,,
1.0,G03-260204-141657-880,G03-260204-141657-880.bmp,G03,2026-02-04T14:16:57,2026-02-04,G03_2026-02-04,880,test,normal,,1025,1281,1,56676ae85fbec113ec7d45a0c9503243186de6c56718c8625cc9a535cb64f6d9,,
1.0,G03-260204-141720-881,G03-260204-141720-881.bmp,G03,2026-02-04T14:17:20,2026-02-04,G03_2026-02-04,881,test,normal,,1025,1281,1,90cd8f227d6d7f597406b97d7e81e3b76517d834ccd287c4c9dc6a50e279e60a,,
1.0,G03-260204-141727-882,G03-260204-141727-882.bmp,G03,2026-02-04T14:17:27,2026-02-04,G03_2026-02-04,882,test,normal,,1025,1281,1,9843e9751a72b53f43eb04819cacafea8e02c67897f006afe1be4b4c8d041f5c,,
1.0,G03-260204-141750-883,G03-260204-141750-883.bmp,G03,2026-02-04T14:17:50,2026-02-04,G03_2026-02-04,883,test,normal,,1025,1281,1,cd161b085e5ff74447153e0ad1f232c98c03afb08ffd4084a3a155f700601b79,,
1.0,G03-260204-141757-884,G03-260204-141757-884.bmp,G03,2026-02-04T14:17:57,2026-02-04,G03_2026-02-04,884,test,normal,,1025,1281,1,fa49173003daffbce66d5f63e126c3fb055dcb5723e23a7f239ff74d35624aca,,
1.0,G03-260204-141821-885,G03-260204-141821-885.bmp,G03,2026-02-04T14:18:21,2026-02-04,G03_2026-02-04,885,test,normal,,1025,1281,1,a5dc408b15e4bdd830d41a7643c218c837266006e19663100885937f9a7a6298,,
1.0,G03-260204-141828-886,G03-260204-141828-886.bmp,G03,2026-02-04T14:18:28,2026-02-04,G03_2026-02-04,886,test,normal,,1025,1281,1,ce453057605b4d6502801401bb30200b5b5de8a084ff8b258459642ee5abace2,,
1.0,G03-260204-141850-887,G03-260204-141850-887.bmp,G03,2026-02-04T14:18:50,2026-02-04,G03_2026-02-04,887,test,normal,,1025,1281,1,409f08aae9b242dffe1eff9f3248b317fba8396adf2330f381a0f990c1112b3d,,
1.0,G03-260204-141856-888,G03-260204-141856-888.bmp,G03,2026-02-04T14:18:56,2026-02-04,G03_2026-02-04,888,test,normal,,1025,1281,1,6875459cc45accce699e62fb68392947b21ecc15dcbc9bea2bf5891e4794d90e,,
1.0,G03-260204-141920-889,G03-260204-141920-889.bmp,G03,2026-02-04T14:19:20,2026-02-04,G03_2026-02-04,889,test,normal,,1025,1281,1,3bd84c10239cb021bc7dee3acf77dde14920af667b0abc81e1ff7a2b10126c93,,
1.0,G03-260204-141927-890,G03-260204-141927-890.bmp,G03,2026-02-04T14:19:27,2026-02-04,G03_2026-02-04,890,test,normal,,1025,1281,1,2a89339051e731ea8713a1d4a7d03ae13efb5aaafa6898e82a16469fd8754097,,
1.0,G03-260204-141951-891,G03-260204-141951-891.bmp,G03,2026-02-04T14:19:51,2026-02-04,G03_2026-02-04,891,test,normal,,1025,1281,1,eb21862fc39fea19eae60f712da06f6bd31c39b636b659ef17e9e619b1a8e8fa,,
1.0,G03-260204-141958-892,G03-260204-141958-892.bmp,G03,2026-02-04T14:19:58,2026-02-04,G03_2026-02-04,892,test,normal,,1025,1281,1,2985217c50c6a7728ade0c234a4946a2ccf0c09226e65087860e15ed43b5a377,,
1.0,G03-260204-142020-893,G03-260204-142020-893.bmp,G03,2026-02-04T14:20:20,2026-02-04,G03_2026-02-04,893,test,normal,,1025,1281,1,f50b603add60aec6e2ae3c8945f893150d6cf4dc9e8ca9686f72654c3274d5c6,,
1.0,G03-260204-142027-894,G03-260204-142027-894.bmp,G03,2026-02-04T14:20:27,2026-02-04,G03_2026-02-04,894,test,normal,,1025,1281,1,4b9c613fef2d995e18ff0206556958c1a9892b88e9b10e1cf224be5a8359c668,,
1.0,G03-260204-142049-895,G03-260204-142049-895.bmp,G03,2026-02-04T14:20:49,2026-02-04,G03_2026-02-04,895,test,normal,,1025,1281,1,f9c5e2f3f4f4b1fcb80447e7b91da633c11423e983c5c9f298c7376d5433dcb3,,
1.0,G03-260204-142056-896,G03-260204-142056-896.bmp,G03,2026-02-04T14:20:56,2026-02-04,G03_2026-02-04,896,test,normal,,1025,1281,1,c882c1280527efee18726c853326ded1d0f2e87712084294e2e7f57f00606541,,
1.0,G03-260204-142121-897,G03-260204-142121-897.bmp,G03,2026-02-04T14:21:21,2026-02-04,G03_2026-02-04,897,test,normal,,1025,1281,1,3190ea98b58e504d00ff541aa6c52eaef36f8d1ea6f7bbbb1ca8f21c907d6658,,
1.0,G03-260204-142127-898,G03-260204-142127-898.bmp,G03,2026-02-04T14:21:27,2026-02-04,G03_2026-02-04,898,test,normal,,1025,1281,1,16cb22da1386f06ad4e027d4a76cf777bea94aa756dcbdaba67bfb298be33734,,
1.0,G03-260204-142159-900,G03-260204-142159-900.bmp,G03,2026-02-04T14:21:59,2026-02-04,G03_2026-02-04,900,test,normal,,1025,1281,1,9f43f941c08698f5bdd19e2ed7448d943dff0778c8baa415c87ed047cc42393f,,
1.0,G03-260204-142222-901,G03-260204-142222-901.bmp,G03,2026-02-04T14:22:22,2026-02-04,G03_2026-02-04,901,test,normal,,1025,1281,1,88ad6d20b5c030e0e13532075aa5989965370088c6e635a26c8477e8823d5214,,
1.0,G03-260204-142229-902,G03-260204-142229-902.bmp,G03,2026-02-04T14:22:29,2026-02-04,G03_2026-02-04,902,test,normal,,1025,1281,1,f753d9b5db6d93b5fc4d2b98a031a0824b6bdc6a09f7fccbf5143227a7162d68,,
1.0,G03-260204-142251-903,G03-260204-142251-903.bmp,G03,2026-02-04T14:22:51,2026-02-04,G03_2026-02-04,903,test,normal,,1025,1281,1,51be2e70cdf5dd087765ab5af5c48f963041026a976a2ae6965aaf49f9fe36f1,,
1.0,G03-260204-142258-904,G03-260204-142258-904.bmp,G03,2026-02-04T14:22:58,2026-02-04,G03_2026-02-04,904,test,normal,,1025,1281,1,65eb85beb065af3f73491b254e3467a160258af307dddd034272249121f38b56,,
1.0,G03-260204-142320-905,G03-260204-142320-905.bmp,G03,2026-02-04T14:23:20,2026-02-04,G03_2026-02-04,905,test,normal,,1025,1281,1,df310ef8a014040d4c9c9b1a705c3d5d317288aee86bd4355b4909ec2b79e3c2,,
1.0,G03-260204-142327-906,G03-260204-142327-906.bmp,G03,2026-02-04T14:23:27,2026-02-04,G03_2026-02-04,906,test,normal,,1025,1281,1,478338e609fae0aa9d2933adcc1654070f75f8ec8284989ebfc8d443832bfb68,,
1.0,G03-260204-142352-907,G03-260204-142352-907.bmp,G03,2026-02-04T14:23:52,2026-02-04,G03_2026-02-04,907,test,normal,,1025,1281,1,5f5591d9a8cc2bf027d2e0719d78c920765420368d7845739b93ec3e83650ccd,,
1.0,G03-260204-142400-908,G03-260204-142400-908.bmp,G03,2026-02-04T14:24:00,2026-02-04,G03_2026-02-04,908,test,normal,,1025,1281,1,1e10261e62f08a8709e53997c0b54d59d06e58aae14e21d3beaba2806d90aa95,,
1.0,G03-260204-142421-909,G03-260204-142421-909.bmp,G03,2026-02-04T14:24:21,2026-02-04,G03_2026-02-04,909,test,normal,,1025,1281,1,25e2bdc5f419c57f598587711137fb3c8873d32dbb314ff382c4f85869744ed3,,
1.0,G03-260204-142428-910,G03-260204-142428-910.bmp,G03,2026-02-04T14:24:28,2026-02-04,G03_2026-02-04,910,test,normal,,1025,1281,1,01e316ee119f51343795215986564c2853e2573bd05f4aace59b2e51e638dbda,,
1.0,G03-260204-142451-911,G03-260204-142451-911.bmp,G03,2026-02-04T14:24:51,2026-02-04,G03_2026-02-04,911,test,normal,,1025,1281,1,ebc73e18a33001056c93a49479035eebd361280a67079ed1d416da36324b1604,,
1.0,G03-260204-142458-912,G03-260204-142458-912.bmp,G03,2026-02-04T14:24:58,2026-02-04,G03_2026-02-04,912,test,normal,,1025,1281,1,14231331ee7c0d79b80af1708a97bc3c42e7f203977f44938720d110efd7a429,,
1.0,G03-260204-142522-913,G03-260204-142522-913.bmp,G03,2026-02-04T14:25:22,2026-02-04,G03_2026-02-04,913,test,normal,,1025,1281,1,a690deba1d616bda3f9829bff68fcb1812b11dcc81f504c6e1a0d1cdcb041dae,,
1.0,G03-260204-142529-914,G03-260204-142529-914.bmp,G03,2026-02-04T14:25:29,2026-02-04,G03_2026-02-04,914,test,normal,,1025,1281,1,4cdd34b980caed200151d15ddfcc3836685a87c813df55b5c0c5f29bc24e5f0b,,
1.0,G03-260204-142553-915,G03-260204-142553-915.bmp,G03,2026-02-04T14:25:53,2026-02-04,G03_2026-02-04,915,test,normal,,1025,1281,1,74b48017927c5460b1d1a3447defdfdaeb85edb15f8baea112e7afccb8be360e,,
1.0,G03-260204-142602-916,G03-260204-142602-916.bmp,G03,2026-02-04T14:26:02,2026-02-04,G03_2026-02-04,916,test,normal,,1025,1281,1,705a9c33906206c9e7ce52f45d0acbb9330b0bbf65fe1a8f99fb6d8be6935c3c,,
1.0,G03-260204-142622-917,G03-260204-142622-917.bmp,G03,2026-02-04T14:26:22,2026-02-04,G03_2026-02-04,917,test,normal,,1025,1281,1,d7895ec35c5309dd396ef696ecb4b83fbab23e127533d263f5b7191a0870fabe,,
1.0,G03-260204-142629-918,G03-260204-142629-918.bmp,G03,2026-02-04T14:26:29,2026-02-04,G03_2026-02-04,918,test,normal,,1025,1281,1,6b010384abe279f70fddc654a82a9e319e6fe19274d601eb7ae58b5083e4834b,,
1.0,G03-260204-142652-919,G03-260204-142652-919.bmp,G03,2026-02-04T14:26:52,2026-02-04,G03_2026-02-04,919,test,normal,,1025,1281,1,24fc1a8f51b9e8210e679b5d17b3e7dc7df022cc79ba9dcee582587a9bc2df15,,
1.0,G03-260204-142659-920,G03-260204-142659-920.bmp,G03,2026-02-04T14:26:59,2026-02-04,G03_2026-02-04,920,test,normal,,1025,1281,1,565cbd35830dfe96f5c181a9cda94943cc61c27c2b1fcb0f5fce2680ea88651b,,
1.0,G03-260204-142722-921,G03-260204-142722-921.bmp,G03,2026-02-04T14:27:22,2026-02-04,G03_2026-02-04,921,test,normal,,1025,1281,1,320d0549172c8802f5324533e92db1576c732652524b8de77fd7fb7791a5c6c4,,
1.0,G03-260204-142729-922,G03-260204-142729-922.bmp,G03,2026-02-04T14:27:29,2026-02-04,G03_2026-02-04,922,test,normal,,1025,1281,1,a13df9a6087bbe82e562230806e515b625af83ea52e6740989d42b1562946deb,,
1.0,G03-260204-142752-923,G03-260204-142752-923.bmp,G03,2026-02-04T14:27:52,2026-02-04,G03_2026-02-04,923,test,normal,,1025,1281,1,286f624a6719b4fb769e7b4b2493cbcc7c253ac1fb0ea6359dbf219ed21bcdb0,,
1.0,G03-260204-142759-924,G03-260204-142759-924.bmp,G03,2026-02-04T14:27:59,2026-02-04,G03_2026-02-04,924,test,normal,,1025,1281,1,e6bee096052d0eb04754ddadb50090fff6a3f512e2c9e9217361f5671ee0c685,,
1.0,G03-260204-142823-925,G03-260204-142823-925.bmp,G03,2026-02-04T14:28:23,2026-02-04,G03_2026-02-04,925,test,normal,,1025,1281,1,1054c3ed10795eb746e3513fb97d09f4f8ec303bb475f72615b16d63c185d98e,,
1.0,G03-260204-142830-926,G03-260204-142830-926.bmp,G03,2026-02-04T14:28:30,2026-02-04,G03_2026-02-04,926,test,normal,,1025,1281,1,ea7b697a7140c69433362e40c015664e4011107080037bf193fe8b8aa8efbce9,,
1.0,G03-260204-142854-927,G03-260204-142854-927.bmp,G03,2026-02-04T14:28:54,2026-02-04,G03_2026-02-04,927,test,normal,,1025,1281,1,fdba39e7b388ebd9c4c0f5d0cfaf1b9bd952379754ceb220fe6f493797dbabcc,,
1.0,G03-260204-142901-928,G03-260204-142901-928.bmp,G03,2026-02-04T14:29:01,2026-02-04,G03_2026-02-04,928,test,normal,,1025,1281,1,b477097bebbb30353f03ddda800499ca9ae8b349cdb027dc2d3f9503899cd499,,
1.0,G03-260204-142923-929,G03-260204-142923-929.bmp,G03,2026-02-04T14:29:23,2026-02-04,G03_2026-02-04,929,test,normal,,1025,1281,1,29d01ceacb5220c2730fb50ac199022c2aaf977dda4c91c2d966958c64e5e689,,
1.0,G03-260204-142930-930,G03-260204-142930-930.bmp,G03,2026-02-04T14:29:30,2026-02-04,G03_2026-02-04,930,test,normal,,1025,1281,1,e590c8bd1b7e9bb5d1d7b63c2d34e8dbd5506eabc701ac82eec267bdf3fd2783,,
1.0,G03-260204-142954-931,G03-260204-142954-931.bmp,G03,2026-02-04T14:29:54,2026-02-04,G03_2026-02-04,931,test,normal,,1025,1281,1,b074a3bae55d86efe0407d6bfea647e5cbb77b8a7def4f8c5c2f9a5a07acc2de,,
1.0,G03-260204-143001-932,G03-260204-143001-932.bmp,G03,2026-02-04T14:30:01,2026-02-04,G03_2026-02-04,932,test,normal,,1025,1281,1,3e9dfd383abe4b1a98681ee69714b49d18a2df981c1af8469ebd95490675f546,,
1.0,G03-260204-143023-933,G03-260204-143023-933.bmp,G03,2026-02-04T14:30:23,2026-02-04,G03_2026-02-04,933,test,normal,,1025,1281,1,ae49f42529804c592ab0ee6d89cff6a7a6b0271304ec005469eb8c60c6a78483,,
1.0,G03-260204-143031-934,G03-260204-143031-934.bmp,G03,2026-02-04T14:30:31,2026-02-04,G03_2026-02-04,934,test,normal,,1025,1281,1,ad65e4a6cd2fd17d7877faf8f59886958c4a5fa5fb2962684a42ae7500f731d3,,
1.0,G03-260204-143054-935,G03-260204-143054-935.bmp,G03,2026-02-04T14:30:54,2026-02-04,G03_2026-02-04,935,test,normal,,1025,1281,1,a087b291b9154ed53c6955c6add7f6ad1d33887bc311eec34f76bcddc0ce2288,,
1.0,G03-260204-143101-936,G03-260204-143101-936.bmp,G03,2026-02-04T14:31:01,2026-02-04,G03_2026-02-04,936,test,normal,,1025,1281,1,b414635e8f29496f7ec1919f13dc0aa17e26858f8f16fe2660cd60bf6d794e3a,,
1.0,G03-260204-143124-937,G03-260204-143124-937.bmp,G03,2026-02-04T14:31:24,2026-02-04,G03_2026-02-04,937,test,normal,,1025,1281,1,1ea3d8ffe938921c93b6bcb62ac63be85583548de4a74667691356584ebf87c2,,
1.0,G03-260204-143130-938,G03-260204-143130-938.bmp,G03,2026-02-04T14:31:30,2026-02-04,G03_2026-02-04,938,test,normal,,1025,1281,1,d5c48265c301a0a172a6c12af886da7ada8ca2a77aced07fd75d1a9c6e381b08,,
1.0,G03-260204-143155-939,G03-260204-143155-939.bmp,G03,2026-02-04T14:31:55,2026-02-04,G03_2026-02-04,939,test,normal,,1025,1281,1,0657d6d7146fc199bc314fffec8bd71fdb31605e9bd1c4b86ce9b43eca0484a1,,
1.0,G03-260204-143201-940,G03-260204-143201-940.bmp,G03,2026-02-04T14:32:01,2026-02-04,G03_2026-02-04,940,test,normal,,1025,1281,1,6a3cc330d9d6ca4a814b75c0e2d68871ae2224104f7107f7b61c3605c3bc8e45,,
1.0,G03-260204-143224-941,G03-260204-143224-941.bmp,G03,2026-02-04T14:32:24,2026-02-04,G03_2026-02-04,941,test,normal,,1025,1281,1,5dd196d118ae3a478651f01d54fa851d27880f7489b71f17db39a05b768a286d,,
1.0,G03-260204-143231-942,G03-260204-143231-942.bmp,G03,2026-02-04T14:32:31,2026-02-04,G03_2026-02-04,942,test,normal,,1025,1281,1,3f192ea427dd2330f92d95922a38dac348458c6a5ed6303b542faac4cd9e4e54,,
1.0,G03-260204-143255-943,G03-260204-143255-943.bmp,G03,2026-02-04T14:32:55,2026-02-04,G03_2026-02-04,943,test,normal,,1025,1281,1,0788533b5777f4b95bb9b84b309b4fbd22e2327057df499ac361660ac7213052,,
1.0,G03-260204-143302-944,G03-260204-143302-944.bmp,G03,2026-02-04T14:33:02,2026-02-04,G03_2026-02-04,944,test,normal,,1025,1281,1,44941549636036761b83df3cd8414bd4056b62bde5a17673fa1275f81146f05f,,
1.0,G03-260204-143324-945,G03-260204-143324-945.bmp,G03,2026-02-04T14:33:24,2026-02-04,G03_2026-02-04,945,test,normal,,1025,1281,1,335c485528402dca4e5c6eddce2bb41f731e8d0721436f46a015c6b8304e34bc,,
1.0,G03-260204-143332-946,G03-260204-143332-946.bmp,G03,2026-02-04T14:33:32,2026-02-04,G03_2026-02-04,946,test,normal,,1025,1281,1,2e8412c28fbb01cecf4038cb6baf616c5512b17ba1e0a2fe7661303634be2e14,,
1.0,G03-260204-143354-947,G03-260204-143354-947.bmp,G03,2026-02-04T14:33:54,2026-02-04,G03_2026-02-04,947,test,normal,,1025,1281,1,929a494cfe930fc576ca7182f0ba90a8e901e454980f8e354c7bdb3b92dc9208,,
1.0,G03-260204-143401-948,G03-260204-143401-948.bmp,G03,2026-02-04T14:34:01,2026-02-04,G03_2026-02-04,948,test,normal,,1025,1281,1,e5ce1b30718a8aa5a58aa640a55d27a7e8e6b24632a4dc5390fa1f9b19479055,,
1.0,G03-260204-143425-949,G03-260204-143425-949.bmp,G03,2026-02-04T14:34:25,2026-02-04,G03_2026-02-04,949,test,normal,,1025,1281,1,42ad5f6529e4af038b64fd8a99a407a80b58d5eb551a1119c54fe470b3b24cf5,,
1.0,G03-260204-143432-950,G03-260204-143432-950.bmp,G03,2026-02-04T14:34:32,2026-02-04,G03_2026-02-04,950,test,normal,,1025,1281,1,e6bc098d086771ac4a6248d5e84a4821f7f5bb6a1cc422d7505badfb7ad1fcff,,
1.0,G03-260204-143454-951,G03-260204-143454-951.bmp,G03,2026-02-04T14:34:54,2026-02-04,G03_2026-02-04,951,test,normal,,1025,1281,1,a1f1d175b5152ee0001595fea9e2f5cdbe1e7288c0e82b52e9bf9140ac4c7ceb,,
1.0,G03-260204-143501-952,G03-260204-143501-952.bmp,G03,2026-02-04T14:35:01,2026-02-04,G03_2026-02-04,952,test,normal,,1025,1281,1,60ac099d468a4bc16f7f6e46d071f0e16ff17a7a22688b08168c6ccb280bc022,,
1.0,G03-260204-143526-953,G03-260204-143526-953.bmp,G03,2026-02-04T14:35:26,2026-02-04,G03_2026-02-04,953,test,normal,,1025,1281,1,1dee9d1639dca6e92be5f3dd15517994f6e444e7fc86f6970c8cf4d3770b39f5,,
1.0,G03-260204-143532-954,G03-260204-143532-954.bmp,G03,2026-02-04T14:35:32,2026-02-04,G03_2026-02-04,954,test,normal,,1025,1281,1,0b964829b65eaa59a570c8b8d6eeeaa18164ba58bff1fe9c4087055ef2001654,,
1.0,G03-260204-143554-955,G03-260204-143554-955.bmp,G03,2026-02-04T14:35:54,2026-02-04,G03_2026-02-04,955,test,normal,,1025,1281,1,2c6a44d14f9489c07464126c8a41b47a88106d803c2082abe85997c4357b20ed,,
1.0,G03-260204-143601-956,G03-260204-143601-956.bmp,G03,2026-02-04T14:36:01,2026-02-04,G03_2026-02-04,956,test,normal,,1025,1281,1,715ca281fb20eb436252da397e3424469a1822809bba9086a4bb6ca0afd47551,,
1.0,G03-260204-143626-957,G03-260204-143626-957.bmp,G03,2026-02-04T14:36:26,2026-02-04,G03_2026-02-04,957,test,normal,,1025,1281,1,7984896149bb4b4a339c2bc3fb94e1c4f1cedc9952e941c732618d8deec0468e,,
1.0,G03-260204-143632-958,G03-260204-143632-958.bmp,G03,2026-02-04T14:36:32,2026-02-04,G03_2026-02-04,958,test,normal,,1025,1281,1,525b75d925d8e2496782c002b0ef0788a6c58599a34d1d4b4b75ff2350addc96,,
1.0,G03-260204-143655-959,G03-260204-143655-959.bmp,G03,2026-02-04T14:36:55,2026-02-04,G03_2026-02-04,959,test,normal,,1025,1281,1,3f6afaf7ee212eb812cfbe21f3456c728fb9026b17913929ac38d2af71f65e60,,
1.0,G03-260204-143703-960,G03-260204-143703-960.bmp,G03,2026-02-04T14:37:03,2026-02-04,G03_2026-02-04,960,test,normal,,1025,1281,1,22cebaabc1364f0dbf0837be574b93bc54f6393ce60c6ea3bc35912ee65be697,,
1.0,G03-260204-143725-961,G03-260204-143725-961.bmp,G03,2026-02-04T14:37:25,2026-02-04,G03_2026-02-04,961,test,normal,,1025,1281,1,8b19306403ba682358b55766eda4a2a7c64f4ff492111ce5bf2fb30c3d808ed2,,
1.0,G03-260204-143731-962,G03-260204-143731-962.bmp,G03,2026-02-04T14:37:31,2026-02-04,G03_2026-02-04,962,test,normal,,1025,1281,1,c0833f02d9a20b1dd03233df0adaf8d68892bc676a58c9fdf561e0d735acaa48,,
1.0,G03-260204-143755-963,G03-260204-143755-963.bmp,G03,2026-02-04T14:37:55,2026-02-04,G03_2026-02-04,963,test,normal,,1025,1281,1,fa5343e8055d5ae2f84626236a54333bd28e3a58c61b9d23c09a4bc4576c71ea,,
1.0,G03-260204-143802-964,G03-260204-143802-964.bmp,G03,2026-02-04T14:38:02,2026-02-04,G03_2026-02-04,964,test,normal,,1025,1281,1,5bb958db201a93b9f934559e9441a71371111bacf9acdf6fc9a5017d4a8a0405,,
1.0,G03-260204-143825-965,G03-260204-143825-965.bmp,G03,2026-02-04T14:38:25,2026-02-04,G03_2026-02-04,965,test,normal,,1025,1281,1,fbb33bd154ba2f1e45e92184eba302742e7ae21ede94d7e2371a673a5bd40919,,
1.0,G03-260204-143832-966,G03-260204-143832-966.bmp,G03,2026-02-04T14:38:32,2026-02-04,G03_2026-02-04,966,test,normal,,1025,1281,1,bd150bbdb755c04d5017c8fbeba675775a0fc00fb90b8b4020970950def08330,,
1.0,G03-260204-143855-967,G03-260204-143855-967.bmp,G03,2026-02-04T14:38:55,2026-02-04,G03_2026-02-04,967,test,normal,,1025,1281,1,af98b0ff9ad5d628e43476a32d92148071836437edf75dab05ea872b4591d48b,,
1.0,G03-260204-143901-968,G03-260204-143901-968.bmp,G03,2026-02-04T14:39:01,2026-02-04,G03_2026-02-04,968,test,normal,,1025,1281,1,d6cfa72b2eacfcfa32cb0fc68badec8a47116c235a5b16b3fec77675f1625aca,,
1.0,G03-260204-143925-969,G03-260204-143925-969.bmp,G03,2026-02-04T14:39:25,2026-02-04,G03_2026-02-04,969,test,normal,,1025,1281,1,5f65a442195d79f13fcf3c811be15f4de2f522664bc952857bd6b12cc589c4e9,,
1.0,G03-260204-143932-970,G03-260204-143932-970.bmp,G03,2026-02-04T14:39:32,2026-02-04,G03_2026-02-04,970,test,normal,,1025,1281,1,12362e53c1e4683bc20c54abce6425f05b307b00c5341cec55477a6d8eb07d6d,,
1.0,G03-260204-143957-971,G03-260204-143957-971.bmp,G03,2026-02-04T14:39:57,2026-02-04,G03_2026-02-04,971,test,normal,,1025,1281,1,f3f9395b9ea4aa9e5695b159bba5f7f0c9f0c2989c80c8025b967a1fd99dc024,,
1.0,G03-260204-144004-972,G03-260204-144004-972.bmp,G03,2026-02-04T14:40:04,2026-02-04,G03_2026-02-04,972,test,normal,,1025,1281,1,1c55720ad2644778842c35f575578d641da543ddd5dab73bef0c7150ba1c43da,,
1.0,G03-260204-144026-973,G03-260204-144026-973.bmp,G03,2026-02-04T14:40:26,2026-02-04,G03_2026-02-04,973,test,normal,,1025,1281,1,bfab9d18df3754330aa6306c97b1044ac03c06e7e0c1dce63f30b6de99889acf,,
1.0,G03-260204-144033-974,G03-260204-144033-974.bmp,G03,2026-02-04T14:40:33,2026-02-04,G03_2026-02-04,974,test,normal,,1025,1281,1,9b41643e9ebcab012078fa8e7fde39ec0e48cf3e36c98680ae2a8df63dbe9360,,
1.0,G03-260204-144055-975,G03-260204-144055-975.bmp,G03,2026-02-04T14:40:55,2026-02-04,G03_2026-02-04,975,test,normal,,1025,1281,1,8bc49aab8d3dfb3b7ec334fd86b7163dbf1b6e8a066d2370309dab4a83d7cad3,,
1.0,G03-260204-144103-976,G03-260204-144103-976.bmp,G03,2026-02-04T14:41:03,2026-02-04,G03_2026-02-04,976,test,normal,,1025,1281,1,0e7488931eedc0296bcba085c82940703647580892f61aff0d0b63b49d0da841,,
1.0,G03-260204-144127-977,G03-260204-144127-977.bmp,G03,2026-02-04T14:41:27,2026-02-04,G03_2026-02-04,977,test,normal,,1025,1281,1,20ec82e7f2386ac6c0cb41232332f8429613652509c3805dad9ce08f4f415b6c,,
1.0,G03-260204-144134-978,G03-260204-144134-978.bmp,G03,2026-02-04T14:41:34,2026-02-04,G03_2026-02-04,978,test,normal,,1025,1281,1,a8b6496dc9c4298ce8b072f2461da269139a79b4c0c40a786a0a2b5a923f30ba,,
1.0,G03-260204-144156-979,G03-260204-144156-979.bmp,G03,2026-02-04T14:41:56,2026-02-04,G03_2026-02-04,979,test,normal,,1025,1281,1,b49a61f70839e399f187ff095e383e60de9e7acf5a9fd7ff481eb2163e15c087,,
1.0,G03-260204-144203-980,G03-260204-144203-980.bmp,G03,2026-02-04T14:42:03,2026-02-04,G03_2026-02-04,980,test,normal,,1025,1281,1,ff7c390723986008cad38bc7c49b1dd3ec3ea91dc3346795ec00836f8047dc5f,,
1.0,G03-260204-144227-981,G03-260204-144227-981.bmp,G03,2026-02-04T14:42:27,2026-02-04,G03_2026-02-04,981,test,normal,,1025,1281,1,d307d4988f66e72f2da11153f860d23bd229b3c94000f2ab11dfcf1b46bd8308,,
1.0,G03-260204-144234-982,G03-260204-144234-982.bmp,G03,2026-02-04T14:42:34,2026-02-04,G03_2026-02-04,982,test,normal,,1025,1281,1,0f5f0fc9d2ec90b708adccd1f4b1d1f04ef4a7304f4fb72468881aceb38a3f58,,
1.0,G03-260204-144256-983,G03-260204-144256-983.bmp,G03,2026-02-04T14:42:56,2026-02-04,G03_2026-02-04,983,test,normal,,1025,1281,1,6217e797ec8c201b7a4e87a8fd9cae630d8928bb51abdb1253848f910fea8c23,,
1.0,G03-260204-144303-984,G03-260204-144303-984.bmp,G03,2026-02-04T14:43:03,2026-02-04,G03_2026-02-04,984,test,normal,,1025,1281,1,b4eff3544bd6a0ec8d50fc6870c0879a1eb18628b44a4ac6582df5a9c3c5fcba,,
1.0,G03-260204-144327-985,G03-260204-144327-985.bmp,G03,2026-02-04T14:43:27,2026-02-04,G03_2026-02-04,985,test,normal,,1025,1281,1,363884f35efd0cbc1393a05662e4167ae97d2d5e80c2dd5fe2c23306ae5d1077,,
1.0,G03-260204-144333-986,G03-260204-144333-986.bmp,G03,2026-02-04T14:43:33,2026-02-04,G03_2026-02-04,986,test,normal,,1025,1281,1,9aa99a40713b30d2a93656c801dc15d0b27102cf872f0edfdc768d456053c51a,,
1.0,G03-260204-144356-987,G03-260204-144356-987.bmp,G03,2026-02-04T14:43:56,2026-02-04,G03_2026-02-04,987,test,normal,,1025,1281,1,57f7ad360bee7c614c55abe2a4a95af4f82d1233f60dd95d1d10c3ca5d6e0b74,,
1.0,G03-260204-144403-988,G03-260204-144403-988.bmp,G03,2026-02-04T14:44:03,2026-02-04,G03_2026-02-04,988,test,normal,,1025,1281,1,459b7b88f0cb97206a9a3b48e4db6a8a6cb7ee8cbdb2995ee7866aa99e77ecc3,,
1.0,G03-260204-144427-989,G03-260204-144427-989.bmp,G03,2026-02-04T14:44:27,2026-02-04,G03_2026-02-04,989,test,normal,,1025,1281,1,cc8afd62c2c59025bed492e5dd8057ac664f4371a611aa8ad5a65f913a3da71e,,
1.0,G03-260204-144434-990,G03-260204-144434-990.bmp,G03,2026-02-04T14:44:34,2026-02-04,G03_2026-02-04,990,test,normal,,1025,1281,1,fff9d07c7087b8dd5a07471f6c48ce17204780c4e173a5f492c234df2f3d90ca,,
1.0,G03-260204-144457-991,G03-260204-144457-991.bmp,G03,2026-02-04T14:44:57,2026-02-04,G03_2026-02-04,991,test,normal,,1025,1281,1,7bc905c2b5f7ca8565490249d0d65d7ad919c05a1187492055caee31e0e2c091,,
1.0,G03-260204-144504-992,G03-260204-144504-992.bmp,G03,2026-02-04T14:45:04,2026-02-04,G03_2026-02-04,992,test,normal,,1025,1281,1,ac1f9aca339d4799de3bab79276437d3a3b263c67be70786d84a976d312631ef,,
1.0,G03-260204-144527-993,G03-260204-144527-993.bmp,G03,2026-02-04T14:45:27,2026-02-04,G03_2026-02-04,993,test,normal,,1025,1281,1,a47b345c5fd328220deaec30018941df392c80276198b266bf6c0a17b8b976dc,,
1.0,G03-260204-144557-994,G03-260204-144557-994.bmp,G03,2026-02-04T14:45:57,2026-02-04,G03_2026-02-04,994,test,normal,,1025,1281,1,b3656c006f0dd730525e51488aee6a32d1c137886ba6f038f261d15017e73709,,
1.0,G03-260204-144604-995,G03-260204-144604-995.bmp,G03,2026-02-04T14:46:04,2026-02-04,G03_2026-02-04,995,test,normal,,1025,1281,1,5d9aae409a5f0cc36891a8163298b8b92e0b59867bdc18cea110f01079613929,,
1.0,G03-260204-144627-996,G03-260204-144627-996.bmp,G03,2026-02-04T14:46:27,2026-02-04,G03_2026-02-04,996,test,normal,,1025,1281,1,1ec1144105c7bb1cb2a885d5f9145c194f9d1a398f6b3095980b7c2bcbd14282,,
1.0,G03-260204-144634-997,G03-260204-144634-997.bmp,G03,2026-02-04T14:46:34,2026-02-04,G03_2026-02-04,997,test,normal,,1025,1281,1,c3a542b6ead2895f39098cd60a924d20c5c4908727e40b986db8ab4393bdeb77,,
1.0,G03-260204-144657-998,G03-260204-144657-998.bmp,G03,2026-02-04T14:46:57,2026-02-04,G03_2026-02-04,998,test,normal,,1025,1281,1,731255d52fb19e815a5845f1a54d43be89460bba55a5ffa8142c884d0140fdf1,,
1.0,G03-260204-144704-999,G03-260204-144704-999.bmp,G03,2026-02-04T14:47:04,2026-02-04,G03_2026-02-04,999,test,normal,,1025,1281,1,3ca75e3314fb760f92b88334b1e868301f8dc7e60e733219972b1e3e9f8f5f47,,
1.0,G03-260204-144727-000,G03-260204-144727-000.bmp,G03,2026-02-04T14:47:27,2026-02-04,G03_2026-02-04,0,test,normal,,1025,1281,1,d31f925acd1311061696daaf519f72dc19d117d502554e4c9306aadc2b516dcc,,
1.0,G03-260204-144734-001,G03-260204-144734-001.bmp,G03,2026-02-04T14:47:34,2026-02-04,G03_2026-02-04,1,test,normal,,1025,1281,1,13856bf84d18a1f1816b088ded9fc45428f735c90de4bd2f3ff06aff45237522,,
1.0,G03-260204-144758-002,G03-260204-144758-002.bmp,G03,2026-02-04T14:47:58,2026-02-04,G03_2026-02-04,2,test,normal,,1025,1281,1,e5f2500cff6d7bbb8b763a8ca90ae25a754f47baf563e710e7724b13ae3ea869,,
1.0,G03-260204-144804-003,G03-260204-144804-003.bmp,G03,2026-02-04T14:48:04,2026-02-04,G03_2026-02-04,3,test,normal,,1025,1281,1,e7db26dfae14e20cacdd1263aa456726ab39b52a9117d7581e98b8a5942d8d27,,
1.0,G03-260204-144828-004,G03-260204-144828-004.bmp,G03,2026-02-04T14:48:28,2026-02-04,G03_2026-02-04,4,test,normal,,1025,1281,1,73b46552c3ceb126a5b47093eccda3cd8abd6118b343861fef433b3bf0909f4d,,
1.0,G03-260204-144835-005,G03-260204-144835-005.bmp,G03,2026-02-04T14:48:35,2026-02-04,G03_2026-02-04,5,test,normal,,1025,1281,1,6af4a9086f699237082546e1c5580d802d07ebfb50680621c886beaec1cdf6ca,,
1.0,G03-260204-144858-006,G03-260204-144858-006.bmp,G03,2026-02-04T14:48:58,2026-02-04,G03_2026-02-04,6,test,normal,,1025,1281,1,29978655f5ee596b51834534bcd4267127d439783ff97145e49eda524b7caf03,,
1.0,G03-260204-144904-007,G03-260204-144904-007.bmp,G03,2026-02-04T14:49:04,2026-02-04,G03_2026-02-04,7,test,normal,,1025,1281,1,04d1b60ca776b862211d76af48c44f8bf569f5765487539a90eecd5ced355743,,
1.0,G03-260204-144928-008,G03-260204-144928-008.bmp,G03,2026-02-04T14:49:28,2026-02-04,G03_2026-02-04,8,test,normal,,1025,1281,1,96d6ef7e118048b610255c8cd36b38f10f8b88d1790e64d93338202dc33f40ff,,
1.0,G03-260204-144935-009,G03-260204-144935-009.bmp,G03,2026-02-04T14:49:35,2026-02-04,G03_2026-02-04,9,test,normal,,1025,1281,1,9ec78426dff0f4a6f87aeedd65c7773cc8cdd64fcae67594f40bd2673801d09b,,
1.0,G03-260204-144959-010,G03-260204-144959-010.bmp,G03,2026-02-04T14:49:59,2026-02-04,G03_2026-02-04,10,test,normal,,1025,1281,1,4e717462aff6943ee8e9fbdf714693a3848a13c12b8b624e38d068608ea3fe3b,,
1.0,G03-260204-145005-011,G03-260204-145005-011.bmp,G03,2026-02-04T14:50:05,2026-02-04,G03_2026-02-04,11,test,normal,,1025,1281,1,cad7773692ac48a3cb3f00c6201340f6bb7e9bb78fa65ce98b41e7b8a5dae3f3,,
1.0,G03-260204-145030-012,G03-260204-145030-012.bmp,G03,2026-02-04T14:50:30,2026-02-04,G03_2026-02-04,12,test,normal,,1025,1281,1,5a3b2c9156966390b4449cf95311ec59d07a0929e2e37f39bc30a12b4a9859c0,,
1.0,G03-260204-145037-013,G03-260204-145037-013.bmp,G03,2026-02-04T14:50:37,2026-02-04,G03_2026-02-04,13,test,normal,,1025,1281,1,3c4bf847b272aad3247b91bf8df4c4210f0c3a5c102434a4e58ef9e0051eca22,,
1.0,G03-260204-145059-014,G03-260204-145059-014.bmp,G03,2026-02-04T14:50:59,2026-02-04,G03_2026-02-04,14,test,normal,,1025,1281,1,352fa4f2799296ff77e9e7cbe2ac20534364d891d0dda6f7d5a17275a2ed0624,,
1.0,G03-260204-145105-015,G03-260204-145105-015.bmp,G03,2026-02-04T14:51:05,2026-02-04,G03_2026-02-04,15,test,normal,,1025,1281,1,48b5df9985eeaa2053f6dc12bf7d78e89ec365653a237cb250d30b2daaa4461c,,
1.0,G03-260204-145129-016,G03-260204-145129-016.bmp,G03,2026-02-04T14:51:29,2026-02-04,G03_2026-02-04,16,test,normal,,1025,1281,1,bb0bc634c82364a7475607fefdd73f17acce2e59b618b130cc7e67e49fe7357a,,
1.0,G03-260204-145136-017,G03-260204-145136-017.bmp,G03,2026-02-04T14:51:36,2026-02-04,G03_2026-02-04,17,test,normal,,1025,1281,1,d012c2e0ce04b0b050a54f818c8742463313302c882f8c62603b33dc81340023,,
1.0,G03-260204-145159-018,G03-260204-145159-018.bmp,G03,2026-02-04T14:51:59,2026-02-04,G03_2026-02-04,18,test,normal,,1025,1281,1,e74986d49650971a300323fcfaae01d2a21cb45c7b4dbd0bcb72ee3b9e6d4a09,,
1.0,G03-260204-145206-019,G03-260204-145206-019.bmp,G03,2026-02-04T14:52:06,2026-02-04,G03_2026-02-04,19,test,normal,,1025,1281,1,4c71b97a350782f293ce4d5bdd4401214b4c7344ab300d3fb40bd323ceaded07,,
1.0,G03-260204-145229-020,G03-260204-145229-020.bmp,G03,2026-02-04T14:52:29,2026-02-04,G03_2026-02-04,20,test,normal,,1025,1281,1,5f49edae3f4ea1271a38ec20bdc7a1791e11bf79b3bcc746422c2f3db32ae030,,
1.0,G03-260204-145236-021,G03-260204-145236-021.bmp,G03,2026-02-04T14:52:36,2026-02-04,G03_2026-02-04,21,test,normal,,1025,1281,1,2f8ada1e2899f1904876a095a5cc14038e9ec7f198042e752685143aa6a4648e,,
1.0,G03-260204-145259-022,G03-260204-145259-022.bmp,G03,2026-02-04T14:52:59,2026-02-04,G03_2026-02-04,22,test,normal,,1025,1281,1,3a5284efe300c984f38c7584db931caa36d25233a051c76573b11b86121e356f,,
1.0,G03-260204-145309-023,G03-260204-145309-023.bmp,G03,2026-02-04T14:53:09,2026-02-04,G03_2026-02-04,23,test,normal,,1025,1281,1,e9597ac746b0d05308d4ff43e3378c2fd464e44d24a3af2b4f1fdacbd3f90e64,,
1.0,G03-260204-145329-024,G03-260204-145329-024.bmp,G03,2026-02-04T14:53:29,2026-02-04,G03_2026-02-04,24,test,normal,,1025,1281,1,3360ed149ef71a07b07dc80a97e697b388f26b8352f8ebf0f7ac9aebebe1efc2,,
1.0,G03-260204-145336-025,G03-260204-145336-025.bmp,G03,2026-02-04T14:53:36,2026-02-04,G03_2026-02-04,25,test,normal,,1025,1281,1,972064989c78e50c9ddf992b7c12bcf71417ab4c3121fbe0e9f6a6eba41dede2,,
1.0,G03-260204-145400-026,G03-260204-145400-026.bmp,G03,2026-02-04T14:54:00,2026-02-04,G03_2026-02-04,26,test,normal,,1025,1281,1,fb41b41a8858c8928f9d382a508b396116ad9edb541422a5ee5293056775f7fc,,
1.0,G03-260204-145407-027,G03-260204-145407-027.bmp,G03,2026-02-04T14:54:07,2026-02-04,G03_2026-02-04,27,test,normal,,1025,1281,1,bbf01b69767ed8b3953c1515667e89f9275aaddd987fadf7e5776015ae26fb6d,,
1.0,G03-260204-145431-028,G03-260204-145431-028.bmp,G03,2026-02-04T14:54:31,2026-02-04,G03_2026-02-04,28,test,normal,,1025,1281,1,ce7d2225874e5274843cf04230b936a6b89a287cc42a0fdbffa5bc66745f271c,,
1.0,G03-260204-145438-029,G03-260204-145438-029.bmp,G03,2026-02-04T14:54:38,2026-02-04,G03_2026-02-04,29,test,normal,,1025,1281,1,3e12ddd4e8ce9290a362b53adf83eafefc94457e13f3974e6777df4277acbcc8,,
1.0,G03-260204-145500-030,G03-260204-145500-030.bmp,G03,2026-02-04T14:55:00,2026-02-04,G03_2026-02-04,30,test,normal,,1025,1281,1,dfae164710ce864fd8483021115570e5233781a2bb60a76572dc1ff5eb0caf55,,
1.0,G03-260204-145506-031,G03-260204-145506-031.bmp,G03,2026-02-04T14:55:06,2026-02-04,G03_2026-02-04,31,test,normal,,1025,1281,1,764e9c3ff5e6d1905aba1fcd9b80f3fe0fd323036277d5d096117ee53bfec549,,
1.0,G03-260204-145530-032,G03-260204-145530-032.bmp,G03,2026-02-04T14:55:30,2026-02-04,G03_2026-02-04,32,test,normal,,1025,1281,1,ffba383575c7b66cf8a10348715cf2da68481da0fa7cd3e2fe6a7b807fdcbfe6,,
1.0,G03-260204-145537-033,G03-260204-145537-033.bmp,G03,2026-02-04T14:55:37,2026-02-04,G03_2026-02-04,33,test,normal,,1025,1281,1,5b36149d41c8a7a153a1ad1348c6d96d937d3702079ba63ff4beb524fd6539ca,,
1.0,G03-260204-145559-034,G03-260204-145559-034.bmp,G03,2026-02-04T14:55:59,2026-02-04,G03_2026-02-04,34,test,normal,,1025,1281,1,9f391e9b1cc7a7ffd5e408722474b455652d0fefb6047ce15326463d414edeb9,,
1.0,G03-260204-145606-035,G03-260204-145606-035.bmp,G03,2026-02-04T14:56:06,2026-02-04,G03_2026-02-04,35,test,normal,,1025,1281,1,ecce4efa3d4fba35ed9f34bdb1b2b8d2ae392ccc1d6743b89297ccfb249ada79,,
1.0,G03-260204-145630-036,G03-260204-145630-036.bmp,G03,2026-02-04T14:56:30,2026-02-04,G03_2026-02-04,36,test,normal,,1025,1281,1,172842cf9ce2922403145c8fd1d51647d30b8dfe0aa307b44464b881da4d850c,,
1.0,G03-260204-145638-037,G03-260204-145638-037.bmp,G03,2026-02-04T14:56:38,2026-02-04,G03_2026-02-04,37,test,normal,,1025,1281,1,72b7bce26b63094b642d3a47bc1ef40b88a23a93e3a84bc8e7d6dfe1740b2a4a,,
1.0,G03-260204-145700-038,G03-260204-145700-038.bmp,G03,2026-02-04T14:57:00,2026-02-04,G03_2026-02-04,38,test,normal,,1025,1281,1,fa4af343dfcd137aa4ecbb569483e31a481ce0dda2740e3ba1657f3ec5f90f43,,
1.0,G03-260204-145707-039,G03-260204-145707-039.bmp,G03,2026-02-04T14:57:07,2026-02-04,G03_2026-02-04,39,test,normal,,1025,1281,1,83bdb7008b7af3fbd49a6eeeff755d3159d525139c32c76624fadf826922633d,,
1.0,G03-260204-145729-040,G03-260204-145729-040.bmp,G03,2026-02-04T14:57:29,2026-02-04,G03_2026-02-04,40,test,normal,,1025,1281,1,8a6b81328c84bb7f463af04b7eb2db47240d6dcdd5827fcd67949b935fc5a602,,
1.0,G03-260204-145737-041,G03-260204-145737-041.bmp,G03,2026-02-04T14:57:37,2026-02-04,G03_2026-02-04,41,test,normal,,1025,1281,1,8f6eee4d9a66252d700a565bb1a18df514a2d86fa73306a3894cf323223f5e1a,,
1.0,G03-260204-145801-042,G03-260204-145801-042.bmp,G03,2026-02-04T14:58:01,2026-02-04,G03_2026-02-04,42,test,normal,,1025,1281,1,82a0506cb586dd037e869099dc570fe20430c8c3546b13bd4f740aa9aedb423f,,
1.0,G03-260204-145808-043,G03-260204-145808-043.bmp,G03,2026-02-04T14:58:08,2026-02-04,G03_2026-02-04,43,test,normal,,1025,1281,1,3d70340225da9f07be28c2dd595a2a2513ab2334eafd9102a5dd12a0b9c8db42,,
1.0,G03-260204-145831-044,G03-260204-145831-044.bmp,G03,2026-02-04T14:58:31,2026-02-04,G03_2026-02-04,44,test,normal,,1025,1281,1,118bf017ccd9bf26b8ea7e5883a3a876405817186d1110385172b3eacbe8bdd2,,
1.0,G03-260204-145838-045,G03-260204-145838-045.bmp,G03,2026-02-04T14:58:38,2026-02-04,G03_2026-02-04,45,test,normal,,1025,1281,1,cf97ff4cd341a200d41427a82ac216c521e049c5bab525a6a926266da00f5fe8,,
1.0,G03-260204-145902-046,G03-260204-145902-046.bmp,G03,2026-02-04T14:59:02,2026-02-04,G03_2026-02-04,46,test,normal,,1025,1281,1,e2186f66923b9e37e3cd3cd938378b759bd065105a1a452e63490af094bbecdd,,
1.0,G03-260204-145909-047,G03-260204-145909-047.bmp,G03,2026-02-04T14:59:09,2026-02-04,G03_2026-02-04,47,test,normal,,1025,1281,1,7c5873187e5d2859041ebf4843bddb148463381e7e88f85923f88841a8a10c14,,
1.0,G03-260204-145932-048,G03-260204-145932-048.bmp,G03,2026-02-04T14:59:32,2026-02-04,G03_2026-02-04,48,test,normal,,1025,1281,1,caa076617cfe36eb1620f1cacd5466b4338aef13445d54e10428f16d4cba4773,,
1.0,G03-260204-145938-049,G03-260204-145938-049.bmp,G03,2026-02-04T14:59:38,2026-02-04,G03_2026-02-04,49,test,normal,,1025,1281,1,7a05822fe24267ea74b296dec7f7dd413fa71cab0fe69cb44e7fce3600c38358,,
1.0,G03-260204-150001-050,G03-260204-150001-050.bmp,G03,2026-02-04T15:00:01,2026-02-04,G03_2026-02-04,50,test,normal,,1025,1281,1,a4c061326ee8e970273154bbcedc452f3869d58d67438e835e97f70f7089f59f,,
1.0,G03-260204-150010-051,G03-260204-150010-051.bmp,G03,2026-02-04T15:00:10,2026-02-04,G03_2026-02-04,51,test,normal,,1025,1281,1,84a625fb40503aebfaea313c1af15091d2ca4098883d27634eba5dfd8d9f77b3,,
1.0,G03-260204-150032-052,G03-260204-150032-052.bmp,G03,2026-02-04T15:00:32,2026-02-04,G03_2026-02-04,52,test,normal,,1025,1281,1,4e4c10a8847a8b41c7188df9d965d2d26dcb069118a9c2b611218c0981fc5a22,,
1.0,G03-260204-150038-053,G03-260204-150038-053.bmp,G03,2026-02-04T15:00:38,2026-02-04,G03_2026-02-04,53,test,normal,,1025,1281,1,fc746ddfa48b4bf392def09ef88ecd64ef4a04e230473627df3692d857e4664c,,
1.0,G03-260204-150101-054,G03-260204-150101-054.bmp,G03,2026-02-04T15:01:01,2026-02-04,G03_2026-02-04,54,test,normal,,1025,1281,1,6ace2a7aae29040bd947e368b2e3d5697078bf6cf53a20e9639591f81fe6ece9,,
1.0,G03-260204-150108-055,G03-260204-150108-055.bmp,G03,2026-02-04T15:01:08,2026-02-04,G03_2026-02-04,55,test,normal,,1025,1281,1,965b18ff82ce910279f43c22c804fdf04b17d97f0377c18af779df1703759f0c,,
1.0,G03-260204-150132-056,G03-260204-150132-056.bmp,G03,2026-02-04T15:01:32,2026-02-04,G03_2026-02-04,56,test,normal,,1025,1281,1,781db7e0393689fcd3f21db287b857f9a59622a01d0634c6c1eae278f156e941,,
1.0,G03-260204-150139-057,G03-260204-150139-057.bmp,G03,2026-02-04T15:01:39,2026-02-04,G03_2026-02-04,57,test,normal,,1025,1281,1,bb6b4b1febfba687ed9f012852daf8fe8ca799f21a12ce4324bb1695ec25f45a,,
1.0,G03-260204-150202-058,G03-260204-150202-058.bmp,G03,2026-02-04T15:02:02,2026-02-04,G03_2026-02-04,58,test,normal,,1025,1281,1,d40cbc20645b94e6f99af4d7dc3365aca6ab288f7c491976b9ecc7fa1de57c24,,
1.0,G03-260204-150209-059,G03-260204-150209-059.bmp,G03,2026-02-04T15:02:09,2026-02-04,G03_2026-02-04,59,test,normal,,1025,1281,1,3173fb90658d43618b852154d473274a9753eaa2a6fa0c82d687179d2ebd77aa,,
1.0,G03-260204-150232-060,G03-260204-150232-060.bmp,G03,2026-02-04T15:02:32,2026-02-04,G03_2026-02-04,60,test,normal,,1025,1281,1,68678356dd0c84164f3a9907e8008501332f8989ea8b439e18e07abda8ed8db7,,
1.0,G03-260204-150238-061,G03-260204-150238-061.bmp,G03,2026-02-04T15:02:38,2026-02-04,G03_2026-02-04,61,test,normal,,1025,1281,1,e102bba4370039d512e121b6fa524573623f9e6dca0bf866cc04b2f6b9b9486a,,
1.0,G03-260204-150303-062,G03-260204-150303-062.bmp,G03,2026-02-04T15:03:03,2026-02-04,G03_2026-02-04,62,test,normal,,1025,1281,1,fdcd689940af853ec5f3dc6aff448f9e9783e24ec1037befdd4b60f7612f11d7,,
1.0,G03-260204-150309-063,G03-260204-150309-063.bmp,G03,2026-02-04T15:03:09,2026-02-04,G03_2026-02-04,63,test,normal,,1025,1281,1,36eebead449ed7889c7c47c9c215d14275eba6dd9c211782bda53844f25a7ee9,,
1.0,G03-260204-150332-064,G03-260204-150332-064.bmp,G03,2026-02-04T15:03:32,2026-02-04,G03_2026-02-04,64,test,normal,,1025,1281,1,a7543b85cc2d9a88aafcc5a6d4aa3653cb43df5d9a57357fdb2a341bdf3e8e4e,,
1.0,G03-260204-150339-065,G03-260204-150339-065.bmp,G03,2026-02-04T15:03:39,2026-02-04,G03_2026-02-04,65,test,normal,,1025,1281,1,76eeb824411bd9d10031902836e44569ce79d1a90abae3c8006e05c78c6a92f7,,
1.0,G03-260204-150402-066,G03-260204-150402-066.bmp,G03,2026-02-04T15:04:02,2026-02-04,G03_2026-02-04,66,test,normal,,1025,1281,1,302ffdae87377d66ce4f641c2d3739b58b824767683a960f1dc9b3c8a13afcd4,,
1.0,G03-260204-150409-067,G03-260204-150409-067.bmp,G03,2026-02-04T15:04:09,2026-02-04,G03_2026-02-04,67,test,normal,,1025,1281,1,0b5d39096ee7e23a7b55f88d05ebef3627119eac6c94658ef0318f501887d713,,
1.0,G03-260204-150433-068,G03-260204-150433-068.bmp,G03,2026-02-04T15:04:33,2026-02-04,G03_2026-02-04,68,test,normal,,1025,1281,1,c8941041ab1f49547c468c02650d2932d0392a28edba2263665d01af35919216,,
1.0,G03-260204-150440-069,G03-260204-150440-069.bmp,G03,2026-02-04T15:04:40,2026-02-04,G03_2026-02-04,69,test,normal,,1025,1281,1,0344a4883116969534e4a6d30aaa378e8ef45255f7e24a97c4e12cfb06908cc6,,
1.0,G03-260204-150503-070,G03-260204-150503-070.bmp,G03,2026-02-04T15:05:03,2026-02-04,G03_2026-02-04,70,test,normal,,1025,1281,1,d1fe2a9b61d5574225039c1a95e28e884059a2605766443d709b24f5f599d019,,
1.0,G03-260204-150510-071,G03-260204-150510-071.bmp,G03,2026-02-04T15:05:10,2026-02-04,G03_2026-02-04,71,test,normal,,1025,1281,1,72dcbb4ffac4bae604960720fe099d7ec01c328504457a320c04919303883c65,,
1.0,G03-260204-150534-072,G03-260204-150534-072.bmp,G03,2026-02-04T15:05:34,2026-02-04,G03_2026-02-04,72,test,normal,,1025,1281,1,4113f3d0b10d106a5d58d3917aa399e41beb63d1119014e8f6c7923408f09cb0,,
1.0,G03-260204-150540-073,G03-260204-150540-073.bmp,G03,2026-02-04T15:05:40,2026-02-04,G03_2026-02-04,73,test,normal,,1025,1281,1,3f901c004757a2d65aade1eba554cdf30ab95c78541bc8bec05a9cd0b96449a5,,
1.0,G03-260204-150603-074,G03-260204-150603-074.bmp,G03,2026-02-04T15:06:03,2026-02-04,G03_2026-02-04,74,test,normal,,1025,1281,1,453ab8e91d30b9c8b724d43118183b60ae06b1c50610b2d3c89f36a2495112bc,,
1.0,G03-260204-150610-075,G03-260204-150610-075.bmp,G03,2026-02-04T15:06:10,2026-02-04,G03_2026-02-04,75,test,normal,,1025,1281,1,157b53ec36e8aa1f182c89d3770be7733f349507ab9fd7415e246d40ede94db4,,
1.0,G03-260204-150633-076,G03-260204-150633-076.bmp,G03,2026-02-04T15:06:33,2026-02-04,G03_2026-02-04,76,test,normal,,1025,1281,1,7073f04854cf24f8765bcaa29f0cd322c0163c9095df19f35dda9da37fdb141a,,
1.0,G03-260204-150703-077,G03-260204-150703-077.bmp,G03,2026-02-04T15:07:03,2026-02-04,G03_2026-02-04,77,test,normal,,1025,1281,1,092580618d04dbb2abbd69ff1a8a47db55e93c558e9d87e72f2677362caf1dfd,,
1.0,G03-260204-150710-078,G03-260204-150710-078.bmp,G03,2026-02-04T15:07:10,2026-02-04,G03_2026-02-04,78,test,normal,,1025,1281,1,201c166b83371cffbad7d1dbf91d7fa86647e887791b7232ba19c07b14204356,,
1.0,G03-260204-150734-079,G03-260204-150734-079.bmp,G03,2026-02-04T15:07:34,2026-02-04,G03_2026-02-04,79,test,normal,,1025,1281,1,163868b93da4775531ab69a84607fc55aceae0161f962605cc6e6adf3b65a2a6,,
1.0,G03-260204-150741-080,G03-260204-150741-080.bmp,G03,2026-02-04T15:07:41,2026-02-04,G03_2026-02-04,80,test,normal,,1025,1281,1,521a1603edaa24a6a7df60d178b1427f5f815824652303a259aaeccffaffdbba,,
1.0,G03-260204-150804-081,G03-260204-150804-081.bmp,G03,2026-02-04T15:08:04,2026-02-04,G03_2026-02-04,81,test,normal,,1025,1281,1,50e1c8203ad1f154846f13f5405cce3c96ddceb866f2243987ef851479d456db,,
1.0,G03-260204-150810-082,G03-260204-150810-082.bmp,G03,2026-02-04T15:08:10,2026-02-04,G03_2026-02-04,82,test,normal,,1025,1281,1,55564bb5f03b8dcc5d80830d6736c0a8e3b0bb6fe97889806b14480506fb5005,,
1.0,G03-260204-150833-083,G03-260204-150833-083.bmp,G03,2026-02-04T15:08:33,2026-02-04,G03_2026-02-04,83,test,normal,,1025,1281,1,6a9b7a35c13078e90f635e333ff7c634ddf6867addaa073af09c6c5ed52e0e19,,
1.0,G03-260204-150840-084,G03-260204-150840-084.bmp,G03,2026-02-04T15:08:40,2026-02-04,G03_2026-02-04,84,test,normal,,1025,1281,1,d4a92ccd04f0a17815be1bda16a8b78bbc3f900190015d9b8f4f0c278cdab221,,
1.0,G03-260204-150903-085,G03-260204-150903-085.bmp,G03,2026-02-04T15:09:03,2026-02-04,G03_2026-02-04,85,test,normal,,1025,1281,1,29b3ceedefb39625f634df4c6e94a05e44b35d2bc641d58db57de049a8b56ecb,,
1.0,G03-260204-150910-086,G03-260204-150910-086.bmp,G03,2026-02-04T15:09:10,2026-02-04,G03_2026-02-04,86,test,normal,,1025,1281,1,cb3beef92eb7fa84be6eeee0fefb395b55aba9f20b1e002a188574457a116340,,
1.0,G03-260204-150934-087,G03-260204-150934-087.bmp,G03,2026-02-04T15:09:34,2026-02-04,G03_2026-02-04,87,test,normal,,1025,1281,1,95b5f05a959fd93a751768b00399939146a087425754e5812899831e59e09c39,,
1.0,G03-260204-150941-088,G03-260204-150941-088.bmp,G03,2026-02-04T15:09:41,2026-02-04,G03_2026-02-04,88,test,normal,,1025,1281,1,901542477de7a2f2aedc1b0238e717282d64a38f5ffd40a665e7723f68282a6b,,
1.0,G03-260204-151004-089,G03-260204-151004-089.bmp,G03,2026-02-04T15:10:04,2026-02-04,G03_2026-02-04,89,test,normal,,1025,1281,1,4843205ffcaecef87d4165eceec1b22e2974ce2e146ddca9643b811099ab3c96,,
1.0,G03-260204-151011-090,G03-260204-151011-090.bmp,G03,2026-02-04T15:10:11,2026-02-04,G03_2026-02-04,90,test,normal,,1025,1281,1,290a51ea4ec95f5dd6962827760572fbd0a62f4b9c1251926ba4714c48848988,,
1.0,G03-260204-151034-091,G03-260204-151034-091.bmp,G03,2026-02-04T15:10:34,2026-02-04,G03_2026-02-04,91,test,normal,,1025,1281,1,45b471406201796fe827faf70848188c402529713fdb8540178c4c3f8eeb8aa8,,
1.0,G03-260204-151041-092,G03-260204-151041-092.bmp,G03,2026-02-04T15:10:41,2026-02-04,G03_2026-02-04,92,test,normal,,1025,1281,1,6a570645657c9ffc757031d221fe8af47923c9cd63d596a0062a99ccf180e374,,
1.0,G03-260204-151105-093,G03-260204-151105-093.bmp,G03,2026-02-04T15:11:05,2026-02-04,G03_2026-02-04,93,test,normal,,1025,1281,1,f926487d021fa6c783db7a158abcfdb73c69d7f799e685510b68039ba8265852,,
1.0,G03-260204-151111-094,G03-260204-151111-094.bmp,G03,2026-02-04T15:11:11,2026-02-04,G03_2026-02-04,94,test,normal,,1025,1281,1,1e0f9322053a9458ee5efb31c7058b46ffff92bb25f749cc53de0f9334283caa,,
1.0,G03-260204-151134-095,G03-260204-151134-095.bmp,G03,2026-02-04T15:11:34,2026-02-04,G03_2026-02-04,95,test,normal,,1025,1281,1,0930381eff72fc0c959451f16d8dcc0893f7fd9e93d1efc664e4f6af28fbdaef,,
1.0,G03-260204-151140-096,G03-260204-151140-096.bmp,G03,2026-02-04T15:11:40,2026-02-04,G03_2026-02-04,96,test,normal,,1025,1281,1,0755e2f01de4e1355640cff1d6ab1be3c7038efc50da41102260809137d02015,,
1.0,G03-260204-151205-097,G03-260204-151205-097.bmp,G03,2026-02-04T15:12:05,2026-02-04,G03_2026-02-04,97,test,normal,,1025,1281,1,246c0415d39498620cfcb44fb4d9dfd79f376605ce38897ba5dc32c73711644f,,
1.0,G03-260204-151212-098,G03-260204-151212-098.bmp,G03,2026-02-04T15:12:12,2026-02-04,G03_2026-02-04,98,test,normal,,1025,1281,1,f2c05eb9497417352a88c4833f9e2ff5593335bac0066b361e391dafd16de3e0,,
1.0,G03-260204-151236-099,G03-260204-151236-099.bmp,G03,2026-02-04T15:12:36,2026-02-04,G03_2026-02-04,99,test,normal,,1025,1281,1,aab411c331205c4ce1ab47e297e881d74a539ab1c88a91a4b491d5f5da1e4e55,,
1.0,G03-260204-151243-100,G03-260204-151243-100.bmp,G03,2026-02-04T15:12:43,2026-02-04,G03_2026-02-04,100,test,normal,,1025,1281,1,06836d71f93708c7b13ef51f9401560f77549135422b39aba14cad1736e0f700,,
1.0,G03-260204-151304-101,G03-260204-151304-101.bmp,G03,2026-02-04T15:13:04,2026-02-04,G03_2026-02-04,101,test,normal,,1025,1281,1,74503a7e7d840e4e536fa20f0081c31b6dd88a87541d26f7c6204b7231d71ea9,,
1.0,G03-260204-151311-102,G03-260204-151311-102.bmp,G03,2026-02-04T15:13:11,2026-02-04,G03_2026-02-04,102,test,normal,,1025,1281,1,104fd1f955e2708fbcccf032a4848a50cffc700f21ec5cd6ea4a59e7b0d6562b,,
1.0,G03-260204-151336-103,G03-260204-151336-103.bmp,G03,2026-02-04T15:13:36,2026-02-04,G03_2026-02-04,103,test,normal,,1025,1281,1,73c749c5198b7b9596bf0af949c425cb7836a3715c87cbc87646a82ef0ab8035,,
1.0,G03-260204-151343-104,G03-260204-151343-104.bmp,G03,2026-02-04T15:13:43,2026-02-04,G03_2026-02-04,104,test,normal,,1025,1281,1,112b318b06264ab72a03ac4bce225270be2be4512ef06adfc4b0c969050edd46,,
1.0,G03-260204-151406-105,G03-260204-151406-105.bmp,G03,2026-02-04T15:14:06,2026-02-04,G03_2026-02-04,105,test,normal,,1025,1281,1,8a38b8a4936b776b4fcdab329237d786f4550a7bcc0c12c3fdf1c8258fe35e72,,
1.0,G03-260204-151413-106,G03-260204-151413-106.bmp,G03,2026-02-04T15:14:13,2026-02-04,G03_2026-02-04,106,test,normal,,1025,1281,1,717126b8f2d1271caac71efb2a5dd0c37fd0769e7734868882c5c71e7e9bd38a,,
1.0,G03-260204-151436-107,G03-260204-151436-107.bmp,G03,2026-02-04T15:14:36,2026-02-04,G03_2026-02-04,107,test,normal,,1025,1281,1,39601a26929a5058e225dbf65f06fe44ea8ff1bb060c4935aa8c369a693363f1,,
1.0,G03-260204-151442-108,G03-260204-151442-108.bmp,G03,2026-02-04T15:14:42,2026-02-04,G03_2026-02-04,108,test,normal,,1025,1281,1,2a1a01fe978b558006b8566631e5d9e3e57ce806253508ed6207d576060002b2,,
1.0,G03-260204-151505-109,G03-260204-151505-109.bmp,G03,2026-02-04T15:15:05,2026-02-04,G03_2026-02-04,109,test,normal,,1025,1281,1,b636c5ac1e47678712ea9bbf4199769ac837b49ba4324ed557e663919fc5bb12,,
1.0,G03-260204-151511-110,G03-260204-151511-110.bmp,G03,2026-02-04T15:15:11,2026-02-04,G03_2026-02-04,110,test,normal,,1025,1281,1,1280bd3ad866ab3d423626c92809d3a9acf59a8d34058e1029009911b9511157,,
1.0,G03-260204-151535-111,G03-260204-151535-111.bmp,G03,2026-02-04T15:15:35,2026-02-04,G03_2026-02-04,111,test,normal,,1025,1281,1,c7a9d96355369684a22ae101854fc056687c28bbfbf8f902a9067d9dc377db4c,,
1.0,G03-260204-151542-112,G03-260204-151542-112.bmp,G03,2026-02-04T15:15:42,2026-02-04,G03_2026-02-04,112,test,normal,,1025,1281,1,cdc16675f67a10e89fbc01b3c33b2b917ea09c32689d4b0f1e39132c269696e6,,
1.0,G03-260204-151606-113,G03-260204-151606-113.bmp,G03,2026-02-04T15:16:06,2026-02-04,G03_2026-02-04,113,test,normal,,1025,1281,1,465ccc7da92781e7fb4ac1d8a9b3165ab8138ce8b88e18154440cf52d71c5c79,,
1.0,G03-260204-151613-114,G03-260204-151613-114.bmp,G03,2026-02-04T15:16:13,2026-02-04,G03_2026-02-04,114,test,normal,,1025,1281,1,431a1aad85db254a53b06c1fc2c171d6060af8f024999257044cd8b1c29c8b69,,
1.0,G03-260204-151637-115,G03-260204-151637-115.bmp,G03,2026-02-04T15:16:37,2026-02-04,G03_2026-02-04,115,test,normal,,1025,1281,1,183b0289037a1840187033500d816a4d713c4d50124c5489c2aa5c35a2778e46,,
1.0,G03-260204-151643-116,G03-260204-151643-116.bmp,G03,2026-02-04T15:16:43,2026-02-04,G03_2026-02-04,116,test,normal,,1025,1281,1,a50103cb6421fa3431108d2e3f108ba97fa7eacc3de00347edc15984e90d9d68,,
1.0,G03-260204-151706-117,G03-260204-151706-117.bmp,G03,2026-02-04T15:17:06,2026-02-04,G03_2026-02-04,117,test,normal,,1025,1281,1,ddda94b32029b40986e76513780c3841fc9bbcf36d1bfbcb69fceae009134e5e,,
1.0,G03-260204-151712-118,G03-260204-151712-118.bmp,G03,2026-02-04T15:17:12,2026-02-04,G03_2026-02-04,118,test,normal,,1025,1281,1,211e79364209a3c541f463098a6c06e7d3fabacbede5bc0cc1dc11341d1cf9fa,,
1.0,G03-260204-151736-119,G03-260204-151736-119.bmp,G03,2026-02-04T15:17:36,2026-02-04,G03_2026-02-04,119,test,normal,,1025,1281,1,2fe9e68d4646102138c917d1ab0eaab1aa70816e83278588ba7fd9a47221c12b,,
1.0,G03-260204-151743-120,G03-260204-151743-120.bmp,G03,2026-02-04T15:17:43,2026-02-04,G03_2026-02-04,120,test,normal,,1025,1281,1,7ecbb6cadde8555e7cb1db680dc35ecda09d46646c5b1608e05a3a118d680f85,,
1.0,G03-260204-151807-121,G03-260204-151807-121.bmp,G03,2026-02-04T15:18:07,2026-02-04,G03_2026-02-04,121,test,normal,,1025,1281,1,1e01f2e42246c7e96c2b0e410f3fd3178ba66e0d737f2f2a6c8afa0b4dc6a040,,
1.0,G03-260204-151814-122,G03-260204-151814-122.bmp,G03,2026-02-04T15:18:14,2026-02-04,G03_2026-02-04,122,test,normal,,1025,1281,1,5b09dd3b9963328daf3cb6fb04d0da87fcec1fa9daa872408d4efbea621bc680,,
1.0,G03-260204-151838-123,G03-260204-151838-123.bmp,G03,2026-02-04T15:18:38,2026-02-04,G03_2026-02-04,123,test,normal,,1025,1281,1,7d6c079ff6b3da039f9e8ec20e848adc8bf1e79b215620badf3a5649f2d392a6,,
1.0,G03-260204-151845-124,G03-260204-151845-124.bmp,G03,2026-02-04T15:18:45,2026-02-04,G03_2026-02-04,124,test,normal,,1025,1281,1,1330c671c9e03569fd97795651c4fc3bb71cb7339849327c7a71a71aec0ecfd1,,
1.0,G03-260204-151906-125,G03-260204-151906-125.bmp,G03,2026-02-04T15:19:06,2026-02-04,G03_2026-02-04,125,test,normal,,1025,1281,1,cbf9bf7e9e6c884c9bfe8251b3a5525ccc7f42c0761d97b7b5d91de64eec1eb6,,
1.0,G03-260204-151913-126,G03-260204-151913-126.bmp,G03,2026-02-04T15:19:13,2026-02-04,G03_2026-02-04,126,test,normal,,1025,1281,1,e9072fd07ef47397c8c04996c302c66a3fec756bb1363916e39256f67fa455b0,,
1.0,G03-260204-151936-127,G03-260204-151936-127.bmp,G03,2026-02-04T15:19:36,2026-02-04,G03_2026-02-04,127,test,normal,,1025,1281,1,f892448680091d667b1a55376ed96d385947364d1311a24c43bc3b6192b0141a,,
1.0,G03-260204-151945-128,G03-260204-151945-128.bmp,G03,2026-02-04T15:19:45,2026-02-04,G03_2026-02-04,128,test,normal,,1025,1281,1,9f31c2666578c7709e59983a46473a42e57759d6983b5c52aad856ab00ba0855,,
1.0,G03-260204-152006-129,G03-260204-152006-129.bmp,G03,2026-02-04T15:20:06,2026-02-04,G03_2026-02-04,129,test,normal,,1025,1281,1,53e279681f1c0c29bd8ddfde78924e4a368d803b234b9b2927447b6e96c3d474,,
1.0,G03-260204-152014-130,G03-260204-152014-130.bmp,G03,2026-02-04T15:20:14,2026-02-04,G03_2026-02-04,130,test,normal,,1025,1281,1,a4d880e6ec59a734675a91fd3f666c05b0d2d4aac09028fbe452574e6597cd11,,
1.0,G03-260204-152037-131,G03-260204-152037-131.bmp,G03,2026-02-04T15:20:37,2026-02-04,G03_2026-02-04,131,test,normal,,1025,1281,1,4950ec1fe349d943db001a5de6aeaab0571ca9ceb854abc62bab112130025046,,
1.0,G03-260204-152043-132,G03-260204-152043-132.bmp,G03,2026-02-04T15:20:43,2026-02-04,G03_2026-02-04,132,test,normal,,1025,1281,1,ddaad53a611a3ac5696e0bab755205be07a974942a0b0d6dce81b66ea26d1b07,,
1.0,G03-260204-152109-133,G03-260204-152109-133.bmp,G03,2026-02-04T15:21:09,2026-02-04,G03_2026-02-04,133,test,normal,,1025,1281,1,03e4817f1830b5c9e76ec4a1ed1b2ee0f256ecb5f15d9ef7f175fb52f80b995e,,
1.0,G03-260204-152115-134,G03-260204-152115-134.bmp,G03,2026-02-04T15:21:15,2026-02-04,G03_2026-02-04,134,test,normal,,1025,1281,1,4c186498fab7bf658d76e99b88a92f331309182f0612eec6166576ff5d7d9c98,,
1.0,G03-260204-152137-135,G03-260204-152137-135.bmp,G03,2026-02-04T15:21:37,2026-02-04,G03_2026-02-04,135,test,normal,,1025,1281,1,f835331dee9f02d03bfad8d1e26ea027aa39c430be8e32172c456c6809c097b6,,
1.0,G03-260204-152144-136,G03-260204-152144-136.bmp,G03,2026-02-04T15:21:44,2026-02-04,G03_2026-02-04,136,test,normal,,1025,1281,1,60e7e5ef6138b012a9a46d7447dad9efb6f9bf43562840e039d8937e096754db,,
1.0,G03-260204-152208-137,G03-260204-152208-137.bmp,G03,2026-02-04T15:22:08,2026-02-04,G03_2026-02-04,137,test,normal,,1025,1281,1,4ed293fd24d4bf1596365b47b5b22c595053b529d1a35c94030c112961fd4570,,
1.0,G03-260204-152214-138,G03-260204-152214-138.bmp,G03,2026-02-04T15:22:14,2026-02-04,G03_2026-02-04,138,test,normal,,1025,1281,1,5d05069b0b37478cfc05ff37c94bc2d0e2a681e451896cf4cd5fe49f11327e05,,
1.0,G03-260204-152238-139,G03-260204-152238-139.bmp,G03,2026-02-04T15:22:38,2026-02-04,G03_2026-02-04,139,test,normal,,1025,1281,1,b67af9133535d6144efda9e6e5f10bba5b5eed2346b0849dada65ccba7b3e27f,,
1.0,G03-260204-152245-140,G03-260204-152245-140.bmp,G03,2026-02-04T15:22:45,2026-02-04,G03_2026-02-04,140,test,normal,,1025,1281,1,8601a04b2c09108fd72bb0023464a67a08c8a1e4a18ebd224314e4606d7ccdeb,,
1.0,G03-260204-152308-141,G03-260204-152308-141.bmp,G03,2026-02-04T15:23:08,2026-02-04,G03_2026-02-04,141,test,normal,,1025,1281,1,83a4f6637c8b2841f55da1684c9cdf959dbd33138421891b9f5c69b665e0d874,,
1.0,G03-260204-152314-142,G03-260204-152314-142.bmp,G03,2026-02-04T15:23:14,2026-02-04,G03_2026-02-04,142,test,normal,,1025,1281,1,e45df197087f92b789d58b5235548014d4077a3fc1fce1a01ae433b9f4262aeb,,
1.0,G03-260204-152337-143,G03-260204-152337-143.bmp,G03,2026-02-04T15:23:37,2026-02-04,G03_2026-02-04,143,test,normal,,1025,1281,1,3c7ec7b0111430b8bd48757061fed6581e6d01af22f077ad9480d562ab78acd8,,
1.0,G03-260204-152344-144,G03-260204-152344-144.bmp,G03,2026-02-04T15:23:44,2026-02-04,G03_2026-02-04,144,test,normal,,1025,1281,1,dc53873f7f9ce11f061237bb5be427f2e035077043100de64626b7a87fb37d33,,
1.0,G03-260204-152407-145,G03-260204-152407-145.bmp,G03,2026-02-04T15:24:07,2026-02-04,G03_2026-02-04,145,test,normal,,1025,1281,1,efda47ad689e5a6d7186e24f5b265ababc8b1d6fd78d9941969efc3a67e36bed,,
1.0,G03-260204-152414-146,G03-260204-152414-146.bmp,G03,2026-02-04T15:24:14,2026-02-04,G03_2026-02-04,146,test,normal,,1025,1281,1,020dd69c7867b59e16076b0d07741b3669ac1b5401379ea731075f544f6ce7f4,,
1.0,G03-260204-152437-147,G03-260204-152437-147.bmp,G03,2026-02-04T15:24:37,2026-02-04,G03_2026-02-04,147,test,normal,,1025,1281,1,5023a5953bcba76e0a73d7fc98db84f8e51824a835df99744bbe0b543d9fa233,,
1.0,G03-260204-152508-149,G03-260204-152508-149.bmp,G03,2026-02-04T15:25:08,2026-02-04,G03_2026-02-04,149,test,normal,,1025,1281,1,af9a5c3322c377cf1ef6f1dc24f95579848fac14d9993b3fc38036b9ea288600,,
1.0,G03-260204-152514-150,G03-260204-152514-150.bmp,G03,2026-02-04T15:25:14,2026-02-04,G03_2026-02-04,150,test,normal,,1025,1281,1,021bd1d9e4046810ad00e79d1f4da85da4450ff0dda71d0c7cfc25e28cc58baf,,
1.0,G03-260204-152539-151,G03-260204-152539-151.bmp,G03,2026-02-04T15:25:39,2026-02-04,G03_2026-02-04,151,test,normal,,1025,1281,1,b452d3fa5f42c170263a5037f82b4777a35ca5333faa7cbe85d72b117d3480ef,,
1.0,G03-260204-152546-152,G03-260204-152546-152.bmp,G03,2026-02-04T15:25:46,2026-02-04,G03_2026-02-04,152,test,normal,,1025,1281,1,b83784cb99abe0fb52bc6a36766176500588374966d5de34a589b0ac938fa38b,,
1.0,G03-260204-152609-153,G03-260204-152609-153.bmp,G03,2026-02-04T15:26:09,2026-02-04,G03_2026-02-04,153,test,normal,,1025,1281,1,ef32b3d2945d368805d12d886d2f1e276519f3ef48ca61d9993da131abeedafb,,
1.0,G03-260204-152616-154,G03-260204-152616-154.bmp,G03,2026-02-04T15:26:16,2026-02-04,G03_2026-02-04,154,test,normal,,1025,1281,1,a07c5bc652255bcf75b9289bb75b4e5beeb8031d009c0b078ef3f8b6c75c9fc1,,
1.0,G03-260204-152638-155,G03-260204-152638-155.bmp,G03,2026-02-04T15:26:38,2026-02-04,G03_2026-02-04,155,test,normal,,1025,1281,1,ecb2c770e0db60c4835577d85565c55051d80566ce43f02834e21ef0854aeebe,,
1.0,G03-260204-152645-156,G03-260204-152645-156.bmp,G03,2026-02-04T15:26:45,2026-02-04,G03_2026-02-04,156,test,normal,,1025,1281,1,a4f181287f2658bc87f340a3f161ae99207ed84f08695eb077b397231c36e229,,
1.0,G03-260204-152710-157,G03-260204-152710-157.bmp,G03,2026-02-04T15:27:10,2026-02-04,G03_2026-02-04,157,test,normal,,1025,1281,1,0eb06a1cb0ab1b0042de49e272144b05ddc67a501c571516b42d1ad7787a7bae,,
1.0,G03-260204-152717-158,G03-260204-152717-158.bmp,G03,2026-02-04T15:27:17,2026-02-04,G03_2026-02-04,158,test,normal,,1025,1281,1,84e0aa9efbf0f4d779977a1a4f71c4f6ce31cdc2dff3d0be91ebdde5fd87e867,,
1.0,G03-260204-152738-159,G03-260204-152738-159.bmp,G03,2026-02-04T15:27:38,2026-02-04,G03_2026-02-04,159,test,normal,,1025,1281,1,4d57df0e96d05f003dd5bcdc2ab386efc6887006a2bc97376f9dda15563ee80a,,
1.0,G03-260204-152745-160,G03-260204-152745-160.bmp,G03,2026-02-04T15:27:45,2026-02-04,G03_2026-02-04,160,test,normal,,1025,1281,1,949d22a996a2abfb36d67983be6cd7262f382d89d31b400e377f026e1d85bebe,,
1.0,G03-260204-152808-161,G03-260204-152808-161.bmp,G03,2026-02-04T15:28:08,2026-02-04,G03_2026-02-04,161,test,normal,,1025,1281,1,65bd49e9dc3470ece5363a04f78d07852620417938a855cc203599ad03094a0c,,
1.0,G03-260204-152815-162,G03-260204-152815-162.bmp,G03,2026-02-04T15:28:15,2026-02-04,G03_2026-02-04,162,test,normal,,1025,1281,1,bb5f070c100ffd7583edf8c92b6c12952a6059101c560abecdfb8f92a94ec40d,,
1.0,G03-260204-152839-163,G03-260204-152839-163.bmp,G03,2026-02-04T15:28:39,2026-02-04,G03_2026-02-04,163,test,normal,,1025,1281,1,28ead46f4901a0f24dc30ffe599a5d76b13f95fa1a53ace8a58689be3cfeb18a,,
1.0,G03-260204-152846-164,G03-260204-152846-164.bmp,G03,2026-02-04T15:28:46,2026-02-04,G03_2026-02-04,164,test,normal,,1025,1281,1,77b69b403062cde0059b235f24f586e1b89d5179a0c21e4fd4b00b7ab3e8afd0,,
1.0,G03-260204-152908-165,G03-260204-152908-165.bmp,G03,2026-02-04T15:29:08,2026-02-04,G03_2026-02-04,165,test,normal,,1025,1281,1,ee40cc113074a1dc11f7725bb3e0e85fdeb600d833256fae70df381759f5a619,,
1.0,G03-260204-152915-166,G03-260204-152915-166.bmp,G03,2026-02-04T15:29:15,2026-02-04,G03_2026-02-04,166,test,normal,,1025,1281,1,5c42d13ea4ca8bf69e5447125a8aee50749b876c8fd98285da53ad51e427826a,,
1.0,G03-260204-152939-167,G03-260204-152939-167.bmp,G03,2026-02-04T15:29:39,2026-02-04,G03_2026-02-04,167,test,normal,,1025,1281,1,db32d09db8a55405a99de847b37e994600079e4060fa75774f744b43936cb23f,,
1.0,G03-260204-152947-168,G03-260204-152947-168.bmp,G03,2026-02-04T15:29:47,2026-02-04,G03_2026-02-04,168,test,normal,,1025,1281,1,513931cdac4d9eb6ee35b53ed9193860b20a54594b1b44f96ba2036c109814bd,,
1.0,G03-260204-153009-169,G03-260204-153009-169.bmp,G03,2026-02-04T15:30:09,2026-02-04,G03_2026-02-04,169,test,normal,,1025,1281,1,7bb1755addb2d7fce3a1a1a9e97589c97a9b1253e3290490f251fe17299056ea,,
1.0,G03-260204-153016-170,G03-260204-153016-170.bmp,G03,2026-02-04T15:30:16,2026-02-04,G03_2026-02-04,170,test,normal,,1025,1281,1,4629f576978e9bfce6a0ddeeec8a859badfa848be0dc2e7e8c283fda759b2787,,
1.0,G03-260204-153041-171,G03-260204-153041-171.bmp,G03,2026-02-04T15:30:41,2026-02-04,G03_2026-02-04,171,test,normal,,1025,1281,1,23a4b0cb1221e9be1e5de7eab22e362b0bf3821f1ae9436c56d683926cbee22c,,
1.0,G03-260204-153048-172,G03-260204-153048-172.bmp,G03,2026-02-04T15:30:48,2026-02-04,G03_2026-02-04,172,test,normal,,1025,1281,1,5a0f8ca56d4ac16e7761cd417e973e949ae62209b9d90b9fbf30d172ff94274a,,
1.0,G03-260204-153109-173,G03-260204-153109-173.bmp,G03,2026-02-04T15:31:09,2026-02-04,G03_2026-02-04,173,test,normal,,1025,1281,1,8081974fb8eed4972f953ebc94658305a7b52a4156662664305bd8e086ea5421,,
1.0,G03-260204-153116-174,G03-260204-153116-174.bmp,G03,2026-02-04T15:31:16,2026-02-04,G03_2026-02-04,174,test,normal,,1025,1281,1,3b4be18bd0506128215c9a56b60ee352dd03de42a42f58d300ca179fa05e399d,,
1.0,G03-260204-153141-175,G03-260204-153141-175.bmp,G03,2026-02-04T15:31:41,2026-02-04,G03_2026-02-04,175,test,normal,,1025,1281,1,06221ba70ae4b88e5ac6f5260625b8c6ddcd72637b5c3948041ce67aa02aea96,,
1.0,G03-260204-153149-176,G03-260204-153149-176.bmp,G03,2026-02-04T15:31:49,2026-02-04,G03_2026-02-04,176,test,normal,,1025,1281,1,58b27af97dea82aa4246919d4b2aea472a60fc89527eb888d9e98667723e4747,,
1.0,G03-260204-153210-177,G03-260204-153210-177.bmp,G03,2026-02-04T15:32:10,2026-02-04,G03_2026-02-04,177,test,normal,,1025,1281,1,0dfa35c6db08b291bc41c7cbd0310317b8e99f5960a3888391a9e72b061ab691,,
1.0,G03-260204-153217-178,G03-260204-153217-178.bmp,G03,2026-02-04T15:32:17,2026-02-04,G03_2026-02-04,178,test,normal,,1025,1281,1,bd4612667040cb3bbd74d1e67ac81b1cf027a75fcfaab475b9e757bce610193a,,
1.0,G03-260204-153240-179,G03-260204-153240-179.bmp,G03,2026-02-04T15:32:40,2026-02-04,G03_2026-02-04,179,test,normal,,1025,1281,1,926db06b1a34bfe1570dbb1635d396bc51156ce88ea484dcefef6b9c471deb03,,
1.0,G03-260204-153248-180,G03-260204-153248-180.bmp,G03,2026-02-04T15:32:48,2026-02-04,G03_2026-02-04,180,test,normal,,1025,1281,1,73bb58c301acbfeefdfb311cef99c4dc3f5ccf8f5c8255887b0c14421763363e,,
1.0,G03-260204-153310-181,G03-260204-153310-181.bmp,G03,2026-02-04T15:33:10,2026-02-04,G03_2026-02-04,181,test,normal,,1025,1281,1,f86f3fa30376cdc44af42a6c860cc2e331a4e1590ce8b4cffd2dff48beee5979,,
1.0,G03-260204-153317-182,G03-260204-153317-182.bmp,G03,2026-02-04T15:33:17,2026-02-04,G03_2026-02-04,182,test,normal,,1025,1281,1,9d5bd15fcb854a804f2478cec4b5489a17abf540ddfb95c81ff680fa1e4f0a2e,,
1.0,G03-260204-153341-183,G03-260204-153341-183.bmp,G03,2026-02-04T15:33:41,2026-02-04,G03_2026-02-04,183,test,normal,,1025,1281,1,1c9b0c82464e6458d60f33e6c98c74d4385d33842e5e5bc08a950ff31a1418d6,,
1.0,G03-260204-153347-184,G03-260204-153347-184.bmp,G03,2026-02-04T15:33:47,2026-02-04,G03_2026-02-04,184,test,normal,,1025,1281,1,f921d8506f2031d91e7e4e1554c48c15b8d00ed2570726aaa1aea2493602840e,,
1.0,G03-260204-153410-185,G03-260204-153410-185.bmp,G03,2026-02-04T15:34:10,2026-02-04,G03_2026-02-04,185,test,normal,,1025,1281,1,23ad6f4096538a24669eba60f47200fd085671711a4ca54ac93e8d710f226556,,
1.0,G03-260204-153417-186,G03-260204-153417-186.bmp,G03,2026-02-04T15:34:17,2026-02-04,G03_2026-02-04,186,test,normal,,1025,1281,1,3a922928743d928895d11530c3769dfb83a87bfcb132b7795b058370a704517b,,
1.0,G03-260204-153441-187,G03-260204-153441-187.bmp,G03,2026-02-04T15:34:41,2026-02-04,G03_2026-02-04,187,test,normal,,1025,1281,1,17a9fa2b9ee81a2afc0fda49fd2b9b86d3269ef405b1d7c91abccad3e057f7af,,
1.0,G03-260204-153447-188,G03-260204-153447-188.bmp,G03,2026-02-04T15:34:47,2026-02-04,G03_2026-02-04,188,test,normal,,1025,1281,1,30015a001485ee1e9e409db8f25e6d62548ae00487e10710c238dc885aaf545f,,
1.0,G03-260204-153511-189,G03-260204-153511-189.bmp,G03,2026-02-04T15:35:11,2026-02-04,G03_2026-02-04,189,test,normal,,1025,1281,1,4e9e5d7101b605edf169cc5282ce41cec49a287760acc4c7ba470e532e37fdc7,,
1.0,G03-260204-153517-190,G03-260204-153517-190.bmp,G03,2026-02-04T15:35:17,2026-02-04,G03_2026-02-04,190,test,normal,,1025,1281,1,6b5b59dd4ed4e5b8b0e28fa32faa4fcec61fa1c719ebe16fec83c4d29aeb8793,,
1.0,G03-260204-153540-191,G03-260204-153540-191.bmp,G03,2026-02-04T15:35:40,2026-02-04,G03_2026-02-04,191,test,normal,,1025,1281,1,bd6fc4b7c345ab5dffeba2524fa52cc3d977e435aec4c79320cbcead632aaec1,,
1.0,G03-260204-153547-192,G03-260204-153547-192.bmp,G03,2026-02-04T15:35:47,2026-02-04,G03_2026-02-04,192,test,normal,,1025,1281,1,c2ef65b4e09d72f265390e404f4ff3d02046d2c51e4b6be64d7a7ebdff0d72cc,,
1.0,G03-260204-153610-193,G03-260204-153610-193.bmp,G03,2026-02-04T15:36:10,2026-02-04,G03_2026-02-04,193,test,normal,,1025,1281,1,c899e9211f1d1c65d5bcdcc363dd49853b5c3cce4ec1cfc7f3f2727a6f31dad3,,
1.0,G03-260204-153617-194,G03-260204-153617-194.bmp,G03,2026-02-04T15:36:17,2026-02-04,G03_2026-02-04,194,test,normal,,1025,1281,1,cd94e45fcbfec000e0cba637137220e6bf56363717376c92ac45a661698f180e,,
1.0,G03-260204-153641-195,G03-260204-153641-195.bmp,G03,2026-02-04T15:36:41,2026-02-04,G03_2026-02-04,195,test,normal,,1025,1281,1,ad86d755d09f15a12a658c15f84150a23d7525007a20623378efca6533ccb9db,,
1.0,G03-260204-153647-196,G03-260204-153647-196.bmp,G03,2026-02-04T15:36:47,2026-02-04,G03_2026-02-04,196,test,normal,,1025,1281,1,402863d94b83572c924a374ec0da2b0121e3168379514fe485b25cd270e21f15,,
1.0,G03-260204-153712-197,G03-260204-153712-197.bmp,G03,2026-02-04T15:37:12,2026-02-04,G03_2026-02-04,197,test,normal,,1025,1281,1,55f5e745c1449e5c12c6fd6136d5044566e87a20cb7519230bd381d2a7ed9262,,
1.0,G03-260204-153719-198,G03-260204-153719-198.bmp,G03,2026-02-04T15:37:19,2026-02-04,G03_2026-02-04,198,test,normal,,1025,1281,1,42b3ac09c566c41f2134dce412b7ef52de2c99433b615fe9f8f47566c06bd4f3,,
1.0,G03-260204-153741-199,G03-260204-153741-199.bmp,G03,2026-02-04T15:37:41,2026-02-04,G03_2026-02-04,199,test,normal,,1025,1281,1,f886f48a6d4275da9ebdf76b6a6e4c6492568376f4af6bc585895da0ce45089f,,
1.0,G03-260204-153748-200,G03-260204-153748-200.bmp,G03,2026-02-04T15:37:48,2026-02-04,G03_2026-02-04,200,test,normal,,1025,1281,1,75941a30d8ed01a2a85ac3aa3b73035dbe3f50a43f13fc7fc46d02f47c40246b,,
1.0,G03-260204-153810-201,G03-260204-153810-201.bmp,G03,2026-02-04T15:38:10,2026-02-04,G03_2026-02-04,201,test,normal,,1025,1281,1,5d46a2c14fd668cd640bf1a9f3452fede92baf444d96ece8b09b88492c8917a9,,
1.0,G03-260204-153818-202,G03-260204-153818-202.bmp,G03,2026-02-04T15:38:18,2026-02-04,G03_2026-02-04,202,test,normal,,1025,1281,1,8347df3802aef6a2f060eb390eb0de8ebaa9d3eeefbc4845aece084d22edd950,,
1.0,G03-260204-153842-203,G03-260204-153842-203.bmp,G03,2026-02-04T15:38:42,2026-02-04,G03_2026-02-04,203,test,normal,,1025,1281,1,2bf73d7483880ad377a08c15f11bdd3faece3b74b4f63f4342dc2d5bde6743f9,,
1.0,G03-260204-153849-204,G03-260204-153849-204.bmp,G03,2026-02-04T15:38:49,2026-02-04,G03_2026-02-04,204,test,normal,,1025,1281,1,38af0fe05bb8fc87e013ce6147b25ddf450926f997af12c7a5cf56b802fdda83,,
1.0,G03-260204-153912-205,G03-260204-153912-205.bmp,G03,2026-02-04T15:39:12,2026-02-04,G03_2026-02-04,205,test,normal,,1025,1281,1,8babcc146720664abee781ce44a6d137afaf0a8906ab2af4c3660db3bdce0cda,,
1.0,G03-260204-153919-206,G03-260204-153919-206.bmp,G03,2026-02-04T15:39:19,2026-02-04,G03_2026-02-04,206,test,normal,,1025,1281,1,94bb1d96bfd701bbd8933145e4355bdfbff2dbb75fcf9a9b1379620059708568,,
1.0,G03-260204-153942-207,G03-260204-153942-207.bmp,G03,2026-02-04T15:39:42,2026-02-04,G03_2026-02-04,207,test,normal,,1025,1281,1,4e8d66a36e726fac01c5c579d0b9a33c691b9610b5d894e7bd902e324999a1be,,
1.0,G03-260204-153949-208,G03-260204-153949-208.bmp,G03,2026-02-04T15:39:49,2026-02-04,G03_2026-02-04,208,test,normal,,1025,1281,1,ec81fa15de97d62bf64d7bb131a2f73193a22782ee014c98824bc58b705dbfaf,,
1.0,G03-260204-154012-209,G03-260204-154012-209.bmp,G03,2026-02-04T15:40:12,2026-02-04,G03_2026-02-04,209,test,normal,,1025,1281,1,2180077b4e7e0bd253b1e2977a46ed14233184e62fc06b3a4db9fdeea91586cf,,
1.0,G03-260204-154018-210,G03-260204-154018-210.bmp,G03,2026-02-04T15:40:18,2026-02-04,G03_2026-02-04,210,test,normal,,1025,1281,1,f0f4e278f7da7fe965d4c8b45f5781e95730762d184eb75679a2b3f924bbc986,,
1.0,G03-260204-154042-211,G03-260204-154042-211.bmp,G03,2026-02-04T15:40:42,2026-02-04,G03_2026-02-04,211,test,normal,,1025,1281,1,6ae782e61d38f13e5f1f3463f3a090bc01fe35bc8e647a67ae20ac8181dc6a1b,,
1.0,G03-260204-154048-212,G03-260204-154048-212.bmp,G03,2026-02-04T15:40:48,2026-02-04,G03_2026-02-04,212,test,normal,,1025,1281,1,02cd8e2bd4c8dc9b8074ece3ba77d604679b3a222467be0c9859dfbc4e7dce7b,,
1.0,G03-260204-154118-213,G03-260204-154118-213.bmp,G03,2026-02-04T15:41:18,2026-02-04,G03_2026-02-04,213,test,normal,,1025,1281,1,3cc5f98acc27e00e6870066fa52adc8e4f5fc5d70eb38ff08750bc5c244bb9e7,,
1.0,G03-260204-154124-214,G03-260204-154124-214.bmp,G03,2026-02-04T15:41:24,2026-02-04,G03_2026-02-04,214,test,normal,,1025,1281,1,f20f267eac2f3f09b6171909517658fd65dc5e8c338ad242e35b348fe0673bb8,,
1.0,G03-260204-154133-215,G03-260204-154133-215.bmp,G03,2026-02-04T15:41:33,2026-02-04,G03_2026-02-04,215,test,normal,,1025,1281,1,2a4dd58fc81c79ab80f4fb7415276ea504805e9a87a6540f34699d15914a8861,,
1.0,G03-260204-154149-216,G03-260204-154149-216.bmp,G03,2026-02-04T15:41:49,2026-02-04,G03_2026-02-04,216,test,normal,,1025,1281,1,b07e0cf947dcb100870ee764b4e66e44baf922c1227b9ff6325de2ead58c9e8a,,
1.0,G03-260204-154212-217,G03-260204-154212-217.bmp,G03,2026-02-04T15:42:12,2026-02-04,G03_2026-02-04,217,test,normal,,1025,1281,1,985304bba1d47295bdba0ab783b90a7eae54b65ef3be3298571655805a343783,,
1.0,G03-260204-154246-218,G03-260204-154246-218.bmp,G03,2026-02-04T15:42:46,2026-02-04,G03_2026-02-04,218,test,normal,,1025,1281,1,dbb156e5690003362c6f4ee13ced255c7cd36b18bba5cc3d8b32d6d7ab35eaf6,,
1.0,G03-260204-154311-219,G03-260204-154311-219.bmp,G03,2026-02-04T15:43:11,2026-02-04,G03_2026-02-04,219,test,normal,,1025,1281,1,f045298f347299a1817fee087552d0868640a4029eb68f50d87175d7853c3f1b,,
1.0,G03-260204-154318-220,G03-260204-154318-220.bmp,G03,2026-02-04T15:43:18,2026-02-04,G03_2026-02-04,220,test,normal,,1025,1281,1,34bf12cba46725b4f8d9c8cf54e1cc29fc90d6cd25abb244a1749988aedffab7,,
1.0,G03-260204-154343-221,G03-260204-154343-221.bmp,G03,2026-02-04T15:43:43,2026-02-04,G03_2026-02-04,221,test,normal,,1025,1281,1,132d3e28386ce736edd0dd0c9c5898a1d8689b778b3a699779b067bfb16e00c3,,
1.0,G03-260204-154350-222,G03-260204-154350-222.bmp,G03,2026-02-04T15:43:50,2026-02-04,G03_2026-02-04,222,test,normal,,1025,1281,1,874523f24e8470d32599152376b8a5045c763f1c9f6cf13c8a60b330ebac1856,,
1.0,G03-260204-154413-223,G03-260204-154413-223.bmp,G03,2026-02-04T15:44:13,2026-02-04,G03_2026-02-04,223,test,normal,,1025,1281,1,5a6dff5e5407e801ed96b4fe4db9f27f84ee02e641abf60be4f0af3473dfa266,,
1.0,G03-260204-154419-224,G03-260204-154419-224.bmp,G03,2026-02-04T15:44:19,2026-02-04,G03_2026-02-04,224,test,normal,,1025,1281,1,121fbedd57663028d97b8cfd13504542c4719670b7cf20dd471fff40d9136691,,
1.0,G03-260204-154443-225,G03-260204-154443-225.bmp,G03,2026-02-04T15:44:43,2026-02-04,G03_2026-02-04,225,test,normal,,1025,1281,1,a339fbc543dfa3210090dcd4bc26f6859c8f852e8076c6b627667f50a867ab1d,,
1.0,G03-260204-154450-226,G03-260204-154450-226.bmp,G03,2026-02-04T15:44:50,2026-02-04,G03_2026-02-04,226,test,normal,,1025,1281,1,b855587cdad5db89184f24031be971687dc6f29c940e785a6884a55c21241578,,
1.0,G03-260204-154514-227,G03-260204-154514-227.bmp,G03,2026-02-04T15:45:14,2026-02-04,G03_2026-02-04,227,test,normal,,1025,1281,1,76da651b04d167c988a277ae4d9c8fd5ed644177a937dee29e0e0ebf7bde36af,,
1.0,G03-260204-154520-228,G03-260204-154520-228.bmp,G03,2026-02-04T15:45:20,2026-02-04,G03_2026-02-04,228,test,normal,,1025,1281,1,10b6f666215785036d6a34183174b3b49203e01bba650d6dafaf507c27a8d501,,
1.0,G03-260204-154544-229,G03-260204-154544-229.bmp,G03,2026-02-04T15:45:44,2026-02-04,G03_2026-02-04,229,test,normal,,1025,1281,1,f01ff5f8f9c911c86609f41e5de47b0b7cef043cb6bf7d5292e8909ff35f87e4,,
1.0,G03-260204-154551-230,G03-260204-154551-230.bmp,G03,2026-02-04T15:45:51,2026-02-04,G03_2026-02-04,230,test,normal,,1025,1281,1,f86b45d9434bb1eb7796b59623ac84ac3b08763a20401e57111353d0c00b743f,,
1.0,G03-260204-154613-231,G03-260204-154613-231.bmp,G03,2026-02-04T15:46:13,2026-02-04,G03_2026-02-04,231,test,normal,,1025,1281,1,bf1cd2e412bd6cd81c1c6be66c5889cb64281f111c748e54528449a4a4d38822,,
1.0,G03-260204-154620-232,G03-260204-154620-232.bmp,G03,2026-02-04T15:46:20,2026-02-04,G03_2026-02-04,232,test,normal,,1025,1281,1,419b64a6c4272a9e7ffb2be113424dc17c6d60dfaf46f9d68bfc8bc08ee76053,,
1.0,G03-260204-154643-233,G03-260204-154643-233.bmp,G03,2026-02-04T15:46:43,2026-02-04,G03_2026-02-04,233,test,normal,,1025,1281,1,0f5dedabbe82fd6d1f96d47bd7fef727de84202ae8874d19e3ec4f4b6c843d92,,
1.0,G03-260204-154649-234,G03-260204-154649-234.bmp,G03,2026-02-04T15:46:49,2026-02-04,G03_2026-02-04,234,test,normal,,1025,1281,1,b3309a1f7e79b5d6b401e27b353f97a088512df9d67760707eda056febc84977,,
1.0,G03-260204-154713-235,G03-260204-154713-235.bmp,G03,2026-02-04T15:47:13,2026-02-04,G03_2026-02-04,235,test,normal,,1025,1281,1,7ada0b3084d7ac1e9c9ae45b2c87bc8c956abb4c2a212f17648eaf415cbeaeea,,
1.0,G03-260204-154720-236,G03-260204-154720-236.bmp,G03,2026-02-04T15:47:20,2026-02-04,G03_2026-02-04,236,test,normal,,1025,1281,1,52ad5736877c1ad50f1cff3a3974abd0bba4d85bb112d53bcf9320b07290f5b0,,
1.0,G03-260204-154745-237,G03-260204-154745-237.bmp,G03,2026-02-04T15:47:45,2026-02-04,G03_2026-02-04,237,test,normal,,1025,1281,1,29ffac11f68819cdf63d8d2fbd1de3b57eea98b5e7a3ab7d09b6bfe27e188690,,
1.0,G03-260204-154752-238,G03-260204-154752-238.bmp,G03,2026-02-04T15:47:52,2026-02-04,G03_2026-02-04,238,test,normal,,1025,1281,1,7d2e611fe7a08bff4fa9f37c63501ec3f9ead3cd4e8bab371cf1f0e9660fa0df,,
1.0,G03-260204-154813-239,G03-260204-154813-239.bmp,G03,2026-02-04T15:48:13,2026-02-04,G03_2026-02-04,239,test,normal,,1025,1281,1,77fabc2264fd86851d738de326f30dcfd99e1be420222f97cb7892fcbfb77a15,,
1.0,G03-260204-154821-240,G03-260204-154821-240.bmp,G03,2026-02-04T15:48:21,2026-02-04,G03_2026-02-04,240,test,normal,,1025,1281,1,69ddb25a4176d5fde76858e48b744f0fb41e9701322ddb28f47951e66b30631b,,
1.0,G03-260204-154845-241,G03-260204-154845-241.bmp,G03,2026-02-04T15:48:45,2026-02-04,G03_2026-02-04,241,test,normal,,1025,1281,1,49a3149accb4aa67075e07f13270ac58d91c05115b93bf31859efd6936fa1220,,
1.0,G03-260204-154852-242,G03-260204-154852-242.bmp,G03,2026-02-04T15:48:52,2026-02-04,G03_2026-02-04,242,test,normal,,1025,1281,1,79f79bd5d3eb672fbee984669dc97a92e7877b39903001d19bfce0f549642c34,,
1.0,G03-260204-154916-243,G03-260204-154916-243.bmp,G03,2026-02-04T15:49:16,2026-02-04,G03_2026-02-04,243,test,normal,,1025,1281,1,d9454fbb907a504ee1219a66d7ee27f0a54aa837d72d97295cb58915f97d20bd,,
1.0,G03-260204-154924-244,G03-260204-154924-244.bmp,G03,2026-02-04T15:49:24,2026-02-04,G03_2026-02-04,244,test,normal,,1025,1281,1,8c5d091de4f4310a035a7857c942c6d9a492773c998672806753aa95bc4b6fb4,,
1.0,G03-260204-154944-245,G03-260204-154944-245.bmp,G03,2026-02-04T15:49:44,2026-02-04,G03_2026-02-04,245,test,normal,,1025,1281,1,8b3a0034ceb9c0c332eb2c62730b6dd1796f66c7453c01bfaf673bd6c51ed155,,
1.0,G03-260204-154951-246,G03-260204-154951-246.bmp,G03,2026-02-04T15:49:51,2026-02-04,G03_2026-02-04,246,test,normal,,1025,1281,1,de33c4ae9666f41270deea685acdcfb6521aaf9490cd9a68d7abf08cc6ecb8d7,,
1.0,G03-260204-155013-247,G03-260204-155013-247.bmp,G03,2026-02-04T15:50:13,2026-02-04,G03_2026-02-04,247,test,normal,,1025,1281,1,150ce57c7e781649ed3b361833786da57a76258570f01decd8872eb7083a51cc,,
1.0,G03-260204-155020-248,G03-260204-155020-248.bmp,G03,2026-02-04T15:50:20,2026-02-04,G03_2026-02-04,248,test,normal,,1025,1281,1,6909f740166359e5e397aa0cadeb9c15b76f5d2bc4e2e6657102050da21c02e1,,
1.0,G03-260204-155044-249,G03-260204-155044-249.bmp,G03,2026-02-04T15:50:44,2026-02-04,G03_2026-02-04,249,test,normal,,1025,1281,1,21bc258d7c6facf7bd1994af65e193075123599acc6815810a1f737187e3f78c,,
1.0,G03-260204-155050-250,G03-260204-155050-250.bmp,G03,2026-02-04T15:50:50,2026-02-04,G03_2026-02-04,250,test,normal,,1025,1281,1,bd138959ad39aaca2794481efbf21e863cf21c96d0caf5c066519b7404a419fc,,
1.0,G03-260204-155114-251,G03-260204-155114-251.bmp,G03,2026-02-04T15:51:14,2026-02-04,G03_2026-02-04,251,test,normal,,1025,1281,1,8f591b6c383c910f5b9c60f7d48f73764d02b4ea0dce86b92b6a7b242df91061,,
1.0,G03-260204-155121-252,G03-260204-155121-252.bmp,G03,2026-02-04T15:51:21,2026-02-04,G03_2026-02-04,252,test,normal,,1025,1281,1,353344ff35f05d06d6e903628bedba93f333c5c64cb156bab0c9165e4a3b5066,,
1.0,G03-260204-155144-253,G03-260204-155144-253.bmp,G03,2026-02-04T15:51:44,2026-02-04,G03_2026-02-04,253,test,normal,,1025,1281,1,2e830daf0f08eef5b7ad49303f337e7636884236a4aea078379e18329c5d644b,,
1.0,G03-260204-155150-254,G03-260204-155150-254.bmp,G03,2026-02-04T15:51:50,2026-02-04,G03_2026-02-04,254,test,normal,,1025,1281,1,6702584517138c1c26e2eecd4ad67d37e17a2c73a3f2dae9c0b1300052852f45,,
1.0,G03-260204-155216-255,G03-260204-155216-255.bmp,G03,2026-02-04T15:52:16,2026-02-04,G03_2026-02-04,255,test,normal,,1025,1281,1,7eae735c8f888f0095f3fe18027074d606c504edbdbdc43051f397fdc0a983a3,,
1.0,G03-260204-155223-256,G03-260204-155223-256.bmp,G03,2026-02-04T15:52:23,2026-02-04,G03_2026-02-04,256,test,normal,,1025,1281,1,38c7de35aeeeb17f80462cd6ea552190ecfc1927e6da0acbdbaacbc3c7ca4368,,
1.0,G03-260204-155245-257,G03-260204-155245-257.bmp,G03,2026-02-04T15:52:45,2026-02-04,G03_2026-02-04,257,test,normal,,1025,1281,1,36ae0a6fdca4a858ac6cef08874320db89f3d4d61b5565fe4027496e80d73ae2,,
1.0,G03-260204-155251-258,G03-260204-155251-258.bmp,G03,2026-02-04T15:52:51,2026-02-04,G03_2026-02-04,258,test,normal,,1025,1281,1,be61094a1fccfd5159f570284e4f5274dec18d00084cff976cec6da170e7b6f9,,
1.0,G03-260204-155315-259,G03-260204-155315-259.bmp,G03,2026-02-04T15:53:15,2026-02-04,G03_2026-02-04,259,test,normal,,1025,1281,1,4b710973b2a99ef9a08740a5ebaf5b7fac992261afe883dad47aa21c73f273e9,,
1.0,G03-260204-155321-260,G03-260204-155321-260.bmp,G03,2026-02-04T15:53:21,2026-02-04,G03_2026-02-04,260,test,normal,,1025,1281,1,ae4f7b0443e8895facbe201e410159b631cab32dc776a7f63b65d550f50ba1e2,,
1.0,G03-260204-155346-261,G03-260204-155346-261.bmp,G03,2026-02-04T15:53:46,2026-02-04,G03_2026-02-04,261,test,normal,,1025,1281,1,d5526721b496ed5f68740e807422fbba7a9512dbef672e413e5c47f0a9a1195b,,
1.0,G03-260204-155353-262,G03-260204-155353-262.bmp,G03,2026-02-04T15:53:53,2026-02-04,G03_2026-02-04,262,test,normal,,1025,1281,1,71ceade0221a850a7c4f7ae576bc559e1f9464f57685c1f7f995fe126093937a,,
1.0,G03-260204-155416-263,G03-260204-155416-263.bmp,G03,2026-02-04T15:54:16,2026-02-04,G03_2026-02-04,263,test,normal,,1025,1281,1,1aa216882a6d6bcc6fe38ef14b63030837a7f69f9803f5828c152f326bda0881,,
1.0,G03-260204-155422-264,G03-260204-155422-264.bmp,G03,2026-02-04T15:54:22,2026-02-04,G03_2026-02-04,264,test,normal,,1025,1281,1,b3fd592a784eba17152b12a1f724e36394ade17d54fb438f7771de9636dfdca5,,
1.0,G03-260204-155446-265,G03-260204-155446-265.bmp,G03,2026-02-04T15:54:46,2026-02-04,G03_2026-02-04,265,test,normal,,1025,1281,1,2c9a55a700fd4cb0327c48502cc7707ff0e72fed96218e6e0579d7803bc3a9b7,,
1.0,G03-260204-155453-266,G03-260204-155453-266.bmp,G03,2026-02-04T15:54:53,2026-02-04,G03_2026-02-04,266,test,normal,,1025,1281,1,b1ec9f464b9b87f3653da9cd1022dad44f0ca1d60e121186c0bcdda0b03cca3a,,
1.0,G03-260204-155516-267,G03-260204-155516-267.bmp,G03,2026-02-04T15:55:16,2026-02-04,G03_2026-02-04,267,test,normal,,1025,1281,1,3d3187d76b9338ddee1d63c3c7dcc7bf76513578a865b390969c2db7b341ce8e,,
1.0,G03-260204-155523-268,G03-260204-155523-268.bmp,G03,2026-02-04T15:55:23,2026-02-04,G03_2026-02-04,268,test,normal,,1025,1281,1,3b26a268b34b8188877c73a146268716a961becc2a9eb158257a638bbc247f87,,
1.0,G03-260204-155546-269,G03-260204-155546-269.bmp,G03,2026-02-04T15:55:46,2026-02-04,G03_2026-02-04,269,test,normal,,1025,1281,1,66d8f4973519e2ae05f182298f81f1eeb54a453cf96ae97aa18f72078819bab7,,
1.0,G03-260204-155553-270,G03-260204-155553-270.bmp,G03,2026-02-04T15:55:53,2026-02-04,G03_2026-02-04,270,test,normal,,1025,1281,1,c3e00ad2186189da683d18bed1c7f97affad7508a0b7c610d44f5395d0323d32,,
1.0,G03-260204-155616-271,G03-260204-155616-271.bmp,G03,2026-02-04T15:56:16,2026-02-04,G03_2026-02-04,271,test,normal,,1025,1281,1,da016e9829341a16cd9df516b8c391e378a935642f946ea23d366406d8fd339c,,
1.0,G03-260204-155623-272,G03-260204-155623-272.bmp,G03,2026-02-04T15:56:23,2026-02-04,G03_2026-02-04,272,test,normal,,1025,1281,1,b7250a6d51eb5d5daefae6fa8c66ad3a9e969c4b8a494102d0ac0e41792c274f,,
1.0,G03-260204-155646-273,G03-260204-155646-273.bmp,G03,2026-02-04T15:56:46,2026-02-04,G03_2026-02-04,273,test,normal,,1025,1281,1,38b723ddc87b43066762d506566f50dfdcd6b565506f70678db05af79139609f,,
1.0,G03-260204-155652-274,G03-260204-155652-274.bmp,G03,2026-02-04T15:56:52,2026-02-04,G03_2026-02-04,274,test,normal,,1025,1281,1,98e0087db224a7b31ba5dcf35069538cb3f32a3551c20bda63a7574089767aee,,
1.0,G03-260204-155715-275,G03-260204-155715-275.bmp,G03,2026-02-04T15:57:15,2026-02-04,G03_2026-02-04,275,test,normal,,1025,1281,1,85fc026c74b5233af19e7de3292ef7bd06ac516d887bc23e41f48e800156a27d,,
1.0,G03-260204-155722-276,G03-260204-155722-276.bmp,G03,2026-02-04T15:57:22,2026-02-04,G03_2026-02-04,276,test,normal,,1025,1281,1,c5166c2db9cff88eff2b9265c219c79eb9872ca7aee9def6f896c31eda12b123,,
1.0,G03-260204-155747-277,G03-260204-155747-277.bmp,G03,2026-02-04T15:57:47,2026-02-04,G03_2026-02-04,277,test,normal,,1025,1281,1,661c05e115a2fb7e56a9fa77cc77f84037f047f591165df89b861e3789940da2,,
1.0,G03-260204-155754-278,G03-260204-155754-278.bmp,G03,2026-02-04T15:57:54,2026-02-04,G03_2026-02-04,278,test,normal,,1025,1281,1,abbf291682b8b90e46d4402ad410754c13b23afc8a5647a89831d1aba8dcce56,,
1.0,G03-260204-155816-279,G03-260204-155816-279.bmp,G03,2026-02-04T15:58:16,2026-02-04,G03_2026-02-04,279,test,normal,,1025,1281,1,fc4da2921c88b2331e6a4f0f37e2dec2fe8e58397aff773704d77d6c285f7079,,
1.0,G03-260204-155824-280,G03-260204-155824-280.bmp,G03,2026-02-04T15:58:24,2026-02-04,G03_2026-02-04,280,test,normal,,1025,1281,1,de7942bd894aa8de4ac4f7a1aba6eb1d65c8df1d7e78c72d725f0dd6fbdd2127,,
1.0,G03-260204-155846-281,G03-260204-155846-281.bmp,G03,2026-02-04T15:58:46,2026-02-04,G03_2026-02-04,281,test,normal,,1025,1281,1,01fee7aa47c38928745faee3bb2ab06ede6b7a20481d2c43938afcac6c68ff86,,
1.0,G03-260204-155853-282,G03-260204-155853-282.bmp,G03,2026-02-04T15:58:53,2026-02-04,G03_2026-02-04,282,test,normal,,1025,1281,1,821699a3f1fcddb15a3f2a80d41518dfaaa7dfdb3772aa75999dea0533639b9f,,
1.0,G03-260204-155917-283,G03-260204-155917-283.bmp,G03,2026-02-04T15:59:17,2026-02-04,G03_2026-02-04,283,test,normal,,1025,1281,1,e4a2f180a3e38a63cedffc3091ee0c66d4d6a02ece29c9816c9c8d10b6d214f4,,
1.0,G03-260204-155923-284,G03-260204-155923-284.bmp,G03,2026-02-04T15:59:23,2026-02-04,G03_2026-02-04,284,test,normal,,1025,1281,1,74f870dc1f7234d4b750567eed5a631ea97d098ee05d35bea43ac5698ec1c304,,
1.0,G03-260204-155947-285,G03-260204-155947-285.bmp,G03,2026-02-04T15:59:47,2026-02-04,G03_2026-02-04,285,test,normal,,1025,1281,1,14f9dc6552326dc735867eb16b6fb156ea395dd9c836f8f5756d74458f8a66f8,,
1.0,G03-260204-155955-286,G03-260204-155955-286.bmp,G03,2026-02-04T15:59:55,2026-02-04,G03_2026-02-04,286,test,normal,,1025,1281,1,b88ad56d7f22e1d75db64767970a332207c4e577987708f0b870a9ba27849e2a,,
1.0,G03-260204-160017-287,G03-260204-160017-287.bmp,G03,2026-02-04T16:00:17,2026-02-04,G03_2026-02-04,287,test,normal,,1025,1281,1,bc124ef066df50dbc0fd16a75920d86373c39a85de07cbd2552e6c53cad279a8,,
1.0,G03-260204-160024-288,G03-260204-160024-288.bmp,G03,2026-02-04T16:00:24,2026-02-04,G03_2026-02-04,288,test,normal,,1025,1281,1,2acd347d45ec6fb58222f820f39d7baf37a92efa1cf338666623afaa5cd3ff31,,
1.0,G03-260204-160046-289,G03-260204-160046-289.bmp,G03,2026-02-04T16:00:46,2026-02-04,G03_2026-02-04,289,test,normal,,1025,1281,1,b0c21542bb6053150b708fdfb92479304c296cafbd03a15c927b1fc92969434a,,
1.0,G03-260204-160053-290,G03-260204-160053-290.bmp,G03,2026-02-04T16:00:53,2026-02-04,G03_2026-02-04,290,test,normal,,1025,1281,1,8b738731b9701f91f0c8f16c54ebe5c6f118a616bc8f2962644f7c450b5d7450,,
1.0,G03-260204-160117-291,G03-260204-160117-291.bmp,G03,2026-02-04T16:01:17,2026-02-04,G03_2026-02-04,291,test,normal,,1025,1281,1,11ca0f1a1c08f4ac7de7ac7c6a6b0c5c5bb134a7f00f018634ef1436db486c8c,,
1.0,G03-260204-160125-292,G03-260204-160125-292.bmp,G03,2026-02-04T16:01:25,2026-02-04,G03_2026-02-04,292,test,normal,,1025,1281,1,664918e9b287eda4244369412a66a3b6d1bd6a9012a6dc8553398aa66371240b,,
1.0,G03-260204-160147-293,G03-260204-160147-293.bmp,G03,2026-02-04T16:01:47,2026-02-04,G03_2026-02-04,293,test,normal,,1025,1281,1,c47c925f38c9b4bbe1b8c25b7396b0ecbb1742e0a5c1236baf0d0db33a1ac957,,
1.0,G03-260204-160154-294,G03-260204-160154-294.bmp,G03,2026-02-04T16:01:54,2026-02-04,G03_2026-02-04,294,test,normal,,1025,1281,1,bfc2a4f7bbe2fcdd26857f915c2166ab2e93950dc964015c7200c059b6907f1a,,
1.0,G03-260204-160218-295,G03-260204-160218-295.bmp,G03,2026-02-04T16:02:18,2026-02-04,G03_2026-02-04,295,test,normal,,1025,1281,1,7eda02fdb57c7e3f57f3636e521f6865f5ea99884e035e53cafc73e319be7122,,
1.0,G03-260204-160225-296,G03-260204-160225-296.bmp,G03,2026-02-04T16:02:25,2026-02-04,G03_2026-02-04,296,test,normal,,1025,1281,1,756875e5de2839b656a4eb9aef0732626da83b5f59a3769380ebdc7ea163544b,,
1.0,G03-260204-160248-297,G03-260204-160248-297.bmp,G03,2026-02-04T16:02:48,2026-02-04,G03_2026-02-04,297,test,normal,,1025,1281,1,9ba3ace7f426f3350f067950ed2a350361e955825461e5dfceb77de1f72f7c4f,,
1.0,G03-260204-160255-298,G03-260204-160255-298.bmp,G03,2026-02-04T16:02:55,2026-02-04,G03_2026-02-04,298,test,normal,,1025,1281,1,78687131c55692b889b2b2040fa99f6ca76ff7119c9522016c4d5e8c69a98916,,
1.0,G03-260204-160320-299,G03-260204-160320-299.bmp,G03,2026-02-04T16:03:20,2026-02-04,G03_2026-02-04,299,test,normal,,1025,1281,1,90c03e029120a3f3df610fa0c855251dc1f6563407f1486bbe47e9d48a89777d,,
1.0,G03-260204-160327-300,G03-260204-160327-300.bmp,G03,2026-02-04T16:03:27,2026-02-04,G03_2026-02-04,300,test,normal,,1025,1281,1,995647077ea8a3f940914d154b0292c17f879706e72ddf43b9b0596aef44abf2,,
1.0,G03-260204-160349-301,G03-260204-160349-301.bmp,G03,2026-02-04T16:03:49,2026-02-04,G03_2026-02-04,301,test,normal,,1025,1281,1,40e574ca0bfb59eafc8d15e0713017bc9a93336d460b8a2bfbeeda5e2bd8a05b,,
1.0,G03-260204-160358-302,G03-260204-160358-302.bmp,G03,2026-02-04T16:03:58,2026-02-04,G03_2026-02-04,302,test,normal,,1025,1281,1,de293919c613d8f5a48f74cd6cc1be89bbf98928882c567007436c9945d37994,,
1.0,G03-260204-160418-303,G03-260204-160418-303.bmp,G03,2026-02-04T16:04:18,2026-02-04,G03_2026-02-04,303,test,normal,,1025,1281,1,e2cac185c1c86bf313931f4dee00c8b855fd6f1c7e829f712282874d98fe5c19,,
1.0,G03-260204-160425-304,G03-260204-160425-304.bmp,G03,2026-02-04T16:04:25,2026-02-04,G03_2026-02-04,304,test,normal,,1025,1281,1,6a6ce0ccfd35f3bef2b6f6cc732e32b811ae59bda59471596482efaf9d30c3bd,,
1.0,G03-260204-160447-305,G03-260204-160447-305.bmp,G03,2026-02-04T16:04:47,2026-02-04,G03_2026-02-04,305,test,normal,,1025,1281,1,739f9f66ce3f759a79f5a17b1c95af9c3afa31109143095308c0382b0a568045,,
1.0,G03-260204-160454-306,G03-260204-160454-306.bmp,G03,2026-02-04T16:04:54,2026-02-04,G03_2026-02-04,306,test,normal,,1025,1281,1,dfaea3dd6e26eb10a4ea897310e1a9134854873a43fe0c51c620cc2cdfffc41d,,
1.0,G03-260204-160517-307,G03-260204-160517-307.bmp,G03,2026-02-04T16:05:17,2026-02-04,G03_2026-02-04,307,test,normal,,1025,1281,1,7e9e64cc1f0b7047b22b3b26f9eff2e6c11e66002301c3e6a87a3a26ac19ad22,,
1.0,G03-260204-160524-308,G03-260204-160524-308.bmp,G03,2026-02-04T16:05:24,2026-02-04,G03_2026-02-04,308,test,normal,,1025,1281,1,bd98b8efd18526229aab9e12bfca8fc88d5baa51dacf9b3a92368a7c9d7fce1d,,
1.0,G03-260204-160550-309,G03-260204-160550-309.bmp,G03,2026-02-04T16:05:50,2026-02-04,G03_2026-02-04,309,test,normal,,1025,1281,1,2771dc9b34282b16ff1aaf226f7eb9e0e077bc734117fe125225e7003ecfc782,,
1.0,G03-260204-160557-310,G03-260204-160557-310.bmp,G03,2026-02-04T16:05:57,2026-02-04,G03_2026-02-04,310,test,normal,,1025,1281,1,1d07ff841a951ba545af1e1ec05544125e0d7d15a895e35030bcf41371acb818,,
1.0,G03-260204-160620-311,G03-260204-160620-311.bmp,G03,2026-02-04T16:06:20,2026-02-04,G03_2026-02-04,311,test,normal,,1025,1281,1,be2564d93e2e67af1f733da3f7155019f3e1ccee459f7b264b9a43a820bbf0f7,,
1.0,G03-260204-160626-312,G03-260204-160626-312.bmp,G03,2026-02-04T16:06:26,2026-02-04,G03_2026-02-04,312,test,normal,,1025,1281,1,3e1ab2cc92a608c6c897db737e43a6c0685772dbe0c7849705a6c36b87af6c87,,
1.0,G03-260204-160650-313,G03-260204-160650-313.bmp,G03,2026-02-04T16:06:50,2026-02-04,G03_2026-02-04,313,test,normal,,1025,1281,1,6742d3555efe51cb28ae4de507c676e9b9ec12aa2c8735aa62a9852eda11f5c8,,
1.0,G03-260204-160657-314,G03-260204-160657-314.bmp,G03,2026-02-04T16:06:57,2026-02-04,G03_2026-02-04,314,test,normal,,1025,1281,1,4f268d8acd672d25c2f1034c4126fbabb183bc9ab103f7cd0dc3ffd1d2bb3e21,,
1.0,G03-260204-160719-315,G03-260204-160719-315.bmp,G03,2026-02-04T16:07:19,2026-02-04,G03_2026-02-04,315,test,normal,,1025,1281,1,dfcd88680c82136f430ba4e62a4d788b054ae72cc7d5d497f8a4f55e3568b5e1,,
1.0,G03-260204-160726-316,G03-260204-160726-316.bmp,G03,2026-02-04T16:07:26,2026-02-04,G03_2026-02-04,316,test,normal,,1025,1281,1,bbccfc61c4b2e5b9ed7afd09ab34eceff32d83249af84a109696ec8a2532b1b1,,
1.0,G03-260204-160749-317,G03-260204-160749-317.bmp,G03,2026-02-04T16:07:49,2026-02-04,G03_2026-02-04,317,test,normal,,1025,1281,1,0a68796dd31e3725b42643cc2aafca0ac783fff42067747f06f043baddeb2fbe,,
1.0,G03-260204-160756-318,G03-260204-160756-318.bmp,G03,2026-02-04T16:07:56,2026-02-04,G03_2026-02-04,318,test,normal,,1025,1281,1,ceee4c863a47abceb61ff24874b7b67d16f220576b12b037d9c576e13ccba21f,,
1.0,G03-260204-160820-319,G03-260204-160820-319.bmp,G03,2026-02-04T16:08:20,2026-02-04,G03_2026-02-04,319,test,normal,,1025,1281,1,85cfdbd3fae160eb1014080b129c33c2690ba59603f85c109529764e4841b7b6,,
1.0,G03-260204-160826-320,G03-260204-160826-320.bmp,G03,2026-02-04T16:08:26,2026-02-04,G03_2026-02-04,320,test,normal,,1025,1281,1,f98a539dfd292a512722600535140c90cf600313a038008c0dd318d8ab0eee08,,
1.0,G03-260204-160849-321,G03-260204-160849-321.bmp,G03,2026-02-04T16:08:49,2026-02-04,G03_2026-02-04,321,test,normal,,1025,1281,1,813aa8e2776175242177e0f95e31a95313bf0b23e30e0785a6c8622c8b8a6df7,,
1.0,G03-260204-160857-322,G03-260204-160857-322.bmp,G03,2026-02-04T16:08:57,2026-02-04,G03_2026-02-04,322,test,normal,,1025,1281,1,c66a75a2af08641b950f9c5047678d668f41fae153221277d877ef4de2c5c14d,,
1.0,G03-260204-160920-323,G03-260204-160920-323.bmp,G03,2026-02-04T16:09:20,2026-02-04,G03_2026-02-04,323,test,normal,,1025,1281,1,dbf5f03498f0157c6e6eac070232c65033f4356d6189c9ecbd9f75acb4319ac7,,
1.0,G03-260204-160927-324,G03-260204-160927-324.bmp,G03,2026-02-04T16:09:27,2026-02-04,G03_2026-02-04,324,test,normal,,1025,1281,1,3df44a06136029ad037dacd7e095986619bf6573f2b9a1927d78fbf0111a4229,,
1.0,G03-260204-160950-325,G03-260204-160950-325.bmp,G03,2026-02-04T16:09:50,2026-02-04,G03_2026-02-04,325,test,normal,,1025,1281,1,6e14ceb18aaa32313713b8c4cec26056c75b62d06c19a354d32c46b8530d28aa,,
1.0,G03-260204-160956-326,G03-260204-160956-326.bmp,G03,2026-02-04T16:09:56,2026-02-04,G03_2026-02-04,326,test,normal,,1025,1281,1,4a8875db0b58da418abb914e9ef0c8218d811f5a1f621f9e941d8c202be14588,,
1.0,G03-260204-161020-327,G03-260204-161020-327.bmp,G03,2026-02-04T16:10:20,2026-02-04,G03_2026-02-04,327,test,normal,,1025,1281,1,5455598b680a7b664781728b133149292aa41660eb99e6a7f723e29302873b16,,
1.0,G03-260204-161027-328,G03-260204-161027-328.bmp,G03,2026-02-04T16:10:27,2026-02-04,G03_2026-02-04,328,test,normal,,1025,1281,1,e2d90e4c3051ffcd354e37311a06e89df1e40f37dd6a24a4cb3244c85fce8ac3,,
1.0,G03-260204-161050-329,G03-260204-161050-329.bmp,G03,2026-02-04T16:10:50,2026-02-04,G03_2026-02-04,329,test,normal,,1025,1281,1,ad1db8b24a39979f3b960c1fe93cd940274b93839d19dadd9139c0793169d729,,
1.0,G03-260204-161057-330,G03-260204-161057-330.bmp,G03,2026-02-04T16:10:57,2026-02-04,G03_2026-02-04,330,test,normal,,1025,1281,1,2c3e4721329e1bfe4ba66ce4278896c89317124464a71b9f3edb271460d428cb,,
1.0,G03-260205-091549-258,G03-260205-091549-258.bmp,G03,2026-02-05T09:15:49,2026-02-05,G03_2026-02-05,258,test,normal,,1025,1281,1,e3b5f1b951e3a9c64a81283e64c809a1f7acd8dc5fd095837ee398e7aad5a19c,isolated_capture,
